[2026-05-09T18:42:15.296+0000] {processor.py:161} INFO - Started process (PID=70) to work on /home/airflow/.local/lib/python3.12/site-packages/airflow/example_dags/example_sensors.py
[2026-05-09T18:42:15.298+0000] {processor.py:830} INFO - Processing file /home/airflow/.local/lib/python3.12/site-packages/airflow/example_dags/example_sensors.py for tasks to queue
[2026-05-09T18:42:15.301+0000] {logging_mixin.py:188} INFO - [2026-05-09T18:42:15.300+0000] {dagbag.py:545} INFO - Filling up the DagBag from /home/airflow/.local/lib/python3.12/site-packages/airflow/example_dags/example_sensors.py
[2026-05-09T18:42:15.315+0000] {processor.py:840} INFO - DAG(s) 'example_sensors' retrieved from /home/airflow/.local/lib/python3.12/site-packages/airflow/example_dags/example_sensors.py
[2026-05-09T18:42:15.494+0000] {logging_mixin.py:188} INFO - [2026-05-09T18:42:15.493+0000] {dag.py:3096} INFO - Sync 1 DAGs
[2026-05-09T18:42:15.513+0000] {logging_mixin.py:188} INFO - [2026-05-09T18:42:15.512+0000] {dag.py:3954} INFO - Setting next_dagrun for example_sensors to None, run_after=None
[2026-05-09T18:42:15.548+0000] {processor.py:183} INFO - Processing /home/airflow/.local/lib/python3.12/site-packages/airflow/example_dags/example_sensors.py took 0.258 seconds
[2026-05-09T18:42:45.916+0000] {processor.py:161} INFO - Started process (PID=128) to work on /home/airflow/.local/lib/python3.12/site-packages/airflow/example_dags/example_sensors.py
[2026-05-09T18:42:45.917+0000] {processor.py:830} INFO - Processing file /home/airflow/.local/lib/python3.12/site-packages/airflow/example_dags/example_sensors.py for tasks to queue
[2026-05-09T18:42:45.920+0000] {logging_mixin.py:188} INFO - [2026-05-09T18:42:45.920+0000] {dagbag.py:545} INFO - Filling up the DagBag from /home/airflow/.local/lib/python3.12/site-packages/airflow/example_dags/example_sensors.py
[2026-05-09T18:42:45.933+0000] {processor.py:840} INFO - DAG(s) 'example_sensors' retrieved from /home/airflow/.local/lib/python3.12/site-packages/airflow/example_dags/example_sensors.py
[2026-05-09T18:42:45.966+0000] {logging_mixin.py:188} INFO - [2026-05-09T18:42:45.965+0000] {dag.py:3096} INFO - Sync 1 DAGs
[2026-05-09T18:42:45.982+0000] {logging_mixin.py:188} INFO - [2026-05-09T18:42:45.982+0000] {dag.py:3954} INFO - Setting next_dagrun for example_sensors to None, run_after=None
[2026-05-09T18:42:46.014+0000] {processor.py:183} INFO - Processing /home/airflow/.local/lib/python3.12/site-packages/airflow/example_dags/example_sensors.py took 0.105 seconds
[2026-05-09T18:43:20.501+0000] {processor.py:161} INFO - Started process (PID=192) to work on /home/airflow/.local/lib/python3.12/site-packages/airflow/example_dags/example_sensors.py
[2026-05-09T18:43:20.505+0000] {processor.py:830} INFO - Processing file /home/airflow/.local/lib/python3.12/site-packages/airflow/example_dags/example_sensors.py for tasks to queue
[2026-05-09T18:43:20.508+0000] {logging_mixin.py:188} INFO - [2026-05-09T18:43:20.507+0000] {dagbag.py:545} INFO - Filling up the DagBag from /home/airflow/.local/lib/python3.12/site-packages/airflow/example_dags/example_sensors.py
[2026-05-09T18:43:20.520+0000] {processor.py:840} INFO - DAG(s) 'example_sensors' retrieved from /home/airflow/.local/lib/python3.12/site-packages/airflow/example_dags/example_sensors.py
[2026-05-09T18:43:20.562+0000] {logging_mixin.py:188} INFO - [2026-05-09T18:43:20.562+0000] {dag.py:3096} INFO - Sync 1 DAGs
[2026-05-09T18:43:20.583+0000] {logging_mixin.py:188} INFO - [2026-05-09T18:43:20.582+0000] {dag.py:3954} INFO - Setting next_dagrun for example_sensors to None, run_after=None
[2026-05-09T18:43:20.626+0000] {processor.py:183} INFO - Processing /home/airflow/.local/lib/python3.12/site-packages/airflow/example_dags/example_sensors.py took 0.132 seconds
[2026-05-09T18:43:51.791+0000] {processor.py:161} INFO - Started process (PID=250) to work on /home/airflow/.local/lib/python3.12/site-packages/airflow/example_dags/example_sensors.py
[2026-05-09T18:43:51.841+0000] {processor.py:830} INFO - Processing file /home/airflow/.local/lib/python3.12/site-packages/airflow/example_dags/example_sensors.py for tasks to queue
[2026-05-09T18:43:51.844+0000] {logging_mixin.py:188} INFO - [2026-05-09T18:43:51.844+0000] {dagbag.py:545} INFO - Filling up the DagBag from /home/airflow/.local/lib/python3.12/site-packages/airflow/example_dags/example_sensors.py
[2026-05-09T18:43:51.854+0000] {processor.py:840} INFO - DAG(s) 'example_sensors' retrieved from /home/airflow/.local/lib/python3.12/site-packages/airflow/example_dags/example_sensors.py
[2026-05-09T18:43:51.893+0000] {logging_mixin.py:188} INFO - [2026-05-09T18:43:51.893+0000] {dag.py:3096} INFO - Sync 1 DAGs
[2026-05-09T18:43:51.912+0000] {logging_mixin.py:188} INFO - [2026-05-09T18:43:51.911+0000] {dag.py:3954} INFO - Setting next_dagrun for example_sensors to None, run_after=None
[2026-05-09T18:43:52.253+0000] {processor.py:183} INFO - Processing /home/airflow/.local/lib/python3.12/site-packages/airflow/example_dags/example_sensors.py took 0.469 seconds
[2026-05-09T18:44:22.700+0000] {processor.py:161} INFO - Started process (PID=308) to work on /home/airflow/.local/lib/python3.12/site-packages/airflow/example_dags/example_sensors.py
[2026-05-09T18:44:22.701+0000] {processor.py:830} INFO - Processing file /home/airflow/.local/lib/python3.12/site-packages/airflow/example_dags/example_sensors.py for tasks to queue
[2026-05-09T18:44:22.703+0000] {logging_mixin.py:188} INFO - [2026-05-09T18:44:22.702+0000] {dagbag.py:545} INFO - Filling up the DagBag from /home/airflow/.local/lib/python3.12/site-packages/airflow/example_dags/example_sensors.py
[2026-05-09T18:44:22.713+0000] {processor.py:840} INFO - DAG(s) 'example_sensors' retrieved from /home/airflow/.local/lib/python3.12/site-packages/airflow/example_dags/example_sensors.py
[2026-05-09T18:44:22.740+0000] {logging_mixin.py:188} INFO - [2026-05-09T18:44:22.740+0000] {dag.py:3096} INFO - Sync 1 DAGs
[2026-05-09T18:44:22.755+0000] {logging_mixin.py:188} INFO - [2026-05-09T18:44:22.754+0000] {dag.py:3954} INFO - Setting next_dagrun for example_sensors to None, run_after=None
[2026-05-09T18:44:22.781+0000] {processor.py:183} INFO - Processing /home/airflow/.local/lib/python3.12/site-packages/airflow/example_dags/example_sensors.py took 0.086 seconds
[2026-05-09T18:44:53.663+0000] {processor.py:161} INFO - Started process (PID=366) to work on /home/airflow/.local/lib/python3.12/site-packages/airflow/example_dags/example_sensors.py
[2026-05-09T18:44:53.664+0000] {processor.py:830} INFO - Processing file /home/airflow/.local/lib/python3.12/site-packages/airflow/example_dags/example_sensors.py for tasks to queue
[2026-05-09T18:44:53.666+0000] {logging_mixin.py:188} INFO - [2026-05-09T18:44:53.666+0000] {dagbag.py:545} INFO - Filling up the DagBag from /home/airflow/.local/lib/python3.12/site-packages/airflow/example_dags/example_sensors.py
[2026-05-09T18:44:53.675+0000] {processor.py:840} INFO - DAG(s) 'example_sensors' retrieved from /home/airflow/.local/lib/python3.12/site-packages/airflow/example_dags/example_sensors.py
[2026-05-09T18:44:53.724+0000] {logging_mixin.py:188} INFO - [2026-05-09T18:44:53.724+0000] {dag.py:3096} INFO - Sync 1 DAGs
[2026-05-09T18:44:53.738+0000] {logging_mixin.py:188} INFO - [2026-05-09T18:44:53.738+0000] {dag.py:3954} INFO - Setting next_dagrun for example_sensors to None, run_after=None
[2026-05-09T18:44:53.763+0000] {processor.py:183} INFO - Processing /home/airflow/.local/lib/python3.12/site-packages/airflow/example_dags/example_sensors.py took 0.106 seconds
[2026-05-09T18:45:24.668+0000] {processor.py:161} INFO - Started process (PID=424) to work on /home/airflow/.local/lib/python3.12/site-packages/airflow/example_dags/example_sensors.py
[2026-05-09T18:45:24.670+0000] {processor.py:830} INFO - Processing file /home/airflow/.local/lib/python3.12/site-packages/airflow/example_dags/example_sensors.py for tasks to queue
[2026-05-09T18:45:24.672+0000] {logging_mixin.py:188} INFO - [2026-05-09T18:45:24.672+0000] {dagbag.py:545} INFO - Filling up the DagBag from /home/airflow/.local/lib/python3.12/site-packages/airflow/example_dags/example_sensors.py
[2026-05-09T18:45:24.681+0000] {processor.py:840} INFO - DAG(s) 'example_sensors' retrieved from /home/airflow/.local/lib/python3.12/site-packages/airflow/example_dags/example_sensors.py
[2026-05-09T18:45:24.707+0000] {logging_mixin.py:188} INFO - [2026-05-09T18:45:24.707+0000] {dag.py:3096} INFO - Sync 1 DAGs
[2026-05-09T18:45:24.722+0000] {logging_mixin.py:188} INFO - [2026-05-09T18:45:24.722+0000] {dag.py:3954} INFO - Setting next_dagrun for example_sensors to None, run_after=None
[2026-05-09T18:45:24.749+0000] {processor.py:183} INFO - Processing /home/airflow/.local/lib/python3.12/site-packages/airflow/example_dags/example_sensors.py took 0.086 seconds
[2026-05-09T18:45:55.163+0000] {processor.py:161} INFO - Started process (PID=482) to work on /home/airflow/.local/lib/python3.12/site-packages/airflow/example_dags/example_sensors.py
[2026-05-09T18:45:55.164+0000] {processor.py:830} INFO - Processing file /home/airflow/.local/lib/python3.12/site-packages/airflow/example_dags/example_sensors.py for tasks to queue
[2026-05-09T18:45:55.166+0000] {logging_mixin.py:188} INFO - [2026-05-09T18:45:55.166+0000] {dagbag.py:545} INFO - Filling up the DagBag from /home/airflow/.local/lib/python3.12/site-packages/airflow/example_dags/example_sensors.py
[2026-05-09T18:45:55.175+0000] {processor.py:840} INFO - DAG(s) 'example_sensors' retrieved from /home/airflow/.local/lib/python3.12/site-packages/airflow/example_dags/example_sensors.py
[2026-05-09T18:45:55.202+0000] {logging_mixin.py:188} INFO - [2026-05-09T18:45:55.201+0000] {dag.py:3096} INFO - Sync 1 DAGs
[2026-05-09T18:45:55.216+0000] {logging_mixin.py:188} INFO - [2026-05-09T18:45:55.215+0000] {dag.py:3954} INFO - Setting next_dagrun for example_sensors to None, run_after=None
[2026-05-09T18:45:55.237+0000] {processor.py:183} INFO - Processing /home/airflow/.local/lib/python3.12/site-packages/airflow/example_dags/example_sensors.py took 0.079 seconds
[2026-05-09T18:46:25.699+0000] {processor.py:161} INFO - Started process (PID=540) to work on /home/airflow/.local/lib/python3.12/site-packages/airflow/example_dags/example_sensors.py
[2026-05-09T18:46:25.700+0000] {processor.py:830} INFO - Processing file /home/airflow/.local/lib/python3.12/site-packages/airflow/example_dags/example_sensors.py for tasks to queue
[2026-05-09T18:46:25.702+0000] {logging_mixin.py:188} INFO - [2026-05-09T18:46:25.701+0000] {dagbag.py:545} INFO - Filling up the DagBag from /home/airflow/.local/lib/python3.12/site-packages/airflow/example_dags/example_sensors.py
[2026-05-09T18:46:25.710+0000] {processor.py:840} INFO - DAG(s) 'example_sensors' retrieved from /home/airflow/.local/lib/python3.12/site-packages/airflow/example_dags/example_sensors.py
[2026-05-09T18:46:25.735+0000] {logging_mixin.py:188} INFO - [2026-05-09T18:46:25.734+0000] {dag.py:3096} INFO - Sync 1 DAGs
[2026-05-09T18:46:25.748+0000] {logging_mixin.py:188} INFO - [2026-05-09T18:46:25.748+0000] {dag.py:3954} INFO - Setting next_dagrun for example_sensors to None, run_after=None
[2026-05-09T18:46:25.771+0000] {processor.py:183} INFO - Processing /home/airflow/.local/lib/python3.12/site-packages/airflow/example_dags/example_sensors.py took 0.077 seconds
[2026-05-09T18:51:00.483+0000] {processor.py:161} INFO - Started process (PID=89) to work on /home/airflow/.local/lib/python3.12/site-packages/airflow/example_dags/example_sensors.py
[2026-05-09T18:51:00.485+0000] {processor.py:830} INFO - Processing file /home/airflow/.local/lib/python3.12/site-packages/airflow/example_dags/example_sensors.py for tasks to queue
[2026-05-09T18:51:00.488+0000] {logging_mixin.py:188} INFO - [2026-05-09T18:51:00.488+0000] {dagbag.py:545} INFO - Filling up the DagBag from /home/airflow/.local/lib/python3.12/site-packages/airflow/example_dags/example_sensors.py
[2026-05-09T18:51:00.508+0000] {processor.py:840} INFO - DAG(s) 'example_sensors' retrieved from /home/airflow/.local/lib/python3.12/site-packages/airflow/example_dags/example_sensors.py
[2026-05-09T18:51:00.796+0000] {logging_mixin.py:188} INFO - [2026-05-09T18:51:00.795+0000] {dag.py:3096} INFO - Sync 1 DAGs
[2026-05-09T18:51:00.815+0000] {logging_mixin.py:188} INFO - [2026-05-09T18:51:00.814+0000] {dag.py:3954} INFO - Setting next_dagrun for example_sensors to None, run_after=None
[2026-05-09T18:51:01.522+0000] {processor.py:183} INFO - Processing /home/airflow/.local/lib/python3.12/site-packages/airflow/example_dags/example_sensors.py took 1.048 seconds
[2026-05-09T18:51:51.304+0000] {processor.py:161} INFO - Started process (PID=58) to work on /home/airflow/.local/lib/python3.12/site-packages/airflow/example_dags/example_sensors.py
[2026-05-09T18:51:51.305+0000] {processor.py:830} INFO - Processing file /home/airflow/.local/lib/python3.12/site-packages/airflow/example_dags/example_sensors.py for tasks to queue
[2026-05-09T18:51:51.307+0000] {logging_mixin.py:188} INFO - [2026-05-09T18:51:51.307+0000] {dagbag.py:545} INFO - Filling up the DagBag from /home/airflow/.local/lib/python3.12/site-packages/airflow/example_dags/example_sensors.py
[2026-05-09T18:51:51.317+0000] {processor.py:840} INFO - DAG(s) 'example_sensors' retrieved from /home/airflow/.local/lib/python3.12/site-packages/airflow/example_dags/example_sensors.py
[2026-05-09T18:51:51.354+0000] {logging_mixin.py:188} INFO - [2026-05-09T18:51:51.353+0000] {dag.py:3096} INFO - Sync 1 DAGs
[2026-05-09T18:51:51.367+0000] {logging_mixin.py:188} INFO - [2026-05-09T18:51:51.366+0000] {dag.py:3954} INFO - Setting next_dagrun for example_sensors to None, run_after=None
[2026-05-09T18:51:51.398+0000] {processor.py:183} INFO - Processing /home/airflow/.local/lib/python3.12/site-packages/airflow/example_dags/example_sensors.py took 0.098 seconds
[2026-05-09T18:52:21.943+0000] {processor.py:161} INFO - Started process (PID=116) to work on /home/airflow/.local/lib/python3.12/site-packages/airflow/example_dags/example_sensors.py
[2026-05-09T18:52:21.944+0000] {processor.py:830} INFO - Processing file /home/airflow/.local/lib/python3.12/site-packages/airflow/example_dags/example_sensors.py for tasks to queue
[2026-05-09T18:52:21.946+0000] {logging_mixin.py:188} INFO - [2026-05-09T18:52:21.946+0000] {dagbag.py:545} INFO - Filling up the DagBag from /home/airflow/.local/lib/python3.12/site-packages/airflow/example_dags/example_sensors.py
[2026-05-09T18:52:21.954+0000] {processor.py:840} INFO - DAG(s) 'example_sensors' retrieved from /home/airflow/.local/lib/python3.12/site-packages/airflow/example_dags/example_sensors.py
[2026-05-09T18:52:21.979+0000] {logging_mixin.py:188} INFO - [2026-05-09T18:52:21.979+0000] {dag.py:3096} INFO - Sync 1 DAGs
[2026-05-09T18:52:21.993+0000] {logging_mixin.py:188} INFO - [2026-05-09T18:52:21.993+0000] {dag.py:3954} INFO - Setting next_dagrun for example_sensors to None, run_after=None
[2026-05-09T18:52:22.018+0000] {processor.py:183} INFO - Processing /home/airflow/.local/lib/python3.12/site-packages/airflow/example_dags/example_sensors.py took 0.080 seconds
[2026-05-09T18:52:56.741+0000] {processor.py:161} INFO - Started process (PID=180) to work on /home/airflow/.local/lib/python3.12/site-packages/airflow/example_dags/example_sensors.py
[2026-05-09T18:52:56.742+0000] {processor.py:830} INFO - Processing file /home/airflow/.local/lib/python3.12/site-packages/airflow/example_dags/example_sensors.py for tasks to queue
[2026-05-09T18:52:56.745+0000] {logging_mixin.py:188} INFO - [2026-05-09T18:52:56.745+0000] {dagbag.py:545} INFO - Filling up the DagBag from /home/airflow/.local/lib/python3.12/site-packages/airflow/example_dags/example_sensors.py
[2026-05-09T18:52:56.757+0000] {processor.py:840} INFO - DAG(s) 'example_sensors' retrieved from /home/airflow/.local/lib/python3.12/site-packages/airflow/example_dags/example_sensors.py
[2026-05-09T18:52:56.785+0000] {logging_mixin.py:188} INFO - [2026-05-09T18:52:56.785+0000] {dag.py:3096} INFO - Sync 1 DAGs
[2026-05-09T18:52:56.800+0000] {logging_mixin.py:188} INFO - [2026-05-09T18:52:56.800+0000] {dag.py:3954} INFO - Setting next_dagrun for example_sensors to None, run_after=None
[2026-05-09T18:52:57.507+0000] {processor.py:183} INFO - Processing /home/airflow/.local/lib/python3.12/site-packages/airflow/example_dags/example_sensors.py took 0.771 seconds
[2026-05-09T18:53:27.737+0000] {processor.py:161} INFO - Started process (PID=238) to work on /home/airflow/.local/lib/python3.12/site-packages/airflow/example_dags/example_sensors.py
[2026-05-09T18:53:27.738+0000] {processor.py:830} INFO - Processing file /home/airflow/.local/lib/python3.12/site-packages/airflow/example_dags/example_sensors.py for tasks to queue
[2026-05-09T18:53:27.741+0000] {logging_mixin.py:188} INFO - [2026-05-09T18:53:27.740+0000] {dagbag.py:545} INFO - Filling up the DagBag from /home/airflow/.local/lib/python3.12/site-packages/airflow/example_dags/example_sensors.py
[2026-05-09T18:53:27.751+0000] {processor.py:840} INFO - DAG(s) 'example_sensors' retrieved from /home/airflow/.local/lib/python3.12/site-packages/airflow/example_dags/example_sensors.py
[2026-05-09T18:53:27.779+0000] {logging_mixin.py:188} INFO - [2026-05-09T18:53:27.778+0000] {dag.py:3096} INFO - Sync 1 DAGs
[2026-05-09T18:53:27.791+0000] {logging_mixin.py:188} INFO - [2026-05-09T18:53:27.791+0000] {dag.py:3954} INFO - Setting next_dagrun for example_sensors to None, run_after=None
[2026-05-09T18:53:27.820+0000] {processor.py:183} INFO - Processing /home/airflow/.local/lib/python3.12/site-packages/airflow/example_dags/example_sensors.py took 0.088 seconds
[2026-05-09T18:53:58.821+0000] {processor.py:161} INFO - Started process (PID=296) to work on /home/airflow/.local/lib/python3.12/site-packages/airflow/example_dags/example_sensors.py
[2026-05-09T18:53:58.823+0000] {processor.py:830} INFO - Processing file /home/airflow/.local/lib/python3.12/site-packages/airflow/example_dags/example_sensors.py for tasks to queue
[2026-05-09T18:53:58.826+0000] {logging_mixin.py:188} INFO - [2026-05-09T18:53:58.826+0000] {dagbag.py:545} INFO - Filling up the DagBag from /home/airflow/.local/lib/python3.12/site-packages/airflow/example_dags/example_sensors.py
[2026-05-09T18:53:58.839+0000] {processor.py:840} INFO - DAG(s) 'example_sensors' retrieved from /home/airflow/.local/lib/python3.12/site-packages/airflow/example_dags/example_sensors.py
[2026-05-09T18:53:58.874+0000] {logging_mixin.py:188} INFO - [2026-05-09T18:53:58.873+0000] {dag.py:3096} INFO - Sync 1 DAGs
[2026-05-09T18:53:58.890+0000] {logging_mixin.py:188} INFO - [2026-05-09T18:53:58.889+0000] {dag.py:3954} INFO - Setting next_dagrun for example_sensors to None, run_after=None
[2026-05-09T18:53:59.142+0000] {processor.py:183} INFO - Processing /home/airflow/.local/lib/python3.12/site-packages/airflow/example_dags/example_sensors.py took 0.329 seconds
[2026-05-09T18:54:30.168+0000] {processor.py:161} INFO - Started process (PID=354) to work on /home/airflow/.local/lib/python3.12/site-packages/airflow/example_dags/example_sensors.py
[2026-05-09T18:54:30.170+0000] {processor.py:830} INFO - Processing file /home/airflow/.local/lib/python3.12/site-packages/airflow/example_dags/example_sensors.py for tasks to queue
[2026-05-09T18:54:30.171+0000] {logging_mixin.py:188} INFO - [2026-05-09T18:54:30.171+0000] {dagbag.py:545} INFO - Filling up the DagBag from /home/airflow/.local/lib/python3.12/site-packages/airflow/example_dags/example_sensors.py
[2026-05-09T18:54:30.179+0000] {processor.py:840} INFO - DAG(s) 'example_sensors' retrieved from /home/airflow/.local/lib/python3.12/site-packages/airflow/example_dags/example_sensors.py
[2026-05-09T18:54:30.205+0000] {logging_mixin.py:188} INFO - [2026-05-09T18:54:30.205+0000] {dag.py:3096} INFO - Sync 1 DAGs
[2026-05-09T18:54:30.217+0000] {logging_mixin.py:188} INFO - [2026-05-09T18:54:30.216+0000] {dag.py:3954} INFO - Setting next_dagrun for example_sensors to None, run_after=None
[2026-05-09T18:54:30.240+0000] {processor.py:183} INFO - Processing /home/airflow/.local/lib/python3.12/site-packages/airflow/example_dags/example_sensors.py took 0.077 seconds
[2026-05-09T18:55:00.479+0000] {processor.py:161} INFO - Started process (PID=412) to work on /home/airflow/.local/lib/python3.12/site-packages/airflow/example_dags/example_sensors.py
[2026-05-09T18:55:00.480+0000] {processor.py:830} INFO - Processing file /home/airflow/.local/lib/python3.12/site-packages/airflow/example_dags/example_sensors.py for tasks to queue
[2026-05-09T18:55:00.483+0000] {logging_mixin.py:188} INFO - [2026-05-09T18:55:00.482+0000] {dagbag.py:545} INFO - Filling up the DagBag from /home/airflow/.local/lib/python3.12/site-packages/airflow/example_dags/example_sensors.py
[2026-05-09T18:55:00.495+0000] {processor.py:840} INFO - DAG(s) 'example_sensors' retrieved from /home/airflow/.local/lib/python3.12/site-packages/airflow/example_dags/example_sensors.py
[2026-05-09T18:55:00.528+0000] {logging_mixin.py:188} INFO - [2026-05-09T18:55:00.528+0000] {dag.py:3096} INFO - Sync 1 DAGs
[2026-05-09T18:55:00.545+0000] {logging_mixin.py:188} INFO - [2026-05-09T18:55:00.544+0000] {dag.py:3954} INFO - Setting next_dagrun for example_sensors to None, run_after=None
[2026-05-09T18:55:00.574+0000] {processor.py:183} INFO - Processing /home/airflow/.local/lib/python3.12/site-packages/airflow/example_dags/example_sensors.py took 0.103 seconds
[2026-05-09T18:55:30.745+0000] {processor.py:161} INFO - Started process (PID=470) to work on /home/airflow/.local/lib/python3.12/site-packages/airflow/example_dags/example_sensors.py
[2026-05-09T18:55:30.746+0000] {processor.py:830} INFO - Processing file /home/airflow/.local/lib/python3.12/site-packages/airflow/example_dags/example_sensors.py for tasks to queue
[2026-05-09T18:55:30.748+0000] {logging_mixin.py:188} INFO - [2026-05-09T18:55:30.748+0000] {dagbag.py:545} INFO - Filling up the DagBag from /home/airflow/.local/lib/python3.12/site-packages/airflow/example_dags/example_sensors.py
[2026-05-09T18:55:30.756+0000] {processor.py:840} INFO - DAG(s) 'example_sensors' retrieved from /home/airflow/.local/lib/python3.12/site-packages/airflow/example_dags/example_sensors.py
[2026-05-09T18:55:30.780+0000] {logging_mixin.py:188} INFO - [2026-05-09T18:55:30.780+0000] {dag.py:3096} INFO - Sync 1 DAGs
[2026-05-09T18:55:30.793+0000] {logging_mixin.py:188} INFO - [2026-05-09T18:55:30.793+0000] {dag.py:3954} INFO - Setting next_dagrun for example_sensors to None, run_after=None
[2026-05-09T18:55:30.816+0000] {processor.py:183} INFO - Processing /home/airflow/.local/lib/python3.12/site-packages/airflow/example_dags/example_sensors.py took 0.076 seconds
[2026-05-09T18:56:01.047+0000] {processor.py:161} INFO - Started process (PID=528) to work on /home/airflow/.local/lib/python3.12/site-packages/airflow/example_dags/example_sensors.py
[2026-05-09T18:56:01.049+0000] {processor.py:830} INFO - Processing file /home/airflow/.local/lib/python3.12/site-packages/airflow/example_dags/example_sensors.py for tasks to queue
[2026-05-09T18:56:01.051+0000] {logging_mixin.py:188} INFO - [2026-05-09T18:56:01.050+0000] {dagbag.py:545} INFO - Filling up the DagBag from /home/airflow/.local/lib/python3.12/site-packages/airflow/example_dags/example_sensors.py
[2026-05-09T18:56:01.058+0000] {processor.py:840} INFO - DAG(s) 'example_sensors' retrieved from /home/airflow/.local/lib/python3.12/site-packages/airflow/example_dags/example_sensors.py
[2026-05-09T18:56:01.084+0000] {logging_mixin.py:188} INFO - [2026-05-09T18:56:01.084+0000] {dag.py:3096} INFO - Sync 1 DAGs
[2026-05-09T18:56:01.097+0000] {logging_mixin.py:188} INFO - [2026-05-09T18:56:01.097+0000] {dag.py:3954} INFO - Setting next_dagrun for example_sensors to None, run_after=None
[2026-05-09T18:56:01.120+0000] {processor.py:183} INFO - Processing /home/airflow/.local/lib/python3.12/site-packages/airflow/example_dags/example_sensors.py took 0.078 seconds
[2026-05-09T18:56:31.175+0000] {processor.py:161} INFO - Started process (PID=586) to work on /home/airflow/.local/lib/python3.12/site-packages/airflow/example_dags/example_sensors.py
[2026-05-09T18:56:31.176+0000] {processor.py:830} INFO - Processing file /home/airflow/.local/lib/python3.12/site-packages/airflow/example_dags/example_sensors.py for tasks to queue
[2026-05-09T18:56:31.178+0000] {logging_mixin.py:188} INFO - [2026-05-09T18:56:31.178+0000] {dagbag.py:545} INFO - Filling up the DagBag from /home/airflow/.local/lib/python3.12/site-packages/airflow/example_dags/example_sensors.py
[2026-05-09T18:56:31.186+0000] {processor.py:840} INFO - DAG(s) 'example_sensors' retrieved from /home/airflow/.local/lib/python3.12/site-packages/airflow/example_dags/example_sensors.py
[2026-05-09T18:56:31.215+0000] {logging_mixin.py:188} INFO - [2026-05-09T18:56:31.214+0000] {dag.py:3096} INFO - Sync 1 DAGs
[2026-05-09T18:56:31.228+0000] {logging_mixin.py:188} INFO - [2026-05-09T18:56:31.228+0000] {dag.py:3954} INFO - Setting next_dagrun for example_sensors to None, run_after=None
[2026-05-09T18:56:31.251+0000] {processor.py:183} INFO - Processing /home/airflow/.local/lib/python3.12/site-packages/airflow/example_dags/example_sensors.py took 0.081 seconds
[2026-05-09T18:57:01.799+0000] {processor.py:161} INFO - Started process (PID=639) to work on /home/airflow/.local/lib/python3.12/site-packages/airflow/example_dags/example_sensors.py
[2026-05-09T18:57:01.800+0000] {processor.py:830} INFO - Processing file /home/airflow/.local/lib/python3.12/site-packages/airflow/example_dags/example_sensors.py for tasks to queue
[2026-05-09T18:57:01.804+0000] {logging_mixin.py:188} INFO - [2026-05-09T18:57:01.803+0000] {dagbag.py:545} INFO - Filling up the DagBag from /home/airflow/.local/lib/python3.12/site-packages/airflow/example_dags/example_sensors.py
[2026-05-09T18:57:01.816+0000] {processor.py:840} INFO - DAG(s) 'example_sensors' retrieved from /home/airflow/.local/lib/python3.12/site-packages/airflow/example_dags/example_sensors.py
[2026-05-09T18:57:01.843+0000] {logging_mixin.py:188} INFO - [2026-05-09T18:57:01.843+0000] {dag.py:3096} INFO - Sync 1 DAGs
[2026-05-09T18:57:01.858+0000] {logging_mixin.py:188} INFO - [2026-05-09T18:57:01.857+0000] {dag.py:3954} INFO - Setting next_dagrun for example_sensors to None, run_after=None
[2026-05-09T18:57:01.886+0000] {processor.py:183} INFO - Processing /home/airflow/.local/lib/python3.12/site-packages/airflow/example_dags/example_sensors.py took 0.092 seconds
[2026-05-09T18:57:32.613+0000] {processor.py:161} INFO - Started process (PID=704) to work on /home/airflow/.local/lib/python3.12/site-packages/airflow/example_dags/example_sensors.py
[2026-05-09T18:57:32.614+0000] {processor.py:830} INFO - Processing file /home/airflow/.local/lib/python3.12/site-packages/airflow/example_dags/example_sensors.py for tasks to queue
[2026-05-09T18:57:32.617+0000] {logging_mixin.py:188} INFO - [2026-05-09T18:57:32.616+0000] {dagbag.py:545} INFO - Filling up the DagBag from /home/airflow/.local/lib/python3.12/site-packages/airflow/example_dags/example_sensors.py
[2026-05-09T18:57:32.625+0000] {processor.py:840} INFO - DAG(s) 'example_sensors' retrieved from /home/airflow/.local/lib/python3.12/site-packages/airflow/example_dags/example_sensors.py
[2026-05-09T18:57:32.651+0000] {logging_mixin.py:188} INFO - [2026-05-09T18:57:32.650+0000] {dag.py:3096} INFO - Sync 1 DAGs
[2026-05-09T18:57:32.665+0000] {logging_mixin.py:188} INFO - [2026-05-09T18:57:32.664+0000] {dag.py:3954} INFO - Setting next_dagrun for example_sensors to None, run_after=None
[2026-05-09T18:57:32.689+0000] {processor.py:183} INFO - Processing /home/airflow/.local/lib/python3.12/site-packages/airflow/example_dags/example_sensors.py took 0.081 seconds
[2026-05-09T18:58:02.758+0000] {processor.py:161} INFO - Started process (PID=757) to work on /home/airflow/.local/lib/python3.12/site-packages/airflow/example_dags/example_sensors.py
[2026-05-09T18:58:02.782+0000] {processor.py:830} INFO - Processing file /home/airflow/.local/lib/python3.12/site-packages/airflow/example_dags/example_sensors.py for tasks to queue
[2026-05-09T18:58:02.789+0000] {logging_mixin.py:188} INFO - [2026-05-09T18:58:02.788+0000] {dagbag.py:545} INFO - Filling up the DagBag from /home/airflow/.local/lib/python3.12/site-packages/airflow/example_dags/example_sensors.py
[2026-05-09T18:58:02.808+0000] {processor.py:840} INFO - DAG(s) 'example_sensors' retrieved from /home/airflow/.local/lib/python3.12/site-packages/airflow/example_dags/example_sensors.py
[2026-05-09T18:58:02.856+0000] {logging_mixin.py:188} INFO - [2026-05-09T18:58:02.856+0000] {dag.py:3096} INFO - Sync 1 DAGs
[2026-05-09T18:58:02.875+0000] {logging_mixin.py:188} INFO - [2026-05-09T18:58:02.875+0000] {dag.py:3954} INFO - Setting next_dagrun for example_sensors to None, run_after=None
[2026-05-09T18:58:02.917+0000] {processor.py:183} INFO - Processing /home/airflow/.local/lib/python3.12/site-packages/airflow/example_dags/example_sensors.py took 0.166 seconds
[2026-05-09T18:58:32.976+0000] {processor.py:161} INFO - Started process (PID=817) to work on /home/airflow/.local/lib/python3.12/site-packages/airflow/example_dags/example_sensors.py
[2026-05-09T18:58:32.977+0000] {processor.py:830} INFO - Processing file /home/airflow/.local/lib/python3.12/site-packages/airflow/example_dags/example_sensors.py for tasks to queue
[2026-05-09T18:58:32.979+0000] {logging_mixin.py:188} INFO - [2026-05-09T18:58:32.979+0000] {dagbag.py:545} INFO - Filling up the DagBag from /home/airflow/.local/lib/python3.12/site-packages/airflow/example_dags/example_sensors.py
[2026-05-09T18:58:32.988+0000] {processor.py:840} INFO - DAG(s) 'example_sensors' retrieved from /home/airflow/.local/lib/python3.12/site-packages/airflow/example_dags/example_sensors.py
[2026-05-09T18:58:33.013+0000] {logging_mixin.py:188} INFO - [2026-05-09T18:58:33.012+0000] {dag.py:3096} INFO - Sync 1 DAGs
[2026-05-09T18:58:33.025+0000] {logging_mixin.py:188} INFO - [2026-05-09T18:58:33.024+0000] {dag.py:3954} INFO - Setting next_dagrun for example_sensors to None, run_after=None
[2026-05-09T18:58:33.046+0000] {processor.py:183} INFO - Processing /home/airflow/.local/lib/python3.12/site-packages/airflow/example_dags/example_sensors.py took 0.075 seconds
[2026-05-09T18:59:03.128+0000] {processor.py:161} INFO - Started process (PID=876) to work on /home/airflow/.local/lib/python3.12/site-packages/airflow/example_dags/example_sensors.py
[2026-05-09T18:59:03.130+0000] {processor.py:830} INFO - Processing file /home/airflow/.local/lib/python3.12/site-packages/airflow/example_dags/example_sensors.py for tasks to queue
[2026-05-09T18:59:03.132+0000] {logging_mixin.py:188} INFO - [2026-05-09T18:59:03.132+0000] {dagbag.py:545} INFO - Filling up the DagBag from /home/airflow/.local/lib/python3.12/site-packages/airflow/example_dags/example_sensors.py
[2026-05-09T18:59:03.140+0000] {processor.py:840} INFO - DAG(s) 'example_sensors' retrieved from /home/airflow/.local/lib/python3.12/site-packages/airflow/example_dags/example_sensors.py
[2026-05-09T18:59:03.165+0000] {logging_mixin.py:188} INFO - [2026-05-09T18:59:03.165+0000] {dag.py:3096} INFO - Sync 1 DAGs
[2026-05-09T18:59:03.177+0000] {logging_mixin.py:188} INFO - [2026-05-09T18:59:03.177+0000] {dag.py:3954} INFO - Setting next_dagrun for example_sensors to None, run_after=None
[2026-05-09T18:59:03.202+0000] {processor.py:183} INFO - Processing /home/airflow/.local/lib/python3.12/site-packages/airflow/example_dags/example_sensors.py took 0.079 seconds
[2026-05-09T18:59:33.694+0000] {processor.py:161} INFO - Started process (PID=935) to work on /home/airflow/.local/lib/python3.12/site-packages/airflow/example_dags/example_sensors.py
[2026-05-09T18:59:33.695+0000] {processor.py:830} INFO - Processing file /home/airflow/.local/lib/python3.12/site-packages/airflow/example_dags/example_sensors.py for tasks to queue
[2026-05-09T18:59:33.697+0000] {logging_mixin.py:188} INFO - [2026-05-09T18:59:33.697+0000] {dagbag.py:545} INFO - Filling up the DagBag from /home/airflow/.local/lib/python3.12/site-packages/airflow/example_dags/example_sensors.py
[2026-05-09T18:59:33.707+0000] {processor.py:840} INFO - DAG(s) 'example_sensors' retrieved from /home/airflow/.local/lib/python3.12/site-packages/airflow/example_dags/example_sensors.py
[2026-05-09T18:59:33.736+0000] {logging_mixin.py:188} INFO - [2026-05-09T18:59:33.736+0000] {dag.py:3096} INFO - Sync 1 DAGs
[2026-05-09T18:59:33.748+0000] {logging_mixin.py:188} INFO - [2026-05-09T18:59:33.748+0000] {dag.py:3954} INFO - Setting next_dagrun for example_sensors to None, run_after=None
[2026-05-09T18:59:33.773+0000] {processor.py:183} INFO - Processing /home/airflow/.local/lib/python3.12/site-packages/airflow/example_dags/example_sensors.py took 0.084 seconds
[2026-05-09T19:00:04.548+0000] {processor.py:161} INFO - Started process (PID=994) to work on /home/airflow/.local/lib/python3.12/site-packages/airflow/example_dags/example_sensors.py
[2026-05-09T19:00:04.549+0000] {processor.py:830} INFO - Processing file /home/airflow/.local/lib/python3.12/site-packages/airflow/example_dags/example_sensors.py for tasks to queue
[2026-05-09T19:00:04.550+0000] {logging_mixin.py:188} INFO - [2026-05-09T19:00:04.550+0000] {dagbag.py:545} INFO - Filling up the DagBag from /home/airflow/.local/lib/python3.12/site-packages/airflow/example_dags/example_sensors.py
[2026-05-09T19:00:04.559+0000] {processor.py:840} INFO - DAG(s) 'example_sensors' retrieved from /home/airflow/.local/lib/python3.12/site-packages/airflow/example_dags/example_sensors.py
[2026-05-09T19:00:04.585+0000] {logging_mixin.py:188} INFO - [2026-05-09T19:00:04.585+0000] {dag.py:3096} INFO - Sync 1 DAGs
[2026-05-09T19:00:04.598+0000] {logging_mixin.py:188} INFO - [2026-05-09T19:00:04.597+0000] {dag.py:3954} INFO - Setting next_dagrun for example_sensors to None, run_after=None
[2026-05-09T19:00:04.625+0000] {processor.py:183} INFO - Processing /home/airflow/.local/lib/python3.12/site-packages/airflow/example_dags/example_sensors.py took 0.082 seconds
[2026-05-09T19:00:35.119+0000] {processor.py:161} INFO - Started process (PID=1053) to work on /home/airflow/.local/lib/python3.12/site-packages/airflow/example_dags/example_sensors.py
[2026-05-09T19:00:35.121+0000] {processor.py:830} INFO - Processing file /home/airflow/.local/lib/python3.12/site-packages/airflow/example_dags/example_sensors.py for tasks to queue
[2026-05-09T19:00:35.123+0000] {logging_mixin.py:188} INFO - [2026-05-09T19:00:35.122+0000] {dagbag.py:545} INFO - Filling up the DagBag from /home/airflow/.local/lib/python3.12/site-packages/airflow/example_dags/example_sensors.py
[2026-05-09T19:00:35.131+0000] {processor.py:840} INFO - DAG(s) 'example_sensors' retrieved from /home/airflow/.local/lib/python3.12/site-packages/airflow/example_dags/example_sensors.py
[2026-05-09T19:00:35.157+0000] {logging_mixin.py:188} INFO - [2026-05-09T19:00:35.157+0000] {dag.py:3096} INFO - Sync 1 DAGs
[2026-05-09T19:00:35.171+0000] {logging_mixin.py:188} INFO - [2026-05-09T19:00:35.171+0000] {dag.py:3954} INFO - Setting next_dagrun for example_sensors to None, run_after=None
[2026-05-09T19:00:35.194+0000] {processor.py:183} INFO - Processing /home/airflow/.local/lib/python3.12/site-packages/airflow/example_dags/example_sensors.py took 0.081 seconds
[2026-05-09T19:01:05.883+0000] {processor.py:161} INFO - Started process (PID=1112) to work on /home/airflow/.local/lib/python3.12/site-packages/airflow/example_dags/example_sensors.py
[2026-05-09T19:01:05.884+0000] {processor.py:830} INFO - Processing file /home/airflow/.local/lib/python3.12/site-packages/airflow/example_dags/example_sensors.py for tasks to queue
[2026-05-09T19:01:05.886+0000] {logging_mixin.py:188} INFO - [2026-05-09T19:01:05.886+0000] {dagbag.py:545} INFO - Filling up the DagBag from /home/airflow/.local/lib/python3.12/site-packages/airflow/example_dags/example_sensors.py
[2026-05-09T19:01:05.894+0000] {processor.py:840} INFO - DAG(s) 'example_sensors' retrieved from /home/airflow/.local/lib/python3.12/site-packages/airflow/example_dags/example_sensors.py
[2026-05-09T19:01:05.921+0000] {logging_mixin.py:188} INFO - [2026-05-09T19:01:05.920+0000] {dag.py:3096} INFO - Sync 1 DAGs
[2026-05-09T19:01:05.934+0000] {logging_mixin.py:188} INFO - [2026-05-09T19:01:05.933+0000] {dag.py:3954} INFO - Setting next_dagrun for example_sensors to None, run_after=None
[2026-05-09T19:01:05.957+0000] {processor.py:183} INFO - Processing /home/airflow/.local/lib/python3.12/site-packages/airflow/example_dags/example_sensors.py took 0.080 seconds
[2026-05-09T19:01:36.811+0000] {processor.py:161} INFO - Started process (PID=1171) to work on /home/airflow/.local/lib/python3.12/site-packages/airflow/example_dags/example_sensors.py
[2026-05-09T19:01:36.812+0000] {processor.py:830} INFO - Processing file /home/airflow/.local/lib/python3.12/site-packages/airflow/example_dags/example_sensors.py for tasks to queue
[2026-05-09T19:01:36.815+0000] {logging_mixin.py:188} INFO - [2026-05-09T19:01:36.814+0000] {dagbag.py:545} INFO - Filling up the DagBag from /home/airflow/.local/lib/python3.12/site-packages/airflow/example_dags/example_sensors.py
[2026-05-09T19:01:36.829+0000] {processor.py:840} INFO - DAG(s) 'example_sensors' retrieved from /home/airflow/.local/lib/python3.12/site-packages/airflow/example_dags/example_sensors.py
[2026-05-09T19:01:36.862+0000] {logging_mixin.py:188} INFO - [2026-05-09T19:01:36.861+0000] {dag.py:3096} INFO - Sync 1 DAGs
[2026-05-09T19:01:36.877+0000] {logging_mixin.py:188} INFO - [2026-05-09T19:01:36.876+0000] {dag.py:3954} INFO - Setting next_dagrun for example_sensors to None, run_after=None
[2026-05-09T19:01:36.905+0000] {processor.py:183} INFO - Processing /home/airflow/.local/lib/python3.12/site-packages/airflow/example_dags/example_sensors.py took 0.101 seconds
[2026-05-09T19:02:07.440+0000] {processor.py:161} INFO - Started process (PID=1230) to work on /home/airflow/.local/lib/python3.12/site-packages/airflow/example_dags/example_sensors.py
[2026-05-09T19:02:07.441+0000] {processor.py:830} INFO - Processing file /home/airflow/.local/lib/python3.12/site-packages/airflow/example_dags/example_sensors.py for tasks to queue
[2026-05-09T19:02:07.443+0000] {logging_mixin.py:188} INFO - [2026-05-09T19:02:07.443+0000] {dagbag.py:545} INFO - Filling up the DagBag from /home/airflow/.local/lib/python3.12/site-packages/airflow/example_dags/example_sensors.py
[2026-05-09T19:02:07.451+0000] {processor.py:840} INFO - DAG(s) 'example_sensors' retrieved from /home/airflow/.local/lib/python3.12/site-packages/airflow/example_dags/example_sensors.py
[2026-05-09T19:02:07.476+0000] {logging_mixin.py:188} INFO - [2026-05-09T19:02:07.476+0000] {dag.py:3096} INFO - Sync 1 DAGs
[2026-05-09T19:02:07.489+0000] {logging_mixin.py:188} INFO - [2026-05-09T19:02:07.489+0000] {dag.py:3954} INFO - Setting next_dagrun for example_sensors to None, run_after=None
[2026-05-09T19:02:07.515+0000] {processor.py:183} INFO - Processing /home/airflow/.local/lib/python3.12/site-packages/airflow/example_dags/example_sensors.py took 0.079 seconds
[2026-05-09T19:02:38.005+0000] {processor.py:161} INFO - Started process (PID=1289) to work on /home/airflow/.local/lib/python3.12/site-packages/airflow/example_dags/example_sensors.py
[2026-05-09T19:02:38.007+0000] {processor.py:830} INFO - Processing file /home/airflow/.local/lib/python3.12/site-packages/airflow/example_dags/example_sensors.py for tasks to queue
[2026-05-09T19:02:38.009+0000] {logging_mixin.py:188} INFO - [2026-05-09T19:02:38.008+0000] {dagbag.py:545} INFO - Filling up the DagBag from /home/airflow/.local/lib/python3.12/site-packages/airflow/example_dags/example_sensors.py
[2026-05-09T19:02:38.017+0000] {processor.py:840} INFO - DAG(s) 'example_sensors' retrieved from /home/airflow/.local/lib/python3.12/site-packages/airflow/example_dags/example_sensors.py
[2026-05-09T19:02:38.042+0000] {logging_mixin.py:188} INFO - [2026-05-09T19:02:38.042+0000] {dag.py:3096} INFO - Sync 1 DAGs
[2026-05-09T19:02:38.054+0000] {logging_mixin.py:188} INFO - [2026-05-09T19:02:38.054+0000] {dag.py:3954} INFO - Setting next_dagrun for example_sensors to None, run_after=None
[2026-05-09T19:02:38.084+0000] {processor.py:183} INFO - Processing /home/airflow/.local/lib/python3.12/site-packages/airflow/example_dags/example_sensors.py took 0.084 seconds
[2026-05-09T19:03:09.079+0000] {processor.py:161} INFO - Started process (PID=1348) to work on /home/airflow/.local/lib/python3.12/site-packages/airflow/example_dags/example_sensors.py
[2026-05-09T19:03:09.080+0000] {processor.py:830} INFO - Processing file /home/airflow/.local/lib/python3.12/site-packages/airflow/example_dags/example_sensors.py for tasks to queue
[2026-05-09T19:03:09.082+0000] {logging_mixin.py:188} INFO - [2026-05-09T19:03:09.082+0000] {dagbag.py:545} INFO - Filling up the DagBag from /home/airflow/.local/lib/python3.12/site-packages/airflow/example_dags/example_sensors.py
[2026-05-09T19:03:09.091+0000] {processor.py:840} INFO - DAG(s) 'example_sensors' retrieved from /home/airflow/.local/lib/python3.12/site-packages/airflow/example_dags/example_sensors.py
[2026-05-09T19:03:09.117+0000] {logging_mixin.py:188} INFO - [2026-05-09T19:03:09.116+0000] {dag.py:3096} INFO - Sync 1 DAGs
[2026-05-09T19:03:09.129+0000] {logging_mixin.py:188} INFO - [2026-05-09T19:03:09.129+0000] {dag.py:3954} INFO - Setting next_dagrun for example_sensors to None, run_after=None
[2026-05-09T19:03:09.159+0000] {processor.py:183} INFO - Processing /home/airflow/.local/lib/python3.12/site-packages/airflow/example_dags/example_sensors.py took 0.086 seconds
[2026-05-09T19:03:39.562+0000] {processor.py:161} INFO - Started process (PID=1407) to work on /home/airflow/.local/lib/python3.12/site-packages/airflow/example_dags/example_sensors.py
[2026-05-09T19:03:39.563+0000] {processor.py:830} INFO - Processing file /home/airflow/.local/lib/python3.12/site-packages/airflow/example_dags/example_sensors.py for tasks to queue
[2026-05-09T19:03:39.565+0000] {logging_mixin.py:188} INFO - [2026-05-09T19:03:39.564+0000] {dagbag.py:545} INFO - Filling up the DagBag from /home/airflow/.local/lib/python3.12/site-packages/airflow/example_dags/example_sensors.py
[2026-05-09T19:03:39.573+0000] {processor.py:840} INFO - DAG(s) 'example_sensors' retrieved from /home/airflow/.local/lib/python3.12/site-packages/airflow/example_dags/example_sensors.py
[2026-05-09T19:03:39.728+0000] {logging_mixin.py:188} INFO - [2026-05-09T19:03:39.728+0000] {dag.py:3096} INFO - Sync 1 DAGs
[2026-05-09T19:03:39.739+0000] {logging_mixin.py:188} INFO - [2026-05-09T19:03:39.739+0000] {dag.py:3954} INFO - Setting next_dagrun for example_sensors to None, run_after=None
[2026-05-09T19:03:39.764+0000] {processor.py:183} INFO - Processing /home/airflow/.local/lib/python3.12/site-packages/airflow/example_dags/example_sensors.py took 0.208 seconds
[2026-05-09T19:04:10.481+0000] {processor.py:161} INFO - Started process (PID=1466) to work on /home/airflow/.local/lib/python3.12/site-packages/airflow/example_dags/example_sensors.py
[2026-05-09T19:04:10.483+0000] {processor.py:830} INFO - Processing file /home/airflow/.local/lib/python3.12/site-packages/airflow/example_dags/example_sensors.py for tasks to queue
[2026-05-09T19:04:10.485+0000] {logging_mixin.py:188} INFO - [2026-05-09T19:04:10.485+0000] {dagbag.py:545} INFO - Filling up the DagBag from /home/airflow/.local/lib/python3.12/site-packages/airflow/example_dags/example_sensors.py
[2026-05-09T19:04:10.495+0000] {processor.py:840} INFO - DAG(s) 'example_sensors' retrieved from /home/airflow/.local/lib/python3.12/site-packages/airflow/example_dags/example_sensors.py
[2026-05-09T19:04:10.521+0000] {logging_mixin.py:188} INFO - [2026-05-09T19:04:10.521+0000] {dag.py:3096} INFO - Sync 1 DAGs
[2026-05-09T19:04:10.535+0000] {logging_mixin.py:188} INFO - [2026-05-09T19:04:10.534+0000] {dag.py:3954} INFO - Setting next_dagrun for example_sensors to None, run_after=None
[2026-05-09T19:04:10.559+0000] {processor.py:183} INFO - Processing /home/airflow/.local/lib/python3.12/site-packages/airflow/example_dags/example_sensors.py took 0.083 seconds
[2026-05-09T19:04:41.006+0000] {processor.py:161} INFO - Started process (PID=1525) to work on /home/airflow/.local/lib/python3.12/site-packages/airflow/example_dags/example_sensors.py
[2026-05-09T19:04:41.008+0000] {processor.py:830} INFO - Processing file /home/airflow/.local/lib/python3.12/site-packages/airflow/example_dags/example_sensors.py for tasks to queue
[2026-05-09T19:04:41.009+0000] {logging_mixin.py:188} INFO - [2026-05-09T19:04:41.009+0000] {dagbag.py:545} INFO - Filling up the DagBag from /home/airflow/.local/lib/python3.12/site-packages/airflow/example_dags/example_sensors.py
[2026-05-09T19:04:41.017+0000] {processor.py:840} INFO - DAG(s) 'example_sensors' retrieved from /home/airflow/.local/lib/python3.12/site-packages/airflow/example_dags/example_sensors.py
[2026-05-09T19:04:41.043+0000] {logging_mixin.py:188} INFO - [2026-05-09T19:04:41.043+0000] {dag.py:3096} INFO - Sync 1 DAGs
[2026-05-09T19:04:41.057+0000] {logging_mixin.py:188} INFO - [2026-05-09T19:04:41.057+0000] {dag.py:3954} INFO - Setting next_dagrun for example_sensors to None, run_after=None
[2026-05-09T19:04:41.083+0000] {processor.py:183} INFO - Processing /home/airflow/.local/lib/python3.12/site-packages/airflow/example_dags/example_sensors.py took 0.083 seconds
[2026-05-09T19:05:11.153+0000] {processor.py:161} INFO - Started process (PID=1584) to work on /home/airflow/.local/lib/python3.12/site-packages/airflow/example_dags/example_sensors.py
[2026-05-09T19:05:11.154+0000] {processor.py:830} INFO - Processing file /home/airflow/.local/lib/python3.12/site-packages/airflow/example_dags/example_sensors.py for tasks to queue
[2026-05-09T19:05:11.156+0000] {logging_mixin.py:188} INFO - [2026-05-09T19:05:11.155+0000] {dagbag.py:545} INFO - Filling up the DagBag from /home/airflow/.local/lib/python3.12/site-packages/airflow/example_dags/example_sensors.py
[2026-05-09T19:05:11.164+0000] {processor.py:840} INFO - DAG(s) 'example_sensors' retrieved from /home/airflow/.local/lib/python3.12/site-packages/airflow/example_dags/example_sensors.py
[2026-05-09T19:05:11.191+0000] {logging_mixin.py:188} INFO - [2026-05-09T19:05:11.191+0000] {dag.py:3096} INFO - Sync 1 DAGs
[2026-05-09T19:05:11.203+0000] {logging_mixin.py:188} INFO - [2026-05-09T19:05:11.203+0000] {dag.py:3954} INFO - Setting next_dagrun for example_sensors to None, run_after=None
[2026-05-09T19:05:11.226+0000] {processor.py:183} INFO - Processing /home/airflow/.local/lib/python3.12/site-packages/airflow/example_dags/example_sensors.py took 0.078 seconds
[2026-05-09T19:05:41.630+0000] {processor.py:161} INFO - Started process (PID=1643) to work on /home/airflow/.local/lib/python3.12/site-packages/airflow/example_dags/example_sensors.py
[2026-05-09T19:05:41.631+0000] {processor.py:830} INFO - Processing file /home/airflow/.local/lib/python3.12/site-packages/airflow/example_dags/example_sensors.py for tasks to queue
[2026-05-09T19:05:41.633+0000] {logging_mixin.py:188} INFO - [2026-05-09T19:05:41.633+0000] {dagbag.py:545} INFO - Filling up the DagBag from /home/airflow/.local/lib/python3.12/site-packages/airflow/example_dags/example_sensors.py
[2026-05-09T19:05:41.645+0000] {processor.py:840} INFO - DAG(s) 'example_sensors' retrieved from /home/airflow/.local/lib/python3.12/site-packages/airflow/example_dags/example_sensors.py
[2026-05-09T19:05:41.676+0000] {logging_mixin.py:188} INFO - [2026-05-09T19:05:41.675+0000] {dag.py:3096} INFO - Sync 1 DAGs
[2026-05-09T19:05:41.690+0000] {logging_mixin.py:188} INFO - [2026-05-09T19:05:41.690+0000] {dag.py:3954} INFO - Setting next_dagrun for example_sensors to None, run_after=None
[2026-05-09T19:05:41.717+0000] {processor.py:183} INFO - Processing /home/airflow/.local/lib/python3.12/site-packages/airflow/example_dags/example_sensors.py took 0.093 seconds
[2026-05-09T19:06:11.797+0000] {processor.py:161} INFO - Started process (PID=1702) to work on /home/airflow/.local/lib/python3.12/site-packages/airflow/example_dags/example_sensors.py
[2026-05-09T19:06:11.798+0000] {processor.py:830} INFO - Processing file /home/airflow/.local/lib/python3.12/site-packages/airflow/example_dags/example_sensors.py for tasks to queue
[2026-05-09T19:06:11.800+0000] {logging_mixin.py:188} INFO - [2026-05-09T19:06:11.800+0000] {dagbag.py:545} INFO - Filling up the DagBag from /home/airflow/.local/lib/python3.12/site-packages/airflow/example_dags/example_sensors.py
[2026-05-09T19:06:11.809+0000] {processor.py:840} INFO - DAG(s) 'example_sensors' retrieved from /home/airflow/.local/lib/python3.12/site-packages/airflow/example_dags/example_sensors.py
[2026-05-09T19:06:11.836+0000] {logging_mixin.py:188} INFO - [2026-05-09T19:06:11.836+0000] {dag.py:3096} INFO - Sync 1 DAGs
[2026-05-09T19:06:11.849+0000] {logging_mixin.py:188} INFO - [2026-05-09T19:06:11.849+0000] {dag.py:3954} INFO - Setting next_dagrun for example_sensors to None, run_after=None
[2026-05-09T19:06:11.875+0000] {processor.py:183} INFO - Processing /home/airflow/.local/lib/python3.12/site-packages/airflow/example_dags/example_sensors.py took 0.084 seconds
[2026-05-09T19:06:42.166+0000] {processor.py:161} INFO - Started process (PID=1761) to work on /home/airflow/.local/lib/python3.12/site-packages/airflow/example_dags/example_sensors.py
[2026-05-09T19:06:42.167+0000] {processor.py:830} INFO - Processing file /home/airflow/.local/lib/python3.12/site-packages/airflow/example_dags/example_sensors.py for tasks to queue
[2026-05-09T19:06:42.170+0000] {logging_mixin.py:188} INFO - [2026-05-09T19:06:42.170+0000] {dagbag.py:545} INFO - Filling up the DagBag from /home/airflow/.local/lib/python3.12/site-packages/airflow/example_dags/example_sensors.py
[2026-05-09T19:06:42.180+0000] {processor.py:840} INFO - DAG(s) 'example_sensors' retrieved from /home/airflow/.local/lib/python3.12/site-packages/airflow/example_dags/example_sensors.py
[2026-05-09T19:06:42.216+0000] {logging_mixin.py:188} INFO - [2026-05-09T19:06:42.216+0000] {dag.py:3096} INFO - Sync 1 DAGs
[2026-05-09T19:06:42.231+0000] {logging_mixin.py:188} INFO - [2026-05-09T19:06:42.231+0000] {dag.py:3954} INFO - Setting next_dagrun for example_sensors to None, run_after=None
[2026-05-09T19:06:42.260+0000] {processor.py:183} INFO - Processing /home/airflow/.local/lib/python3.12/site-packages/airflow/example_dags/example_sensors.py took 0.101 seconds
[2026-05-09T19:07:12.302+0000] {processor.py:161} INFO - Started process (PID=1820) to work on /home/airflow/.local/lib/python3.12/site-packages/airflow/example_dags/example_sensors.py
[2026-05-09T19:07:12.304+0000] {processor.py:830} INFO - Processing file /home/airflow/.local/lib/python3.12/site-packages/airflow/example_dags/example_sensors.py for tasks to queue
[2026-05-09T19:07:12.306+0000] {logging_mixin.py:188} INFO - [2026-05-09T19:07:12.305+0000] {dagbag.py:545} INFO - Filling up the DagBag from /home/airflow/.local/lib/python3.12/site-packages/airflow/example_dags/example_sensors.py
[2026-05-09T19:07:12.313+0000] {processor.py:840} INFO - DAG(s) 'example_sensors' retrieved from /home/airflow/.local/lib/python3.12/site-packages/airflow/example_dags/example_sensors.py
[2026-05-09T19:07:12.338+0000] {logging_mixin.py:188} INFO - [2026-05-09T19:07:12.338+0000] {dag.py:3096} INFO - Sync 1 DAGs
[2026-05-09T19:07:12.350+0000] {logging_mixin.py:188} INFO - [2026-05-09T19:07:12.350+0000] {dag.py:3954} INFO - Setting next_dagrun for example_sensors to None, run_after=None
[2026-05-09T19:07:12.373+0000] {processor.py:183} INFO - Processing /home/airflow/.local/lib/python3.12/site-packages/airflow/example_dags/example_sensors.py took 0.076 seconds
[2026-05-09T19:07:42.661+0000] {processor.py:161} INFO - Started process (PID=1879) to work on /home/airflow/.local/lib/python3.12/site-packages/airflow/example_dags/example_sensors.py
[2026-05-09T19:07:42.662+0000] {processor.py:830} INFO - Processing file /home/airflow/.local/lib/python3.12/site-packages/airflow/example_dags/example_sensors.py for tasks to queue
[2026-05-09T19:07:42.664+0000] {logging_mixin.py:188} INFO - [2026-05-09T19:07:42.664+0000] {dagbag.py:545} INFO - Filling up the DagBag from /home/airflow/.local/lib/python3.12/site-packages/airflow/example_dags/example_sensors.py
[2026-05-09T19:07:42.671+0000] {processor.py:840} INFO - DAG(s) 'example_sensors' retrieved from /home/airflow/.local/lib/python3.12/site-packages/airflow/example_dags/example_sensors.py
[2026-05-09T19:07:42.696+0000] {logging_mixin.py:188} INFO - [2026-05-09T19:07:42.695+0000] {dag.py:3096} INFO - Sync 1 DAGs
[2026-05-09T19:07:42.707+0000] {logging_mixin.py:188} INFO - [2026-05-09T19:07:42.707+0000] {dag.py:3954} INFO - Setting next_dagrun for example_sensors to None, run_after=None
[2026-05-09T19:07:42.732+0000] {processor.py:183} INFO - Processing /home/airflow/.local/lib/python3.12/site-packages/airflow/example_dags/example_sensors.py took 0.075 seconds
[2026-05-09T19:08:13.558+0000] {processor.py:161} INFO - Started process (PID=1938) to work on /home/airflow/.local/lib/python3.12/site-packages/airflow/example_dags/example_sensors.py
[2026-05-09T19:08:13.559+0000] {processor.py:830} INFO - Processing file /home/airflow/.local/lib/python3.12/site-packages/airflow/example_dags/example_sensors.py for tasks to queue
[2026-05-09T19:08:13.561+0000] {logging_mixin.py:188} INFO - [2026-05-09T19:08:13.561+0000] {dagbag.py:545} INFO - Filling up the DagBag from /home/airflow/.local/lib/python3.12/site-packages/airflow/example_dags/example_sensors.py
[2026-05-09T19:08:13.569+0000] {processor.py:840} INFO - DAG(s) 'example_sensors' retrieved from /home/airflow/.local/lib/python3.12/site-packages/airflow/example_dags/example_sensors.py
[2026-05-09T19:08:13.594+0000] {logging_mixin.py:188} INFO - [2026-05-09T19:08:13.594+0000] {dag.py:3096} INFO - Sync 1 DAGs
[2026-05-09T19:08:13.605+0000] {logging_mixin.py:188} INFO - [2026-05-09T19:08:13.605+0000] {dag.py:3954} INFO - Setting next_dagrun for example_sensors to None, run_after=None
[2026-05-09T19:08:13.629+0000] {processor.py:183} INFO - Processing /home/airflow/.local/lib/python3.12/site-packages/airflow/example_dags/example_sensors.py took 0.076 seconds
[2026-05-09T19:08:44.632+0000] {processor.py:161} INFO - Started process (PID=1997) to work on /home/airflow/.local/lib/python3.12/site-packages/airflow/example_dags/example_sensors.py
[2026-05-09T19:08:44.634+0000] {processor.py:830} INFO - Processing file /home/airflow/.local/lib/python3.12/site-packages/airflow/example_dags/example_sensors.py for tasks to queue
[2026-05-09T19:08:44.636+0000] {logging_mixin.py:188} INFO - [2026-05-09T19:08:44.635+0000] {dagbag.py:545} INFO - Filling up the DagBag from /home/airflow/.local/lib/python3.12/site-packages/airflow/example_dags/example_sensors.py
[2026-05-09T19:08:44.643+0000] {processor.py:840} INFO - DAG(s) 'example_sensors' retrieved from /home/airflow/.local/lib/python3.12/site-packages/airflow/example_dags/example_sensors.py
[2026-05-09T19:08:44.669+0000] {logging_mixin.py:188} INFO - [2026-05-09T19:08:44.669+0000] {dag.py:3096} INFO - Sync 1 DAGs
[2026-05-09T19:08:44.681+0000] {logging_mixin.py:188} INFO - [2026-05-09T19:08:44.681+0000] {dag.py:3954} INFO - Setting next_dagrun for example_sensors to None, run_after=None
[2026-05-09T19:08:44.705+0000] {processor.py:183} INFO - Processing /home/airflow/.local/lib/python3.12/site-packages/airflow/example_dags/example_sensors.py took 0.078 seconds
[2026-05-09T19:09:15.042+0000] {processor.py:161} INFO - Started process (PID=2056) to work on /home/airflow/.local/lib/python3.12/site-packages/airflow/example_dags/example_sensors.py
[2026-05-09T19:09:15.043+0000] {processor.py:830} INFO - Processing file /home/airflow/.local/lib/python3.12/site-packages/airflow/example_dags/example_sensors.py for tasks to queue
[2026-05-09T19:09:15.045+0000] {logging_mixin.py:188} INFO - [2026-05-09T19:09:15.045+0000] {dagbag.py:545} INFO - Filling up the DagBag from /home/airflow/.local/lib/python3.12/site-packages/airflow/example_dags/example_sensors.py
[2026-05-09T19:09:15.055+0000] {processor.py:840} INFO - DAG(s) 'example_sensors' retrieved from /home/airflow/.local/lib/python3.12/site-packages/airflow/example_dags/example_sensors.py
[2026-05-09T19:09:15.094+0000] {logging_mixin.py:188} INFO - [2026-05-09T19:09:15.094+0000] {dag.py:3096} INFO - Sync 1 DAGs
[2026-05-09T19:09:15.110+0000] {logging_mixin.py:188} INFO - [2026-05-09T19:09:15.110+0000] {dag.py:3954} INFO - Setting next_dagrun for example_sensors to None, run_after=None
[2026-05-09T19:09:15.133+0000] {processor.py:183} INFO - Processing /home/airflow/.local/lib/python3.12/site-packages/airflow/example_dags/example_sensors.py took 0.096 seconds
[2026-05-09T19:09:45.202+0000] {processor.py:161} INFO - Started process (PID=2115) to work on /home/airflow/.local/lib/python3.12/site-packages/airflow/example_dags/example_sensors.py
[2026-05-09T19:09:45.203+0000] {processor.py:830} INFO - Processing file /home/airflow/.local/lib/python3.12/site-packages/airflow/example_dags/example_sensors.py for tasks to queue
[2026-05-09T19:09:45.206+0000] {logging_mixin.py:188} INFO - [2026-05-09T19:09:45.205+0000] {dagbag.py:545} INFO - Filling up the DagBag from /home/airflow/.local/lib/python3.12/site-packages/airflow/example_dags/example_sensors.py
[2026-05-09T19:09:45.215+0000] {processor.py:840} INFO - DAG(s) 'example_sensors' retrieved from /home/airflow/.local/lib/python3.12/site-packages/airflow/example_dags/example_sensors.py
[2026-05-09T19:09:45.241+0000] {logging_mixin.py:188} INFO - [2026-05-09T19:09:45.241+0000] {dag.py:3096} INFO - Sync 1 DAGs
[2026-05-09T19:09:45.255+0000] {logging_mixin.py:188} INFO - [2026-05-09T19:09:45.255+0000] {dag.py:3954} INFO - Setting next_dagrun for example_sensors to None, run_after=None
[2026-05-09T19:09:45.281+0000] {processor.py:183} INFO - Processing /home/airflow/.local/lib/python3.12/site-packages/airflow/example_dags/example_sensors.py took 0.085 seconds
[2026-05-09T19:10:15.954+0000] {processor.py:161} INFO - Started process (PID=2174) to work on /home/airflow/.local/lib/python3.12/site-packages/airflow/example_dags/example_sensors.py
[2026-05-09T19:10:15.956+0000] {processor.py:830} INFO - Processing file /home/airflow/.local/lib/python3.12/site-packages/airflow/example_dags/example_sensors.py for tasks to queue
[2026-05-09T19:10:15.958+0000] {logging_mixin.py:188} INFO - [2026-05-09T19:10:15.958+0000] {dagbag.py:545} INFO - Filling up the DagBag from /home/airflow/.local/lib/python3.12/site-packages/airflow/example_dags/example_sensors.py
[2026-05-09T19:10:15.970+0000] {processor.py:840} INFO - DAG(s) 'example_sensors' retrieved from /home/airflow/.local/lib/python3.12/site-packages/airflow/example_dags/example_sensors.py
[2026-05-09T19:10:16.004+0000] {logging_mixin.py:188} INFO - [2026-05-09T19:10:16.004+0000] {dag.py:3096} INFO - Sync 1 DAGs
[2026-05-09T19:10:16.020+0000] {logging_mixin.py:188} INFO - [2026-05-09T19:10:16.019+0000] {dag.py:3954} INFO - Setting next_dagrun for example_sensors to None, run_after=None
[2026-05-09T19:10:16.045+0000] {processor.py:183} INFO - Processing /home/airflow/.local/lib/python3.12/site-packages/airflow/example_dags/example_sensors.py took 0.097 seconds
[2026-05-09T19:10:46.356+0000] {processor.py:161} INFO - Started process (PID=2233) to work on /home/airflow/.local/lib/python3.12/site-packages/airflow/example_dags/example_sensors.py
[2026-05-09T19:10:46.357+0000] {processor.py:830} INFO - Processing file /home/airflow/.local/lib/python3.12/site-packages/airflow/example_dags/example_sensors.py for tasks to queue
[2026-05-09T19:10:46.359+0000] {logging_mixin.py:188} INFO - [2026-05-09T19:10:46.359+0000] {dagbag.py:545} INFO - Filling up the DagBag from /home/airflow/.local/lib/python3.12/site-packages/airflow/example_dags/example_sensors.py
[2026-05-09T19:10:46.377+0000] {processor.py:840} INFO - DAG(s) 'example_sensors' retrieved from /home/airflow/.local/lib/python3.12/site-packages/airflow/example_dags/example_sensors.py
[2026-05-09T19:10:46.407+0000] {logging_mixin.py:188} INFO - [2026-05-09T19:10:46.407+0000] {dag.py:3096} INFO - Sync 1 DAGs
[2026-05-09T19:10:46.423+0000] {logging_mixin.py:188} INFO - [2026-05-09T19:10:46.423+0000] {dag.py:3954} INFO - Setting next_dagrun for example_sensors to None, run_after=None
[2026-05-09T19:10:46.449+0000] {processor.py:183} INFO - Processing /home/airflow/.local/lib/python3.12/site-packages/airflow/example_dags/example_sensors.py took 0.099 seconds
[2026-05-09T19:11:17.300+0000] {processor.py:161} INFO - Started process (PID=2292) to work on /home/airflow/.local/lib/python3.12/site-packages/airflow/example_dags/example_sensors.py
[2026-05-09T19:11:17.302+0000] {processor.py:830} INFO - Processing file /home/airflow/.local/lib/python3.12/site-packages/airflow/example_dags/example_sensors.py for tasks to queue
[2026-05-09T19:11:17.306+0000] {logging_mixin.py:188} INFO - [2026-05-09T19:11:17.305+0000] {dagbag.py:545} INFO - Filling up the DagBag from /home/airflow/.local/lib/python3.12/site-packages/airflow/example_dags/example_sensors.py
[2026-05-09T19:11:17.318+0000] {processor.py:840} INFO - DAG(s) 'example_sensors' retrieved from /home/airflow/.local/lib/python3.12/site-packages/airflow/example_dags/example_sensors.py
[2026-05-09T19:11:17.348+0000] {logging_mixin.py:188} INFO - [2026-05-09T19:11:17.347+0000] {dag.py:3096} INFO - Sync 1 DAGs
[2026-05-09T19:11:17.365+0000] {logging_mixin.py:188} INFO - [2026-05-09T19:11:17.364+0000] {dag.py:3954} INFO - Setting next_dagrun for example_sensors to None, run_after=None
[2026-05-09T19:11:17.390+0000] {processor.py:183} INFO - Processing /home/airflow/.local/lib/python3.12/site-packages/airflow/example_dags/example_sensors.py took 0.102 seconds
[2026-05-09T19:11:47.745+0000] {processor.py:161} INFO - Started process (PID=2351) to work on /home/airflow/.local/lib/python3.12/site-packages/airflow/example_dags/example_sensors.py
[2026-05-09T19:11:47.746+0000] {processor.py:830} INFO - Processing file /home/airflow/.local/lib/python3.12/site-packages/airflow/example_dags/example_sensors.py for tasks to queue
[2026-05-09T19:11:47.749+0000] {logging_mixin.py:188} INFO - [2026-05-09T19:11:47.749+0000] {dagbag.py:545} INFO - Filling up the DagBag from /home/airflow/.local/lib/python3.12/site-packages/airflow/example_dags/example_sensors.py
[2026-05-09T19:11:47.758+0000] {processor.py:840} INFO - DAG(s) 'example_sensors' retrieved from /home/airflow/.local/lib/python3.12/site-packages/airflow/example_dags/example_sensors.py
[2026-05-09T19:11:47.786+0000] {logging_mixin.py:188} INFO - [2026-05-09T19:11:47.786+0000] {dag.py:3096} INFO - Sync 1 DAGs
[2026-05-09T19:11:47.798+0000] {logging_mixin.py:188} INFO - [2026-05-09T19:11:47.798+0000] {dag.py:3954} INFO - Setting next_dagrun for example_sensors to None, run_after=None
[2026-05-09T19:11:47.824+0000] {processor.py:183} INFO - Processing /home/airflow/.local/lib/python3.12/site-packages/airflow/example_dags/example_sensors.py took 0.085 seconds
[2026-05-09T19:12:18.529+0000] {processor.py:161} INFO - Started process (PID=2410) to work on /home/airflow/.local/lib/python3.12/site-packages/airflow/example_dags/example_sensors.py
[2026-05-09T19:12:18.530+0000] {processor.py:830} INFO - Processing file /home/airflow/.local/lib/python3.12/site-packages/airflow/example_dags/example_sensors.py for tasks to queue
[2026-05-09T19:12:18.532+0000] {logging_mixin.py:188} INFO - [2026-05-09T19:12:18.532+0000] {dagbag.py:545} INFO - Filling up the DagBag from /home/airflow/.local/lib/python3.12/site-packages/airflow/example_dags/example_sensors.py
[2026-05-09T19:12:18.541+0000] {processor.py:840} INFO - DAG(s) 'example_sensors' retrieved from /home/airflow/.local/lib/python3.12/site-packages/airflow/example_dags/example_sensors.py
[2026-05-09T19:12:18.566+0000] {logging_mixin.py:188} INFO - [2026-05-09T19:12:18.566+0000] {dag.py:3096} INFO - Sync 1 DAGs
[2026-05-09T19:12:18.581+0000] {logging_mixin.py:188} INFO - [2026-05-09T19:12:18.581+0000] {dag.py:3954} INFO - Setting next_dagrun for example_sensors to None, run_after=None
[2026-05-09T19:12:18.605+0000] {processor.py:183} INFO - Processing /home/airflow/.local/lib/python3.12/site-packages/airflow/example_dags/example_sensors.py took 0.081 seconds
[2026-05-09T19:12:49.154+0000] {processor.py:161} INFO - Started process (PID=2469) to work on /home/airflow/.local/lib/python3.12/site-packages/airflow/example_dags/example_sensors.py
[2026-05-09T19:12:49.156+0000] {processor.py:830} INFO - Processing file /home/airflow/.local/lib/python3.12/site-packages/airflow/example_dags/example_sensors.py for tasks to queue
[2026-05-09T19:12:49.158+0000] {logging_mixin.py:188} INFO - [2026-05-09T19:12:49.158+0000] {dagbag.py:545} INFO - Filling up the DagBag from /home/airflow/.local/lib/python3.12/site-packages/airflow/example_dags/example_sensors.py
[2026-05-09T19:12:49.168+0000] {processor.py:840} INFO - DAG(s) 'example_sensors' retrieved from /home/airflow/.local/lib/python3.12/site-packages/airflow/example_dags/example_sensors.py
[2026-05-09T19:12:49.201+0000] {logging_mixin.py:188} INFO - [2026-05-09T19:12:49.200+0000] {dag.py:3096} INFO - Sync 1 DAGs
[2026-05-09T19:12:49.218+0000] {logging_mixin.py:188} INFO - [2026-05-09T19:12:49.217+0000] {dag.py:3954} INFO - Setting next_dagrun for example_sensors to None, run_after=None
[2026-05-09T19:12:49.247+0000] {processor.py:183} INFO - Processing /home/airflow/.local/lib/python3.12/site-packages/airflow/example_dags/example_sensors.py took 0.097 seconds
[2026-05-09T19:13:19.363+0000] {processor.py:161} INFO - Started process (PID=2528) to work on /home/airflow/.local/lib/python3.12/site-packages/airflow/example_dags/example_sensors.py
[2026-05-09T19:13:19.364+0000] {processor.py:830} INFO - Processing file /home/airflow/.local/lib/python3.12/site-packages/airflow/example_dags/example_sensors.py for tasks to queue
[2026-05-09T19:13:19.366+0000] {logging_mixin.py:188} INFO - [2026-05-09T19:13:19.366+0000] {dagbag.py:545} INFO - Filling up the DagBag from /home/airflow/.local/lib/python3.12/site-packages/airflow/example_dags/example_sensors.py
[2026-05-09T19:13:19.375+0000] {processor.py:840} INFO - DAG(s) 'example_sensors' retrieved from /home/airflow/.local/lib/python3.12/site-packages/airflow/example_dags/example_sensors.py
[2026-05-09T19:13:19.399+0000] {logging_mixin.py:188} INFO - [2026-05-09T19:13:19.399+0000] {dag.py:3096} INFO - Sync 1 DAGs
[2026-05-09T19:13:19.412+0000] {logging_mixin.py:188} INFO - [2026-05-09T19:13:19.412+0000] {dag.py:3954} INFO - Setting next_dagrun for example_sensors to None, run_after=None
[2026-05-09T19:13:19.436+0000] {processor.py:183} INFO - Processing /home/airflow/.local/lib/python3.12/site-packages/airflow/example_dags/example_sensors.py took 0.079 seconds
[2026-05-09T19:13:50.054+0000] {processor.py:161} INFO - Started process (PID=2587) to work on /home/airflow/.local/lib/python3.12/site-packages/airflow/example_dags/example_sensors.py
[2026-05-09T19:13:50.055+0000] {processor.py:830} INFO - Processing file /home/airflow/.local/lib/python3.12/site-packages/airflow/example_dags/example_sensors.py for tasks to queue
[2026-05-09T19:13:50.057+0000] {logging_mixin.py:188} INFO - [2026-05-09T19:13:50.056+0000] {dagbag.py:545} INFO - Filling up the DagBag from /home/airflow/.local/lib/python3.12/site-packages/airflow/example_dags/example_sensors.py
[2026-05-09T19:13:50.067+0000] {processor.py:840} INFO - DAG(s) 'example_sensors' retrieved from /home/airflow/.local/lib/python3.12/site-packages/airflow/example_dags/example_sensors.py
[2026-05-09T19:13:50.100+0000] {logging_mixin.py:188} INFO - [2026-05-09T19:13:50.100+0000] {dag.py:3096} INFO - Sync 1 DAGs
[2026-05-09T19:13:50.117+0000] {logging_mixin.py:188} INFO - [2026-05-09T19:13:50.116+0000] {dag.py:3954} INFO - Setting next_dagrun for example_sensors to None, run_after=None
[2026-05-09T19:13:50.143+0000] {processor.py:183} INFO - Processing /home/airflow/.local/lib/python3.12/site-packages/airflow/example_dags/example_sensors.py took 0.095 seconds
[2026-05-09T19:14:20.832+0000] {processor.py:161} INFO - Started process (PID=2646) to work on /home/airflow/.local/lib/python3.12/site-packages/airflow/example_dags/example_sensors.py
[2026-05-09T19:14:20.833+0000] {processor.py:830} INFO - Processing file /home/airflow/.local/lib/python3.12/site-packages/airflow/example_dags/example_sensors.py for tasks to queue
[2026-05-09T19:14:20.835+0000] {logging_mixin.py:188} INFO - [2026-05-09T19:14:20.835+0000] {dagbag.py:545} INFO - Filling up the DagBag from /home/airflow/.local/lib/python3.12/site-packages/airflow/example_dags/example_sensors.py
[2026-05-09T19:14:20.842+0000] {processor.py:840} INFO - DAG(s) 'example_sensors' retrieved from /home/airflow/.local/lib/python3.12/site-packages/airflow/example_dags/example_sensors.py
[2026-05-09T19:14:20.867+0000] {logging_mixin.py:188} INFO - [2026-05-09T19:14:20.867+0000] {dag.py:3096} INFO - Sync 1 DAGs
[2026-05-09T19:14:20.879+0000] {logging_mixin.py:188} INFO - [2026-05-09T19:14:20.879+0000] {dag.py:3954} INFO - Setting next_dagrun for example_sensors to None, run_after=None
[2026-05-09T19:14:20.901+0000] {processor.py:183} INFO - Processing /home/airflow/.local/lib/python3.12/site-packages/airflow/example_dags/example_sensors.py took 0.075 seconds
[2026-05-09T19:14:51.449+0000] {processor.py:161} INFO - Started process (PID=2705) to work on /home/airflow/.local/lib/python3.12/site-packages/airflow/example_dags/example_sensors.py
[2026-05-09T19:14:51.450+0000] {processor.py:830} INFO - Processing file /home/airflow/.local/lib/python3.12/site-packages/airflow/example_dags/example_sensors.py for tasks to queue
[2026-05-09T19:14:51.452+0000] {logging_mixin.py:188} INFO - [2026-05-09T19:14:51.452+0000] {dagbag.py:545} INFO - Filling up the DagBag from /home/airflow/.local/lib/python3.12/site-packages/airflow/example_dags/example_sensors.py
[2026-05-09T19:14:51.460+0000] {processor.py:840} INFO - DAG(s) 'example_sensors' retrieved from /home/airflow/.local/lib/python3.12/site-packages/airflow/example_dags/example_sensors.py
[2026-05-09T19:14:51.486+0000] {logging_mixin.py:188} INFO - [2026-05-09T19:14:51.485+0000] {dag.py:3096} INFO - Sync 1 DAGs
[2026-05-09T19:14:51.498+0000] {logging_mixin.py:188} INFO - [2026-05-09T19:14:51.497+0000] {dag.py:3954} INFO - Setting next_dagrun for example_sensors to None, run_after=None
[2026-05-09T19:14:51.522+0000] {processor.py:183} INFO - Processing /home/airflow/.local/lib/python3.12/site-packages/airflow/example_dags/example_sensors.py took 0.077 seconds
[2026-05-09T19:15:22.256+0000] {processor.py:161} INFO - Started process (PID=2764) to work on /home/airflow/.local/lib/python3.12/site-packages/airflow/example_dags/example_sensors.py
[2026-05-09T19:15:22.257+0000] {processor.py:830} INFO - Processing file /home/airflow/.local/lib/python3.12/site-packages/airflow/example_dags/example_sensors.py for tasks to queue
[2026-05-09T19:15:22.259+0000] {logging_mixin.py:188} INFO - [2026-05-09T19:15:22.259+0000] {dagbag.py:545} INFO - Filling up the DagBag from /home/airflow/.local/lib/python3.12/site-packages/airflow/example_dags/example_sensors.py
[2026-05-09T19:15:22.268+0000] {processor.py:840} INFO - DAG(s) 'example_sensors' retrieved from /home/airflow/.local/lib/python3.12/site-packages/airflow/example_dags/example_sensors.py
[2026-05-09T19:15:22.301+0000] {logging_mixin.py:188} INFO - [2026-05-09T19:15:22.301+0000] {dag.py:3096} INFO - Sync 1 DAGs
[2026-05-09T19:15:22.317+0000] {logging_mixin.py:188} INFO - [2026-05-09T19:15:22.317+0000] {dag.py:3954} INFO - Setting next_dagrun for example_sensors to None, run_after=None
[2026-05-09T19:15:22.347+0000] {processor.py:183} INFO - Processing /home/airflow/.local/lib/python3.12/site-packages/airflow/example_dags/example_sensors.py took 0.098 seconds
[2026-05-09T19:15:52.636+0000] {processor.py:161} INFO - Started process (PID=2823) to work on /home/airflow/.local/lib/python3.12/site-packages/airflow/example_dags/example_sensors.py
[2026-05-09T19:15:52.637+0000] {processor.py:830} INFO - Processing file /home/airflow/.local/lib/python3.12/site-packages/airflow/example_dags/example_sensors.py for tasks to queue
[2026-05-09T19:15:52.639+0000] {logging_mixin.py:188} INFO - [2026-05-09T19:15:52.639+0000] {dagbag.py:545} INFO - Filling up the DagBag from /home/airflow/.local/lib/python3.12/site-packages/airflow/example_dags/example_sensors.py
[2026-05-09T19:15:52.648+0000] {processor.py:840} INFO - DAG(s) 'example_sensors' retrieved from /home/airflow/.local/lib/python3.12/site-packages/airflow/example_dags/example_sensors.py
[2026-05-09T19:15:52.675+0000] {logging_mixin.py:188} INFO - [2026-05-09T19:15:52.674+0000] {dag.py:3096} INFO - Sync 1 DAGs
[2026-05-09T19:15:52.687+0000] {logging_mixin.py:188} INFO - [2026-05-09T19:15:52.687+0000] {dag.py:3954} INFO - Setting next_dagrun for example_sensors to None, run_after=None
[2026-05-09T19:15:52.712+0000] {processor.py:183} INFO - Processing /home/airflow/.local/lib/python3.12/site-packages/airflow/example_dags/example_sensors.py took 0.082 seconds
[2026-05-09T19:16:22.760+0000] {processor.py:161} INFO - Started process (PID=2882) to work on /home/airflow/.local/lib/python3.12/site-packages/airflow/example_dags/example_sensors.py
[2026-05-09T19:16:22.762+0000] {processor.py:830} INFO - Processing file /home/airflow/.local/lib/python3.12/site-packages/airflow/example_dags/example_sensors.py for tasks to queue
[2026-05-09T19:16:22.764+0000] {logging_mixin.py:188} INFO - [2026-05-09T19:16:22.763+0000] {dagbag.py:545} INFO - Filling up the DagBag from /home/airflow/.local/lib/python3.12/site-packages/airflow/example_dags/example_sensors.py
[2026-05-09T19:16:22.771+0000] {processor.py:840} INFO - DAG(s) 'example_sensors' retrieved from /home/airflow/.local/lib/python3.12/site-packages/airflow/example_dags/example_sensors.py
[2026-05-09T19:16:22.796+0000] {logging_mixin.py:188} INFO - [2026-05-09T19:16:22.796+0000] {dag.py:3096} INFO - Sync 1 DAGs
[2026-05-09T19:16:22.809+0000] {logging_mixin.py:188} INFO - [2026-05-09T19:16:22.808+0000] {dag.py:3954} INFO - Setting next_dagrun for example_sensors to None, run_after=None
[2026-05-09T19:16:22.831+0000] {processor.py:183} INFO - Processing /home/airflow/.local/lib/python3.12/site-packages/airflow/example_dags/example_sensors.py took 0.076 seconds
[2026-05-09T19:16:53.740+0000] {processor.py:161} INFO - Started process (PID=2941) to work on /home/airflow/.local/lib/python3.12/site-packages/airflow/example_dags/example_sensors.py
[2026-05-09T19:16:53.741+0000] {processor.py:830} INFO - Processing file /home/airflow/.local/lib/python3.12/site-packages/airflow/example_dags/example_sensors.py for tasks to queue
[2026-05-09T19:16:53.743+0000] {logging_mixin.py:188} INFO - [2026-05-09T19:16:53.743+0000] {dagbag.py:545} INFO - Filling up the DagBag from /home/airflow/.local/lib/python3.12/site-packages/airflow/example_dags/example_sensors.py
[2026-05-09T19:16:53.751+0000] {processor.py:840} INFO - DAG(s) 'example_sensors' retrieved from /home/airflow/.local/lib/python3.12/site-packages/airflow/example_dags/example_sensors.py
[2026-05-09T19:16:53.776+0000] {logging_mixin.py:188} INFO - [2026-05-09T19:16:53.776+0000] {dag.py:3096} INFO - Sync 1 DAGs
[2026-05-09T19:16:53.788+0000] {logging_mixin.py:188} INFO - [2026-05-09T19:16:53.788+0000] {dag.py:3954} INFO - Setting next_dagrun for example_sensors to None, run_after=None
[2026-05-09T19:16:53.811+0000] {processor.py:183} INFO - Processing /home/airflow/.local/lib/python3.12/site-packages/airflow/example_dags/example_sensors.py took 0.076 seconds
[2026-05-09T19:17:24.301+0000] {processor.py:161} INFO - Started process (PID=3000) to work on /home/airflow/.local/lib/python3.12/site-packages/airflow/example_dags/example_sensors.py
[2026-05-09T19:17:24.302+0000] {processor.py:830} INFO - Processing file /home/airflow/.local/lib/python3.12/site-packages/airflow/example_dags/example_sensors.py for tasks to queue
[2026-05-09T19:17:24.304+0000] {logging_mixin.py:188} INFO - [2026-05-09T19:17:24.304+0000] {dagbag.py:545} INFO - Filling up the DagBag from /home/airflow/.local/lib/python3.12/site-packages/airflow/example_dags/example_sensors.py
[2026-05-09T19:17:24.312+0000] {processor.py:840} INFO - DAG(s) 'example_sensors' retrieved from /home/airflow/.local/lib/python3.12/site-packages/airflow/example_dags/example_sensors.py
[2026-05-09T19:17:24.341+0000] {logging_mixin.py:188} INFO - [2026-05-09T19:17:24.340+0000] {dag.py:3096} INFO - Sync 1 DAGs
[2026-05-09T19:17:24.357+0000] {logging_mixin.py:188} INFO - [2026-05-09T19:17:24.357+0000] {dag.py:3954} INFO - Setting next_dagrun for example_sensors to None, run_after=None
[2026-05-09T19:17:24.383+0000] {processor.py:183} INFO - Processing /home/airflow/.local/lib/python3.12/site-packages/airflow/example_dags/example_sensors.py took 0.087 seconds
[2026-05-09T19:17:54.926+0000] {processor.py:161} INFO - Started process (PID=3059) to work on /home/airflow/.local/lib/python3.12/site-packages/airflow/example_dags/example_sensors.py
[2026-05-09T19:17:54.927+0000] {processor.py:830} INFO - Processing file /home/airflow/.local/lib/python3.12/site-packages/airflow/example_dags/example_sensors.py for tasks to queue
[2026-05-09T19:17:54.929+0000] {logging_mixin.py:188} INFO - [2026-05-09T19:17:54.929+0000] {dagbag.py:545} INFO - Filling up the DagBag from /home/airflow/.local/lib/python3.12/site-packages/airflow/example_dags/example_sensors.py
[2026-05-09T19:17:54.937+0000] {processor.py:840} INFO - DAG(s) 'example_sensors' retrieved from /home/airflow/.local/lib/python3.12/site-packages/airflow/example_dags/example_sensors.py
[2026-05-09T19:17:54.963+0000] {logging_mixin.py:188} INFO - [2026-05-09T19:17:54.963+0000] {dag.py:3096} INFO - Sync 1 DAGs
[2026-05-09T19:17:54.975+0000] {logging_mixin.py:188} INFO - [2026-05-09T19:17:54.975+0000] {dag.py:3954} INFO - Setting next_dagrun for example_sensors to None, run_after=None
[2026-05-09T19:17:54.999+0000] {processor.py:183} INFO - Processing /home/airflow/.local/lib/python3.12/site-packages/airflow/example_dags/example_sensors.py took 0.078 seconds
[2026-05-09T19:18:25.108+0000] {processor.py:161} INFO - Started process (PID=3118) to work on /home/airflow/.local/lib/python3.12/site-packages/airflow/example_dags/example_sensors.py
[2026-05-09T19:18:25.109+0000] {processor.py:830} INFO - Processing file /home/airflow/.local/lib/python3.12/site-packages/airflow/example_dags/example_sensors.py for tasks to queue
[2026-05-09T19:18:25.111+0000] {logging_mixin.py:188} INFO - [2026-05-09T19:18:25.111+0000] {dagbag.py:545} INFO - Filling up the DagBag from /home/airflow/.local/lib/python3.12/site-packages/airflow/example_dags/example_sensors.py
[2026-05-09T19:18:25.119+0000] {processor.py:840} INFO - DAG(s) 'example_sensors' retrieved from /home/airflow/.local/lib/python3.12/site-packages/airflow/example_dags/example_sensors.py
[2026-05-09T19:18:25.145+0000] {logging_mixin.py:188} INFO - [2026-05-09T19:18:25.144+0000] {dag.py:3096} INFO - Sync 1 DAGs
[2026-05-09T19:18:25.158+0000] {logging_mixin.py:188} INFO - [2026-05-09T19:18:25.157+0000] {dag.py:3954} INFO - Setting next_dagrun for example_sensors to None, run_after=None
[2026-05-09T19:18:25.180+0000] {processor.py:183} INFO - Processing /home/airflow/.local/lib/python3.12/site-packages/airflow/example_dags/example_sensors.py took 0.078 seconds
[2026-05-09T19:18:56.110+0000] {processor.py:161} INFO - Started process (PID=3177) to work on /home/airflow/.local/lib/python3.12/site-packages/airflow/example_dags/example_sensors.py
[2026-05-09T19:18:56.111+0000] {processor.py:830} INFO - Processing file /home/airflow/.local/lib/python3.12/site-packages/airflow/example_dags/example_sensors.py for tasks to queue
[2026-05-09T19:18:56.113+0000] {logging_mixin.py:188} INFO - [2026-05-09T19:18:56.112+0000] {dagbag.py:545} INFO - Filling up the DagBag from /home/airflow/.local/lib/python3.12/site-packages/airflow/example_dags/example_sensors.py
[2026-05-09T19:18:56.120+0000] {processor.py:840} INFO - DAG(s) 'example_sensors' retrieved from /home/airflow/.local/lib/python3.12/site-packages/airflow/example_dags/example_sensors.py
[2026-05-09T19:18:56.145+0000] {logging_mixin.py:188} INFO - [2026-05-09T19:18:56.145+0000] {dag.py:3096} INFO - Sync 1 DAGs
[2026-05-09T19:18:56.157+0000] {logging_mixin.py:188} INFO - [2026-05-09T19:18:56.156+0000] {dag.py:3954} INFO - Setting next_dagrun for example_sensors to None, run_after=None
[2026-05-09T19:18:56.179+0000] {processor.py:183} INFO - Processing /home/airflow/.local/lib/python3.12/site-packages/airflow/example_dags/example_sensors.py took 0.074 seconds
[2026-05-09T19:19:27.548+0000] {processor.py:161} INFO - Started process (PID=3236) to work on /home/airflow/.local/lib/python3.12/site-packages/airflow/example_dags/example_sensors.py
[2026-05-09T19:19:27.550+0000] {processor.py:830} INFO - Processing file /home/airflow/.local/lib/python3.12/site-packages/airflow/example_dags/example_sensors.py for tasks to queue
[2026-05-09T19:19:27.552+0000] {logging_mixin.py:188} INFO - [2026-05-09T19:19:27.551+0000] {dagbag.py:545} INFO - Filling up the DagBag from /home/airflow/.local/lib/python3.12/site-packages/airflow/example_dags/example_sensors.py
[2026-05-09T19:19:27.560+0000] {processor.py:840} INFO - DAG(s) 'example_sensors' retrieved from /home/airflow/.local/lib/python3.12/site-packages/airflow/example_dags/example_sensors.py
[2026-05-09T19:19:27.585+0000] {logging_mixin.py:188} INFO - [2026-05-09T19:19:27.585+0000] {dag.py:3096} INFO - Sync 1 DAGs
[2026-05-09T19:19:27.598+0000] {logging_mixin.py:188} INFO - [2026-05-09T19:19:27.598+0000] {dag.py:3954} INFO - Setting next_dagrun for example_sensors to None, run_after=None
[2026-05-09T19:19:27.620+0000] {processor.py:183} INFO - Processing /home/airflow/.local/lib/python3.12/site-packages/airflow/example_dags/example_sensors.py took 0.077 seconds
[2026-05-09T19:19:58.095+0000] {processor.py:161} INFO - Started process (PID=3295) to work on /home/airflow/.local/lib/python3.12/site-packages/airflow/example_dags/example_sensors.py
[2026-05-09T19:19:58.096+0000] {processor.py:830} INFO - Processing file /home/airflow/.local/lib/python3.12/site-packages/airflow/example_dags/example_sensors.py for tasks to queue
[2026-05-09T19:19:58.099+0000] {logging_mixin.py:188} INFO - [2026-05-09T19:19:58.098+0000] {dagbag.py:545} INFO - Filling up the DagBag from /home/airflow/.local/lib/python3.12/site-packages/airflow/example_dags/example_sensors.py
[2026-05-09T19:19:58.107+0000] {processor.py:840} INFO - DAG(s) 'example_sensors' retrieved from /home/airflow/.local/lib/python3.12/site-packages/airflow/example_dags/example_sensors.py
[2026-05-09T19:19:58.132+0000] {logging_mixin.py:188} INFO - [2026-05-09T19:19:58.131+0000] {dag.py:3096} INFO - Sync 1 DAGs
[2026-05-09T19:19:58.146+0000] {logging_mixin.py:188} INFO - [2026-05-09T19:19:58.146+0000] {dag.py:3954} INFO - Setting next_dagrun for example_sensors to None, run_after=None
[2026-05-09T19:19:58.169+0000] {processor.py:183} INFO - Processing /home/airflow/.local/lib/python3.12/site-packages/airflow/example_dags/example_sensors.py took 0.079 seconds
[2026-05-09T19:20:29.255+0000] {processor.py:161} INFO - Started process (PID=3354) to work on /home/airflow/.local/lib/python3.12/site-packages/airflow/example_dags/example_sensors.py
[2026-05-09T19:20:29.256+0000] {processor.py:830} INFO - Processing file /home/airflow/.local/lib/python3.12/site-packages/airflow/example_dags/example_sensors.py for tasks to queue
[2026-05-09T19:20:29.258+0000] {logging_mixin.py:188} INFO - [2026-05-09T19:20:29.258+0000] {dagbag.py:545} INFO - Filling up the DagBag from /home/airflow/.local/lib/python3.12/site-packages/airflow/example_dags/example_sensors.py
[2026-05-09T19:20:29.267+0000] {processor.py:840} INFO - DAG(s) 'example_sensors' retrieved from /home/airflow/.local/lib/python3.12/site-packages/airflow/example_dags/example_sensors.py
[2026-05-09T19:20:29.294+0000] {logging_mixin.py:188} INFO - [2026-05-09T19:20:29.293+0000] {dag.py:3096} INFO - Sync 1 DAGs
[2026-05-09T19:20:29.307+0000] {logging_mixin.py:188} INFO - [2026-05-09T19:20:29.306+0000] {dag.py:3954} INFO - Setting next_dagrun for example_sensors to None, run_after=None
[2026-05-09T19:20:29.331+0000] {processor.py:183} INFO - Processing /home/airflow/.local/lib/python3.12/site-packages/airflow/example_dags/example_sensors.py took 0.081 seconds
[2026-05-09T19:20:59.467+0000] {processor.py:161} INFO - Started process (PID=3413) to work on /home/airflow/.local/lib/python3.12/site-packages/airflow/example_dags/example_sensors.py
[2026-05-09T19:20:59.468+0000] {processor.py:830} INFO - Processing file /home/airflow/.local/lib/python3.12/site-packages/airflow/example_dags/example_sensors.py for tasks to queue
[2026-05-09T19:20:59.471+0000] {logging_mixin.py:188} INFO - [2026-05-09T19:20:59.470+0000] {dagbag.py:545} INFO - Filling up the DagBag from /home/airflow/.local/lib/python3.12/site-packages/airflow/example_dags/example_sensors.py
[2026-05-09T19:20:59.479+0000] {processor.py:840} INFO - DAG(s) 'example_sensors' retrieved from /home/airflow/.local/lib/python3.12/site-packages/airflow/example_dags/example_sensors.py
[2026-05-09T19:20:59.504+0000] {logging_mixin.py:188} INFO - [2026-05-09T19:20:59.504+0000] {dag.py:3096} INFO - Sync 1 DAGs
[2026-05-09T19:20:59.518+0000] {logging_mixin.py:188} INFO - [2026-05-09T19:20:59.518+0000] {dag.py:3954} INFO - Setting next_dagrun for example_sensors to None, run_after=None
[2026-05-09T19:20:59.544+0000] {processor.py:183} INFO - Processing /home/airflow/.local/lib/python3.12/site-packages/airflow/example_dags/example_sensors.py took 0.082 seconds
[2026-05-09T19:21:30.859+0000] {processor.py:161} INFO - Started process (PID=3472) to work on /home/airflow/.local/lib/python3.12/site-packages/airflow/example_dags/example_sensors.py
[2026-05-09T19:21:30.860+0000] {processor.py:830} INFO - Processing file /home/airflow/.local/lib/python3.12/site-packages/airflow/example_dags/example_sensors.py for tasks to queue
[2026-05-09T19:21:30.861+0000] {logging_mixin.py:188} INFO - [2026-05-09T19:21:30.861+0000] {dagbag.py:545} INFO - Filling up the DagBag from /home/airflow/.local/lib/python3.12/site-packages/airflow/example_dags/example_sensors.py
[2026-05-09T19:21:30.870+0000] {processor.py:840} INFO - DAG(s) 'example_sensors' retrieved from /home/airflow/.local/lib/python3.12/site-packages/airflow/example_dags/example_sensors.py
[2026-05-09T19:21:30.896+0000] {logging_mixin.py:188} INFO - [2026-05-09T19:21:30.895+0000] {dag.py:3096} INFO - Sync 1 DAGs
[2026-05-09T19:21:30.909+0000] {logging_mixin.py:188} INFO - [2026-05-09T19:21:30.908+0000] {dag.py:3954} INFO - Setting next_dagrun for example_sensors to None, run_after=None
[2026-05-09T19:21:30.933+0000] {processor.py:183} INFO - Processing /home/airflow/.local/lib/python3.12/site-packages/airflow/example_dags/example_sensors.py took 0.080 seconds
[2026-05-09T19:22:01.416+0000] {processor.py:161} INFO - Started process (PID=3531) to work on /home/airflow/.local/lib/python3.12/site-packages/airflow/example_dags/example_sensors.py
[2026-05-09T19:22:01.417+0000] {processor.py:830} INFO - Processing file /home/airflow/.local/lib/python3.12/site-packages/airflow/example_dags/example_sensors.py for tasks to queue
[2026-05-09T19:22:01.420+0000] {logging_mixin.py:188} INFO - [2026-05-09T19:22:01.419+0000] {dagbag.py:545} INFO - Filling up the DagBag from /home/airflow/.local/lib/python3.12/site-packages/airflow/example_dags/example_sensors.py
[2026-05-09T19:22:01.432+0000] {processor.py:840} INFO - DAG(s) 'example_sensors' retrieved from /home/airflow/.local/lib/python3.12/site-packages/airflow/example_dags/example_sensors.py
[2026-05-09T19:22:01.471+0000] {logging_mixin.py:188} INFO - [2026-05-09T19:22:01.471+0000] {dag.py:3096} INFO - Sync 1 DAGs
[2026-05-09T19:22:01.484+0000] {logging_mixin.py:188} INFO - [2026-05-09T19:22:01.483+0000] {dag.py:3954} INFO - Setting next_dagrun for example_sensors to None, run_after=None
[2026-05-09T19:22:01.513+0000] {processor.py:183} INFO - Processing /home/airflow/.local/lib/python3.12/site-packages/airflow/example_dags/example_sensors.py took 0.105 seconds
[2026-05-09T19:22:32.608+0000] {processor.py:161} INFO - Started process (PID=3590) to work on /home/airflow/.local/lib/python3.12/site-packages/airflow/example_dags/example_sensors.py
[2026-05-09T19:22:32.610+0000] {processor.py:830} INFO - Processing file /home/airflow/.local/lib/python3.12/site-packages/airflow/example_dags/example_sensors.py for tasks to queue
[2026-05-09T19:22:32.612+0000] {logging_mixin.py:188} INFO - [2026-05-09T19:22:32.612+0000] {dagbag.py:545} INFO - Filling up the DagBag from /home/airflow/.local/lib/python3.12/site-packages/airflow/example_dags/example_sensors.py
[2026-05-09T19:22:32.621+0000] {processor.py:840} INFO - DAG(s) 'example_sensors' retrieved from /home/airflow/.local/lib/python3.12/site-packages/airflow/example_dags/example_sensors.py
[2026-05-09T19:22:32.649+0000] {logging_mixin.py:188} INFO - [2026-05-09T19:22:32.648+0000] {dag.py:3096} INFO - Sync 1 DAGs
[2026-05-09T19:22:32.662+0000] {logging_mixin.py:188} INFO - [2026-05-09T19:22:32.661+0000] {dag.py:3954} INFO - Setting next_dagrun for example_sensors to None, run_after=None
[2026-05-09T19:22:32.687+0000] {processor.py:183} INFO - Processing /home/airflow/.local/lib/python3.12/site-packages/airflow/example_dags/example_sensors.py took 0.085 seconds
[2026-05-09T19:23:02.996+0000] {processor.py:161} INFO - Started process (PID=3649) to work on /home/airflow/.local/lib/python3.12/site-packages/airflow/example_dags/example_sensors.py
[2026-05-09T19:23:02.997+0000] {processor.py:830} INFO - Processing file /home/airflow/.local/lib/python3.12/site-packages/airflow/example_dags/example_sensors.py for tasks to queue
[2026-05-09T19:23:03.000+0000] {logging_mixin.py:188} INFO - [2026-05-09T19:23:02.999+0000] {dagbag.py:545} INFO - Filling up the DagBag from /home/airflow/.local/lib/python3.12/site-packages/airflow/example_dags/example_sensors.py
[2026-05-09T19:23:03.009+0000] {processor.py:840} INFO - DAG(s) 'example_sensors' retrieved from /home/airflow/.local/lib/python3.12/site-packages/airflow/example_dags/example_sensors.py
[2026-05-09T19:23:03.037+0000] {logging_mixin.py:188} INFO - [2026-05-09T19:23:03.037+0000] {dag.py:3096} INFO - Sync 1 DAGs
[2026-05-09T19:23:03.050+0000] {logging_mixin.py:188} INFO - [2026-05-09T19:23:03.050+0000] {dag.py:3954} INFO - Setting next_dagrun for example_sensors to None, run_after=None
[2026-05-09T19:23:03.075+0000] {processor.py:183} INFO - Processing /home/airflow/.local/lib/python3.12/site-packages/airflow/example_dags/example_sensors.py took 0.085 seconds
[2026-05-09T19:23:33.354+0000] {processor.py:161} INFO - Started process (PID=3708) to work on /home/airflow/.local/lib/python3.12/site-packages/airflow/example_dags/example_sensors.py
[2026-05-09T19:23:33.355+0000] {processor.py:830} INFO - Processing file /home/airflow/.local/lib/python3.12/site-packages/airflow/example_dags/example_sensors.py for tasks to queue
[2026-05-09T19:23:33.357+0000] {logging_mixin.py:188} INFO - [2026-05-09T19:23:33.357+0000] {dagbag.py:545} INFO - Filling up the DagBag from /home/airflow/.local/lib/python3.12/site-packages/airflow/example_dags/example_sensors.py
[2026-05-09T19:23:33.366+0000] {processor.py:840} INFO - DAG(s) 'example_sensors' retrieved from /home/airflow/.local/lib/python3.12/site-packages/airflow/example_dags/example_sensors.py
[2026-05-09T19:23:33.394+0000] {logging_mixin.py:188} INFO - [2026-05-09T19:23:33.394+0000] {dag.py:3096} INFO - Sync 1 DAGs
[2026-05-09T19:23:33.406+0000] {logging_mixin.py:188} INFO - [2026-05-09T19:23:33.406+0000] {dag.py:3954} INFO - Setting next_dagrun for example_sensors to None, run_after=None
[2026-05-09T19:23:33.432+0000] {processor.py:183} INFO - Processing /home/airflow/.local/lib/python3.12/site-packages/airflow/example_dags/example_sensors.py took 0.083 seconds
[2026-05-09T19:24:04.850+0000] {processor.py:161} INFO - Started process (PID=3767) to work on /home/airflow/.local/lib/python3.12/site-packages/airflow/example_dags/example_sensors.py
[2026-05-09T19:24:04.851+0000] {processor.py:830} INFO - Processing file /home/airflow/.local/lib/python3.12/site-packages/airflow/example_dags/example_sensors.py for tasks to queue
[2026-05-09T19:24:04.853+0000] {logging_mixin.py:188} INFO - [2026-05-09T19:24:04.853+0000] {dagbag.py:545} INFO - Filling up the DagBag from /home/airflow/.local/lib/python3.12/site-packages/airflow/example_dags/example_sensors.py
[2026-05-09T19:24:04.861+0000] {processor.py:840} INFO - DAG(s) 'example_sensors' retrieved from /home/airflow/.local/lib/python3.12/site-packages/airflow/example_dags/example_sensors.py
[2026-05-09T19:24:04.891+0000] {logging_mixin.py:188} INFO - [2026-05-09T19:24:04.890+0000] {dag.py:3096} INFO - Sync 1 DAGs
[2026-05-09T19:24:04.904+0000] {logging_mixin.py:188} INFO - [2026-05-09T19:24:04.904+0000] {dag.py:3954} INFO - Setting next_dagrun for example_sensors to None, run_after=None
[2026-05-09T19:24:04.931+0000] {processor.py:183} INFO - Processing /home/airflow/.local/lib/python3.12/site-packages/airflow/example_dags/example_sensors.py took 0.087 seconds
[2026-05-09T19:24:35.110+0000] {processor.py:161} INFO - Started process (PID=3826) to work on /home/airflow/.local/lib/python3.12/site-packages/airflow/example_dags/example_sensors.py
[2026-05-09T19:24:35.112+0000] {processor.py:830} INFO - Processing file /home/airflow/.local/lib/python3.12/site-packages/airflow/example_dags/example_sensors.py for tasks to queue
[2026-05-09T19:24:35.114+0000] {logging_mixin.py:188} INFO - [2026-05-09T19:24:35.113+0000] {dagbag.py:545} INFO - Filling up the DagBag from /home/airflow/.local/lib/python3.12/site-packages/airflow/example_dags/example_sensors.py
[2026-05-09T19:24:35.121+0000] {processor.py:840} INFO - DAG(s) 'example_sensors' retrieved from /home/airflow/.local/lib/python3.12/site-packages/airflow/example_dags/example_sensors.py
[2026-05-09T19:24:35.147+0000] {logging_mixin.py:188} INFO - [2026-05-09T19:24:35.147+0000] {dag.py:3096} INFO - Sync 1 DAGs
[2026-05-09T19:24:35.159+0000] {logging_mixin.py:188} INFO - [2026-05-09T19:24:35.158+0000] {dag.py:3954} INFO - Setting next_dagrun for example_sensors to None, run_after=None
[2026-05-09T19:24:35.185+0000] {processor.py:183} INFO - Processing /home/airflow/.local/lib/python3.12/site-packages/airflow/example_dags/example_sensors.py took 0.079 seconds
[2026-05-09T19:25:06.449+0000] {processor.py:161} INFO - Started process (PID=3885) to work on /home/airflow/.local/lib/python3.12/site-packages/airflow/example_dags/example_sensors.py
[2026-05-09T19:25:06.450+0000] {processor.py:830} INFO - Processing file /home/airflow/.local/lib/python3.12/site-packages/airflow/example_dags/example_sensors.py for tasks to queue
[2026-05-09T19:25:06.452+0000] {logging_mixin.py:188} INFO - [2026-05-09T19:25:06.451+0000] {dagbag.py:545} INFO - Filling up the DagBag from /home/airflow/.local/lib/python3.12/site-packages/airflow/example_dags/example_sensors.py
[2026-05-09T19:25:06.460+0000] {processor.py:840} INFO - DAG(s) 'example_sensors' retrieved from /home/airflow/.local/lib/python3.12/site-packages/airflow/example_dags/example_sensors.py
[2026-05-09T19:25:06.485+0000] {logging_mixin.py:188} INFO - [2026-05-09T19:25:06.484+0000] {dag.py:3096} INFO - Sync 1 DAGs
[2026-05-09T19:25:06.496+0000] {logging_mixin.py:188} INFO - [2026-05-09T19:25:06.496+0000] {dag.py:3954} INFO - Setting next_dagrun for example_sensors to None, run_after=None
[2026-05-09T19:25:06.521+0000] {processor.py:183} INFO - Processing /home/airflow/.local/lib/python3.12/site-packages/airflow/example_dags/example_sensors.py took 0.078 seconds
[2026-05-09T19:25:36.762+0000] {processor.py:161} INFO - Started process (PID=3944) to work on /home/airflow/.local/lib/python3.12/site-packages/airflow/example_dags/example_sensors.py
[2026-05-09T19:25:36.763+0000] {processor.py:830} INFO - Processing file /home/airflow/.local/lib/python3.12/site-packages/airflow/example_dags/example_sensors.py for tasks to queue
[2026-05-09T19:25:36.766+0000] {logging_mixin.py:188} INFO - [2026-05-09T19:25:36.765+0000] {dagbag.py:545} INFO - Filling up the DagBag from /home/airflow/.local/lib/python3.12/site-packages/airflow/example_dags/example_sensors.py
[2026-05-09T19:25:36.780+0000] {processor.py:840} INFO - DAG(s) 'example_sensors' retrieved from /home/airflow/.local/lib/python3.12/site-packages/airflow/example_dags/example_sensors.py
[2026-05-09T19:25:36.817+0000] {logging_mixin.py:188} INFO - [2026-05-09T19:25:36.816+0000] {dag.py:3096} INFO - Sync 1 DAGs
[2026-05-09T19:25:36.837+0000] {logging_mixin.py:188} INFO - [2026-05-09T19:25:36.837+0000] {dag.py:3954} INFO - Setting next_dagrun for example_sensors to None, run_after=None
[2026-05-09T19:25:36.889+0000] {processor.py:183} INFO - Processing /home/airflow/.local/lib/python3.12/site-packages/airflow/example_dags/example_sensors.py took 0.133 seconds
[2026-05-09T19:26:07.307+0000] {processor.py:161} INFO - Started process (PID=4003) to work on /home/airflow/.local/lib/python3.12/site-packages/airflow/example_dags/example_sensors.py
[2026-05-09T19:26:07.308+0000] {processor.py:830} INFO - Processing file /home/airflow/.local/lib/python3.12/site-packages/airflow/example_dags/example_sensors.py for tasks to queue
[2026-05-09T19:26:07.310+0000] {logging_mixin.py:188} INFO - [2026-05-09T19:26:07.310+0000] {dagbag.py:545} INFO - Filling up the DagBag from /home/airflow/.local/lib/python3.12/site-packages/airflow/example_dags/example_sensors.py
[2026-05-09T19:26:07.318+0000] {processor.py:840} INFO - DAG(s) 'example_sensors' retrieved from /home/airflow/.local/lib/python3.12/site-packages/airflow/example_dags/example_sensors.py
[2026-05-09T19:26:07.344+0000] {logging_mixin.py:188} INFO - [2026-05-09T19:26:07.343+0000] {dag.py:3096} INFO - Sync 1 DAGs
[2026-05-09T19:26:07.356+0000] {logging_mixin.py:188} INFO - [2026-05-09T19:26:07.355+0000] {dag.py:3954} INFO - Setting next_dagrun for example_sensors to None, run_after=None
[2026-05-09T19:26:07.379+0000] {processor.py:183} INFO - Processing /home/airflow/.local/lib/python3.12/site-packages/airflow/example_dags/example_sensors.py took 0.077 seconds
[2026-05-09T19:26:38.489+0000] {processor.py:161} INFO - Started process (PID=4062) to work on /home/airflow/.local/lib/python3.12/site-packages/airflow/example_dags/example_sensors.py
[2026-05-09T19:26:38.490+0000] {processor.py:830} INFO - Processing file /home/airflow/.local/lib/python3.12/site-packages/airflow/example_dags/example_sensors.py for tasks to queue
[2026-05-09T19:26:38.492+0000] {logging_mixin.py:188} INFO - [2026-05-09T19:26:38.492+0000] {dagbag.py:545} INFO - Filling up the DagBag from /home/airflow/.local/lib/python3.12/site-packages/airflow/example_dags/example_sensors.py
[2026-05-09T19:26:38.500+0000] {processor.py:840} INFO - DAG(s) 'example_sensors' retrieved from /home/airflow/.local/lib/python3.12/site-packages/airflow/example_dags/example_sensors.py
[2026-05-09T19:26:38.529+0000] {logging_mixin.py:188} INFO - [2026-05-09T19:26:38.529+0000] {dag.py:3096} INFO - Sync 1 DAGs
[2026-05-09T19:26:38.543+0000] {logging_mixin.py:188} INFO - [2026-05-09T19:26:38.542+0000] {dag.py:3954} INFO - Setting next_dagrun for example_sensors to None, run_after=None
[2026-05-09T19:26:38.565+0000] {processor.py:183} INFO - Processing /home/airflow/.local/lib/python3.12/site-packages/airflow/example_dags/example_sensors.py took 0.081 seconds
[2026-05-09T19:27:08.822+0000] {processor.py:161} INFO - Started process (PID=4121) to work on /home/airflow/.local/lib/python3.12/site-packages/airflow/example_dags/example_sensors.py
[2026-05-09T19:27:08.824+0000] {processor.py:830} INFO - Processing file /home/airflow/.local/lib/python3.12/site-packages/airflow/example_dags/example_sensors.py for tasks to queue
[2026-05-09T19:27:08.826+0000] {logging_mixin.py:188} INFO - [2026-05-09T19:27:08.825+0000] {dagbag.py:545} INFO - Filling up the DagBag from /home/airflow/.local/lib/python3.12/site-packages/airflow/example_dags/example_sensors.py
[2026-05-09T19:27:08.834+0000] {processor.py:840} INFO - DAG(s) 'example_sensors' retrieved from /home/airflow/.local/lib/python3.12/site-packages/airflow/example_dags/example_sensors.py
[2026-05-09T19:27:08.859+0000] {logging_mixin.py:188} INFO - [2026-05-09T19:27:08.858+0000] {dag.py:3096} INFO - Sync 1 DAGs
[2026-05-09T19:27:08.871+0000] {logging_mixin.py:188} INFO - [2026-05-09T19:27:08.871+0000] {dag.py:3954} INFO - Setting next_dagrun for example_sensors to None, run_after=None
[2026-05-09T19:27:08.893+0000] {processor.py:183} INFO - Processing /home/airflow/.local/lib/python3.12/site-packages/airflow/example_dags/example_sensors.py took 0.076 seconds
[2026-05-09T19:27:40.287+0000] {processor.py:161} INFO - Started process (PID=4180) to work on /home/airflow/.local/lib/python3.12/site-packages/airflow/example_dags/example_sensors.py
[2026-05-09T19:27:40.288+0000] {processor.py:830} INFO - Processing file /home/airflow/.local/lib/python3.12/site-packages/airflow/example_dags/example_sensors.py for tasks to queue
[2026-05-09T19:27:40.290+0000] {logging_mixin.py:188} INFO - [2026-05-09T19:27:40.290+0000] {dagbag.py:545} INFO - Filling up the DagBag from /home/airflow/.local/lib/python3.12/site-packages/airflow/example_dags/example_sensors.py
[2026-05-09T19:27:40.300+0000] {processor.py:840} INFO - DAG(s) 'example_sensors' retrieved from /home/airflow/.local/lib/python3.12/site-packages/airflow/example_dags/example_sensors.py
[2026-05-09T19:27:40.327+0000] {logging_mixin.py:188} INFO - [2026-05-09T19:27:40.327+0000] {dag.py:3096} INFO - Sync 1 DAGs
[2026-05-09T19:27:40.340+0000] {logging_mixin.py:188} INFO - [2026-05-09T19:27:40.340+0000] {dag.py:3954} INFO - Setting next_dagrun for example_sensors to None, run_after=None
[2026-05-09T19:27:40.363+0000] {processor.py:183} INFO - Processing /home/airflow/.local/lib/python3.12/site-packages/airflow/example_dags/example_sensors.py took 0.081 seconds
[2026-05-09T19:28:10.807+0000] {processor.py:161} INFO - Started process (PID=4239) to work on /home/airflow/.local/lib/python3.12/site-packages/airflow/example_dags/example_sensors.py
[2026-05-09T19:28:10.808+0000] {processor.py:830} INFO - Processing file /home/airflow/.local/lib/python3.12/site-packages/airflow/example_dags/example_sensors.py for tasks to queue
[2026-05-09T19:28:10.811+0000] {logging_mixin.py:188} INFO - [2026-05-09T19:28:10.810+0000] {dagbag.py:545} INFO - Filling up the DagBag from /home/airflow/.local/lib/python3.12/site-packages/airflow/example_dags/example_sensors.py
[2026-05-09T19:28:10.818+0000] {processor.py:840} INFO - DAG(s) 'example_sensors' retrieved from /home/airflow/.local/lib/python3.12/site-packages/airflow/example_dags/example_sensors.py
[2026-05-09T19:28:10.844+0000] {logging_mixin.py:188} INFO - [2026-05-09T19:28:10.844+0000] {dag.py:3096} INFO - Sync 1 DAGs
[2026-05-09T19:28:10.858+0000] {logging_mixin.py:188} INFO - [2026-05-09T19:28:10.857+0000] {dag.py:3954} INFO - Setting next_dagrun for example_sensors to None, run_after=None
[2026-05-09T19:28:10.882+0000] {processor.py:183} INFO - Processing /home/airflow/.local/lib/python3.12/site-packages/airflow/example_dags/example_sensors.py took 0.079 seconds
[2026-05-09T19:28:41.394+0000] {processor.py:161} INFO - Started process (PID=4298) to work on /home/airflow/.local/lib/python3.12/site-packages/airflow/example_dags/example_sensors.py
[2026-05-09T19:28:41.395+0000] {processor.py:830} INFO - Processing file /home/airflow/.local/lib/python3.12/site-packages/airflow/example_dags/example_sensors.py for tasks to queue
[2026-05-09T19:28:41.397+0000] {logging_mixin.py:188} INFO - [2026-05-09T19:28:41.397+0000] {dagbag.py:545} INFO - Filling up the DagBag from /home/airflow/.local/lib/python3.12/site-packages/airflow/example_dags/example_sensors.py
[2026-05-09T19:28:41.405+0000] {processor.py:840} INFO - DAG(s) 'example_sensors' retrieved from /home/airflow/.local/lib/python3.12/site-packages/airflow/example_dags/example_sensors.py
[2026-05-09T19:28:41.431+0000] {logging_mixin.py:188} INFO - [2026-05-09T19:28:41.431+0000] {dag.py:3096} INFO - Sync 1 DAGs
[2026-05-09T19:28:41.444+0000] {logging_mixin.py:188} INFO - [2026-05-09T19:28:41.444+0000] {dag.py:3954} INFO - Setting next_dagrun for example_sensors to None, run_after=None
[2026-05-09T19:28:41.471+0000] {processor.py:183} INFO - Processing /home/airflow/.local/lib/python3.12/site-packages/airflow/example_dags/example_sensors.py took 0.082 seconds
[2026-05-09T19:29:12.376+0000] {processor.py:161} INFO - Started process (PID=4357) to work on /home/airflow/.local/lib/python3.12/site-packages/airflow/example_dags/example_sensors.py
[2026-05-09T19:29:12.378+0000] {processor.py:830} INFO - Processing file /home/airflow/.local/lib/python3.12/site-packages/airflow/example_dags/example_sensors.py for tasks to queue
[2026-05-09T19:29:12.380+0000] {logging_mixin.py:188} INFO - [2026-05-09T19:29:12.379+0000] {dagbag.py:545} INFO - Filling up the DagBag from /home/airflow/.local/lib/python3.12/site-packages/airflow/example_dags/example_sensors.py
[2026-05-09T19:29:12.387+0000] {processor.py:840} INFO - DAG(s) 'example_sensors' retrieved from /home/airflow/.local/lib/python3.12/site-packages/airflow/example_dags/example_sensors.py
[2026-05-09T19:29:12.413+0000] {logging_mixin.py:188} INFO - [2026-05-09T19:29:12.413+0000] {dag.py:3096} INFO - Sync 1 DAGs
[2026-05-09T19:29:12.425+0000] {logging_mixin.py:188} INFO - [2026-05-09T19:29:12.425+0000] {dag.py:3954} INFO - Setting next_dagrun for example_sensors to None, run_after=None
[2026-05-09T19:29:12.447+0000] {processor.py:183} INFO - Processing /home/airflow/.local/lib/python3.12/site-packages/airflow/example_dags/example_sensors.py took 0.076 seconds
[2026-05-09T19:29:43.191+0000] {processor.py:161} INFO - Started process (PID=4416) to work on /home/airflow/.local/lib/python3.12/site-packages/airflow/example_dags/example_sensors.py
[2026-05-09T19:29:43.192+0000] {processor.py:830} INFO - Processing file /home/airflow/.local/lib/python3.12/site-packages/airflow/example_dags/example_sensors.py for tasks to queue
[2026-05-09T19:29:43.194+0000] {logging_mixin.py:188} INFO - [2026-05-09T19:29:43.194+0000] {dagbag.py:545} INFO - Filling up the DagBag from /home/airflow/.local/lib/python3.12/site-packages/airflow/example_dags/example_sensors.py
[2026-05-09T19:29:43.204+0000] {processor.py:840} INFO - DAG(s) 'example_sensors' retrieved from /home/airflow/.local/lib/python3.12/site-packages/airflow/example_dags/example_sensors.py
[2026-05-09T19:29:43.230+0000] {logging_mixin.py:188} INFO - [2026-05-09T19:29:43.230+0000] {dag.py:3096} INFO - Sync 1 DAGs
[2026-05-09T19:29:43.243+0000] {logging_mixin.py:188} INFO - [2026-05-09T19:29:43.243+0000] {dag.py:3954} INFO - Setting next_dagrun for example_sensors to None, run_after=None
[2026-05-09T19:29:43.267+0000] {processor.py:183} INFO - Processing /home/airflow/.local/lib/python3.12/site-packages/airflow/example_dags/example_sensors.py took 0.082 seconds
[2026-05-09T19:30:14.007+0000] {processor.py:161} INFO - Started process (PID=4475) to work on /home/airflow/.local/lib/python3.12/site-packages/airflow/example_dags/example_sensors.py
[2026-05-09T19:30:14.008+0000] {processor.py:830} INFO - Processing file /home/airflow/.local/lib/python3.12/site-packages/airflow/example_dags/example_sensors.py for tasks to queue
[2026-05-09T19:30:14.011+0000] {logging_mixin.py:188} INFO - [2026-05-09T19:30:14.010+0000] {dagbag.py:545} INFO - Filling up the DagBag from /home/airflow/.local/lib/python3.12/site-packages/airflow/example_dags/example_sensors.py
[2026-05-09T19:30:14.019+0000] {processor.py:840} INFO - DAG(s) 'example_sensors' retrieved from /home/airflow/.local/lib/python3.12/site-packages/airflow/example_dags/example_sensors.py
[2026-05-09T19:30:14.044+0000] {logging_mixin.py:188} INFO - [2026-05-09T19:30:14.044+0000] {dag.py:3096} INFO - Sync 1 DAGs
[2026-05-09T19:30:14.057+0000] {logging_mixin.py:188} INFO - [2026-05-09T19:30:14.056+0000] {dag.py:3954} INFO - Setting next_dagrun for example_sensors to None, run_after=None
[2026-05-09T19:30:14.080+0000] {processor.py:183} INFO - Processing /home/airflow/.local/lib/python3.12/site-packages/airflow/example_dags/example_sensors.py took 0.079 seconds
[2026-05-09T19:30:44.800+0000] {processor.py:161} INFO - Started process (PID=4534) to work on /home/airflow/.local/lib/python3.12/site-packages/airflow/example_dags/example_sensors.py
[2026-05-09T19:30:44.801+0000] {processor.py:830} INFO - Processing file /home/airflow/.local/lib/python3.12/site-packages/airflow/example_dags/example_sensors.py for tasks to queue
[2026-05-09T19:30:44.803+0000] {logging_mixin.py:188} INFO - [2026-05-09T19:30:44.803+0000] {dagbag.py:545} INFO - Filling up the DagBag from /home/airflow/.local/lib/python3.12/site-packages/airflow/example_dags/example_sensors.py
[2026-05-09T19:30:44.810+0000] {processor.py:840} INFO - DAG(s) 'example_sensors' retrieved from /home/airflow/.local/lib/python3.12/site-packages/airflow/example_dags/example_sensors.py
[2026-05-09T19:30:44.836+0000] {logging_mixin.py:188} INFO - [2026-05-09T19:30:44.836+0000] {dag.py:3096} INFO - Sync 1 DAGs
[2026-05-09T19:30:44.848+0000] {logging_mixin.py:188} INFO - [2026-05-09T19:30:44.848+0000] {dag.py:3954} INFO - Setting next_dagrun for example_sensors to None, run_after=None
[2026-05-09T19:30:44.870+0000] {processor.py:183} INFO - Processing /home/airflow/.local/lib/python3.12/site-packages/airflow/example_dags/example_sensors.py took 0.075 seconds
[2026-05-09T19:31:15.426+0000] {processor.py:161} INFO - Started process (PID=4593) to work on /home/airflow/.local/lib/python3.12/site-packages/airflow/example_dags/example_sensors.py
[2026-05-09T19:31:15.427+0000] {processor.py:830} INFO - Processing file /home/airflow/.local/lib/python3.12/site-packages/airflow/example_dags/example_sensors.py for tasks to queue
[2026-05-09T19:31:15.429+0000] {logging_mixin.py:188} INFO - [2026-05-09T19:31:15.429+0000] {dagbag.py:545} INFO - Filling up the DagBag from /home/airflow/.local/lib/python3.12/site-packages/airflow/example_dags/example_sensors.py
[2026-05-09T19:31:15.437+0000] {processor.py:840} INFO - DAG(s) 'example_sensors' retrieved from /home/airflow/.local/lib/python3.12/site-packages/airflow/example_dags/example_sensors.py
[2026-05-09T19:31:15.470+0000] {logging_mixin.py:188} INFO - [2026-05-09T19:31:15.470+0000] {dag.py:3096} INFO - Sync 1 DAGs
[2026-05-09T19:31:15.483+0000] {logging_mixin.py:188} INFO - [2026-05-09T19:31:15.483+0000] {dag.py:3954} INFO - Setting next_dagrun for example_sensors to None, run_after=None
[2026-05-09T19:31:15.508+0000] {processor.py:183} INFO - Processing /home/airflow/.local/lib/python3.12/site-packages/airflow/example_dags/example_sensors.py took 0.087 seconds
[2026-05-09T19:31:46.337+0000] {processor.py:161} INFO - Started process (PID=4652) to work on /home/airflow/.local/lib/python3.12/site-packages/airflow/example_dags/example_sensors.py
[2026-05-09T19:31:46.338+0000] {processor.py:830} INFO - Processing file /home/airflow/.local/lib/python3.12/site-packages/airflow/example_dags/example_sensors.py for tasks to queue
[2026-05-09T19:31:46.340+0000] {logging_mixin.py:188} INFO - [2026-05-09T19:31:46.340+0000] {dagbag.py:545} INFO - Filling up the DagBag from /home/airflow/.local/lib/python3.12/site-packages/airflow/example_dags/example_sensors.py
[2026-05-09T19:31:46.349+0000] {processor.py:840} INFO - DAG(s) 'example_sensors' retrieved from /home/airflow/.local/lib/python3.12/site-packages/airflow/example_dags/example_sensors.py
[2026-05-09T19:31:46.379+0000] {logging_mixin.py:188} INFO - [2026-05-09T19:31:46.378+0000] {dag.py:3096} INFO - Sync 1 DAGs
[2026-05-09T19:31:46.392+0000] {logging_mixin.py:188} INFO - [2026-05-09T19:31:46.392+0000] {dag.py:3954} INFO - Setting next_dagrun for example_sensors to None, run_after=None
[2026-05-09T19:31:46.417+0000] {processor.py:183} INFO - Processing /home/airflow/.local/lib/python3.12/site-packages/airflow/example_dags/example_sensors.py took 0.087 seconds
[2026-05-09T19:32:17.106+0000] {processor.py:161} INFO - Started process (PID=4711) to work on /home/airflow/.local/lib/python3.12/site-packages/airflow/example_dags/example_sensors.py
[2026-05-09T19:32:17.109+0000] {processor.py:830} INFO - Processing file /home/airflow/.local/lib/python3.12/site-packages/airflow/example_dags/example_sensors.py for tasks to queue
[2026-05-09T19:32:17.113+0000] {logging_mixin.py:188} INFO - [2026-05-09T19:32:17.112+0000] {dagbag.py:545} INFO - Filling up the DagBag from /home/airflow/.local/lib/python3.12/site-packages/airflow/example_dags/example_sensors.py
[2026-05-09T19:32:17.134+0000] {processor.py:840} INFO - DAG(s) 'example_sensors' retrieved from /home/airflow/.local/lib/python3.12/site-packages/airflow/example_dags/example_sensors.py
[2026-05-09T19:32:17.177+0000] {logging_mixin.py:188} INFO - [2026-05-09T19:32:17.176+0000] {dag.py:3096} INFO - Sync 1 DAGs
[2026-05-09T19:32:17.200+0000] {logging_mixin.py:188} INFO - [2026-05-09T19:32:17.199+0000] {dag.py:3954} INFO - Setting next_dagrun for example_sensors to None, run_after=None
[2026-05-09T19:32:17.232+0000] {processor.py:183} INFO - Processing /home/airflow/.local/lib/python3.12/site-packages/airflow/example_dags/example_sensors.py took 0.133 seconds
[2026-05-09T19:32:48.583+0000] {processor.py:161} INFO - Started process (PID=4771) to work on /home/airflow/.local/lib/python3.12/site-packages/airflow/example_dags/example_sensors.py
[2026-05-09T19:32:48.584+0000] {processor.py:830} INFO - Processing file /home/airflow/.local/lib/python3.12/site-packages/airflow/example_dags/example_sensors.py for tasks to queue
[2026-05-09T19:32:48.586+0000] {logging_mixin.py:188} INFO - [2026-05-09T19:32:48.586+0000] {dagbag.py:545} INFO - Filling up the DagBag from /home/airflow/.local/lib/python3.12/site-packages/airflow/example_dags/example_sensors.py
[2026-05-09T19:32:48.594+0000] {processor.py:840} INFO - DAG(s) 'example_sensors' retrieved from /home/airflow/.local/lib/python3.12/site-packages/airflow/example_dags/example_sensors.py
[2026-05-09T19:32:48.619+0000] {logging_mixin.py:188} INFO - [2026-05-09T19:32:48.619+0000] {dag.py:3096} INFO - Sync 1 DAGs
[2026-05-09T19:32:48.634+0000] {logging_mixin.py:188} INFO - [2026-05-09T19:32:48.634+0000] {dag.py:3954} INFO - Setting next_dagrun for example_sensors to None, run_after=None
[2026-05-09T19:32:48.665+0000] {processor.py:183} INFO - Processing /home/airflow/.local/lib/python3.12/site-packages/airflow/example_dags/example_sensors.py took 0.087 seconds
[2026-05-09T19:33:19.306+0000] {processor.py:161} INFO - Started process (PID=4830) to work on /home/airflow/.local/lib/python3.12/site-packages/airflow/example_dags/example_sensors.py
[2026-05-09T19:33:19.307+0000] {processor.py:830} INFO - Processing file /home/airflow/.local/lib/python3.12/site-packages/airflow/example_dags/example_sensors.py for tasks to queue
[2026-05-09T19:33:19.308+0000] {logging_mixin.py:188} INFO - [2026-05-09T19:33:19.308+0000] {dagbag.py:545} INFO - Filling up the DagBag from /home/airflow/.local/lib/python3.12/site-packages/airflow/example_dags/example_sensors.py
[2026-05-09T19:33:19.316+0000] {processor.py:840} INFO - DAG(s) 'example_sensors' retrieved from /home/airflow/.local/lib/python3.12/site-packages/airflow/example_dags/example_sensors.py
[2026-05-09T19:33:19.348+0000] {logging_mixin.py:188} INFO - [2026-05-09T19:33:19.347+0000] {dag.py:3096} INFO - Sync 1 DAGs
[2026-05-09T19:33:19.365+0000] {logging_mixin.py:188} INFO - [2026-05-09T19:33:19.365+0000] {dag.py:3954} INFO - Setting next_dagrun for example_sensors to None, run_after=None
[2026-05-09T19:33:19.395+0000] {processor.py:183} INFO - Processing /home/airflow/.local/lib/python3.12/site-packages/airflow/example_dags/example_sensors.py took 0.102 seconds
[2026-05-09T19:33:49.556+0000] {processor.py:161} INFO - Started process (PID=4889) to work on /home/airflow/.local/lib/python3.12/site-packages/airflow/example_dags/example_sensors.py
[2026-05-09T19:33:49.557+0000] {processor.py:830} INFO - Processing file /home/airflow/.local/lib/python3.12/site-packages/airflow/example_dags/example_sensors.py for tasks to queue
[2026-05-09T19:33:49.559+0000] {logging_mixin.py:188} INFO - [2026-05-09T19:33:49.559+0000] {dagbag.py:545} INFO - Filling up the DagBag from /home/airflow/.local/lib/python3.12/site-packages/airflow/example_dags/example_sensors.py
[2026-05-09T19:33:49.571+0000] {processor.py:840} INFO - DAG(s) 'example_sensors' retrieved from /home/airflow/.local/lib/python3.12/site-packages/airflow/example_dags/example_sensors.py
[2026-05-09T19:33:49.598+0000] {logging_mixin.py:188} INFO - [2026-05-09T19:33:49.598+0000] {dag.py:3096} INFO - Sync 1 DAGs
[2026-05-09T19:33:49.612+0000] {logging_mixin.py:188} INFO - [2026-05-09T19:33:49.612+0000] {dag.py:3954} INFO - Setting next_dagrun for example_sensors to None, run_after=None
[2026-05-09T19:33:49.640+0000] {processor.py:183} INFO - Processing /home/airflow/.local/lib/python3.12/site-packages/airflow/example_dags/example_sensors.py took 0.090 seconds
[2026-05-09T19:34:19.686+0000] {processor.py:161} INFO - Started process (PID=4947) to work on /home/airflow/.local/lib/python3.12/site-packages/airflow/example_dags/example_sensors.py
[2026-05-09T19:34:19.687+0000] {processor.py:830} INFO - Processing file /home/airflow/.local/lib/python3.12/site-packages/airflow/example_dags/example_sensors.py for tasks to queue
[2026-05-09T19:34:19.690+0000] {logging_mixin.py:188} INFO - [2026-05-09T19:34:19.690+0000] {dagbag.py:545} INFO - Filling up the DagBag from /home/airflow/.local/lib/python3.12/site-packages/airflow/example_dags/example_sensors.py
[2026-05-09T19:34:19.702+0000] {processor.py:840} INFO - DAG(s) 'example_sensors' retrieved from /home/airflow/.local/lib/python3.12/site-packages/airflow/example_dags/example_sensors.py
[2026-05-09T19:34:19.734+0000] {logging_mixin.py:188} INFO - [2026-05-09T19:34:19.733+0000] {dag.py:3096} INFO - Sync 1 DAGs
[2026-05-09T19:34:19.748+0000] {logging_mixin.py:188} INFO - [2026-05-09T19:34:19.748+0000] {dag.py:3954} INFO - Setting next_dagrun for example_sensors to None, run_after=None
[2026-05-09T19:34:19.775+0000] {processor.py:183} INFO - Processing /home/airflow/.local/lib/python3.12/site-packages/airflow/example_dags/example_sensors.py took 0.095 seconds
[2026-05-09T19:34:50.556+0000] {processor.py:161} INFO - Started process (PID=5007) to work on /home/airflow/.local/lib/python3.12/site-packages/airflow/example_dags/example_sensors.py
[2026-05-09T19:34:50.557+0000] {processor.py:830} INFO - Processing file /home/airflow/.local/lib/python3.12/site-packages/airflow/example_dags/example_sensors.py for tasks to queue
[2026-05-09T19:34:50.560+0000] {logging_mixin.py:188} INFO - [2026-05-09T19:34:50.559+0000] {dagbag.py:545} INFO - Filling up the DagBag from /home/airflow/.local/lib/python3.12/site-packages/airflow/example_dags/example_sensors.py
[2026-05-09T19:34:50.581+0000] {processor.py:840} INFO - DAG(s) 'example_sensors' retrieved from /home/airflow/.local/lib/python3.12/site-packages/airflow/example_dags/example_sensors.py
[2026-05-09T19:34:50.622+0000] {logging_mixin.py:188} INFO - [2026-05-09T19:34:50.621+0000] {dag.py:3096} INFO - Sync 1 DAGs
[2026-05-09T19:34:50.645+0000] {logging_mixin.py:188} INFO - [2026-05-09T19:34:50.645+0000] {dag.py:3954} INFO - Setting next_dagrun for example_sensors to None, run_after=None
[2026-05-09T19:34:51.181+0000] {processor.py:183} INFO - Processing /home/airflow/.local/lib/python3.12/site-packages/airflow/example_dags/example_sensors.py took 0.140 seconds
[2026-05-09T19:35:22.631+0000] {processor.py:161} INFO - Started process (PID=5066) to work on /home/airflow/.local/lib/python3.12/site-packages/airflow/example_dags/example_sensors.py
[2026-05-09T19:35:22.632+0000] {processor.py:830} INFO - Processing file /home/airflow/.local/lib/python3.12/site-packages/airflow/example_dags/example_sensors.py for tasks to queue
[2026-05-09T19:35:22.635+0000] {logging_mixin.py:188} INFO - [2026-05-09T19:35:22.635+0000] {dagbag.py:545} INFO - Filling up the DagBag from /home/airflow/.local/lib/python3.12/site-packages/airflow/example_dags/example_sensors.py
[2026-05-09T19:35:22.646+0000] {processor.py:840} INFO - DAG(s) 'example_sensors' retrieved from /home/airflow/.local/lib/python3.12/site-packages/airflow/example_dags/example_sensors.py
[2026-05-09T19:35:22.684+0000] {logging_mixin.py:188} INFO - [2026-05-09T19:35:22.683+0000] {dag.py:3096} INFO - Sync 1 DAGs
[2026-05-09T19:35:22.699+0000] {logging_mixin.py:188} INFO - [2026-05-09T19:35:22.699+0000] {dag.py:3954} INFO - Setting next_dagrun for example_sensors to None, run_after=None
[2026-05-09T19:35:22.731+0000] {processor.py:183} INFO - Processing /home/airflow/.local/lib/python3.12/site-packages/airflow/example_dags/example_sensors.py took 0.106 seconds
[2026-05-09T19:35:52.992+0000] {processor.py:161} INFO - Started process (PID=5125) to work on /home/airflow/.local/lib/python3.12/site-packages/airflow/example_dags/example_sensors.py
[2026-05-09T19:35:52.994+0000] {processor.py:830} INFO - Processing file /home/airflow/.local/lib/python3.12/site-packages/airflow/example_dags/example_sensors.py for tasks to queue
[2026-05-09T19:35:52.997+0000] {logging_mixin.py:188} INFO - [2026-05-09T19:35:52.997+0000] {dagbag.py:545} INFO - Filling up the DagBag from /home/airflow/.local/lib/python3.12/site-packages/airflow/example_dags/example_sensors.py
[2026-05-09T19:35:53.009+0000] {processor.py:840} INFO - DAG(s) 'example_sensors' retrieved from /home/airflow/.local/lib/python3.12/site-packages/airflow/example_dags/example_sensors.py
[2026-05-09T19:35:53.043+0000] {logging_mixin.py:188} INFO - [2026-05-09T19:35:53.043+0000] {dag.py:3096} INFO - Sync 1 DAGs
[2026-05-09T19:35:53.059+0000] {logging_mixin.py:188} INFO - [2026-05-09T19:35:53.059+0000] {dag.py:3954} INFO - Setting next_dagrun for example_sensors to None, run_after=None
[2026-05-09T19:35:53.087+0000] {processor.py:183} INFO - Processing /home/airflow/.local/lib/python3.12/site-packages/airflow/example_dags/example_sensors.py took 0.104 seconds
[2026-05-09T19:36:23.775+0000] {processor.py:161} INFO - Started process (PID=5184) to work on /home/airflow/.local/lib/python3.12/site-packages/airflow/example_dags/example_sensors.py
[2026-05-09T19:36:23.776+0000] {processor.py:830} INFO - Processing file /home/airflow/.local/lib/python3.12/site-packages/airflow/example_dags/example_sensors.py for tasks to queue
[2026-05-09T19:36:23.778+0000] {logging_mixin.py:188} INFO - [2026-05-09T19:36:23.778+0000] {dagbag.py:545} INFO - Filling up the DagBag from /home/airflow/.local/lib/python3.12/site-packages/airflow/example_dags/example_sensors.py
[2026-05-09T19:36:23.787+0000] {processor.py:840} INFO - DAG(s) 'example_sensors' retrieved from /home/airflow/.local/lib/python3.12/site-packages/airflow/example_dags/example_sensors.py
[2026-05-09T19:36:23.815+0000] {logging_mixin.py:188} INFO - [2026-05-09T19:36:23.815+0000] {dag.py:3096} INFO - Sync 1 DAGs
[2026-05-09T19:36:23.829+0000] {logging_mixin.py:188} INFO - [2026-05-09T19:36:23.829+0000] {dag.py:3954} INFO - Setting next_dagrun for example_sensors to None, run_after=None
[2026-05-09T19:36:23.854+0000] {processor.py:183} INFO - Processing /home/airflow/.local/lib/python3.12/site-packages/airflow/example_dags/example_sensors.py took 0.085 seconds
[2026-05-09T19:36:54.898+0000] {processor.py:161} INFO - Started process (PID=5243) to work on /home/airflow/.local/lib/python3.12/site-packages/airflow/example_dags/example_sensors.py
[2026-05-09T19:36:54.899+0000] {processor.py:830} INFO - Processing file /home/airflow/.local/lib/python3.12/site-packages/airflow/example_dags/example_sensors.py for tasks to queue
[2026-05-09T19:36:54.901+0000] {logging_mixin.py:188} INFO - [2026-05-09T19:36:54.900+0000] {dagbag.py:545} INFO - Filling up the DagBag from /home/airflow/.local/lib/python3.12/site-packages/airflow/example_dags/example_sensors.py
[2026-05-09T19:36:54.909+0000] {processor.py:840} INFO - DAG(s) 'example_sensors' retrieved from /home/airflow/.local/lib/python3.12/site-packages/airflow/example_dags/example_sensors.py
[2026-05-09T19:36:54.935+0000] {logging_mixin.py:188} INFO - [2026-05-09T19:36:54.935+0000] {dag.py:3096} INFO - Sync 1 DAGs
[2026-05-09T19:36:54.946+0000] {logging_mixin.py:188} INFO - [2026-05-09T19:36:54.946+0000] {dag.py:3954} INFO - Setting next_dagrun for example_sensors to None, run_after=None
[2026-05-09T19:36:54.968+0000] {processor.py:183} INFO - Processing /home/airflow/.local/lib/python3.12/site-packages/airflow/example_dags/example_sensors.py took 0.076 seconds
[2026-05-09T19:37:25.608+0000] {processor.py:161} INFO - Started process (PID=5302) to work on /home/airflow/.local/lib/python3.12/site-packages/airflow/example_dags/example_sensors.py
[2026-05-09T19:37:25.609+0000] {processor.py:830} INFO - Processing file /home/airflow/.local/lib/python3.12/site-packages/airflow/example_dags/example_sensors.py for tasks to queue
[2026-05-09T19:37:25.612+0000] {logging_mixin.py:188} INFO - [2026-05-09T19:37:25.611+0000] {dagbag.py:545} INFO - Filling up the DagBag from /home/airflow/.local/lib/python3.12/site-packages/airflow/example_dags/example_sensors.py
[2026-05-09T19:37:25.619+0000] {processor.py:840} INFO - DAG(s) 'example_sensors' retrieved from /home/airflow/.local/lib/python3.12/site-packages/airflow/example_dags/example_sensors.py
[2026-05-09T19:37:25.643+0000] {logging_mixin.py:188} INFO - [2026-05-09T19:37:25.643+0000] {dag.py:3096} INFO - Sync 1 DAGs
[2026-05-09T19:37:25.655+0000] {logging_mixin.py:188} INFO - [2026-05-09T19:37:25.654+0000] {dag.py:3954} INFO - Setting next_dagrun for example_sensors to None, run_after=None
[2026-05-09T19:37:25.677+0000] {processor.py:183} INFO - Processing /home/airflow/.local/lib/python3.12/site-packages/airflow/example_dags/example_sensors.py took 0.074 seconds
[2026-05-09T19:37:56.335+0000] {processor.py:161} INFO - Started process (PID=5361) to work on /home/airflow/.local/lib/python3.12/site-packages/airflow/example_dags/example_sensors.py
[2026-05-09T19:37:56.336+0000] {processor.py:830} INFO - Processing file /home/airflow/.local/lib/python3.12/site-packages/airflow/example_dags/example_sensors.py for tasks to queue
[2026-05-09T19:37:56.339+0000] {logging_mixin.py:188} INFO - [2026-05-09T19:37:56.338+0000] {dagbag.py:545} INFO - Filling up the DagBag from /home/airflow/.local/lib/python3.12/site-packages/airflow/example_dags/example_sensors.py
[2026-05-09T19:37:56.349+0000] {processor.py:840} INFO - DAG(s) 'example_sensors' retrieved from /home/airflow/.local/lib/python3.12/site-packages/airflow/example_dags/example_sensors.py
[2026-05-09T19:37:56.379+0000] {logging_mixin.py:188} INFO - [2026-05-09T19:37:56.378+0000] {dag.py:3096} INFO - Sync 1 DAGs
[2026-05-09T19:37:56.392+0000] {logging_mixin.py:188} INFO - [2026-05-09T19:37:56.391+0000] {dag.py:3954} INFO - Setting next_dagrun for example_sensors to None, run_after=None
[2026-05-09T19:37:56.416+0000] {processor.py:183} INFO - Processing /home/airflow/.local/lib/python3.12/site-packages/airflow/example_dags/example_sensors.py took 0.086 seconds
[2026-05-09T19:38:26.526+0000] {processor.py:161} INFO - Started process (PID=5420) to work on /home/airflow/.local/lib/python3.12/site-packages/airflow/example_dags/example_sensors.py
[2026-05-09T19:38:26.527+0000] {processor.py:830} INFO - Processing file /home/airflow/.local/lib/python3.12/site-packages/airflow/example_dags/example_sensors.py for tasks to queue
[2026-05-09T19:38:26.529+0000] {logging_mixin.py:188} INFO - [2026-05-09T19:38:26.529+0000] {dagbag.py:545} INFO - Filling up the DagBag from /home/airflow/.local/lib/python3.12/site-packages/airflow/example_dags/example_sensors.py
[2026-05-09T19:38:26.536+0000] {processor.py:840} INFO - DAG(s) 'example_sensors' retrieved from /home/airflow/.local/lib/python3.12/site-packages/airflow/example_dags/example_sensors.py
[2026-05-09T19:38:26.562+0000] {logging_mixin.py:188} INFO - [2026-05-09T19:38:26.562+0000] {dag.py:3096} INFO - Sync 1 DAGs
[2026-05-09T19:38:26.575+0000] {logging_mixin.py:188} INFO - [2026-05-09T19:38:26.575+0000] {dag.py:3954} INFO - Setting next_dagrun for example_sensors to None, run_after=None
[2026-05-09T19:38:27.112+0000] {processor.py:183} INFO - Processing /home/airflow/.local/lib/python3.12/site-packages/airflow/example_dags/example_sensors.py took 0.080 seconds
[2026-05-09T19:38:58.203+0000] {processor.py:161} INFO - Started process (PID=5479) to work on /home/airflow/.local/lib/python3.12/site-packages/airflow/example_dags/example_sensors.py
[2026-05-09T19:38:58.205+0000] {processor.py:830} INFO - Processing file /home/airflow/.local/lib/python3.12/site-packages/airflow/example_dags/example_sensors.py for tasks to queue
[2026-05-09T19:38:58.207+0000] {logging_mixin.py:188} INFO - [2026-05-09T19:38:58.206+0000] {dagbag.py:545} INFO - Filling up the DagBag from /home/airflow/.local/lib/python3.12/site-packages/airflow/example_dags/example_sensors.py
[2026-05-09T19:38:58.215+0000] {processor.py:840} INFO - DAG(s) 'example_sensors' retrieved from /home/airflow/.local/lib/python3.12/site-packages/airflow/example_dags/example_sensors.py
[2026-05-09T19:38:58.241+0000] {logging_mixin.py:188} INFO - [2026-05-09T19:38:58.241+0000] {dag.py:3096} INFO - Sync 1 DAGs
[2026-05-09T19:38:58.253+0000] {logging_mixin.py:188} INFO - [2026-05-09T19:38:58.253+0000] {dag.py:3954} INFO - Setting next_dagrun for example_sensors to None, run_after=None
[2026-05-09T19:38:58.277+0000] {processor.py:183} INFO - Processing /home/airflow/.local/lib/python3.12/site-packages/airflow/example_dags/example_sensors.py took 0.078 seconds
[2026-05-09T19:39:29.115+0000] {processor.py:161} INFO - Started process (PID=5538) to work on /home/airflow/.local/lib/python3.12/site-packages/airflow/example_dags/example_sensors.py
[2026-05-09T19:39:29.116+0000] {processor.py:830} INFO - Processing file /home/airflow/.local/lib/python3.12/site-packages/airflow/example_dags/example_sensors.py for tasks to queue
[2026-05-09T19:39:29.119+0000] {logging_mixin.py:188} INFO - [2026-05-09T19:39:29.118+0000] {dagbag.py:545} INFO - Filling up the DagBag from /home/airflow/.local/lib/python3.12/site-packages/airflow/example_dags/example_sensors.py
[2026-05-09T19:39:29.127+0000] {processor.py:840} INFO - DAG(s) 'example_sensors' retrieved from /home/airflow/.local/lib/python3.12/site-packages/airflow/example_dags/example_sensors.py
[2026-05-09T19:39:29.152+0000] {logging_mixin.py:188} INFO - [2026-05-09T19:39:29.152+0000] {dag.py:3096} INFO - Sync 1 DAGs
[2026-05-09T19:39:29.164+0000] {logging_mixin.py:188} INFO - [2026-05-09T19:39:29.164+0000] {dag.py:3954} INFO - Setting next_dagrun for example_sensors to None, run_after=None
[2026-05-09T19:39:29.186+0000] {processor.py:183} INFO - Processing /home/airflow/.local/lib/python3.12/site-packages/airflow/example_dags/example_sensors.py took 0.076 seconds
[2026-05-09T19:39:59.266+0000] {processor.py:161} INFO - Started process (PID=5597) to work on /home/airflow/.local/lib/python3.12/site-packages/airflow/example_dags/example_sensors.py
[2026-05-09T19:39:59.267+0000] {processor.py:830} INFO - Processing file /home/airflow/.local/lib/python3.12/site-packages/airflow/example_dags/example_sensors.py for tasks to queue
[2026-05-09T19:39:59.269+0000] {logging_mixin.py:188} INFO - [2026-05-09T19:39:59.269+0000] {dagbag.py:545} INFO - Filling up the DagBag from /home/airflow/.local/lib/python3.12/site-packages/airflow/example_dags/example_sensors.py
[2026-05-09T19:39:59.278+0000] {processor.py:840} INFO - DAG(s) 'example_sensors' retrieved from /home/airflow/.local/lib/python3.12/site-packages/airflow/example_dags/example_sensors.py
[2026-05-09T19:39:59.306+0000] {logging_mixin.py:188} INFO - [2026-05-09T19:39:59.306+0000] {dag.py:3096} INFO - Sync 1 DAGs
[2026-05-09T19:39:59.319+0000] {logging_mixin.py:188} INFO - [2026-05-09T19:39:59.318+0000] {dag.py:3954} INFO - Setting next_dagrun for example_sensors to None, run_after=None
[2026-05-09T19:39:59.344+0000] {processor.py:183} INFO - Processing /home/airflow/.local/lib/python3.12/site-packages/airflow/example_dags/example_sensors.py took 0.084 seconds
[2026-05-09T19:40:29.621+0000] {processor.py:161} INFO - Started process (PID=5656) to work on /home/airflow/.local/lib/python3.12/site-packages/airflow/example_dags/example_sensors.py
[2026-05-09T19:40:29.622+0000] {processor.py:830} INFO - Processing file /home/airflow/.local/lib/python3.12/site-packages/airflow/example_dags/example_sensors.py for tasks to queue
[2026-05-09T19:40:29.624+0000] {logging_mixin.py:188} INFO - [2026-05-09T19:40:29.624+0000] {dagbag.py:545} INFO - Filling up the DagBag from /home/airflow/.local/lib/python3.12/site-packages/airflow/example_dags/example_sensors.py
[2026-05-09T19:40:29.632+0000] {processor.py:840} INFO - DAG(s) 'example_sensors' retrieved from /home/airflow/.local/lib/python3.12/site-packages/airflow/example_dags/example_sensors.py
[2026-05-09T19:40:29.656+0000] {logging_mixin.py:188} INFO - [2026-05-09T19:40:29.656+0000] {dag.py:3096} INFO - Sync 1 DAGs
[2026-05-09T19:40:29.668+0000] {logging_mixin.py:188} INFO - [2026-05-09T19:40:29.668+0000] {dag.py:3954} INFO - Setting next_dagrun for example_sensors to None, run_after=None
[2026-05-09T19:40:29.692+0000] {processor.py:183} INFO - Processing /home/airflow/.local/lib/python3.12/site-packages/airflow/example_dags/example_sensors.py took 0.076 seconds
[2026-05-09T19:41:00.128+0000] {processor.py:161} INFO - Started process (PID=5715) to work on /home/airflow/.local/lib/python3.12/site-packages/airflow/example_dags/example_sensors.py
[2026-05-09T19:41:00.129+0000] {processor.py:830} INFO - Processing file /home/airflow/.local/lib/python3.12/site-packages/airflow/example_dags/example_sensors.py for tasks to queue
[2026-05-09T19:41:00.131+0000] {logging_mixin.py:188} INFO - [2026-05-09T19:41:00.131+0000] {dagbag.py:545} INFO - Filling up the DagBag from /home/airflow/.local/lib/python3.12/site-packages/airflow/example_dags/example_sensors.py
[2026-05-09T19:41:00.142+0000] {processor.py:840} INFO - DAG(s) 'example_sensors' retrieved from /home/airflow/.local/lib/python3.12/site-packages/airflow/example_dags/example_sensors.py
[2026-05-09T19:41:00.174+0000] {logging_mixin.py:188} INFO - [2026-05-09T19:41:00.173+0000] {dag.py:3096} INFO - Sync 1 DAGs
[2026-05-09T19:41:00.189+0000] {logging_mixin.py:188} INFO - [2026-05-09T19:41:00.189+0000] {dag.py:3954} INFO - Setting next_dagrun for example_sensors to None, run_after=None
[2026-05-09T19:41:00.218+0000] {processor.py:183} INFO - Processing /home/airflow/.local/lib/python3.12/site-packages/airflow/example_dags/example_sensors.py took 0.095 seconds
[2026-05-09T19:41:30.562+0000] {processor.py:161} INFO - Started process (PID=5773) to work on /home/airflow/.local/lib/python3.12/site-packages/airflow/example_dags/example_sensors.py
[2026-05-09T19:41:30.563+0000] {processor.py:830} INFO - Processing file /home/airflow/.local/lib/python3.12/site-packages/airflow/example_dags/example_sensors.py for tasks to queue
[2026-05-09T19:41:30.565+0000] {logging_mixin.py:188} INFO - [2026-05-09T19:41:30.565+0000] {dagbag.py:545} INFO - Filling up the DagBag from /home/airflow/.local/lib/python3.12/site-packages/airflow/example_dags/example_sensors.py
[2026-05-09T19:41:30.573+0000] {processor.py:840} INFO - DAG(s) 'example_sensors' retrieved from /home/airflow/.local/lib/python3.12/site-packages/airflow/example_dags/example_sensors.py
[2026-05-09T19:41:30.619+0000] {logging_mixin.py:188} INFO - [2026-05-09T19:41:30.618+0000] {dag.py:3096} INFO - Sync 1 DAGs
[2026-05-09T19:41:30.795+0000] {logging_mixin.py:188} INFO - [2026-05-09T19:41:30.794+0000] {dag.py:3954} INFO - Setting next_dagrun for example_sensors to None, run_after=None
[2026-05-09T19:41:30.817+0000] {processor.py:183} INFO - Processing /home/airflow/.local/lib/python3.12/site-packages/airflow/example_dags/example_sensors.py took 0.260 seconds
[2026-05-09T19:42:00.981+0000] {processor.py:161} INFO - Started process (PID=5832) to work on /home/airflow/.local/lib/python3.12/site-packages/airflow/example_dags/example_sensors.py
[2026-05-09T19:42:00.982+0000] {processor.py:830} INFO - Processing file /home/airflow/.local/lib/python3.12/site-packages/airflow/example_dags/example_sensors.py for tasks to queue
[2026-05-09T19:42:00.984+0000] {logging_mixin.py:188} INFO - [2026-05-09T19:42:00.984+0000] {dagbag.py:545} INFO - Filling up the DagBag from /home/airflow/.local/lib/python3.12/site-packages/airflow/example_dags/example_sensors.py
[2026-05-09T19:42:00.992+0000] {processor.py:840} INFO - DAG(s) 'example_sensors' retrieved from /home/airflow/.local/lib/python3.12/site-packages/airflow/example_dags/example_sensors.py
[2026-05-09T19:42:01.017+0000] {logging_mixin.py:188} INFO - [2026-05-09T19:42:01.016+0000] {dag.py:3096} INFO - Sync 1 DAGs
[2026-05-09T19:42:01.139+0000] {logging_mixin.py:188} INFO - [2026-05-09T19:42:01.139+0000] {dag.py:3954} INFO - Setting next_dagrun for example_sensors to None, run_after=None
[2026-05-09T19:42:01.162+0000] {processor.py:183} INFO - Processing /home/airflow/.local/lib/python3.12/site-packages/airflow/example_dags/example_sensors.py took 0.185 seconds
[2026-05-09T19:42:31.623+0000] {processor.py:161} INFO - Started process (PID=5891) to work on /home/airflow/.local/lib/python3.12/site-packages/airflow/example_dags/example_sensors.py
[2026-05-09T19:42:31.625+0000] {processor.py:830} INFO - Processing file /home/airflow/.local/lib/python3.12/site-packages/airflow/example_dags/example_sensors.py for tasks to queue
[2026-05-09T19:42:31.627+0000] {logging_mixin.py:188} INFO - [2026-05-09T19:42:31.626+0000] {dagbag.py:545} INFO - Filling up the DagBag from /home/airflow/.local/lib/python3.12/site-packages/airflow/example_dags/example_sensors.py
[2026-05-09T19:42:31.634+0000] {processor.py:840} INFO - DAG(s) 'example_sensors' retrieved from /home/airflow/.local/lib/python3.12/site-packages/airflow/example_dags/example_sensors.py
[2026-05-09T19:42:31.661+0000] {logging_mixin.py:188} INFO - [2026-05-09T19:42:31.661+0000] {dag.py:3096} INFO - Sync 1 DAGs
[2026-05-09T19:42:31.805+0000] {logging_mixin.py:188} INFO - [2026-05-09T19:42:31.805+0000] {dag.py:3954} INFO - Setting next_dagrun for example_sensors to None, run_after=None
[2026-05-09T19:42:31.826+0000] {processor.py:183} INFO - Processing /home/airflow/.local/lib/python3.12/site-packages/airflow/example_dags/example_sensors.py took 0.207 seconds
[2026-05-09T19:43:01.925+0000] {processor.py:161} INFO - Started process (PID=5948) to work on /home/airflow/.local/lib/python3.12/site-packages/airflow/example_dags/example_sensors.py
[2026-05-09T19:43:01.926+0000] {processor.py:830} INFO - Processing file /home/airflow/.local/lib/python3.12/site-packages/airflow/example_dags/example_sensors.py for tasks to queue
[2026-05-09T19:43:01.928+0000] {logging_mixin.py:188} INFO - [2026-05-09T19:43:01.927+0000] {dagbag.py:545} INFO - Filling up the DagBag from /home/airflow/.local/lib/python3.12/site-packages/airflow/example_dags/example_sensors.py
[2026-05-09T19:43:01.936+0000] {processor.py:840} INFO - DAG(s) 'example_sensors' retrieved from /home/airflow/.local/lib/python3.12/site-packages/airflow/example_dags/example_sensors.py
[2026-05-09T19:43:01.960+0000] {logging_mixin.py:188} INFO - [2026-05-09T19:43:01.960+0000] {dag.py:3096} INFO - Sync 1 DAGs
[2026-05-09T19:43:01.972+0000] {logging_mixin.py:188} INFO - [2026-05-09T19:43:01.972+0000] {dag.py:3954} INFO - Setting next_dagrun for example_sensors to None, run_after=None
[2026-05-09T19:43:01.996+0000] {processor.py:183} INFO - Processing /home/airflow/.local/lib/python3.12/site-packages/airflow/example_dags/example_sensors.py took 0.076 seconds
[2026-05-09T19:43:32.387+0000] {processor.py:161} INFO - Started process (PID=6008) to work on /home/airflow/.local/lib/python3.12/site-packages/airflow/example_dags/example_sensors.py
[2026-05-09T19:43:32.388+0000] {processor.py:830} INFO - Processing file /home/airflow/.local/lib/python3.12/site-packages/airflow/example_dags/example_sensors.py for tasks to queue
[2026-05-09T19:43:32.390+0000] {logging_mixin.py:188} INFO - [2026-05-09T19:43:32.390+0000] {dagbag.py:545} INFO - Filling up the DagBag from /home/airflow/.local/lib/python3.12/site-packages/airflow/example_dags/example_sensors.py
[2026-05-09T19:43:32.398+0000] {processor.py:840} INFO - DAG(s) 'example_sensors' retrieved from /home/airflow/.local/lib/python3.12/site-packages/airflow/example_dags/example_sensors.py
[2026-05-09T19:43:32.431+0000] {logging_mixin.py:188} INFO - [2026-05-09T19:43:32.431+0000] {dag.py:3096} INFO - Sync 1 DAGs
[2026-05-09T19:43:32.446+0000] {logging_mixin.py:188} INFO - [2026-05-09T19:43:32.445+0000] {dag.py:3954} INFO - Setting next_dagrun for example_sensors to None, run_after=None
[2026-05-09T19:43:32.472+0000] {processor.py:183} INFO - Processing /home/airflow/.local/lib/python3.12/site-packages/airflow/example_dags/example_sensors.py took 0.091 seconds
[2026-05-09T19:44:03.106+0000] {processor.py:161} INFO - Started process (PID=6067) to work on /home/airflow/.local/lib/python3.12/site-packages/airflow/example_dags/example_sensors.py
[2026-05-09T19:44:03.107+0000] {processor.py:830} INFO - Processing file /home/airflow/.local/lib/python3.12/site-packages/airflow/example_dags/example_sensors.py for tasks to queue
[2026-05-09T19:44:03.109+0000] {logging_mixin.py:188} INFO - [2026-05-09T19:44:03.108+0000] {dagbag.py:545} INFO - Filling up the DagBag from /home/airflow/.local/lib/python3.12/site-packages/airflow/example_dags/example_sensors.py
[2026-05-09T19:44:03.117+0000] {processor.py:840} INFO - DAG(s) 'example_sensors' retrieved from /home/airflow/.local/lib/python3.12/site-packages/airflow/example_dags/example_sensors.py
[2026-05-09T19:44:03.143+0000] {logging_mixin.py:188} INFO - [2026-05-09T19:44:03.143+0000] {dag.py:3096} INFO - Sync 1 DAGs
[2026-05-09T19:44:03.156+0000] {logging_mixin.py:188} INFO - [2026-05-09T19:44:03.156+0000] {dag.py:3954} INFO - Setting next_dagrun for example_sensors to None, run_after=None
[2026-05-09T19:44:03.180+0000] {processor.py:183} INFO - Processing /home/airflow/.local/lib/python3.12/site-packages/airflow/example_dags/example_sensors.py took 0.080 seconds
[2026-05-09T19:44:33.351+0000] {processor.py:161} INFO - Started process (PID=6126) to work on /home/airflow/.local/lib/python3.12/site-packages/airflow/example_dags/example_sensors.py
[2026-05-09T19:44:33.353+0000] {processor.py:830} INFO - Processing file /home/airflow/.local/lib/python3.12/site-packages/airflow/example_dags/example_sensors.py for tasks to queue
[2026-05-09T19:44:33.355+0000] {logging_mixin.py:188} INFO - [2026-05-09T19:44:33.354+0000] {dagbag.py:545} INFO - Filling up the DagBag from /home/airflow/.local/lib/python3.12/site-packages/airflow/example_dags/example_sensors.py
[2026-05-09T19:44:33.362+0000] {processor.py:840} INFO - DAG(s) 'example_sensors' retrieved from /home/airflow/.local/lib/python3.12/site-packages/airflow/example_dags/example_sensors.py
[2026-05-09T19:44:33.389+0000] {logging_mixin.py:188} INFO - [2026-05-09T19:44:33.389+0000] {dag.py:3096} INFO - Sync 1 DAGs
[2026-05-09T19:44:33.402+0000] {logging_mixin.py:188} INFO - [2026-05-09T19:44:33.402+0000] {dag.py:3954} INFO - Setting next_dagrun for example_sensors to None, run_after=None
[2026-05-09T19:44:33.430+0000] {processor.py:183} INFO - Processing /home/airflow/.local/lib/python3.12/site-packages/airflow/example_dags/example_sensors.py took 0.084 seconds
[2026-05-09T19:45:03.650+0000] {processor.py:161} INFO - Started process (PID=6186) to work on /home/airflow/.local/lib/python3.12/site-packages/airflow/example_dags/example_sensors.py
[2026-05-09T19:45:03.651+0000] {processor.py:830} INFO - Processing file /home/airflow/.local/lib/python3.12/site-packages/airflow/example_dags/example_sensors.py for tasks to queue
[2026-05-09T19:45:03.654+0000] {logging_mixin.py:188} INFO - [2026-05-09T19:45:03.653+0000] {dagbag.py:545} INFO - Filling up the DagBag from /home/airflow/.local/lib/python3.12/site-packages/airflow/example_dags/example_sensors.py
[2026-05-09T19:45:03.663+0000] {processor.py:840} INFO - DAG(s) 'example_sensors' retrieved from /home/airflow/.local/lib/python3.12/site-packages/airflow/example_dags/example_sensors.py
[2026-05-09T19:45:03.695+0000] {logging_mixin.py:188} INFO - [2026-05-09T19:45:03.695+0000] {dag.py:3096} INFO - Sync 1 DAGs
[2026-05-09T19:45:03.710+0000] {logging_mixin.py:188} INFO - [2026-05-09T19:45:03.710+0000] {dag.py:3954} INFO - Setting next_dagrun for example_sensors to None, run_after=None
[2026-05-09T19:45:03.749+0000] {processor.py:183} INFO - Processing /home/airflow/.local/lib/python3.12/site-packages/airflow/example_dags/example_sensors.py took 0.105 seconds
[2026-05-09T19:45:34.675+0000] {processor.py:161} INFO - Started process (PID=6245) to work on /home/airflow/.local/lib/python3.12/site-packages/airflow/example_dags/example_sensors.py
[2026-05-09T19:45:34.676+0000] {processor.py:830} INFO - Processing file /home/airflow/.local/lib/python3.12/site-packages/airflow/example_dags/example_sensors.py for tasks to queue
[2026-05-09T19:45:34.678+0000] {logging_mixin.py:188} INFO - [2026-05-09T19:45:34.678+0000] {dagbag.py:545} INFO - Filling up the DagBag from /home/airflow/.local/lib/python3.12/site-packages/airflow/example_dags/example_sensors.py
[2026-05-09T19:45:34.686+0000] {processor.py:840} INFO - DAG(s) 'example_sensors' retrieved from /home/airflow/.local/lib/python3.12/site-packages/airflow/example_dags/example_sensors.py
[2026-05-09T19:45:34.712+0000] {logging_mixin.py:188} INFO - [2026-05-09T19:45:34.712+0000] {dag.py:3096} INFO - Sync 1 DAGs
[2026-05-09T19:45:34.724+0000] {logging_mixin.py:188} INFO - [2026-05-09T19:45:34.724+0000] {dag.py:3954} INFO - Setting next_dagrun for example_sensors to None, run_after=None
[2026-05-09T19:45:34.748+0000] {processor.py:183} INFO - Processing /home/airflow/.local/lib/python3.12/site-packages/airflow/example_dags/example_sensors.py took 0.079 seconds
[2026-05-09T19:46:05.446+0000] {processor.py:161} INFO - Started process (PID=6304) to work on /home/airflow/.local/lib/python3.12/site-packages/airflow/example_dags/example_sensors.py
[2026-05-09T19:46:05.447+0000] {processor.py:830} INFO - Processing file /home/airflow/.local/lib/python3.12/site-packages/airflow/example_dags/example_sensors.py for tasks to queue
[2026-05-09T19:46:05.449+0000] {logging_mixin.py:188} INFO - [2026-05-09T19:46:05.449+0000] {dagbag.py:545} INFO - Filling up the DagBag from /home/airflow/.local/lib/python3.12/site-packages/airflow/example_dags/example_sensors.py
[2026-05-09T19:46:05.458+0000] {processor.py:840} INFO - DAG(s) 'example_sensors' retrieved from /home/airflow/.local/lib/python3.12/site-packages/airflow/example_dags/example_sensors.py
[2026-05-09T19:46:05.487+0000] {logging_mixin.py:188} INFO - [2026-05-09T19:46:05.487+0000] {dag.py:3096} INFO - Sync 1 DAGs
[2026-05-09T19:46:05.500+0000] {logging_mixin.py:188} INFO - [2026-05-09T19:46:05.500+0000] {dag.py:3954} INFO - Setting next_dagrun for example_sensors to None, run_after=None
[2026-05-09T19:46:05.523+0000] {processor.py:183} INFO - Processing /home/airflow/.local/lib/python3.12/site-packages/airflow/example_dags/example_sensors.py took 0.082 seconds
[2026-05-09T19:46:36.039+0000] {processor.py:161} INFO - Started process (PID=6363) to work on /home/airflow/.local/lib/python3.12/site-packages/airflow/example_dags/example_sensors.py
[2026-05-09T19:46:36.040+0000] {processor.py:830} INFO - Processing file /home/airflow/.local/lib/python3.12/site-packages/airflow/example_dags/example_sensors.py for tasks to queue
[2026-05-09T19:46:36.042+0000] {logging_mixin.py:188} INFO - [2026-05-09T19:46:36.042+0000] {dagbag.py:545} INFO - Filling up the DagBag from /home/airflow/.local/lib/python3.12/site-packages/airflow/example_dags/example_sensors.py
[2026-05-09T19:46:36.050+0000] {processor.py:840} INFO - DAG(s) 'example_sensors' retrieved from /home/airflow/.local/lib/python3.12/site-packages/airflow/example_dags/example_sensors.py
[2026-05-09T19:46:36.076+0000] {logging_mixin.py:188} INFO - [2026-05-09T19:46:36.076+0000] {dag.py:3096} INFO - Sync 1 DAGs
[2026-05-09T19:46:36.089+0000] {logging_mixin.py:188} INFO - [2026-05-09T19:46:36.089+0000] {dag.py:3954} INFO - Setting next_dagrun for example_sensors to None, run_after=None
[2026-05-09T19:46:36.113+0000] {processor.py:183} INFO - Processing /home/airflow/.local/lib/python3.12/site-packages/airflow/example_dags/example_sensors.py took 0.080 seconds
[2026-05-09T19:47:06.432+0000] {processor.py:161} INFO - Started process (PID=6422) to work on /home/airflow/.local/lib/python3.12/site-packages/airflow/example_dags/example_sensors.py
[2026-05-09T19:47:06.434+0000] {processor.py:830} INFO - Processing file /home/airflow/.local/lib/python3.12/site-packages/airflow/example_dags/example_sensors.py for tasks to queue
[2026-05-09T19:47:06.435+0000] {logging_mixin.py:188} INFO - [2026-05-09T19:47:06.435+0000] {dagbag.py:545} INFO - Filling up the DagBag from /home/airflow/.local/lib/python3.12/site-packages/airflow/example_dags/example_sensors.py
[2026-05-09T19:47:06.443+0000] {processor.py:840} INFO - DAG(s) 'example_sensors' retrieved from /home/airflow/.local/lib/python3.12/site-packages/airflow/example_dags/example_sensors.py
[2026-05-09T19:47:06.469+0000] {logging_mixin.py:188} INFO - [2026-05-09T19:47:06.469+0000] {dag.py:3096} INFO - Sync 1 DAGs
[2026-05-09T19:47:06.480+0000] {logging_mixin.py:188} INFO - [2026-05-09T19:47:06.480+0000] {dag.py:3954} INFO - Setting next_dagrun for example_sensors to None, run_after=None
[2026-05-09T19:47:06.503+0000] {processor.py:183} INFO - Processing /home/airflow/.local/lib/python3.12/site-packages/airflow/example_dags/example_sensors.py took 0.076 seconds
[2026-05-09T19:47:37.097+0000] {processor.py:161} INFO - Started process (PID=6481) to work on /home/airflow/.local/lib/python3.12/site-packages/airflow/example_dags/example_sensors.py
[2026-05-09T19:47:37.099+0000] {processor.py:830} INFO - Processing file /home/airflow/.local/lib/python3.12/site-packages/airflow/example_dags/example_sensors.py for tasks to queue
[2026-05-09T19:47:37.100+0000] {logging_mixin.py:188} INFO - [2026-05-09T19:47:37.100+0000] {dagbag.py:545} INFO - Filling up the DagBag from /home/airflow/.local/lib/python3.12/site-packages/airflow/example_dags/example_sensors.py
[2026-05-09T19:47:37.108+0000] {processor.py:840} INFO - DAG(s) 'example_sensors' retrieved from /home/airflow/.local/lib/python3.12/site-packages/airflow/example_dags/example_sensors.py
[2026-05-09T19:47:37.134+0000] {logging_mixin.py:188} INFO - [2026-05-09T19:47:37.133+0000] {dag.py:3096} INFO - Sync 1 DAGs
[2026-05-09T19:47:37.146+0000] {logging_mixin.py:188} INFO - [2026-05-09T19:47:37.146+0000] {dag.py:3954} INFO - Setting next_dagrun for example_sensors to None, run_after=None
[2026-05-09T19:47:37.169+0000] {processor.py:183} INFO - Processing /home/airflow/.local/lib/python3.12/site-packages/airflow/example_dags/example_sensors.py took 0.076 seconds
[2026-05-09T19:48:07.550+0000] {processor.py:161} INFO - Started process (PID=6540) to work on /home/airflow/.local/lib/python3.12/site-packages/airflow/example_dags/example_sensors.py
[2026-05-09T19:48:07.552+0000] {processor.py:830} INFO - Processing file /home/airflow/.local/lib/python3.12/site-packages/airflow/example_dags/example_sensors.py for tasks to queue
[2026-05-09T19:48:07.554+0000] {logging_mixin.py:188} INFO - [2026-05-09T19:48:07.553+0000] {dagbag.py:545} INFO - Filling up the DagBag from /home/airflow/.local/lib/python3.12/site-packages/airflow/example_dags/example_sensors.py
[2026-05-09T19:48:07.563+0000] {processor.py:840} INFO - DAG(s) 'example_sensors' retrieved from /home/airflow/.local/lib/python3.12/site-packages/airflow/example_dags/example_sensors.py
[2026-05-09T19:48:07.590+0000] {logging_mixin.py:188} INFO - [2026-05-09T19:48:07.590+0000] {dag.py:3096} INFO - Sync 1 DAGs
[2026-05-09T19:48:07.602+0000] {logging_mixin.py:188} INFO - [2026-05-09T19:48:07.602+0000] {dag.py:3954} INFO - Setting next_dagrun for example_sensors to None, run_after=None
[2026-05-09T19:48:07.625+0000] {processor.py:183} INFO - Processing /home/airflow/.local/lib/python3.12/site-packages/airflow/example_dags/example_sensors.py took 0.080 seconds
[2026-05-09T19:48:37.981+0000] {processor.py:161} INFO - Started process (PID=6599) to work on /home/airflow/.local/lib/python3.12/site-packages/airflow/example_dags/example_sensors.py
[2026-05-09T19:48:37.982+0000] {processor.py:830} INFO - Processing file /home/airflow/.local/lib/python3.12/site-packages/airflow/example_dags/example_sensors.py for tasks to queue
[2026-05-09T19:48:37.984+0000] {logging_mixin.py:188} INFO - [2026-05-09T19:48:37.984+0000] {dagbag.py:545} INFO - Filling up the DagBag from /home/airflow/.local/lib/python3.12/site-packages/airflow/example_dags/example_sensors.py
[2026-05-09T19:48:37.992+0000] {processor.py:840} INFO - DAG(s) 'example_sensors' retrieved from /home/airflow/.local/lib/python3.12/site-packages/airflow/example_dags/example_sensors.py
[2026-05-09T19:48:38.018+0000] {logging_mixin.py:188} INFO - [2026-05-09T19:48:38.018+0000] {dag.py:3096} INFO - Sync 1 DAGs
[2026-05-09T19:48:38.031+0000] {logging_mixin.py:188} INFO - [2026-05-09T19:48:38.030+0000] {dag.py:3954} INFO - Setting next_dagrun for example_sensors to None, run_after=None
[2026-05-09T19:48:38.054+0000] {processor.py:183} INFO - Processing /home/airflow/.local/lib/python3.12/site-packages/airflow/example_dags/example_sensors.py took 0.079 seconds
[2026-05-09T19:49:08.834+0000] {processor.py:161} INFO - Started process (PID=6659) to work on /home/airflow/.local/lib/python3.12/site-packages/airflow/example_dags/example_sensors.py
[2026-05-09T19:49:08.835+0000] {processor.py:830} INFO - Processing file /home/airflow/.local/lib/python3.12/site-packages/airflow/example_dags/example_sensors.py for tasks to queue
[2026-05-09T19:49:08.837+0000] {logging_mixin.py:188} INFO - [2026-05-09T19:49:08.837+0000] {dagbag.py:545} INFO - Filling up the DagBag from /home/airflow/.local/lib/python3.12/site-packages/airflow/example_dags/example_sensors.py
[2026-05-09T19:49:08.844+0000] {processor.py:840} INFO - DAG(s) 'example_sensors' retrieved from /home/airflow/.local/lib/python3.12/site-packages/airflow/example_dags/example_sensors.py
[2026-05-09T19:49:08.870+0000] {logging_mixin.py:188} INFO - [2026-05-09T19:49:08.870+0000] {dag.py:3096} INFO - Sync 1 DAGs
[2026-05-09T19:49:08.884+0000] {logging_mixin.py:188} INFO - [2026-05-09T19:49:08.884+0000] {dag.py:3954} INFO - Setting next_dagrun for example_sensors to None, run_after=None
[2026-05-09T19:49:08.909+0000] {processor.py:183} INFO - Processing /home/airflow/.local/lib/python3.12/site-packages/airflow/example_dags/example_sensors.py took 0.080 seconds
[2026-05-09T19:49:39.028+0000] {processor.py:161} INFO - Started process (PID=6718) to work on /home/airflow/.local/lib/python3.12/site-packages/airflow/example_dags/example_sensors.py
[2026-05-09T19:49:39.029+0000] {processor.py:830} INFO - Processing file /home/airflow/.local/lib/python3.12/site-packages/airflow/example_dags/example_sensors.py for tasks to queue
[2026-05-09T19:49:39.032+0000] {logging_mixin.py:188} INFO - [2026-05-09T19:49:39.032+0000] {dagbag.py:545} INFO - Filling up the DagBag from /home/airflow/.local/lib/python3.12/site-packages/airflow/example_dags/example_sensors.py
[2026-05-09T19:49:39.043+0000] {processor.py:840} INFO - DAG(s) 'example_sensors' retrieved from /home/airflow/.local/lib/python3.12/site-packages/airflow/example_dags/example_sensors.py
[2026-05-09T19:49:39.078+0000] {logging_mixin.py:188} INFO - [2026-05-09T19:49:39.077+0000] {dag.py:3096} INFO - Sync 1 DAGs
[2026-05-09T19:49:39.093+0000] {logging_mixin.py:188} INFO - [2026-05-09T19:49:39.093+0000] {dag.py:3954} INFO - Setting next_dagrun for example_sensors to None, run_after=None
[2026-05-09T19:49:39.127+0000] {processor.py:183} INFO - Processing /home/airflow/.local/lib/python3.12/site-packages/airflow/example_dags/example_sensors.py took 0.105 seconds
[2026-05-09T19:50:10.100+0000] {processor.py:161} INFO - Started process (PID=6778) to work on /home/airflow/.local/lib/python3.12/site-packages/airflow/example_dags/example_sensors.py
[2026-05-09T19:50:10.101+0000] {processor.py:830} INFO - Processing file /home/airflow/.local/lib/python3.12/site-packages/airflow/example_dags/example_sensors.py for tasks to queue
[2026-05-09T19:50:10.102+0000] {logging_mixin.py:188} INFO - [2026-05-09T19:50:10.102+0000] {dagbag.py:545} INFO - Filling up the DagBag from /home/airflow/.local/lib/python3.12/site-packages/airflow/example_dags/example_sensors.py
[2026-05-09T19:50:10.110+0000] {processor.py:840} INFO - DAG(s) 'example_sensors' retrieved from /home/airflow/.local/lib/python3.12/site-packages/airflow/example_dags/example_sensors.py
[2026-05-09T19:50:10.137+0000] {logging_mixin.py:188} INFO - [2026-05-09T19:50:10.137+0000] {dag.py:3096} INFO - Sync 1 DAGs
[2026-05-09T19:50:10.150+0000] {logging_mixin.py:188} INFO - [2026-05-09T19:50:10.150+0000] {dag.py:3954} INFO - Setting next_dagrun for example_sensors to None, run_after=None
[2026-05-09T19:50:10.172+0000] {processor.py:183} INFO - Processing /home/airflow/.local/lib/python3.12/site-packages/airflow/example_dags/example_sensors.py took 0.078 seconds
[2026-05-09T19:50:40.478+0000] {processor.py:161} INFO - Started process (PID=6837) to work on /home/airflow/.local/lib/python3.12/site-packages/airflow/example_dags/example_sensors.py
[2026-05-09T19:50:40.480+0000] {processor.py:830} INFO - Processing file /home/airflow/.local/lib/python3.12/site-packages/airflow/example_dags/example_sensors.py for tasks to queue
[2026-05-09T19:50:40.483+0000] {logging_mixin.py:188} INFO - [2026-05-09T19:50:40.482+0000] {dagbag.py:545} INFO - Filling up the DagBag from /home/airflow/.local/lib/python3.12/site-packages/airflow/example_dags/example_sensors.py
[2026-05-09T19:50:40.492+0000] {processor.py:840} INFO - DAG(s) 'example_sensors' retrieved from /home/airflow/.local/lib/python3.12/site-packages/airflow/example_dags/example_sensors.py
[2026-05-09T19:50:40.526+0000] {logging_mixin.py:188} INFO - [2026-05-09T19:50:40.525+0000] {dag.py:3096} INFO - Sync 1 DAGs
[2026-05-09T19:50:40.539+0000] {logging_mixin.py:188} INFO - [2026-05-09T19:50:40.539+0000] {dag.py:3954} INFO - Setting next_dagrun for example_sensors to None, run_after=None
[2026-05-09T19:50:40.568+0000] {processor.py:183} INFO - Processing /home/airflow/.local/lib/python3.12/site-packages/airflow/example_dags/example_sensors.py took 0.094 seconds
[2026-05-09T19:51:11.118+0000] {processor.py:161} INFO - Started process (PID=6896) to work on /home/airflow/.local/lib/python3.12/site-packages/airflow/example_dags/example_sensors.py
[2026-05-09T19:51:11.119+0000] {processor.py:830} INFO - Processing file /home/airflow/.local/lib/python3.12/site-packages/airflow/example_dags/example_sensors.py for tasks to queue
[2026-05-09T19:51:11.121+0000] {logging_mixin.py:188} INFO - [2026-05-09T19:51:11.121+0000] {dagbag.py:545} INFO - Filling up the DagBag from /home/airflow/.local/lib/python3.12/site-packages/airflow/example_dags/example_sensors.py
[2026-05-09T19:51:11.131+0000] {processor.py:840} INFO - DAG(s) 'example_sensors' retrieved from /home/airflow/.local/lib/python3.12/site-packages/airflow/example_dags/example_sensors.py
[2026-05-09T19:51:11.161+0000] {logging_mixin.py:188} INFO - [2026-05-09T19:51:11.161+0000] {dag.py:3096} INFO - Sync 1 DAGs
[2026-05-09T19:51:11.175+0000] {logging_mixin.py:188} INFO - [2026-05-09T19:51:11.174+0000] {dag.py:3954} INFO - Setting next_dagrun for example_sensors to None, run_after=None
[2026-05-09T19:51:11.205+0000] {processor.py:183} INFO - Processing /home/airflow/.local/lib/python3.12/site-packages/airflow/example_dags/example_sensors.py took 0.094 seconds
[2026-05-09T19:51:41.273+0000] {processor.py:161} INFO - Started process (PID=6955) to work on /home/airflow/.local/lib/python3.12/site-packages/airflow/example_dags/example_sensors.py
[2026-05-09T19:51:41.275+0000] {processor.py:830} INFO - Processing file /home/airflow/.local/lib/python3.12/site-packages/airflow/example_dags/example_sensors.py for tasks to queue
[2026-05-09T19:51:41.278+0000] {logging_mixin.py:188} INFO - [2026-05-09T19:51:41.277+0000] {dagbag.py:545} INFO - Filling up the DagBag from /home/airflow/.local/lib/python3.12/site-packages/airflow/example_dags/example_sensors.py
[2026-05-09T19:51:41.290+0000] {processor.py:840} INFO - DAG(s) 'example_sensors' retrieved from /home/airflow/.local/lib/python3.12/site-packages/airflow/example_dags/example_sensors.py
[2026-05-09T19:51:41.327+0000] {logging_mixin.py:188} INFO - [2026-05-09T19:51:41.327+0000] {dag.py:3096} INFO - Sync 1 DAGs
[2026-05-09T19:51:41.342+0000] {logging_mixin.py:188} INFO - [2026-05-09T19:51:41.341+0000] {dag.py:3954} INFO - Setting next_dagrun for example_sensors to None, run_after=None
[2026-05-09T19:51:41.372+0000] {processor.py:183} INFO - Processing /home/airflow/.local/lib/python3.12/site-packages/airflow/example_dags/example_sensors.py took 0.107 seconds
[2026-05-09T19:52:11.512+0000] {processor.py:161} INFO - Started process (PID=7014) to work on /home/airflow/.local/lib/python3.12/site-packages/airflow/example_dags/example_sensors.py
[2026-05-09T19:52:11.514+0000] {processor.py:830} INFO - Processing file /home/airflow/.local/lib/python3.12/site-packages/airflow/example_dags/example_sensors.py for tasks to queue
[2026-05-09T19:52:11.516+0000] {logging_mixin.py:188} INFO - [2026-05-09T19:52:11.515+0000] {dagbag.py:545} INFO - Filling up the DagBag from /home/airflow/.local/lib/python3.12/site-packages/airflow/example_dags/example_sensors.py
[2026-05-09T19:52:11.524+0000] {processor.py:840} INFO - DAG(s) 'example_sensors' retrieved from /home/airflow/.local/lib/python3.12/site-packages/airflow/example_dags/example_sensors.py
[2026-05-09T19:52:11.550+0000] {logging_mixin.py:188} INFO - [2026-05-09T19:52:11.550+0000] {dag.py:3096} INFO - Sync 1 DAGs
[2026-05-09T19:52:11.564+0000] {logging_mixin.py:188} INFO - [2026-05-09T19:52:11.564+0000] {dag.py:3954} INFO - Setting next_dagrun for example_sensors to None, run_after=None
[2026-05-09T19:52:11.590+0000] {processor.py:183} INFO - Processing /home/airflow/.local/lib/python3.12/site-packages/airflow/example_dags/example_sensors.py took 0.083 seconds
[2026-05-09T19:52:41.914+0000] {processor.py:161} INFO - Started process (PID=7073) to work on /home/airflow/.local/lib/python3.12/site-packages/airflow/example_dags/example_sensors.py
[2026-05-09T19:52:41.915+0000] {processor.py:830} INFO - Processing file /home/airflow/.local/lib/python3.12/site-packages/airflow/example_dags/example_sensors.py for tasks to queue
[2026-05-09T19:52:41.917+0000] {logging_mixin.py:188} INFO - [2026-05-09T19:52:41.916+0000] {dagbag.py:545} INFO - Filling up the DagBag from /home/airflow/.local/lib/python3.12/site-packages/airflow/example_dags/example_sensors.py
[2026-05-09T19:52:41.926+0000] {processor.py:840} INFO - DAG(s) 'example_sensors' retrieved from /home/airflow/.local/lib/python3.12/site-packages/airflow/example_dags/example_sensors.py
[2026-05-09T19:52:41.956+0000] {logging_mixin.py:188} INFO - [2026-05-09T19:52:41.956+0000] {dag.py:3096} INFO - Sync 1 DAGs
[2026-05-09T19:52:41.969+0000] {logging_mixin.py:188} INFO - [2026-05-09T19:52:41.969+0000] {dag.py:3954} INFO - Setting next_dagrun for example_sensors to None, run_after=None
[2026-05-09T19:52:41.994+0000] {processor.py:183} INFO - Processing /home/airflow/.local/lib/python3.12/site-packages/airflow/example_dags/example_sensors.py took 0.086 seconds
[2026-05-09T19:53:12.682+0000] {processor.py:161} INFO - Started process (PID=7132) to work on /home/airflow/.local/lib/python3.12/site-packages/airflow/example_dags/example_sensors.py
[2026-05-09T19:53:12.683+0000] {processor.py:830} INFO - Processing file /home/airflow/.local/lib/python3.12/site-packages/airflow/example_dags/example_sensors.py for tasks to queue
[2026-05-09T19:53:12.685+0000] {logging_mixin.py:188} INFO - [2026-05-09T19:53:12.685+0000] {dagbag.py:545} INFO - Filling up the DagBag from /home/airflow/.local/lib/python3.12/site-packages/airflow/example_dags/example_sensors.py
[2026-05-09T19:53:12.694+0000] {processor.py:840} INFO - DAG(s) 'example_sensors' retrieved from /home/airflow/.local/lib/python3.12/site-packages/airflow/example_dags/example_sensors.py
[2026-05-09T19:53:12.722+0000] {logging_mixin.py:188} INFO - [2026-05-09T19:53:12.721+0000] {dag.py:3096} INFO - Sync 1 DAGs
[2026-05-09T19:53:12.735+0000] {logging_mixin.py:188} INFO - [2026-05-09T19:53:12.734+0000] {dag.py:3954} INFO - Setting next_dagrun for example_sensors to None, run_after=None
[2026-05-09T19:53:12.760+0000] {processor.py:183} INFO - Processing /home/airflow/.local/lib/python3.12/site-packages/airflow/example_dags/example_sensors.py took 0.084 seconds
[2026-05-09T19:53:43.674+0000] {processor.py:161} INFO - Started process (PID=7191) to work on /home/airflow/.local/lib/python3.12/site-packages/airflow/example_dags/example_sensors.py
[2026-05-09T19:53:43.675+0000] {processor.py:830} INFO - Processing file /home/airflow/.local/lib/python3.12/site-packages/airflow/example_dags/example_sensors.py for tasks to queue
[2026-05-09T19:53:43.677+0000] {logging_mixin.py:188} INFO - [2026-05-09T19:53:43.677+0000] {dagbag.py:545} INFO - Filling up the DagBag from /home/airflow/.local/lib/python3.12/site-packages/airflow/example_dags/example_sensors.py
[2026-05-09T19:53:43.685+0000] {processor.py:840} INFO - DAG(s) 'example_sensors' retrieved from /home/airflow/.local/lib/python3.12/site-packages/airflow/example_dags/example_sensors.py
[2026-05-09T19:53:43.712+0000] {logging_mixin.py:188} INFO - [2026-05-09T19:53:43.711+0000] {dag.py:3096} INFO - Sync 1 DAGs
[2026-05-09T19:53:43.725+0000] {logging_mixin.py:188} INFO - [2026-05-09T19:53:43.725+0000] {dag.py:3954} INFO - Setting next_dagrun for example_sensors to None, run_after=None
[2026-05-09T19:53:43.749+0000] {processor.py:183} INFO - Processing /home/airflow/.local/lib/python3.12/site-packages/airflow/example_dags/example_sensors.py took 0.080 seconds
[2026-05-09T19:54:14.014+0000] {processor.py:161} INFO - Started process (PID=7250) to work on /home/airflow/.local/lib/python3.12/site-packages/airflow/example_dags/example_sensors.py
[2026-05-09T19:54:14.015+0000] {processor.py:830} INFO - Processing file /home/airflow/.local/lib/python3.12/site-packages/airflow/example_dags/example_sensors.py for tasks to queue
[2026-05-09T19:54:14.017+0000] {logging_mixin.py:188} INFO - [2026-05-09T19:54:14.017+0000] {dagbag.py:545} INFO - Filling up the DagBag from /home/airflow/.local/lib/python3.12/site-packages/airflow/example_dags/example_sensors.py
[2026-05-09T19:54:14.025+0000] {processor.py:840} INFO - DAG(s) 'example_sensors' retrieved from /home/airflow/.local/lib/python3.12/site-packages/airflow/example_dags/example_sensors.py
[2026-05-09T19:54:14.051+0000] {logging_mixin.py:188} INFO - [2026-05-09T19:54:14.051+0000] {dag.py:3096} INFO - Sync 1 DAGs
[2026-05-09T19:54:14.064+0000] {logging_mixin.py:188} INFO - [2026-05-09T19:54:14.064+0000] {dag.py:3954} INFO - Setting next_dagrun for example_sensors to None, run_after=None
[2026-05-09T19:54:14.088+0000] {processor.py:183} INFO - Processing /home/airflow/.local/lib/python3.12/site-packages/airflow/example_dags/example_sensors.py took 0.080 seconds
