[2026-05-09T18:42:19.603+0000] {processor.py:161} INFO - Started process (PID=102) to work on /home/airflow/.local/lib/python3.12/site-packages/airflow/example_dags/example_python_decorator.py
[2026-05-09T18:42:19.604+0000] {processor.py:830} INFO - Processing file /home/airflow/.local/lib/python3.12/site-packages/airflow/example_dags/example_python_decorator.py for tasks to queue
[2026-05-09T18:42:19.606+0000] {logging_mixin.py:188} INFO - [2026-05-09T18:42:19.606+0000] {dagbag.py:545} INFO - Filling up the DagBag from /home/airflow/.local/lib/python3.12/site-packages/airflow/example_dags/example_python_decorator.py
[2026-05-09T18:42:19.636+0000] {processor.py:840} INFO - DAG(s) 'example_python_decorator' retrieved from /home/airflow/.local/lib/python3.12/site-packages/airflow/example_dags/example_python_decorator.py
[2026-05-09T18:42:19.757+0000] {logging_mixin.py:188} INFO - [2026-05-09T18:42:19.756+0000] {dag.py:3096} INFO - Sync 1 DAGs
[2026-05-09T18:42:19.772+0000] {logging_mixin.py:188} INFO - [2026-05-09T18:42:19.772+0000] {dag.py:3954} INFO - Setting next_dagrun for example_python_decorator to None, run_after=None
[2026-05-09T18:42:19.809+0000] {processor.py:183} INFO - Processing /home/airflow/.local/lib/python3.12/site-packages/airflow/example_dags/example_python_decorator.py took 0.211 seconds
[2026-05-09T18:42:50.353+0000] {processor.py:161} INFO - Started process (PID=160) to work on /home/airflow/.local/lib/python3.12/site-packages/airflow/example_dags/example_python_decorator.py
[2026-05-09T18:42:50.355+0000] {processor.py:830} INFO - Processing file /home/airflow/.local/lib/python3.12/site-packages/airflow/example_dags/example_python_decorator.py for tasks to queue
[2026-05-09T18:42:50.358+0000] {logging_mixin.py:188} INFO - [2026-05-09T18:42:50.358+0000] {dagbag.py:545} INFO - Filling up the DagBag from /home/airflow/.local/lib/python3.12/site-packages/airflow/example_dags/example_python_decorator.py
[2026-05-09T18:42:50.373+0000] {processor.py:840} INFO - DAG(s) 'example_python_decorator' retrieved from /home/airflow/.local/lib/python3.12/site-packages/airflow/example_dags/example_python_decorator.py
[2026-05-09T18:42:50.406+0000] {logging_mixin.py:188} INFO - [2026-05-09T18:42:50.405+0000] {dag.py:3096} INFO - Sync 1 DAGs
[2026-05-09T18:42:50.432+0000] {logging_mixin.py:188} INFO - [2026-05-09T18:42:50.431+0000] {dag.py:3954} INFO - Setting next_dagrun for example_python_decorator to None, run_after=None
[2026-05-09T18:42:50.473+0000] {processor.py:183} INFO - Processing /home/airflow/.local/lib/python3.12/site-packages/airflow/example_dags/example_python_decorator.py took 0.130 seconds
[2026-05-09T18:43:23.081+0000] {processor.py:161} INFO - Started process (PID=218) to work on /home/airflow/.local/lib/python3.12/site-packages/airflow/example_dags/example_python_decorator.py
[2026-05-09T18:43:23.083+0000] {processor.py:830} INFO - Processing file /home/airflow/.local/lib/python3.12/site-packages/airflow/example_dags/example_python_decorator.py for tasks to queue
[2026-05-09T18:43:23.086+0000] {logging_mixin.py:188} INFO - [2026-05-09T18:43:23.085+0000] {dagbag.py:545} INFO - Filling up the DagBag from /home/airflow/.local/lib/python3.12/site-packages/airflow/example_dags/example_python_decorator.py
[2026-05-09T18:43:23.105+0000] {processor.py:840} INFO - DAG(s) 'example_python_decorator' retrieved from /home/airflow/.local/lib/python3.12/site-packages/airflow/example_dags/example_python_decorator.py
[2026-05-09T18:43:23.136+0000] {logging_mixin.py:188} INFO - [2026-05-09T18:43:23.136+0000] {dag.py:3096} INFO - Sync 1 DAGs
[2026-05-09T18:43:23.155+0000] {logging_mixin.py:188} INFO - [2026-05-09T18:43:23.154+0000] {dag.py:3954} INFO - Setting next_dagrun for example_python_decorator to None, run_after=None
[2026-05-09T18:43:23.189+0000] {processor.py:183} INFO - Processing /home/airflow/.local/lib/python3.12/site-packages/airflow/example_dags/example_python_decorator.py took 0.114 seconds
[2026-05-09T18:43:56.364+0000] {processor.py:161} INFO - Started process (PID=276) to work on /home/airflow/.local/lib/python3.12/site-packages/airflow/example_dags/example_python_decorator.py
[2026-05-09T18:43:56.366+0000] {processor.py:830} INFO - Processing file /home/airflow/.local/lib/python3.12/site-packages/airflow/example_dags/example_python_decorator.py for tasks to queue
[2026-05-09T18:43:56.369+0000] {logging_mixin.py:188} INFO - [2026-05-09T18:43:56.368+0000] {dagbag.py:545} INFO - Filling up the DagBag from /home/airflow/.local/lib/python3.12/site-packages/airflow/example_dags/example_python_decorator.py
[2026-05-09T18:43:56.382+0000] {processor.py:840} INFO - DAG(s) 'example_python_decorator' retrieved from /home/airflow/.local/lib/python3.12/site-packages/airflow/example_dags/example_python_decorator.py
[2026-05-09T18:43:56.411+0000] {logging_mixin.py:188} INFO - [2026-05-09T18:43:56.410+0000] {dag.py:3096} INFO - Sync 1 DAGs
[2026-05-09T18:43:56.427+0000] {logging_mixin.py:188} INFO - [2026-05-09T18:43:56.427+0000] {dag.py:3954} INFO - Setting next_dagrun for example_python_decorator to None, run_after=None
[2026-05-09T18:43:56.453+0000] {processor.py:183} INFO - Processing /home/airflow/.local/lib/python3.12/site-packages/airflow/example_dags/example_python_decorator.py took 0.098 seconds
[2026-05-09T18:44:26.864+0000] {processor.py:161} INFO - Started process (PID=334) to work on /home/airflow/.local/lib/python3.12/site-packages/airflow/example_dags/example_python_decorator.py
[2026-05-09T18:44:26.865+0000] {processor.py:830} INFO - Processing file /home/airflow/.local/lib/python3.12/site-packages/airflow/example_dags/example_python_decorator.py for tasks to queue
[2026-05-09T18:44:26.868+0000] {logging_mixin.py:188} INFO - [2026-05-09T18:44:26.868+0000] {dagbag.py:545} INFO - Filling up the DagBag from /home/airflow/.local/lib/python3.12/site-packages/airflow/example_dags/example_python_decorator.py
[2026-05-09T18:44:26.880+0000] {processor.py:840} INFO - DAG(s) 'example_python_decorator' retrieved from /home/airflow/.local/lib/python3.12/site-packages/airflow/example_dags/example_python_decorator.py
[2026-05-09T18:44:26.905+0000] {logging_mixin.py:188} INFO - [2026-05-09T18:44:26.905+0000] {dag.py:3096} INFO - Sync 1 DAGs
[2026-05-09T18:44:26.918+0000] {logging_mixin.py:188} INFO - [2026-05-09T18:44:26.918+0000] {dag.py:3954} INFO - Setting next_dagrun for example_python_decorator to None, run_after=None
[2026-05-09T18:44:26.943+0000] {processor.py:183} INFO - Processing /home/airflow/.local/lib/python3.12/site-packages/airflow/example_dags/example_python_decorator.py took 0.085 seconds
[2026-05-09T18:44:57.787+0000] {processor.py:161} INFO - Started process (PID=392) to work on /home/airflow/.local/lib/python3.12/site-packages/airflow/example_dags/example_python_decorator.py
[2026-05-09T18:44:57.788+0000] {processor.py:830} INFO - Processing file /home/airflow/.local/lib/python3.12/site-packages/airflow/example_dags/example_python_decorator.py for tasks to queue
[2026-05-09T18:44:57.790+0000] {logging_mixin.py:188} INFO - [2026-05-09T18:44:57.790+0000] {dagbag.py:545} INFO - Filling up the DagBag from /home/airflow/.local/lib/python3.12/site-packages/airflow/example_dags/example_python_decorator.py
[2026-05-09T18:44:57.803+0000] {processor.py:840} INFO - DAG(s) 'example_python_decorator' retrieved from /home/airflow/.local/lib/python3.12/site-packages/airflow/example_dags/example_python_decorator.py
[2026-05-09T18:44:57.829+0000] {logging_mixin.py:188} INFO - [2026-05-09T18:44:57.828+0000] {dag.py:3096} INFO - Sync 1 DAGs
[2026-05-09T18:44:57.842+0000] {logging_mixin.py:188} INFO - [2026-05-09T18:44:57.842+0000] {dag.py:3954} INFO - Setting next_dagrun for example_python_decorator to None, run_after=None
[2026-05-09T18:44:57.874+0000] {processor.py:183} INFO - Processing /home/airflow/.local/lib/python3.12/site-packages/airflow/example_dags/example_python_decorator.py took 0.093 seconds
[2026-05-09T18:45:28.633+0000] {processor.py:161} INFO - Started process (PID=450) to work on /home/airflow/.local/lib/python3.12/site-packages/airflow/example_dags/example_python_decorator.py
[2026-05-09T18:45:28.634+0000] {processor.py:830} INFO - Processing file /home/airflow/.local/lib/python3.12/site-packages/airflow/example_dags/example_python_decorator.py for tasks to queue
[2026-05-09T18:45:28.636+0000] {logging_mixin.py:188} INFO - [2026-05-09T18:45:28.636+0000] {dagbag.py:545} INFO - Filling up the DagBag from /home/airflow/.local/lib/python3.12/site-packages/airflow/example_dags/example_python_decorator.py
[2026-05-09T18:45:28.648+0000] {processor.py:840} INFO - DAG(s) 'example_python_decorator' retrieved from /home/airflow/.local/lib/python3.12/site-packages/airflow/example_dags/example_python_decorator.py
[2026-05-09T18:45:28.671+0000] {logging_mixin.py:188} INFO - [2026-05-09T18:45:28.671+0000] {dag.py:3096} INFO - Sync 1 DAGs
[2026-05-09T18:45:28.684+0000] {logging_mixin.py:188} INFO - [2026-05-09T18:45:28.684+0000] {dag.py:3954} INFO - Setting next_dagrun for example_python_decorator to None, run_after=None
[2026-05-09T18:45:28.708+0000] {processor.py:183} INFO - Processing /home/airflow/.local/lib/python3.12/site-packages/airflow/example_dags/example_python_decorator.py took 0.081 seconds
[2026-05-09T18:45:59.373+0000] {processor.py:161} INFO - Started process (PID=508) to work on /home/airflow/.local/lib/python3.12/site-packages/airflow/example_dags/example_python_decorator.py
[2026-05-09T18:45:59.374+0000] {processor.py:830} INFO - Processing file /home/airflow/.local/lib/python3.12/site-packages/airflow/example_dags/example_python_decorator.py for tasks to queue
[2026-05-09T18:45:59.377+0000] {logging_mixin.py:188} INFO - [2026-05-09T18:45:59.376+0000] {dagbag.py:545} INFO - Filling up the DagBag from /home/airflow/.local/lib/python3.12/site-packages/airflow/example_dags/example_python_decorator.py
[2026-05-09T18:45:59.392+0000] {processor.py:840} INFO - DAG(s) 'example_python_decorator' retrieved from /home/airflow/.local/lib/python3.12/site-packages/airflow/example_dags/example_python_decorator.py
[2026-05-09T18:45:59.419+0000] {logging_mixin.py:188} INFO - [2026-05-09T18:45:59.419+0000] {dag.py:3096} INFO - Sync 1 DAGs
[2026-05-09T18:45:59.435+0000] {logging_mixin.py:188} INFO - [2026-05-09T18:45:59.434+0000] {dag.py:3954} INFO - Setting next_dagrun for example_python_decorator to None, run_after=None
[2026-05-09T18:45:59.464+0000] {processor.py:183} INFO - Processing /home/airflow/.local/lib/python3.12/site-packages/airflow/example_dags/example_python_decorator.py took 0.098 seconds
[2026-05-09T18:46:30.740+0000] {processor.py:161} INFO - Started process (PID=566) to work on /home/airflow/.local/lib/python3.12/site-packages/airflow/example_dags/example_python_decorator.py
[2026-05-09T18:46:30.743+0000] {processor.py:830} INFO - Processing file /home/airflow/.local/lib/python3.12/site-packages/airflow/example_dags/example_python_decorator.py for tasks to queue
[2026-05-09T18:46:30.747+0000] {logging_mixin.py:188} INFO - [2026-05-09T18:46:30.746+0000] {dagbag.py:545} INFO - Filling up the DagBag from /home/airflow/.local/lib/python3.12/site-packages/airflow/example_dags/example_python_decorator.py
[2026-05-09T18:46:30.775+0000] {processor.py:840} INFO - DAG(s) 'example_python_decorator' retrieved from /home/airflow/.local/lib/python3.12/site-packages/airflow/example_dags/example_python_decorator.py
[2026-05-09T18:46:30.822+0000] {logging_mixin.py:188} INFO - [2026-05-09T18:46:30.822+0000] {dag.py:3096} INFO - Sync 1 DAGs
[2026-05-09T18:46:30.846+0000] {logging_mixin.py:188} INFO - [2026-05-09T18:46:30.845+0000] {dag.py:3954} INFO - Setting next_dagrun for example_python_decorator to None, run_after=None
[2026-05-09T18:46:30.879+0000] {processor.py:183} INFO - Processing /home/airflow/.local/lib/python3.12/site-packages/airflow/example_dags/example_python_decorator.py took 0.149 seconds
[2026-05-09T18:51:08.337+0000] {processor.py:161} INFO - Started process (PID=115) to work on /home/airflow/.local/lib/python3.12/site-packages/airflow/example_dags/example_python_decorator.py
[2026-05-09T18:51:08.340+0000] {processor.py:830} INFO - Processing file /home/airflow/.local/lib/python3.12/site-packages/airflow/example_dags/example_python_decorator.py for tasks to queue
[2026-05-09T18:51:08.343+0000] {logging_mixin.py:188} INFO - [2026-05-09T18:51:08.343+0000] {dagbag.py:545} INFO - Filling up the DagBag from /home/airflow/.local/lib/python3.12/site-packages/airflow/example_dags/example_python_decorator.py
[2026-05-09T18:51:08.361+0000] {processor.py:840} INFO - DAG(s) 'example_python_decorator' retrieved from /home/airflow/.local/lib/python3.12/site-packages/airflow/example_dags/example_python_decorator.py
[2026-05-09T18:51:08.494+0000] {logging_mixin.py:188} INFO - [2026-05-09T18:51:08.493+0000] {dag.py:3096} INFO - Sync 1 DAGs
[2026-05-09T18:51:08.506+0000] {logging_mixin.py:188} INFO - [2026-05-09T18:51:08.506+0000] {dag.py:3954} INFO - Setting next_dagrun for example_python_decorator to None, run_after=None
[2026-05-09T18:51:08.538+0000] {processor.py:183} INFO - Processing /home/airflow/.local/lib/python3.12/site-packages/airflow/example_dags/example_python_decorator.py took 0.207 seconds
[2026-05-09T18:51:53.626+0000] {processor.py:161} INFO - Started process (PID=90) to work on /home/airflow/.local/lib/python3.12/site-packages/airflow/example_dags/example_python_decorator.py
[2026-05-09T18:51:53.627+0000] {processor.py:830} INFO - Processing file /home/airflow/.local/lib/python3.12/site-packages/airflow/example_dags/example_python_decorator.py for tasks to queue
[2026-05-09T18:51:53.629+0000] {logging_mixin.py:188} INFO - [2026-05-09T18:51:53.629+0000] {dagbag.py:545} INFO - Filling up the DagBag from /home/airflow/.local/lib/python3.12/site-packages/airflow/example_dags/example_python_decorator.py
[2026-05-09T18:51:53.640+0000] {processor.py:840} INFO - DAG(s) 'example_python_decorator' retrieved from /home/airflow/.local/lib/python3.12/site-packages/airflow/example_dags/example_python_decorator.py
[2026-05-09T18:51:53.753+0000] {logging_mixin.py:188} INFO - [2026-05-09T18:51:53.752+0000] {dag.py:3096} INFO - Sync 1 DAGs
[2026-05-09T18:51:53.766+0000] {logging_mixin.py:188} INFO - [2026-05-09T18:51:53.766+0000] {dag.py:3954} INFO - Setting next_dagrun for example_python_decorator to None, run_after=None
[2026-05-09T18:51:53.790+0000] {processor.py:183} INFO - Processing /home/airflow/.local/lib/python3.12/site-packages/airflow/example_dags/example_python_decorator.py took 0.169 seconds
[2026-05-09T18:52:23.954+0000] {processor.py:161} INFO - Started process (PID=142) to work on /home/airflow/.local/lib/python3.12/site-packages/airflow/example_dags/example_python_decorator.py
[2026-05-09T18:52:23.956+0000] {processor.py:830} INFO - Processing file /home/airflow/.local/lib/python3.12/site-packages/airflow/example_dags/example_python_decorator.py for tasks to queue
[2026-05-09T18:52:23.958+0000] {logging_mixin.py:188} INFO - [2026-05-09T18:52:23.957+0000] {dagbag.py:545} INFO - Filling up the DagBag from /home/airflow/.local/lib/python3.12/site-packages/airflow/example_dags/example_python_decorator.py
[2026-05-09T18:52:23.969+0000] {processor.py:840} INFO - DAG(s) 'example_python_decorator' retrieved from /home/airflow/.local/lib/python3.12/site-packages/airflow/example_dags/example_python_decorator.py
[2026-05-09T18:52:23.991+0000] {logging_mixin.py:188} INFO - [2026-05-09T18:52:23.990+0000] {dag.py:3096} INFO - Sync 1 DAGs
[2026-05-09T18:52:24.003+0000] {logging_mixin.py:188} INFO - [2026-05-09T18:52:24.003+0000] {dag.py:3954} INFO - Setting next_dagrun for example_python_decorator to None, run_after=None
[2026-05-09T18:52:24.029+0000] {processor.py:183} INFO - Processing /home/airflow/.local/lib/python3.12/site-packages/airflow/example_dags/example_python_decorator.py took 0.079 seconds
[2026-05-09T18:53:00.539+0000] {processor.py:161} INFO - Started process (PID=206) to work on /home/airflow/.local/lib/python3.12/site-packages/airflow/example_dags/example_python_decorator.py
[2026-05-09T18:53:00.540+0000] {processor.py:830} INFO - Processing file /home/airflow/.local/lib/python3.12/site-packages/airflow/example_dags/example_python_decorator.py for tasks to queue
[2026-05-09T18:53:00.542+0000] {logging_mixin.py:188} INFO - [2026-05-09T18:53:00.542+0000] {dagbag.py:545} INFO - Filling up the DagBag from /home/airflow/.local/lib/python3.12/site-packages/airflow/example_dags/example_python_decorator.py
[2026-05-09T18:53:00.555+0000] {processor.py:840} INFO - DAG(s) 'example_python_decorator' retrieved from /home/airflow/.local/lib/python3.12/site-packages/airflow/example_dags/example_python_decorator.py
[2026-05-09T18:53:00.581+0000] {logging_mixin.py:188} INFO - [2026-05-09T18:53:00.581+0000] {dag.py:3096} INFO - Sync 1 DAGs
[2026-05-09T18:53:00.597+0000] {logging_mixin.py:188} INFO - [2026-05-09T18:53:00.596+0000] {dag.py:3954} INFO - Setting next_dagrun for example_python_decorator to None, run_after=None
[2026-05-09T18:53:00.627+0000] {processor.py:183} INFO - Processing /home/airflow/.local/lib/python3.12/site-packages/airflow/example_dags/example_python_decorator.py took 0.094 seconds
[2026-05-09T18:53:30.807+0000] {processor.py:161} INFO - Started process (PID=264) to work on /home/airflow/.local/lib/python3.12/site-packages/airflow/example_dags/example_python_decorator.py
[2026-05-09T18:53:30.809+0000] {processor.py:830} INFO - Processing file /home/airflow/.local/lib/python3.12/site-packages/airflow/example_dags/example_python_decorator.py for tasks to queue
[2026-05-09T18:53:30.811+0000] {logging_mixin.py:188} INFO - [2026-05-09T18:53:30.811+0000] {dagbag.py:545} INFO - Filling up the DagBag from /home/airflow/.local/lib/python3.12/site-packages/airflow/example_dags/example_python_decorator.py
[2026-05-09T18:53:30.825+0000] {processor.py:840} INFO - DAG(s) 'example_python_decorator' retrieved from /home/airflow/.local/lib/python3.12/site-packages/airflow/example_dags/example_python_decorator.py
[2026-05-09T18:53:30.852+0000] {logging_mixin.py:188} INFO - [2026-05-09T18:53:30.852+0000] {dag.py:3096} INFO - Sync 1 DAGs
[2026-05-09T18:53:30.867+0000] {logging_mixin.py:188} INFO - [2026-05-09T18:53:30.866+0000] {dag.py:3954} INFO - Setting next_dagrun for example_python_decorator to None, run_after=None
[2026-05-09T18:53:30.896+0000] {processor.py:183} INFO - Processing /home/airflow/.local/lib/python3.12/site-packages/airflow/example_dags/example_python_decorator.py took 0.094 seconds
[2026-05-09T18:54:02.447+0000] {processor.py:161} INFO - Started process (PID=322) to work on /home/airflow/.local/lib/python3.12/site-packages/airflow/example_dags/example_python_decorator.py
[2026-05-09T18:54:02.448+0000] {processor.py:830} INFO - Processing file /home/airflow/.local/lib/python3.12/site-packages/airflow/example_dags/example_python_decorator.py for tasks to queue
[2026-05-09T18:54:02.450+0000] {logging_mixin.py:188} INFO - [2026-05-09T18:54:02.450+0000] {dagbag.py:545} INFO - Filling up the DagBag from /home/airflow/.local/lib/python3.12/site-packages/airflow/example_dags/example_python_decorator.py
[2026-05-09T18:54:02.464+0000] {processor.py:840} INFO - DAG(s) 'example_python_decorator' retrieved from /home/airflow/.local/lib/python3.12/site-packages/airflow/example_dags/example_python_decorator.py
[2026-05-09T18:54:02.489+0000] {logging_mixin.py:188} INFO - [2026-05-09T18:54:02.489+0000] {dag.py:3096} INFO - Sync 1 DAGs
[2026-05-09T18:54:02.502+0000] {logging_mixin.py:188} INFO - [2026-05-09T18:54:02.502+0000] {dag.py:3954} INFO - Setting next_dagrun for example_python_decorator to None, run_after=None
[2026-05-09T18:54:02.528+0000] {processor.py:183} INFO - Processing /home/airflow/.local/lib/python3.12/site-packages/airflow/example_dags/example_python_decorator.py took 0.087 seconds
[2026-05-09T18:54:33.191+0000] {processor.py:161} INFO - Started process (PID=380) to work on /home/airflow/.local/lib/python3.12/site-packages/airflow/example_dags/example_python_decorator.py
[2026-05-09T18:54:33.192+0000] {processor.py:830} INFO - Processing file /home/airflow/.local/lib/python3.12/site-packages/airflow/example_dags/example_python_decorator.py for tasks to queue
[2026-05-09T18:54:33.194+0000] {logging_mixin.py:188} INFO - [2026-05-09T18:54:33.194+0000] {dagbag.py:545} INFO - Filling up the DagBag from /home/airflow/.local/lib/python3.12/site-packages/airflow/example_dags/example_python_decorator.py
[2026-05-09T18:54:33.205+0000] {processor.py:840} INFO - DAG(s) 'example_python_decorator' retrieved from /home/airflow/.local/lib/python3.12/site-packages/airflow/example_dags/example_python_decorator.py
[2026-05-09T18:54:33.230+0000] {logging_mixin.py:188} INFO - [2026-05-09T18:54:33.230+0000] {dag.py:3096} INFO - Sync 1 DAGs
[2026-05-09T18:54:33.242+0000] {logging_mixin.py:188} INFO - [2026-05-09T18:54:33.242+0000] {dag.py:3954} INFO - Setting next_dagrun for example_python_decorator to None, run_after=None
[2026-05-09T18:54:33.263+0000] {processor.py:183} INFO - Processing /home/airflow/.local/lib/python3.12/site-packages/airflow/example_dags/example_python_decorator.py took 0.077 seconds
[2026-05-09T18:55:03.328+0000] {processor.py:161} INFO - Started process (PID=438) to work on /home/airflow/.local/lib/python3.12/site-packages/airflow/example_dags/example_python_decorator.py
[2026-05-09T18:55:03.330+0000] {processor.py:830} INFO - Processing file /home/airflow/.local/lib/python3.12/site-packages/airflow/example_dags/example_python_decorator.py for tasks to queue
[2026-05-09T18:55:03.332+0000] {logging_mixin.py:188} INFO - [2026-05-09T18:55:03.331+0000] {dagbag.py:545} INFO - Filling up the DagBag from /home/airflow/.local/lib/python3.12/site-packages/airflow/example_dags/example_python_decorator.py
[2026-05-09T18:55:03.346+0000] {processor.py:840} INFO - DAG(s) 'example_python_decorator' retrieved from /home/airflow/.local/lib/python3.12/site-packages/airflow/example_dags/example_python_decorator.py
[2026-05-09T18:55:03.372+0000] {logging_mixin.py:188} INFO - [2026-05-09T18:55:03.371+0000] {dag.py:3096} INFO - Sync 1 DAGs
[2026-05-09T18:55:03.385+0000] {logging_mixin.py:188} INFO - [2026-05-09T18:55:03.384+0000] {dag.py:3954} INFO - Setting next_dagrun for example_python_decorator to None, run_after=None
[2026-05-09T18:55:03.409+0000] {processor.py:183} INFO - Processing /home/airflow/.local/lib/python3.12/site-packages/airflow/example_dags/example_python_decorator.py took 0.087 seconds
[2026-05-09T18:55:33.839+0000] {processor.py:161} INFO - Started process (PID=496) to work on /home/airflow/.local/lib/python3.12/site-packages/airflow/example_dags/example_python_decorator.py
[2026-05-09T18:55:33.840+0000] {processor.py:830} INFO - Processing file /home/airflow/.local/lib/python3.12/site-packages/airflow/example_dags/example_python_decorator.py for tasks to queue
[2026-05-09T18:55:33.842+0000] {logging_mixin.py:188} INFO - [2026-05-09T18:55:33.842+0000] {dagbag.py:545} INFO - Filling up the DagBag from /home/airflow/.local/lib/python3.12/site-packages/airflow/example_dags/example_python_decorator.py
[2026-05-09T18:55:33.854+0000] {processor.py:840} INFO - DAG(s) 'example_python_decorator' retrieved from /home/airflow/.local/lib/python3.12/site-packages/airflow/example_dags/example_python_decorator.py
[2026-05-09T18:55:33.878+0000] {logging_mixin.py:188} INFO - [2026-05-09T18:55:33.878+0000] {dag.py:3096} INFO - Sync 1 DAGs
[2026-05-09T18:55:33.891+0000] {logging_mixin.py:188} INFO - [2026-05-09T18:55:33.891+0000] {dag.py:3954} INFO - Setting next_dagrun for example_python_decorator to None, run_after=None
[2026-05-09T18:55:33.917+0000] {processor.py:183} INFO - Processing /home/airflow/.local/lib/python3.12/site-packages/airflow/example_dags/example_python_decorator.py took 0.083 seconds
[2026-05-09T18:56:04.723+0000] {processor.py:161} INFO - Started process (PID=554) to work on /home/airflow/.local/lib/python3.12/site-packages/airflow/example_dags/example_python_decorator.py
[2026-05-09T18:56:04.725+0000] {processor.py:830} INFO - Processing file /home/airflow/.local/lib/python3.12/site-packages/airflow/example_dags/example_python_decorator.py for tasks to queue
[2026-05-09T18:56:04.727+0000] {logging_mixin.py:188} INFO - [2026-05-09T18:56:04.726+0000] {dagbag.py:545} INFO - Filling up the DagBag from /home/airflow/.local/lib/python3.12/site-packages/airflow/example_dags/example_python_decorator.py
[2026-05-09T18:56:04.739+0000] {processor.py:840} INFO - DAG(s) 'example_python_decorator' retrieved from /home/airflow/.local/lib/python3.12/site-packages/airflow/example_dags/example_python_decorator.py
[2026-05-09T18:56:04.766+0000] {logging_mixin.py:188} INFO - [2026-05-09T18:56:04.765+0000] {dag.py:3096} INFO - Sync 1 DAGs
[2026-05-09T18:56:04.784+0000] {logging_mixin.py:188} INFO - [2026-05-09T18:56:04.784+0000] {dag.py:3954} INFO - Setting next_dagrun for example_python_decorator to None, run_after=None
[2026-05-09T18:56:04.813+0000] {processor.py:183} INFO - Processing /home/airflow/.local/lib/python3.12/site-packages/airflow/example_dags/example_python_decorator.py took 0.094 seconds
[2026-05-09T18:56:35.103+0000] {processor.py:161} INFO - Started process (PID=612) to work on /home/airflow/.local/lib/python3.12/site-packages/airflow/example_dags/example_python_decorator.py
[2026-05-09T18:56:35.104+0000] {processor.py:830} INFO - Processing file /home/airflow/.local/lib/python3.12/site-packages/airflow/example_dags/example_python_decorator.py for tasks to queue
[2026-05-09T18:56:35.106+0000] {logging_mixin.py:188} INFO - [2026-05-09T18:56:35.106+0000] {dagbag.py:545} INFO - Filling up the DagBag from /home/airflow/.local/lib/python3.12/site-packages/airflow/example_dags/example_python_decorator.py
[2026-05-09T18:56:35.117+0000] {processor.py:840} INFO - DAG(s) 'example_python_decorator' retrieved from /home/airflow/.local/lib/python3.12/site-packages/airflow/example_dags/example_python_decorator.py
[2026-05-09T18:56:35.140+0000] {logging_mixin.py:188} INFO - [2026-05-09T18:56:35.140+0000] {dag.py:3096} INFO - Sync 1 DAGs
[2026-05-09T18:56:35.152+0000] {logging_mixin.py:188} INFO - [2026-05-09T18:56:35.152+0000] {dag.py:3954} INFO - Setting next_dagrun for example_python_decorator to None, run_after=None
[2026-05-09T18:56:35.177+0000] {processor.py:183} INFO - Processing /home/airflow/.local/lib/python3.12/site-packages/airflow/example_dags/example_python_decorator.py took 0.079 seconds
[2026-05-09T18:57:05.602+0000] {processor.py:161} INFO - Started process (PID=671) to work on /home/airflow/.local/lib/python3.12/site-packages/airflow/example_dags/example_python_decorator.py
[2026-05-09T18:57:05.603+0000] {processor.py:830} INFO - Processing file /home/airflow/.local/lib/python3.12/site-packages/airflow/example_dags/example_python_decorator.py for tasks to queue
[2026-05-09T18:57:05.606+0000] {logging_mixin.py:188} INFO - [2026-05-09T18:57:05.605+0000] {dagbag.py:545} INFO - Filling up the DagBag from /home/airflow/.local/lib/python3.12/site-packages/airflow/example_dags/example_python_decorator.py
[2026-05-09T18:57:05.623+0000] {processor.py:840} INFO - DAG(s) 'example_python_decorator' retrieved from /home/airflow/.local/lib/python3.12/site-packages/airflow/example_dags/example_python_decorator.py
[2026-05-09T18:57:05.650+0000] {logging_mixin.py:188} INFO - [2026-05-09T18:57:05.649+0000] {dag.py:3096} INFO - Sync 1 DAGs
[2026-05-09T18:57:05.665+0000] {logging_mixin.py:188} INFO - [2026-05-09T18:57:05.665+0000] {dag.py:3954} INFO - Setting next_dagrun for example_python_decorator to None, run_after=None
[2026-05-09T18:57:05.693+0000] {processor.py:183} INFO - Processing /home/airflow/.local/lib/python3.12/site-packages/airflow/example_dags/example_python_decorator.py took 0.097 seconds
[2026-05-09T18:57:36.304+0000] {processor.py:161} INFO - Started process (PID=730) to work on /home/airflow/.local/lib/python3.12/site-packages/airflow/example_dags/example_python_decorator.py
[2026-05-09T18:57:36.305+0000] {processor.py:830} INFO - Processing file /home/airflow/.local/lib/python3.12/site-packages/airflow/example_dags/example_python_decorator.py for tasks to queue
[2026-05-09T18:57:36.307+0000] {logging_mixin.py:188} INFO - [2026-05-09T18:57:36.307+0000] {dagbag.py:545} INFO - Filling up the DagBag from /home/airflow/.local/lib/python3.12/site-packages/airflow/example_dags/example_python_decorator.py
[2026-05-09T18:57:36.318+0000] {processor.py:840} INFO - DAG(s) 'example_python_decorator' retrieved from /home/airflow/.local/lib/python3.12/site-packages/airflow/example_dags/example_python_decorator.py
[2026-05-09T18:57:36.342+0000] {logging_mixin.py:188} INFO - [2026-05-09T18:57:36.342+0000] {dag.py:3096} INFO - Sync 1 DAGs
[2026-05-09T18:57:36.354+0000] {logging_mixin.py:188} INFO - [2026-05-09T18:57:36.354+0000] {dag.py:3954} INFO - Setting next_dagrun for example_python_decorator to None, run_after=None
[2026-05-09T18:57:36.378+0000] {processor.py:183} INFO - Processing /home/airflow/.local/lib/python3.12/site-packages/airflow/example_dags/example_python_decorator.py took 0.080 seconds
[2026-05-09T18:58:07.259+0000] {processor.py:161} INFO - Started process (PID=790) to work on /home/airflow/.local/lib/python3.12/site-packages/airflow/example_dags/example_python_decorator.py
[2026-05-09T18:58:07.260+0000] {processor.py:830} INFO - Processing file /home/airflow/.local/lib/python3.12/site-packages/airflow/example_dags/example_python_decorator.py for tasks to queue
[2026-05-09T18:58:07.263+0000] {logging_mixin.py:188} INFO - [2026-05-09T18:58:07.263+0000] {dagbag.py:545} INFO - Filling up the DagBag from /home/airflow/.local/lib/python3.12/site-packages/airflow/example_dags/example_python_decorator.py
[2026-05-09T18:58:07.281+0000] {processor.py:840} INFO - DAG(s) 'example_python_decorator' retrieved from /home/airflow/.local/lib/python3.12/site-packages/airflow/example_dags/example_python_decorator.py
[2026-05-09T18:58:07.310+0000] {logging_mixin.py:188} INFO - [2026-05-09T18:58:07.310+0000] {dag.py:3096} INFO - Sync 1 DAGs
[2026-05-09T18:58:07.325+0000] {logging_mixin.py:188} INFO - [2026-05-09T18:58:07.325+0000] {dag.py:3954} INFO - Setting next_dagrun for example_python_decorator to None, run_after=None
[2026-05-09T18:58:07.354+0000] {processor.py:183} INFO - Processing /home/airflow/.local/lib/python3.12/site-packages/airflow/example_dags/example_python_decorator.py took 0.101 seconds
[2026-05-09T18:58:37.963+0000] {processor.py:161} INFO - Started process (PID=849) to work on /home/airflow/.local/lib/python3.12/site-packages/airflow/example_dags/example_python_decorator.py
[2026-05-09T18:58:37.964+0000] {processor.py:830} INFO - Processing file /home/airflow/.local/lib/python3.12/site-packages/airflow/example_dags/example_python_decorator.py for tasks to queue
[2026-05-09T18:58:37.966+0000] {logging_mixin.py:188} INFO - [2026-05-09T18:58:37.966+0000] {dagbag.py:545} INFO - Filling up the DagBag from /home/airflow/.local/lib/python3.12/site-packages/airflow/example_dags/example_python_decorator.py
[2026-05-09T18:58:37.978+0000] {processor.py:840} INFO - DAG(s) 'example_python_decorator' retrieved from /home/airflow/.local/lib/python3.12/site-packages/airflow/example_dags/example_python_decorator.py
[2026-05-09T18:58:38.000+0000] {logging_mixin.py:188} INFO - [2026-05-09T18:58:38.000+0000] {dag.py:3096} INFO - Sync 1 DAGs
[2026-05-09T18:58:38.012+0000] {logging_mixin.py:188} INFO - [2026-05-09T18:58:38.012+0000] {dag.py:3954} INFO - Setting next_dagrun for example_python_decorator to None, run_after=None
[2026-05-09T18:58:38.035+0000] {processor.py:183} INFO - Processing /home/airflow/.local/lib/python3.12/site-packages/airflow/example_dags/example_python_decorator.py took 0.077 seconds
[2026-05-09T18:59:08.437+0000] {processor.py:161} INFO - Started process (PID=908) to work on /home/airflow/.local/lib/python3.12/site-packages/airflow/example_dags/example_python_decorator.py
[2026-05-09T18:59:08.439+0000] {processor.py:830} INFO - Processing file /home/airflow/.local/lib/python3.12/site-packages/airflow/example_dags/example_python_decorator.py for tasks to queue
[2026-05-09T18:59:08.441+0000] {logging_mixin.py:188} INFO - [2026-05-09T18:59:08.440+0000] {dagbag.py:545} INFO - Filling up the DagBag from /home/airflow/.local/lib/python3.12/site-packages/airflow/example_dags/example_python_decorator.py
[2026-05-09T18:59:08.454+0000] {processor.py:840} INFO - DAG(s) 'example_python_decorator' retrieved from /home/airflow/.local/lib/python3.12/site-packages/airflow/example_dags/example_python_decorator.py
[2026-05-09T18:59:08.486+0000] {logging_mixin.py:188} INFO - [2026-05-09T18:59:08.486+0000] {dag.py:3096} INFO - Sync 1 DAGs
[2026-05-09T18:59:08.502+0000] {logging_mixin.py:188} INFO - [2026-05-09T18:59:08.502+0000] {dag.py:3954} INFO - Setting next_dagrun for example_python_decorator to None, run_after=None
[2026-05-09T18:59:08.529+0000] {processor.py:183} INFO - Processing /home/airflow/.local/lib/python3.12/site-packages/airflow/example_dags/example_python_decorator.py took 0.097 seconds
[2026-05-09T18:59:39.409+0000] {processor.py:161} INFO - Started process (PID=967) to work on /home/airflow/.local/lib/python3.12/site-packages/airflow/example_dags/example_python_decorator.py
[2026-05-09T18:59:39.410+0000] {processor.py:830} INFO - Processing file /home/airflow/.local/lib/python3.12/site-packages/airflow/example_dags/example_python_decorator.py for tasks to queue
[2026-05-09T18:59:39.412+0000] {logging_mixin.py:188} INFO - [2026-05-09T18:59:39.412+0000] {dagbag.py:545} INFO - Filling up the DagBag from /home/airflow/.local/lib/python3.12/site-packages/airflow/example_dags/example_python_decorator.py
[2026-05-09T18:59:39.428+0000] {processor.py:840} INFO - DAG(s) 'example_python_decorator' retrieved from /home/airflow/.local/lib/python3.12/site-packages/airflow/example_dags/example_python_decorator.py
[2026-05-09T18:59:39.450+0000] {logging_mixin.py:188} INFO - [2026-05-09T18:59:39.450+0000] {dag.py:3096} INFO - Sync 1 DAGs
[2026-05-09T18:59:39.463+0000] {logging_mixin.py:188} INFO - [2026-05-09T18:59:39.462+0000] {dag.py:3954} INFO - Setting next_dagrun for example_python_decorator to None, run_after=None
[2026-05-09T18:59:39.485+0000] {processor.py:183} INFO - Processing /home/airflow/.local/lib/python3.12/site-packages/airflow/example_dags/example_python_decorator.py took 0.081 seconds
[2026-05-09T19:00:10.370+0000] {processor.py:161} INFO - Started process (PID=1026) to work on /home/airflow/.local/lib/python3.12/site-packages/airflow/example_dags/example_python_decorator.py
[2026-05-09T19:00:10.371+0000] {processor.py:830} INFO - Processing file /home/airflow/.local/lib/python3.12/site-packages/airflow/example_dags/example_python_decorator.py for tasks to queue
[2026-05-09T19:00:10.373+0000] {logging_mixin.py:188} INFO - [2026-05-09T19:00:10.372+0000] {dagbag.py:545} INFO - Filling up the DagBag from /home/airflow/.local/lib/python3.12/site-packages/airflow/example_dags/example_python_decorator.py
[2026-05-09T19:00:10.389+0000] {processor.py:840} INFO - DAG(s) 'example_python_decorator' retrieved from /home/airflow/.local/lib/python3.12/site-packages/airflow/example_dags/example_python_decorator.py
[2026-05-09T19:00:10.414+0000] {logging_mixin.py:188} INFO - [2026-05-09T19:00:10.414+0000] {dag.py:3096} INFO - Sync 1 DAGs
[2026-05-09T19:00:10.426+0000] {logging_mixin.py:188} INFO - [2026-05-09T19:00:10.426+0000] {dag.py:3954} INFO - Setting next_dagrun for example_python_decorator to None, run_after=None
[2026-05-09T19:00:10.451+0000] {processor.py:183} INFO - Processing /home/airflow/.local/lib/python3.12/site-packages/airflow/example_dags/example_python_decorator.py took 0.086 seconds
[2026-05-09T19:00:41.151+0000] {processor.py:161} INFO - Started process (PID=1085) to work on /home/airflow/.local/lib/python3.12/site-packages/airflow/example_dags/example_python_decorator.py
[2026-05-09T19:00:41.152+0000] {processor.py:830} INFO - Processing file /home/airflow/.local/lib/python3.12/site-packages/airflow/example_dags/example_python_decorator.py for tasks to queue
[2026-05-09T19:00:41.155+0000] {logging_mixin.py:188} INFO - [2026-05-09T19:00:41.154+0000] {dagbag.py:545} INFO - Filling up the DagBag from /home/airflow/.local/lib/python3.12/site-packages/airflow/example_dags/example_python_decorator.py
[2026-05-09T19:00:41.166+0000] {processor.py:840} INFO - DAG(s) 'example_python_decorator' retrieved from /home/airflow/.local/lib/python3.12/site-packages/airflow/example_dags/example_python_decorator.py
[2026-05-09T19:00:41.190+0000] {logging_mixin.py:188} INFO - [2026-05-09T19:00:41.190+0000] {dag.py:3096} INFO - Sync 1 DAGs
[2026-05-09T19:00:41.203+0000] {logging_mixin.py:188} INFO - [2026-05-09T19:00:41.202+0000] {dag.py:3954} INFO - Setting next_dagrun for example_python_decorator to None, run_after=None
[2026-05-09T19:00:41.227+0000] {processor.py:183} INFO - Processing /home/airflow/.local/lib/python3.12/site-packages/airflow/example_dags/example_python_decorator.py took 0.081 seconds
[2026-05-09T19:01:12.045+0000] {processor.py:161} INFO - Started process (PID=1144) to work on /home/airflow/.local/lib/python3.12/site-packages/airflow/example_dags/example_python_decorator.py
[2026-05-09T19:01:12.046+0000] {processor.py:830} INFO - Processing file /home/airflow/.local/lib/python3.12/site-packages/airflow/example_dags/example_python_decorator.py for tasks to queue
[2026-05-09T19:01:12.048+0000] {logging_mixin.py:188} INFO - [2026-05-09T19:01:12.047+0000] {dagbag.py:545} INFO - Filling up the DagBag from /home/airflow/.local/lib/python3.12/site-packages/airflow/example_dags/example_python_decorator.py
[2026-05-09T19:01:12.059+0000] {processor.py:840} INFO - DAG(s) 'example_python_decorator' retrieved from /home/airflow/.local/lib/python3.12/site-packages/airflow/example_dags/example_python_decorator.py
[2026-05-09T19:01:12.081+0000] {logging_mixin.py:188} INFO - [2026-05-09T19:01:12.081+0000] {dag.py:3096} INFO - Sync 1 DAGs
[2026-05-09T19:01:12.094+0000] {logging_mixin.py:188} INFO - [2026-05-09T19:01:12.093+0000] {dag.py:3954} INFO - Setting next_dagrun for example_python_decorator to None, run_after=None
[2026-05-09T19:01:12.118+0000] {processor.py:183} INFO - Processing /home/airflow/.local/lib/python3.12/site-packages/airflow/example_dags/example_python_decorator.py took 0.078 seconds
[2026-05-09T19:01:42.183+0000] {processor.py:161} INFO - Started process (PID=1202) to work on /home/airflow/.local/lib/python3.12/site-packages/airflow/example_dags/example_python_decorator.py
[2026-05-09T19:01:42.184+0000] {processor.py:830} INFO - Processing file /home/airflow/.local/lib/python3.12/site-packages/airflow/example_dags/example_python_decorator.py for tasks to queue
[2026-05-09T19:01:42.186+0000] {logging_mixin.py:188} INFO - [2026-05-09T19:01:42.186+0000] {dagbag.py:545} INFO - Filling up the DagBag from /home/airflow/.local/lib/python3.12/site-packages/airflow/example_dags/example_python_decorator.py
[2026-05-09T19:01:42.200+0000] {processor.py:840} INFO - DAG(s) 'example_python_decorator' retrieved from /home/airflow/.local/lib/python3.12/site-packages/airflow/example_dags/example_python_decorator.py
[2026-05-09T19:01:42.234+0000] {logging_mixin.py:188} INFO - [2026-05-09T19:01:42.234+0000] {dag.py:3096} INFO - Sync 1 DAGs
[2026-05-09T19:01:42.250+0000] {logging_mixin.py:188} INFO - [2026-05-09T19:01:42.250+0000] {dag.py:3954} INFO - Setting next_dagrun for example_python_decorator to None, run_after=None
[2026-05-09T19:01:42.275+0000] {processor.py:183} INFO - Processing /home/airflow/.local/lib/python3.12/site-packages/airflow/example_dags/example_python_decorator.py took 0.098 seconds
[2026-05-09T19:02:12.474+0000] {processor.py:161} INFO - Started process (PID=1261) to work on /home/airflow/.local/lib/python3.12/site-packages/airflow/example_dags/example_python_decorator.py
[2026-05-09T19:02:12.476+0000] {processor.py:830} INFO - Processing file /home/airflow/.local/lib/python3.12/site-packages/airflow/example_dags/example_python_decorator.py for tasks to queue
[2026-05-09T19:02:12.478+0000] {logging_mixin.py:188} INFO - [2026-05-09T19:02:12.477+0000] {dagbag.py:545} INFO - Filling up the DagBag from /home/airflow/.local/lib/python3.12/site-packages/airflow/example_dags/example_python_decorator.py
[2026-05-09T19:02:12.489+0000] {processor.py:840} INFO - DAG(s) 'example_python_decorator' retrieved from /home/airflow/.local/lib/python3.12/site-packages/airflow/example_dags/example_python_decorator.py
[2026-05-09T19:02:12.512+0000] {logging_mixin.py:188} INFO - [2026-05-09T19:02:12.512+0000] {dag.py:3096} INFO - Sync 1 DAGs
[2026-05-09T19:02:12.524+0000] {logging_mixin.py:188} INFO - [2026-05-09T19:02:12.523+0000] {dag.py:3954} INFO - Setting next_dagrun for example_python_decorator to None, run_after=None
[2026-05-09T19:02:12.549+0000] {processor.py:183} INFO - Processing /home/airflow/.local/lib/python3.12/site-packages/airflow/example_dags/example_python_decorator.py took 0.080 seconds
[2026-05-09T19:02:42.818+0000] {processor.py:161} INFO - Started process (PID=1320) to work on /home/airflow/.local/lib/python3.12/site-packages/airflow/example_dags/example_python_decorator.py
[2026-05-09T19:02:42.820+0000] {processor.py:830} INFO - Processing file /home/airflow/.local/lib/python3.12/site-packages/airflow/example_dags/example_python_decorator.py for tasks to queue
[2026-05-09T19:02:42.822+0000] {logging_mixin.py:188} INFO - [2026-05-09T19:02:42.822+0000] {dagbag.py:545} INFO - Filling up the DagBag from /home/airflow/.local/lib/python3.12/site-packages/airflow/example_dags/example_python_decorator.py
[2026-05-09T19:02:42.835+0000] {processor.py:840} INFO - DAG(s) 'example_python_decorator' retrieved from /home/airflow/.local/lib/python3.12/site-packages/airflow/example_dags/example_python_decorator.py
[2026-05-09T19:02:42.863+0000] {logging_mixin.py:188} INFO - [2026-05-09T19:02:42.863+0000] {dag.py:3096} INFO - Sync 1 DAGs
[2026-05-09T19:02:42.876+0000] {logging_mixin.py:188} INFO - [2026-05-09T19:02:42.876+0000] {dag.py:3954} INFO - Setting next_dagrun for example_python_decorator to None, run_after=None
[2026-05-09T19:02:42.900+0000] {processor.py:183} INFO - Processing /home/airflow/.local/lib/python3.12/site-packages/airflow/example_dags/example_python_decorator.py took 0.090 seconds
[2026-05-09T19:03:13.018+0000] {processor.py:161} INFO - Started process (PID=1379) to work on /home/airflow/.local/lib/python3.12/site-packages/airflow/example_dags/example_python_decorator.py
[2026-05-09T19:03:13.020+0000] {processor.py:830} INFO - Processing file /home/airflow/.local/lib/python3.12/site-packages/airflow/example_dags/example_python_decorator.py for tasks to queue
[2026-05-09T19:03:13.022+0000] {logging_mixin.py:188} INFO - [2026-05-09T19:03:13.022+0000] {dagbag.py:545} INFO - Filling up the DagBag from /home/airflow/.local/lib/python3.12/site-packages/airflow/example_dags/example_python_decorator.py
[2026-05-09T19:03:13.035+0000] {processor.py:840} INFO - DAG(s) 'example_python_decorator' retrieved from /home/airflow/.local/lib/python3.12/site-packages/airflow/example_dags/example_python_decorator.py
[2026-05-09T19:03:13.061+0000] {logging_mixin.py:188} INFO - [2026-05-09T19:03:13.061+0000] {dag.py:3096} INFO - Sync 1 DAGs
[2026-05-09T19:03:13.073+0000] {logging_mixin.py:188} INFO - [2026-05-09T19:03:13.073+0000] {dag.py:3954} INFO - Setting next_dagrun for example_python_decorator to None, run_after=None
[2026-05-09T19:03:13.096+0000] {processor.py:183} INFO - Processing /home/airflow/.local/lib/python3.12/site-packages/airflow/example_dags/example_python_decorator.py took 0.084 seconds
[2026-05-09T19:03:43.811+0000] {processor.py:161} INFO - Started process (PID=1438) to work on /home/airflow/.local/lib/python3.12/site-packages/airflow/example_dags/example_python_decorator.py
[2026-05-09T19:03:43.812+0000] {processor.py:830} INFO - Processing file /home/airflow/.local/lib/python3.12/site-packages/airflow/example_dags/example_python_decorator.py for tasks to queue
[2026-05-09T19:03:43.814+0000] {logging_mixin.py:188} INFO - [2026-05-09T19:03:43.814+0000] {dagbag.py:545} INFO - Filling up the DagBag from /home/airflow/.local/lib/python3.12/site-packages/airflow/example_dags/example_python_decorator.py
[2026-05-09T19:03:43.826+0000] {processor.py:840} INFO - DAG(s) 'example_python_decorator' retrieved from /home/airflow/.local/lib/python3.12/site-packages/airflow/example_dags/example_python_decorator.py
[2026-05-09T19:03:43.850+0000] {logging_mixin.py:188} INFO - [2026-05-09T19:03:43.850+0000] {dag.py:3096} INFO - Sync 1 DAGs
[2026-05-09T19:03:43.863+0000] {logging_mixin.py:188} INFO - [2026-05-09T19:03:43.863+0000] {dag.py:3954} INFO - Setting next_dagrun for example_python_decorator to None, run_after=None
[2026-05-09T19:03:43.889+0000] {processor.py:183} INFO - Processing /home/airflow/.local/lib/python3.12/site-packages/airflow/example_dags/example_python_decorator.py took 0.084 seconds
[2026-05-09T19:04:14.356+0000] {processor.py:161} INFO - Started process (PID=1497) to work on /home/airflow/.local/lib/python3.12/site-packages/airflow/example_dags/example_python_decorator.py
[2026-05-09T19:04:14.357+0000] {processor.py:830} INFO - Processing file /home/airflow/.local/lib/python3.12/site-packages/airflow/example_dags/example_python_decorator.py for tasks to queue
[2026-05-09T19:04:14.359+0000] {logging_mixin.py:188} INFO - [2026-05-09T19:04:14.359+0000] {dagbag.py:545} INFO - Filling up the DagBag from /home/airflow/.local/lib/python3.12/site-packages/airflow/example_dags/example_python_decorator.py
[2026-05-09T19:04:14.374+0000] {processor.py:840} INFO - DAG(s) 'example_python_decorator' retrieved from /home/airflow/.local/lib/python3.12/site-packages/airflow/example_dags/example_python_decorator.py
[2026-05-09T19:04:14.404+0000] {logging_mixin.py:188} INFO - [2026-05-09T19:04:14.404+0000] {dag.py:3096} INFO - Sync 1 DAGs
[2026-05-09T19:04:14.421+0000] {logging_mixin.py:188} INFO - [2026-05-09T19:04:14.421+0000] {dag.py:3954} INFO - Setting next_dagrun for example_python_decorator to None, run_after=None
[2026-05-09T19:04:14.450+0000] {processor.py:183} INFO - Processing /home/airflow/.local/lib/python3.12/site-packages/airflow/example_dags/example_python_decorator.py took 0.104 seconds
[2026-05-09T19:04:44.846+0000] {processor.py:161} INFO - Started process (PID=1556) to work on /home/airflow/.local/lib/python3.12/site-packages/airflow/example_dags/example_python_decorator.py
[2026-05-09T19:04:44.847+0000] {processor.py:830} INFO - Processing file /home/airflow/.local/lib/python3.12/site-packages/airflow/example_dags/example_python_decorator.py for tasks to queue
[2026-05-09T19:04:44.850+0000] {logging_mixin.py:188} INFO - [2026-05-09T19:04:44.849+0000] {dagbag.py:545} INFO - Filling up the DagBag from /home/airflow/.local/lib/python3.12/site-packages/airflow/example_dags/example_python_decorator.py
[2026-05-09T19:04:44.862+0000] {processor.py:840} INFO - DAG(s) 'example_python_decorator' retrieved from /home/airflow/.local/lib/python3.12/site-packages/airflow/example_dags/example_python_decorator.py
[2026-05-09T19:04:44.888+0000] {logging_mixin.py:188} INFO - [2026-05-09T19:04:44.887+0000] {dag.py:3096} INFO - Sync 1 DAGs
[2026-05-09T19:04:44.901+0000] {logging_mixin.py:188} INFO - [2026-05-09T19:04:44.901+0000] {dag.py:3954} INFO - Setting next_dagrun for example_python_decorator to None, run_after=None
[2026-05-09T19:04:44.928+0000] {processor.py:183} INFO - Processing /home/airflow/.local/lib/python3.12/site-packages/airflow/example_dags/example_python_decorator.py took 0.088 seconds
[2026-05-09T19:05:15.149+0000] {processor.py:161} INFO - Started process (PID=1615) to work on /home/airflow/.local/lib/python3.12/site-packages/airflow/example_dags/example_python_decorator.py
[2026-05-09T19:05:15.150+0000] {processor.py:830} INFO - Processing file /home/airflow/.local/lib/python3.12/site-packages/airflow/example_dags/example_python_decorator.py for tasks to queue
[2026-05-09T19:05:15.153+0000] {logging_mixin.py:188} INFO - [2026-05-09T19:05:15.153+0000] {dagbag.py:545} INFO - Filling up the DagBag from /home/airflow/.local/lib/python3.12/site-packages/airflow/example_dags/example_python_decorator.py
[2026-05-09T19:05:15.169+0000] {processor.py:840} INFO - DAG(s) 'example_python_decorator' retrieved from /home/airflow/.local/lib/python3.12/site-packages/airflow/example_dags/example_python_decorator.py
[2026-05-09T19:05:15.209+0000] {logging_mixin.py:188} INFO - [2026-05-09T19:05:15.209+0000] {dag.py:3096} INFO - Sync 1 DAGs
[2026-05-09T19:05:15.230+0000] {logging_mixin.py:188} INFO - [2026-05-09T19:05:15.230+0000] {dag.py:3954} INFO - Setting next_dagrun for example_python_decorator to None, run_after=None
[2026-05-09T19:05:15.266+0000] {processor.py:183} INFO - Processing /home/airflow/.local/lib/python3.12/site-packages/airflow/example_dags/example_python_decorator.py took 0.124 seconds
[2026-05-09T19:05:45.548+0000] {processor.py:161} INFO - Started process (PID=1674) to work on /home/airflow/.local/lib/python3.12/site-packages/airflow/example_dags/example_python_decorator.py
[2026-05-09T19:05:45.550+0000] {processor.py:830} INFO - Processing file /home/airflow/.local/lib/python3.12/site-packages/airflow/example_dags/example_python_decorator.py for tasks to queue
[2026-05-09T19:05:45.553+0000] {logging_mixin.py:188} INFO - [2026-05-09T19:05:45.552+0000] {dagbag.py:545} INFO - Filling up the DagBag from /home/airflow/.local/lib/python3.12/site-packages/airflow/example_dags/example_python_decorator.py
[2026-05-09T19:05:45.569+0000] {processor.py:840} INFO - DAG(s) 'example_python_decorator' retrieved from /home/airflow/.local/lib/python3.12/site-packages/airflow/example_dags/example_python_decorator.py
[2026-05-09T19:05:45.602+0000] {logging_mixin.py:188} INFO - [2026-05-09T19:05:45.601+0000] {dag.py:3096} INFO - Sync 1 DAGs
[2026-05-09T19:05:45.618+0000] {logging_mixin.py:188} INFO - [2026-05-09T19:05:45.618+0000] {dag.py:3954} INFO - Setting next_dagrun for example_python_decorator to None, run_after=None
[2026-05-09T19:05:45.652+0000] {processor.py:183} INFO - Processing /home/airflow/.local/lib/python3.12/site-packages/airflow/example_dags/example_python_decorator.py took 0.110 seconds
[2026-05-09T19:06:16.238+0000] {processor.py:161} INFO - Started process (PID=1733) to work on /home/airflow/.local/lib/python3.12/site-packages/airflow/example_dags/example_python_decorator.py
[2026-05-09T19:06:16.240+0000] {processor.py:830} INFO - Processing file /home/airflow/.local/lib/python3.12/site-packages/airflow/example_dags/example_python_decorator.py for tasks to queue
[2026-05-09T19:06:16.243+0000] {logging_mixin.py:188} INFO - [2026-05-09T19:06:16.242+0000] {dagbag.py:545} INFO - Filling up the DagBag from /home/airflow/.local/lib/python3.12/site-packages/airflow/example_dags/example_python_decorator.py
[2026-05-09T19:06:16.262+0000] {processor.py:840} INFO - DAG(s) 'example_python_decorator' retrieved from /home/airflow/.local/lib/python3.12/site-packages/airflow/example_dags/example_python_decorator.py
[2026-05-09T19:06:16.301+0000] {logging_mixin.py:188} INFO - [2026-05-09T19:06:16.301+0000] {dag.py:3096} INFO - Sync 1 DAGs
[2026-05-09T19:06:16.319+0000] {logging_mixin.py:188} INFO - [2026-05-09T19:06:16.318+0000] {dag.py:3954} INFO - Setting next_dagrun for example_python_decorator to None, run_after=None
[2026-05-09T19:06:16.358+0000] {processor.py:183} INFO - Processing /home/airflow/.local/lib/python3.12/site-packages/airflow/example_dags/example_python_decorator.py took 0.128 seconds
[2026-05-09T19:06:46.759+0000] {processor.py:161} INFO - Started process (PID=1792) to work on /home/airflow/.local/lib/python3.12/site-packages/airflow/example_dags/example_python_decorator.py
[2026-05-09T19:06:46.761+0000] {processor.py:830} INFO - Processing file /home/airflow/.local/lib/python3.12/site-packages/airflow/example_dags/example_python_decorator.py for tasks to queue
[2026-05-09T19:06:46.764+0000] {logging_mixin.py:188} INFO - [2026-05-09T19:06:46.763+0000] {dagbag.py:545} INFO - Filling up the DagBag from /home/airflow/.local/lib/python3.12/site-packages/airflow/example_dags/example_python_decorator.py
[2026-05-09T19:06:46.782+0000] {processor.py:840} INFO - DAG(s) 'example_python_decorator' retrieved from /home/airflow/.local/lib/python3.12/site-packages/airflow/example_dags/example_python_decorator.py
[2026-05-09T19:06:46.826+0000] {logging_mixin.py:188} INFO - [2026-05-09T19:06:46.826+0000] {dag.py:3096} INFO - Sync 1 DAGs
[2026-05-09T19:06:46.862+0000] {logging_mixin.py:188} INFO - [2026-05-09T19:06:46.861+0000] {dag.py:3954} INFO - Setting next_dagrun for example_python_decorator to None, run_after=None
[2026-05-09T19:06:46.912+0000] {processor.py:183} INFO - Processing /home/airflow/.local/lib/python3.12/site-packages/airflow/example_dags/example_python_decorator.py took 0.161 seconds
[2026-05-09T19:07:17.341+0000] {processor.py:161} INFO - Started process (PID=1845) to work on /home/airflow/.local/lib/python3.12/site-packages/airflow/example_dags/example_python_decorator.py
[2026-05-09T19:07:17.343+0000] {processor.py:830} INFO - Processing file /home/airflow/.local/lib/python3.12/site-packages/airflow/example_dags/example_python_decorator.py for tasks to queue
[2026-05-09T19:07:17.346+0000] {logging_mixin.py:188} INFO - [2026-05-09T19:07:17.345+0000] {dagbag.py:545} INFO - Filling up the DagBag from /home/airflow/.local/lib/python3.12/site-packages/airflow/example_dags/example_python_decorator.py
[2026-05-09T19:07:17.360+0000] {processor.py:840} INFO - DAG(s) 'example_python_decorator' retrieved from /home/airflow/.local/lib/python3.12/site-packages/airflow/example_dags/example_python_decorator.py
[2026-05-09T19:07:17.385+0000] {logging_mixin.py:188} INFO - [2026-05-09T19:07:17.385+0000] {dag.py:3096} INFO - Sync 1 DAGs
[2026-05-09T19:07:17.398+0000] {logging_mixin.py:188} INFO - [2026-05-09T19:07:17.398+0000] {dag.py:3954} INFO - Setting next_dagrun for example_python_decorator to None, run_after=None
[2026-05-09T19:07:17.425+0000] {processor.py:183} INFO - Processing /home/airflow/.local/lib/python3.12/site-packages/airflow/example_dags/example_python_decorator.py took 0.090 seconds
[2026-05-09T19:07:47.679+0000] {processor.py:161} INFO - Started process (PID=1904) to work on /home/airflow/.local/lib/python3.12/site-packages/airflow/example_dags/example_python_decorator.py
[2026-05-09T19:07:47.681+0000] {processor.py:830} INFO - Processing file /home/airflow/.local/lib/python3.12/site-packages/airflow/example_dags/example_python_decorator.py for tasks to queue
[2026-05-09T19:07:47.683+0000] {logging_mixin.py:188} INFO - [2026-05-09T19:07:47.683+0000] {dagbag.py:545} INFO - Filling up the DagBag from /home/airflow/.local/lib/python3.12/site-packages/airflow/example_dags/example_python_decorator.py
[2026-05-09T19:07:47.696+0000] {processor.py:840} INFO - DAG(s) 'example_python_decorator' retrieved from /home/airflow/.local/lib/python3.12/site-packages/airflow/example_dags/example_python_decorator.py
[2026-05-09T19:07:47.726+0000] {logging_mixin.py:188} INFO - [2026-05-09T19:07:47.725+0000] {dag.py:3096} INFO - Sync 1 DAGs
[2026-05-09T19:07:47.741+0000] {logging_mixin.py:188} INFO - [2026-05-09T19:07:47.741+0000] {dag.py:3954} INFO - Setting next_dagrun for example_python_decorator to None, run_after=None
[2026-05-09T19:07:47.768+0000] {processor.py:183} INFO - Processing /home/airflow/.local/lib/python3.12/site-packages/airflow/example_dags/example_python_decorator.py took 0.095 seconds
[2026-05-09T19:08:18.271+0000] {processor.py:161} INFO - Started process (PID=1963) to work on /home/airflow/.local/lib/python3.12/site-packages/airflow/example_dags/example_python_decorator.py
[2026-05-09T19:08:18.272+0000] {processor.py:830} INFO - Processing file /home/airflow/.local/lib/python3.12/site-packages/airflow/example_dags/example_python_decorator.py for tasks to queue
[2026-05-09T19:08:18.274+0000] {logging_mixin.py:188} INFO - [2026-05-09T19:08:18.274+0000] {dagbag.py:545} INFO - Filling up the DagBag from /home/airflow/.local/lib/python3.12/site-packages/airflow/example_dags/example_python_decorator.py
[2026-05-09T19:08:18.285+0000] {processor.py:840} INFO - DAG(s) 'example_python_decorator' retrieved from /home/airflow/.local/lib/python3.12/site-packages/airflow/example_dags/example_python_decorator.py
[2026-05-09T19:08:18.315+0000] {logging_mixin.py:188} INFO - [2026-05-09T19:08:18.315+0000] {dag.py:3096} INFO - Sync 1 DAGs
[2026-05-09T19:08:18.335+0000] {logging_mixin.py:188} INFO - [2026-05-09T19:08:18.334+0000] {dag.py:3954} INFO - Setting next_dagrun for example_python_decorator to None, run_after=None
[2026-05-09T19:08:18.390+0000] {processor.py:183} INFO - Processing /home/airflow/.local/lib/python3.12/site-packages/airflow/example_dags/example_python_decorator.py took 0.125 seconds
[2026-05-09T19:08:48.541+0000] {processor.py:161} INFO - Started process (PID=2022) to work on /home/airflow/.local/lib/python3.12/site-packages/airflow/example_dags/example_python_decorator.py
[2026-05-09T19:08:48.542+0000] {processor.py:830} INFO - Processing file /home/airflow/.local/lib/python3.12/site-packages/airflow/example_dags/example_python_decorator.py for tasks to queue
[2026-05-09T19:08:48.545+0000] {logging_mixin.py:188} INFO - [2026-05-09T19:08:48.545+0000] {dagbag.py:545} INFO - Filling up the DagBag from /home/airflow/.local/lib/python3.12/site-packages/airflow/example_dags/example_python_decorator.py
[2026-05-09T19:08:48.557+0000] {processor.py:840} INFO - DAG(s) 'example_python_decorator' retrieved from /home/airflow/.local/lib/python3.12/site-packages/airflow/example_dags/example_python_decorator.py
[2026-05-09T19:08:48.584+0000] {logging_mixin.py:188} INFO - [2026-05-09T19:08:48.584+0000] {dag.py:3096} INFO - Sync 1 DAGs
[2026-05-09T19:08:48.599+0000] {logging_mixin.py:188} INFO - [2026-05-09T19:08:48.599+0000] {dag.py:3954} INFO - Setting next_dagrun for example_python_decorator to None, run_after=None
[2026-05-09T19:08:48.628+0000] {processor.py:183} INFO - Processing /home/airflow/.local/lib/python3.12/site-packages/airflow/example_dags/example_python_decorator.py took 0.093 seconds
[2026-05-09T19:09:18.685+0000] {processor.py:161} INFO - Started process (PID=2081) to work on /home/airflow/.local/lib/python3.12/site-packages/airflow/example_dags/example_python_decorator.py
[2026-05-09T19:09:18.686+0000] {processor.py:830} INFO - Processing file /home/airflow/.local/lib/python3.12/site-packages/airflow/example_dags/example_python_decorator.py for tasks to queue
[2026-05-09T19:09:18.688+0000] {logging_mixin.py:188} INFO - [2026-05-09T19:09:18.688+0000] {dagbag.py:545} INFO - Filling up the DagBag from /home/airflow/.local/lib/python3.12/site-packages/airflow/example_dags/example_python_decorator.py
[2026-05-09T19:09:18.700+0000] {processor.py:840} INFO - DAG(s) 'example_python_decorator' retrieved from /home/airflow/.local/lib/python3.12/site-packages/airflow/example_dags/example_python_decorator.py
[2026-05-09T19:09:18.723+0000] {logging_mixin.py:188} INFO - [2026-05-09T19:09:18.723+0000] {dag.py:3096} INFO - Sync 1 DAGs
[2026-05-09T19:09:18.735+0000] {logging_mixin.py:188} INFO - [2026-05-09T19:09:18.735+0000] {dag.py:3954} INFO - Setting next_dagrun for example_python_decorator to None, run_after=None
[2026-05-09T19:09:18.756+0000] {processor.py:183} INFO - Processing /home/airflow/.local/lib/python3.12/site-packages/airflow/example_dags/example_python_decorator.py took 0.076 seconds
[2026-05-09T19:09:49.028+0000] {processor.py:161} INFO - Started process (PID=2139) to work on /home/airflow/.local/lib/python3.12/site-packages/airflow/example_dags/example_python_decorator.py
[2026-05-09T19:09:49.029+0000] {processor.py:830} INFO - Processing file /home/airflow/.local/lib/python3.12/site-packages/airflow/example_dags/example_python_decorator.py for tasks to queue
[2026-05-09T19:09:49.032+0000] {logging_mixin.py:188} INFO - [2026-05-09T19:09:49.032+0000] {dagbag.py:545} INFO - Filling up the DagBag from /home/airflow/.local/lib/python3.12/site-packages/airflow/example_dags/example_python_decorator.py
[2026-05-09T19:09:49.048+0000] {processor.py:840} INFO - DAG(s) 'example_python_decorator' retrieved from /home/airflow/.local/lib/python3.12/site-packages/airflow/example_dags/example_python_decorator.py
[2026-05-09T19:09:49.082+0000] {logging_mixin.py:188} INFO - [2026-05-09T19:09:49.081+0000] {dag.py:3096} INFO - Sync 1 DAGs
[2026-05-09T19:09:49.094+0000] {logging_mixin.py:188} INFO - [2026-05-09T19:09:49.094+0000] {dag.py:3954} INFO - Setting next_dagrun for example_python_decorator to None, run_after=None
[2026-05-09T19:09:49.118+0000] {processor.py:183} INFO - Processing /home/airflow/.local/lib/python3.12/site-packages/airflow/example_dags/example_python_decorator.py took 0.098 seconds
[2026-05-09T19:10:19.923+0000] {processor.py:161} INFO - Started process (PID=2199) to work on /home/airflow/.local/lib/python3.12/site-packages/airflow/example_dags/example_python_decorator.py
[2026-05-09T19:10:19.925+0000] {processor.py:830} INFO - Processing file /home/airflow/.local/lib/python3.12/site-packages/airflow/example_dags/example_python_decorator.py for tasks to queue
[2026-05-09T19:10:19.927+0000] {logging_mixin.py:188} INFO - [2026-05-09T19:10:19.926+0000] {dagbag.py:545} INFO - Filling up the DagBag from /home/airflow/.local/lib/python3.12/site-packages/airflow/example_dags/example_python_decorator.py
[2026-05-09T19:10:19.940+0000] {processor.py:840} INFO - DAG(s) 'example_python_decorator' retrieved from /home/airflow/.local/lib/python3.12/site-packages/airflow/example_dags/example_python_decorator.py
[2026-05-09T19:10:19.967+0000] {logging_mixin.py:188} INFO - [2026-05-09T19:10:19.966+0000] {dag.py:3096} INFO - Sync 1 DAGs
[2026-05-09T19:10:19.981+0000] {logging_mixin.py:188} INFO - [2026-05-09T19:10:19.981+0000] {dag.py:3954} INFO - Setting next_dagrun for example_python_decorator to None, run_after=None
[2026-05-09T19:10:20.012+0000] {processor.py:183} INFO - Processing /home/airflow/.local/lib/python3.12/site-packages/airflow/example_dags/example_python_decorator.py took 0.096 seconds
[2026-05-09T19:10:50.235+0000] {processor.py:161} INFO - Started process (PID=2258) to work on /home/airflow/.local/lib/python3.12/site-packages/airflow/example_dags/example_python_decorator.py
[2026-05-09T19:10:50.236+0000] {processor.py:830} INFO - Processing file /home/airflow/.local/lib/python3.12/site-packages/airflow/example_dags/example_python_decorator.py for tasks to queue
[2026-05-09T19:10:50.238+0000] {logging_mixin.py:188} INFO - [2026-05-09T19:10:50.238+0000] {dagbag.py:545} INFO - Filling up the DagBag from /home/airflow/.local/lib/python3.12/site-packages/airflow/example_dags/example_python_decorator.py
[2026-05-09T19:10:50.249+0000] {processor.py:840} INFO - DAG(s) 'example_python_decorator' retrieved from /home/airflow/.local/lib/python3.12/site-packages/airflow/example_dags/example_python_decorator.py
[2026-05-09T19:10:50.271+0000] {logging_mixin.py:188} INFO - [2026-05-09T19:10:50.271+0000] {dag.py:3096} INFO - Sync 1 DAGs
[2026-05-09T19:10:50.283+0000] {logging_mixin.py:188} INFO - [2026-05-09T19:10:50.282+0000] {dag.py:3954} INFO - Setting next_dagrun for example_python_decorator to None, run_after=None
[2026-05-09T19:10:50.311+0000] {processor.py:183} INFO - Processing /home/airflow/.local/lib/python3.12/site-packages/airflow/example_dags/example_python_decorator.py took 0.082 seconds
[2026-05-09T19:11:21.005+0000] {processor.py:161} INFO - Started process (PID=2317) to work on /home/airflow/.local/lib/python3.12/site-packages/airflow/example_dags/example_python_decorator.py
[2026-05-09T19:11:21.006+0000] {processor.py:830} INFO - Processing file /home/airflow/.local/lib/python3.12/site-packages/airflow/example_dags/example_python_decorator.py for tasks to queue
[2026-05-09T19:11:21.009+0000] {logging_mixin.py:188} INFO - [2026-05-09T19:11:21.008+0000] {dagbag.py:545} INFO - Filling up the DagBag from /home/airflow/.local/lib/python3.12/site-packages/airflow/example_dags/example_python_decorator.py
[2026-05-09T19:11:21.023+0000] {processor.py:840} INFO - DAG(s) 'example_python_decorator' retrieved from /home/airflow/.local/lib/python3.12/site-packages/airflow/example_dags/example_python_decorator.py
[2026-05-09T19:11:21.049+0000] {logging_mixin.py:188} INFO - [2026-05-09T19:11:21.049+0000] {dag.py:3096} INFO - Sync 1 DAGs
[2026-05-09T19:11:21.063+0000] {logging_mixin.py:188} INFO - [2026-05-09T19:11:21.062+0000] {dag.py:3954} INFO - Setting next_dagrun for example_python_decorator to None, run_after=None
[2026-05-09T19:11:21.087+0000] {processor.py:183} INFO - Processing /home/airflow/.local/lib/python3.12/site-packages/airflow/example_dags/example_python_decorator.py took 0.089 seconds
[2026-05-09T19:11:52.107+0000] {processor.py:161} INFO - Started process (PID=2376) to work on /home/airflow/.local/lib/python3.12/site-packages/airflow/example_dags/example_python_decorator.py
[2026-05-09T19:11:52.108+0000] {processor.py:830} INFO - Processing file /home/airflow/.local/lib/python3.12/site-packages/airflow/example_dags/example_python_decorator.py for tasks to queue
[2026-05-09T19:11:52.111+0000] {logging_mixin.py:188} INFO - [2026-05-09T19:11:52.110+0000] {dagbag.py:545} INFO - Filling up the DagBag from /home/airflow/.local/lib/python3.12/site-packages/airflow/example_dags/example_python_decorator.py
[2026-05-09T19:11:52.123+0000] {processor.py:840} INFO - DAG(s) 'example_python_decorator' retrieved from /home/airflow/.local/lib/python3.12/site-packages/airflow/example_dags/example_python_decorator.py
[2026-05-09T19:11:52.148+0000] {logging_mixin.py:188} INFO - [2026-05-09T19:11:52.148+0000] {dag.py:3096} INFO - Sync 1 DAGs
[2026-05-09T19:11:52.161+0000] {logging_mixin.py:188} INFO - [2026-05-09T19:11:52.161+0000] {dag.py:3954} INFO - Setting next_dagrun for example_python_decorator to None, run_after=None
[2026-05-09T19:11:52.187+0000] {processor.py:183} INFO - Processing /home/airflow/.local/lib/python3.12/site-packages/airflow/example_dags/example_python_decorator.py took 0.086 seconds
[2026-05-09T19:12:22.511+0000] {processor.py:161} INFO - Started process (PID=2435) to work on /home/airflow/.local/lib/python3.12/site-packages/airflow/example_dags/example_python_decorator.py
[2026-05-09T19:12:22.512+0000] {processor.py:830} INFO - Processing file /home/airflow/.local/lib/python3.12/site-packages/airflow/example_dags/example_python_decorator.py for tasks to queue
[2026-05-09T19:12:22.514+0000] {logging_mixin.py:188} INFO - [2026-05-09T19:12:22.513+0000] {dagbag.py:545} INFO - Filling up the DagBag from /home/airflow/.local/lib/python3.12/site-packages/airflow/example_dags/example_python_decorator.py
[2026-05-09T19:12:22.526+0000] {processor.py:840} INFO - DAG(s) 'example_python_decorator' retrieved from /home/airflow/.local/lib/python3.12/site-packages/airflow/example_dags/example_python_decorator.py
[2026-05-09T19:12:22.549+0000] {logging_mixin.py:188} INFO - [2026-05-09T19:12:22.549+0000] {dag.py:3096} INFO - Sync 1 DAGs
[2026-05-09T19:12:22.563+0000] {logging_mixin.py:188} INFO - [2026-05-09T19:12:22.562+0000] {dag.py:3954} INFO - Setting next_dagrun for example_python_decorator to None, run_after=None
[2026-05-09T19:12:22.588+0000] {processor.py:183} INFO - Processing /home/airflow/.local/lib/python3.12/site-packages/airflow/example_dags/example_python_decorator.py took 0.083 seconds
[2026-05-09T19:12:52.926+0000] {processor.py:161} INFO - Started process (PID=2494) to work on /home/airflow/.local/lib/python3.12/site-packages/airflow/example_dags/example_python_decorator.py
[2026-05-09T19:12:52.927+0000] {processor.py:830} INFO - Processing file /home/airflow/.local/lib/python3.12/site-packages/airflow/example_dags/example_python_decorator.py for tasks to queue
[2026-05-09T19:12:52.929+0000] {logging_mixin.py:188} INFO - [2026-05-09T19:12:52.929+0000] {dagbag.py:545} INFO - Filling up the DagBag from /home/airflow/.local/lib/python3.12/site-packages/airflow/example_dags/example_python_decorator.py
[2026-05-09T19:12:52.941+0000] {processor.py:840} INFO - DAG(s) 'example_python_decorator' retrieved from /home/airflow/.local/lib/python3.12/site-packages/airflow/example_dags/example_python_decorator.py
[2026-05-09T19:12:52.963+0000] {logging_mixin.py:188} INFO - [2026-05-09T19:12:52.963+0000] {dag.py:3096} INFO - Sync 1 DAGs
[2026-05-09T19:12:52.975+0000] {logging_mixin.py:188} INFO - [2026-05-09T19:12:52.975+0000] {dag.py:3954} INFO - Setting next_dagrun for example_python_decorator to None, run_after=None
[2026-05-09T19:12:53.003+0000] {processor.py:183} INFO - Processing /home/airflow/.local/lib/python3.12/site-packages/airflow/example_dags/example_python_decorator.py took 0.082 seconds
[2026-05-09T19:13:23.327+0000] {processor.py:161} INFO - Started process (PID=2553) to work on /home/airflow/.local/lib/python3.12/site-packages/airflow/example_dags/example_python_decorator.py
[2026-05-09T19:13:23.328+0000] {processor.py:830} INFO - Processing file /home/airflow/.local/lib/python3.12/site-packages/airflow/example_dags/example_python_decorator.py for tasks to queue
[2026-05-09T19:13:23.331+0000] {logging_mixin.py:188} INFO - [2026-05-09T19:13:23.330+0000] {dagbag.py:545} INFO - Filling up the DagBag from /home/airflow/.local/lib/python3.12/site-packages/airflow/example_dags/example_python_decorator.py
[2026-05-09T19:13:23.344+0000] {processor.py:840} INFO - DAG(s) 'example_python_decorator' retrieved from /home/airflow/.local/lib/python3.12/site-packages/airflow/example_dags/example_python_decorator.py
[2026-05-09T19:13:23.370+0000] {logging_mixin.py:188} INFO - [2026-05-09T19:13:23.369+0000] {dag.py:3096} INFO - Sync 1 DAGs
[2026-05-09T19:13:23.385+0000] {logging_mixin.py:188} INFO - [2026-05-09T19:13:23.385+0000] {dag.py:3954} INFO - Setting next_dagrun for example_python_decorator to None, run_after=None
[2026-05-09T19:13:23.414+0000] {processor.py:183} INFO - Processing /home/airflow/.local/lib/python3.12/site-packages/airflow/example_dags/example_python_decorator.py took 0.093 seconds
[2026-05-09T19:13:53.882+0000] {processor.py:161} INFO - Started process (PID=2612) to work on /home/airflow/.local/lib/python3.12/site-packages/airflow/example_dags/example_python_decorator.py
[2026-05-09T19:13:53.884+0000] {processor.py:830} INFO - Processing file /home/airflow/.local/lib/python3.12/site-packages/airflow/example_dags/example_python_decorator.py for tasks to queue
[2026-05-09T19:13:53.886+0000] {logging_mixin.py:188} INFO - [2026-05-09T19:13:53.885+0000] {dagbag.py:545} INFO - Filling up the DagBag from /home/airflow/.local/lib/python3.12/site-packages/airflow/example_dags/example_python_decorator.py
[2026-05-09T19:13:53.898+0000] {processor.py:840} INFO - DAG(s) 'example_python_decorator' retrieved from /home/airflow/.local/lib/python3.12/site-packages/airflow/example_dags/example_python_decorator.py
[2026-05-09T19:13:53.924+0000] {logging_mixin.py:188} INFO - [2026-05-09T19:13:53.923+0000] {dag.py:3096} INFO - Sync 1 DAGs
[2026-05-09T19:13:53.939+0000] {logging_mixin.py:188} INFO - [2026-05-09T19:13:53.938+0000] {dag.py:3954} INFO - Setting next_dagrun for example_python_decorator to None, run_after=None
[2026-05-09T19:13:53.968+0000] {processor.py:183} INFO - Processing /home/airflow/.local/lib/python3.12/site-packages/airflow/example_dags/example_python_decorator.py took 0.091 seconds
[2026-05-09T19:14:24.525+0000] {processor.py:161} INFO - Started process (PID=2671) to work on /home/airflow/.local/lib/python3.12/site-packages/airflow/example_dags/example_python_decorator.py
[2026-05-09T19:14:24.526+0000] {processor.py:830} INFO - Processing file /home/airflow/.local/lib/python3.12/site-packages/airflow/example_dags/example_python_decorator.py for tasks to queue
[2026-05-09T19:14:24.529+0000] {logging_mixin.py:188} INFO - [2026-05-09T19:14:24.528+0000] {dagbag.py:545} INFO - Filling up the DagBag from /home/airflow/.local/lib/python3.12/site-packages/airflow/example_dags/example_python_decorator.py
[2026-05-09T19:14:24.541+0000] {processor.py:840} INFO - DAG(s) 'example_python_decorator' retrieved from /home/airflow/.local/lib/python3.12/site-packages/airflow/example_dags/example_python_decorator.py
[2026-05-09T19:14:24.567+0000] {logging_mixin.py:188} INFO - [2026-05-09T19:14:24.567+0000] {dag.py:3096} INFO - Sync 1 DAGs
[2026-05-09T19:14:24.580+0000] {logging_mixin.py:188} INFO - [2026-05-09T19:14:24.580+0000] {dag.py:3954} INFO - Setting next_dagrun for example_python_decorator to None, run_after=None
[2026-05-09T19:14:24.607+0000] {processor.py:183} INFO - Processing /home/airflow/.local/lib/python3.12/site-packages/airflow/example_dags/example_python_decorator.py took 0.088 seconds
[2026-05-09T19:14:55.152+0000] {processor.py:161} INFO - Started process (PID=2730) to work on /home/airflow/.local/lib/python3.12/site-packages/airflow/example_dags/example_python_decorator.py
[2026-05-09T19:14:55.154+0000] {processor.py:830} INFO - Processing file /home/airflow/.local/lib/python3.12/site-packages/airflow/example_dags/example_python_decorator.py for tasks to queue
[2026-05-09T19:14:55.155+0000] {logging_mixin.py:188} INFO - [2026-05-09T19:14:55.155+0000] {dagbag.py:545} INFO - Filling up the DagBag from /home/airflow/.local/lib/python3.12/site-packages/airflow/example_dags/example_python_decorator.py
[2026-05-09T19:14:55.167+0000] {processor.py:840} INFO - DAG(s) 'example_python_decorator' retrieved from /home/airflow/.local/lib/python3.12/site-packages/airflow/example_dags/example_python_decorator.py
[2026-05-09T19:14:55.191+0000] {logging_mixin.py:188} INFO - [2026-05-09T19:14:55.190+0000] {dag.py:3096} INFO - Sync 1 DAGs
[2026-05-09T19:14:55.203+0000] {logging_mixin.py:188} INFO - [2026-05-09T19:14:55.203+0000] {dag.py:3954} INFO - Setting next_dagrun for example_python_decorator to None, run_after=None
[2026-05-09T19:14:55.233+0000] {processor.py:183} INFO - Processing /home/airflow/.local/lib/python3.12/site-packages/airflow/example_dags/example_python_decorator.py took 0.086 seconds
[2026-05-09T19:15:25.994+0000] {processor.py:161} INFO - Started process (PID=2789) to work on /home/airflow/.local/lib/python3.12/site-packages/airflow/example_dags/example_python_decorator.py
[2026-05-09T19:15:25.995+0000] {processor.py:830} INFO - Processing file /home/airflow/.local/lib/python3.12/site-packages/airflow/example_dags/example_python_decorator.py for tasks to queue
[2026-05-09T19:15:25.998+0000] {logging_mixin.py:188} INFO - [2026-05-09T19:15:25.997+0000] {dagbag.py:545} INFO - Filling up the DagBag from /home/airflow/.local/lib/python3.12/site-packages/airflow/example_dags/example_python_decorator.py
[2026-05-09T19:15:26.009+0000] {processor.py:840} INFO - DAG(s) 'example_python_decorator' retrieved from /home/airflow/.local/lib/python3.12/site-packages/airflow/example_dags/example_python_decorator.py
[2026-05-09T19:15:26.032+0000] {logging_mixin.py:188} INFO - [2026-05-09T19:15:26.032+0000] {dag.py:3096} INFO - Sync 1 DAGs
[2026-05-09T19:15:26.046+0000] {logging_mixin.py:188} INFO - [2026-05-09T19:15:26.045+0000] {dag.py:3954} INFO - Setting next_dagrun for example_python_decorator to None, run_after=None
[2026-05-09T19:15:26.069+0000] {processor.py:183} INFO - Processing /home/airflow/.local/lib/python3.12/site-packages/airflow/example_dags/example_python_decorator.py took 0.080 seconds
[2026-05-09T19:15:56.398+0000] {processor.py:161} INFO - Started process (PID=2848) to work on /home/airflow/.local/lib/python3.12/site-packages/airflow/example_dags/example_python_decorator.py
[2026-05-09T19:15:56.400+0000] {processor.py:830} INFO - Processing file /home/airflow/.local/lib/python3.12/site-packages/airflow/example_dags/example_python_decorator.py for tasks to queue
[2026-05-09T19:15:56.402+0000] {logging_mixin.py:188} INFO - [2026-05-09T19:15:56.401+0000] {dagbag.py:545} INFO - Filling up the DagBag from /home/airflow/.local/lib/python3.12/site-packages/airflow/example_dags/example_python_decorator.py
[2026-05-09T19:15:56.413+0000] {processor.py:840} INFO - DAG(s) 'example_python_decorator' retrieved from /home/airflow/.local/lib/python3.12/site-packages/airflow/example_dags/example_python_decorator.py
[2026-05-09T19:15:56.437+0000] {logging_mixin.py:188} INFO - [2026-05-09T19:15:56.437+0000] {dag.py:3096} INFO - Sync 1 DAGs
[2026-05-09T19:15:56.450+0000] {logging_mixin.py:188} INFO - [2026-05-09T19:15:56.449+0000] {dag.py:3954} INFO - Setting next_dagrun for example_python_decorator to None, run_after=None
[2026-05-09T19:15:56.474+0000] {processor.py:183} INFO - Processing /home/airflow/.local/lib/python3.12/site-packages/airflow/example_dags/example_python_decorator.py took 0.081 seconds
[2026-05-09T19:16:26.749+0000] {processor.py:161} INFO - Started process (PID=2907) to work on /home/airflow/.local/lib/python3.12/site-packages/airflow/example_dags/example_python_decorator.py
[2026-05-09T19:16:26.750+0000] {processor.py:830} INFO - Processing file /home/airflow/.local/lib/python3.12/site-packages/airflow/example_dags/example_python_decorator.py for tasks to queue
[2026-05-09T19:16:26.753+0000] {logging_mixin.py:188} INFO - [2026-05-09T19:16:26.752+0000] {dagbag.py:545} INFO - Filling up the DagBag from /home/airflow/.local/lib/python3.12/site-packages/airflow/example_dags/example_python_decorator.py
[2026-05-09T19:16:26.765+0000] {processor.py:840} INFO - DAG(s) 'example_python_decorator' retrieved from /home/airflow/.local/lib/python3.12/site-packages/airflow/example_dags/example_python_decorator.py
[2026-05-09T19:16:26.790+0000] {logging_mixin.py:188} INFO - [2026-05-09T19:16:26.790+0000] {dag.py:3096} INFO - Sync 1 DAGs
[2026-05-09T19:16:26.803+0000] {logging_mixin.py:188} INFO - [2026-05-09T19:16:26.803+0000] {dag.py:3954} INFO - Setting next_dagrun for example_python_decorator to None, run_after=None
[2026-05-09T19:16:26.830+0000] {processor.py:183} INFO - Processing /home/airflow/.local/lib/python3.12/site-packages/airflow/example_dags/example_python_decorator.py took 0.090 seconds
[2026-05-09T19:16:57.342+0000] {processor.py:161} INFO - Started process (PID=2966) to work on /home/airflow/.local/lib/python3.12/site-packages/airflow/example_dags/example_python_decorator.py
[2026-05-09T19:16:57.343+0000] {processor.py:830} INFO - Processing file /home/airflow/.local/lib/python3.12/site-packages/airflow/example_dags/example_python_decorator.py for tasks to queue
[2026-05-09T19:16:57.345+0000] {logging_mixin.py:188} INFO - [2026-05-09T19:16:57.345+0000] {dagbag.py:545} INFO - Filling up the DagBag from /home/airflow/.local/lib/python3.12/site-packages/airflow/example_dags/example_python_decorator.py
[2026-05-09T19:16:57.357+0000] {processor.py:840} INFO - DAG(s) 'example_python_decorator' retrieved from /home/airflow/.local/lib/python3.12/site-packages/airflow/example_dags/example_python_decorator.py
[2026-05-09T19:16:57.382+0000] {logging_mixin.py:188} INFO - [2026-05-09T19:16:57.381+0000] {dag.py:3096} INFO - Sync 1 DAGs
[2026-05-09T19:16:57.394+0000] {logging_mixin.py:188} INFO - [2026-05-09T19:16:57.394+0000] {dag.py:3954} INFO - Setting next_dagrun for example_python_decorator to None, run_after=None
[2026-05-09T19:16:57.421+0000] {processor.py:183} INFO - Processing /home/airflow/.local/lib/python3.12/site-packages/airflow/example_dags/example_python_decorator.py took 0.084 seconds
[2026-05-09T19:17:28.287+0000] {processor.py:161} INFO - Started process (PID=3025) to work on /home/airflow/.local/lib/python3.12/site-packages/airflow/example_dags/example_python_decorator.py
[2026-05-09T19:17:28.288+0000] {processor.py:830} INFO - Processing file /home/airflow/.local/lib/python3.12/site-packages/airflow/example_dags/example_python_decorator.py for tasks to queue
[2026-05-09T19:17:28.290+0000] {logging_mixin.py:188} INFO - [2026-05-09T19:17:28.290+0000] {dagbag.py:545} INFO - Filling up the DagBag from /home/airflow/.local/lib/python3.12/site-packages/airflow/example_dags/example_python_decorator.py
[2026-05-09T19:17:28.302+0000] {processor.py:840} INFO - DAG(s) 'example_python_decorator' retrieved from /home/airflow/.local/lib/python3.12/site-packages/airflow/example_dags/example_python_decorator.py
[2026-05-09T19:17:28.325+0000] {logging_mixin.py:188} INFO - [2026-05-09T19:17:28.325+0000] {dag.py:3096} INFO - Sync 1 DAGs
[2026-05-09T19:17:28.339+0000] {logging_mixin.py:188} INFO - [2026-05-09T19:17:28.339+0000] {dag.py:3954} INFO - Setting next_dagrun for example_python_decorator to None, run_after=None
[2026-05-09T19:17:28.366+0000] {processor.py:183} INFO - Processing /home/airflow/.local/lib/python3.12/site-packages/airflow/example_dags/example_python_decorator.py took 0.085 seconds
[2026-05-09T19:17:58.637+0000] {processor.py:161} INFO - Started process (PID=3084) to work on /home/airflow/.local/lib/python3.12/site-packages/airflow/example_dags/example_python_decorator.py
[2026-05-09T19:17:58.638+0000] {processor.py:830} INFO - Processing file /home/airflow/.local/lib/python3.12/site-packages/airflow/example_dags/example_python_decorator.py for tasks to queue
[2026-05-09T19:17:58.640+0000] {logging_mixin.py:188} INFO - [2026-05-09T19:17:58.640+0000] {dagbag.py:545} INFO - Filling up the DagBag from /home/airflow/.local/lib/python3.12/site-packages/airflow/example_dags/example_python_decorator.py
[2026-05-09T19:17:58.652+0000] {processor.py:840} INFO - DAG(s) 'example_python_decorator' retrieved from /home/airflow/.local/lib/python3.12/site-packages/airflow/example_dags/example_python_decorator.py
[2026-05-09T19:17:58.677+0000] {logging_mixin.py:188} INFO - [2026-05-09T19:17:58.677+0000] {dag.py:3096} INFO - Sync 1 DAGs
[2026-05-09T19:17:58.690+0000] {logging_mixin.py:188} INFO - [2026-05-09T19:17:58.690+0000] {dag.py:3954} INFO - Setting next_dagrun for example_python_decorator to None, run_after=None
[2026-05-09T19:17:58.717+0000] {processor.py:183} INFO - Processing /home/airflow/.local/lib/python3.12/site-packages/airflow/example_dags/example_python_decorator.py took 0.085 seconds
[2026-05-09T19:18:28.832+0000] {processor.py:161} INFO - Started process (PID=3143) to work on /home/airflow/.local/lib/python3.12/site-packages/airflow/example_dags/example_python_decorator.py
[2026-05-09T19:18:28.833+0000] {processor.py:830} INFO - Processing file /home/airflow/.local/lib/python3.12/site-packages/airflow/example_dags/example_python_decorator.py for tasks to queue
[2026-05-09T19:18:28.836+0000] {logging_mixin.py:188} INFO - [2026-05-09T19:18:28.835+0000] {dagbag.py:545} INFO - Filling up the DagBag from /home/airflow/.local/lib/python3.12/site-packages/airflow/example_dags/example_python_decorator.py
[2026-05-09T19:18:28.847+0000] {processor.py:840} INFO - DAG(s) 'example_python_decorator' retrieved from /home/airflow/.local/lib/python3.12/site-packages/airflow/example_dags/example_python_decorator.py
[2026-05-09T19:18:28.870+0000] {logging_mixin.py:188} INFO - [2026-05-09T19:18:28.870+0000] {dag.py:3096} INFO - Sync 1 DAGs
[2026-05-09T19:18:28.883+0000] {logging_mixin.py:188} INFO - [2026-05-09T19:18:28.883+0000] {dag.py:3954} INFO - Setting next_dagrun for example_python_decorator to None, run_after=None
[2026-05-09T19:18:28.909+0000] {processor.py:183} INFO - Processing /home/airflow/.local/lib/python3.12/site-packages/airflow/example_dags/example_python_decorator.py took 0.082 seconds
[2026-05-09T19:18:59.796+0000] {processor.py:161} INFO - Started process (PID=3202) to work on /home/airflow/.local/lib/python3.12/site-packages/airflow/example_dags/example_python_decorator.py
[2026-05-09T19:18:59.797+0000] {processor.py:830} INFO - Processing file /home/airflow/.local/lib/python3.12/site-packages/airflow/example_dags/example_python_decorator.py for tasks to queue
[2026-05-09T19:18:59.799+0000] {logging_mixin.py:188} INFO - [2026-05-09T19:18:59.799+0000] {dagbag.py:545} INFO - Filling up the DagBag from /home/airflow/.local/lib/python3.12/site-packages/airflow/example_dags/example_python_decorator.py
[2026-05-09T19:18:59.810+0000] {processor.py:840} INFO - DAG(s) 'example_python_decorator' retrieved from /home/airflow/.local/lib/python3.12/site-packages/airflow/example_dags/example_python_decorator.py
[2026-05-09T19:18:59.832+0000] {logging_mixin.py:188} INFO - [2026-05-09T19:18:59.832+0000] {dag.py:3096} INFO - Sync 1 DAGs
[2026-05-09T19:18:59.845+0000] {logging_mixin.py:188} INFO - [2026-05-09T19:18:59.845+0000] {dag.py:3954} INFO - Setting next_dagrun for example_python_decorator to None, run_after=None
[2026-05-09T19:18:59.868+0000] {processor.py:183} INFO - Processing /home/airflow/.local/lib/python3.12/site-packages/airflow/example_dags/example_python_decorator.py took 0.078 seconds
[2026-05-09T19:19:30.272+0000] {processor.py:161} INFO - Started process (PID=3261) to work on /home/airflow/.local/lib/python3.12/site-packages/airflow/example_dags/example_python_decorator.py
[2026-05-09T19:19:30.274+0000] {processor.py:830} INFO - Processing file /home/airflow/.local/lib/python3.12/site-packages/airflow/example_dags/example_python_decorator.py for tasks to queue
[2026-05-09T19:19:30.276+0000] {logging_mixin.py:188} INFO - [2026-05-09T19:19:30.275+0000] {dagbag.py:545} INFO - Filling up the DagBag from /home/airflow/.local/lib/python3.12/site-packages/airflow/example_dags/example_python_decorator.py
[2026-05-09T19:19:30.287+0000] {processor.py:840} INFO - DAG(s) 'example_python_decorator' retrieved from /home/airflow/.local/lib/python3.12/site-packages/airflow/example_dags/example_python_decorator.py
[2026-05-09T19:19:30.309+0000] {logging_mixin.py:188} INFO - [2026-05-09T19:19:30.309+0000] {dag.py:3096} INFO - Sync 1 DAGs
[2026-05-09T19:19:30.323+0000] {logging_mixin.py:188} INFO - [2026-05-09T19:19:30.322+0000] {dag.py:3954} INFO - Setting next_dagrun for example_python_decorator to None, run_after=None
[2026-05-09T19:19:30.349+0000] {processor.py:183} INFO - Processing /home/airflow/.local/lib/python3.12/site-packages/airflow/example_dags/example_python_decorator.py took 0.081 seconds
[2026-05-09T19:20:00.786+0000] {processor.py:161} INFO - Started process (PID=3320) to work on /home/airflow/.local/lib/python3.12/site-packages/airflow/example_dags/example_python_decorator.py
[2026-05-09T19:20:00.787+0000] {processor.py:830} INFO - Processing file /home/airflow/.local/lib/python3.12/site-packages/airflow/example_dags/example_python_decorator.py for tasks to queue
[2026-05-09T19:20:00.790+0000] {logging_mixin.py:188} INFO - [2026-05-09T19:20:00.790+0000] {dagbag.py:545} INFO - Filling up the DagBag from /home/airflow/.local/lib/python3.12/site-packages/airflow/example_dags/example_python_decorator.py
[2026-05-09T19:20:00.804+0000] {processor.py:840} INFO - DAG(s) 'example_python_decorator' retrieved from /home/airflow/.local/lib/python3.12/site-packages/airflow/example_dags/example_python_decorator.py
[2026-05-09T19:20:00.828+0000] {logging_mixin.py:188} INFO - [2026-05-09T19:20:00.828+0000] {dag.py:3096} INFO - Sync 1 DAGs
[2026-05-09T19:20:00.841+0000] {logging_mixin.py:188} INFO - [2026-05-09T19:20:00.841+0000] {dag.py:3954} INFO - Setting next_dagrun for example_python_decorator to None, run_after=None
[2026-05-09T19:20:00.866+0000] {processor.py:183} INFO - Processing /home/airflow/.local/lib/python3.12/site-packages/airflow/example_dags/example_python_decorator.py took 0.087 seconds
[2026-05-09T19:20:31.786+0000] {processor.py:161} INFO - Started process (PID=3379) to work on /home/airflow/.local/lib/python3.12/site-packages/airflow/example_dags/example_python_decorator.py
[2026-05-09T19:20:31.788+0000] {processor.py:830} INFO - Processing file /home/airflow/.local/lib/python3.12/site-packages/airflow/example_dags/example_python_decorator.py for tasks to queue
[2026-05-09T19:20:31.790+0000] {logging_mixin.py:188} INFO - [2026-05-09T19:20:31.789+0000] {dagbag.py:545} INFO - Filling up the DagBag from /home/airflow/.local/lib/python3.12/site-packages/airflow/example_dags/example_python_decorator.py
[2026-05-09T19:20:31.802+0000] {processor.py:840} INFO - DAG(s) 'example_python_decorator' retrieved from /home/airflow/.local/lib/python3.12/site-packages/airflow/example_dags/example_python_decorator.py
[2026-05-09T19:20:31.824+0000] {logging_mixin.py:188} INFO - [2026-05-09T19:20:31.824+0000] {dag.py:3096} INFO - Sync 1 DAGs
[2026-05-09T19:20:31.837+0000] {logging_mixin.py:188} INFO - [2026-05-09T19:20:31.837+0000] {dag.py:3954} INFO - Setting next_dagrun for example_python_decorator to None, run_after=None
[2026-05-09T19:20:31.859+0000] {processor.py:183} INFO - Processing /home/airflow/.local/lib/python3.12/site-packages/airflow/example_dags/example_python_decorator.py took 0.079 seconds
[2026-05-09T19:21:02.394+0000] {processor.py:161} INFO - Started process (PID=3438) to work on /home/airflow/.local/lib/python3.12/site-packages/airflow/example_dags/example_python_decorator.py
[2026-05-09T19:21:02.395+0000] {processor.py:830} INFO - Processing file /home/airflow/.local/lib/python3.12/site-packages/airflow/example_dags/example_python_decorator.py for tasks to queue
[2026-05-09T19:21:02.397+0000] {logging_mixin.py:188} INFO - [2026-05-09T19:21:02.397+0000] {dagbag.py:545} INFO - Filling up the DagBag from /home/airflow/.local/lib/python3.12/site-packages/airflow/example_dags/example_python_decorator.py
[2026-05-09T19:21:02.409+0000] {processor.py:840} INFO - DAG(s) 'example_python_decorator' retrieved from /home/airflow/.local/lib/python3.12/site-packages/airflow/example_dags/example_python_decorator.py
[2026-05-09T19:21:02.433+0000] {logging_mixin.py:188} INFO - [2026-05-09T19:21:02.433+0000] {dag.py:3096} INFO - Sync 1 DAGs
[2026-05-09T19:21:02.447+0000] {logging_mixin.py:188} INFO - [2026-05-09T19:21:02.446+0000] {dag.py:3954} INFO - Setting next_dagrun for example_python_decorator to None, run_after=None
[2026-05-09T19:21:02.473+0000] {processor.py:183} INFO - Processing /home/airflow/.local/lib/python3.12/site-packages/airflow/example_dags/example_python_decorator.py took 0.084 seconds
[2026-05-09T19:21:32.655+0000] {processor.py:161} INFO - Started process (PID=3497) to work on /home/airflow/.local/lib/python3.12/site-packages/airflow/example_dags/example_python_decorator.py
[2026-05-09T19:21:32.656+0000] {processor.py:830} INFO - Processing file /home/airflow/.local/lib/python3.12/site-packages/airflow/example_dags/example_python_decorator.py for tasks to queue
[2026-05-09T19:21:32.658+0000] {logging_mixin.py:188} INFO - [2026-05-09T19:21:32.658+0000] {dagbag.py:545} INFO - Filling up the DagBag from /home/airflow/.local/lib/python3.12/site-packages/airflow/example_dags/example_python_decorator.py
[2026-05-09T19:21:32.670+0000] {processor.py:840} INFO - DAG(s) 'example_python_decorator' retrieved from /home/airflow/.local/lib/python3.12/site-packages/airflow/example_dags/example_python_decorator.py
[2026-05-09T19:21:32.694+0000] {logging_mixin.py:188} INFO - [2026-05-09T19:21:32.694+0000] {dag.py:3096} INFO - Sync 1 DAGs
[2026-05-09T19:21:32.708+0000] {logging_mixin.py:188} INFO - [2026-05-09T19:21:32.707+0000] {dag.py:3954} INFO - Setting next_dagrun for example_python_decorator to None, run_after=None
[2026-05-09T19:21:32.730+0000] {processor.py:183} INFO - Processing /home/airflow/.local/lib/python3.12/site-packages/airflow/example_dags/example_python_decorator.py took 0.080 seconds
[2026-05-09T19:22:03.500+0000] {processor.py:161} INFO - Started process (PID=3556) to work on /home/airflow/.local/lib/python3.12/site-packages/airflow/example_dags/example_python_decorator.py
[2026-05-09T19:22:03.501+0000] {processor.py:830} INFO - Processing file /home/airflow/.local/lib/python3.12/site-packages/airflow/example_dags/example_python_decorator.py for tasks to queue
[2026-05-09T19:22:03.504+0000] {logging_mixin.py:188} INFO - [2026-05-09T19:22:03.503+0000] {dagbag.py:545} INFO - Filling up the DagBag from /home/airflow/.local/lib/python3.12/site-packages/airflow/example_dags/example_python_decorator.py
[2026-05-09T19:22:03.515+0000] {processor.py:840} INFO - DAG(s) 'example_python_decorator' retrieved from /home/airflow/.local/lib/python3.12/site-packages/airflow/example_dags/example_python_decorator.py
[2026-05-09T19:22:03.538+0000] {logging_mixin.py:188} INFO - [2026-05-09T19:22:03.538+0000] {dag.py:3096} INFO - Sync 1 DAGs
[2026-05-09T19:22:03.552+0000] {logging_mixin.py:188} INFO - [2026-05-09T19:22:03.552+0000] {dag.py:3954} INFO - Setting next_dagrun for example_python_decorator to None, run_after=None
[2026-05-09T19:22:03.578+0000] {processor.py:183} INFO - Processing /home/airflow/.local/lib/python3.12/site-packages/airflow/example_dags/example_python_decorator.py took 0.085 seconds
[2026-05-09T19:22:34.395+0000] {processor.py:161} INFO - Started process (PID=3615) to work on /home/airflow/.local/lib/python3.12/site-packages/airflow/example_dags/example_python_decorator.py
[2026-05-09T19:22:34.396+0000] {processor.py:830} INFO - Processing file /home/airflow/.local/lib/python3.12/site-packages/airflow/example_dags/example_python_decorator.py for tasks to queue
[2026-05-09T19:22:34.398+0000] {logging_mixin.py:188} INFO - [2026-05-09T19:22:34.397+0000] {dagbag.py:545} INFO - Filling up the DagBag from /home/airflow/.local/lib/python3.12/site-packages/airflow/example_dags/example_python_decorator.py
[2026-05-09T19:22:34.411+0000] {processor.py:840} INFO - DAG(s) 'example_python_decorator' retrieved from /home/airflow/.local/lib/python3.12/site-packages/airflow/example_dags/example_python_decorator.py
[2026-05-09T19:22:34.434+0000] {logging_mixin.py:188} INFO - [2026-05-09T19:22:34.433+0000] {dag.py:3096} INFO - Sync 1 DAGs
[2026-05-09T19:22:34.449+0000] {logging_mixin.py:188} INFO - [2026-05-09T19:22:34.448+0000] {dag.py:3954} INFO - Setting next_dagrun for example_python_decorator to None, run_after=None
[2026-05-09T19:22:34.477+0000] {processor.py:183} INFO - Processing /home/airflow/.local/lib/python3.12/site-packages/airflow/example_dags/example_python_decorator.py took 0.087 seconds
[2026-05-09T19:23:04.697+0000] {processor.py:161} INFO - Started process (PID=3674) to work on /home/airflow/.local/lib/python3.12/site-packages/airflow/example_dags/example_python_decorator.py
[2026-05-09T19:23:04.698+0000] {processor.py:830} INFO - Processing file /home/airflow/.local/lib/python3.12/site-packages/airflow/example_dags/example_python_decorator.py for tasks to queue
[2026-05-09T19:23:04.700+0000] {logging_mixin.py:188} INFO - [2026-05-09T19:23:04.700+0000] {dagbag.py:545} INFO - Filling up the DagBag from /home/airflow/.local/lib/python3.12/site-packages/airflow/example_dags/example_python_decorator.py
[2026-05-09T19:23:04.712+0000] {processor.py:840} INFO - DAG(s) 'example_python_decorator' retrieved from /home/airflow/.local/lib/python3.12/site-packages/airflow/example_dags/example_python_decorator.py
[2026-05-09T19:23:04.734+0000] {logging_mixin.py:188} INFO - [2026-05-09T19:23:04.734+0000] {dag.py:3096} INFO - Sync 1 DAGs
[2026-05-09T19:23:04.747+0000] {logging_mixin.py:188} INFO - [2026-05-09T19:23:04.747+0000] {dag.py:3954} INFO - Setting next_dagrun for example_python_decorator to None, run_after=None
[2026-05-09T19:23:04.772+0000] {processor.py:183} INFO - Processing /home/airflow/.local/lib/python3.12/site-packages/airflow/example_dags/example_python_decorator.py took 0.080 seconds
[2026-05-09T19:23:35.203+0000] {processor.py:161} INFO - Started process (PID=3733) to work on /home/airflow/.local/lib/python3.12/site-packages/airflow/example_dags/example_python_decorator.py
[2026-05-09T19:23:35.204+0000] {processor.py:830} INFO - Processing file /home/airflow/.local/lib/python3.12/site-packages/airflow/example_dags/example_python_decorator.py for tasks to queue
[2026-05-09T19:23:35.207+0000] {logging_mixin.py:188} INFO - [2026-05-09T19:23:35.206+0000] {dagbag.py:545} INFO - Filling up the DagBag from /home/airflow/.local/lib/python3.12/site-packages/airflow/example_dags/example_python_decorator.py
[2026-05-09T19:23:35.219+0000] {processor.py:840} INFO - DAG(s) 'example_python_decorator' retrieved from /home/airflow/.local/lib/python3.12/site-packages/airflow/example_dags/example_python_decorator.py
[2026-05-09T19:23:35.243+0000] {logging_mixin.py:188} INFO - [2026-05-09T19:23:35.243+0000] {dag.py:3096} INFO - Sync 1 DAGs
[2026-05-09T19:23:35.256+0000] {logging_mixin.py:188} INFO - [2026-05-09T19:23:35.255+0000] {dag.py:3954} INFO - Setting next_dagrun for example_python_decorator to None, run_after=None
[2026-05-09T19:23:35.278+0000] {processor.py:183} INFO - Processing /home/airflow/.local/lib/python3.12/site-packages/airflow/example_dags/example_python_decorator.py took 0.080 seconds
[2026-05-09T19:24:07.011+0000] {processor.py:161} INFO - Started process (PID=3792) to work on /home/airflow/.local/lib/python3.12/site-packages/airflow/example_dags/example_python_decorator.py
[2026-05-09T19:24:07.013+0000] {processor.py:830} INFO - Processing file /home/airflow/.local/lib/python3.12/site-packages/airflow/example_dags/example_python_decorator.py for tasks to queue
[2026-05-09T19:24:07.015+0000] {logging_mixin.py:188} INFO - [2026-05-09T19:24:07.014+0000] {dagbag.py:545} INFO - Filling up the DagBag from /home/airflow/.local/lib/python3.12/site-packages/airflow/example_dags/example_python_decorator.py
[2026-05-09T19:24:07.026+0000] {processor.py:840} INFO - DAG(s) 'example_python_decorator' retrieved from /home/airflow/.local/lib/python3.12/site-packages/airflow/example_dags/example_python_decorator.py
[2026-05-09T19:24:07.049+0000] {logging_mixin.py:188} INFO - [2026-05-09T19:24:07.049+0000] {dag.py:3096} INFO - Sync 1 DAGs
[2026-05-09T19:24:07.063+0000] {logging_mixin.py:188} INFO - [2026-05-09T19:24:07.062+0000] {dag.py:3954} INFO - Setting next_dagrun for example_python_decorator to None, run_after=None
[2026-05-09T19:24:07.088+0000] {processor.py:183} INFO - Processing /home/airflow/.local/lib/python3.12/site-packages/airflow/example_dags/example_python_decorator.py took 0.082 seconds
[2026-05-09T19:24:37.827+0000] {processor.py:161} INFO - Started process (PID=3852) to work on /home/airflow/.local/lib/python3.12/site-packages/airflow/example_dags/example_python_decorator.py
[2026-05-09T19:24:37.828+0000] {processor.py:830} INFO - Processing file /home/airflow/.local/lib/python3.12/site-packages/airflow/example_dags/example_python_decorator.py for tasks to queue
[2026-05-09T19:24:37.831+0000] {logging_mixin.py:188} INFO - [2026-05-09T19:24:37.830+0000] {dagbag.py:545} INFO - Filling up the DagBag from /home/airflow/.local/lib/python3.12/site-packages/airflow/example_dags/example_python_decorator.py
[2026-05-09T19:24:37.843+0000] {processor.py:840} INFO - DAG(s) 'example_python_decorator' retrieved from /home/airflow/.local/lib/python3.12/site-packages/airflow/example_dags/example_python_decorator.py
[2026-05-09T19:24:37.865+0000] {logging_mixin.py:188} INFO - [2026-05-09T19:24:37.865+0000] {dag.py:3096} INFO - Sync 1 DAGs
[2026-05-09T19:24:37.878+0000] {logging_mixin.py:188} INFO - [2026-05-09T19:24:37.877+0000] {dag.py:3954} INFO - Setting next_dagrun for example_python_decorator to None, run_after=None
[2026-05-09T19:24:37.900+0000] {processor.py:183} INFO - Processing /home/airflow/.local/lib/python3.12/site-packages/airflow/example_dags/example_python_decorator.py took 0.078 seconds
[2026-05-09T19:25:08.434+0000] {processor.py:161} INFO - Started process (PID=3911) to work on /home/airflow/.local/lib/python3.12/site-packages/airflow/example_dags/example_python_decorator.py
[2026-05-09T19:25:08.435+0000] {processor.py:830} INFO - Processing file /home/airflow/.local/lib/python3.12/site-packages/airflow/example_dags/example_python_decorator.py for tasks to queue
[2026-05-09T19:25:08.437+0000] {logging_mixin.py:188} INFO - [2026-05-09T19:25:08.436+0000] {dagbag.py:545} INFO - Filling up the DagBag from /home/airflow/.local/lib/python3.12/site-packages/airflow/example_dags/example_python_decorator.py
[2026-05-09T19:25:08.448+0000] {processor.py:840} INFO - DAG(s) 'example_python_decorator' retrieved from /home/airflow/.local/lib/python3.12/site-packages/airflow/example_dags/example_python_decorator.py
[2026-05-09T19:25:08.473+0000] {logging_mixin.py:188} INFO - [2026-05-09T19:25:08.473+0000] {dag.py:3096} INFO - Sync 1 DAGs
[2026-05-09T19:25:08.486+0000] {logging_mixin.py:188} INFO - [2026-05-09T19:25:08.486+0000] {dag.py:3954} INFO - Setting next_dagrun for example_python_decorator to None, run_after=None
[2026-05-09T19:25:08.510+0000] {processor.py:183} INFO - Processing /home/airflow/.local/lib/python3.12/site-packages/airflow/example_dags/example_python_decorator.py took 0.081 seconds
[2026-05-09T19:25:39.293+0000] {processor.py:161} INFO - Started process (PID=3970) to work on /home/airflow/.local/lib/python3.12/site-packages/airflow/example_dags/example_python_decorator.py
[2026-05-09T19:25:39.294+0000] {processor.py:830} INFO - Processing file /home/airflow/.local/lib/python3.12/site-packages/airflow/example_dags/example_python_decorator.py for tasks to queue
[2026-05-09T19:25:39.297+0000] {logging_mixin.py:188} INFO - [2026-05-09T19:25:39.296+0000] {dagbag.py:545} INFO - Filling up the DagBag from /home/airflow/.local/lib/python3.12/site-packages/airflow/example_dags/example_python_decorator.py
[2026-05-09T19:25:39.310+0000] {processor.py:840} INFO - DAG(s) 'example_python_decorator' retrieved from /home/airflow/.local/lib/python3.12/site-packages/airflow/example_dags/example_python_decorator.py
[2026-05-09T19:25:39.336+0000] {logging_mixin.py:188} INFO - [2026-05-09T19:25:39.335+0000] {dag.py:3096} INFO - Sync 1 DAGs
[2026-05-09T19:25:39.349+0000] {logging_mixin.py:188} INFO - [2026-05-09T19:25:39.348+0000] {dag.py:3954} INFO - Setting next_dagrun for example_python_decorator to None, run_after=None
[2026-05-09T19:25:39.372+0000] {processor.py:183} INFO - Processing /home/airflow/.local/lib/python3.12/site-packages/airflow/example_dags/example_python_decorator.py took 0.085 seconds
[2026-05-09T19:26:10.372+0000] {processor.py:161} INFO - Started process (PID=4029) to work on /home/airflow/.local/lib/python3.12/site-packages/airflow/example_dags/example_python_decorator.py
[2026-05-09T19:26:10.374+0000] {processor.py:830} INFO - Processing file /home/airflow/.local/lib/python3.12/site-packages/airflow/example_dags/example_python_decorator.py for tasks to queue
[2026-05-09T19:26:10.375+0000] {logging_mixin.py:188} INFO - [2026-05-09T19:26:10.375+0000] {dagbag.py:545} INFO - Filling up the DagBag from /home/airflow/.local/lib/python3.12/site-packages/airflow/example_dags/example_python_decorator.py
[2026-05-09T19:26:10.386+0000] {processor.py:840} INFO - DAG(s) 'example_python_decorator' retrieved from /home/airflow/.local/lib/python3.12/site-packages/airflow/example_dags/example_python_decorator.py
[2026-05-09T19:26:10.410+0000] {logging_mixin.py:188} INFO - [2026-05-09T19:26:10.410+0000] {dag.py:3096} INFO - Sync 1 DAGs
[2026-05-09T19:26:10.422+0000] {logging_mixin.py:188} INFO - [2026-05-09T19:26:10.422+0000] {dag.py:3954} INFO - Setting next_dagrun for example_python_decorator to None, run_after=None
[2026-05-09T19:26:10.446+0000] {processor.py:183} INFO - Processing /home/airflow/.local/lib/python3.12/site-packages/airflow/example_dags/example_python_decorator.py took 0.079 seconds
[2026-05-09T19:26:41.227+0000] {processor.py:161} INFO - Started process (PID=4088) to work on /home/airflow/.local/lib/python3.12/site-packages/airflow/example_dags/example_python_decorator.py
[2026-05-09T19:26:41.228+0000] {processor.py:830} INFO - Processing file /home/airflow/.local/lib/python3.12/site-packages/airflow/example_dags/example_python_decorator.py for tasks to queue
[2026-05-09T19:26:41.231+0000] {logging_mixin.py:188} INFO - [2026-05-09T19:26:41.230+0000] {dagbag.py:545} INFO - Filling up the DagBag from /home/airflow/.local/lib/python3.12/site-packages/airflow/example_dags/example_python_decorator.py
[2026-05-09T19:26:41.242+0000] {processor.py:840} INFO - DAG(s) 'example_python_decorator' retrieved from /home/airflow/.local/lib/python3.12/site-packages/airflow/example_dags/example_python_decorator.py
[2026-05-09T19:26:41.264+0000] {logging_mixin.py:188} INFO - [2026-05-09T19:26:41.264+0000] {dag.py:3096} INFO - Sync 1 DAGs
[2026-05-09T19:26:41.277+0000] {logging_mixin.py:188} INFO - [2026-05-09T19:26:41.277+0000] {dag.py:3954} INFO - Setting next_dagrun for example_python_decorator to None, run_after=None
[2026-05-09T19:26:41.300+0000] {processor.py:183} INFO - Processing /home/airflow/.local/lib/python3.12/site-packages/airflow/example_dags/example_python_decorator.py took 0.079 seconds
[2026-05-09T19:27:11.674+0000] {processor.py:161} INFO - Started process (PID=4147) to work on /home/airflow/.local/lib/python3.12/site-packages/airflow/example_dags/example_python_decorator.py
[2026-05-09T19:27:11.675+0000] {processor.py:830} INFO - Processing file /home/airflow/.local/lib/python3.12/site-packages/airflow/example_dags/example_python_decorator.py for tasks to queue
[2026-05-09T19:27:11.677+0000] {logging_mixin.py:188} INFO - [2026-05-09T19:27:11.677+0000] {dagbag.py:545} INFO - Filling up the DagBag from /home/airflow/.local/lib/python3.12/site-packages/airflow/example_dags/example_python_decorator.py
[2026-05-09T19:27:11.689+0000] {processor.py:840} INFO - DAG(s) 'example_python_decorator' retrieved from /home/airflow/.local/lib/python3.12/site-packages/airflow/example_dags/example_python_decorator.py
[2026-05-09T19:27:11.713+0000] {logging_mixin.py:188} INFO - [2026-05-09T19:27:11.713+0000] {dag.py:3096} INFO - Sync 1 DAGs
[2026-05-09T19:27:11.725+0000] {logging_mixin.py:188} INFO - [2026-05-09T19:27:11.725+0000] {dag.py:3954} INFO - Setting next_dagrun for example_python_decorator to None, run_after=None
[2026-05-09T19:27:11.748+0000] {processor.py:183} INFO - Processing /home/airflow/.local/lib/python3.12/site-packages/airflow/example_dags/example_python_decorator.py took 0.080 seconds
[2026-05-09T19:27:42.464+0000] {processor.py:161} INFO - Started process (PID=4206) to work on /home/airflow/.local/lib/python3.12/site-packages/airflow/example_dags/example_python_decorator.py
[2026-05-09T19:27:42.466+0000] {processor.py:830} INFO - Processing file /home/airflow/.local/lib/python3.12/site-packages/airflow/example_dags/example_python_decorator.py for tasks to queue
[2026-05-09T19:27:42.468+0000] {logging_mixin.py:188} INFO - [2026-05-09T19:27:42.468+0000] {dagbag.py:545} INFO - Filling up the DagBag from /home/airflow/.local/lib/python3.12/site-packages/airflow/example_dags/example_python_decorator.py
[2026-05-09T19:27:42.481+0000] {processor.py:840} INFO - DAG(s) 'example_python_decorator' retrieved from /home/airflow/.local/lib/python3.12/site-packages/airflow/example_dags/example_python_decorator.py
[2026-05-09T19:27:42.505+0000] {logging_mixin.py:188} INFO - [2026-05-09T19:27:42.505+0000] {dag.py:3096} INFO - Sync 1 DAGs
[2026-05-09T19:27:42.518+0000] {logging_mixin.py:188} INFO - [2026-05-09T19:27:42.518+0000] {dag.py:3954} INFO - Setting next_dagrun for example_python_decorator to None, run_after=None
[2026-05-09T19:27:42.542+0000] {processor.py:183} INFO - Processing /home/airflow/.local/lib/python3.12/site-packages/airflow/example_dags/example_python_decorator.py took 0.083 seconds
[2026-05-09T19:28:12.738+0000] {processor.py:161} INFO - Started process (PID=4265) to work on /home/airflow/.local/lib/python3.12/site-packages/airflow/example_dags/example_python_decorator.py
[2026-05-09T19:28:12.739+0000] {processor.py:830} INFO - Processing file /home/airflow/.local/lib/python3.12/site-packages/airflow/example_dags/example_python_decorator.py for tasks to queue
[2026-05-09T19:28:12.741+0000] {logging_mixin.py:188} INFO - [2026-05-09T19:28:12.740+0000] {dagbag.py:545} INFO - Filling up the DagBag from /home/airflow/.local/lib/python3.12/site-packages/airflow/example_dags/example_python_decorator.py
[2026-05-09T19:28:12.752+0000] {processor.py:840} INFO - DAG(s) 'example_python_decorator' retrieved from /home/airflow/.local/lib/python3.12/site-packages/airflow/example_dags/example_python_decorator.py
[2026-05-09T19:28:12.776+0000] {logging_mixin.py:188} INFO - [2026-05-09T19:28:12.775+0000] {dag.py:3096} INFO - Sync 1 DAGs
[2026-05-09T19:28:12.788+0000] {logging_mixin.py:188} INFO - [2026-05-09T19:28:12.788+0000] {dag.py:3954} INFO - Setting next_dagrun for example_python_decorator to None, run_after=None
[2026-05-09T19:28:12.812+0000] {processor.py:183} INFO - Processing /home/airflow/.local/lib/python3.12/site-packages/airflow/example_dags/example_python_decorator.py took 0.080 seconds
[2026-05-09T19:28:43.412+0000] {processor.py:161} INFO - Started process (PID=4324) to work on /home/airflow/.local/lib/python3.12/site-packages/airflow/example_dags/example_python_decorator.py
[2026-05-09T19:28:43.413+0000] {processor.py:830} INFO - Processing file /home/airflow/.local/lib/python3.12/site-packages/airflow/example_dags/example_python_decorator.py for tasks to queue
[2026-05-09T19:28:43.415+0000] {logging_mixin.py:188} INFO - [2026-05-09T19:28:43.415+0000] {dagbag.py:545} INFO - Filling up the DagBag from /home/airflow/.local/lib/python3.12/site-packages/airflow/example_dags/example_python_decorator.py
[2026-05-09T19:28:43.427+0000] {processor.py:840} INFO - DAG(s) 'example_python_decorator' retrieved from /home/airflow/.local/lib/python3.12/site-packages/airflow/example_dags/example_python_decorator.py
[2026-05-09T19:28:43.452+0000] {logging_mixin.py:188} INFO - [2026-05-09T19:28:43.452+0000] {dag.py:3096} INFO - Sync 1 DAGs
[2026-05-09T19:28:43.466+0000] {logging_mixin.py:188} INFO - [2026-05-09T19:28:43.466+0000] {dag.py:3954} INFO - Setting next_dagrun for example_python_decorator to None, run_after=None
[2026-05-09T19:28:43.496+0000] {processor.py:183} INFO - Processing /home/airflow/.local/lib/python3.12/site-packages/airflow/example_dags/example_python_decorator.py took 0.089 seconds
[2026-05-09T19:29:14.227+0000] {processor.py:161} INFO - Started process (PID=4383) to work on /home/airflow/.local/lib/python3.12/site-packages/airflow/example_dags/example_python_decorator.py
[2026-05-09T19:29:14.229+0000] {processor.py:830} INFO - Processing file /home/airflow/.local/lib/python3.12/site-packages/airflow/example_dags/example_python_decorator.py for tasks to queue
[2026-05-09T19:29:14.231+0000] {logging_mixin.py:188} INFO - [2026-05-09T19:29:14.230+0000] {dagbag.py:545} INFO - Filling up the DagBag from /home/airflow/.local/lib/python3.12/site-packages/airflow/example_dags/example_python_decorator.py
[2026-05-09T19:29:14.243+0000] {processor.py:840} INFO - DAG(s) 'example_python_decorator' retrieved from /home/airflow/.local/lib/python3.12/site-packages/airflow/example_dags/example_python_decorator.py
[2026-05-09T19:29:14.270+0000] {logging_mixin.py:188} INFO - [2026-05-09T19:29:14.270+0000] {dag.py:3096} INFO - Sync 1 DAGs
[2026-05-09T19:29:14.283+0000] {logging_mixin.py:188} INFO - [2026-05-09T19:29:14.282+0000] {dag.py:3954} INFO - Setting next_dagrun for example_python_decorator to None, run_after=None
[2026-05-09T19:29:14.305+0000] {processor.py:183} INFO - Processing /home/airflow/.local/lib/python3.12/site-packages/airflow/example_dags/example_python_decorator.py took 0.083 seconds
[2026-05-09T19:29:45.011+0000] {processor.py:161} INFO - Started process (PID=4442) to work on /home/airflow/.local/lib/python3.12/site-packages/airflow/example_dags/example_python_decorator.py
[2026-05-09T19:29:45.012+0000] {processor.py:830} INFO - Processing file /home/airflow/.local/lib/python3.12/site-packages/airflow/example_dags/example_python_decorator.py for tasks to queue
[2026-05-09T19:29:45.014+0000] {logging_mixin.py:188} INFO - [2026-05-09T19:29:45.014+0000] {dagbag.py:545} INFO - Filling up the DagBag from /home/airflow/.local/lib/python3.12/site-packages/airflow/example_dags/example_python_decorator.py
[2026-05-09T19:29:45.025+0000] {processor.py:840} INFO - DAG(s) 'example_python_decorator' retrieved from /home/airflow/.local/lib/python3.12/site-packages/airflow/example_dags/example_python_decorator.py
[2026-05-09T19:29:45.048+0000] {logging_mixin.py:188} INFO - [2026-05-09T19:29:45.047+0000] {dag.py:3096} INFO - Sync 1 DAGs
[2026-05-09T19:29:45.061+0000] {logging_mixin.py:188} INFO - [2026-05-09T19:29:45.061+0000] {dag.py:3954} INFO - Setting next_dagrun for example_python_decorator to None, run_after=None
[2026-05-09T19:29:45.086+0000] {processor.py:183} INFO - Processing /home/airflow/.local/lib/python3.12/site-packages/airflow/example_dags/example_python_decorator.py took 0.081 seconds
[2026-05-09T19:30:15.970+0000] {processor.py:161} INFO - Started process (PID=4501) to work on /home/airflow/.local/lib/python3.12/site-packages/airflow/example_dags/example_python_decorator.py
[2026-05-09T19:30:15.971+0000] {processor.py:830} INFO - Processing file /home/airflow/.local/lib/python3.12/site-packages/airflow/example_dags/example_python_decorator.py for tasks to queue
[2026-05-09T19:30:15.973+0000] {logging_mixin.py:188} INFO - [2026-05-09T19:30:15.973+0000] {dagbag.py:545} INFO - Filling up the DagBag from /home/airflow/.local/lib/python3.12/site-packages/airflow/example_dags/example_python_decorator.py
[2026-05-09T19:30:15.984+0000] {processor.py:840} INFO - DAG(s) 'example_python_decorator' retrieved from /home/airflow/.local/lib/python3.12/site-packages/airflow/example_dags/example_python_decorator.py
[2026-05-09T19:30:16.008+0000] {logging_mixin.py:188} INFO - [2026-05-09T19:30:16.007+0000] {dag.py:3096} INFO - Sync 1 DAGs
[2026-05-09T19:30:16.023+0000] {logging_mixin.py:188} INFO - [2026-05-09T19:30:16.022+0000] {dag.py:3954} INFO - Setting next_dagrun for example_python_decorator to None, run_after=None
[2026-05-09T19:30:16.049+0000] {processor.py:183} INFO - Processing /home/airflow/.local/lib/python3.12/site-packages/airflow/example_dags/example_python_decorator.py took 0.085 seconds
[2026-05-09T19:30:46.507+0000] {processor.py:161} INFO - Started process (PID=4560) to work on /home/airflow/.local/lib/python3.12/site-packages/airflow/example_dags/example_python_decorator.py
[2026-05-09T19:30:46.509+0000] {processor.py:830} INFO - Processing file /home/airflow/.local/lib/python3.12/site-packages/airflow/example_dags/example_python_decorator.py for tasks to queue
[2026-05-09T19:30:46.511+0000] {logging_mixin.py:188} INFO - [2026-05-09T19:30:46.510+0000] {dagbag.py:545} INFO - Filling up the DagBag from /home/airflow/.local/lib/python3.12/site-packages/airflow/example_dags/example_python_decorator.py
[2026-05-09T19:30:46.522+0000] {processor.py:840} INFO - DAG(s) 'example_python_decorator' retrieved from /home/airflow/.local/lib/python3.12/site-packages/airflow/example_dags/example_python_decorator.py
[2026-05-09T19:30:46.546+0000] {logging_mixin.py:188} INFO - [2026-05-09T19:30:46.546+0000] {dag.py:3096} INFO - Sync 1 DAGs
[2026-05-09T19:30:46.559+0000] {logging_mixin.py:188} INFO - [2026-05-09T19:30:46.559+0000] {dag.py:3954} INFO - Setting next_dagrun for example_python_decorator to None, run_after=None
[2026-05-09T19:30:46.583+0000] {processor.py:183} INFO - Processing /home/airflow/.local/lib/python3.12/site-packages/airflow/example_dags/example_python_decorator.py took 0.081 seconds
[2026-05-09T19:31:17.622+0000] {processor.py:161} INFO - Started process (PID=4619) to work on /home/airflow/.local/lib/python3.12/site-packages/airflow/example_dags/example_python_decorator.py
[2026-05-09T19:31:17.623+0000] {processor.py:830} INFO - Processing file /home/airflow/.local/lib/python3.12/site-packages/airflow/example_dags/example_python_decorator.py for tasks to queue
[2026-05-09T19:31:17.625+0000] {logging_mixin.py:188} INFO - [2026-05-09T19:31:17.625+0000] {dagbag.py:545} INFO - Filling up the DagBag from /home/airflow/.local/lib/python3.12/site-packages/airflow/example_dags/example_python_decorator.py
[2026-05-09T19:31:17.636+0000] {processor.py:840} INFO - DAG(s) 'example_python_decorator' retrieved from /home/airflow/.local/lib/python3.12/site-packages/airflow/example_dags/example_python_decorator.py
[2026-05-09T19:31:17.659+0000] {logging_mixin.py:188} INFO - [2026-05-09T19:31:17.659+0000] {dag.py:3096} INFO - Sync 1 DAGs
[2026-05-09T19:31:17.673+0000] {logging_mixin.py:188} INFO - [2026-05-09T19:31:17.673+0000] {dag.py:3954} INFO - Setting next_dagrun for example_python_decorator to None, run_after=None
[2026-05-09T19:31:17.696+0000] {processor.py:183} INFO - Processing /home/airflow/.local/lib/python3.12/site-packages/airflow/example_dags/example_python_decorator.py took 0.080 seconds
[2026-05-09T19:31:48.381+0000] {processor.py:161} INFO - Started process (PID=4678) to work on /home/airflow/.local/lib/python3.12/site-packages/airflow/example_dags/example_python_decorator.py
[2026-05-09T19:31:48.382+0000] {processor.py:830} INFO - Processing file /home/airflow/.local/lib/python3.12/site-packages/airflow/example_dags/example_python_decorator.py for tasks to queue
[2026-05-09T19:31:48.384+0000] {logging_mixin.py:188} INFO - [2026-05-09T19:31:48.384+0000] {dagbag.py:545} INFO - Filling up the DagBag from /home/airflow/.local/lib/python3.12/site-packages/airflow/example_dags/example_python_decorator.py
[2026-05-09T19:31:48.396+0000] {processor.py:840} INFO - DAG(s) 'example_python_decorator' retrieved from /home/airflow/.local/lib/python3.12/site-packages/airflow/example_dags/example_python_decorator.py
[2026-05-09T19:31:48.419+0000] {logging_mixin.py:188} INFO - [2026-05-09T19:31:48.419+0000] {dag.py:3096} INFO - Sync 1 DAGs
[2026-05-09T19:31:48.431+0000] {logging_mixin.py:188} INFO - [2026-05-09T19:31:48.431+0000] {dag.py:3954} INFO - Setting next_dagrun for example_python_decorator to None, run_after=None
[2026-05-09T19:31:48.454+0000] {processor.py:183} INFO - Processing /home/airflow/.local/lib/python3.12/site-packages/airflow/example_dags/example_python_decorator.py took 0.078 seconds
[2026-05-09T19:32:19.608+0000] {processor.py:161} INFO - Started process (PID=4737) to work on /home/airflow/.local/lib/python3.12/site-packages/airflow/example_dags/example_python_decorator.py
[2026-05-09T19:32:19.609+0000] {processor.py:830} INFO - Processing file /home/airflow/.local/lib/python3.12/site-packages/airflow/example_dags/example_python_decorator.py for tasks to queue
[2026-05-09T19:32:19.612+0000] {logging_mixin.py:188} INFO - [2026-05-09T19:32:19.611+0000] {dagbag.py:545} INFO - Filling up the DagBag from /home/airflow/.local/lib/python3.12/site-packages/airflow/example_dags/example_python_decorator.py
[2026-05-09T19:32:19.625+0000] {processor.py:840} INFO - DAG(s) 'example_python_decorator' retrieved from /home/airflow/.local/lib/python3.12/site-packages/airflow/example_dags/example_python_decorator.py
[2026-05-09T19:32:19.656+0000] {logging_mixin.py:188} INFO - [2026-05-09T19:32:19.656+0000] {dag.py:3096} INFO - Sync 1 DAGs
[2026-05-09T19:32:19.670+0000] {logging_mixin.py:188} INFO - [2026-05-09T19:32:19.670+0000] {dag.py:3954} INFO - Setting next_dagrun for example_python_decorator to None, run_after=None
[2026-05-09T19:32:19.697+0000] {processor.py:183} INFO - Processing /home/airflow/.local/lib/python3.12/site-packages/airflow/example_dags/example_python_decorator.py took 0.096 seconds
[2026-05-09T19:32:50.434+0000] {processor.py:161} INFO - Started process (PID=4797) to work on /home/airflow/.local/lib/python3.12/site-packages/airflow/example_dags/example_python_decorator.py
[2026-05-09T19:32:50.435+0000] {processor.py:830} INFO - Processing file /home/airflow/.local/lib/python3.12/site-packages/airflow/example_dags/example_python_decorator.py for tasks to queue
[2026-05-09T19:32:50.438+0000] {logging_mixin.py:188} INFO - [2026-05-09T19:32:50.437+0000] {dagbag.py:545} INFO - Filling up the DagBag from /home/airflow/.local/lib/python3.12/site-packages/airflow/example_dags/example_python_decorator.py
[2026-05-09T19:32:50.451+0000] {processor.py:840} INFO - DAG(s) 'example_python_decorator' retrieved from /home/airflow/.local/lib/python3.12/site-packages/airflow/example_dags/example_python_decorator.py
[2026-05-09T19:32:50.481+0000] {logging_mixin.py:188} INFO - [2026-05-09T19:32:50.480+0000] {dag.py:3096} INFO - Sync 1 DAGs
[2026-05-09T19:32:50.496+0000] {logging_mixin.py:188} INFO - [2026-05-09T19:32:50.496+0000] {dag.py:3954} INFO - Setting next_dagrun for example_python_decorator to None, run_after=None
[2026-05-09T19:32:50.522+0000] {processor.py:183} INFO - Processing /home/airflow/.local/lib/python3.12/site-packages/airflow/example_dags/example_python_decorator.py took 0.093 seconds
[2026-05-09T19:33:21.990+0000] {processor.py:161} INFO - Started process (PID=4856) to work on /home/airflow/.local/lib/python3.12/site-packages/airflow/example_dags/example_python_decorator.py
[2026-05-09T19:33:21.991+0000] {processor.py:830} INFO - Processing file /home/airflow/.local/lib/python3.12/site-packages/airflow/example_dags/example_python_decorator.py for tasks to queue
[2026-05-09T19:33:21.994+0000] {logging_mixin.py:188} INFO - [2026-05-09T19:33:21.994+0000] {dagbag.py:545} INFO - Filling up the DagBag from /home/airflow/.local/lib/python3.12/site-packages/airflow/example_dags/example_python_decorator.py
[2026-05-09T19:33:22.013+0000] {processor.py:840} INFO - DAG(s) 'example_python_decorator' retrieved from /home/airflow/.local/lib/python3.12/site-packages/airflow/example_dags/example_python_decorator.py
[2026-05-09T19:33:22.053+0000] {logging_mixin.py:188} INFO - [2026-05-09T19:33:22.052+0000] {dag.py:3096} INFO - Sync 1 DAGs
[2026-05-09T19:33:22.076+0000] {logging_mixin.py:188} INFO - [2026-05-09T19:33:22.075+0000] {dag.py:3954} INFO - Setting next_dagrun for example_python_decorator to None, run_after=None
[2026-05-09T19:33:22.116+0000] {processor.py:183} INFO - Processing /home/airflow/.local/lib/python3.12/site-packages/airflow/example_dags/example_python_decorator.py took 0.133 seconds
[2026-05-09T19:33:52.377+0000] {processor.py:161} INFO - Started process (PID=4915) to work on /home/airflow/.local/lib/python3.12/site-packages/airflow/example_dags/example_python_decorator.py
[2026-05-09T19:33:52.379+0000] {processor.py:830} INFO - Processing file /home/airflow/.local/lib/python3.12/site-packages/airflow/example_dags/example_python_decorator.py for tasks to queue
[2026-05-09T19:33:52.382+0000] {logging_mixin.py:188} INFO - [2026-05-09T19:33:52.381+0000] {dagbag.py:545} INFO - Filling up the DagBag from /home/airflow/.local/lib/python3.12/site-packages/airflow/example_dags/example_python_decorator.py
[2026-05-09T19:33:52.394+0000] {processor.py:840} INFO - DAG(s) 'example_python_decorator' retrieved from /home/airflow/.local/lib/python3.12/site-packages/airflow/example_dags/example_python_decorator.py
[2026-05-09T19:33:52.417+0000] {logging_mixin.py:188} INFO - [2026-05-09T19:33:52.417+0000] {dag.py:3096} INFO - Sync 1 DAGs
[2026-05-09T19:33:52.430+0000] {logging_mixin.py:188} INFO - [2026-05-09T19:33:52.430+0000] {dag.py:3954} INFO - Setting next_dagrun for example_python_decorator to None, run_after=None
[2026-05-09T19:33:52.455+0000] {processor.py:183} INFO - Processing /home/airflow/.local/lib/python3.12/site-packages/airflow/example_dags/example_python_decorator.py took 0.084 seconds
[2026-05-09T19:34:22.570+0000] {processor.py:161} INFO - Started process (PID=4974) to work on /home/airflow/.local/lib/python3.12/site-packages/airflow/example_dags/example_python_decorator.py
[2026-05-09T19:34:22.571+0000] {processor.py:830} INFO - Processing file /home/airflow/.local/lib/python3.12/site-packages/airflow/example_dags/example_python_decorator.py for tasks to queue
[2026-05-09T19:34:22.574+0000] {logging_mixin.py:188} INFO - [2026-05-09T19:34:22.573+0000] {dagbag.py:545} INFO - Filling up the DagBag from /home/airflow/.local/lib/python3.12/site-packages/airflow/example_dags/example_python_decorator.py
[2026-05-09T19:34:22.586+0000] {processor.py:840} INFO - DAG(s) 'example_python_decorator' retrieved from /home/airflow/.local/lib/python3.12/site-packages/airflow/example_dags/example_python_decorator.py
[2026-05-09T19:34:22.611+0000] {logging_mixin.py:188} INFO - [2026-05-09T19:34:22.611+0000] {dag.py:3096} INFO - Sync 1 DAGs
[2026-05-09T19:34:22.625+0000] {logging_mixin.py:188} INFO - [2026-05-09T19:34:22.624+0000] {dag.py:3954} INFO - Setting next_dagrun for example_python_decorator to None, run_after=None
[2026-05-09T19:34:22.653+0000] {processor.py:183} INFO - Processing /home/airflow/.local/lib/python3.12/site-packages/airflow/example_dags/example_python_decorator.py took 0.090 seconds
[2026-05-09T19:34:53.745+0000] {processor.py:161} INFO - Started process (PID=5033) to work on /home/airflow/.local/lib/python3.12/site-packages/airflow/example_dags/example_python_decorator.py
[2026-05-09T19:34:53.747+0000] {processor.py:830} INFO - Processing file /home/airflow/.local/lib/python3.12/site-packages/airflow/example_dags/example_python_decorator.py for tasks to queue
[2026-05-09T19:34:53.749+0000] {logging_mixin.py:188} INFO - [2026-05-09T19:34:53.749+0000] {dagbag.py:545} INFO - Filling up the DagBag from /home/airflow/.local/lib/python3.12/site-packages/airflow/example_dags/example_python_decorator.py
[2026-05-09T19:34:53.765+0000] {processor.py:840} INFO - DAG(s) 'example_python_decorator' retrieved from /home/airflow/.local/lib/python3.12/site-packages/airflow/example_dags/example_python_decorator.py
[2026-05-09T19:34:53.798+0000] {logging_mixin.py:188} INFO - [2026-05-09T19:34:53.798+0000] {dag.py:3096} INFO - Sync 1 DAGs
[2026-05-09T19:34:53.812+0000] {logging_mixin.py:188} INFO - [2026-05-09T19:34:53.812+0000] {dag.py:3954} INFO - Setting next_dagrun for example_python_decorator to None, run_after=None
[2026-05-09T19:34:53.845+0000] {processor.py:183} INFO - Processing /home/airflow/.local/lib/python3.12/site-packages/airflow/example_dags/example_python_decorator.py took 0.107 seconds
[2026-05-09T19:35:24.953+0000] {processor.py:161} INFO - Started process (PID=5093) to work on /home/airflow/.local/lib/python3.12/site-packages/airflow/example_dags/example_python_decorator.py
[2026-05-09T19:35:24.955+0000] {processor.py:830} INFO - Processing file /home/airflow/.local/lib/python3.12/site-packages/airflow/example_dags/example_python_decorator.py for tasks to queue
[2026-05-09T19:35:24.959+0000] {logging_mixin.py:188} INFO - [2026-05-09T19:35:24.959+0000] {dagbag.py:545} INFO - Filling up the DagBag from /home/airflow/.local/lib/python3.12/site-packages/airflow/example_dags/example_python_decorator.py
[2026-05-09T19:35:24.977+0000] {processor.py:840} INFO - DAG(s) 'example_python_decorator' retrieved from /home/airflow/.local/lib/python3.12/site-packages/airflow/example_dags/example_python_decorator.py
[2026-05-09T19:35:25.008+0000] {logging_mixin.py:188} INFO - [2026-05-09T19:35:25.007+0000] {dag.py:3096} INFO - Sync 1 DAGs
[2026-05-09T19:35:25.025+0000] {logging_mixin.py:188} INFO - [2026-05-09T19:35:25.025+0000] {dag.py:3954} INFO - Setting next_dagrun for example_python_decorator to None, run_after=None
[2026-05-09T19:35:25.064+0000] {processor.py:183} INFO - Processing /home/airflow/.local/lib/python3.12/site-packages/airflow/example_dags/example_python_decorator.py took 0.118 seconds
[2026-05-09T19:35:55.486+0000] {processor.py:161} INFO - Started process (PID=5152) to work on /home/airflow/.local/lib/python3.12/site-packages/airflow/example_dags/example_python_decorator.py
[2026-05-09T19:35:55.488+0000] {processor.py:830} INFO - Processing file /home/airflow/.local/lib/python3.12/site-packages/airflow/example_dags/example_python_decorator.py for tasks to queue
[2026-05-09T19:35:55.490+0000] {logging_mixin.py:188} INFO - [2026-05-09T19:35:55.490+0000] {dagbag.py:545} INFO - Filling up the DagBag from /home/airflow/.local/lib/python3.12/site-packages/airflow/example_dags/example_python_decorator.py
[2026-05-09T19:35:55.505+0000] {processor.py:840} INFO - DAG(s) 'example_python_decorator' retrieved from /home/airflow/.local/lib/python3.12/site-packages/airflow/example_dags/example_python_decorator.py
[2026-05-09T19:35:55.529+0000] {logging_mixin.py:188} INFO - [2026-05-09T19:35:55.529+0000] {dag.py:3096} INFO - Sync 1 DAGs
[2026-05-09T19:35:55.542+0000] {logging_mixin.py:188} INFO - [2026-05-09T19:35:55.542+0000] {dag.py:3954} INFO - Setting next_dagrun for example_python_decorator to None, run_after=None
[2026-05-09T19:35:55.565+0000] {processor.py:183} INFO - Processing /home/airflow/.local/lib/python3.12/site-packages/airflow/example_dags/example_python_decorator.py took 0.085 seconds
[2026-05-09T19:36:26.503+0000] {processor.py:161} INFO - Started process (PID=5211) to work on /home/airflow/.local/lib/python3.12/site-packages/airflow/example_dags/example_python_decorator.py
[2026-05-09T19:36:26.504+0000] {processor.py:830} INFO - Processing file /home/airflow/.local/lib/python3.12/site-packages/airflow/example_dags/example_python_decorator.py for tasks to queue
[2026-05-09T19:36:26.506+0000] {logging_mixin.py:188} INFO - [2026-05-09T19:36:26.506+0000] {dagbag.py:545} INFO - Filling up the DagBag from /home/airflow/.local/lib/python3.12/site-packages/airflow/example_dags/example_python_decorator.py
[2026-05-09T19:36:26.519+0000] {processor.py:840} INFO - DAG(s) 'example_python_decorator' retrieved from /home/airflow/.local/lib/python3.12/site-packages/airflow/example_dags/example_python_decorator.py
[2026-05-09T19:36:26.546+0000] {logging_mixin.py:188} INFO - [2026-05-09T19:36:26.545+0000] {dag.py:3096} INFO - Sync 1 DAGs
[2026-05-09T19:36:26.558+0000] {logging_mixin.py:188} INFO - [2026-05-09T19:36:26.558+0000] {dag.py:3954} INFO - Setting next_dagrun for example_python_decorator to None, run_after=None
[2026-05-09T19:36:26.586+0000] {processor.py:183} INFO - Processing /home/airflow/.local/lib/python3.12/site-packages/airflow/example_dags/example_python_decorator.py took 0.089 seconds
[2026-05-09T19:36:57.569+0000] {processor.py:161} INFO - Started process (PID=5270) to work on /home/airflow/.local/lib/python3.12/site-packages/airflow/example_dags/example_python_decorator.py
[2026-05-09T19:36:57.570+0000] {processor.py:830} INFO - Processing file /home/airflow/.local/lib/python3.12/site-packages/airflow/example_dags/example_python_decorator.py for tasks to queue
[2026-05-09T19:36:57.573+0000] {logging_mixin.py:188} INFO - [2026-05-09T19:36:57.573+0000] {dagbag.py:545} INFO - Filling up the DagBag from /home/airflow/.local/lib/python3.12/site-packages/airflow/example_dags/example_python_decorator.py
[2026-05-09T19:36:57.591+0000] {processor.py:840} INFO - DAG(s) 'example_python_decorator' retrieved from /home/airflow/.local/lib/python3.12/site-packages/airflow/example_dags/example_python_decorator.py
[2026-05-09T19:36:57.622+0000] {logging_mixin.py:188} INFO - [2026-05-09T19:36:57.622+0000] {dag.py:3096} INFO - Sync 1 DAGs
[2026-05-09T19:36:57.639+0000] {logging_mixin.py:188} INFO - [2026-05-09T19:36:57.638+0000] {dag.py:3954} INFO - Setting next_dagrun for example_python_decorator to None, run_after=None
[2026-05-09T19:36:57.671+0000] {processor.py:183} INFO - Processing /home/airflow/.local/lib/python3.12/site-packages/airflow/example_dags/example_python_decorator.py took 0.109 seconds
[2026-05-09T19:37:28.541+0000] {processor.py:161} INFO - Started process (PID=5329) to work on /home/airflow/.local/lib/python3.12/site-packages/airflow/example_dags/example_python_decorator.py
[2026-05-09T19:37:28.543+0000] {processor.py:830} INFO - Processing file /home/airflow/.local/lib/python3.12/site-packages/airflow/example_dags/example_python_decorator.py for tasks to queue
[2026-05-09T19:37:28.545+0000] {logging_mixin.py:188} INFO - [2026-05-09T19:37:28.544+0000] {dagbag.py:545} INFO - Filling up the DagBag from /home/airflow/.local/lib/python3.12/site-packages/airflow/example_dags/example_python_decorator.py
[2026-05-09T19:37:28.559+0000] {processor.py:840} INFO - DAG(s) 'example_python_decorator' retrieved from /home/airflow/.local/lib/python3.12/site-packages/airflow/example_dags/example_python_decorator.py
[2026-05-09T19:37:28.582+0000] {logging_mixin.py:188} INFO - [2026-05-09T19:37:28.582+0000] {dag.py:3096} INFO - Sync 1 DAGs
[2026-05-09T19:37:28.594+0000] {logging_mixin.py:188} INFO - [2026-05-09T19:37:28.594+0000] {dag.py:3954} INFO - Setting next_dagrun for example_python_decorator to None, run_after=None
[2026-05-09T19:37:28.618+0000] {processor.py:183} INFO - Processing /home/airflow/.local/lib/python3.12/site-packages/airflow/example_dags/example_python_decorator.py took 0.081 seconds
[2026-05-09T19:37:59.385+0000] {processor.py:161} INFO - Started process (PID=5388) to work on /home/airflow/.local/lib/python3.12/site-packages/airflow/example_dags/example_python_decorator.py
[2026-05-09T19:37:59.386+0000] {processor.py:830} INFO - Processing file /home/airflow/.local/lib/python3.12/site-packages/airflow/example_dags/example_python_decorator.py for tasks to queue
[2026-05-09T19:37:59.389+0000] {logging_mixin.py:188} INFO - [2026-05-09T19:37:59.388+0000] {dagbag.py:545} INFO - Filling up the DagBag from /home/airflow/.local/lib/python3.12/site-packages/airflow/example_dags/example_python_decorator.py
[2026-05-09T19:37:59.400+0000] {processor.py:840} INFO - DAG(s) 'example_python_decorator' retrieved from /home/airflow/.local/lib/python3.12/site-packages/airflow/example_dags/example_python_decorator.py
[2026-05-09T19:37:59.423+0000] {logging_mixin.py:188} INFO - [2026-05-09T19:37:59.422+0000] {dag.py:3096} INFO - Sync 1 DAGs
[2026-05-09T19:37:59.436+0000] {logging_mixin.py:188} INFO - [2026-05-09T19:37:59.436+0000] {dag.py:3954} INFO - Setting next_dagrun for example_python_decorator to None, run_after=None
[2026-05-09T19:37:59.464+0000] {processor.py:183} INFO - Processing /home/airflow/.local/lib/python3.12/site-packages/airflow/example_dags/example_python_decorator.py took 0.084 seconds
[2026-05-09T19:38:29.898+0000] {processor.py:161} INFO - Started process (PID=5447) to work on /home/airflow/.local/lib/python3.12/site-packages/airflow/example_dags/example_python_decorator.py
[2026-05-09T19:38:29.899+0000] {processor.py:830} INFO - Processing file /home/airflow/.local/lib/python3.12/site-packages/airflow/example_dags/example_python_decorator.py for tasks to queue
[2026-05-09T19:38:29.901+0000] {logging_mixin.py:188} INFO - [2026-05-09T19:38:29.900+0000] {dagbag.py:545} INFO - Filling up the DagBag from /home/airflow/.local/lib/python3.12/site-packages/airflow/example_dags/example_python_decorator.py
[2026-05-09T19:38:29.912+0000] {processor.py:840} INFO - DAG(s) 'example_python_decorator' retrieved from /home/airflow/.local/lib/python3.12/site-packages/airflow/example_dags/example_python_decorator.py
[2026-05-09T19:38:29.938+0000] {logging_mixin.py:188} INFO - [2026-05-09T19:38:29.938+0000] {dag.py:3096} INFO - Sync 1 DAGs
[2026-05-09T19:38:29.950+0000] {logging_mixin.py:188} INFO - [2026-05-09T19:38:29.950+0000] {dag.py:3954} INFO - Setting next_dagrun for example_python_decorator to None, run_after=None
[2026-05-09T19:38:29.976+0000] {processor.py:183} INFO - Processing /home/airflow/.local/lib/python3.12/site-packages/airflow/example_dags/example_python_decorator.py took 0.084 seconds
[2026-05-09T19:39:00.516+0000] {processor.py:161} INFO - Started process (PID=5506) to work on /home/airflow/.local/lib/python3.12/site-packages/airflow/example_dags/example_python_decorator.py
[2026-05-09T19:39:00.517+0000] {processor.py:830} INFO - Processing file /home/airflow/.local/lib/python3.12/site-packages/airflow/example_dags/example_python_decorator.py for tasks to queue
[2026-05-09T19:39:00.519+0000] {logging_mixin.py:188} INFO - [2026-05-09T19:39:00.519+0000] {dagbag.py:545} INFO - Filling up the DagBag from /home/airflow/.local/lib/python3.12/site-packages/airflow/example_dags/example_python_decorator.py
[2026-05-09T19:39:00.530+0000] {processor.py:840} INFO - DAG(s) 'example_python_decorator' retrieved from /home/airflow/.local/lib/python3.12/site-packages/airflow/example_dags/example_python_decorator.py
[2026-05-09T19:39:00.552+0000] {logging_mixin.py:188} INFO - [2026-05-09T19:39:00.552+0000] {dag.py:3096} INFO - Sync 1 DAGs
[2026-05-09T19:39:00.565+0000] {logging_mixin.py:188} INFO - [2026-05-09T19:39:00.565+0000] {dag.py:3954} INFO - Setting next_dagrun for example_python_decorator to None, run_after=None
[2026-05-09T19:39:00.589+0000] {processor.py:183} INFO - Processing /home/airflow/.local/lib/python3.12/site-packages/airflow/example_dags/example_python_decorator.py took 0.078 seconds
[2026-05-09T19:39:31.365+0000] {processor.py:161} INFO - Started process (PID=5565) to work on /home/airflow/.local/lib/python3.12/site-packages/airflow/example_dags/example_python_decorator.py
[2026-05-09T19:39:31.367+0000] {processor.py:830} INFO - Processing file /home/airflow/.local/lib/python3.12/site-packages/airflow/example_dags/example_python_decorator.py for tasks to queue
[2026-05-09T19:39:31.369+0000] {logging_mixin.py:188} INFO - [2026-05-09T19:39:31.368+0000] {dagbag.py:545} INFO - Filling up the DagBag from /home/airflow/.local/lib/python3.12/site-packages/airflow/example_dags/example_python_decorator.py
[2026-05-09T19:39:31.379+0000] {processor.py:840} INFO - DAG(s) 'example_python_decorator' retrieved from /home/airflow/.local/lib/python3.12/site-packages/airflow/example_dags/example_python_decorator.py
[2026-05-09T19:39:31.403+0000] {logging_mixin.py:188} INFO - [2026-05-09T19:39:31.402+0000] {dag.py:3096} INFO - Sync 1 DAGs
[2026-05-09T19:39:31.415+0000] {logging_mixin.py:188} INFO - [2026-05-09T19:39:31.415+0000] {dag.py:3954} INFO - Setting next_dagrun for example_python_decorator to None, run_after=None
[2026-05-09T19:39:31.440+0000] {processor.py:183} INFO - Processing /home/airflow/.local/lib/python3.12/site-packages/airflow/example_dags/example_python_decorator.py took 0.079 seconds
[2026-05-09T19:40:02.465+0000] {processor.py:161} INFO - Started process (PID=5624) to work on /home/airflow/.local/lib/python3.12/site-packages/airflow/example_dags/example_python_decorator.py
[2026-05-09T19:40:02.466+0000] {processor.py:830} INFO - Processing file /home/airflow/.local/lib/python3.12/site-packages/airflow/example_dags/example_python_decorator.py for tasks to queue
[2026-05-09T19:40:02.468+0000] {logging_mixin.py:188} INFO - [2026-05-09T19:40:02.467+0000] {dagbag.py:545} INFO - Filling up the DagBag from /home/airflow/.local/lib/python3.12/site-packages/airflow/example_dags/example_python_decorator.py
[2026-05-09T19:40:02.480+0000] {processor.py:840} INFO - DAG(s) 'example_python_decorator' retrieved from /home/airflow/.local/lib/python3.12/site-packages/airflow/example_dags/example_python_decorator.py
[2026-05-09T19:40:02.505+0000] {logging_mixin.py:188} INFO - [2026-05-09T19:40:02.505+0000] {dag.py:3096} INFO - Sync 1 DAGs
[2026-05-09T19:40:02.519+0000] {logging_mixin.py:188} INFO - [2026-05-09T19:40:02.518+0000] {dag.py:3954} INFO - Setting next_dagrun for example_python_decorator to None, run_after=None
[2026-05-09T19:40:02.719+0000] {processor.py:183} INFO - Processing /home/airflow/.local/lib/python3.12/site-packages/airflow/example_dags/example_python_decorator.py took 0.259 seconds
[2026-05-09T19:40:32.820+0000] {processor.py:161} INFO - Started process (PID=5683) to work on /home/airflow/.local/lib/python3.12/site-packages/airflow/example_dags/example_python_decorator.py
[2026-05-09T19:40:32.821+0000] {processor.py:830} INFO - Processing file /home/airflow/.local/lib/python3.12/site-packages/airflow/example_dags/example_python_decorator.py for tasks to queue
[2026-05-09T19:40:32.823+0000] {logging_mixin.py:188} INFO - [2026-05-09T19:40:32.823+0000] {dagbag.py:545} INFO - Filling up the DagBag from /home/airflow/.local/lib/python3.12/site-packages/airflow/example_dags/example_python_decorator.py
[2026-05-09T19:40:32.836+0000] {processor.py:840} INFO - DAG(s) 'example_python_decorator' retrieved from /home/airflow/.local/lib/python3.12/site-packages/airflow/example_dags/example_python_decorator.py
[2026-05-09T19:40:32.862+0000] {logging_mixin.py:188} INFO - [2026-05-09T19:40:32.862+0000] {dag.py:3096} INFO - Sync 1 DAGs
[2026-05-09T19:40:32.876+0000] {logging_mixin.py:188} INFO - [2026-05-09T19:40:32.876+0000] {dag.py:3954} INFO - Setting next_dagrun for example_python_decorator to None, run_after=None
[2026-05-09T19:40:32.902+0000] {processor.py:183} INFO - Processing /home/airflow/.local/lib/python3.12/site-packages/airflow/example_dags/example_python_decorator.py took 0.088 seconds
[2026-05-09T19:41:04.133+0000] {processor.py:161} INFO - Started process (PID=5742) to work on /home/airflow/.local/lib/python3.12/site-packages/airflow/example_dags/example_python_decorator.py
[2026-05-09T19:41:04.135+0000] {processor.py:830} INFO - Processing file /home/airflow/.local/lib/python3.12/site-packages/airflow/example_dags/example_python_decorator.py for tasks to queue
[2026-05-09T19:41:04.137+0000] {logging_mixin.py:188} INFO - [2026-05-09T19:41:04.136+0000] {dagbag.py:545} INFO - Filling up the DagBag from /home/airflow/.local/lib/python3.12/site-packages/airflow/example_dags/example_python_decorator.py
[2026-05-09T19:41:04.148+0000] {processor.py:840} INFO - DAG(s) 'example_python_decorator' retrieved from /home/airflow/.local/lib/python3.12/site-packages/airflow/example_dags/example_python_decorator.py
[2026-05-09T19:41:04.172+0000] {logging_mixin.py:188} INFO - [2026-05-09T19:41:04.171+0000] {dag.py:3096} INFO - Sync 1 DAGs
[2026-05-09T19:41:04.184+0000] {logging_mixin.py:188} INFO - [2026-05-09T19:41:04.183+0000] {dag.py:3954} INFO - Setting next_dagrun for example_python_decorator to None, run_after=None
[2026-05-09T19:41:04.228+0000] {processor.py:183} INFO - Processing /home/airflow/.local/lib/python3.12/site-packages/airflow/example_dags/example_python_decorator.py took 0.100 seconds
[2026-05-09T19:41:34.856+0000] {processor.py:161} INFO - Started process (PID=5801) to work on /home/airflow/.local/lib/python3.12/site-packages/airflow/example_dags/example_python_decorator.py
[2026-05-09T19:41:34.857+0000] {processor.py:830} INFO - Processing file /home/airflow/.local/lib/python3.12/site-packages/airflow/example_dags/example_python_decorator.py for tasks to queue
[2026-05-09T19:41:34.859+0000] {logging_mixin.py:188} INFO - [2026-05-09T19:41:34.858+0000] {dagbag.py:545} INFO - Filling up the DagBag from /home/airflow/.local/lib/python3.12/site-packages/airflow/example_dags/example_python_decorator.py
[2026-05-09T19:41:34.871+0000] {processor.py:840} INFO - DAG(s) 'example_python_decorator' retrieved from /home/airflow/.local/lib/python3.12/site-packages/airflow/example_dags/example_python_decorator.py
[2026-05-09T19:41:34.897+0000] {logging_mixin.py:188} INFO - [2026-05-09T19:41:34.897+0000] {dag.py:3096} INFO - Sync 1 DAGs
[2026-05-09T19:41:34.909+0000] {logging_mixin.py:188} INFO - [2026-05-09T19:41:34.909+0000] {dag.py:3954} INFO - Setting next_dagrun for example_python_decorator to None, run_after=None
[2026-05-09T19:41:34.934+0000] {processor.py:183} INFO - Processing /home/airflow/.local/lib/python3.12/site-packages/airflow/example_dags/example_python_decorator.py took 0.084 seconds
[2026-05-09T19:42:05.370+0000] {processor.py:161} INFO - Started process (PID=5860) to work on /home/airflow/.local/lib/python3.12/site-packages/airflow/example_dags/example_python_decorator.py
[2026-05-09T19:42:05.371+0000] {processor.py:830} INFO - Processing file /home/airflow/.local/lib/python3.12/site-packages/airflow/example_dags/example_python_decorator.py for tasks to queue
[2026-05-09T19:42:05.374+0000] {logging_mixin.py:188} INFO - [2026-05-09T19:42:05.373+0000] {dagbag.py:545} INFO - Filling up the DagBag from /home/airflow/.local/lib/python3.12/site-packages/airflow/example_dags/example_python_decorator.py
[2026-05-09T19:42:05.385+0000] {processor.py:840} INFO - DAG(s) 'example_python_decorator' retrieved from /home/airflow/.local/lib/python3.12/site-packages/airflow/example_dags/example_python_decorator.py
[2026-05-09T19:42:05.408+0000] {logging_mixin.py:188} INFO - [2026-05-09T19:42:05.407+0000] {dag.py:3096} INFO - Sync 1 DAGs
[2026-05-09T19:42:05.419+0000] {logging_mixin.py:188} INFO - [2026-05-09T19:42:05.419+0000] {dag.py:3954} INFO - Setting next_dagrun for example_python_decorator to None, run_after=None
[2026-05-09T19:42:05.444+0000] {processor.py:183} INFO - Processing /home/airflow/.local/lib/python3.12/site-packages/airflow/example_dags/example_python_decorator.py took 0.079 seconds
[2026-05-09T19:42:38.254+0000] {processor.py:161} INFO - Started process (PID=5919) to work on /home/airflow/.local/lib/python3.12/site-packages/airflow/example_dags/example_python_decorator.py
[2026-05-09T19:42:38.255+0000] {processor.py:830} INFO - Processing file /home/airflow/.local/lib/python3.12/site-packages/airflow/example_dags/example_python_decorator.py for tasks to queue
[2026-05-09T19:42:38.257+0000] {logging_mixin.py:188} INFO - [2026-05-09T19:42:38.257+0000] {dagbag.py:545} INFO - Filling up the DagBag from /home/airflow/.local/lib/python3.12/site-packages/airflow/example_dags/example_python_decorator.py
[2026-05-09T19:42:38.271+0000] {processor.py:840} INFO - DAG(s) 'example_python_decorator' retrieved from /home/airflow/.local/lib/python3.12/site-packages/airflow/example_dags/example_python_decorator.py
[2026-05-09T19:42:38.299+0000] {logging_mixin.py:188} INFO - [2026-05-09T19:42:38.298+0000] {dag.py:3096} INFO - Sync 1 DAGs
[2026-05-09T19:42:38.312+0000] {logging_mixin.py:188} INFO - [2026-05-09T19:42:38.312+0000] {dag.py:3954} INFO - Setting next_dagrun for example_python_decorator to None, run_after=None
[2026-05-09T19:42:38.337+0000] {processor.py:183} INFO - Processing /home/airflow/.local/lib/python3.12/site-packages/airflow/example_dags/example_python_decorator.py took 0.089 seconds
[2026-05-09T19:43:08.847+0000] {processor.py:161} INFO - Started process (PID=5978) to work on /home/airflow/.local/lib/python3.12/site-packages/airflow/example_dags/example_python_decorator.py
[2026-05-09T19:43:08.848+0000] {processor.py:830} INFO - Processing file /home/airflow/.local/lib/python3.12/site-packages/airflow/example_dags/example_python_decorator.py for tasks to queue
[2026-05-09T19:43:08.851+0000] {logging_mixin.py:188} INFO - [2026-05-09T19:43:08.850+0000] {dagbag.py:545} INFO - Filling up the DagBag from /home/airflow/.local/lib/python3.12/site-packages/airflow/example_dags/example_python_decorator.py
[2026-05-09T19:43:08.864+0000] {processor.py:840} INFO - DAG(s) 'example_python_decorator' retrieved from /home/airflow/.local/lib/python3.12/site-packages/airflow/example_dags/example_python_decorator.py
[2026-05-09T19:43:08.887+0000] {logging_mixin.py:188} INFO - [2026-05-09T19:43:08.887+0000] {dag.py:3096} INFO - Sync 1 DAGs
[2026-05-09T19:43:08.900+0000] {logging_mixin.py:188} INFO - [2026-05-09T19:43:08.899+0000] {dag.py:3954} INFO - Setting next_dagrun for example_python_decorator to None, run_after=None
[2026-05-09T19:43:08.926+0000] {processor.py:183} INFO - Processing /home/airflow/.local/lib/python3.12/site-packages/airflow/example_dags/example_python_decorator.py took 0.085 seconds
[2026-05-09T19:43:39.525+0000] {processor.py:161} INFO - Started process (PID=6038) to work on /home/airflow/.local/lib/python3.12/site-packages/airflow/example_dags/example_python_decorator.py
[2026-05-09T19:43:39.526+0000] {processor.py:830} INFO - Processing file /home/airflow/.local/lib/python3.12/site-packages/airflow/example_dags/example_python_decorator.py for tasks to queue
[2026-05-09T19:43:39.528+0000] {logging_mixin.py:188} INFO - [2026-05-09T19:43:39.528+0000] {dagbag.py:545} INFO - Filling up the DagBag from /home/airflow/.local/lib/python3.12/site-packages/airflow/example_dags/example_python_decorator.py
[2026-05-09T19:43:39.540+0000] {processor.py:840} INFO - DAG(s) 'example_python_decorator' retrieved from /home/airflow/.local/lib/python3.12/site-packages/airflow/example_dags/example_python_decorator.py
[2026-05-09T19:43:39.566+0000] {logging_mixin.py:188} INFO - [2026-05-09T19:43:39.565+0000] {dag.py:3096} INFO - Sync 1 DAGs
[2026-05-09T19:43:39.579+0000] {logging_mixin.py:188} INFO - [2026-05-09T19:43:39.579+0000] {dag.py:3954} INFO - Setting next_dagrun for example_python_decorator to None, run_after=None
[2026-05-09T19:43:39.603+0000] {processor.py:183} INFO - Processing /home/airflow/.local/lib/python3.12/site-packages/airflow/example_dags/example_python_decorator.py took 0.083 seconds
[2026-05-09T19:44:10.041+0000] {processor.py:161} INFO - Started process (PID=6097) to work on /home/airflow/.local/lib/python3.12/site-packages/airflow/example_dags/example_python_decorator.py
[2026-05-09T19:44:10.042+0000] {processor.py:830} INFO - Processing file /home/airflow/.local/lib/python3.12/site-packages/airflow/example_dags/example_python_decorator.py for tasks to queue
[2026-05-09T19:44:10.044+0000] {logging_mixin.py:188} INFO - [2026-05-09T19:44:10.044+0000] {dagbag.py:545} INFO - Filling up the DagBag from /home/airflow/.local/lib/python3.12/site-packages/airflow/example_dags/example_python_decorator.py
[2026-05-09T19:44:10.056+0000] {processor.py:840} INFO - DAG(s) 'example_python_decorator' retrieved from /home/airflow/.local/lib/python3.12/site-packages/airflow/example_dags/example_python_decorator.py
[2026-05-09T19:44:10.084+0000] {logging_mixin.py:188} INFO - [2026-05-09T19:44:10.084+0000] {dag.py:3096} INFO - Sync 1 DAGs
[2026-05-09T19:44:10.097+0000] {logging_mixin.py:188} INFO - [2026-05-09T19:44:10.096+0000] {dag.py:3954} INFO - Setting next_dagrun for example_python_decorator to None, run_after=None
[2026-05-09T19:44:10.120+0000] {processor.py:183} INFO - Processing /home/airflow/.local/lib/python3.12/site-packages/airflow/example_dags/example_python_decorator.py took 0.085 seconds
[2026-05-09T19:44:41.157+0000] {processor.py:161} INFO - Started process (PID=6156) to work on /home/airflow/.local/lib/python3.12/site-packages/airflow/example_dags/example_python_decorator.py
[2026-05-09T19:44:41.158+0000] {processor.py:830} INFO - Processing file /home/airflow/.local/lib/python3.12/site-packages/airflow/example_dags/example_python_decorator.py for tasks to queue
[2026-05-09T19:44:41.161+0000] {logging_mixin.py:188} INFO - [2026-05-09T19:44:41.160+0000] {dagbag.py:545} INFO - Filling up the DagBag from /home/airflow/.local/lib/python3.12/site-packages/airflow/example_dags/example_python_decorator.py
[2026-05-09T19:44:41.174+0000] {processor.py:840} INFO - DAG(s) 'example_python_decorator' retrieved from /home/airflow/.local/lib/python3.12/site-packages/airflow/example_dags/example_python_decorator.py
[2026-05-09T19:44:41.199+0000] {logging_mixin.py:188} INFO - [2026-05-09T19:44:41.199+0000] {dag.py:3096} INFO - Sync 1 DAGs
[2026-05-09T19:44:41.212+0000] {logging_mixin.py:188} INFO - [2026-05-09T19:44:41.212+0000] {dag.py:3954} INFO - Setting next_dagrun for example_python_decorator to None, run_after=None
[2026-05-09T19:44:41.237+0000] {processor.py:183} INFO - Processing /home/airflow/.local/lib/python3.12/site-packages/airflow/example_dags/example_python_decorator.py took 0.085 seconds
[2026-05-09T19:45:12.032+0000] {processor.py:161} INFO - Started process (PID=6216) to work on /home/airflow/.local/lib/python3.12/site-packages/airflow/example_dags/example_python_decorator.py
[2026-05-09T19:45:12.033+0000] {processor.py:830} INFO - Processing file /home/airflow/.local/lib/python3.12/site-packages/airflow/example_dags/example_python_decorator.py for tasks to queue
[2026-05-09T19:45:12.036+0000] {logging_mixin.py:188} INFO - [2026-05-09T19:45:12.036+0000] {dagbag.py:545} INFO - Filling up the DagBag from /home/airflow/.local/lib/python3.12/site-packages/airflow/example_dags/example_python_decorator.py
[2026-05-09T19:45:12.049+0000] {processor.py:840} INFO - DAG(s) 'example_python_decorator' retrieved from /home/airflow/.local/lib/python3.12/site-packages/airflow/example_dags/example_python_decorator.py
[2026-05-09T19:45:12.077+0000] {logging_mixin.py:188} INFO - [2026-05-09T19:45:12.077+0000] {dag.py:3096} INFO - Sync 1 DAGs
[2026-05-09T19:45:12.091+0000] {logging_mixin.py:188} INFO - [2026-05-09T19:45:12.091+0000] {dag.py:3954} INFO - Setting next_dagrun for example_python_decorator to None, run_after=None
[2026-05-09T19:45:12.119+0000] {processor.py:183} INFO - Processing /home/airflow/.local/lib/python3.12/site-packages/airflow/example_dags/example_python_decorator.py took 0.096 seconds
[2026-05-09T19:45:42.916+0000] {processor.py:161} INFO - Started process (PID=6275) to work on /home/airflow/.local/lib/python3.12/site-packages/airflow/example_dags/example_python_decorator.py
[2026-05-09T19:45:42.917+0000] {processor.py:830} INFO - Processing file /home/airflow/.local/lib/python3.12/site-packages/airflow/example_dags/example_python_decorator.py for tasks to queue
[2026-05-09T19:45:42.919+0000] {logging_mixin.py:188} INFO - [2026-05-09T19:45:42.919+0000] {dagbag.py:545} INFO - Filling up the DagBag from /home/airflow/.local/lib/python3.12/site-packages/airflow/example_dags/example_python_decorator.py
[2026-05-09T19:45:42.931+0000] {processor.py:840} INFO - DAG(s) 'example_python_decorator' retrieved from /home/airflow/.local/lib/python3.12/site-packages/airflow/example_dags/example_python_decorator.py
[2026-05-09T19:45:42.956+0000] {logging_mixin.py:188} INFO - [2026-05-09T19:45:42.956+0000] {dag.py:3096} INFO - Sync 1 DAGs
[2026-05-09T19:45:42.969+0000] {logging_mixin.py:188} INFO - [2026-05-09T19:45:42.969+0000] {dag.py:3954} INFO - Setting next_dagrun for example_python_decorator to None, run_after=None
[2026-05-09T19:45:42.993+0000] {processor.py:183} INFO - Processing /home/airflow/.local/lib/python3.12/site-packages/airflow/example_dags/example_python_decorator.py took 0.083 seconds
[2026-05-09T19:46:13.576+0000] {processor.py:161} INFO - Started process (PID=6334) to work on /home/airflow/.local/lib/python3.12/site-packages/airflow/example_dags/example_python_decorator.py
[2026-05-09T19:46:13.577+0000] {processor.py:830} INFO - Processing file /home/airflow/.local/lib/python3.12/site-packages/airflow/example_dags/example_python_decorator.py for tasks to queue
[2026-05-09T19:46:13.580+0000] {logging_mixin.py:188} INFO - [2026-05-09T19:46:13.579+0000] {dagbag.py:545} INFO - Filling up the DagBag from /home/airflow/.local/lib/python3.12/site-packages/airflow/example_dags/example_python_decorator.py
[2026-05-09T19:46:13.592+0000] {processor.py:840} INFO - DAG(s) 'example_python_decorator' retrieved from /home/airflow/.local/lib/python3.12/site-packages/airflow/example_dags/example_python_decorator.py
[2026-05-09T19:46:13.616+0000] {logging_mixin.py:188} INFO - [2026-05-09T19:46:13.615+0000] {dag.py:3096} INFO - Sync 1 DAGs
[2026-05-09T19:46:13.628+0000] {logging_mixin.py:188} INFO - [2026-05-09T19:46:13.627+0000] {dag.py:3954} INFO - Setting next_dagrun for example_python_decorator to None, run_after=None
[2026-05-09T19:46:13.654+0000] {processor.py:183} INFO - Processing /home/airflow/.local/lib/python3.12/site-packages/airflow/example_dags/example_python_decorator.py took 0.084 seconds
[2026-05-09T19:46:43.976+0000] {processor.py:161} INFO - Started process (PID=6393) to work on /home/airflow/.local/lib/python3.12/site-packages/airflow/example_dags/example_python_decorator.py
[2026-05-09T19:46:43.978+0000] {processor.py:830} INFO - Processing file /home/airflow/.local/lib/python3.12/site-packages/airflow/example_dags/example_python_decorator.py for tasks to queue
[2026-05-09T19:46:43.980+0000] {logging_mixin.py:188} INFO - [2026-05-09T19:46:43.980+0000] {dagbag.py:545} INFO - Filling up the DagBag from /home/airflow/.local/lib/python3.12/site-packages/airflow/example_dags/example_python_decorator.py
[2026-05-09T19:46:43.993+0000] {processor.py:840} INFO - DAG(s) 'example_python_decorator' retrieved from /home/airflow/.local/lib/python3.12/site-packages/airflow/example_dags/example_python_decorator.py
[2026-05-09T19:46:44.019+0000] {logging_mixin.py:188} INFO - [2026-05-09T19:46:44.019+0000] {dag.py:3096} INFO - Sync 1 DAGs
[2026-05-09T19:46:44.033+0000] {logging_mixin.py:188} INFO - [2026-05-09T19:46:44.033+0000] {dag.py:3954} INFO - Setting next_dagrun for example_python_decorator to None, run_after=None
[2026-05-09T19:46:44.062+0000] {processor.py:183} INFO - Processing /home/airflow/.local/lib/python3.12/site-packages/airflow/example_dags/example_python_decorator.py took 0.092 seconds
[2026-05-09T19:47:14.678+0000] {processor.py:161} INFO - Started process (PID=6452) to work on /home/airflow/.local/lib/python3.12/site-packages/airflow/example_dags/example_python_decorator.py
[2026-05-09T19:47:14.679+0000] {processor.py:830} INFO - Processing file /home/airflow/.local/lib/python3.12/site-packages/airflow/example_dags/example_python_decorator.py for tasks to queue
[2026-05-09T19:47:14.681+0000] {logging_mixin.py:188} INFO - [2026-05-09T19:47:14.681+0000] {dagbag.py:545} INFO - Filling up the DagBag from /home/airflow/.local/lib/python3.12/site-packages/airflow/example_dags/example_python_decorator.py
[2026-05-09T19:47:14.693+0000] {processor.py:840} INFO - DAG(s) 'example_python_decorator' retrieved from /home/airflow/.local/lib/python3.12/site-packages/airflow/example_dags/example_python_decorator.py
[2026-05-09T19:47:14.719+0000] {logging_mixin.py:188} INFO - [2026-05-09T19:47:14.718+0000] {dag.py:3096} INFO - Sync 1 DAGs
[2026-05-09T19:47:14.732+0000] {logging_mixin.py:188} INFO - [2026-05-09T19:47:14.732+0000] {dag.py:3954} INFO - Setting next_dagrun for example_python_decorator to None, run_after=None
[2026-05-09T19:47:14.756+0000] {processor.py:183} INFO - Processing /home/airflow/.local/lib/python3.12/site-packages/airflow/example_dags/example_python_decorator.py took 0.083 seconds
[2026-05-09T19:47:45.038+0000] {processor.py:161} INFO - Started process (PID=6511) to work on /home/airflow/.local/lib/python3.12/site-packages/airflow/example_dags/example_python_decorator.py
[2026-05-09T19:47:45.039+0000] {processor.py:830} INFO - Processing file /home/airflow/.local/lib/python3.12/site-packages/airflow/example_dags/example_python_decorator.py for tasks to queue
[2026-05-09T19:47:45.041+0000] {logging_mixin.py:188} INFO - [2026-05-09T19:47:45.040+0000] {dagbag.py:545} INFO - Filling up the DagBag from /home/airflow/.local/lib/python3.12/site-packages/airflow/example_dags/example_python_decorator.py
[2026-05-09T19:47:45.053+0000] {processor.py:840} INFO - DAG(s) 'example_python_decorator' retrieved from /home/airflow/.local/lib/python3.12/site-packages/airflow/example_dags/example_python_decorator.py
[2026-05-09T19:47:45.077+0000] {logging_mixin.py:188} INFO - [2026-05-09T19:47:45.077+0000] {dag.py:3096} INFO - Sync 1 DAGs
[2026-05-09T19:47:45.091+0000] {logging_mixin.py:188} INFO - [2026-05-09T19:47:45.091+0000] {dag.py:3954} INFO - Setting next_dagrun for example_python_decorator to None, run_after=None
[2026-05-09T19:47:45.117+0000] {processor.py:183} INFO - Processing /home/airflow/.local/lib/python3.12/site-packages/airflow/example_dags/example_python_decorator.py took 0.084 seconds
[2026-05-09T19:48:15.471+0000] {processor.py:161} INFO - Started process (PID=6570) to work on /home/airflow/.local/lib/python3.12/site-packages/airflow/example_dags/example_python_decorator.py
[2026-05-09T19:48:15.472+0000] {processor.py:830} INFO - Processing file /home/airflow/.local/lib/python3.12/site-packages/airflow/example_dags/example_python_decorator.py for tasks to queue
[2026-05-09T19:48:15.474+0000] {logging_mixin.py:188} INFO - [2026-05-09T19:48:15.473+0000] {dagbag.py:545} INFO - Filling up the DagBag from /home/airflow/.local/lib/python3.12/site-packages/airflow/example_dags/example_python_decorator.py
[2026-05-09T19:48:15.487+0000] {processor.py:840} INFO - DAG(s) 'example_python_decorator' retrieved from /home/airflow/.local/lib/python3.12/site-packages/airflow/example_dags/example_python_decorator.py
[2026-05-09T19:48:15.514+0000] {logging_mixin.py:188} INFO - [2026-05-09T19:48:15.513+0000] {dag.py:3096} INFO - Sync 1 DAGs
[2026-05-09T19:48:15.528+0000] {logging_mixin.py:188} INFO - [2026-05-09T19:48:15.528+0000] {dag.py:3954} INFO - Setting next_dagrun for example_python_decorator to None, run_after=None
[2026-05-09T19:48:15.555+0000] {processor.py:183} INFO - Processing /home/airflow/.local/lib/python3.12/site-packages/airflow/example_dags/example_python_decorator.py took 0.091 seconds
[2026-05-09T19:48:46.337+0000] {processor.py:161} INFO - Started process (PID=6629) to work on /home/airflow/.local/lib/python3.12/site-packages/airflow/example_dags/example_python_decorator.py
[2026-05-09T19:48:46.339+0000] {processor.py:830} INFO - Processing file /home/airflow/.local/lib/python3.12/site-packages/airflow/example_dags/example_python_decorator.py for tasks to queue
[2026-05-09T19:48:46.341+0000] {logging_mixin.py:188} INFO - [2026-05-09T19:48:46.340+0000] {dagbag.py:545} INFO - Filling up the DagBag from /home/airflow/.local/lib/python3.12/site-packages/airflow/example_dags/example_python_decorator.py
[2026-05-09T19:48:46.353+0000] {processor.py:840} INFO - DAG(s) 'example_python_decorator' retrieved from /home/airflow/.local/lib/python3.12/site-packages/airflow/example_dags/example_python_decorator.py
[2026-05-09T19:48:46.377+0000] {logging_mixin.py:188} INFO - [2026-05-09T19:48:46.377+0000] {dag.py:3096} INFO - Sync 1 DAGs
[2026-05-09T19:48:46.391+0000] {logging_mixin.py:188} INFO - [2026-05-09T19:48:46.391+0000] {dag.py:3954} INFO - Setting next_dagrun for example_python_decorator to None, run_after=None
[2026-05-09T19:48:46.414+0000] {processor.py:183} INFO - Processing /home/airflow/.local/lib/python3.12/site-packages/airflow/example_dags/example_python_decorator.py took 0.082 seconds
[2026-05-09T19:49:17.897+0000] {processor.py:161} INFO - Started process (PID=6689) to work on /home/airflow/.local/lib/python3.12/site-packages/airflow/example_dags/example_python_decorator.py
[2026-05-09T19:49:17.898+0000] {processor.py:830} INFO - Processing file /home/airflow/.local/lib/python3.12/site-packages/airflow/example_dags/example_python_decorator.py for tasks to queue
[2026-05-09T19:49:17.900+0000] {logging_mixin.py:188} INFO - [2026-05-09T19:49:17.900+0000] {dagbag.py:545} INFO - Filling up the DagBag from /home/airflow/.local/lib/python3.12/site-packages/airflow/example_dags/example_python_decorator.py
[2026-05-09T19:49:17.915+0000] {processor.py:840} INFO - DAG(s) 'example_python_decorator' retrieved from /home/airflow/.local/lib/python3.12/site-packages/airflow/example_dags/example_python_decorator.py
[2026-05-09T19:49:17.946+0000] {logging_mixin.py:188} INFO - [2026-05-09T19:49:17.946+0000] {dag.py:3096} INFO - Sync 1 DAGs
[2026-05-09T19:49:17.962+0000] {logging_mixin.py:188} INFO - [2026-05-09T19:49:17.962+0000] {dag.py:3954} INFO - Setting next_dagrun for example_python_decorator to None, run_after=None
[2026-05-09T19:49:17.995+0000] {processor.py:183} INFO - Processing /home/airflow/.local/lib/python3.12/site-packages/airflow/example_dags/example_python_decorator.py took 0.104 seconds
[2026-05-09T19:49:48.261+0000] {processor.py:161} INFO - Started process (PID=6748) to work on /home/airflow/.local/lib/python3.12/site-packages/airflow/example_dags/example_python_decorator.py
[2026-05-09T19:49:48.263+0000] {processor.py:830} INFO - Processing file /home/airflow/.local/lib/python3.12/site-packages/airflow/example_dags/example_python_decorator.py for tasks to queue
[2026-05-09T19:49:48.266+0000] {logging_mixin.py:188} INFO - [2026-05-09T19:49:48.266+0000] {dagbag.py:545} INFO - Filling up the DagBag from /home/airflow/.local/lib/python3.12/site-packages/airflow/example_dags/example_python_decorator.py
[2026-05-09T19:49:48.281+0000] {processor.py:840} INFO - DAG(s) 'example_python_decorator' retrieved from /home/airflow/.local/lib/python3.12/site-packages/airflow/example_dags/example_python_decorator.py
[2026-05-09T19:49:48.310+0000] {logging_mixin.py:188} INFO - [2026-05-09T19:49:48.310+0000] {dag.py:3096} INFO - Sync 1 DAGs
[2026-05-09T19:49:48.326+0000] {logging_mixin.py:188} INFO - [2026-05-09T19:49:48.325+0000] {dag.py:3954} INFO - Setting next_dagrun for example_python_decorator to None, run_after=None
[2026-05-09T19:49:48.360+0000] {processor.py:183} INFO - Processing /home/airflow/.local/lib/python3.12/site-packages/airflow/example_dags/example_python_decorator.py took 0.106 seconds
[2026-05-09T19:50:18.994+0000] {processor.py:161} INFO - Started process (PID=6808) to work on /home/airflow/.local/lib/python3.12/site-packages/airflow/example_dags/example_python_decorator.py
[2026-05-09T19:50:18.996+0000] {processor.py:830} INFO - Processing file /home/airflow/.local/lib/python3.12/site-packages/airflow/example_dags/example_python_decorator.py for tasks to queue
[2026-05-09T19:50:18.998+0000] {logging_mixin.py:188} INFO - [2026-05-09T19:50:18.998+0000] {dagbag.py:545} INFO - Filling up the DagBag from /home/airflow/.local/lib/python3.12/site-packages/airflow/example_dags/example_python_decorator.py
[2026-05-09T19:50:19.010+0000] {processor.py:840} INFO - DAG(s) 'example_python_decorator' retrieved from /home/airflow/.local/lib/python3.12/site-packages/airflow/example_dags/example_python_decorator.py
[2026-05-09T19:50:19.034+0000] {logging_mixin.py:188} INFO - [2026-05-09T19:50:19.034+0000] {dag.py:3096} INFO - Sync 1 DAGs
[2026-05-09T19:50:19.047+0000] {logging_mixin.py:188} INFO - [2026-05-09T19:50:19.047+0000] {dag.py:3954} INFO - Setting next_dagrun for example_python_decorator to None, run_after=None
[2026-05-09T19:50:19.069+0000] {processor.py:183} INFO - Processing /home/airflow/.local/lib/python3.12/site-packages/airflow/example_dags/example_python_decorator.py took 0.082 seconds
[2026-05-09T19:50:50.340+0000] {processor.py:161} INFO - Started process (PID=6867) to work on /home/airflow/.local/lib/python3.12/site-packages/airflow/example_dags/example_python_decorator.py
[2026-05-09T19:50:50.341+0000] {processor.py:830} INFO - Processing file /home/airflow/.local/lib/python3.12/site-packages/airflow/example_dags/example_python_decorator.py for tasks to queue
[2026-05-09T19:50:50.343+0000] {logging_mixin.py:188} INFO - [2026-05-09T19:50:50.343+0000] {dagbag.py:545} INFO - Filling up the DagBag from /home/airflow/.local/lib/python3.12/site-packages/airflow/example_dags/example_python_decorator.py
[2026-05-09T19:50:50.356+0000] {processor.py:840} INFO - DAG(s) 'example_python_decorator' retrieved from /home/airflow/.local/lib/python3.12/site-packages/airflow/example_dags/example_python_decorator.py
[2026-05-09T19:50:50.380+0000] {logging_mixin.py:188} INFO - [2026-05-09T19:50:50.380+0000] {dag.py:3096} INFO - Sync 1 DAGs
[2026-05-09T19:50:50.393+0000] {logging_mixin.py:188} INFO - [2026-05-09T19:50:50.392+0000] {dag.py:3954} INFO - Setting next_dagrun for example_python_decorator to None, run_after=None
[2026-05-09T19:50:50.426+0000] {processor.py:183} INFO - Processing /home/airflow/.local/lib/python3.12/site-packages/airflow/example_dags/example_python_decorator.py took 0.092 seconds
[2026-05-09T19:51:21.510+0000] {processor.py:161} INFO - Started process (PID=6926) to work on /home/airflow/.local/lib/python3.12/site-packages/airflow/example_dags/example_python_decorator.py
[2026-05-09T19:51:21.512+0000] {processor.py:830} INFO - Processing file /home/airflow/.local/lib/python3.12/site-packages/airflow/example_dags/example_python_decorator.py for tasks to queue
[2026-05-09T19:51:21.514+0000] {logging_mixin.py:188} INFO - [2026-05-09T19:51:21.514+0000] {dagbag.py:545} INFO - Filling up the DagBag from /home/airflow/.local/lib/python3.12/site-packages/airflow/example_dags/example_python_decorator.py
[2026-05-09T19:51:21.531+0000] {processor.py:840} INFO - DAG(s) 'example_python_decorator' retrieved from /home/airflow/.local/lib/python3.12/site-packages/airflow/example_dags/example_python_decorator.py
[2026-05-09T19:51:21.562+0000] {logging_mixin.py:188} INFO - [2026-05-09T19:51:21.562+0000] {dag.py:3096} INFO - Sync 1 DAGs
[2026-05-09T19:51:21.577+0000] {logging_mixin.py:188} INFO - [2026-05-09T19:51:21.577+0000] {dag.py:3954} INFO - Setting next_dagrun for example_python_decorator to None, run_after=None
[2026-05-09T19:51:21.609+0000] {processor.py:183} INFO - Processing /home/airflow/.local/lib/python3.12/site-packages/airflow/example_dags/example_python_decorator.py took 0.106 seconds
[2026-05-09T19:51:51.937+0000] {processor.py:161} INFO - Started process (PID=6985) to work on /home/airflow/.local/lib/python3.12/site-packages/airflow/example_dags/example_python_decorator.py
[2026-05-09T19:51:51.938+0000] {processor.py:830} INFO - Processing file /home/airflow/.local/lib/python3.12/site-packages/airflow/example_dags/example_python_decorator.py for tasks to queue
[2026-05-09T19:51:51.940+0000] {logging_mixin.py:188} INFO - [2026-05-09T19:51:51.940+0000] {dagbag.py:545} INFO - Filling up the DagBag from /home/airflow/.local/lib/python3.12/site-packages/airflow/example_dags/example_python_decorator.py
[2026-05-09T19:51:51.951+0000] {processor.py:840} INFO - DAG(s) 'example_python_decorator' retrieved from /home/airflow/.local/lib/python3.12/site-packages/airflow/example_dags/example_python_decorator.py
[2026-05-09T19:51:51.977+0000] {logging_mixin.py:188} INFO - [2026-05-09T19:51:51.977+0000] {dag.py:3096} INFO - Sync 1 DAGs
[2026-05-09T19:51:51.990+0000] {logging_mixin.py:188} INFO - [2026-05-09T19:51:51.989+0000] {dag.py:3954} INFO - Setting next_dagrun for example_python_decorator to None, run_after=None
[2026-05-09T19:51:52.013+0000] {processor.py:183} INFO - Processing /home/airflow/.local/lib/python3.12/site-packages/airflow/example_dags/example_python_decorator.py took 0.081 seconds
[2026-05-09T19:52:22.451+0000] {processor.py:161} INFO - Started process (PID=7044) to work on /home/airflow/.local/lib/python3.12/site-packages/airflow/example_dags/example_python_decorator.py
[2026-05-09T19:52:22.452+0000] {processor.py:830} INFO - Processing file /home/airflow/.local/lib/python3.12/site-packages/airflow/example_dags/example_python_decorator.py for tasks to queue
[2026-05-09T19:52:22.454+0000] {logging_mixin.py:188} INFO - [2026-05-09T19:52:22.454+0000] {dagbag.py:545} INFO - Filling up the DagBag from /home/airflow/.local/lib/python3.12/site-packages/airflow/example_dags/example_python_decorator.py
[2026-05-09T19:52:22.465+0000] {processor.py:840} INFO - DAG(s) 'example_python_decorator' retrieved from /home/airflow/.local/lib/python3.12/site-packages/airflow/example_dags/example_python_decorator.py
[2026-05-09T19:52:22.489+0000] {logging_mixin.py:188} INFO - [2026-05-09T19:52:22.488+0000] {dag.py:3096} INFO - Sync 1 DAGs
[2026-05-09T19:52:22.501+0000] {logging_mixin.py:188} INFO - [2026-05-09T19:52:22.501+0000] {dag.py:3954} INFO - Setting next_dagrun for example_python_decorator to None, run_after=None
[2026-05-09T19:52:22.529+0000] {processor.py:183} INFO - Processing /home/airflow/.local/lib/python3.12/site-packages/airflow/example_dags/example_python_decorator.py took 0.083 seconds
[2026-05-09T19:52:53.944+0000] {processor.py:161} INFO - Started process (PID=7103) to work on /home/airflow/.local/lib/python3.12/site-packages/airflow/example_dags/example_python_decorator.py
[2026-05-09T19:52:53.946+0000] {processor.py:830} INFO - Processing file /home/airflow/.local/lib/python3.12/site-packages/airflow/example_dags/example_python_decorator.py for tasks to queue
[2026-05-09T19:52:53.948+0000] {logging_mixin.py:188} INFO - [2026-05-09T19:52:53.948+0000] {dagbag.py:545} INFO - Filling up the DagBag from /home/airflow/.local/lib/python3.12/site-packages/airflow/example_dags/example_python_decorator.py
[2026-05-09T19:52:53.962+0000] {processor.py:840} INFO - DAG(s) 'example_python_decorator' retrieved from /home/airflow/.local/lib/python3.12/site-packages/airflow/example_dags/example_python_decorator.py
[2026-05-09T19:52:53.990+0000] {logging_mixin.py:188} INFO - [2026-05-09T19:52:53.990+0000] {dag.py:3096} INFO - Sync 1 DAGs
[2026-05-09T19:52:54.004+0000] {logging_mixin.py:188} INFO - [2026-05-09T19:52:54.003+0000] {dag.py:3954} INFO - Setting next_dagrun for example_python_decorator to None, run_after=None
[2026-05-09T19:52:54.032+0000] {processor.py:183} INFO - Processing /home/airflow/.local/lib/python3.12/site-packages/airflow/example_dags/example_python_decorator.py took 0.094 seconds
[2026-05-09T19:53:24.881+0000] {processor.py:161} INFO - Started process (PID=7162) to work on /home/airflow/.local/lib/python3.12/site-packages/airflow/example_dags/example_python_decorator.py
[2026-05-09T19:53:24.883+0000] {processor.py:830} INFO - Processing file /home/airflow/.local/lib/python3.12/site-packages/airflow/example_dags/example_python_decorator.py for tasks to queue
[2026-05-09T19:53:24.885+0000] {logging_mixin.py:188} INFO - [2026-05-09T19:53:24.884+0000] {dagbag.py:545} INFO - Filling up the DagBag from /home/airflow/.local/lib/python3.12/site-packages/airflow/example_dags/example_python_decorator.py
[2026-05-09T19:53:24.897+0000] {processor.py:840} INFO - DAG(s) 'example_python_decorator' retrieved from /home/airflow/.local/lib/python3.12/site-packages/airflow/example_dags/example_python_decorator.py
[2026-05-09T19:53:24.927+0000] {logging_mixin.py:188} INFO - [2026-05-09T19:53:24.927+0000] {dag.py:3096} INFO - Sync 1 DAGs
[2026-05-09T19:53:24.943+0000] {logging_mixin.py:188} INFO - [2026-05-09T19:53:24.943+0000] {dag.py:3954} INFO - Setting next_dagrun for example_python_decorator to None, run_after=None
[2026-05-09T19:53:24.970+0000] {processor.py:183} INFO - Processing /home/airflow/.local/lib/python3.12/site-packages/airflow/example_dags/example_python_decorator.py took 0.095 seconds
[2026-05-09T19:53:55.534+0000] {processor.py:161} INFO - Started process (PID=7221) to work on /home/airflow/.local/lib/python3.12/site-packages/airflow/example_dags/example_python_decorator.py
[2026-05-09T19:53:55.535+0000] {processor.py:830} INFO - Processing file /home/airflow/.local/lib/python3.12/site-packages/airflow/example_dags/example_python_decorator.py for tasks to queue
[2026-05-09T19:53:55.537+0000] {logging_mixin.py:188} INFO - [2026-05-09T19:53:55.537+0000] {dagbag.py:545} INFO - Filling up the DagBag from /home/airflow/.local/lib/python3.12/site-packages/airflow/example_dags/example_python_decorator.py
[2026-05-09T19:53:55.551+0000] {processor.py:840} INFO - DAG(s) 'example_python_decorator' retrieved from /home/airflow/.local/lib/python3.12/site-packages/airflow/example_dags/example_python_decorator.py
[2026-05-09T19:53:55.576+0000] {logging_mixin.py:188} INFO - [2026-05-09T19:53:55.575+0000] {dag.py:3096} INFO - Sync 1 DAGs
[2026-05-09T19:53:55.589+0000] {logging_mixin.py:188} INFO - [2026-05-09T19:53:55.589+0000] {dag.py:3954} INFO - Setting next_dagrun for example_python_decorator to None, run_after=None
[2026-05-09T19:53:55.614+0000] {processor.py:183} INFO - Processing /home/airflow/.local/lib/python3.12/site-packages/airflow/example_dags/example_python_decorator.py took 0.085 seconds
[2026-05-09T19:54:26.066+0000] {processor.py:161} INFO - Started process (PID=7280) to work on /home/airflow/.local/lib/python3.12/site-packages/airflow/example_dags/example_python_decorator.py
[2026-05-09T19:54:26.068+0000] {processor.py:830} INFO - Processing file /home/airflow/.local/lib/python3.12/site-packages/airflow/example_dags/example_python_decorator.py for tasks to queue
[2026-05-09T19:54:26.070+0000] {logging_mixin.py:188} INFO - [2026-05-09T19:54:26.070+0000] {dagbag.py:545} INFO - Filling up the DagBag from /home/airflow/.local/lib/python3.12/site-packages/airflow/example_dags/example_python_decorator.py
[2026-05-09T19:54:26.082+0000] {processor.py:840} INFO - DAG(s) 'example_python_decorator' retrieved from /home/airflow/.local/lib/python3.12/site-packages/airflow/example_dags/example_python_decorator.py
[2026-05-09T19:54:26.107+0000] {logging_mixin.py:188} INFO - [2026-05-09T19:54:26.106+0000] {dag.py:3096} INFO - Sync 1 DAGs
[2026-05-09T19:54:26.118+0000] {logging_mixin.py:188} INFO - [2026-05-09T19:54:26.118+0000] {dag.py:3954} INFO - Setting next_dagrun for example_python_decorator to None, run_after=None
[2026-05-09T19:54:26.144+0000] {processor.py:183} INFO - Processing /home/airflow/.local/lib/python3.12/site-packages/airflow/example_dags/example_python_decorator.py took 0.084 seconds
[2026-05-09T19:54:56.882+0000] {processor.py:161} INFO - Started process (PID=7339) to work on /home/airflow/.local/lib/python3.12/site-packages/airflow/example_dags/example_python_decorator.py
[2026-05-09T19:54:56.883+0000] {processor.py:830} INFO - Processing file /home/airflow/.local/lib/python3.12/site-packages/airflow/example_dags/example_python_decorator.py for tasks to queue
[2026-05-09T19:54:56.885+0000] {logging_mixin.py:188} INFO - [2026-05-09T19:54:56.885+0000] {dagbag.py:545} INFO - Filling up the DagBag from /home/airflow/.local/lib/python3.12/site-packages/airflow/example_dags/example_python_decorator.py
[2026-05-09T19:54:56.897+0000] {processor.py:840} INFO - DAG(s) 'example_python_decorator' retrieved from /home/airflow/.local/lib/python3.12/site-packages/airflow/example_dags/example_python_decorator.py
[2026-05-09T19:54:56.920+0000] {logging_mixin.py:188} INFO - [2026-05-09T19:54:56.920+0000] {dag.py:3096} INFO - Sync 1 DAGs
[2026-05-09T19:54:56.932+0000] {logging_mixin.py:188} INFO - [2026-05-09T19:54:56.932+0000] {dag.py:3954} INFO - Setting next_dagrun for example_python_decorator to None, run_after=None
[2026-05-09T19:54:56.954+0000] {processor.py:183} INFO - Processing /home/airflow/.local/lib/python3.12/site-packages/airflow/example_dags/example_python_decorator.py took 0.078 seconds
[2026-05-09T19:55:27.625+0000] {processor.py:161} INFO - Started process (PID=7398) to work on /home/airflow/.local/lib/python3.12/site-packages/airflow/example_dags/example_python_decorator.py
[2026-05-09T19:55:27.626+0000] {processor.py:830} INFO - Processing file /home/airflow/.local/lib/python3.12/site-packages/airflow/example_dags/example_python_decorator.py for tasks to queue
[2026-05-09T19:55:27.629+0000] {logging_mixin.py:188} INFO - [2026-05-09T19:55:27.628+0000] {dagbag.py:545} INFO - Filling up the DagBag from /home/airflow/.local/lib/python3.12/site-packages/airflow/example_dags/example_python_decorator.py
[2026-05-09T19:55:27.642+0000] {processor.py:840} INFO - DAG(s) 'example_python_decorator' retrieved from /home/airflow/.local/lib/python3.12/site-packages/airflow/example_dags/example_python_decorator.py
[2026-05-09T19:55:27.668+0000] {logging_mixin.py:188} INFO - [2026-05-09T19:55:27.667+0000] {dag.py:3096} INFO - Sync 1 DAGs
[2026-05-09T19:55:27.684+0000] {logging_mixin.py:188} INFO - [2026-05-09T19:55:27.683+0000] {dag.py:3954} INFO - Setting next_dagrun for example_python_decorator to None, run_after=None
[2026-05-09T19:55:27.710+0000] {processor.py:183} INFO - Processing /home/airflow/.local/lib/python3.12/site-packages/airflow/example_dags/example_python_decorator.py took 0.092 seconds
[2026-05-09T19:55:58.694+0000] {processor.py:161} INFO - Started process (PID=7458) to work on /home/airflow/.local/lib/python3.12/site-packages/airflow/example_dags/example_python_decorator.py
[2026-05-09T19:55:58.695+0000] {processor.py:830} INFO - Processing file /home/airflow/.local/lib/python3.12/site-packages/airflow/example_dags/example_python_decorator.py for tasks to queue
[2026-05-09T19:55:58.698+0000] {logging_mixin.py:188} INFO - [2026-05-09T19:55:58.697+0000] {dagbag.py:545} INFO - Filling up the DagBag from /home/airflow/.local/lib/python3.12/site-packages/airflow/example_dags/example_python_decorator.py
[2026-05-09T19:55:58.710+0000] {processor.py:840} INFO - DAG(s) 'example_python_decorator' retrieved from /home/airflow/.local/lib/python3.12/site-packages/airflow/example_dags/example_python_decorator.py
[2026-05-09T19:55:58.733+0000] {logging_mixin.py:188} INFO - [2026-05-09T19:55:58.733+0000] {dag.py:3096} INFO - Sync 1 DAGs
[2026-05-09T19:55:58.746+0000] {logging_mixin.py:188} INFO - [2026-05-09T19:55:58.746+0000] {dag.py:3954} INFO - Setting next_dagrun for example_python_decorator to None, run_after=None
[2026-05-09T19:55:58.769+0000] {processor.py:183} INFO - Processing /home/airflow/.local/lib/python3.12/site-packages/airflow/example_dags/example_python_decorator.py took 0.080 seconds
[2026-05-09T19:56:29.061+0000] {processor.py:161} INFO - Started process (PID=7517) to work on /home/airflow/.local/lib/python3.12/site-packages/airflow/example_dags/example_python_decorator.py
[2026-05-09T19:56:29.062+0000] {processor.py:830} INFO - Processing file /home/airflow/.local/lib/python3.12/site-packages/airflow/example_dags/example_python_decorator.py for tasks to queue
[2026-05-09T19:56:29.065+0000] {logging_mixin.py:188} INFO - [2026-05-09T19:56:29.065+0000] {dagbag.py:545} INFO - Filling up the DagBag from /home/airflow/.local/lib/python3.12/site-packages/airflow/example_dags/example_python_decorator.py
[2026-05-09T19:56:29.078+0000] {processor.py:840} INFO - DAG(s) 'example_python_decorator' retrieved from /home/airflow/.local/lib/python3.12/site-packages/airflow/example_dags/example_python_decorator.py
[2026-05-09T19:56:29.104+0000] {logging_mixin.py:188} INFO - [2026-05-09T19:56:29.104+0000] {dag.py:3096} INFO - Sync 1 DAGs
[2026-05-09T19:56:29.119+0000] {logging_mixin.py:188} INFO - [2026-05-09T19:56:29.119+0000] {dag.py:3954} INFO - Setting next_dagrun for example_python_decorator to None, run_after=None
[2026-05-09T19:56:29.148+0000] {processor.py:183} INFO - Processing /home/airflow/.local/lib/python3.12/site-packages/airflow/example_dags/example_python_decorator.py took 0.093 seconds
[2026-05-09T19:57:00.613+0000] {processor.py:161} INFO - Started process (PID=7576) to work on /home/airflow/.local/lib/python3.12/site-packages/airflow/example_dags/example_python_decorator.py
[2026-05-09T19:57:00.614+0000] {processor.py:830} INFO - Processing file /home/airflow/.local/lib/python3.12/site-packages/airflow/example_dags/example_python_decorator.py for tasks to queue
[2026-05-09T19:57:00.616+0000] {logging_mixin.py:188} INFO - [2026-05-09T19:57:00.616+0000] {dagbag.py:545} INFO - Filling up the DagBag from /home/airflow/.local/lib/python3.12/site-packages/airflow/example_dags/example_python_decorator.py
[2026-05-09T19:57:00.629+0000] {processor.py:840} INFO - DAG(s) 'example_python_decorator' retrieved from /home/airflow/.local/lib/python3.12/site-packages/airflow/example_dags/example_python_decorator.py
[2026-05-09T19:57:00.657+0000] {logging_mixin.py:188} INFO - [2026-05-09T19:57:00.656+0000] {dag.py:3096} INFO - Sync 1 DAGs
[2026-05-09T19:57:00.670+0000] {logging_mixin.py:188} INFO - [2026-05-09T19:57:00.669+0000] {dag.py:3954} INFO - Setting next_dagrun for example_python_decorator to None, run_after=None
[2026-05-09T19:57:00.700+0000] {processor.py:183} INFO - Processing /home/airflow/.local/lib/python3.12/site-packages/airflow/example_dags/example_python_decorator.py took 0.092 seconds
