[2026-05-09T18:42:18.361+0000] {processor.py:161} INFO - Started process (PID=92) to work on /home/airflow/.local/lib/python3.12/site-packages/airflow/example_dags/example_kubernetes_executor.py
[2026-05-09T18:42:18.362+0000] {processor.py:830} INFO - Processing file /home/airflow/.local/lib/python3.12/site-packages/airflow/example_dags/example_kubernetes_executor.py for tasks to queue
[2026-05-09T18:42:18.365+0000] {logging_mixin.py:188} INFO - [2026-05-09T18:42:18.364+0000] {dagbag.py:545} INFO - Filling up the DagBag from /home/airflow/.local/lib/python3.12/site-packages/airflow/example_dags/example_kubernetes_executor.py
[2026-05-09T18:42:18.379+0000] {processor.py:840} INFO - DAG(s) 'example_kubernetes_executor' retrieved from /home/airflow/.local/lib/python3.12/site-packages/airflow/example_dags/example_kubernetes_executor.py
[2026-05-09T18:42:18.517+0000] {logging_mixin.py:188} INFO - [2026-05-09T18:42:18.517+0000] {dag.py:3096} INFO - Sync 1 DAGs
[2026-05-09T18:42:18.531+0000] {logging_mixin.py:188} INFO - [2026-05-09T18:42:18.531+0000] {dag.py:3954} INFO - Setting next_dagrun for example_kubernetes_executor to None, run_after=None
[2026-05-09T18:42:18.566+0000] {processor.py:183} INFO - Processing /home/airflow/.local/lib/python3.12/site-packages/airflow/example_dags/example_kubernetes_executor.py took 0.210 seconds
[2026-05-09T18:42:49.279+0000] {processor.py:161} INFO - Started process (PID=150) to work on /home/airflow/.local/lib/python3.12/site-packages/airflow/example_dags/example_kubernetes_executor.py
[2026-05-09T18:42:49.282+0000] {processor.py:830} INFO - Processing file /home/airflow/.local/lib/python3.12/site-packages/airflow/example_dags/example_kubernetes_executor.py for tasks to queue
[2026-05-09T18:42:49.287+0000] {logging_mixin.py:188} INFO - [2026-05-09T18:42:49.286+0000] {dagbag.py:545} INFO - Filling up the DagBag from /home/airflow/.local/lib/python3.12/site-packages/airflow/example_dags/example_kubernetes_executor.py
[2026-05-09T18:42:49.315+0000] {processor.py:840} INFO - DAG(s) 'example_kubernetes_executor' retrieved from /home/airflow/.local/lib/python3.12/site-packages/airflow/example_dags/example_kubernetes_executor.py
[2026-05-09T18:42:49.400+0000] {logging_mixin.py:188} INFO - [2026-05-09T18:42:49.400+0000] {dag.py:3096} INFO - Sync 1 DAGs
[2026-05-09T18:42:49.437+0000] {logging_mixin.py:188} INFO - [2026-05-09T18:42:49.436+0000] {dag.py:3954} INFO - Setting next_dagrun for example_kubernetes_executor to None, run_after=None
[2026-05-09T18:42:49.492+0000] {processor.py:183} INFO - Processing /home/airflow/.local/lib/python3.12/site-packages/airflow/example_dags/example_kubernetes_executor.py took 0.223 seconds
[2026-05-09T18:43:21.950+0000] {processor.py:161} INFO - Started process (PID=208) to work on /home/airflow/.local/lib/python3.12/site-packages/airflow/example_dags/example_kubernetes_executor.py
[2026-05-09T18:43:21.952+0000] {processor.py:830} INFO - Processing file /home/airflow/.local/lib/python3.12/site-packages/airflow/example_dags/example_kubernetes_executor.py for tasks to queue
[2026-05-09T18:43:21.954+0000] {logging_mixin.py:188} INFO - [2026-05-09T18:43:21.954+0000] {dagbag.py:545} INFO - Filling up the DagBag from /home/airflow/.local/lib/python3.12/site-packages/airflow/example_dags/example_kubernetes_executor.py
[2026-05-09T18:43:21.972+0000] {processor.py:840} INFO - DAG(s) 'example_kubernetes_executor' retrieved from /home/airflow/.local/lib/python3.12/site-packages/airflow/example_dags/example_kubernetes_executor.py
[2026-05-09T18:43:22.012+0000] {logging_mixin.py:188} INFO - [2026-05-09T18:43:22.012+0000] {dag.py:3096} INFO - Sync 1 DAGs
[2026-05-09T18:43:22.027+0000] {logging_mixin.py:188} INFO - [2026-05-09T18:43:22.027+0000] {dag.py:3954} INFO - Setting next_dagrun for example_kubernetes_executor to None, run_after=None
[2026-05-09T18:43:22.061+0000] {processor.py:183} INFO - Processing /home/airflow/.local/lib/python3.12/site-packages/airflow/example_dags/example_kubernetes_executor.py took 0.117 seconds
[2026-05-09T18:43:55.335+0000] {processor.py:161} INFO - Started process (PID=266) to work on /home/airflow/.local/lib/python3.12/site-packages/airflow/example_dags/example_kubernetes_executor.py
[2026-05-09T18:43:55.338+0000] {processor.py:830} INFO - Processing file /home/airflow/.local/lib/python3.12/site-packages/airflow/example_dags/example_kubernetes_executor.py for tasks to queue
[2026-05-09T18:43:55.342+0000] {logging_mixin.py:188} INFO - [2026-05-09T18:43:55.341+0000] {dagbag.py:545} INFO - Filling up the DagBag from /home/airflow/.local/lib/python3.12/site-packages/airflow/example_dags/example_kubernetes_executor.py
[2026-05-09T18:43:55.365+0000] {processor.py:840} INFO - DAG(s) 'example_kubernetes_executor' retrieved from /home/airflow/.local/lib/python3.12/site-packages/airflow/example_dags/example_kubernetes_executor.py
[2026-05-09T18:43:55.506+0000] {logging_mixin.py:188} INFO - [2026-05-09T18:43:55.506+0000] {dag.py:3096} INFO - Sync 1 DAGs
[2026-05-09T18:43:55.533+0000] {logging_mixin.py:188} INFO - [2026-05-09T18:43:55.533+0000] {dag.py:3954} INFO - Setting next_dagrun for example_kubernetes_executor to None, run_after=None
[2026-05-09T18:43:55.574+0000] {processor.py:183} INFO - Processing /home/airflow/.local/lib/python3.12/site-packages/airflow/example_dags/example_kubernetes_executor.py took 0.247 seconds
[2026-05-09T18:44:25.998+0000] {processor.py:161} INFO - Started process (PID=324) to work on /home/airflow/.local/lib/python3.12/site-packages/airflow/example_dags/example_kubernetes_executor.py
[2026-05-09T18:44:25.999+0000] {processor.py:830} INFO - Processing file /home/airflow/.local/lib/python3.12/site-packages/airflow/example_dags/example_kubernetes_executor.py for tasks to queue
[2026-05-09T18:44:26.001+0000] {logging_mixin.py:188} INFO - [2026-05-09T18:44:26.001+0000] {dagbag.py:545} INFO - Filling up the DagBag from /home/airflow/.local/lib/python3.12/site-packages/airflow/example_dags/example_kubernetes_executor.py
[2026-05-09T18:44:26.015+0000] {processor.py:840} INFO - DAG(s) 'example_kubernetes_executor' retrieved from /home/airflow/.local/lib/python3.12/site-packages/airflow/example_dags/example_kubernetes_executor.py
[2026-05-09T18:44:26.057+0000] {logging_mixin.py:188} INFO - [2026-05-09T18:44:26.057+0000] {dag.py:3096} INFO - Sync 1 DAGs
[2026-05-09T18:44:26.073+0000] {logging_mixin.py:188} INFO - [2026-05-09T18:44:26.073+0000] {dag.py:3954} INFO - Setting next_dagrun for example_kubernetes_executor to None, run_after=None
[2026-05-09T18:44:26.104+0000] {processor.py:183} INFO - Processing /home/airflow/.local/lib/python3.12/site-packages/airflow/example_dags/example_kubernetes_executor.py took 0.113 seconds
[2026-05-09T18:44:57.020+0000] {processor.py:161} INFO - Started process (PID=382) to work on /home/airflow/.local/lib/python3.12/site-packages/airflow/example_dags/example_kubernetes_executor.py
[2026-05-09T18:44:57.022+0000] {processor.py:830} INFO - Processing file /home/airflow/.local/lib/python3.12/site-packages/airflow/example_dags/example_kubernetes_executor.py for tasks to queue
[2026-05-09T18:44:57.024+0000] {logging_mixin.py:188} INFO - [2026-05-09T18:44:57.024+0000] {dagbag.py:545} INFO - Filling up the DagBag from /home/airflow/.local/lib/python3.12/site-packages/airflow/example_dags/example_kubernetes_executor.py
[2026-05-09T18:44:57.036+0000] {processor.py:840} INFO - DAG(s) 'example_kubernetes_executor' retrieved from /home/airflow/.local/lib/python3.12/site-packages/airflow/example_dags/example_kubernetes_executor.py
[2026-05-09T18:44:57.080+0000] {logging_mixin.py:188} INFO - [2026-05-09T18:44:57.080+0000] {dag.py:3096} INFO - Sync 1 DAGs
[2026-05-09T18:44:57.094+0000] {logging_mixin.py:188} INFO - [2026-05-09T18:44:57.094+0000] {dag.py:3954} INFO - Setting next_dagrun for example_kubernetes_executor to None, run_after=None
[2026-05-09T18:44:57.124+0000] {processor.py:183} INFO - Processing /home/airflow/.local/lib/python3.12/site-packages/airflow/example_dags/example_kubernetes_executor.py took 0.109 seconds
[2026-05-09T18:45:27.943+0000] {processor.py:161} INFO - Started process (PID=440) to work on /home/airflow/.local/lib/python3.12/site-packages/airflow/example_dags/example_kubernetes_executor.py
[2026-05-09T18:45:27.944+0000] {processor.py:830} INFO - Processing file /home/airflow/.local/lib/python3.12/site-packages/airflow/example_dags/example_kubernetes_executor.py for tasks to queue
[2026-05-09T18:45:27.946+0000] {logging_mixin.py:188} INFO - [2026-05-09T18:45:27.946+0000] {dagbag.py:545} INFO - Filling up the DagBag from /home/airflow/.local/lib/python3.12/site-packages/airflow/example_dags/example_kubernetes_executor.py
[2026-05-09T18:45:27.958+0000] {processor.py:840} INFO - DAG(s) 'example_kubernetes_executor' retrieved from /home/airflow/.local/lib/python3.12/site-packages/airflow/example_dags/example_kubernetes_executor.py
[2026-05-09T18:45:27.998+0000] {logging_mixin.py:188} INFO - [2026-05-09T18:45:27.998+0000] {dag.py:3096} INFO - Sync 1 DAGs
[2026-05-09T18:45:28.012+0000] {logging_mixin.py:188} INFO - [2026-05-09T18:45:28.012+0000] {dag.py:3954} INFO - Setting next_dagrun for example_kubernetes_executor to None, run_after=None
[2026-05-09T18:45:28.044+0000] {processor.py:183} INFO - Processing /home/airflow/.local/lib/python3.12/site-packages/airflow/example_dags/example_kubernetes_executor.py took 0.106 seconds
[2026-05-09T18:45:58.557+0000] {processor.py:161} INFO - Started process (PID=498) to work on /home/airflow/.local/lib/python3.12/site-packages/airflow/example_dags/example_kubernetes_executor.py
[2026-05-09T18:45:58.559+0000] {processor.py:830} INFO - Processing file /home/airflow/.local/lib/python3.12/site-packages/airflow/example_dags/example_kubernetes_executor.py for tasks to queue
[2026-05-09T18:45:58.562+0000] {logging_mixin.py:188} INFO - [2026-05-09T18:45:58.562+0000] {dagbag.py:545} INFO - Filling up the DagBag from /home/airflow/.local/lib/python3.12/site-packages/airflow/example_dags/example_kubernetes_executor.py
[2026-05-09T18:45:58.575+0000] {processor.py:840} INFO - DAG(s) 'example_kubernetes_executor' retrieved from /home/airflow/.local/lib/python3.12/site-packages/airflow/example_dags/example_kubernetes_executor.py
[2026-05-09T18:45:58.625+0000] {logging_mixin.py:188} INFO - [2026-05-09T18:45:58.625+0000] {dag.py:3096} INFO - Sync 1 DAGs
[2026-05-09T18:45:58.646+0000] {logging_mixin.py:188} INFO - [2026-05-09T18:45:58.645+0000] {dag.py:3954} INFO - Setting next_dagrun for example_kubernetes_executor to None, run_after=None
[2026-05-09T18:45:58.680+0000] {processor.py:183} INFO - Processing /home/airflow/.local/lib/python3.12/site-packages/airflow/example_dags/example_kubernetes_executor.py took 0.128 seconds
[2026-05-09T18:46:29.505+0000] {processor.py:161} INFO - Started process (PID=556) to work on /home/airflow/.local/lib/python3.12/site-packages/airflow/example_dags/example_kubernetes_executor.py
[2026-05-09T18:46:29.507+0000] {processor.py:830} INFO - Processing file /home/airflow/.local/lib/python3.12/site-packages/airflow/example_dags/example_kubernetes_executor.py for tasks to queue
[2026-05-09T18:46:29.510+0000] {logging_mixin.py:188} INFO - [2026-05-09T18:46:29.509+0000] {dagbag.py:545} INFO - Filling up the DagBag from /home/airflow/.local/lib/python3.12/site-packages/airflow/example_dags/example_kubernetes_executor.py
[2026-05-09T18:46:29.530+0000] {processor.py:840} INFO - DAG(s) 'example_kubernetes_executor' retrieved from /home/airflow/.local/lib/python3.12/site-packages/airflow/example_dags/example_kubernetes_executor.py
[2026-05-09T18:46:29.614+0000] {logging_mixin.py:188} INFO - [2026-05-09T18:46:29.613+0000] {dag.py:3096} INFO - Sync 1 DAGs
[2026-05-09T18:46:29.646+0000] {logging_mixin.py:188} INFO - [2026-05-09T18:46:29.645+0000] {dag.py:3954} INFO - Setting next_dagrun for example_kubernetes_executor to None, run_after=None
[2026-05-09T18:46:29.724+0000] {processor.py:183} INFO - Processing /home/airflow/.local/lib/python3.12/site-packages/airflow/example_dags/example_kubernetes_executor.py took 0.227 seconds
[2026-05-09T18:51:06.896+0000] {processor.py:161} INFO - Started process (PID=105) to work on /home/airflow/.local/lib/python3.12/site-packages/airflow/example_dags/example_kubernetes_executor.py
[2026-05-09T18:51:06.898+0000] {processor.py:830} INFO - Processing file /home/airflow/.local/lib/python3.12/site-packages/airflow/example_dags/example_kubernetes_executor.py for tasks to queue
[2026-05-09T18:51:06.901+0000] {logging_mixin.py:188} INFO - [2026-05-09T18:51:06.900+0000] {dagbag.py:545} INFO - Filling up the DagBag from /home/airflow/.local/lib/python3.12/site-packages/airflow/example_dags/example_kubernetes_executor.py
[2026-05-09T18:51:06.920+0000] {processor.py:840} INFO - DAG(s) 'example_kubernetes_executor' retrieved from /home/airflow/.local/lib/python3.12/site-packages/airflow/example_dags/example_kubernetes_executor.py
[2026-05-09T18:51:07.109+0000] {logging_mixin.py:188} INFO - [2026-05-09T18:51:07.109+0000] {dag.py:3096} INFO - Sync 1 DAGs
[2026-05-09T18:51:07.121+0000] {logging_mixin.py:188} INFO - [2026-05-09T18:51:07.121+0000] {dag.py:3954} INFO - Setting next_dagrun for example_kubernetes_executor to None, run_after=None
[2026-05-09T18:51:07.155+0000] {processor.py:183} INFO - Processing /home/airflow/.local/lib/python3.12/site-packages/airflow/example_dags/example_kubernetes_executor.py took 0.266 seconds
[2026-05-09T18:51:52.559+0000] {processor.py:161} INFO - Started process (PID=74) to work on /home/airflow/.local/lib/python3.12/site-packages/airflow/example_dags/example_kubernetes_executor.py
[2026-05-09T18:51:52.561+0000] {processor.py:830} INFO - Processing file /home/airflow/.local/lib/python3.12/site-packages/airflow/example_dags/example_kubernetes_executor.py for tasks to queue
[2026-05-09T18:51:52.563+0000] {logging_mixin.py:188} INFO - [2026-05-09T18:51:52.563+0000] {dagbag.py:545} INFO - Filling up the DagBag from /home/airflow/.local/lib/python3.12/site-packages/airflow/example_dags/example_kubernetes_executor.py
[2026-05-09T18:51:52.577+0000] {processor.py:840} INFO - DAG(s) 'example_kubernetes_executor' retrieved from /home/airflow/.local/lib/python3.12/site-packages/airflow/example_dags/example_kubernetes_executor.py
[2026-05-09T18:51:52.628+0000] {logging_mixin.py:188} INFO - [2026-05-09T18:51:52.628+0000] {dag.py:3096} INFO - Sync 1 DAGs
[2026-05-09T18:51:52.643+0000] {logging_mixin.py:188} INFO - [2026-05-09T18:51:52.643+0000] {dag.py:3954} INFO - Setting next_dagrun for example_kubernetes_executor to None, run_after=None
[2026-05-09T18:51:52.674+0000] {processor.py:183} INFO - Processing /home/airflow/.local/lib/python3.12/site-packages/airflow/example_dags/example_kubernetes_executor.py took 0.120 seconds
[2026-05-09T18:52:23.252+0000] {processor.py:161} INFO - Started process (PID=132) to work on /home/airflow/.local/lib/python3.12/site-packages/airflow/example_dags/example_kubernetes_executor.py
[2026-05-09T18:52:23.253+0000] {processor.py:830} INFO - Processing file /home/airflow/.local/lib/python3.12/site-packages/airflow/example_dags/example_kubernetes_executor.py for tasks to queue
[2026-05-09T18:52:23.255+0000] {logging_mixin.py:188} INFO - [2026-05-09T18:52:23.255+0000] {dagbag.py:545} INFO - Filling up the DagBag from /home/airflow/.local/lib/python3.12/site-packages/airflow/example_dags/example_kubernetes_executor.py
[2026-05-09T18:52:23.266+0000] {processor.py:840} INFO - DAG(s) 'example_kubernetes_executor' retrieved from /home/airflow/.local/lib/python3.12/site-packages/airflow/example_dags/example_kubernetes_executor.py
[2026-05-09T18:52:23.305+0000] {logging_mixin.py:188} INFO - [2026-05-09T18:52:23.304+0000] {dag.py:3096} INFO - Sync 1 DAGs
[2026-05-09T18:52:23.320+0000] {logging_mixin.py:188} INFO - [2026-05-09T18:52:23.319+0000] {dag.py:3954} INFO - Setting next_dagrun for example_kubernetes_executor to None, run_after=None
[2026-05-09T18:52:23.362+0000] {processor.py:183} INFO - Processing /home/airflow/.local/lib/python3.12/site-packages/airflow/example_dags/example_kubernetes_executor.py took 0.115 seconds
[2026-05-09T18:52:59.729+0000] {processor.py:161} INFO - Started process (PID=196) to work on /home/airflow/.local/lib/python3.12/site-packages/airflow/example_dags/example_kubernetes_executor.py
[2026-05-09T18:52:59.731+0000] {processor.py:830} INFO - Processing file /home/airflow/.local/lib/python3.12/site-packages/airflow/example_dags/example_kubernetes_executor.py for tasks to queue
[2026-05-09T18:52:59.734+0000] {logging_mixin.py:188} INFO - [2026-05-09T18:52:59.733+0000] {dagbag.py:545} INFO - Filling up the DagBag from /home/airflow/.local/lib/python3.12/site-packages/airflow/example_dags/example_kubernetes_executor.py
[2026-05-09T18:52:59.749+0000] {processor.py:840} INFO - DAG(s) 'example_kubernetes_executor' retrieved from /home/airflow/.local/lib/python3.12/site-packages/airflow/example_dags/example_kubernetes_executor.py
[2026-05-09T18:52:59.797+0000] {logging_mixin.py:188} INFO - [2026-05-09T18:52:59.797+0000] {dag.py:3096} INFO - Sync 1 DAGs
[2026-05-09T18:52:59.814+0000] {logging_mixin.py:188} INFO - [2026-05-09T18:52:59.814+0000] {dag.py:3954} INFO - Setting next_dagrun for example_kubernetes_executor to None, run_after=None
[2026-05-09T18:52:59.844+0000] {processor.py:183} INFO - Processing /home/airflow/.local/lib/python3.12/site-packages/airflow/example_dags/example_kubernetes_executor.py took 0.121 seconds
[2026-05-09T18:53:29.894+0000] {processor.py:161} INFO - Started process (PID=253) to work on /home/airflow/.local/lib/python3.12/site-packages/airflow/example_dags/example_kubernetes_executor.py
[2026-05-09T18:53:29.895+0000] {processor.py:830} INFO - Processing file /home/airflow/.local/lib/python3.12/site-packages/airflow/example_dags/example_kubernetes_executor.py for tasks to queue
[2026-05-09T18:53:29.897+0000] {logging_mixin.py:188} INFO - [2026-05-09T18:53:29.897+0000] {dagbag.py:545} INFO - Filling up the DagBag from /home/airflow/.local/lib/python3.12/site-packages/airflow/example_dags/example_kubernetes_executor.py
[2026-05-09T18:53:29.910+0000] {processor.py:840} INFO - DAG(s) 'example_kubernetes_executor' retrieved from /home/airflow/.local/lib/python3.12/site-packages/airflow/example_dags/example_kubernetes_executor.py
[2026-05-09T18:53:29.954+0000] {logging_mixin.py:188} INFO - [2026-05-09T18:53:29.954+0000] {dag.py:3096} INFO - Sync 1 DAGs
[2026-05-09T18:53:29.969+0000] {logging_mixin.py:188} INFO - [2026-05-09T18:53:29.968+0000] {dag.py:3954} INFO - Setting next_dagrun for example_kubernetes_executor to None, run_after=None
[2026-05-09T18:53:30.003+0000] {processor.py:183} INFO - Processing /home/airflow/.local/lib/python3.12/site-packages/airflow/example_dags/example_kubernetes_executor.py took 0.115 seconds
[2026-05-09T18:54:01.403+0000] {processor.py:161} INFO - Started process (PID=312) to work on /home/airflow/.local/lib/python3.12/site-packages/airflow/example_dags/example_kubernetes_executor.py
[2026-05-09T18:54:01.404+0000] {processor.py:830} INFO - Processing file /home/airflow/.local/lib/python3.12/site-packages/airflow/example_dags/example_kubernetes_executor.py for tasks to queue
[2026-05-09T18:54:01.407+0000] {logging_mixin.py:188} INFO - [2026-05-09T18:54:01.407+0000] {dagbag.py:545} INFO - Filling up the DagBag from /home/airflow/.local/lib/python3.12/site-packages/airflow/example_dags/example_kubernetes_executor.py
[2026-05-09T18:54:01.426+0000] {processor.py:840} INFO - DAG(s) 'example_kubernetes_executor' retrieved from /home/airflow/.local/lib/python3.12/site-packages/airflow/example_dags/example_kubernetes_executor.py
[2026-05-09T18:54:01.486+0000] {logging_mixin.py:188} INFO - [2026-05-09T18:54:01.486+0000] {dag.py:3096} INFO - Sync 1 DAGs
[2026-05-09T18:54:01.504+0000] {logging_mixin.py:188} INFO - [2026-05-09T18:54:01.504+0000] {dag.py:3954} INFO - Setting next_dagrun for example_kubernetes_executor to None, run_after=None
[2026-05-09T18:54:01.555+0000] {processor.py:183} INFO - Processing /home/airflow/.local/lib/python3.12/site-packages/airflow/example_dags/example_kubernetes_executor.py took 0.159 seconds
[2026-05-09T18:54:32.413+0000] {processor.py:161} INFO - Started process (PID=370) to work on /home/airflow/.local/lib/python3.12/site-packages/airflow/example_dags/example_kubernetes_executor.py
[2026-05-09T18:54:32.414+0000] {processor.py:830} INFO - Processing file /home/airflow/.local/lib/python3.12/site-packages/airflow/example_dags/example_kubernetes_executor.py for tasks to queue
[2026-05-09T18:54:32.416+0000] {logging_mixin.py:188} INFO - [2026-05-09T18:54:32.416+0000] {dagbag.py:545} INFO - Filling up the DagBag from /home/airflow/.local/lib/python3.12/site-packages/airflow/example_dags/example_kubernetes_executor.py
[2026-05-09T18:54:32.428+0000] {processor.py:840} INFO - DAG(s) 'example_kubernetes_executor' retrieved from /home/airflow/.local/lib/python3.12/site-packages/airflow/example_dags/example_kubernetes_executor.py
[2026-05-09T18:54:32.468+0000] {logging_mixin.py:188} INFO - [2026-05-09T18:54:32.468+0000] {dag.py:3096} INFO - Sync 1 DAGs
[2026-05-09T18:54:32.481+0000] {logging_mixin.py:188} INFO - [2026-05-09T18:54:32.481+0000] {dag.py:3954} INFO - Setting next_dagrun for example_kubernetes_executor to None, run_after=None
[2026-05-09T18:54:32.506+0000] {processor.py:183} INFO - Processing /home/airflow/.local/lib/python3.12/site-packages/airflow/example_dags/example_kubernetes_executor.py took 0.099 seconds
[2026-05-09T18:55:02.629+0000] {processor.py:161} INFO - Started process (PID=428) to work on /home/airflow/.local/lib/python3.12/site-packages/airflow/example_dags/example_kubernetes_executor.py
[2026-05-09T18:55:02.630+0000] {processor.py:830} INFO - Processing file /home/airflow/.local/lib/python3.12/site-packages/airflow/example_dags/example_kubernetes_executor.py for tasks to queue
[2026-05-09T18:55:02.632+0000] {logging_mixin.py:188} INFO - [2026-05-09T18:55:02.632+0000] {dagbag.py:545} INFO - Filling up the DagBag from /home/airflow/.local/lib/python3.12/site-packages/airflow/example_dags/example_kubernetes_executor.py
[2026-05-09T18:55:02.644+0000] {processor.py:840} INFO - DAG(s) 'example_kubernetes_executor' retrieved from /home/airflow/.local/lib/python3.12/site-packages/airflow/example_dags/example_kubernetes_executor.py
[2026-05-09T18:55:02.685+0000] {logging_mixin.py:188} INFO - [2026-05-09T18:55:02.684+0000] {dag.py:3096} INFO - Sync 1 DAGs
[2026-05-09T18:55:02.697+0000] {logging_mixin.py:188} INFO - [2026-05-09T18:55:02.697+0000] {dag.py:3954} INFO - Setting next_dagrun for example_kubernetes_executor to None, run_after=None
[2026-05-09T18:55:02.725+0000] {processor.py:183} INFO - Processing /home/airflow/.local/lib/python3.12/site-packages/airflow/example_dags/example_kubernetes_executor.py took 0.102 seconds
[2026-05-09T18:55:32.780+0000] {processor.py:161} INFO - Started process (PID=485) to work on /home/airflow/.local/lib/python3.12/site-packages/airflow/example_dags/example_kubernetes_executor.py
[2026-05-09T18:55:32.781+0000] {processor.py:830} INFO - Processing file /home/airflow/.local/lib/python3.12/site-packages/airflow/example_dags/example_kubernetes_executor.py for tasks to queue
[2026-05-09T18:55:32.783+0000] {logging_mixin.py:188} INFO - [2026-05-09T18:55:32.783+0000] {dagbag.py:545} INFO - Filling up the DagBag from /home/airflow/.local/lib/python3.12/site-packages/airflow/example_dags/example_kubernetes_executor.py
[2026-05-09T18:55:32.795+0000] {processor.py:840} INFO - DAG(s) 'example_kubernetes_executor' retrieved from /home/airflow/.local/lib/python3.12/site-packages/airflow/example_dags/example_kubernetes_executor.py
[2026-05-09T18:55:32.834+0000] {logging_mixin.py:188} INFO - [2026-05-09T18:55:32.834+0000] {dag.py:3096} INFO - Sync 1 DAGs
[2026-05-09T18:55:32.853+0000] {logging_mixin.py:188} INFO - [2026-05-09T18:55:32.852+0000] {dag.py:3954} INFO - Setting next_dagrun for example_kubernetes_executor to None, run_after=None
[2026-05-09T18:55:32.881+0000] {processor.py:183} INFO - Processing /home/airflow/.local/lib/python3.12/site-packages/airflow/example_dags/example_kubernetes_executor.py took 0.106 seconds
[2026-05-09T18:56:02.994+0000] {processor.py:161} INFO - Started process (PID=543) to work on /home/airflow/.local/lib/python3.12/site-packages/airflow/example_dags/example_kubernetes_executor.py
[2026-05-09T18:56:02.995+0000] {processor.py:830} INFO - Processing file /home/airflow/.local/lib/python3.12/site-packages/airflow/example_dags/example_kubernetes_executor.py for tasks to queue
[2026-05-09T18:56:02.997+0000] {logging_mixin.py:188} INFO - [2026-05-09T18:56:02.997+0000] {dagbag.py:545} INFO - Filling up the DagBag from /home/airflow/.local/lib/python3.12/site-packages/airflow/example_dags/example_kubernetes_executor.py
[2026-05-09T18:56:03.009+0000] {processor.py:840} INFO - DAG(s) 'example_kubernetes_executor' retrieved from /home/airflow/.local/lib/python3.12/site-packages/airflow/example_dags/example_kubernetes_executor.py
[2026-05-09T18:56:03.052+0000] {logging_mixin.py:188} INFO - [2026-05-09T18:56:03.051+0000] {dag.py:3096} INFO - Sync 1 DAGs
[2026-05-09T18:56:03.064+0000] {logging_mixin.py:188} INFO - [2026-05-09T18:56:03.064+0000] {dag.py:3954} INFO - Setting next_dagrun for example_kubernetes_executor to None, run_after=None
[2026-05-09T18:56:03.090+0000] {processor.py:183} INFO - Processing /home/airflow/.local/lib/python3.12/site-packages/airflow/example_dags/example_kubernetes_executor.py took 0.102 seconds
[2026-05-09T18:56:33.187+0000] {processor.py:161} INFO - Started process (PID=601) to work on /home/airflow/.local/lib/python3.12/site-packages/airflow/example_dags/example_kubernetes_executor.py
[2026-05-09T18:56:33.188+0000] {processor.py:830} INFO - Processing file /home/airflow/.local/lib/python3.12/site-packages/airflow/example_dags/example_kubernetes_executor.py for tasks to queue
[2026-05-09T18:56:33.190+0000] {logging_mixin.py:188} INFO - [2026-05-09T18:56:33.190+0000] {dagbag.py:545} INFO - Filling up the DagBag from /home/airflow/.local/lib/python3.12/site-packages/airflow/example_dags/example_kubernetes_executor.py
[2026-05-09T18:56:33.202+0000] {processor.py:840} INFO - DAG(s) 'example_kubernetes_executor' retrieved from /home/airflow/.local/lib/python3.12/site-packages/airflow/example_dags/example_kubernetes_executor.py
[2026-05-09T18:56:33.240+0000] {logging_mixin.py:188} INFO - [2026-05-09T18:56:33.240+0000] {dag.py:3096} INFO - Sync 1 DAGs
[2026-05-09T18:56:33.252+0000] {logging_mixin.py:188} INFO - [2026-05-09T18:56:33.252+0000] {dag.py:3954} INFO - Setting next_dagrun for example_kubernetes_executor to None, run_after=None
[2026-05-09T18:56:33.277+0000] {processor.py:183} INFO - Processing /home/airflow/.local/lib/python3.12/site-packages/airflow/example_dags/example_kubernetes_executor.py took 0.096 seconds
[2026-05-09T18:57:03.770+0000] {processor.py:161} INFO - Started process (PID=660) to work on /home/airflow/.local/lib/python3.12/site-packages/airflow/example_dags/example_kubernetes_executor.py
[2026-05-09T18:57:03.771+0000] {processor.py:830} INFO - Processing file /home/airflow/.local/lib/python3.12/site-packages/airflow/example_dags/example_kubernetes_executor.py for tasks to queue
[2026-05-09T18:57:03.773+0000] {logging_mixin.py:188} INFO - [2026-05-09T18:57:03.772+0000] {dagbag.py:545} INFO - Filling up the DagBag from /home/airflow/.local/lib/python3.12/site-packages/airflow/example_dags/example_kubernetes_executor.py
[2026-05-09T18:57:03.784+0000] {processor.py:840} INFO - DAG(s) 'example_kubernetes_executor' retrieved from /home/airflow/.local/lib/python3.12/site-packages/airflow/example_dags/example_kubernetes_executor.py
[2026-05-09T18:57:03.823+0000] {logging_mixin.py:188} INFO - [2026-05-09T18:57:03.823+0000] {dag.py:3096} INFO - Sync 1 DAGs
[2026-05-09T18:57:03.835+0000] {logging_mixin.py:188} INFO - [2026-05-09T18:57:03.835+0000] {dag.py:3954} INFO - Setting next_dagrun for example_kubernetes_executor to None, run_after=None
[2026-05-09T18:57:03.862+0000] {processor.py:183} INFO - Processing /home/airflow/.local/lib/python3.12/site-packages/airflow/example_dags/example_kubernetes_executor.py took 0.098 seconds
[2026-05-09T18:57:34.531+0000] {processor.py:161} INFO - Started process (PID=719) to work on /home/airflow/.local/lib/python3.12/site-packages/airflow/example_dags/example_kubernetes_executor.py
[2026-05-09T18:57:34.532+0000] {processor.py:830} INFO - Processing file /home/airflow/.local/lib/python3.12/site-packages/airflow/example_dags/example_kubernetes_executor.py for tasks to queue
[2026-05-09T18:57:34.534+0000] {logging_mixin.py:188} INFO - [2026-05-09T18:57:34.534+0000] {dagbag.py:545} INFO - Filling up the DagBag from /home/airflow/.local/lib/python3.12/site-packages/airflow/example_dags/example_kubernetes_executor.py
[2026-05-09T18:57:34.547+0000] {processor.py:840} INFO - DAG(s) 'example_kubernetes_executor' retrieved from /home/airflow/.local/lib/python3.12/site-packages/airflow/example_dags/example_kubernetes_executor.py
[2026-05-09T18:57:34.586+0000] {logging_mixin.py:188} INFO - [2026-05-09T18:57:34.585+0000] {dag.py:3096} INFO - Sync 1 DAGs
[2026-05-09T18:57:34.599+0000] {logging_mixin.py:188} INFO - [2026-05-09T18:57:34.598+0000] {dag.py:3954} INFO - Setting next_dagrun for example_kubernetes_executor to None, run_after=None
[2026-05-09T18:57:34.623+0000] {processor.py:183} INFO - Processing /home/airflow/.local/lib/python3.12/site-packages/airflow/example_dags/example_kubernetes_executor.py took 0.098 seconds
[2026-05-09T18:58:05.211+0000] {processor.py:161} INFO - Started process (PID=779) to work on /home/airflow/.local/lib/python3.12/site-packages/airflow/example_dags/example_kubernetes_executor.py
[2026-05-09T18:58:05.213+0000] {processor.py:830} INFO - Processing file /home/airflow/.local/lib/python3.12/site-packages/airflow/example_dags/example_kubernetes_executor.py for tasks to queue
[2026-05-09T18:58:05.215+0000] {logging_mixin.py:188} INFO - [2026-05-09T18:58:05.215+0000] {dagbag.py:545} INFO - Filling up the DagBag from /home/airflow/.local/lib/python3.12/site-packages/airflow/example_dags/example_kubernetes_executor.py
[2026-05-09T18:58:05.230+0000] {processor.py:840} INFO - DAG(s) 'example_kubernetes_executor' retrieved from /home/airflow/.local/lib/python3.12/site-packages/airflow/example_dags/example_kubernetes_executor.py
[2026-05-09T18:58:05.280+0000] {logging_mixin.py:188} INFO - [2026-05-09T18:58:05.280+0000] {dag.py:3096} INFO - Sync 1 DAGs
[2026-05-09T18:58:05.296+0000] {logging_mixin.py:188} INFO - [2026-05-09T18:58:05.296+0000] {dag.py:3954} INFO - Setting next_dagrun for example_kubernetes_executor to None, run_after=None
[2026-05-09T18:58:05.326+0000] {processor.py:183} INFO - Processing /home/airflow/.local/lib/python3.12/site-packages/airflow/example_dags/example_kubernetes_executor.py took 0.122 seconds
[2026-05-09T18:58:36.106+0000] {processor.py:161} INFO - Started process (PID=838) to work on /home/airflow/.local/lib/python3.12/site-packages/airflow/example_dags/example_kubernetes_executor.py
[2026-05-09T18:58:36.107+0000] {processor.py:830} INFO - Processing file /home/airflow/.local/lib/python3.12/site-packages/airflow/example_dags/example_kubernetes_executor.py for tasks to queue
[2026-05-09T18:58:36.109+0000] {logging_mixin.py:188} INFO - [2026-05-09T18:58:36.108+0000] {dagbag.py:545} INFO - Filling up the DagBag from /home/airflow/.local/lib/python3.12/site-packages/airflow/example_dags/example_kubernetes_executor.py
[2026-05-09T18:58:36.122+0000] {processor.py:840} INFO - DAG(s) 'example_kubernetes_executor' retrieved from /home/airflow/.local/lib/python3.12/site-packages/airflow/example_dags/example_kubernetes_executor.py
[2026-05-09T18:58:36.170+0000] {logging_mixin.py:188} INFO - [2026-05-09T18:58:36.170+0000] {dag.py:3096} INFO - Sync 1 DAGs
[2026-05-09T18:58:36.185+0000] {logging_mixin.py:188} INFO - [2026-05-09T18:58:36.185+0000] {dag.py:3954} INFO - Setting next_dagrun for example_kubernetes_executor to None, run_after=None
[2026-05-09T18:58:36.215+0000] {processor.py:183} INFO - Processing /home/airflow/.local/lib/python3.12/site-packages/airflow/example_dags/example_kubernetes_executor.py took 0.115 seconds
[2026-05-09T18:59:06.268+0000] {processor.py:161} INFO - Started process (PID=897) to work on /home/airflow/.local/lib/python3.12/site-packages/airflow/example_dags/example_kubernetes_executor.py
[2026-05-09T18:59:06.269+0000] {processor.py:830} INFO - Processing file /home/airflow/.local/lib/python3.12/site-packages/airflow/example_dags/example_kubernetes_executor.py for tasks to queue
[2026-05-09T18:59:06.271+0000] {logging_mixin.py:188} INFO - [2026-05-09T18:59:06.270+0000] {dagbag.py:545} INFO - Filling up the DagBag from /home/airflow/.local/lib/python3.12/site-packages/airflow/example_dags/example_kubernetes_executor.py
[2026-05-09T18:59:06.284+0000] {processor.py:840} INFO - DAG(s) 'example_kubernetes_executor' retrieved from /home/airflow/.local/lib/python3.12/site-packages/airflow/example_dags/example_kubernetes_executor.py
[2026-05-09T18:59:06.324+0000] {logging_mixin.py:188} INFO - [2026-05-09T18:59:06.323+0000] {dag.py:3096} INFO - Sync 1 DAGs
[2026-05-09T18:59:06.335+0000] {logging_mixin.py:188} INFO - [2026-05-09T18:59:06.335+0000] {dag.py:3954} INFO - Setting next_dagrun for example_kubernetes_executor to None, run_after=None
[2026-05-09T18:59:06.358+0000] {processor.py:183} INFO - Processing /home/airflow/.local/lib/python3.12/site-packages/airflow/example_dags/example_kubernetes_executor.py took 0.096 seconds
[2026-05-09T18:59:36.552+0000] {processor.py:161} INFO - Started process (PID=956) to work on /home/airflow/.local/lib/python3.12/site-packages/airflow/example_dags/example_kubernetes_executor.py
[2026-05-09T18:59:36.554+0000] {processor.py:830} INFO - Processing file /home/airflow/.local/lib/python3.12/site-packages/airflow/example_dags/example_kubernetes_executor.py for tasks to queue
[2026-05-09T18:59:36.555+0000] {logging_mixin.py:188} INFO - [2026-05-09T18:59:36.555+0000] {dagbag.py:545} INFO - Filling up the DagBag from /home/airflow/.local/lib/python3.12/site-packages/airflow/example_dags/example_kubernetes_executor.py
[2026-05-09T18:59:36.567+0000] {processor.py:840} INFO - DAG(s) 'example_kubernetes_executor' retrieved from /home/airflow/.local/lib/python3.12/site-packages/airflow/example_dags/example_kubernetes_executor.py
[2026-05-09T18:59:36.609+0000] {logging_mixin.py:188} INFO - [2026-05-09T18:59:36.608+0000] {dag.py:3096} INFO - Sync 1 DAGs
[2026-05-09T18:59:36.621+0000] {logging_mixin.py:188} INFO - [2026-05-09T18:59:36.621+0000] {dag.py:3954} INFO - Setting next_dagrun for example_kubernetes_executor to None, run_after=None
[2026-05-09T18:59:36.649+0000] {processor.py:183} INFO - Processing /home/airflow/.local/lib/python3.12/site-packages/airflow/example_dags/example_kubernetes_executor.py took 0.101 seconds
[2026-05-09T19:00:07.439+0000] {processor.py:161} INFO - Started process (PID=1015) to work on /home/airflow/.local/lib/python3.12/site-packages/airflow/example_dags/example_kubernetes_executor.py
[2026-05-09T19:00:07.440+0000] {processor.py:830} INFO - Processing file /home/airflow/.local/lib/python3.12/site-packages/airflow/example_dags/example_kubernetes_executor.py for tasks to queue
[2026-05-09T19:00:07.442+0000] {logging_mixin.py:188} INFO - [2026-05-09T19:00:07.442+0000] {dagbag.py:545} INFO - Filling up the DagBag from /home/airflow/.local/lib/python3.12/site-packages/airflow/example_dags/example_kubernetes_executor.py
[2026-05-09T19:00:07.454+0000] {processor.py:840} INFO - DAG(s) 'example_kubernetes_executor' retrieved from /home/airflow/.local/lib/python3.12/site-packages/airflow/example_dags/example_kubernetes_executor.py
[2026-05-09T19:00:07.494+0000] {logging_mixin.py:188} INFO - [2026-05-09T19:00:07.494+0000] {dag.py:3096} INFO - Sync 1 DAGs
[2026-05-09T19:00:07.506+0000] {logging_mixin.py:188} INFO - [2026-05-09T19:00:07.506+0000] {dag.py:3954} INFO - Setting next_dagrun for example_kubernetes_executor to None, run_after=None
[2026-05-09T19:00:07.532+0000] {processor.py:183} INFO - Processing /home/airflow/.local/lib/python3.12/site-packages/airflow/example_dags/example_kubernetes_executor.py took 0.099 seconds
[2026-05-09T19:00:38.210+0000] {processor.py:161} INFO - Started process (PID=1074) to work on /home/airflow/.local/lib/python3.12/site-packages/airflow/example_dags/example_kubernetes_executor.py
[2026-05-09T19:00:38.212+0000] {processor.py:830} INFO - Processing file /home/airflow/.local/lib/python3.12/site-packages/airflow/example_dags/example_kubernetes_executor.py for tasks to queue
[2026-05-09T19:00:38.214+0000] {logging_mixin.py:188} INFO - [2026-05-09T19:00:38.213+0000] {dagbag.py:545} INFO - Filling up the DagBag from /home/airflow/.local/lib/python3.12/site-packages/airflow/example_dags/example_kubernetes_executor.py
[2026-05-09T19:00:38.225+0000] {processor.py:840} INFO - DAG(s) 'example_kubernetes_executor' retrieved from /home/airflow/.local/lib/python3.12/site-packages/airflow/example_dags/example_kubernetes_executor.py
[2026-05-09T19:00:38.272+0000] {logging_mixin.py:188} INFO - [2026-05-09T19:00:38.271+0000] {dag.py:3096} INFO - Sync 1 DAGs
[2026-05-09T19:00:38.296+0000] {logging_mixin.py:188} INFO - [2026-05-09T19:00:38.295+0000] {dag.py:3954} INFO - Setting next_dagrun for example_kubernetes_executor to None, run_after=None
[2026-05-09T19:00:38.334+0000] {processor.py:183} INFO - Processing /home/airflow/.local/lib/python3.12/site-packages/airflow/example_dags/example_kubernetes_executor.py took 0.128 seconds
[2026-05-09T19:01:08.826+0000] {processor.py:161} INFO - Started process (PID=1133) to work on /home/airflow/.local/lib/python3.12/site-packages/airflow/example_dags/example_kubernetes_executor.py
[2026-05-09T19:01:08.827+0000] {processor.py:830} INFO - Processing file /home/airflow/.local/lib/python3.12/site-packages/airflow/example_dags/example_kubernetes_executor.py for tasks to queue
[2026-05-09T19:01:08.829+0000] {logging_mixin.py:188} INFO - [2026-05-09T19:01:08.829+0000] {dagbag.py:545} INFO - Filling up the DagBag from /home/airflow/.local/lib/python3.12/site-packages/airflow/example_dags/example_kubernetes_executor.py
[2026-05-09T19:01:08.842+0000] {processor.py:840} INFO - DAG(s) 'example_kubernetes_executor' retrieved from /home/airflow/.local/lib/python3.12/site-packages/airflow/example_dags/example_kubernetes_executor.py
[2026-05-09T19:01:08.893+0000] {logging_mixin.py:188} INFO - [2026-05-09T19:01:08.893+0000] {dag.py:3096} INFO - Sync 1 DAGs
[2026-05-09T19:01:08.908+0000] {logging_mixin.py:188} INFO - [2026-05-09T19:01:08.908+0000] {dag.py:3954} INFO - Setting next_dagrun for example_kubernetes_executor to None, run_after=None
[2026-05-09T19:01:08.937+0000] {processor.py:183} INFO - Processing /home/airflow/.local/lib/python3.12/site-packages/airflow/example_dags/example_kubernetes_executor.py took 0.117 seconds
[2026-05-09T19:01:39.204+0000] {processor.py:161} INFO - Started process (PID=1192) to work on /home/airflow/.local/lib/python3.12/site-packages/airflow/example_dags/example_kubernetes_executor.py
[2026-05-09T19:01:39.205+0000] {processor.py:830} INFO - Processing file /home/airflow/.local/lib/python3.12/site-packages/airflow/example_dags/example_kubernetes_executor.py for tasks to queue
[2026-05-09T19:01:39.207+0000] {logging_mixin.py:188} INFO - [2026-05-09T19:01:39.207+0000] {dagbag.py:545} INFO - Filling up the DagBag from /home/airflow/.local/lib/python3.12/site-packages/airflow/example_dags/example_kubernetes_executor.py
[2026-05-09T19:01:39.221+0000] {processor.py:840} INFO - DAG(s) 'example_kubernetes_executor' retrieved from /home/airflow/.local/lib/python3.12/site-packages/airflow/example_dags/example_kubernetes_executor.py
[2026-05-09T19:01:39.267+0000] {logging_mixin.py:188} INFO - [2026-05-09T19:01:39.267+0000] {dag.py:3096} INFO - Sync 1 DAGs
[2026-05-09T19:01:39.280+0000] {logging_mixin.py:188} INFO - [2026-05-09T19:01:39.280+0000] {dag.py:3954} INFO - Setting next_dagrun for example_kubernetes_executor to None, run_after=None
[2026-05-09T19:01:39.310+0000] {processor.py:183} INFO - Processing /home/airflow/.local/lib/python3.12/site-packages/airflow/example_dags/example_kubernetes_executor.py took 0.112 seconds
[2026-05-09T19:02:09.552+0000] {processor.py:161} INFO - Started process (PID=1245) to work on /home/airflow/.local/lib/python3.12/site-packages/airflow/example_dags/example_kubernetes_executor.py
[2026-05-09T19:02:09.554+0000] {processor.py:830} INFO - Processing file /home/airflow/.local/lib/python3.12/site-packages/airflow/example_dags/example_kubernetes_executor.py for tasks to queue
[2026-05-09T19:02:09.556+0000] {logging_mixin.py:188} INFO - [2026-05-09T19:02:09.555+0000] {dagbag.py:545} INFO - Filling up the DagBag from /home/airflow/.local/lib/python3.12/site-packages/airflow/example_dags/example_kubernetes_executor.py
[2026-05-09T19:02:09.568+0000] {processor.py:840} INFO - DAG(s) 'example_kubernetes_executor' retrieved from /home/airflow/.local/lib/python3.12/site-packages/airflow/example_dags/example_kubernetes_executor.py
[2026-05-09T19:02:09.612+0000] {logging_mixin.py:188} INFO - [2026-05-09T19:02:09.612+0000] {dag.py:3096} INFO - Sync 1 DAGs
[2026-05-09T19:02:09.627+0000] {logging_mixin.py:188} INFO - [2026-05-09T19:02:09.627+0000] {dag.py:3954} INFO - Setting next_dagrun for example_kubernetes_executor to None, run_after=None
[2026-05-09T19:02:09.657+0000] {processor.py:183} INFO - Processing /home/airflow/.local/lib/python3.12/site-packages/airflow/example_dags/example_kubernetes_executor.py took 0.111 seconds
[2026-05-09T19:02:40.011+0000] {processor.py:161} INFO - Started process (PID=1304) to work on /home/airflow/.local/lib/python3.12/site-packages/airflow/example_dags/example_kubernetes_executor.py
[2026-05-09T19:02:40.012+0000] {processor.py:830} INFO - Processing file /home/airflow/.local/lib/python3.12/site-packages/airflow/example_dags/example_kubernetes_executor.py for tasks to queue
[2026-05-09T19:02:40.014+0000] {logging_mixin.py:188} INFO - [2026-05-09T19:02:40.014+0000] {dagbag.py:545} INFO - Filling up the DagBag from /home/airflow/.local/lib/python3.12/site-packages/airflow/example_dags/example_kubernetes_executor.py
[2026-05-09T19:02:40.026+0000] {processor.py:840} INFO - DAG(s) 'example_kubernetes_executor' retrieved from /home/airflow/.local/lib/python3.12/site-packages/airflow/example_dags/example_kubernetes_executor.py
[2026-05-09T19:02:40.074+0000] {logging_mixin.py:188} INFO - [2026-05-09T19:02:40.073+0000] {dag.py:3096} INFO - Sync 1 DAGs
[2026-05-09T19:02:40.089+0000] {logging_mixin.py:188} INFO - [2026-05-09T19:02:40.089+0000] {dag.py:3954} INFO - Setting next_dagrun for example_kubernetes_executor to None, run_after=None
[2026-05-09T19:02:40.117+0000] {processor.py:183} INFO - Processing /home/airflow/.local/lib/python3.12/site-packages/airflow/example_dags/example_kubernetes_executor.py took 0.112 seconds
[2026-05-09T19:03:10.183+0000] {processor.py:161} INFO - Started process (PID=1363) to work on /home/airflow/.local/lib/python3.12/site-packages/airflow/example_dags/example_kubernetes_executor.py
[2026-05-09T19:03:10.184+0000] {processor.py:830} INFO - Processing file /home/airflow/.local/lib/python3.12/site-packages/airflow/example_dags/example_kubernetes_executor.py for tasks to queue
[2026-05-09T19:03:10.186+0000] {logging_mixin.py:188} INFO - [2026-05-09T19:03:10.186+0000] {dagbag.py:545} INFO - Filling up the DagBag from /home/airflow/.local/lib/python3.12/site-packages/airflow/example_dags/example_kubernetes_executor.py
[2026-05-09T19:03:10.198+0000] {processor.py:840} INFO - DAG(s) 'example_kubernetes_executor' retrieved from /home/airflow/.local/lib/python3.12/site-packages/airflow/example_dags/example_kubernetes_executor.py
[2026-05-09T19:03:10.236+0000] {logging_mixin.py:188} INFO - [2026-05-09T19:03:10.235+0000] {dag.py:3096} INFO - Sync 1 DAGs
[2026-05-09T19:03:10.248+0000] {logging_mixin.py:188} INFO - [2026-05-09T19:03:10.247+0000] {dag.py:3954} INFO - Setting next_dagrun for example_kubernetes_executor to None, run_after=None
[2026-05-09T19:03:10.273+0000] {processor.py:183} INFO - Processing /home/airflow/.local/lib/python3.12/site-packages/airflow/example_dags/example_kubernetes_executor.py took 0.095 seconds
[2026-05-09T19:03:41.131+0000] {processor.py:161} INFO - Started process (PID=1422) to work on /home/airflow/.local/lib/python3.12/site-packages/airflow/example_dags/example_kubernetes_executor.py
[2026-05-09T19:03:41.133+0000] {processor.py:830} INFO - Processing file /home/airflow/.local/lib/python3.12/site-packages/airflow/example_dags/example_kubernetes_executor.py for tasks to queue
[2026-05-09T19:03:41.134+0000] {logging_mixin.py:188} INFO - [2026-05-09T19:03:41.134+0000] {dagbag.py:545} INFO - Filling up the DagBag from /home/airflow/.local/lib/python3.12/site-packages/airflow/example_dags/example_kubernetes_executor.py
[2026-05-09T19:03:41.146+0000] {processor.py:840} INFO - DAG(s) 'example_kubernetes_executor' retrieved from /home/airflow/.local/lib/python3.12/site-packages/airflow/example_dags/example_kubernetes_executor.py
[2026-05-09T19:03:41.186+0000] {logging_mixin.py:188} INFO - [2026-05-09T19:03:41.185+0000] {dag.py:3096} INFO - Sync 1 DAGs
[2026-05-09T19:03:41.197+0000] {logging_mixin.py:188} INFO - [2026-05-09T19:03:41.197+0000] {dag.py:3954} INFO - Setting next_dagrun for example_kubernetes_executor to None, run_after=None
[2026-05-09T19:03:41.222+0000] {processor.py:183} INFO - Processing /home/airflow/.local/lib/python3.12/site-packages/airflow/example_dags/example_kubernetes_executor.py took 0.095 seconds
[2026-05-09T19:04:11.517+0000] {processor.py:161} INFO - Started process (PID=1481) to work on /home/airflow/.local/lib/python3.12/site-packages/airflow/example_dags/example_kubernetes_executor.py
[2026-05-09T19:04:11.518+0000] {processor.py:830} INFO - Processing file /home/airflow/.local/lib/python3.12/site-packages/airflow/example_dags/example_kubernetes_executor.py for tasks to queue
[2026-05-09T19:04:11.520+0000] {logging_mixin.py:188} INFO - [2026-05-09T19:04:11.520+0000] {dagbag.py:545} INFO - Filling up the DagBag from /home/airflow/.local/lib/python3.12/site-packages/airflow/example_dags/example_kubernetes_executor.py
[2026-05-09T19:04:11.532+0000] {processor.py:840} INFO - DAG(s) 'example_kubernetes_executor' retrieved from /home/airflow/.local/lib/python3.12/site-packages/airflow/example_dags/example_kubernetes_executor.py
[2026-05-09T19:04:11.572+0000] {logging_mixin.py:188} INFO - [2026-05-09T19:04:11.572+0000] {dag.py:3096} INFO - Sync 1 DAGs
[2026-05-09T19:04:11.585+0000] {logging_mixin.py:188} INFO - [2026-05-09T19:04:11.585+0000] {dag.py:3954} INFO - Setting next_dagrun for example_kubernetes_executor to None, run_after=None
[2026-05-09T19:04:11.610+0000] {processor.py:183} INFO - Processing /home/airflow/.local/lib/python3.12/site-packages/airflow/example_dags/example_kubernetes_executor.py took 0.098 seconds
[2026-05-09T19:04:42.133+0000] {processor.py:161} INFO - Started process (PID=1540) to work on /home/airflow/.local/lib/python3.12/site-packages/airflow/example_dags/example_kubernetes_executor.py
[2026-05-09T19:04:42.135+0000] {processor.py:830} INFO - Processing file /home/airflow/.local/lib/python3.12/site-packages/airflow/example_dags/example_kubernetes_executor.py for tasks to queue
[2026-05-09T19:04:42.137+0000] {logging_mixin.py:188} INFO - [2026-05-09T19:04:42.137+0000] {dagbag.py:545} INFO - Filling up the DagBag from /home/airflow/.local/lib/python3.12/site-packages/airflow/example_dags/example_kubernetes_executor.py
[2026-05-09T19:04:42.150+0000] {processor.py:840} INFO - DAG(s) 'example_kubernetes_executor' retrieved from /home/airflow/.local/lib/python3.12/site-packages/airflow/example_dags/example_kubernetes_executor.py
[2026-05-09T19:04:42.194+0000] {logging_mixin.py:188} INFO - [2026-05-09T19:04:42.193+0000] {dag.py:3096} INFO - Sync 1 DAGs
[2026-05-09T19:04:42.208+0000] {logging_mixin.py:188} INFO - [2026-05-09T19:04:42.208+0000] {dag.py:3954} INFO - Setting next_dagrun for example_kubernetes_executor to None, run_after=None
[2026-05-09T19:04:42.234+0000] {processor.py:183} INFO - Processing /home/airflow/.local/lib/python3.12/site-packages/airflow/example_dags/example_kubernetes_executor.py took 0.107 seconds
[2026-05-09T19:05:12.436+0000] {processor.py:161} INFO - Started process (PID=1599) to work on /home/airflow/.local/lib/python3.12/site-packages/airflow/example_dags/example_kubernetes_executor.py
[2026-05-09T19:05:12.437+0000] {processor.py:830} INFO - Processing file /home/airflow/.local/lib/python3.12/site-packages/airflow/example_dags/example_kubernetes_executor.py for tasks to queue
[2026-05-09T19:05:12.439+0000] {logging_mixin.py:188} INFO - [2026-05-09T19:05:12.439+0000] {dagbag.py:545} INFO - Filling up the DagBag from /home/airflow/.local/lib/python3.12/site-packages/airflow/example_dags/example_kubernetes_executor.py
[2026-05-09T19:05:12.454+0000] {processor.py:840} INFO - DAG(s) 'example_kubernetes_executor' retrieved from /home/airflow/.local/lib/python3.12/site-packages/airflow/example_dags/example_kubernetes_executor.py
[2026-05-09T19:05:12.497+0000] {logging_mixin.py:188} INFO - [2026-05-09T19:05:12.496+0000] {dag.py:3096} INFO - Sync 1 DAGs
[2026-05-09T19:05:12.511+0000] {logging_mixin.py:188} INFO - [2026-05-09T19:05:12.511+0000] {dag.py:3954} INFO - Setting next_dagrun for example_kubernetes_executor to None, run_after=None
[2026-05-09T19:05:12.539+0000] {processor.py:183} INFO - Processing /home/airflow/.local/lib/python3.12/site-packages/airflow/example_dags/example_kubernetes_executor.py took 0.110 seconds
[2026-05-09T19:05:42.708+0000] {processor.py:161} INFO - Started process (PID=1658) to work on /home/airflow/.local/lib/python3.12/site-packages/airflow/example_dags/example_kubernetes_executor.py
[2026-05-09T19:05:42.709+0000] {processor.py:830} INFO - Processing file /home/airflow/.local/lib/python3.12/site-packages/airflow/example_dags/example_kubernetes_executor.py for tasks to queue
[2026-05-09T19:05:42.711+0000] {logging_mixin.py:188} INFO - [2026-05-09T19:05:42.711+0000] {dagbag.py:545} INFO - Filling up the DagBag from /home/airflow/.local/lib/python3.12/site-packages/airflow/example_dags/example_kubernetes_executor.py
[2026-05-09T19:05:42.725+0000] {processor.py:840} INFO - DAG(s) 'example_kubernetes_executor' retrieved from /home/airflow/.local/lib/python3.12/site-packages/airflow/example_dags/example_kubernetes_executor.py
[2026-05-09T19:05:42.770+0000] {logging_mixin.py:188} INFO - [2026-05-09T19:05:42.770+0000] {dag.py:3096} INFO - Sync 1 DAGs
[2026-05-09T19:05:42.785+0000] {logging_mixin.py:188} INFO - [2026-05-09T19:05:42.784+0000] {dag.py:3954} INFO - Setting next_dagrun for example_kubernetes_executor to None, run_after=None
[2026-05-09T19:05:42.811+0000] {processor.py:183} INFO - Processing /home/airflow/.local/lib/python3.12/site-packages/airflow/example_dags/example_kubernetes_executor.py took 0.108 seconds
[2026-05-09T19:06:13.172+0000] {processor.py:161} INFO - Started process (PID=1717) to work on /home/airflow/.local/lib/python3.12/site-packages/airflow/example_dags/example_kubernetes_executor.py
[2026-05-09T19:06:13.173+0000] {processor.py:830} INFO - Processing file /home/airflow/.local/lib/python3.12/site-packages/airflow/example_dags/example_kubernetes_executor.py for tasks to queue
[2026-05-09T19:06:13.175+0000] {logging_mixin.py:188} INFO - [2026-05-09T19:06:13.175+0000] {dagbag.py:545} INFO - Filling up the DagBag from /home/airflow/.local/lib/python3.12/site-packages/airflow/example_dags/example_kubernetes_executor.py
[2026-05-09T19:06:13.188+0000] {processor.py:840} INFO - DAG(s) 'example_kubernetes_executor' retrieved from /home/airflow/.local/lib/python3.12/site-packages/airflow/example_dags/example_kubernetes_executor.py
[2026-05-09T19:06:13.240+0000] {logging_mixin.py:188} INFO - [2026-05-09T19:06:13.240+0000] {dag.py:3096} INFO - Sync 1 DAGs
[2026-05-09T19:06:13.260+0000] {logging_mixin.py:188} INFO - [2026-05-09T19:06:13.259+0000] {dag.py:3954} INFO - Setting next_dagrun for example_kubernetes_executor to None, run_after=None
[2026-05-09T19:06:13.296+0000] {processor.py:183} INFO - Processing /home/airflow/.local/lib/python3.12/site-packages/airflow/example_dags/example_kubernetes_executor.py took 0.131 seconds
[2026-05-09T19:06:43.619+0000] {processor.py:161} INFO - Started process (PID=1777) to work on /home/airflow/.local/lib/python3.12/site-packages/airflow/example_dags/example_kubernetes_executor.py
[2026-05-09T19:06:43.621+0000] {processor.py:830} INFO - Processing file /home/airflow/.local/lib/python3.12/site-packages/airflow/example_dags/example_kubernetes_executor.py for tasks to queue
[2026-05-09T19:06:43.623+0000] {logging_mixin.py:188} INFO - [2026-05-09T19:06:43.622+0000] {dagbag.py:545} INFO - Filling up the DagBag from /home/airflow/.local/lib/python3.12/site-packages/airflow/example_dags/example_kubernetes_executor.py
[2026-05-09T19:06:43.635+0000] {processor.py:840} INFO - DAG(s) 'example_kubernetes_executor' retrieved from /home/airflow/.local/lib/python3.12/site-packages/airflow/example_dags/example_kubernetes_executor.py
[2026-05-09T19:06:43.679+0000] {logging_mixin.py:188} INFO - [2026-05-09T19:06:43.679+0000] {dag.py:3096} INFO - Sync 1 DAGs
[2026-05-09T19:06:43.695+0000] {logging_mixin.py:188} INFO - [2026-05-09T19:06:43.695+0000] {dag.py:3954} INFO - Setting next_dagrun for example_kubernetes_executor to None, run_after=None
[2026-05-09T19:06:43.723+0000] {processor.py:183} INFO - Processing /home/airflow/.local/lib/python3.12/site-packages/airflow/example_dags/example_kubernetes_executor.py took 0.109 seconds
[2026-05-09T19:07:14.606+0000] {processor.py:161} INFO - Started process (PID=1835) to work on /home/airflow/.local/lib/python3.12/site-packages/airflow/example_dags/example_kubernetes_executor.py
[2026-05-09T19:07:14.608+0000] {processor.py:830} INFO - Processing file /home/airflow/.local/lib/python3.12/site-packages/airflow/example_dags/example_kubernetes_executor.py for tasks to queue
[2026-05-09T19:07:14.610+0000] {logging_mixin.py:188} INFO - [2026-05-09T19:07:14.610+0000] {dagbag.py:545} INFO - Filling up the DagBag from /home/airflow/.local/lib/python3.12/site-packages/airflow/example_dags/example_kubernetes_executor.py
[2026-05-09T19:07:14.624+0000] {processor.py:840} INFO - DAG(s) 'example_kubernetes_executor' retrieved from /home/airflow/.local/lib/python3.12/site-packages/airflow/example_dags/example_kubernetes_executor.py
[2026-05-09T19:07:14.665+0000] {logging_mixin.py:188} INFO - [2026-05-09T19:07:14.664+0000] {dag.py:3096} INFO - Sync 1 DAGs
[2026-05-09T19:07:14.678+0000] {logging_mixin.py:188} INFO - [2026-05-09T19:07:14.678+0000] {dag.py:3954} INFO - Setting next_dagrun for example_kubernetes_executor to None, run_after=None
[2026-05-09T19:07:14.704+0000] {processor.py:183} INFO - Processing /home/airflow/.local/lib/python3.12/site-packages/airflow/example_dags/example_kubernetes_executor.py took 0.104 seconds
[2026-05-09T19:07:44.883+0000] {processor.py:161} INFO - Started process (PID=1894) to work on /home/airflow/.local/lib/python3.12/site-packages/airflow/example_dags/example_kubernetes_executor.py
[2026-05-09T19:07:44.884+0000] {processor.py:830} INFO - Processing file /home/airflow/.local/lib/python3.12/site-packages/airflow/example_dags/example_kubernetes_executor.py for tasks to queue
[2026-05-09T19:07:44.886+0000] {logging_mixin.py:188} INFO - [2026-05-09T19:07:44.886+0000] {dagbag.py:545} INFO - Filling up the DagBag from /home/airflow/.local/lib/python3.12/site-packages/airflow/example_dags/example_kubernetes_executor.py
[2026-05-09T19:07:44.900+0000] {processor.py:840} INFO - DAG(s) 'example_kubernetes_executor' retrieved from /home/airflow/.local/lib/python3.12/site-packages/airflow/example_dags/example_kubernetes_executor.py
[2026-05-09T19:07:44.942+0000] {logging_mixin.py:188} INFO - [2026-05-09T19:07:44.942+0000] {dag.py:3096} INFO - Sync 1 DAGs
[2026-05-09T19:07:44.960+0000] {logging_mixin.py:188} INFO - [2026-05-09T19:07:44.959+0000] {dag.py:3954} INFO - Setting next_dagrun for example_kubernetes_executor to None, run_after=None
[2026-05-09T19:07:45.002+0000] {processor.py:183} INFO - Processing /home/airflow/.local/lib/python3.12/site-packages/airflow/example_dags/example_kubernetes_executor.py took 0.124 seconds
[2026-05-09T19:08:15.507+0000] {processor.py:161} INFO - Started process (PID=1953) to work on /home/airflow/.local/lib/python3.12/site-packages/airflow/example_dags/example_kubernetes_executor.py
[2026-05-09T19:08:15.508+0000] {processor.py:830} INFO - Processing file /home/airflow/.local/lib/python3.12/site-packages/airflow/example_dags/example_kubernetes_executor.py for tasks to queue
[2026-05-09T19:08:15.510+0000] {logging_mixin.py:188} INFO - [2026-05-09T19:08:15.509+0000] {dagbag.py:545} INFO - Filling up the DagBag from /home/airflow/.local/lib/python3.12/site-packages/airflow/example_dags/example_kubernetes_executor.py
[2026-05-09T19:08:15.520+0000] {processor.py:840} INFO - DAG(s) 'example_kubernetes_executor' retrieved from /home/airflow/.local/lib/python3.12/site-packages/airflow/example_dags/example_kubernetes_executor.py
[2026-05-09T19:08:15.557+0000] {logging_mixin.py:188} INFO - [2026-05-09T19:08:15.557+0000] {dag.py:3096} INFO - Sync 1 DAGs
[2026-05-09T19:08:15.569+0000] {logging_mixin.py:188} INFO - [2026-05-09T19:08:15.569+0000] {dag.py:3954} INFO - Setting next_dagrun for example_kubernetes_executor to None, run_after=None
[2026-05-09T19:08:15.592+0000] {processor.py:183} INFO - Processing /home/airflow/.local/lib/python3.12/site-packages/airflow/example_dags/example_kubernetes_executor.py took 0.091 seconds
[2026-05-09T19:08:45.655+0000] {processor.py:161} INFO - Started process (PID=2012) to work on /home/airflow/.local/lib/python3.12/site-packages/airflow/example_dags/example_kubernetes_executor.py
[2026-05-09T19:08:45.656+0000] {processor.py:830} INFO - Processing file /home/airflow/.local/lib/python3.12/site-packages/airflow/example_dags/example_kubernetes_executor.py for tasks to queue
[2026-05-09T19:08:45.658+0000] {logging_mixin.py:188} INFO - [2026-05-09T19:08:45.658+0000] {dagbag.py:545} INFO - Filling up the DagBag from /home/airflow/.local/lib/python3.12/site-packages/airflow/example_dags/example_kubernetes_executor.py
[2026-05-09T19:08:45.669+0000] {processor.py:840} INFO - DAG(s) 'example_kubernetes_executor' retrieved from /home/airflow/.local/lib/python3.12/site-packages/airflow/example_dags/example_kubernetes_executor.py
[2026-05-09T19:08:45.705+0000] {logging_mixin.py:188} INFO - [2026-05-09T19:08:45.705+0000] {dag.py:3096} INFO - Sync 1 DAGs
[2026-05-09T19:08:45.719+0000] {logging_mixin.py:188} INFO - [2026-05-09T19:08:45.719+0000] {dag.py:3954} INFO - Setting next_dagrun for example_kubernetes_executor to None, run_after=None
[2026-05-09T19:08:45.741+0000] {processor.py:183} INFO - Processing /home/airflow/.local/lib/python3.12/site-packages/airflow/example_dags/example_kubernetes_executor.py took 0.092 seconds
[2026-05-09T19:09:16.038+0000] {processor.py:161} INFO - Started process (PID=2071) to work on /home/airflow/.local/lib/python3.12/site-packages/airflow/example_dags/example_kubernetes_executor.py
[2026-05-09T19:09:16.040+0000] {processor.py:830} INFO - Processing file /home/airflow/.local/lib/python3.12/site-packages/airflow/example_dags/example_kubernetes_executor.py for tasks to queue
[2026-05-09T19:09:16.042+0000] {logging_mixin.py:188} INFO - [2026-05-09T19:09:16.042+0000] {dagbag.py:545} INFO - Filling up the DagBag from /home/airflow/.local/lib/python3.12/site-packages/airflow/example_dags/example_kubernetes_executor.py
[2026-05-09T19:09:16.054+0000] {processor.py:840} INFO - DAG(s) 'example_kubernetes_executor' retrieved from /home/airflow/.local/lib/python3.12/site-packages/airflow/example_dags/example_kubernetes_executor.py
[2026-05-09T19:09:16.092+0000] {logging_mixin.py:188} INFO - [2026-05-09T19:09:16.092+0000] {dag.py:3096} INFO - Sync 1 DAGs
[2026-05-09T19:09:16.105+0000] {logging_mixin.py:188} INFO - [2026-05-09T19:09:16.105+0000] {dag.py:3954} INFO - Setting next_dagrun for example_kubernetes_executor to None, run_after=None
[2026-05-09T19:09:16.160+0000] {processor.py:183} INFO - Processing /home/airflow/.local/lib/python3.12/site-packages/airflow/example_dags/example_kubernetes_executor.py took 0.128 seconds
[2026-05-09T19:09:46.355+0000] {processor.py:161} INFO - Started process (PID=2130) to work on /home/airflow/.local/lib/python3.12/site-packages/airflow/example_dags/example_kubernetes_executor.py
[2026-05-09T19:09:46.356+0000] {processor.py:830} INFO - Processing file /home/airflow/.local/lib/python3.12/site-packages/airflow/example_dags/example_kubernetes_executor.py for tasks to queue
[2026-05-09T19:09:46.359+0000] {logging_mixin.py:188} INFO - [2026-05-09T19:09:46.358+0000] {dagbag.py:545} INFO - Filling up the DagBag from /home/airflow/.local/lib/python3.12/site-packages/airflow/example_dags/example_kubernetes_executor.py
[2026-05-09T19:09:46.371+0000] {processor.py:840} INFO - DAG(s) 'example_kubernetes_executor' retrieved from /home/airflow/.local/lib/python3.12/site-packages/airflow/example_dags/example_kubernetes_executor.py
[2026-05-09T19:09:46.417+0000] {logging_mixin.py:188} INFO - [2026-05-09T19:09:46.416+0000] {dag.py:3096} INFO - Sync 1 DAGs
[2026-05-09T19:09:46.430+0000] {logging_mixin.py:188} INFO - [2026-05-09T19:09:46.430+0000] {dag.py:3954} INFO - Setting next_dagrun for example_kubernetes_executor to None, run_after=None
[2026-05-09T19:09:46.457+0000] {processor.py:183} INFO - Processing /home/airflow/.local/lib/python3.12/site-packages/airflow/example_dags/example_kubernetes_executor.py took 0.108 seconds
[2026-05-09T19:10:17.108+0000] {processor.py:161} INFO - Started process (PID=2189) to work on /home/airflow/.local/lib/python3.12/site-packages/airflow/example_dags/example_kubernetes_executor.py
[2026-05-09T19:10:17.109+0000] {processor.py:830} INFO - Processing file /home/airflow/.local/lib/python3.12/site-packages/airflow/example_dags/example_kubernetes_executor.py for tasks to queue
[2026-05-09T19:10:17.111+0000] {logging_mixin.py:188} INFO - [2026-05-09T19:10:17.111+0000] {dagbag.py:545} INFO - Filling up the DagBag from /home/airflow/.local/lib/python3.12/site-packages/airflow/example_dags/example_kubernetes_executor.py
[2026-05-09T19:10:17.125+0000] {processor.py:840} INFO - DAG(s) 'example_kubernetes_executor' retrieved from /home/airflow/.local/lib/python3.12/site-packages/airflow/example_dags/example_kubernetes_executor.py
[2026-05-09T19:10:17.163+0000] {logging_mixin.py:188} INFO - [2026-05-09T19:10:17.163+0000] {dag.py:3096} INFO - Sync 1 DAGs
[2026-05-09T19:10:17.175+0000] {logging_mixin.py:188} INFO - [2026-05-09T19:10:17.175+0000] {dag.py:3954} INFO - Setting next_dagrun for example_kubernetes_executor to None, run_after=None
[2026-05-09T19:10:17.199+0000] {processor.py:183} INFO - Processing /home/airflow/.local/lib/python3.12/site-packages/airflow/example_dags/example_kubernetes_executor.py took 0.097 seconds
[2026-05-09T19:10:47.458+0000] {processor.py:161} INFO - Started process (PID=2248) to work on /home/airflow/.local/lib/python3.12/site-packages/airflow/example_dags/example_kubernetes_executor.py
[2026-05-09T19:10:47.459+0000] {processor.py:830} INFO - Processing file /home/airflow/.local/lib/python3.12/site-packages/airflow/example_dags/example_kubernetes_executor.py for tasks to queue
[2026-05-09T19:10:47.462+0000] {logging_mixin.py:188} INFO - [2026-05-09T19:10:47.461+0000] {dagbag.py:545} INFO - Filling up the DagBag from /home/airflow/.local/lib/python3.12/site-packages/airflow/example_dags/example_kubernetes_executor.py
[2026-05-09T19:10:47.477+0000] {processor.py:840} INFO - DAG(s) 'example_kubernetes_executor' retrieved from /home/airflow/.local/lib/python3.12/site-packages/airflow/example_dags/example_kubernetes_executor.py
[2026-05-09T19:10:47.521+0000] {logging_mixin.py:188} INFO - [2026-05-09T19:10:47.520+0000] {dag.py:3096} INFO - Sync 1 DAGs
[2026-05-09T19:10:47.533+0000] {logging_mixin.py:188} INFO - [2026-05-09T19:10:47.532+0000] {dag.py:3954} INFO - Setting next_dagrun for example_kubernetes_executor to None, run_after=None
[2026-05-09T19:10:47.554+0000] {processor.py:183} INFO - Processing /home/airflow/.local/lib/python3.12/site-packages/airflow/example_dags/example_kubernetes_executor.py took 0.103 seconds
[2026-05-09T19:11:18.283+0000] {processor.py:161} INFO - Started process (PID=2307) to work on /home/airflow/.local/lib/python3.12/site-packages/airflow/example_dags/example_kubernetes_executor.py
[2026-05-09T19:11:18.284+0000] {processor.py:830} INFO - Processing file /home/airflow/.local/lib/python3.12/site-packages/airflow/example_dags/example_kubernetes_executor.py for tasks to queue
[2026-05-09T19:11:18.287+0000] {logging_mixin.py:188} INFO - [2026-05-09T19:11:18.286+0000] {dagbag.py:545} INFO - Filling up the DagBag from /home/airflow/.local/lib/python3.12/site-packages/airflow/example_dags/example_kubernetes_executor.py
[2026-05-09T19:11:18.298+0000] {processor.py:840} INFO - DAG(s) 'example_kubernetes_executor' retrieved from /home/airflow/.local/lib/python3.12/site-packages/airflow/example_dags/example_kubernetes_executor.py
[2026-05-09T19:11:18.335+0000] {logging_mixin.py:188} INFO - [2026-05-09T19:11:18.334+0000] {dag.py:3096} INFO - Sync 1 DAGs
[2026-05-09T19:11:18.347+0000] {logging_mixin.py:188} INFO - [2026-05-09T19:11:18.347+0000] {dag.py:3954} INFO - Setting next_dagrun for example_kubernetes_executor to None, run_after=None
[2026-05-09T19:11:18.373+0000] {processor.py:183} INFO - Processing /home/airflow/.local/lib/python3.12/site-packages/airflow/example_dags/example_kubernetes_executor.py took 0.096 seconds
[2026-05-09T19:11:49.031+0000] {processor.py:161} INFO - Started process (PID=2366) to work on /home/airflow/.local/lib/python3.12/site-packages/airflow/example_dags/example_kubernetes_executor.py
[2026-05-09T19:11:49.032+0000] {processor.py:830} INFO - Processing file /home/airflow/.local/lib/python3.12/site-packages/airflow/example_dags/example_kubernetes_executor.py for tasks to queue
[2026-05-09T19:11:49.035+0000] {logging_mixin.py:188} INFO - [2026-05-09T19:11:49.035+0000] {dagbag.py:545} INFO - Filling up the DagBag from /home/airflow/.local/lib/python3.12/site-packages/airflow/example_dags/example_kubernetes_executor.py
[2026-05-09T19:11:49.048+0000] {processor.py:840} INFO - DAG(s) 'example_kubernetes_executor' retrieved from /home/airflow/.local/lib/python3.12/site-packages/airflow/example_dags/example_kubernetes_executor.py
[2026-05-09T19:11:49.099+0000] {logging_mixin.py:188} INFO - [2026-05-09T19:11:49.099+0000] {dag.py:3096} INFO - Sync 1 DAGs
[2026-05-09T19:11:49.116+0000] {logging_mixin.py:188} INFO - [2026-05-09T19:11:49.115+0000] {dag.py:3954} INFO - Setting next_dagrun for example_kubernetes_executor to None, run_after=None
[2026-05-09T19:11:49.151+0000] {processor.py:183} INFO - Processing /home/airflow/.local/lib/python3.12/site-packages/airflow/example_dags/example_kubernetes_executor.py took 0.127 seconds
[2026-05-09T19:12:19.824+0000] {processor.py:161} INFO - Started process (PID=2425) to work on /home/airflow/.local/lib/python3.12/site-packages/airflow/example_dags/example_kubernetes_executor.py
[2026-05-09T19:12:19.825+0000] {processor.py:830} INFO - Processing file /home/airflow/.local/lib/python3.12/site-packages/airflow/example_dags/example_kubernetes_executor.py for tasks to queue
[2026-05-09T19:12:19.827+0000] {logging_mixin.py:188} INFO - [2026-05-09T19:12:19.827+0000] {dagbag.py:545} INFO - Filling up the DagBag from /home/airflow/.local/lib/python3.12/site-packages/airflow/example_dags/example_kubernetes_executor.py
[2026-05-09T19:12:19.839+0000] {processor.py:840} INFO - DAG(s) 'example_kubernetes_executor' retrieved from /home/airflow/.local/lib/python3.12/site-packages/airflow/example_dags/example_kubernetes_executor.py
[2026-05-09T19:12:19.875+0000] {logging_mixin.py:188} INFO - [2026-05-09T19:12:19.875+0000] {dag.py:3096} INFO - Sync 1 DAGs
[2026-05-09T19:12:19.888+0000] {logging_mixin.py:188} INFO - [2026-05-09T19:12:19.888+0000] {dag.py:3954} INFO - Setting next_dagrun for example_kubernetes_executor to None, run_after=None
[2026-05-09T19:12:19.914+0000] {processor.py:183} INFO - Processing /home/airflow/.local/lib/python3.12/site-packages/airflow/example_dags/example_kubernetes_executor.py took 0.096 seconds
[2026-05-09T19:12:50.261+0000] {processor.py:161} INFO - Started process (PID=2484) to work on /home/airflow/.local/lib/python3.12/site-packages/airflow/example_dags/example_kubernetes_executor.py
[2026-05-09T19:12:50.262+0000] {processor.py:830} INFO - Processing file /home/airflow/.local/lib/python3.12/site-packages/airflow/example_dags/example_kubernetes_executor.py for tasks to queue
[2026-05-09T19:12:50.264+0000] {logging_mixin.py:188} INFO - [2026-05-09T19:12:50.264+0000] {dagbag.py:545} INFO - Filling up the DagBag from /home/airflow/.local/lib/python3.12/site-packages/airflow/example_dags/example_kubernetes_executor.py
[2026-05-09T19:12:50.277+0000] {processor.py:840} INFO - DAG(s) 'example_kubernetes_executor' retrieved from /home/airflow/.local/lib/python3.12/site-packages/airflow/example_dags/example_kubernetes_executor.py
[2026-05-09T19:12:50.316+0000] {logging_mixin.py:188} INFO - [2026-05-09T19:12:50.316+0000] {dag.py:3096} INFO - Sync 1 DAGs
[2026-05-09T19:12:50.330+0000] {logging_mixin.py:188} INFO - [2026-05-09T19:12:50.330+0000] {dag.py:3954} INFO - Setting next_dagrun for example_kubernetes_executor to None, run_after=None
[2026-05-09T19:12:50.353+0000] {processor.py:183} INFO - Processing /home/airflow/.local/lib/python3.12/site-packages/airflow/example_dags/example_kubernetes_executor.py took 0.098 seconds
[2026-05-09T19:13:20.592+0000] {processor.py:161} INFO - Started process (PID=2543) to work on /home/airflow/.local/lib/python3.12/site-packages/airflow/example_dags/example_kubernetes_executor.py
[2026-05-09T19:13:20.593+0000] {processor.py:830} INFO - Processing file /home/airflow/.local/lib/python3.12/site-packages/airflow/example_dags/example_kubernetes_executor.py for tasks to queue
[2026-05-09T19:13:20.596+0000] {logging_mixin.py:188} INFO - [2026-05-09T19:13:20.595+0000] {dagbag.py:545} INFO - Filling up the DagBag from /home/airflow/.local/lib/python3.12/site-packages/airflow/example_dags/example_kubernetes_executor.py
[2026-05-09T19:13:20.610+0000] {processor.py:840} INFO - DAG(s) 'example_kubernetes_executor' retrieved from /home/airflow/.local/lib/python3.12/site-packages/airflow/example_dags/example_kubernetes_executor.py
[2026-05-09T19:13:20.653+0000] {logging_mixin.py:188} INFO - [2026-05-09T19:13:20.652+0000] {dag.py:3096} INFO - Sync 1 DAGs
[2026-05-09T19:13:20.666+0000] {logging_mixin.py:188} INFO - [2026-05-09T19:13:20.666+0000] {dag.py:3954} INFO - Setting next_dagrun for example_kubernetes_executor to None, run_after=None
[2026-05-09T19:13:20.691+0000] {processor.py:183} INFO - Processing /home/airflow/.local/lib/python3.12/site-packages/airflow/example_dags/example_kubernetes_executor.py took 0.105 seconds
[2026-05-09T19:13:51.111+0000] {processor.py:161} INFO - Started process (PID=2602) to work on /home/airflow/.local/lib/python3.12/site-packages/airflow/example_dags/example_kubernetes_executor.py
[2026-05-09T19:13:51.113+0000] {processor.py:830} INFO - Processing file /home/airflow/.local/lib/python3.12/site-packages/airflow/example_dags/example_kubernetes_executor.py for tasks to queue
[2026-05-09T19:13:51.114+0000] {logging_mixin.py:188} INFO - [2026-05-09T19:13:51.114+0000] {dagbag.py:545} INFO - Filling up the DagBag from /home/airflow/.local/lib/python3.12/site-packages/airflow/example_dags/example_kubernetes_executor.py
[2026-05-09T19:13:51.125+0000] {processor.py:840} INFO - DAG(s) 'example_kubernetes_executor' retrieved from /home/airflow/.local/lib/python3.12/site-packages/airflow/example_dags/example_kubernetes_executor.py
[2026-05-09T19:13:51.170+0000] {logging_mixin.py:188} INFO - [2026-05-09T19:13:51.169+0000] {dag.py:3096} INFO - Sync 1 DAGs
[2026-05-09T19:13:51.186+0000] {logging_mixin.py:188} INFO - [2026-05-09T19:13:51.185+0000] {dag.py:3954} INFO - Setting next_dagrun for example_kubernetes_executor to None, run_after=None
[2026-05-09T19:13:51.217+0000] {processor.py:183} INFO - Processing /home/airflow/.local/lib/python3.12/site-packages/airflow/example_dags/example_kubernetes_executor.py took 0.111 seconds
[2026-05-09T19:14:21.823+0000] {processor.py:161} INFO - Started process (PID=2661) to work on /home/airflow/.local/lib/python3.12/site-packages/airflow/example_dags/example_kubernetes_executor.py
[2026-05-09T19:14:21.824+0000] {processor.py:830} INFO - Processing file /home/airflow/.local/lib/python3.12/site-packages/airflow/example_dags/example_kubernetes_executor.py for tasks to queue
[2026-05-09T19:14:21.826+0000] {logging_mixin.py:188} INFO - [2026-05-09T19:14:21.826+0000] {dagbag.py:545} INFO - Filling up the DagBag from /home/airflow/.local/lib/python3.12/site-packages/airflow/example_dags/example_kubernetes_executor.py
[2026-05-09T19:14:21.837+0000] {processor.py:840} INFO - DAG(s) 'example_kubernetes_executor' retrieved from /home/airflow/.local/lib/python3.12/site-packages/airflow/example_dags/example_kubernetes_executor.py
[2026-05-09T19:14:21.874+0000] {logging_mixin.py:188} INFO - [2026-05-09T19:14:21.874+0000] {dag.py:3096} INFO - Sync 1 DAGs
[2026-05-09T19:14:21.887+0000] {logging_mixin.py:188} INFO - [2026-05-09T19:14:21.886+0000] {dag.py:3954} INFO - Setting next_dagrun for example_kubernetes_executor to None, run_after=None
[2026-05-09T19:14:21.908+0000] {processor.py:183} INFO - Processing /home/airflow/.local/lib/python3.12/site-packages/airflow/example_dags/example_kubernetes_executor.py took 0.090 seconds
[2026-05-09T19:14:52.458+0000] {processor.py:161} INFO - Started process (PID=2720) to work on /home/airflow/.local/lib/python3.12/site-packages/airflow/example_dags/example_kubernetes_executor.py
[2026-05-09T19:14:52.459+0000] {processor.py:830} INFO - Processing file /home/airflow/.local/lib/python3.12/site-packages/airflow/example_dags/example_kubernetes_executor.py for tasks to queue
[2026-05-09T19:14:52.461+0000] {logging_mixin.py:188} INFO - [2026-05-09T19:14:52.461+0000] {dagbag.py:545} INFO - Filling up the DagBag from /home/airflow/.local/lib/python3.12/site-packages/airflow/example_dags/example_kubernetes_executor.py
[2026-05-09T19:14:52.473+0000] {processor.py:840} INFO - DAG(s) 'example_kubernetes_executor' retrieved from /home/airflow/.local/lib/python3.12/site-packages/airflow/example_dags/example_kubernetes_executor.py
[2026-05-09T19:14:52.513+0000] {logging_mixin.py:188} INFO - [2026-05-09T19:14:52.512+0000] {dag.py:3096} INFO - Sync 1 DAGs
[2026-05-09T19:14:52.525+0000] {logging_mixin.py:188} INFO - [2026-05-09T19:14:52.525+0000] {dag.py:3954} INFO - Setting next_dagrun for example_kubernetes_executor to None, run_after=None
[2026-05-09T19:14:52.552+0000] {processor.py:183} INFO - Processing /home/airflow/.local/lib/python3.12/site-packages/airflow/example_dags/example_kubernetes_executor.py took 0.100 seconds
[2026-05-09T19:15:23.322+0000] {processor.py:161} INFO - Started process (PID=2779) to work on /home/airflow/.local/lib/python3.12/site-packages/airflow/example_dags/example_kubernetes_executor.py
[2026-05-09T19:15:23.323+0000] {processor.py:830} INFO - Processing file /home/airflow/.local/lib/python3.12/site-packages/airflow/example_dags/example_kubernetes_executor.py for tasks to queue
[2026-05-09T19:15:23.325+0000] {logging_mixin.py:188} INFO - [2026-05-09T19:15:23.325+0000] {dagbag.py:545} INFO - Filling up the DagBag from /home/airflow/.local/lib/python3.12/site-packages/airflow/example_dags/example_kubernetes_executor.py
[2026-05-09T19:15:23.337+0000] {processor.py:840} INFO - DAG(s) 'example_kubernetes_executor' retrieved from /home/airflow/.local/lib/python3.12/site-packages/airflow/example_dags/example_kubernetes_executor.py
[2026-05-09T19:15:23.377+0000] {logging_mixin.py:188} INFO - [2026-05-09T19:15:23.377+0000] {dag.py:3096} INFO - Sync 1 DAGs
[2026-05-09T19:15:23.390+0000] {logging_mixin.py:188} INFO - [2026-05-09T19:15:23.389+0000] {dag.py:3954} INFO - Setting next_dagrun for example_kubernetes_executor to None, run_after=None
[2026-05-09T19:15:23.412+0000] {processor.py:183} INFO - Processing /home/airflow/.local/lib/python3.12/site-packages/airflow/example_dags/example_kubernetes_executor.py took 0.096 seconds
[2026-05-09T19:15:53.713+0000] {processor.py:161} INFO - Started process (PID=2838) to work on /home/airflow/.local/lib/python3.12/site-packages/airflow/example_dags/example_kubernetes_executor.py
[2026-05-09T19:15:53.714+0000] {processor.py:830} INFO - Processing file /home/airflow/.local/lib/python3.12/site-packages/airflow/example_dags/example_kubernetes_executor.py for tasks to queue
[2026-05-09T19:15:53.716+0000] {logging_mixin.py:188} INFO - [2026-05-09T19:15:53.716+0000] {dagbag.py:545} INFO - Filling up the DagBag from /home/airflow/.local/lib/python3.12/site-packages/airflow/example_dags/example_kubernetes_executor.py
[2026-05-09T19:15:53.727+0000] {processor.py:840} INFO - DAG(s) 'example_kubernetes_executor' retrieved from /home/airflow/.local/lib/python3.12/site-packages/airflow/example_dags/example_kubernetes_executor.py
[2026-05-09T19:15:53.771+0000] {logging_mixin.py:188} INFO - [2026-05-09T19:15:53.771+0000] {dag.py:3096} INFO - Sync 1 DAGs
[2026-05-09T19:15:53.785+0000] {logging_mixin.py:188} INFO - [2026-05-09T19:15:53.784+0000] {dag.py:3954} INFO - Setting next_dagrun for example_kubernetes_executor to None, run_after=None
[2026-05-09T19:15:53.810+0000] {processor.py:183} INFO - Processing /home/airflow/.local/lib/python3.12/site-packages/airflow/example_dags/example_kubernetes_executor.py took 0.102 seconds
[2026-05-09T19:16:23.884+0000] {processor.py:161} INFO - Started process (PID=2897) to work on /home/airflow/.local/lib/python3.12/site-packages/airflow/example_dags/example_kubernetes_executor.py
[2026-05-09T19:16:23.886+0000] {processor.py:830} INFO - Processing file /home/airflow/.local/lib/python3.12/site-packages/airflow/example_dags/example_kubernetes_executor.py for tasks to queue
[2026-05-09T19:16:23.888+0000] {logging_mixin.py:188} INFO - [2026-05-09T19:16:23.888+0000] {dagbag.py:545} INFO - Filling up the DagBag from /home/airflow/.local/lib/python3.12/site-packages/airflow/example_dags/example_kubernetes_executor.py
[2026-05-09T19:16:23.912+0000] {processor.py:840} INFO - DAG(s) 'example_kubernetes_executor' retrieved from /home/airflow/.local/lib/python3.12/site-packages/airflow/example_dags/example_kubernetes_executor.py
[2026-05-09T19:16:23.958+0000] {logging_mixin.py:188} INFO - [2026-05-09T19:16:23.957+0000] {dag.py:3096} INFO - Sync 1 DAGs
[2026-05-09T19:16:23.973+0000] {logging_mixin.py:188} INFO - [2026-05-09T19:16:23.973+0000] {dag.py:3954} INFO - Setting next_dagrun for example_kubernetes_executor to None, run_after=None
[2026-05-09T19:16:23.999+0000] {processor.py:183} INFO - Processing /home/airflow/.local/lib/python3.12/site-packages/airflow/example_dags/example_kubernetes_executor.py took 0.121 seconds
[2026-05-09T19:16:54.653+0000] {processor.py:161} INFO - Started process (PID=2956) to work on /home/airflow/.local/lib/python3.12/site-packages/airflow/example_dags/example_kubernetes_executor.py
[2026-05-09T19:16:54.654+0000] {processor.py:830} INFO - Processing file /home/airflow/.local/lib/python3.12/site-packages/airflow/example_dags/example_kubernetes_executor.py for tasks to queue
[2026-05-09T19:16:54.656+0000] {logging_mixin.py:188} INFO - [2026-05-09T19:16:54.656+0000] {dagbag.py:545} INFO - Filling up the DagBag from /home/airflow/.local/lib/python3.12/site-packages/airflow/example_dags/example_kubernetes_executor.py
[2026-05-09T19:16:54.668+0000] {processor.py:840} INFO - DAG(s) 'example_kubernetes_executor' retrieved from /home/airflow/.local/lib/python3.12/site-packages/airflow/example_dags/example_kubernetes_executor.py
[2026-05-09T19:16:54.707+0000] {logging_mixin.py:188} INFO - [2026-05-09T19:16:54.707+0000] {dag.py:3096} INFO - Sync 1 DAGs
[2026-05-09T19:16:54.721+0000] {logging_mixin.py:188} INFO - [2026-05-09T19:16:54.721+0000] {dag.py:3954} INFO - Setting next_dagrun for example_kubernetes_executor to None, run_after=None
[2026-05-09T19:16:54.744+0000] {processor.py:183} INFO - Processing /home/airflow/.local/lib/python3.12/site-packages/airflow/example_dags/example_kubernetes_executor.py took 0.096 seconds
[2026-05-09T19:17:25.485+0000] {processor.py:161} INFO - Started process (PID=3015) to work on /home/airflow/.local/lib/python3.12/site-packages/airflow/example_dags/example_kubernetes_executor.py
[2026-05-09T19:17:25.486+0000] {processor.py:830} INFO - Processing file /home/airflow/.local/lib/python3.12/site-packages/airflow/example_dags/example_kubernetes_executor.py for tasks to queue
[2026-05-09T19:17:25.488+0000] {logging_mixin.py:188} INFO - [2026-05-09T19:17:25.488+0000] {dagbag.py:545} INFO - Filling up the DagBag from /home/airflow/.local/lib/python3.12/site-packages/airflow/example_dags/example_kubernetes_executor.py
[2026-05-09T19:17:25.500+0000] {processor.py:840} INFO - DAG(s) 'example_kubernetes_executor' retrieved from /home/airflow/.local/lib/python3.12/site-packages/airflow/example_dags/example_kubernetes_executor.py
[2026-05-09T19:17:25.538+0000] {logging_mixin.py:188} INFO - [2026-05-09T19:17:25.538+0000] {dag.py:3096} INFO - Sync 1 DAGs
[2026-05-09T19:17:25.552+0000] {logging_mixin.py:188} INFO - [2026-05-09T19:17:25.552+0000] {dag.py:3954} INFO - Setting next_dagrun for example_kubernetes_executor to None, run_after=None
[2026-05-09T19:17:25.574+0000] {processor.py:183} INFO - Processing /home/airflow/.local/lib/python3.12/site-packages/airflow/example_dags/example_kubernetes_executor.py took 0.094 seconds
[2026-05-09T19:17:55.956+0000] {processor.py:161} INFO - Started process (PID=3074) to work on /home/airflow/.local/lib/python3.12/site-packages/airflow/example_dags/example_kubernetes_executor.py
[2026-05-09T19:17:55.957+0000] {processor.py:830} INFO - Processing file /home/airflow/.local/lib/python3.12/site-packages/airflow/example_dags/example_kubernetes_executor.py for tasks to queue
[2026-05-09T19:17:55.959+0000] {logging_mixin.py:188} INFO - [2026-05-09T19:17:55.959+0000] {dagbag.py:545} INFO - Filling up the DagBag from /home/airflow/.local/lib/python3.12/site-packages/airflow/example_dags/example_kubernetes_executor.py
[2026-05-09T19:17:55.970+0000] {processor.py:840} INFO - DAG(s) 'example_kubernetes_executor' retrieved from /home/airflow/.local/lib/python3.12/site-packages/airflow/example_dags/example_kubernetes_executor.py
[2026-05-09T19:17:56.008+0000] {logging_mixin.py:188} INFO - [2026-05-09T19:17:56.007+0000] {dag.py:3096} INFO - Sync 1 DAGs
[2026-05-09T19:17:56.019+0000] {logging_mixin.py:188} INFO - [2026-05-09T19:17:56.019+0000] {dag.py:3954} INFO - Setting next_dagrun for example_kubernetes_executor to None, run_after=None
[2026-05-09T19:17:56.043+0000] {processor.py:183} INFO - Processing /home/airflow/.local/lib/python3.12/site-packages/airflow/example_dags/example_kubernetes_executor.py took 0.093 seconds
[2026-05-09T19:18:26.088+0000] {processor.py:161} INFO - Started process (PID=3133) to work on /home/airflow/.local/lib/python3.12/site-packages/airflow/example_dags/example_kubernetes_executor.py
[2026-05-09T19:18:26.089+0000] {processor.py:830} INFO - Processing file /home/airflow/.local/lib/python3.12/site-packages/airflow/example_dags/example_kubernetes_executor.py for tasks to queue
[2026-05-09T19:18:26.091+0000] {logging_mixin.py:188} INFO - [2026-05-09T19:18:26.091+0000] {dagbag.py:545} INFO - Filling up the DagBag from /home/airflow/.local/lib/python3.12/site-packages/airflow/example_dags/example_kubernetes_executor.py
[2026-05-09T19:18:26.103+0000] {processor.py:840} INFO - DAG(s) 'example_kubernetes_executor' retrieved from /home/airflow/.local/lib/python3.12/site-packages/airflow/example_dags/example_kubernetes_executor.py
[2026-05-09T19:18:26.142+0000] {logging_mixin.py:188} INFO - [2026-05-09T19:18:26.142+0000] {dag.py:3096} INFO - Sync 1 DAGs
[2026-05-09T19:18:26.155+0000] {logging_mixin.py:188} INFO - [2026-05-09T19:18:26.155+0000] {dag.py:3954} INFO - Setting next_dagrun for example_kubernetes_executor to None, run_after=None
[2026-05-09T19:18:26.177+0000] {processor.py:183} INFO - Processing /home/airflow/.local/lib/python3.12/site-packages/airflow/example_dags/example_kubernetes_executor.py took 0.095 seconds
[2026-05-09T19:18:57.118+0000] {processor.py:161} INFO - Started process (PID=3192) to work on /home/airflow/.local/lib/python3.12/site-packages/airflow/example_dags/example_kubernetes_executor.py
[2026-05-09T19:18:57.119+0000] {processor.py:830} INFO - Processing file /home/airflow/.local/lib/python3.12/site-packages/airflow/example_dags/example_kubernetes_executor.py for tasks to queue
[2026-05-09T19:18:57.121+0000] {logging_mixin.py:188} INFO - [2026-05-09T19:18:57.121+0000] {dagbag.py:545} INFO - Filling up the DagBag from /home/airflow/.local/lib/python3.12/site-packages/airflow/example_dags/example_kubernetes_executor.py
[2026-05-09T19:18:57.133+0000] {processor.py:840} INFO - DAG(s) 'example_kubernetes_executor' retrieved from /home/airflow/.local/lib/python3.12/site-packages/airflow/example_dags/example_kubernetes_executor.py
[2026-05-09T19:18:57.169+0000] {logging_mixin.py:188} INFO - [2026-05-09T19:18:57.169+0000] {dag.py:3096} INFO - Sync 1 DAGs
[2026-05-09T19:18:57.182+0000] {logging_mixin.py:188} INFO - [2026-05-09T19:18:57.181+0000] {dag.py:3954} INFO - Setting next_dagrun for example_kubernetes_executor to None, run_after=None
[2026-05-09T19:18:57.205+0000] {processor.py:183} INFO - Processing /home/airflow/.local/lib/python3.12/site-packages/airflow/example_dags/example_kubernetes_executor.py took 0.092 seconds
[2026-05-09T19:19:28.578+0000] {processor.py:161} INFO - Started process (PID=3251) to work on /home/airflow/.local/lib/python3.12/site-packages/airflow/example_dags/example_kubernetes_executor.py
[2026-05-09T19:19:28.579+0000] {processor.py:830} INFO - Processing file /home/airflow/.local/lib/python3.12/site-packages/airflow/example_dags/example_kubernetes_executor.py for tasks to queue
[2026-05-09T19:19:28.581+0000] {logging_mixin.py:188} INFO - [2026-05-09T19:19:28.580+0000] {dagbag.py:545} INFO - Filling up the DagBag from /home/airflow/.local/lib/python3.12/site-packages/airflow/example_dags/example_kubernetes_executor.py
[2026-05-09T19:19:28.592+0000] {processor.py:840} INFO - DAG(s) 'example_kubernetes_executor' retrieved from /home/airflow/.local/lib/python3.12/site-packages/airflow/example_dags/example_kubernetes_executor.py
[2026-05-09T19:19:28.629+0000] {logging_mixin.py:188} INFO - [2026-05-09T19:19:28.629+0000] {dag.py:3096} INFO - Sync 1 DAGs
[2026-05-09T19:19:28.642+0000] {logging_mixin.py:188} INFO - [2026-05-09T19:19:28.641+0000] {dag.py:3954} INFO - Setting next_dagrun for example_kubernetes_executor to None, run_after=None
[2026-05-09T19:19:28.664+0000] {processor.py:183} INFO - Processing /home/airflow/.local/lib/python3.12/site-packages/airflow/example_dags/example_kubernetes_executor.py took 0.091 seconds
[2026-05-09T19:19:59.118+0000] {processor.py:161} INFO - Started process (PID=3310) to work on /home/airflow/.local/lib/python3.12/site-packages/airflow/example_dags/example_kubernetes_executor.py
[2026-05-09T19:19:59.119+0000] {processor.py:830} INFO - Processing file /home/airflow/.local/lib/python3.12/site-packages/airflow/example_dags/example_kubernetes_executor.py for tasks to queue
[2026-05-09T19:19:59.121+0000] {logging_mixin.py:188} INFO - [2026-05-09T19:19:59.121+0000] {dagbag.py:545} INFO - Filling up the DagBag from /home/airflow/.local/lib/python3.12/site-packages/airflow/example_dags/example_kubernetes_executor.py
[2026-05-09T19:19:59.133+0000] {processor.py:840} INFO - DAG(s) 'example_kubernetes_executor' retrieved from /home/airflow/.local/lib/python3.12/site-packages/airflow/example_dags/example_kubernetes_executor.py
[2026-05-09T19:19:59.170+0000] {logging_mixin.py:188} INFO - [2026-05-09T19:19:59.170+0000] {dag.py:3096} INFO - Sync 1 DAGs
[2026-05-09T19:19:59.182+0000] {logging_mixin.py:188} INFO - [2026-05-09T19:19:59.182+0000] {dag.py:3954} INFO - Setting next_dagrun for example_kubernetes_executor to None, run_after=None
[2026-05-09T19:19:59.206+0000] {processor.py:183} INFO - Processing /home/airflow/.local/lib/python3.12/site-packages/airflow/example_dags/example_kubernetes_executor.py took 0.092 seconds
[2026-05-09T19:20:30.125+0000] {processor.py:161} INFO - Started process (PID=3369) to work on /home/airflow/.local/lib/python3.12/site-packages/airflow/example_dags/example_kubernetes_executor.py
[2026-05-09T19:20:30.126+0000] {processor.py:830} INFO - Processing file /home/airflow/.local/lib/python3.12/site-packages/airflow/example_dags/example_kubernetes_executor.py for tasks to queue
[2026-05-09T19:20:30.128+0000] {logging_mixin.py:188} INFO - [2026-05-09T19:20:30.128+0000] {dagbag.py:545} INFO - Filling up the DagBag from /home/airflow/.local/lib/python3.12/site-packages/airflow/example_dags/example_kubernetes_executor.py
[2026-05-09T19:20:30.140+0000] {processor.py:840} INFO - DAG(s) 'example_kubernetes_executor' retrieved from /home/airflow/.local/lib/python3.12/site-packages/airflow/example_dags/example_kubernetes_executor.py
[2026-05-09T19:20:30.179+0000] {logging_mixin.py:188} INFO - [2026-05-09T19:20:30.179+0000] {dag.py:3096} INFO - Sync 1 DAGs
[2026-05-09T19:20:30.192+0000] {logging_mixin.py:188} INFO - [2026-05-09T19:20:30.192+0000] {dag.py:3954} INFO - Setting next_dagrun for example_kubernetes_executor to None, run_after=None
[2026-05-09T19:20:30.215+0000] {processor.py:183} INFO - Processing /home/airflow/.local/lib/python3.12/site-packages/airflow/example_dags/example_kubernetes_executor.py took 0.096 seconds
[2026-05-09T19:21:00.718+0000] {processor.py:161} INFO - Started process (PID=3428) to work on /home/airflow/.local/lib/python3.12/site-packages/airflow/example_dags/example_kubernetes_executor.py
[2026-05-09T19:21:00.720+0000] {processor.py:830} INFO - Processing file /home/airflow/.local/lib/python3.12/site-packages/airflow/example_dags/example_kubernetes_executor.py for tasks to queue
[2026-05-09T19:21:00.722+0000] {logging_mixin.py:188} INFO - [2026-05-09T19:21:00.721+0000] {dagbag.py:545} INFO - Filling up the DagBag from /home/airflow/.local/lib/python3.12/site-packages/airflow/example_dags/example_kubernetes_executor.py
[2026-05-09T19:21:00.733+0000] {processor.py:840} INFO - DAG(s) 'example_kubernetes_executor' retrieved from /home/airflow/.local/lib/python3.12/site-packages/airflow/example_dags/example_kubernetes_executor.py
[2026-05-09T19:21:00.771+0000] {logging_mixin.py:188} INFO - [2026-05-09T19:21:00.771+0000] {dag.py:3096} INFO - Sync 1 DAGs
[2026-05-09T19:21:00.784+0000] {logging_mixin.py:188} INFO - [2026-05-09T19:21:00.784+0000] {dag.py:3954} INFO - Setting next_dagrun for example_kubernetes_executor to None, run_after=None
[2026-05-09T19:21:00.808+0000] {processor.py:183} INFO - Processing /home/airflow/.local/lib/python3.12/site-packages/airflow/example_dags/example_kubernetes_executor.py took 0.095 seconds
[2026-05-09T19:21:31.904+0000] {processor.py:161} INFO - Started process (PID=3487) to work on /home/airflow/.local/lib/python3.12/site-packages/airflow/example_dags/example_kubernetes_executor.py
[2026-05-09T19:21:31.905+0000] {processor.py:830} INFO - Processing file /home/airflow/.local/lib/python3.12/site-packages/airflow/example_dags/example_kubernetes_executor.py for tasks to queue
[2026-05-09T19:21:31.907+0000] {logging_mixin.py:188} INFO - [2026-05-09T19:21:31.906+0000] {dagbag.py:545} INFO - Filling up the DagBag from /home/airflow/.local/lib/python3.12/site-packages/airflow/example_dags/example_kubernetes_executor.py
[2026-05-09T19:21:31.919+0000] {processor.py:840} INFO - DAG(s) 'example_kubernetes_executor' retrieved from /home/airflow/.local/lib/python3.12/site-packages/airflow/example_dags/example_kubernetes_executor.py
[2026-05-09T19:21:31.960+0000] {logging_mixin.py:188} INFO - [2026-05-09T19:21:31.959+0000] {dag.py:3096} INFO - Sync 1 DAGs
[2026-05-09T19:21:31.972+0000] {logging_mixin.py:188} INFO - [2026-05-09T19:21:31.971+0000] {dag.py:3954} INFO - Setting next_dagrun for example_kubernetes_executor to None, run_after=None
[2026-05-09T19:21:31.995+0000] {processor.py:183} INFO - Processing /home/airflow/.local/lib/python3.12/site-packages/airflow/example_dags/example_kubernetes_executor.py took 0.096 seconds
[2026-05-09T19:22:02.593+0000] {processor.py:161} INFO - Started process (PID=3546) to work on /home/airflow/.local/lib/python3.12/site-packages/airflow/example_dags/example_kubernetes_executor.py
[2026-05-09T19:22:02.594+0000] {processor.py:830} INFO - Processing file /home/airflow/.local/lib/python3.12/site-packages/airflow/example_dags/example_kubernetes_executor.py for tasks to queue
[2026-05-09T19:22:02.596+0000] {logging_mixin.py:188} INFO - [2026-05-09T19:22:02.596+0000] {dagbag.py:545} INFO - Filling up the DagBag from /home/airflow/.local/lib/python3.12/site-packages/airflow/example_dags/example_kubernetes_executor.py
[2026-05-09T19:22:02.608+0000] {processor.py:840} INFO - DAG(s) 'example_kubernetes_executor' retrieved from /home/airflow/.local/lib/python3.12/site-packages/airflow/example_dags/example_kubernetes_executor.py
[2026-05-09T19:22:02.645+0000] {logging_mixin.py:188} INFO - [2026-05-09T19:22:02.645+0000] {dag.py:3096} INFO - Sync 1 DAGs
[2026-05-09T19:22:02.659+0000] {logging_mixin.py:188} INFO - [2026-05-09T19:22:02.658+0000] {dag.py:3954} INFO - Setting next_dagrun for example_kubernetes_executor to None, run_after=None
[2026-05-09T19:22:02.684+0000] {processor.py:183} INFO - Processing /home/airflow/.local/lib/python3.12/site-packages/airflow/example_dags/example_kubernetes_executor.py took 0.096 seconds
[2026-05-09T19:22:33.809+0000] {processor.py:161} INFO - Started process (PID=3606) to work on /home/airflow/.local/lib/python3.12/site-packages/airflow/example_dags/example_kubernetes_executor.py
[2026-05-09T19:22:33.810+0000] {processor.py:830} INFO - Processing file /home/airflow/.local/lib/python3.12/site-packages/airflow/example_dags/example_kubernetes_executor.py for tasks to queue
[2026-05-09T19:22:33.812+0000] {logging_mixin.py:188} INFO - [2026-05-09T19:22:33.812+0000] {dagbag.py:545} INFO - Filling up the DagBag from /home/airflow/.local/lib/python3.12/site-packages/airflow/example_dags/example_kubernetes_executor.py
[2026-05-09T19:22:33.824+0000] {processor.py:840} INFO - DAG(s) 'example_kubernetes_executor' retrieved from /home/airflow/.local/lib/python3.12/site-packages/airflow/example_dags/example_kubernetes_executor.py
[2026-05-09T19:22:33.865+0000] {logging_mixin.py:188} INFO - [2026-05-09T19:22:33.865+0000] {dag.py:3096} INFO - Sync 1 DAGs
[2026-05-09T19:22:33.877+0000] {logging_mixin.py:188} INFO - [2026-05-09T19:22:33.877+0000] {dag.py:3954} INFO - Setting next_dagrun for example_kubernetes_executor to None, run_after=None
[2026-05-09T19:22:33.901+0000] {processor.py:183} INFO - Processing /home/airflow/.local/lib/python3.12/site-packages/airflow/example_dags/example_kubernetes_executor.py took 0.097 seconds
[2026-05-09T19:23:04.110+0000] {processor.py:161} INFO - Started process (PID=3665) to work on /home/airflow/.local/lib/python3.12/site-packages/airflow/example_dags/example_kubernetes_executor.py
[2026-05-09T19:23:04.112+0000] {processor.py:830} INFO - Processing file /home/airflow/.local/lib/python3.12/site-packages/airflow/example_dags/example_kubernetes_executor.py for tasks to queue
[2026-05-09T19:23:04.114+0000] {logging_mixin.py:188} INFO - [2026-05-09T19:23:04.113+0000] {dagbag.py:545} INFO - Filling up the DagBag from /home/airflow/.local/lib/python3.12/site-packages/airflow/example_dags/example_kubernetes_executor.py
[2026-05-09T19:23:04.124+0000] {processor.py:840} INFO - DAG(s) 'example_kubernetes_executor' retrieved from /home/airflow/.local/lib/python3.12/site-packages/airflow/example_dags/example_kubernetes_executor.py
[2026-05-09T19:23:04.163+0000] {logging_mixin.py:188} INFO - [2026-05-09T19:23:04.162+0000] {dag.py:3096} INFO - Sync 1 DAGs
[2026-05-09T19:23:04.176+0000] {logging_mixin.py:188} INFO - [2026-05-09T19:23:04.175+0000] {dag.py:3954} INFO - Setting next_dagrun for example_kubernetes_executor to None, run_after=None
[2026-05-09T19:23:04.196+0000] {processor.py:183} INFO - Processing /home/airflow/.local/lib/python3.12/site-packages/airflow/example_dags/example_kubernetes_executor.py took 0.091 seconds
[2026-05-09T19:23:34.485+0000] {processor.py:161} INFO - Started process (PID=3724) to work on /home/airflow/.local/lib/python3.12/site-packages/airflow/example_dags/example_kubernetes_executor.py
[2026-05-09T19:23:34.486+0000] {processor.py:830} INFO - Processing file /home/airflow/.local/lib/python3.12/site-packages/airflow/example_dags/example_kubernetes_executor.py for tasks to queue
[2026-05-09T19:23:34.488+0000] {logging_mixin.py:188} INFO - [2026-05-09T19:23:34.487+0000] {dagbag.py:545} INFO - Filling up the DagBag from /home/airflow/.local/lib/python3.12/site-packages/airflow/example_dags/example_kubernetes_executor.py
[2026-05-09T19:23:34.500+0000] {processor.py:840} INFO - DAG(s) 'example_kubernetes_executor' retrieved from /home/airflow/.local/lib/python3.12/site-packages/airflow/example_dags/example_kubernetes_executor.py
[2026-05-09T19:23:34.538+0000] {logging_mixin.py:188} INFO - [2026-05-09T19:23:34.538+0000] {dag.py:3096} INFO - Sync 1 DAGs
[2026-05-09T19:23:34.552+0000] {logging_mixin.py:188} INFO - [2026-05-09T19:23:34.552+0000] {dag.py:3954} INFO - Setting next_dagrun for example_kubernetes_executor to None, run_after=None
[2026-05-09T19:23:34.575+0000] {processor.py:183} INFO - Processing /home/airflow/.local/lib/python3.12/site-packages/airflow/example_dags/example_kubernetes_executor.py took 0.095 seconds
[2026-05-09T19:24:06.315+0000] {processor.py:161} INFO - Started process (PID=3783) to work on /home/airflow/.local/lib/python3.12/site-packages/airflow/example_dags/example_kubernetes_executor.py
[2026-05-09T19:24:06.316+0000] {processor.py:830} INFO - Processing file /home/airflow/.local/lib/python3.12/site-packages/airflow/example_dags/example_kubernetes_executor.py for tasks to queue
[2026-05-09T19:24:06.318+0000] {logging_mixin.py:188} INFO - [2026-05-09T19:24:06.318+0000] {dagbag.py:545} INFO - Filling up the DagBag from /home/airflow/.local/lib/python3.12/site-packages/airflow/example_dags/example_kubernetes_executor.py
[2026-05-09T19:24:06.330+0000] {processor.py:840} INFO - DAG(s) 'example_kubernetes_executor' retrieved from /home/airflow/.local/lib/python3.12/site-packages/airflow/example_dags/example_kubernetes_executor.py
[2026-05-09T19:24:06.375+0000] {logging_mixin.py:188} INFO - [2026-05-09T19:24:06.375+0000] {dag.py:3096} INFO - Sync 1 DAGs
[2026-05-09T19:24:06.393+0000] {logging_mixin.py:188} INFO - [2026-05-09T19:24:06.393+0000] {dag.py:3954} INFO - Setting next_dagrun for example_kubernetes_executor to None, run_after=None
[2026-05-09T19:24:06.423+0000] {processor.py:183} INFO - Processing /home/airflow/.local/lib/python3.12/site-packages/airflow/example_dags/example_kubernetes_executor.py took 0.114 seconds
[2026-05-09T19:24:37.047+0000] {processor.py:161} INFO - Started process (PID=3842) to work on /home/airflow/.local/lib/python3.12/site-packages/airflow/example_dags/example_kubernetes_executor.py
[2026-05-09T19:24:37.048+0000] {processor.py:830} INFO - Processing file /home/airflow/.local/lib/python3.12/site-packages/airflow/example_dags/example_kubernetes_executor.py for tasks to queue
[2026-05-09T19:24:37.050+0000] {logging_mixin.py:188} INFO - [2026-05-09T19:24:37.050+0000] {dagbag.py:545} INFO - Filling up the DagBag from /home/airflow/.local/lib/python3.12/site-packages/airflow/example_dags/example_kubernetes_executor.py
[2026-05-09T19:24:37.061+0000] {processor.py:840} INFO - DAG(s) 'example_kubernetes_executor' retrieved from /home/airflow/.local/lib/python3.12/site-packages/airflow/example_dags/example_kubernetes_executor.py
[2026-05-09T19:24:37.098+0000] {logging_mixin.py:188} INFO - [2026-05-09T19:24:37.097+0000] {dag.py:3096} INFO - Sync 1 DAGs
[2026-05-09T19:24:37.110+0000] {logging_mixin.py:188} INFO - [2026-05-09T19:24:37.110+0000] {dag.py:3954} INFO - Setting next_dagrun for example_kubernetes_executor to None, run_after=None
[2026-05-09T19:24:37.134+0000] {processor.py:183} INFO - Processing /home/airflow/.local/lib/python3.12/site-packages/airflow/example_dags/example_kubernetes_executor.py took 0.092 seconds
[2026-05-09T19:25:07.734+0000] {processor.py:161} INFO - Started process (PID=3901) to work on /home/airflow/.local/lib/python3.12/site-packages/airflow/example_dags/example_kubernetes_executor.py
[2026-05-09T19:25:07.735+0000] {processor.py:830} INFO - Processing file /home/airflow/.local/lib/python3.12/site-packages/airflow/example_dags/example_kubernetes_executor.py for tasks to queue
[2026-05-09T19:25:07.737+0000] {logging_mixin.py:188} INFO - [2026-05-09T19:25:07.737+0000] {dagbag.py:545} INFO - Filling up the DagBag from /home/airflow/.local/lib/python3.12/site-packages/airflow/example_dags/example_kubernetes_executor.py
[2026-05-09T19:25:07.748+0000] {processor.py:840} INFO - DAG(s) 'example_kubernetes_executor' retrieved from /home/airflow/.local/lib/python3.12/site-packages/airflow/example_dags/example_kubernetes_executor.py
[2026-05-09T19:25:07.785+0000] {logging_mixin.py:188} INFO - [2026-05-09T19:25:07.785+0000] {dag.py:3096} INFO - Sync 1 DAGs
[2026-05-09T19:25:07.797+0000] {logging_mixin.py:188} INFO - [2026-05-09T19:25:07.797+0000] {dag.py:3954} INFO - Setting next_dagrun for example_kubernetes_executor to None, run_after=None
[2026-05-09T19:25:07.819+0000] {processor.py:183} INFO - Processing /home/airflow/.local/lib/python3.12/site-packages/airflow/example_dags/example_kubernetes_executor.py took 0.090 seconds
[2026-05-09T19:25:38.578+0000] {processor.py:161} INFO - Started process (PID=3960) to work on /home/airflow/.local/lib/python3.12/site-packages/airflow/example_dags/example_kubernetes_executor.py
[2026-05-09T19:25:38.580+0000] {processor.py:830} INFO - Processing file /home/airflow/.local/lib/python3.12/site-packages/airflow/example_dags/example_kubernetes_executor.py for tasks to queue
[2026-05-09T19:25:38.583+0000] {logging_mixin.py:188} INFO - [2026-05-09T19:25:38.582+0000] {dagbag.py:545} INFO - Filling up the DagBag from /home/airflow/.local/lib/python3.12/site-packages/airflow/example_dags/example_kubernetes_executor.py
[2026-05-09T19:25:38.598+0000] {processor.py:840} INFO - DAG(s) 'example_kubernetes_executor' retrieved from /home/airflow/.local/lib/python3.12/site-packages/airflow/example_dags/example_kubernetes_executor.py
[2026-05-09T19:25:38.663+0000] {logging_mixin.py:188} INFO - [2026-05-09T19:25:38.662+0000] {dag.py:3096} INFO - Sync 1 DAGs
[2026-05-09T19:25:38.689+0000] {logging_mixin.py:188} INFO - [2026-05-09T19:25:38.688+0000] {dag.py:3954} INFO - Setting next_dagrun for example_kubernetes_executor to None, run_after=None
[2026-05-09T19:25:38.725+0000] {processor.py:183} INFO - Processing /home/airflow/.local/lib/python3.12/site-packages/airflow/example_dags/example_kubernetes_executor.py took 0.153 seconds
[2026-05-09T19:26:09.602+0000] {processor.py:161} INFO - Started process (PID=4019) to work on /home/airflow/.local/lib/python3.12/site-packages/airflow/example_dags/example_kubernetes_executor.py
[2026-05-09T19:26:09.603+0000] {processor.py:830} INFO - Processing file /home/airflow/.local/lib/python3.12/site-packages/airflow/example_dags/example_kubernetes_executor.py for tasks to queue
[2026-05-09T19:26:09.605+0000] {logging_mixin.py:188} INFO - [2026-05-09T19:26:09.604+0000] {dagbag.py:545} INFO - Filling up the DagBag from /home/airflow/.local/lib/python3.12/site-packages/airflow/example_dags/example_kubernetes_executor.py
[2026-05-09T19:26:09.617+0000] {processor.py:840} INFO - DAG(s) 'example_kubernetes_executor' retrieved from /home/airflow/.local/lib/python3.12/site-packages/airflow/example_dags/example_kubernetes_executor.py
[2026-05-09T19:26:09.662+0000] {logging_mixin.py:188} INFO - [2026-05-09T19:26:09.661+0000] {dag.py:3096} INFO - Sync 1 DAGs
[2026-05-09T19:26:09.676+0000] {logging_mixin.py:188} INFO - [2026-05-09T19:26:09.676+0000] {dag.py:3954} INFO - Setting next_dagrun for example_kubernetes_executor to None, run_after=None
[2026-05-09T19:26:09.705+0000] {processor.py:183} INFO - Processing /home/airflow/.local/lib/python3.12/site-packages/airflow/example_dags/example_kubernetes_executor.py took 0.109 seconds
[2026-05-09T19:26:40.444+0000] {processor.py:161} INFO - Started process (PID=4078) to work on /home/airflow/.local/lib/python3.12/site-packages/airflow/example_dags/example_kubernetes_executor.py
[2026-05-09T19:26:40.446+0000] {processor.py:830} INFO - Processing file /home/airflow/.local/lib/python3.12/site-packages/airflow/example_dags/example_kubernetes_executor.py for tasks to queue
[2026-05-09T19:26:40.447+0000] {logging_mixin.py:188} INFO - [2026-05-09T19:26:40.447+0000] {dagbag.py:545} INFO - Filling up the DagBag from /home/airflow/.local/lib/python3.12/site-packages/airflow/example_dags/example_kubernetes_executor.py
[2026-05-09T19:26:40.459+0000] {processor.py:840} INFO - DAG(s) 'example_kubernetes_executor' retrieved from /home/airflow/.local/lib/python3.12/site-packages/airflow/example_dags/example_kubernetes_executor.py
[2026-05-09T19:26:40.499+0000] {logging_mixin.py:188} INFO - [2026-05-09T19:26:40.498+0000] {dag.py:3096} INFO - Sync 1 DAGs
[2026-05-09T19:26:40.513+0000] {logging_mixin.py:188} INFO - [2026-05-09T19:26:40.512+0000] {dag.py:3954} INFO - Setting next_dagrun for example_kubernetes_executor to None, run_after=None
[2026-05-09T19:26:40.535+0000] {processor.py:183} INFO - Processing /home/airflow/.local/lib/python3.12/site-packages/airflow/example_dags/example_kubernetes_executor.py took 0.095 seconds
[2026-05-09T19:27:10.810+0000] {processor.py:161} INFO - Started process (PID=4137) to work on /home/airflow/.local/lib/python3.12/site-packages/airflow/example_dags/example_kubernetes_executor.py
[2026-05-09T19:27:10.811+0000] {processor.py:830} INFO - Processing file /home/airflow/.local/lib/python3.12/site-packages/airflow/example_dags/example_kubernetes_executor.py for tasks to queue
[2026-05-09T19:27:10.813+0000] {logging_mixin.py:188} INFO - [2026-05-09T19:27:10.812+0000] {dagbag.py:545} INFO - Filling up the DagBag from /home/airflow/.local/lib/python3.12/site-packages/airflow/example_dags/example_kubernetes_executor.py
[2026-05-09T19:27:10.823+0000] {processor.py:840} INFO - DAG(s) 'example_kubernetes_executor' retrieved from /home/airflow/.local/lib/python3.12/site-packages/airflow/example_dags/example_kubernetes_executor.py
[2026-05-09T19:27:10.860+0000] {logging_mixin.py:188} INFO - [2026-05-09T19:27:10.860+0000] {dag.py:3096} INFO - Sync 1 DAGs
[2026-05-09T19:27:10.872+0000] {logging_mixin.py:188} INFO - [2026-05-09T19:27:10.872+0000] {dag.py:3954} INFO - Setting next_dagrun for example_kubernetes_executor to None, run_after=None
[2026-05-09T19:27:10.901+0000] {processor.py:183} INFO - Processing /home/airflow/.local/lib/python3.12/site-packages/airflow/example_dags/example_kubernetes_executor.py took 0.097 seconds
[2026-05-09T19:27:41.583+0000] {processor.py:161} INFO - Started process (PID=4196) to work on /home/airflow/.local/lib/python3.12/site-packages/airflow/example_dags/example_kubernetes_executor.py
[2026-05-09T19:27:41.584+0000] {processor.py:830} INFO - Processing file /home/airflow/.local/lib/python3.12/site-packages/airflow/example_dags/example_kubernetes_executor.py for tasks to queue
[2026-05-09T19:27:41.586+0000] {logging_mixin.py:188} INFO - [2026-05-09T19:27:41.585+0000] {dagbag.py:545} INFO - Filling up the DagBag from /home/airflow/.local/lib/python3.12/site-packages/airflow/example_dags/example_kubernetes_executor.py
[2026-05-09T19:27:41.597+0000] {processor.py:840} INFO - DAG(s) 'example_kubernetes_executor' retrieved from /home/airflow/.local/lib/python3.12/site-packages/airflow/example_dags/example_kubernetes_executor.py
[2026-05-09T19:27:41.633+0000] {logging_mixin.py:188} INFO - [2026-05-09T19:27:41.633+0000] {dag.py:3096} INFO - Sync 1 DAGs
[2026-05-09T19:27:41.645+0000] {logging_mixin.py:188} INFO - [2026-05-09T19:27:41.645+0000] {dag.py:3954} INFO - Setting next_dagrun for example_kubernetes_executor to None, run_after=None
[2026-05-09T19:27:41.667+0000] {processor.py:183} INFO - Processing /home/airflow/.local/lib/python3.12/site-packages/airflow/example_dags/example_kubernetes_executor.py took 0.090 seconds
[2026-05-09T19:28:12.119+0000] {processor.py:161} INFO - Started process (PID=4255) to work on /home/airflow/.local/lib/python3.12/site-packages/airflow/example_dags/example_kubernetes_executor.py
[2026-05-09T19:28:12.120+0000] {processor.py:830} INFO - Processing file /home/airflow/.local/lib/python3.12/site-packages/airflow/example_dags/example_kubernetes_executor.py for tasks to queue
[2026-05-09T19:28:12.123+0000] {logging_mixin.py:188} INFO - [2026-05-09T19:28:12.122+0000] {dagbag.py:545} INFO - Filling up the DagBag from /home/airflow/.local/lib/python3.12/site-packages/airflow/example_dags/example_kubernetes_executor.py
[2026-05-09T19:28:12.137+0000] {processor.py:840} INFO - DAG(s) 'example_kubernetes_executor' retrieved from /home/airflow/.local/lib/python3.12/site-packages/airflow/example_dags/example_kubernetes_executor.py
[2026-05-09T19:28:12.183+0000] {logging_mixin.py:188} INFO - [2026-05-09T19:28:12.183+0000] {dag.py:3096} INFO - Sync 1 DAGs
[2026-05-09T19:28:12.197+0000] {logging_mixin.py:188} INFO - [2026-05-09T19:28:12.196+0000] {dag.py:3954} INFO - Setting next_dagrun for example_kubernetes_executor to None, run_after=None
[2026-05-09T19:28:12.222+0000] {processor.py:183} INFO - Processing /home/airflow/.local/lib/python3.12/site-packages/airflow/example_dags/example_kubernetes_executor.py took 0.109 seconds
[2026-05-09T19:28:42.719+0000] {processor.py:161} INFO - Started process (PID=4314) to work on /home/airflow/.local/lib/python3.12/site-packages/airflow/example_dags/example_kubernetes_executor.py
[2026-05-09T19:28:42.721+0000] {processor.py:830} INFO - Processing file /home/airflow/.local/lib/python3.12/site-packages/airflow/example_dags/example_kubernetes_executor.py for tasks to queue
[2026-05-09T19:28:42.723+0000] {logging_mixin.py:188} INFO - [2026-05-09T19:28:42.722+0000] {dagbag.py:545} INFO - Filling up the DagBag from /home/airflow/.local/lib/python3.12/site-packages/airflow/example_dags/example_kubernetes_executor.py
[2026-05-09T19:28:42.734+0000] {processor.py:840} INFO - DAG(s) 'example_kubernetes_executor' retrieved from /home/airflow/.local/lib/python3.12/site-packages/airflow/example_dags/example_kubernetes_executor.py
[2026-05-09T19:28:42.771+0000] {logging_mixin.py:188} INFO - [2026-05-09T19:28:42.771+0000] {dag.py:3096} INFO - Sync 1 DAGs
[2026-05-09T19:28:42.784+0000] {logging_mixin.py:188} INFO - [2026-05-09T19:28:42.784+0000] {dag.py:3954} INFO - Setting next_dagrun for example_kubernetes_executor to None, run_after=None
[2026-05-09T19:28:42.808+0000] {processor.py:183} INFO - Processing /home/airflow/.local/lib/python3.12/site-packages/airflow/example_dags/example_kubernetes_executor.py took 0.094 seconds
[2026-05-09T19:29:13.577+0000] {processor.py:161} INFO - Started process (PID=4373) to work on /home/airflow/.local/lib/python3.12/site-packages/airflow/example_dags/example_kubernetes_executor.py
[2026-05-09T19:29:13.578+0000] {processor.py:830} INFO - Processing file /home/airflow/.local/lib/python3.12/site-packages/airflow/example_dags/example_kubernetes_executor.py for tasks to queue
[2026-05-09T19:29:13.580+0000] {logging_mixin.py:188} INFO - [2026-05-09T19:29:13.580+0000] {dagbag.py:545} INFO - Filling up the DagBag from /home/airflow/.local/lib/python3.12/site-packages/airflow/example_dags/example_kubernetes_executor.py
[2026-05-09T19:29:13.593+0000] {processor.py:840} INFO - DAG(s) 'example_kubernetes_executor' retrieved from /home/airflow/.local/lib/python3.12/site-packages/airflow/example_dags/example_kubernetes_executor.py
[2026-05-09T19:29:13.634+0000] {logging_mixin.py:188} INFO - [2026-05-09T19:29:13.634+0000] {dag.py:3096} INFO - Sync 1 DAGs
[2026-05-09T19:29:13.648+0000] {logging_mixin.py:188} INFO - [2026-05-09T19:29:13.647+0000] {dag.py:3954} INFO - Setting next_dagrun for example_kubernetes_executor to None, run_after=None
[2026-05-09T19:29:13.675+0000] {processor.py:183} INFO - Processing /home/airflow/.local/lib/python3.12/site-packages/airflow/example_dags/example_kubernetes_executor.py took 0.104 seconds
[2026-05-09T19:29:44.381+0000] {processor.py:161} INFO - Started process (PID=4432) to work on /home/airflow/.local/lib/python3.12/site-packages/airflow/example_dags/example_kubernetes_executor.py
[2026-05-09T19:29:44.382+0000] {processor.py:830} INFO - Processing file /home/airflow/.local/lib/python3.12/site-packages/airflow/example_dags/example_kubernetes_executor.py for tasks to queue
[2026-05-09T19:29:44.384+0000] {logging_mixin.py:188} INFO - [2026-05-09T19:29:44.384+0000] {dagbag.py:545} INFO - Filling up the DagBag from /home/airflow/.local/lib/python3.12/site-packages/airflow/example_dags/example_kubernetes_executor.py
[2026-05-09T19:29:44.396+0000] {processor.py:840} INFO - DAG(s) 'example_kubernetes_executor' retrieved from /home/airflow/.local/lib/python3.12/site-packages/airflow/example_dags/example_kubernetes_executor.py
[2026-05-09T19:29:44.434+0000] {logging_mixin.py:188} INFO - [2026-05-09T19:29:44.434+0000] {dag.py:3096} INFO - Sync 1 DAGs
[2026-05-09T19:29:44.447+0000] {logging_mixin.py:188} INFO - [2026-05-09T19:29:44.446+0000] {dag.py:3954} INFO - Setting next_dagrun for example_kubernetes_executor to None, run_after=None
[2026-05-09T19:29:44.470+0000] {processor.py:183} INFO - Processing /home/airflow/.local/lib/python3.12/site-packages/airflow/example_dags/example_kubernetes_executor.py took 0.094 seconds
[2026-05-09T19:30:15.259+0000] {processor.py:161} INFO - Started process (PID=4491) to work on /home/airflow/.local/lib/python3.12/site-packages/airflow/example_dags/example_kubernetes_executor.py
[2026-05-09T19:30:15.261+0000] {processor.py:830} INFO - Processing file /home/airflow/.local/lib/python3.12/site-packages/airflow/example_dags/example_kubernetes_executor.py for tasks to queue
[2026-05-09T19:30:15.263+0000] {logging_mixin.py:188} INFO - [2026-05-09T19:30:15.262+0000] {dagbag.py:545} INFO - Filling up the DagBag from /home/airflow/.local/lib/python3.12/site-packages/airflow/example_dags/example_kubernetes_executor.py
[2026-05-09T19:30:15.276+0000] {processor.py:840} INFO - DAG(s) 'example_kubernetes_executor' retrieved from /home/airflow/.local/lib/python3.12/site-packages/airflow/example_dags/example_kubernetes_executor.py
[2026-05-09T19:30:15.318+0000] {logging_mixin.py:188} INFO - [2026-05-09T19:30:15.317+0000] {dag.py:3096} INFO - Sync 1 DAGs
[2026-05-09T19:30:15.332+0000] {logging_mixin.py:188} INFO - [2026-05-09T19:30:15.331+0000] {dag.py:3954} INFO - Setting next_dagrun for example_kubernetes_executor to None, run_after=None
[2026-05-09T19:30:15.356+0000] {processor.py:183} INFO - Processing /home/airflow/.local/lib/python3.12/site-packages/airflow/example_dags/example_kubernetes_executor.py took 0.102 seconds
[2026-05-09T19:30:45.891+0000] {processor.py:161} INFO - Started process (PID=4550) to work on /home/airflow/.local/lib/python3.12/site-packages/airflow/example_dags/example_kubernetes_executor.py
[2026-05-09T19:30:45.892+0000] {processor.py:830} INFO - Processing file /home/airflow/.local/lib/python3.12/site-packages/airflow/example_dags/example_kubernetes_executor.py for tasks to queue
[2026-05-09T19:30:45.894+0000] {logging_mixin.py:188} INFO - [2026-05-09T19:30:45.894+0000] {dagbag.py:545} INFO - Filling up the DagBag from /home/airflow/.local/lib/python3.12/site-packages/airflow/example_dags/example_kubernetes_executor.py
[2026-05-09T19:30:45.905+0000] {processor.py:840} INFO - DAG(s) 'example_kubernetes_executor' retrieved from /home/airflow/.local/lib/python3.12/site-packages/airflow/example_dags/example_kubernetes_executor.py
[2026-05-09T19:30:45.943+0000] {logging_mixin.py:188} INFO - [2026-05-09T19:30:45.943+0000] {dag.py:3096} INFO - Sync 1 DAGs
[2026-05-09T19:30:45.955+0000] {logging_mixin.py:188} INFO - [2026-05-09T19:30:45.955+0000] {dag.py:3954} INFO - Setting next_dagrun for example_kubernetes_executor to None, run_after=None
[2026-05-09T19:30:45.980+0000] {processor.py:183} INFO - Processing /home/airflow/.local/lib/python3.12/site-packages/airflow/example_dags/example_kubernetes_executor.py took 0.094 seconds
[2026-05-09T19:31:16.912+0000] {processor.py:161} INFO - Started process (PID=4609) to work on /home/airflow/.local/lib/python3.12/site-packages/airflow/example_dags/example_kubernetes_executor.py
[2026-05-09T19:31:16.913+0000] {processor.py:830} INFO - Processing file /home/airflow/.local/lib/python3.12/site-packages/airflow/example_dags/example_kubernetes_executor.py for tasks to queue
[2026-05-09T19:31:16.915+0000] {logging_mixin.py:188} INFO - [2026-05-09T19:31:16.915+0000] {dagbag.py:545} INFO - Filling up the DagBag from /home/airflow/.local/lib/python3.12/site-packages/airflow/example_dags/example_kubernetes_executor.py
[2026-05-09T19:31:16.928+0000] {processor.py:840} INFO - DAG(s) 'example_kubernetes_executor' retrieved from /home/airflow/.local/lib/python3.12/site-packages/airflow/example_dags/example_kubernetes_executor.py
[2026-05-09T19:31:16.979+0000] {logging_mixin.py:188} INFO - [2026-05-09T19:31:16.979+0000] {dag.py:3096} INFO - Sync 1 DAGs
[2026-05-09T19:31:17.001+0000] {logging_mixin.py:188} INFO - [2026-05-09T19:31:17.000+0000] {dag.py:3954} INFO - Setting next_dagrun for example_kubernetes_executor to None, run_after=None
[2026-05-09T19:31:17.048+0000] {processor.py:183} INFO - Processing /home/airflow/.local/lib/python3.12/site-packages/airflow/example_dags/example_kubernetes_executor.py took 0.141 seconds
[2026-05-09T19:31:47.428+0000] {processor.py:161} INFO - Started process (PID=4668) to work on /home/airflow/.local/lib/python3.12/site-packages/airflow/example_dags/example_kubernetes_executor.py
[2026-05-09T19:31:47.429+0000] {processor.py:830} INFO - Processing file /home/airflow/.local/lib/python3.12/site-packages/airflow/example_dags/example_kubernetes_executor.py for tasks to queue
[2026-05-09T19:31:47.431+0000] {logging_mixin.py:188} INFO - [2026-05-09T19:31:47.431+0000] {dagbag.py:545} INFO - Filling up the DagBag from /home/airflow/.local/lib/python3.12/site-packages/airflow/example_dags/example_kubernetes_executor.py
[2026-05-09T19:31:47.446+0000] {processor.py:840} INFO - DAG(s) 'example_kubernetes_executor' retrieved from /home/airflow/.local/lib/python3.12/site-packages/airflow/example_dags/example_kubernetes_executor.py
[2026-05-09T19:31:47.494+0000] {logging_mixin.py:188} INFO - [2026-05-09T19:31:47.494+0000] {dag.py:3096} INFO - Sync 1 DAGs
[2026-05-09T19:31:47.511+0000] {logging_mixin.py:188} INFO - [2026-05-09T19:31:47.510+0000] {dag.py:3954} INFO - Setting next_dagrun for example_kubernetes_executor to None, run_after=None
[2026-05-09T19:31:47.541+0000] {processor.py:183} INFO - Processing /home/airflow/.local/lib/python3.12/site-packages/airflow/example_dags/example_kubernetes_executor.py took 0.121 seconds
[2026-05-09T19:32:18.799+0000] {processor.py:161} INFO - Started process (PID=4727) to work on /home/airflow/.local/lib/python3.12/site-packages/airflow/example_dags/example_kubernetes_executor.py
[2026-05-09T19:32:18.800+0000] {processor.py:830} INFO - Processing file /home/airflow/.local/lib/python3.12/site-packages/airflow/example_dags/example_kubernetes_executor.py for tasks to queue
[2026-05-09T19:32:18.802+0000] {logging_mixin.py:188} INFO - [2026-05-09T19:32:18.802+0000] {dagbag.py:545} INFO - Filling up the DagBag from /home/airflow/.local/lib/python3.12/site-packages/airflow/example_dags/example_kubernetes_executor.py
[2026-05-09T19:32:18.814+0000] {processor.py:840} INFO - DAG(s) 'example_kubernetes_executor' retrieved from /home/airflow/.local/lib/python3.12/site-packages/airflow/example_dags/example_kubernetes_executor.py
[2026-05-09T19:32:18.862+0000] {logging_mixin.py:188} INFO - [2026-05-09T19:32:18.861+0000] {dag.py:3096} INFO - Sync 1 DAGs
[2026-05-09T19:32:18.876+0000] {logging_mixin.py:188} INFO - [2026-05-09T19:32:18.876+0000] {dag.py:3954} INFO - Setting next_dagrun for example_kubernetes_executor to None, run_after=None
[2026-05-09T19:32:18.905+0000] {processor.py:183} INFO - Processing /home/airflow/.local/lib/python3.12/site-packages/airflow/example_dags/example_kubernetes_executor.py took 0.112 seconds
[2026-05-09T19:32:49.713+0000] {processor.py:161} INFO - Started process (PID=4787) to work on /home/airflow/.local/lib/python3.12/site-packages/airflow/example_dags/example_kubernetes_executor.py
[2026-05-09T19:32:49.714+0000] {processor.py:830} INFO - Processing file /home/airflow/.local/lib/python3.12/site-packages/airflow/example_dags/example_kubernetes_executor.py for tasks to queue
[2026-05-09T19:32:49.716+0000] {logging_mixin.py:188} INFO - [2026-05-09T19:32:49.716+0000] {dagbag.py:545} INFO - Filling up the DagBag from /home/airflow/.local/lib/python3.12/site-packages/airflow/example_dags/example_kubernetes_executor.py
[2026-05-09T19:32:49.728+0000] {processor.py:840} INFO - DAG(s) 'example_kubernetes_executor' retrieved from /home/airflow/.local/lib/python3.12/site-packages/airflow/example_dags/example_kubernetes_executor.py
[2026-05-09T19:32:49.767+0000] {logging_mixin.py:188} INFO - [2026-05-09T19:32:49.767+0000] {dag.py:3096} INFO - Sync 1 DAGs
[2026-05-09T19:32:49.780+0000] {logging_mixin.py:188} INFO - [2026-05-09T19:32:49.780+0000] {dag.py:3954} INFO - Setting next_dagrun for example_kubernetes_executor to None, run_after=None
[2026-05-09T19:32:49.804+0000] {processor.py:183} INFO - Processing /home/airflow/.local/lib/python3.12/site-packages/airflow/example_dags/example_kubernetes_executor.py took 0.096 seconds
[2026-05-09T19:33:20.992+0000] {processor.py:161} INFO - Started process (PID=4846) to work on /home/airflow/.local/lib/python3.12/site-packages/airflow/example_dags/example_kubernetes_executor.py
[2026-05-09T19:33:20.993+0000] {processor.py:830} INFO - Processing file /home/airflow/.local/lib/python3.12/site-packages/airflow/example_dags/example_kubernetes_executor.py for tasks to queue
[2026-05-09T19:33:20.996+0000] {logging_mixin.py:188} INFO - [2026-05-09T19:33:20.995+0000] {dagbag.py:545} INFO - Filling up the DagBag from /home/airflow/.local/lib/python3.12/site-packages/airflow/example_dags/example_kubernetes_executor.py
[2026-05-09T19:33:21.018+0000] {processor.py:840} INFO - DAG(s) 'example_kubernetes_executor' retrieved from /home/airflow/.local/lib/python3.12/site-packages/airflow/example_dags/example_kubernetes_executor.py
[2026-05-09T19:33:21.075+0000] {logging_mixin.py:188} INFO - [2026-05-09T19:33:21.075+0000] {dag.py:3096} INFO - Sync 1 DAGs
[2026-05-09T19:33:21.098+0000] {logging_mixin.py:188} INFO - [2026-05-09T19:33:21.097+0000] {dag.py:3954} INFO - Setting next_dagrun for example_kubernetes_executor to None, run_after=None
[2026-05-09T19:33:21.130+0000] {processor.py:183} INFO - Processing /home/airflow/.local/lib/python3.12/site-packages/airflow/example_dags/example_kubernetes_executor.py took 0.146 seconds
[2026-05-09T19:33:51.199+0000] {processor.py:161} INFO - Started process (PID=4904) to work on /home/airflow/.local/lib/python3.12/site-packages/airflow/example_dags/example_kubernetes_executor.py
[2026-05-09T19:33:51.200+0000] {processor.py:830} INFO - Processing file /home/airflow/.local/lib/python3.12/site-packages/airflow/example_dags/example_kubernetes_executor.py for tasks to queue
[2026-05-09T19:33:51.203+0000] {logging_mixin.py:188} INFO - [2026-05-09T19:33:51.202+0000] {dagbag.py:545} INFO - Filling up the DagBag from /home/airflow/.local/lib/python3.12/site-packages/airflow/example_dags/example_kubernetes_executor.py
[2026-05-09T19:33:51.220+0000] {processor.py:840} INFO - DAG(s) 'example_kubernetes_executor' retrieved from /home/airflow/.local/lib/python3.12/site-packages/airflow/example_dags/example_kubernetes_executor.py
[2026-05-09T19:33:51.275+0000] {logging_mixin.py:188} INFO - [2026-05-09T19:33:51.274+0000] {dag.py:3096} INFO - Sync 1 DAGs
[2026-05-09T19:33:51.290+0000] {logging_mixin.py:188} INFO - [2026-05-09T19:33:51.289+0000] {dag.py:3954} INFO - Setting next_dagrun for example_kubernetes_executor to None, run_after=None
[2026-05-09T19:33:51.317+0000] {processor.py:183} INFO - Processing /home/airflow/.local/lib/python3.12/site-packages/airflow/example_dags/example_kubernetes_executor.py took 0.127 seconds
[2026-05-09T19:34:21.600+0000] {processor.py:161} INFO - Started process (PID=4963) to work on /home/airflow/.local/lib/python3.12/site-packages/airflow/example_dags/example_kubernetes_executor.py
[2026-05-09T19:34:21.602+0000] {processor.py:830} INFO - Processing file /home/airflow/.local/lib/python3.12/site-packages/airflow/example_dags/example_kubernetes_executor.py for tasks to queue
[2026-05-09T19:34:21.604+0000] {logging_mixin.py:188} INFO - [2026-05-09T19:34:21.604+0000] {dagbag.py:545} INFO - Filling up the DagBag from /home/airflow/.local/lib/python3.12/site-packages/airflow/example_dags/example_kubernetes_executor.py
[2026-05-09T19:34:21.619+0000] {processor.py:840} INFO - DAG(s) 'example_kubernetes_executor' retrieved from /home/airflow/.local/lib/python3.12/site-packages/airflow/example_dags/example_kubernetes_executor.py
[2026-05-09T19:34:21.670+0000] {logging_mixin.py:188} INFO - [2026-05-09T19:34:21.670+0000] {dag.py:3096} INFO - Sync 1 DAGs
[2026-05-09T19:34:21.685+0000] {logging_mixin.py:188} INFO - [2026-05-09T19:34:21.685+0000] {dag.py:3954} INFO - Setting next_dagrun for example_kubernetes_executor to None, run_after=None
[2026-05-09T19:34:21.713+0000] {processor.py:183} INFO - Processing /home/airflow/.local/lib/python3.12/site-packages/airflow/example_dags/example_kubernetes_executor.py took 0.120 seconds
[2026-05-09T19:34:52.377+0000] {processor.py:161} INFO - Started process (PID=5022) to work on /home/airflow/.local/lib/python3.12/site-packages/airflow/example_dags/example_kubernetes_executor.py
[2026-05-09T19:34:52.379+0000] {processor.py:830} INFO - Processing file /home/airflow/.local/lib/python3.12/site-packages/airflow/example_dags/example_kubernetes_executor.py for tasks to queue
[2026-05-09T19:34:52.381+0000] {logging_mixin.py:188} INFO - [2026-05-09T19:34:52.381+0000] {dagbag.py:545} INFO - Filling up the DagBag from /home/airflow/.local/lib/python3.12/site-packages/airflow/example_dags/example_kubernetes_executor.py
[2026-05-09T19:34:52.397+0000] {processor.py:840} INFO - DAG(s) 'example_kubernetes_executor' retrieved from /home/airflow/.local/lib/python3.12/site-packages/airflow/example_dags/example_kubernetes_executor.py
[2026-05-09T19:34:52.449+0000] {logging_mixin.py:188} INFO - [2026-05-09T19:34:52.448+0000] {dag.py:3096} INFO - Sync 1 DAGs
[2026-05-09T19:34:52.469+0000] {logging_mixin.py:188} INFO - [2026-05-09T19:34:52.469+0000] {dag.py:3954} INFO - Setting next_dagrun for example_kubernetes_executor to None, run_after=None
[2026-05-09T19:34:52.500+0000] {processor.py:183} INFO - Processing /home/airflow/.local/lib/python3.12/site-packages/airflow/example_dags/example_kubernetes_executor.py took 0.130 seconds
[2026-05-09T19:35:23.778+0000] {processor.py:161} INFO - Started process (PID=5081) to work on /home/airflow/.local/lib/python3.12/site-packages/airflow/example_dags/example_kubernetes_executor.py
[2026-05-09T19:35:23.779+0000] {processor.py:830} INFO - Processing file /home/airflow/.local/lib/python3.12/site-packages/airflow/example_dags/example_kubernetes_executor.py for tasks to queue
[2026-05-09T19:35:23.782+0000] {logging_mixin.py:188} INFO - [2026-05-09T19:35:23.781+0000] {dagbag.py:545} INFO - Filling up the DagBag from /home/airflow/.local/lib/python3.12/site-packages/airflow/example_dags/example_kubernetes_executor.py
[2026-05-09T19:35:23.795+0000] {processor.py:840} INFO - DAG(s) 'example_kubernetes_executor' retrieved from /home/airflow/.local/lib/python3.12/site-packages/airflow/example_dags/example_kubernetes_executor.py
[2026-05-09T19:35:23.837+0000] {logging_mixin.py:188} INFO - [2026-05-09T19:35:23.837+0000] {dag.py:3096} INFO - Sync 1 DAGs
[2026-05-09T19:35:23.852+0000] {logging_mixin.py:188} INFO - [2026-05-09T19:35:23.852+0000] {dag.py:3954} INFO - Setting next_dagrun for example_kubernetes_executor to None, run_after=None
[2026-05-09T19:35:23.880+0000] {processor.py:183} INFO - Processing /home/airflow/.local/lib/python3.12/site-packages/airflow/example_dags/example_kubernetes_executor.py took 0.107 seconds
[2026-05-09T19:35:54.254+0000] {processor.py:161} INFO - Started process (PID=5140) to work on /home/airflow/.local/lib/python3.12/site-packages/airflow/example_dags/example_kubernetes_executor.py
[2026-05-09T19:35:54.255+0000] {processor.py:830} INFO - Processing file /home/airflow/.local/lib/python3.12/site-packages/airflow/example_dags/example_kubernetes_executor.py for tasks to queue
[2026-05-09T19:35:54.258+0000] {logging_mixin.py:188} INFO - [2026-05-09T19:35:54.258+0000] {dagbag.py:545} INFO - Filling up the DagBag from /home/airflow/.local/lib/python3.12/site-packages/airflow/example_dags/example_kubernetes_executor.py
[2026-05-09T19:35:54.272+0000] {processor.py:840} INFO - DAG(s) 'example_kubernetes_executor' retrieved from /home/airflow/.local/lib/python3.12/site-packages/airflow/example_dags/example_kubernetes_executor.py
[2026-05-09T19:35:54.316+0000] {logging_mixin.py:188} INFO - [2026-05-09T19:35:54.315+0000] {dag.py:3096} INFO - Sync 1 DAGs
[2026-05-09T19:35:54.331+0000] {logging_mixin.py:188} INFO - [2026-05-09T19:35:54.331+0000] {dag.py:3954} INFO - Setting next_dagrun for example_kubernetes_executor to None, run_after=None
[2026-05-09T19:35:54.358+0000] {processor.py:183} INFO - Processing /home/airflow/.local/lib/python3.12/site-packages/airflow/example_dags/example_kubernetes_executor.py took 0.110 seconds
[2026-05-09T19:36:24.999+0000] {processor.py:161} INFO - Started process (PID=5199) to work on /home/airflow/.local/lib/python3.12/site-packages/airflow/example_dags/example_kubernetes_executor.py
[2026-05-09T19:36:25.000+0000] {processor.py:830} INFO - Processing file /home/airflow/.local/lib/python3.12/site-packages/airflow/example_dags/example_kubernetes_executor.py for tasks to queue
[2026-05-09T19:36:25.003+0000] {logging_mixin.py:188} INFO - [2026-05-09T19:36:25.002+0000] {dagbag.py:545} INFO - Filling up the DagBag from /home/airflow/.local/lib/python3.12/site-packages/airflow/example_dags/example_kubernetes_executor.py
[2026-05-09T19:36:25.026+0000] {processor.py:840} INFO - DAG(s) 'example_kubernetes_executor' retrieved from /home/airflow/.local/lib/python3.12/site-packages/airflow/example_dags/example_kubernetes_executor.py
[2026-05-09T19:36:25.082+0000] {logging_mixin.py:188} INFO - [2026-05-09T19:36:25.081+0000] {dag.py:3096} INFO - Sync 1 DAGs
[2026-05-09T19:36:25.103+0000] {logging_mixin.py:188} INFO - [2026-05-09T19:36:25.102+0000] {dag.py:3954} INFO - Setting next_dagrun for example_kubernetes_executor to None, run_after=None
[2026-05-09T19:36:25.143+0000] {processor.py:183} INFO - Processing /home/airflow/.local/lib/python3.12/site-packages/airflow/example_dags/example_kubernetes_executor.py took 0.153 seconds
[2026-05-09T19:36:56.313+0000] {processor.py:161} INFO - Started process (PID=5259) to work on /home/airflow/.local/lib/python3.12/site-packages/airflow/example_dags/example_kubernetes_executor.py
[2026-05-09T19:36:56.314+0000] {processor.py:830} INFO - Processing file /home/airflow/.local/lib/python3.12/site-packages/airflow/example_dags/example_kubernetes_executor.py for tasks to queue
[2026-05-09T19:36:56.317+0000] {logging_mixin.py:188} INFO - [2026-05-09T19:36:56.316+0000] {dagbag.py:545} INFO - Filling up the DagBag from /home/airflow/.local/lib/python3.12/site-packages/airflow/example_dags/example_kubernetes_executor.py
[2026-05-09T19:36:56.330+0000] {processor.py:840} INFO - DAG(s) 'example_kubernetes_executor' retrieved from /home/airflow/.local/lib/python3.12/site-packages/airflow/example_dags/example_kubernetes_executor.py
[2026-05-09T19:36:56.377+0000] {logging_mixin.py:188} INFO - [2026-05-09T19:36:56.377+0000] {dag.py:3096} INFO - Sync 1 DAGs
[2026-05-09T19:36:56.392+0000] {logging_mixin.py:188} INFO - [2026-05-09T19:36:56.392+0000] {dag.py:3954} INFO - Setting next_dagrun for example_kubernetes_executor to None, run_after=None
[2026-05-09T19:36:56.423+0000] {processor.py:183} INFO - Processing /home/airflow/.local/lib/python3.12/site-packages/airflow/example_dags/example_kubernetes_executor.py took 0.116 seconds
[2026-05-09T19:37:26.586+0000] {processor.py:161} INFO - Started process (PID=5317) to work on /home/airflow/.local/lib/python3.12/site-packages/airflow/example_dags/example_kubernetes_executor.py
[2026-05-09T19:37:26.588+0000] {processor.py:830} INFO - Processing file /home/airflow/.local/lib/python3.12/site-packages/airflow/example_dags/example_kubernetes_executor.py for tasks to queue
[2026-05-09T19:37:26.590+0000] {logging_mixin.py:188} INFO - [2026-05-09T19:37:26.589+0000] {dagbag.py:545} INFO - Filling up the DagBag from /home/airflow/.local/lib/python3.12/site-packages/airflow/example_dags/example_kubernetes_executor.py
[2026-05-09T19:37:26.601+0000] {processor.py:840} INFO - DAG(s) 'example_kubernetes_executor' retrieved from /home/airflow/.local/lib/python3.12/site-packages/airflow/example_dags/example_kubernetes_executor.py
[2026-05-09T19:37:26.642+0000] {logging_mixin.py:188} INFO - [2026-05-09T19:37:26.642+0000] {dag.py:3096} INFO - Sync 1 DAGs
[2026-05-09T19:37:26.657+0000] {logging_mixin.py:188} INFO - [2026-05-09T19:37:26.657+0000] {dag.py:3954} INFO - Setting next_dagrun for example_kubernetes_executor to None, run_after=None
[2026-05-09T19:37:26.683+0000] {processor.py:183} INFO - Processing /home/airflow/.local/lib/python3.12/site-packages/airflow/example_dags/example_kubernetes_executor.py took 0.103 seconds
[2026-05-09T19:37:57.457+0000] {processor.py:161} INFO - Started process (PID=5377) to work on /home/airflow/.local/lib/python3.12/site-packages/airflow/example_dags/example_kubernetes_executor.py
[2026-05-09T19:37:57.459+0000] {processor.py:830} INFO - Processing file /home/airflow/.local/lib/python3.12/site-packages/airflow/example_dags/example_kubernetes_executor.py for tasks to queue
[2026-05-09T19:37:57.462+0000] {logging_mixin.py:188} INFO - [2026-05-09T19:37:57.461+0000] {dagbag.py:545} INFO - Filling up the DagBag from /home/airflow/.local/lib/python3.12/site-packages/airflow/example_dags/example_kubernetes_executor.py
[2026-05-09T19:37:57.475+0000] {processor.py:840} INFO - DAG(s) 'example_kubernetes_executor' retrieved from /home/airflow/.local/lib/python3.12/site-packages/airflow/example_dags/example_kubernetes_executor.py
[2026-05-09T19:37:57.527+0000] {logging_mixin.py:188} INFO - [2026-05-09T19:37:57.526+0000] {dag.py:3096} INFO - Sync 1 DAGs
[2026-05-09T19:37:57.541+0000] {logging_mixin.py:188} INFO - [2026-05-09T19:37:57.540+0000] {dag.py:3954} INFO - Setting next_dagrun for example_kubernetes_executor to None, run_after=None
[2026-05-09T19:37:57.565+0000] {processor.py:183} INFO - Processing /home/airflow/.local/lib/python3.12/site-packages/airflow/example_dags/example_kubernetes_executor.py took 0.113 seconds
[2026-05-09T19:38:28.109+0000] {processor.py:161} INFO - Started process (PID=5436) to work on /home/airflow/.local/lib/python3.12/site-packages/airflow/example_dags/example_kubernetes_executor.py
[2026-05-09T19:38:28.110+0000] {processor.py:830} INFO - Processing file /home/airflow/.local/lib/python3.12/site-packages/airflow/example_dags/example_kubernetes_executor.py for tasks to queue
[2026-05-09T19:38:28.112+0000] {logging_mixin.py:188} INFO - [2026-05-09T19:38:28.112+0000] {dagbag.py:545} INFO - Filling up the DagBag from /home/airflow/.local/lib/python3.12/site-packages/airflow/example_dags/example_kubernetes_executor.py
[2026-05-09T19:38:28.125+0000] {processor.py:840} INFO - DAG(s) 'example_kubernetes_executor' retrieved from /home/airflow/.local/lib/python3.12/site-packages/airflow/example_dags/example_kubernetes_executor.py
[2026-05-09T19:38:28.169+0000] {logging_mixin.py:188} INFO - [2026-05-09T19:38:28.169+0000] {dag.py:3096} INFO - Sync 1 DAGs
[2026-05-09T19:38:28.183+0000] {logging_mixin.py:188} INFO - [2026-05-09T19:38:28.183+0000] {dag.py:3954} INFO - Setting next_dagrun for example_kubernetes_executor to None, run_after=None
[2026-05-09T19:38:28.208+0000] {processor.py:183} INFO - Processing /home/airflow/.local/lib/python3.12/site-packages/airflow/example_dags/example_kubernetes_executor.py took 0.104 seconds
[2026-05-09T19:38:59.744+0000] {processor.py:161} INFO - Started process (PID=5495) to work on /home/airflow/.local/lib/python3.12/site-packages/airflow/example_dags/example_kubernetes_executor.py
[2026-05-09T19:38:59.745+0000] {processor.py:830} INFO - Processing file /home/airflow/.local/lib/python3.12/site-packages/airflow/example_dags/example_kubernetes_executor.py for tasks to queue
[2026-05-09T19:38:59.748+0000] {logging_mixin.py:188} INFO - [2026-05-09T19:38:59.747+0000] {dagbag.py:545} INFO - Filling up the DagBag from /home/airflow/.local/lib/python3.12/site-packages/airflow/example_dags/example_kubernetes_executor.py
[2026-05-09T19:38:59.758+0000] {processor.py:840} INFO - DAG(s) 'example_kubernetes_executor' retrieved from /home/airflow/.local/lib/python3.12/site-packages/airflow/example_dags/example_kubernetes_executor.py
[2026-05-09T19:38:59.798+0000] {logging_mixin.py:188} INFO - [2026-05-09T19:38:59.798+0000] {dag.py:3096} INFO - Sync 1 DAGs
[2026-05-09T19:38:59.812+0000] {logging_mixin.py:188} INFO - [2026-05-09T19:38:59.811+0000] {dag.py:3954} INFO - Setting next_dagrun for example_kubernetes_executor to None, run_after=None
[2026-05-09T19:38:59.835+0000] {processor.py:183} INFO - Processing /home/airflow/.local/lib/python3.12/site-packages/airflow/example_dags/example_kubernetes_executor.py took 0.096 seconds
[2026-05-09T19:39:30.511+0000] {processor.py:161} INFO - Started process (PID=5554) to work on /home/airflow/.local/lib/python3.12/site-packages/airflow/example_dags/example_kubernetes_executor.py
[2026-05-09T19:39:30.512+0000] {processor.py:830} INFO - Processing file /home/airflow/.local/lib/python3.12/site-packages/airflow/example_dags/example_kubernetes_executor.py for tasks to queue
[2026-05-09T19:39:30.515+0000] {logging_mixin.py:188} INFO - [2026-05-09T19:39:30.514+0000] {dagbag.py:545} INFO - Filling up the DagBag from /home/airflow/.local/lib/python3.12/site-packages/airflow/example_dags/example_kubernetes_executor.py
[2026-05-09T19:39:30.526+0000] {processor.py:840} INFO - DAG(s) 'example_kubernetes_executor' retrieved from /home/airflow/.local/lib/python3.12/site-packages/airflow/example_dags/example_kubernetes_executor.py
[2026-05-09T19:39:30.570+0000] {logging_mixin.py:188} INFO - [2026-05-09T19:39:30.569+0000] {dag.py:3096} INFO - Sync 1 DAGs
[2026-05-09T19:39:30.586+0000] {logging_mixin.py:188} INFO - [2026-05-09T19:39:30.585+0000] {dag.py:3954} INFO - Setting next_dagrun for example_kubernetes_executor to None, run_after=None
[2026-05-09T19:39:30.611+0000] {processor.py:183} INFO - Processing /home/airflow/.local/lib/python3.12/site-packages/airflow/example_dags/example_kubernetes_executor.py took 0.106 seconds
[2026-05-09T19:40:01.663+0000] {processor.py:161} INFO - Started process (PID=5614) to work on /home/airflow/.local/lib/python3.12/site-packages/airflow/example_dags/example_kubernetes_executor.py
[2026-05-09T19:40:01.664+0000] {processor.py:830} INFO - Processing file /home/airflow/.local/lib/python3.12/site-packages/airflow/example_dags/example_kubernetes_executor.py for tasks to queue
[2026-05-09T19:40:01.667+0000] {logging_mixin.py:188} INFO - [2026-05-09T19:40:01.667+0000] {dagbag.py:545} INFO - Filling up the DagBag from /home/airflow/.local/lib/python3.12/site-packages/airflow/example_dags/example_kubernetes_executor.py
[2026-05-09T19:40:01.678+0000] {processor.py:840} INFO - DAG(s) 'example_kubernetes_executor' retrieved from /home/airflow/.local/lib/python3.12/site-packages/airflow/example_dags/example_kubernetes_executor.py
[2026-05-09T19:40:01.716+0000] {logging_mixin.py:188} INFO - [2026-05-09T19:40:01.716+0000] {dag.py:3096} INFO - Sync 1 DAGs
[2026-05-09T19:40:01.728+0000] {logging_mixin.py:188} INFO - [2026-05-09T19:40:01.728+0000] {dag.py:3954} INFO - Setting next_dagrun for example_kubernetes_executor to None, run_after=None
[2026-05-09T19:40:01.755+0000] {processor.py:183} INFO - Processing /home/airflow/.local/lib/python3.12/site-packages/airflow/example_dags/example_kubernetes_executor.py took 0.098 seconds
[2026-05-09T19:40:32.002+0000] {processor.py:161} INFO - Started process (PID=5672) to work on /home/airflow/.local/lib/python3.12/site-packages/airflow/example_dags/example_kubernetes_executor.py
[2026-05-09T19:40:32.003+0000] {processor.py:830} INFO - Processing file /home/airflow/.local/lib/python3.12/site-packages/airflow/example_dags/example_kubernetes_executor.py for tasks to queue
[2026-05-09T19:40:32.005+0000] {logging_mixin.py:188} INFO - [2026-05-09T19:40:32.005+0000] {dagbag.py:545} INFO - Filling up the DagBag from /home/airflow/.local/lib/python3.12/site-packages/airflow/example_dags/example_kubernetes_executor.py
[2026-05-09T19:40:32.017+0000] {processor.py:840} INFO - DAG(s) 'example_kubernetes_executor' retrieved from /home/airflow/.local/lib/python3.12/site-packages/airflow/example_dags/example_kubernetes_executor.py
[2026-05-09T19:40:32.054+0000] {logging_mixin.py:188} INFO - [2026-05-09T19:40:32.053+0000] {dag.py:3096} INFO - Sync 1 DAGs
[2026-05-09T19:40:32.066+0000] {logging_mixin.py:188} INFO - [2026-05-09T19:40:32.066+0000] {dag.py:3954} INFO - Setting next_dagrun for example_kubernetes_executor to None, run_after=None
[2026-05-09T19:40:32.092+0000] {processor.py:183} INFO - Processing /home/airflow/.local/lib/python3.12/site-packages/airflow/example_dags/example_kubernetes_executor.py took 0.096 seconds
[2026-05-09T19:41:03.170+0000] {processor.py:161} INFO - Started process (PID=5731) to work on /home/airflow/.local/lib/python3.12/site-packages/airflow/example_dags/example_kubernetes_executor.py
[2026-05-09T19:41:03.171+0000] {processor.py:830} INFO - Processing file /home/airflow/.local/lib/python3.12/site-packages/airflow/example_dags/example_kubernetes_executor.py for tasks to queue
[2026-05-09T19:41:03.173+0000] {logging_mixin.py:188} INFO - [2026-05-09T19:41:03.173+0000] {dagbag.py:545} INFO - Filling up the DagBag from /home/airflow/.local/lib/python3.12/site-packages/airflow/example_dags/example_kubernetes_executor.py
[2026-05-09T19:41:03.184+0000] {processor.py:840} INFO - DAG(s) 'example_kubernetes_executor' retrieved from /home/airflow/.local/lib/python3.12/site-packages/airflow/example_dags/example_kubernetes_executor.py
[2026-05-09T19:41:03.221+0000] {logging_mixin.py:188} INFO - [2026-05-09T19:41:03.220+0000] {dag.py:3096} INFO - Sync 1 DAGs
[2026-05-09T19:41:03.232+0000] {logging_mixin.py:188} INFO - [2026-05-09T19:41:03.232+0000] {dag.py:3954} INFO - Setting next_dagrun for example_kubernetes_executor to None, run_after=None
[2026-05-09T19:41:03.254+0000] {processor.py:183} INFO - Processing /home/airflow/.local/lib/python3.12/site-packages/airflow/example_dags/example_kubernetes_executor.py took 0.089 seconds
[2026-05-09T19:41:33.930+0000] {processor.py:161} INFO - Started process (PID=5790) to work on /home/airflow/.local/lib/python3.12/site-packages/airflow/example_dags/example_kubernetes_executor.py
[2026-05-09T19:41:33.931+0000] {processor.py:830} INFO - Processing file /home/airflow/.local/lib/python3.12/site-packages/airflow/example_dags/example_kubernetes_executor.py for tasks to queue
[2026-05-09T19:41:33.933+0000] {logging_mixin.py:188} INFO - [2026-05-09T19:41:33.933+0000] {dagbag.py:545} INFO - Filling up the DagBag from /home/airflow/.local/lib/python3.12/site-packages/airflow/example_dags/example_kubernetes_executor.py
[2026-05-09T19:41:33.947+0000] {processor.py:840} INFO - DAG(s) 'example_kubernetes_executor' retrieved from /home/airflow/.local/lib/python3.12/site-packages/airflow/example_dags/example_kubernetes_executor.py
[2026-05-09T19:41:33.992+0000] {logging_mixin.py:188} INFO - [2026-05-09T19:41:33.992+0000] {dag.py:3096} INFO - Sync 1 DAGs
[2026-05-09T19:41:34.006+0000] {logging_mixin.py:188} INFO - [2026-05-09T19:41:34.005+0000] {dag.py:3954} INFO - Setting next_dagrun for example_kubernetes_executor to None, run_after=None
[2026-05-09T19:41:34.033+0000] {processor.py:183} INFO - Processing /home/airflow/.local/lib/python3.12/site-packages/airflow/example_dags/example_kubernetes_executor.py took 0.109 seconds
[2026-05-09T19:42:04.440+0000] {processor.py:161} INFO - Started process (PID=5849) to work on /home/airflow/.local/lib/python3.12/site-packages/airflow/example_dags/example_kubernetes_executor.py
[2026-05-09T19:42:04.441+0000] {processor.py:830} INFO - Processing file /home/airflow/.local/lib/python3.12/site-packages/airflow/example_dags/example_kubernetes_executor.py for tasks to queue
[2026-05-09T19:42:04.444+0000] {logging_mixin.py:188} INFO - [2026-05-09T19:42:04.443+0000] {dagbag.py:545} INFO - Filling up the DagBag from /home/airflow/.local/lib/python3.12/site-packages/airflow/example_dags/example_kubernetes_executor.py
[2026-05-09T19:42:04.455+0000] {processor.py:840} INFO - DAG(s) 'example_kubernetes_executor' retrieved from /home/airflow/.local/lib/python3.12/site-packages/airflow/example_dags/example_kubernetes_executor.py
[2026-05-09T19:42:04.497+0000] {logging_mixin.py:188} INFO - [2026-05-09T19:42:04.496+0000] {dag.py:3096} INFO - Sync 1 DAGs
[2026-05-09T19:42:04.510+0000] {logging_mixin.py:188} INFO - [2026-05-09T19:42:04.509+0000] {dag.py:3954} INFO - Setting next_dagrun for example_kubernetes_executor to None, run_after=None
[2026-05-09T19:42:04.541+0000] {processor.py:183} INFO - Processing /home/airflow/.local/lib/python3.12/site-packages/airflow/example_dags/example_kubernetes_executor.py took 0.107 seconds
[2026-05-09T19:42:36.992+0000] {processor.py:161} INFO - Started process (PID=5908) to work on /home/airflow/.local/lib/python3.12/site-packages/airflow/example_dags/example_kubernetes_executor.py
[2026-05-09T19:42:36.993+0000] {processor.py:830} INFO - Processing file /home/airflow/.local/lib/python3.12/site-packages/airflow/example_dags/example_kubernetes_executor.py for tasks to queue
[2026-05-09T19:42:36.996+0000] {logging_mixin.py:188} INFO - [2026-05-09T19:42:36.996+0000] {dagbag.py:545} INFO - Filling up the DagBag from /home/airflow/.local/lib/python3.12/site-packages/airflow/example_dags/example_kubernetes_executor.py
[2026-05-09T19:42:37.214+0000] {processor.py:840} INFO - DAG(s) 'example_kubernetes_executor' retrieved from /home/airflow/.local/lib/python3.12/site-packages/airflow/example_dags/example_kubernetes_executor.py
[2026-05-09T19:42:37.259+0000] {logging_mixin.py:188} INFO - [2026-05-09T19:42:37.259+0000] {dag.py:3096} INFO - Sync 1 DAGs
[2026-05-09T19:42:37.274+0000] {logging_mixin.py:188} INFO - [2026-05-09T19:42:37.274+0000] {dag.py:3954} INFO - Setting next_dagrun for example_kubernetes_executor to None, run_after=None
[2026-05-09T19:42:37.305+0000] {processor.py:183} INFO - Processing /home/airflow/.local/lib/python3.12/site-packages/airflow/example_dags/example_kubernetes_executor.py took 0.321 seconds
[2026-05-09T19:43:08.178+0000] {processor.py:161} INFO - Started process (PID=5968) to work on /home/airflow/.local/lib/python3.12/site-packages/airflow/example_dags/example_kubernetes_executor.py
[2026-05-09T19:43:08.180+0000] {processor.py:830} INFO - Processing file /home/airflow/.local/lib/python3.12/site-packages/airflow/example_dags/example_kubernetes_executor.py for tasks to queue
[2026-05-09T19:43:08.182+0000] {logging_mixin.py:188} INFO - [2026-05-09T19:43:08.181+0000] {dagbag.py:545} INFO - Filling up the DagBag from /home/airflow/.local/lib/python3.12/site-packages/airflow/example_dags/example_kubernetes_executor.py
[2026-05-09T19:43:08.192+0000] {processor.py:840} INFO - DAG(s) 'example_kubernetes_executor' retrieved from /home/airflow/.local/lib/python3.12/site-packages/airflow/example_dags/example_kubernetes_executor.py
[2026-05-09T19:43:08.229+0000] {logging_mixin.py:188} INFO - [2026-05-09T19:43:08.229+0000] {dag.py:3096} INFO - Sync 1 DAGs
[2026-05-09T19:43:08.241+0000] {logging_mixin.py:188} INFO - [2026-05-09T19:43:08.240+0000] {dag.py:3954} INFO - Setting next_dagrun for example_kubernetes_executor to None, run_after=None
[2026-05-09T19:43:08.263+0000] {processor.py:183} INFO - Processing /home/airflow/.local/lib/python3.12/site-packages/airflow/example_dags/example_kubernetes_executor.py took 0.090 seconds
[2026-05-09T19:43:38.809+0000] {processor.py:161} INFO - Started process (PID=6028) to work on /home/airflow/.local/lib/python3.12/site-packages/airflow/example_dags/example_kubernetes_executor.py
[2026-05-09T19:43:38.810+0000] {processor.py:830} INFO - Processing file /home/airflow/.local/lib/python3.12/site-packages/airflow/example_dags/example_kubernetes_executor.py for tasks to queue
[2026-05-09T19:43:38.814+0000] {logging_mixin.py:188} INFO - [2026-05-09T19:43:38.813+0000] {dagbag.py:545} INFO - Filling up the DagBag from /home/airflow/.local/lib/python3.12/site-packages/airflow/example_dags/example_kubernetes_executor.py
[2026-05-09T19:43:38.831+0000] {processor.py:840} INFO - DAG(s) 'example_kubernetes_executor' retrieved from /home/airflow/.local/lib/python3.12/site-packages/airflow/example_dags/example_kubernetes_executor.py
[2026-05-09T19:43:38.883+0000] {logging_mixin.py:188} INFO - [2026-05-09T19:43:38.883+0000] {dag.py:3096} INFO - Sync 1 DAGs
[2026-05-09T19:43:38.900+0000] {logging_mixin.py:188} INFO - [2026-05-09T19:43:38.900+0000] {dag.py:3954} INFO - Setting next_dagrun for example_kubernetes_executor to None, run_after=None
[2026-05-09T19:43:38.932+0000] {processor.py:183} INFO - Processing /home/airflow/.local/lib/python3.12/site-packages/airflow/example_dags/example_kubernetes_executor.py took 0.133 seconds
[2026-05-09T19:44:09.411+0000] {processor.py:161} INFO - Started process (PID=6087) to work on /home/airflow/.local/lib/python3.12/site-packages/airflow/example_dags/example_kubernetes_executor.py
[2026-05-09T19:44:09.413+0000] {processor.py:830} INFO - Processing file /home/airflow/.local/lib/python3.12/site-packages/airflow/example_dags/example_kubernetes_executor.py for tasks to queue
[2026-05-09T19:44:09.415+0000] {logging_mixin.py:188} INFO - [2026-05-09T19:44:09.414+0000] {dagbag.py:545} INFO - Filling up the DagBag from /home/airflow/.local/lib/python3.12/site-packages/airflow/example_dags/example_kubernetes_executor.py
[2026-05-09T19:44:09.427+0000] {processor.py:840} INFO - DAG(s) 'example_kubernetes_executor' retrieved from /home/airflow/.local/lib/python3.12/site-packages/airflow/example_dags/example_kubernetes_executor.py
[2026-05-09T19:44:09.472+0000] {logging_mixin.py:188} INFO - [2026-05-09T19:44:09.472+0000] {dag.py:3096} INFO - Sync 1 DAGs
[2026-05-09T19:44:09.485+0000] {logging_mixin.py:188} INFO - [2026-05-09T19:44:09.484+0000] {dag.py:3954} INFO - Setting next_dagrun for example_kubernetes_executor to None, run_after=None
[2026-05-09T19:44:09.509+0000] {processor.py:183} INFO - Processing /home/airflow/.local/lib/python3.12/site-packages/airflow/example_dags/example_kubernetes_executor.py took 0.103 seconds
[2026-05-09T19:44:40.466+0000] {processor.py:161} INFO - Started process (PID=6146) to work on /home/airflow/.local/lib/python3.12/site-packages/airflow/example_dags/example_kubernetes_executor.py
[2026-05-09T19:44:40.468+0000] {processor.py:830} INFO - Processing file /home/airflow/.local/lib/python3.12/site-packages/airflow/example_dags/example_kubernetes_executor.py for tasks to queue
[2026-05-09T19:44:40.469+0000] {logging_mixin.py:188} INFO - [2026-05-09T19:44:40.469+0000] {dagbag.py:545} INFO - Filling up the DagBag from /home/airflow/.local/lib/python3.12/site-packages/airflow/example_dags/example_kubernetes_executor.py
[2026-05-09T19:44:40.480+0000] {processor.py:840} INFO - DAG(s) 'example_kubernetes_executor' retrieved from /home/airflow/.local/lib/python3.12/site-packages/airflow/example_dags/example_kubernetes_executor.py
[2026-05-09T19:44:40.529+0000] {logging_mixin.py:188} INFO - [2026-05-09T19:44:40.529+0000] {dag.py:3096} INFO - Sync 1 DAGs
[2026-05-09T19:44:40.546+0000] {logging_mixin.py:188} INFO - [2026-05-09T19:44:40.545+0000] {dag.py:3954} INFO - Setting next_dagrun for example_kubernetes_executor to None, run_after=None
[2026-05-09T19:44:40.571+0000] {processor.py:183} INFO - Processing /home/airflow/.local/lib/python3.12/site-packages/airflow/example_dags/example_kubernetes_executor.py took 0.110 seconds
[2026-05-09T19:45:11.196+0000] {processor.py:161} INFO - Started process (PID=6206) to work on /home/airflow/.local/lib/python3.12/site-packages/airflow/example_dags/example_kubernetes_executor.py
[2026-05-09T19:45:11.198+0000] {processor.py:830} INFO - Processing file /home/airflow/.local/lib/python3.12/site-packages/airflow/example_dags/example_kubernetes_executor.py for tasks to queue
[2026-05-09T19:45:11.202+0000] {logging_mixin.py:188} INFO - [2026-05-09T19:45:11.202+0000] {dagbag.py:545} INFO - Filling up the DagBag from /home/airflow/.local/lib/python3.12/site-packages/airflow/example_dags/example_kubernetes_executor.py
[2026-05-09T19:45:11.216+0000] {processor.py:840} INFO - DAG(s) 'example_kubernetes_executor' retrieved from /home/airflow/.local/lib/python3.12/site-packages/airflow/example_dags/example_kubernetes_executor.py
[2026-05-09T19:45:11.268+0000] {logging_mixin.py:188} INFO - [2026-05-09T19:45:11.268+0000] {dag.py:3096} INFO - Sync 1 DAGs
[2026-05-09T19:45:11.285+0000] {logging_mixin.py:188} INFO - [2026-05-09T19:45:11.284+0000] {dag.py:3954} INFO - Setting next_dagrun for example_kubernetes_executor to None, run_after=None
[2026-05-09T19:45:11.313+0000] {processor.py:183} INFO - Processing /home/airflow/.local/lib/python3.12/site-packages/airflow/example_dags/example_kubernetes_executor.py took 0.125 seconds
[2026-05-09T19:45:42.170+0000] {processor.py:161} INFO - Started process (PID=6265) to work on /home/airflow/.local/lib/python3.12/site-packages/airflow/example_dags/example_kubernetes_executor.py
[2026-05-09T19:45:42.171+0000] {processor.py:830} INFO - Processing file /home/airflow/.local/lib/python3.12/site-packages/airflow/example_dags/example_kubernetes_executor.py for tasks to queue
[2026-05-09T19:45:42.173+0000] {logging_mixin.py:188} INFO - [2026-05-09T19:45:42.173+0000] {dagbag.py:545} INFO - Filling up the DagBag from /home/airflow/.local/lib/python3.12/site-packages/airflow/example_dags/example_kubernetes_executor.py
[2026-05-09T19:45:42.185+0000] {processor.py:840} INFO - DAG(s) 'example_kubernetes_executor' retrieved from /home/airflow/.local/lib/python3.12/site-packages/airflow/example_dags/example_kubernetes_executor.py
[2026-05-09T19:45:42.221+0000] {logging_mixin.py:188} INFO - [2026-05-09T19:45:42.220+0000] {dag.py:3096} INFO - Sync 1 DAGs
[2026-05-09T19:45:42.235+0000] {logging_mixin.py:188} INFO - [2026-05-09T19:45:42.235+0000] {dag.py:3954} INFO - Setting next_dagrun for example_kubernetes_executor to None, run_after=None
[2026-05-09T19:45:42.260+0000] {processor.py:183} INFO - Processing /home/airflow/.local/lib/python3.12/site-packages/airflow/example_dags/example_kubernetes_executor.py took 0.096 seconds
[2026-05-09T19:46:12.906+0000] {processor.py:161} INFO - Started process (PID=6324) to work on /home/airflow/.local/lib/python3.12/site-packages/airflow/example_dags/example_kubernetes_executor.py
[2026-05-09T19:46:12.907+0000] {processor.py:830} INFO - Processing file /home/airflow/.local/lib/python3.12/site-packages/airflow/example_dags/example_kubernetes_executor.py for tasks to queue
[2026-05-09T19:46:12.909+0000] {logging_mixin.py:188} INFO - [2026-05-09T19:46:12.908+0000] {dagbag.py:545} INFO - Filling up the DagBag from /home/airflow/.local/lib/python3.12/site-packages/airflow/example_dags/example_kubernetes_executor.py
[2026-05-09T19:46:12.919+0000] {processor.py:840} INFO - DAG(s) 'example_kubernetes_executor' retrieved from /home/airflow/.local/lib/python3.12/site-packages/airflow/example_dags/example_kubernetes_executor.py
[2026-05-09T19:46:12.960+0000] {logging_mixin.py:188} INFO - [2026-05-09T19:46:12.960+0000] {dag.py:3096} INFO - Sync 1 DAGs
[2026-05-09T19:46:12.975+0000] {logging_mixin.py:188} INFO - [2026-05-09T19:46:12.975+0000] {dag.py:3954} INFO - Setting next_dagrun for example_kubernetes_executor to None, run_after=None
[2026-05-09T19:46:13.001+0000] {processor.py:183} INFO - Processing /home/airflow/.local/lib/python3.12/site-packages/airflow/example_dags/example_kubernetes_executor.py took 0.101 seconds
[2026-05-09T19:46:43.270+0000] {processor.py:161} INFO - Started process (PID=6383) to work on /home/airflow/.local/lib/python3.12/site-packages/airflow/example_dags/example_kubernetes_executor.py
[2026-05-09T19:46:43.271+0000] {processor.py:830} INFO - Processing file /home/airflow/.local/lib/python3.12/site-packages/airflow/example_dags/example_kubernetes_executor.py for tasks to queue
[2026-05-09T19:46:43.273+0000] {logging_mixin.py:188} INFO - [2026-05-09T19:46:43.273+0000] {dagbag.py:545} INFO - Filling up the DagBag from /home/airflow/.local/lib/python3.12/site-packages/airflow/example_dags/example_kubernetes_executor.py
[2026-05-09T19:46:43.286+0000] {processor.py:840} INFO - DAG(s) 'example_kubernetes_executor' retrieved from /home/airflow/.local/lib/python3.12/site-packages/airflow/example_dags/example_kubernetes_executor.py
[2026-05-09T19:46:43.335+0000] {logging_mixin.py:188} INFO - [2026-05-09T19:46:43.335+0000] {dag.py:3096} INFO - Sync 1 DAGs
[2026-05-09T19:46:43.352+0000] {logging_mixin.py:188} INFO - [2026-05-09T19:46:43.352+0000] {dag.py:3954} INFO - Setting next_dagrun for example_kubernetes_executor to None, run_after=None
[2026-05-09T19:46:43.378+0000] {processor.py:183} INFO - Processing /home/airflow/.local/lib/python3.12/site-packages/airflow/example_dags/example_kubernetes_executor.py took 0.114 seconds
[2026-05-09T19:47:14.024+0000] {processor.py:161} INFO - Started process (PID=6442) to work on /home/airflow/.local/lib/python3.12/site-packages/airflow/example_dags/example_kubernetes_executor.py
[2026-05-09T19:47:14.025+0000] {processor.py:830} INFO - Processing file /home/airflow/.local/lib/python3.12/site-packages/airflow/example_dags/example_kubernetes_executor.py for tasks to queue
[2026-05-09T19:47:14.027+0000] {logging_mixin.py:188} INFO - [2026-05-09T19:47:14.027+0000] {dagbag.py:545} INFO - Filling up the DagBag from /home/airflow/.local/lib/python3.12/site-packages/airflow/example_dags/example_kubernetes_executor.py
[2026-05-09T19:47:14.039+0000] {processor.py:840} INFO - DAG(s) 'example_kubernetes_executor' retrieved from /home/airflow/.local/lib/python3.12/site-packages/airflow/example_dags/example_kubernetes_executor.py
[2026-05-09T19:47:14.077+0000] {logging_mixin.py:188} INFO - [2026-05-09T19:47:14.076+0000] {dag.py:3096} INFO - Sync 1 DAGs
[2026-05-09T19:47:14.089+0000] {logging_mixin.py:188} INFO - [2026-05-09T19:47:14.089+0000] {dag.py:3954} INFO - Setting next_dagrun for example_kubernetes_executor to None, run_after=None
[2026-05-09T19:47:14.114+0000] {processor.py:183} INFO - Processing /home/airflow/.local/lib/python3.12/site-packages/airflow/example_dags/example_kubernetes_executor.py took 0.095 seconds
[2026-05-09T19:47:44.166+0000] {processor.py:161} INFO - Started process (PID=6500) to work on /home/airflow/.local/lib/python3.12/site-packages/airflow/example_dags/example_kubernetes_executor.py
[2026-05-09T19:47:44.167+0000] {processor.py:830} INFO - Processing file /home/airflow/.local/lib/python3.12/site-packages/airflow/example_dags/example_kubernetes_executor.py for tasks to queue
[2026-05-09T19:47:44.169+0000] {logging_mixin.py:188} INFO - [2026-05-09T19:47:44.169+0000] {dagbag.py:545} INFO - Filling up the DagBag from /home/airflow/.local/lib/python3.12/site-packages/airflow/example_dags/example_kubernetes_executor.py
[2026-05-09T19:47:44.181+0000] {processor.py:840} INFO - DAG(s) 'example_kubernetes_executor' retrieved from /home/airflow/.local/lib/python3.12/site-packages/airflow/example_dags/example_kubernetes_executor.py
[2026-05-09T19:47:44.230+0000] {logging_mixin.py:188} INFO - [2026-05-09T19:47:44.229+0000] {dag.py:3096} INFO - Sync 1 DAGs
[2026-05-09T19:47:44.244+0000] {logging_mixin.py:188} INFO - [2026-05-09T19:47:44.244+0000] {dag.py:3954} INFO - Setting next_dagrun for example_kubernetes_executor to None, run_after=None
[2026-05-09T19:47:44.276+0000] {processor.py:183} INFO - Processing /home/airflow/.local/lib/python3.12/site-packages/airflow/example_dags/example_kubernetes_executor.py took 0.115 seconds
[2026-05-09T19:48:14.669+0000] {processor.py:161} INFO - Started process (PID=6559) to work on /home/airflow/.local/lib/python3.12/site-packages/airflow/example_dags/example_kubernetes_executor.py
[2026-05-09T19:48:14.670+0000] {processor.py:830} INFO - Processing file /home/airflow/.local/lib/python3.12/site-packages/airflow/example_dags/example_kubernetes_executor.py for tasks to queue
[2026-05-09T19:48:14.672+0000] {logging_mixin.py:188} INFO - [2026-05-09T19:48:14.672+0000] {dagbag.py:545} INFO - Filling up the DagBag from /home/airflow/.local/lib/python3.12/site-packages/airflow/example_dags/example_kubernetes_executor.py
[2026-05-09T19:48:14.684+0000] {processor.py:840} INFO - DAG(s) 'example_kubernetes_executor' retrieved from /home/airflow/.local/lib/python3.12/site-packages/airflow/example_dags/example_kubernetes_executor.py
[2026-05-09T19:48:14.721+0000] {logging_mixin.py:188} INFO - [2026-05-09T19:48:14.721+0000] {dag.py:3096} INFO - Sync 1 DAGs
[2026-05-09T19:48:14.733+0000] {logging_mixin.py:188} INFO - [2026-05-09T19:48:14.733+0000] {dag.py:3954} INFO - Setting next_dagrun for example_kubernetes_executor to None, run_after=None
[2026-05-09T19:48:14.755+0000] {processor.py:183} INFO - Processing /home/airflow/.local/lib/python3.12/site-packages/airflow/example_dags/example_kubernetes_executor.py took 0.092 seconds
[2026-05-09T19:48:45.624+0000] {processor.py:161} INFO - Started process (PID=6619) to work on /home/airflow/.local/lib/python3.12/site-packages/airflow/example_dags/example_kubernetes_executor.py
[2026-05-09T19:48:45.626+0000] {processor.py:830} INFO - Processing file /home/airflow/.local/lib/python3.12/site-packages/airflow/example_dags/example_kubernetes_executor.py for tasks to queue
[2026-05-09T19:48:45.627+0000] {logging_mixin.py:188} INFO - [2026-05-09T19:48:45.627+0000] {dagbag.py:545} INFO - Filling up the DagBag from /home/airflow/.local/lib/python3.12/site-packages/airflow/example_dags/example_kubernetes_executor.py
[2026-05-09T19:48:45.639+0000] {processor.py:840} INFO - DAG(s) 'example_kubernetes_executor' retrieved from /home/airflow/.local/lib/python3.12/site-packages/airflow/example_dags/example_kubernetes_executor.py
[2026-05-09T19:48:45.675+0000] {logging_mixin.py:188} INFO - [2026-05-09T19:48:45.675+0000] {dag.py:3096} INFO - Sync 1 DAGs
[2026-05-09T19:48:45.687+0000] {logging_mixin.py:188} INFO - [2026-05-09T19:48:45.686+0000] {dag.py:3954} INFO - Setting next_dagrun for example_kubernetes_executor to None, run_after=None
[2026-05-09T19:48:45.712+0000] {processor.py:183} INFO - Processing /home/airflow/.local/lib/python3.12/site-packages/airflow/example_dags/example_kubernetes_executor.py took 0.093 seconds
[2026-05-09T19:49:16.799+0000] {processor.py:161} INFO - Started process (PID=6679) to work on /home/airflow/.local/lib/python3.12/site-packages/airflow/example_dags/example_kubernetes_executor.py
[2026-05-09T19:49:16.800+0000] {processor.py:830} INFO - Processing file /home/airflow/.local/lib/python3.12/site-packages/airflow/example_dags/example_kubernetes_executor.py for tasks to queue
[2026-05-09T19:49:16.802+0000] {logging_mixin.py:188} INFO - [2026-05-09T19:49:16.802+0000] {dagbag.py:545} INFO - Filling up the DagBag from /home/airflow/.local/lib/python3.12/site-packages/airflow/example_dags/example_kubernetes_executor.py
[2026-05-09T19:49:16.814+0000] {processor.py:840} INFO - DAG(s) 'example_kubernetes_executor' retrieved from /home/airflow/.local/lib/python3.12/site-packages/airflow/example_dags/example_kubernetes_executor.py
[2026-05-09T19:49:16.852+0000] {logging_mixin.py:188} INFO - [2026-05-09T19:49:16.852+0000] {dag.py:3096} INFO - Sync 1 DAGs
[2026-05-09T19:49:16.867+0000] {logging_mixin.py:188} INFO - [2026-05-09T19:49:16.867+0000] {dag.py:3954} INFO - Setting next_dagrun for example_kubernetes_executor to None, run_after=None
[2026-05-09T19:49:16.892+0000] {processor.py:183} INFO - Processing /home/airflow/.local/lib/python3.12/site-packages/airflow/example_dags/example_kubernetes_executor.py took 0.098 seconds
[2026-05-09T19:49:47.521+0000] {processor.py:161} INFO - Started process (PID=6738) to work on /home/airflow/.local/lib/python3.12/site-packages/airflow/example_dags/example_kubernetes_executor.py
[2026-05-09T19:49:47.523+0000] {processor.py:830} INFO - Processing file /home/airflow/.local/lib/python3.12/site-packages/airflow/example_dags/example_kubernetes_executor.py for tasks to queue
[2026-05-09T19:49:47.525+0000] {logging_mixin.py:188} INFO - [2026-05-09T19:49:47.525+0000] {dagbag.py:545} INFO - Filling up the DagBag from /home/airflow/.local/lib/python3.12/site-packages/airflow/example_dags/example_kubernetes_executor.py
[2026-05-09T19:49:47.541+0000] {processor.py:840} INFO - DAG(s) 'example_kubernetes_executor' retrieved from /home/airflow/.local/lib/python3.12/site-packages/airflow/example_dags/example_kubernetes_executor.py
[2026-05-09T19:49:47.589+0000] {logging_mixin.py:188} INFO - [2026-05-09T19:49:47.588+0000] {dag.py:3096} INFO - Sync 1 DAGs
[2026-05-09T19:49:47.605+0000] {logging_mixin.py:188} INFO - [2026-05-09T19:49:47.604+0000] {dag.py:3954} INFO - Setting next_dagrun for example_kubernetes_executor to None, run_after=None
[2026-05-09T19:49:47.634+0000] {processor.py:183} INFO - Processing /home/airflow/.local/lib/python3.12/site-packages/airflow/example_dags/example_kubernetes_executor.py took 0.120 seconds
[2026-05-09T19:50:18.304+0000] {processor.py:161} INFO - Started process (PID=6798) to work on /home/airflow/.local/lib/python3.12/site-packages/airflow/example_dags/example_kubernetes_executor.py
[2026-05-09T19:50:18.305+0000] {processor.py:830} INFO - Processing file /home/airflow/.local/lib/python3.12/site-packages/airflow/example_dags/example_kubernetes_executor.py for tasks to queue
[2026-05-09T19:50:18.307+0000] {logging_mixin.py:188} INFO - [2026-05-09T19:50:18.306+0000] {dagbag.py:545} INFO - Filling up the DagBag from /home/airflow/.local/lib/python3.12/site-packages/airflow/example_dags/example_kubernetes_executor.py
[2026-05-09T19:50:18.317+0000] {processor.py:840} INFO - DAG(s) 'example_kubernetes_executor' retrieved from /home/airflow/.local/lib/python3.12/site-packages/airflow/example_dags/example_kubernetes_executor.py
[2026-05-09T19:50:18.358+0000] {logging_mixin.py:188} INFO - [2026-05-09T19:50:18.357+0000] {dag.py:3096} INFO - Sync 1 DAGs
[2026-05-09T19:50:18.369+0000] {logging_mixin.py:188} INFO - [2026-05-09T19:50:18.369+0000] {dag.py:3954} INFO - Setting next_dagrun for example_kubernetes_executor to None, run_after=None
[2026-05-09T19:50:18.391+0000] {processor.py:183} INFO - Processing /home/airflow/.local/lib/python3.12/site-packages/airflow/example_dags/example_kubernetes_executor.py took 0.093 seconds
[2026-05-09T19:50:49.369+0000] {processor.py:161} INFO - Started process (PID=6857) to work on /home/airflow/.local/lib/python3.12/site-packages/airflow/example_dags/example_kubernetes_executor.py
[2026-05-09T19:50:49.370+0000] {processor.py:830} INFO - Processing file /home/airflow/.local/lib/python3.12/site-packages/airflow/example_dags/example_kubernetes_executor.py for tasks to queue
[2026-05-09T19:50:49.372+0000] {logging_mixin.py:188} INFO - [2026-05-09T19:50:49.372+0000] {dagbag.py:545} INFO - Filling up the DagBag from /home/airflow/.local/lib/python3.12/site-packages/airflow/example_dags/example_kubernetes_executor.py
[2026-05-09T19:50:49.385+0000] {processor.py:840} INFO - DAG(s) 'example_kubernetes_executor' retrieved from /home/airflow/.local/lib/python3.12/site-packages/airflow/example_dags/example_kubernetes_executor.py
[2026-05-09T19:50:49.441+0000] {logging_mixin.py:188} INFO - [2026-05-09T19:50:49.440+0000] {dag.py:3096} INFO - Sync 1 DAGs
[2026-05-09T19:50:49.466+0000] {logging_mixin.py:188} INFO - [2026-05-09T19:50:49.465+0000] {dag.py:3954} INFO - Setting next_dagrun for example_kubernetes_executor to None, run_after=None
[2026-05-09T19:50:49.507+0000] {processor.py:183} INFO - Processing /home/airflow/.local/lib/python3.12/site-packages/airflow/example_dags/example_kubernetes_executor.py took 0.145 seconds
[2026-05-09T19:51:20.712+0000] {processor.py:161} INFO - Started process (PID=6916) to work on /home/airflow/.local/lib/python3.12/site-packages/airflow/example_dags/example_kubernetes_executor.py
[2026-05-09T19:51:20.714+0000] {processor.py:830} INFO - Processing file /home/airflow/.local/lib/python3.12/site-packages/airflow/example_dags/example_kubernetes_executor.py for tasks to queue
[2026-05-09T19:51:20.717+0000] {logging_mixin.py:188} INFO - [2026-05-09T19:51:20.717+0000] {dagbag.py:545} INFO - Filling up the DagBag from /home/airflow/.local/lib/python3.12/site-packages/airflow/example_dags/example_kubernetes_executor.py
[2026-05-09T19:51:20.736+0000] {processor.py:840} INFO - DAG(s) 'example_kubernetes_executor' retrieved from /home/airflow/.local/lib/python3.12/site-packages/airflow/example_dags/example_kubernetes_executor.py
[2026-05-09T19:51:20.786+0000] {logging_mixin.py:188} INFO - [2026-05-09T19:51:20.786+0000] {dag.py:3096} INFO - Sync 1 DAGs
[2026-05-09T19:51:20.804+0000] {logging_mixin.py:188} INFO - [2026-05-09T19:51:20.803+0000] {dag.py:3954} INFO - Setting next_dagrun for example_kubernetes_executor to None, run_after=None
[2026-05-09T19:51:20.833+0000] {processor.py:183} INFO - Processing /home/airflow/.local/lib/python3.12/site-packages/airflow/example_dags/example_kubernetes_executor.py took 0.128 seconds
[2026-05-09T19:51:51.154+0000] {processor.py:161} INFO - Started process (PID=6975) to work on /home/airflow/.local/lib/python3.12/site-packages/airflow/example_dags/example_kubernetes_executor.py
[2026-05-09T19:51:51.156+0000] {processor.py:830} INFO - Processing file /home/airflow/.local/lib/python3.12/site-packages/airflow/example_dags/example_kubernetes_executor.py for tasks to queue
[2026-05-09T19:51:51.158+0000] {logging_mixin.py:188} INFO - [2026-05-09T19:51:51.157+0000] {dagbag.py:545} INFO - Filling up the DagBag from /home/airflow/.local/lib/python3.12/site-packages/airflow/example_dags/example_kubernetes_executor.py
[2026-05-09T19:51:51.169+0000] {processor.py:840} INFO - DAG(s) 'example_kubernetes_executor' retrieved from /home/airflow/.local/lib/python3.12/site-packages/airflow/example_dags/example_kubernetes_executor.py
[2026-05-09T19:51:51.206+0000] {logging_mixin.py:188} INFO - [2026-05-09T19:51:51.206+0000] {dag.py:3096} INFO - Sync 1 DAGs
[2026-05-09T19:51:51.220+0000] {logging_mixin.py:188} INFO - [2026-05-09T19:51:51.220+0000] {dag.py:3954} INFO - Setting next_dagrun for example_kubernetes_executor to None, run_after=None
[2026-05-09T19:51:51.247+0000] {processor.py:183} INFO - Processing /home/airflow/.local/lib/python3.12/site-packages/airflow/example_dags/example_kubernetes_executor.py took 0.098 seconds
[2026-05-09T19:52:21.781+0000] {processor.py:161} INFO - Started process (PID=7034) to work on /home/airflow/.local/lib/python3.12/site-packages/airflow/example_dags/example_kubernetes_executor.py
[2026-05-09T19:52:21.783+0000] {processor.py:830} INFO - Processing file /home/airflow/.local/lib/python3.12/site-packages/airflow/example_dags/example_kubernetes_executor.py for tasks to queue
[2026-05-09T19:52:21.785+0000] {logging_mixin.py:188} INFO - [2026-05-09T19:52:21.784+0000] {dagbag.py:545} INFO - Filling up the DagBag from /home/airflow/.local/lib/python3.12/site-packages/airflow/example_dags/example_kubernetes_executor.py
[2026-05-09T19:52:21.797+0000] {processor.py:840} INFO - DAG(s) 'example_kubernetes_executor' retrieved from /home/airflow/.local/lib/python3.12/site-packages/airflow/example_dags/example_kubernetes_executor.py
[2026-05-09T19:52:21.838+0000] {logging_mixin.py:188} INFO - [2026-05-09T19:52:21.837+0000] {dag.py:3096} INFO - Sync 1 DAGs
[2026-05-09T19:52:21.851+0000] {logging_mixin.py:188} INFO - [2026-05-09T19:52:21.850+0000] {dag.py:3954} INFO - Setting next_dagrun for example_kubernetes_executor to None, run_after=None
[2026-05-09T19:52:21.876+0000] {processor.py:183} INFO - Processing /home/airflow/.local/lib/python3.12/site-packages/airflow/example_dags/example_kubernetes_executor.py took 0.100 seconds
[2026-05-09T19:52:53.208+0000] {processor.py:161} INFO - Started process (PID=7093) to work on /home/airflow/.local/lib/python3.12/site-packages/airflow/example_dags/example_kubernetes_executor.py
[2026-05-09T19:52:53.209+0000] {processor.py:830} INFO - Processing file /home/airflow/.local/lib/python3.12/site-packages/airflow/example_dags/example_kubernetes_executor.py for tasks to queue
[2026-05-09T19:52:53.212+0000] {logging_mixin.py:188} INFO - [2026-05-09T19:52:53.211+0000] {dagbag.py:545} INFO - Filling up the DagBag from /home/airflow/.local/lib/python3.12/site-packages/airflow/example_dags/example_kubernetes_executor.py
[2026-05-09T19:52:53.230+0000] {processor.py:840} INFO - DAG(s) 'example_kubernetes_executor' retrieved from /home/airflow/.local/lib/python3.12/site-packages/airflow/example_dags/example_kubernetes_executor.py
[2026-05-09T19:52:53.277+0000] {logging_mixin.py:188} INFO - [2026-05-09T19:52:53.277+0000] {dag.py:3096} INFO - Sync 1 DAGs
[2026-05-09T19:52:53.292+0000] {logging_mixin.py:188} INFO - [2026-05-09T19:52:53.291+0000] {dag.py:3954} INFO - Setting next_dagrun for example_kubernetes_executor to None, run_after=None
[2026-05-09T19:52:53.318+0000] {processor.py:183} INFO - Processing /home/airflow/.local/lib/python3.12/site-packages/airflow/example_dags/example_kubernetes_executor.py took 0.116 seconds
[2026-05-09T19:53:24.162+0000] {processor.py:161} INFO - Started process (PID=7152) to work on /home/airflow/.local/lib/python3.12/site-packages/airflow/example_dags/example_kubernetes_executor.py
[2026-05-09T19:53:24.164+0000] {processor.py:830} INFO - Processing file /home/airflow/.local/lib/python3.12/site-packages/airflow/example_dags/example_kubernetes_executor.py for tasks to queue
[2026-05-09T19:53:24.167+0000] {logging_mixin.py:188} INFO - [2026-05-09T19:53:24.166+0000] {dagbag.py:545} INFO - Filling up the DagBag from /home/airflow/.local/lib/python3.12/site-packages/airflow/example_dags/example_kubernetes_executor.py
[2026-05-09T19:53:24.180+0000] {processor.py:840} INFO - DAG(s) 'example_kubernetes_executor' retrieved from /home/airflow/.local/lib/python3.12/site-packages/airflow/example_dags/example_kubernetes_executor.py
[2026-05-09T19:53:24.224+0000] {logging_mixin.py:188} INFO - [2026-05-09T19:53:24.224+0000] {dag.py:3096} INFO - Sync 1 DAGs
[2026-05-09T19:53:24.242+0000] {logging_mixin.py:188} INFO - [2026-05-09T19:53:24.242+0000] {dag.py:3954} INFO - Setting next_dagrun for example_kubernetes_executor to None, run_after=None
[2026-05-09T19:53:24.267+0000] {processor.py:183} INFO - Processing /home/airflow/.local/lib/python3.12/site-packages/airflow/example_dags/example_kubernetes_executor.py took 0.113 seconds
[2026-05-09T19:53:54.876+0000] {processor.py:161} INFO - Started process (PID=7211) to work on /home/airflow/.local/lib/python3.12/site-packages/airflow/example_dags/example_kubernetes_executor.py
[2026-05-09T19:53:54.878+0000] {processor.py:830} INFO - Processing file /home/airflow/.local/lib/python3.12/site-packages/airflow/example_dags/example_kubernetes_executor.py for tasks to queue
[2026-05-09T19:53:54.879+0000] {logging_mixin.py:188} INFO - [2026-05-09T19:53:54.879+0000] {dagbag.py:545} INFO - Filling up the DagBag from /home/airflow/.local/lib/python3.12/site-packages/airflow/example_dags/example_kubernetes_executor.py
[2026-05-09T19:53:54.892+0000] {processor.py:840} INFO - DAG(s) 'example_kubernetes_executor' retrieved from /home/airflow/.local/lib/python3.12/site-packages/airflow/example_dags/example_kubernetes_executor.py
[2026-05-09T19:53:54.935+0000] {logging_mixin.py:188} INFO - [2026-05-09T19:53:54.935+0000] {dag.py:3096} INFO - Sync 1 DAGs
[2026-05-09T19:53:54.949+0000] {logging_mixin.py:188} INFO - [2026-05-09T19:53:54.949+0000] {dag.py:3954} INFO - Setting next_dagrun for example_kubernetes_executor to None, run_after=None
[2026-05-09T19:53:54.975+0000] {processor.py:183} INFO - Processing /home/airflow/.local/lib/python3.12/site-packages/airflow/example_dags/example_kubernetes_executor.py took 0.104 seconds
[2026-05-09T19:54:25.320+0000] {processor.py:161} INFO - Started process (PID=7270) to work on /home/airflow/.local/lib/python3.12/site-packages/airflow/example_dags/example_kubernetes_executor.py
[2026-05-09T19:54:25.321+0000] {processor.py:830} INFO - Processing file /home/airflow/.local/lib/python3.12/site-packages/airflow/example_dags/example_kubernetes_executor.py for tasks to queue
[2026-05-09T19:54:25.323+0000] {logging_mixin.py:188} INFO - [2026-05-09T19:54:25.323+0000] {dagbag.py:545} INFO - Filling up the DagBag from /home/airflow/.local/lib/python3.12/site-packages/airflow/example_dags/example_kubernetes_executor.py
[2026-05-09T19:54:25.338+0000] {processor.py:840} INFO - DAG(s) 'example_kubernetes_executor' retrieved from /home/airflow/.local/lib/python3.12/site-packages/airflow/example_dags/example_kubernetes_executor.py
[2026-05-09T19:54:25.382+0000] {logging_mixin.py:188} INFO - [2026-05-09T19:54:25.382+0000] {dag.py:3096} INFO - Sync 1 DAGs
[2026-05-09T19:54:25.397+0000] {logging_mixin.py:188} INFO - [2026-05-09T19:54:25.396+0000] {dag.py:3954} INFO - Setting next_dagrun for example_kubernetes_executor to None, run_after=None
[2026-05-09T19:54:25.425+0000] {processor.py:183} INFO - Processing /home/airflow/.local/lib/python3.12/site-packages/airflow/example_dags/example_kubernetes_executor.py took 0.111 seconds
