[2026-05-09T18:42:16.119+0000] {processor.py:161} INFO - Started process (PID=75) to work on /home/airflow/.local/lib/python3.12/site-packages/airflow/example_dags/example_branch_python_dop_operator_3.py
[2026-05-09T18:42:16.120+0000] {processor.py:830} INFO - Processing file /home/airflow/.local/lib/python3.12/site-packages/airflow/example_dags/example_branch_python_dop_operator_3.py for tasks to queue
[2026-05-09T18:42:16.122+0000] {logging_mixin.py:188} INFO - [2026-05-09T18:42:16.122+0000] {dagbag.py:545} INFO - Filling up the DagBag from /home/airflow/.local/lib/python3.12/site-packages/airflow/example_dags/example_branch_python_dop_operator_3.py
[2026-05-09T18:42:16.145+0000] {processor.py:840} INFO - DAG(s) 'example_branch_dop_operator_v3' retrieved from /home/airflow/.local/lib/python3.12/site-packages/airflow/example_dags/example_branch_python_dop_operator_3.py
[2026-05-09T18:42:16.343+0000] {logging_mixin.py:188} INFO - [2026-05-09T18:42:16.343+0000] {dag.py:3096} INFO - Sync 1 DAGs
[2026-05-09T18:42:16.369+0000] {logging_mixin.py:188} INFO - [2026-05-09T18:42:16.368+0000] {dag.py:3954} INFO - Setting next_dagrun for example_branch_dop_operator_v3 to 2026-05-09 18:41:00+00:00, run_after=2026-05-09 18:42:00+00:00
[2026-05-09T18:42:16.398+0000] {processor.py:183} INFO - Processing /home/airflow/.local/lib/python3.12/site-packages/airflow/example_dags/example_branch_python_dop_operator_3.py took 0.284 seconds
[2026-05-09T18:42:46.642+0000] {processor.py:161} INFO - Started process (PID=133) to work on /home/airflow/.local/lib/python3.12/site-packages/airflow/example_dags/example_branch_python_dop_operator_3.py
[2026-05-09T18:42:46.644+0000] {processor.py:830} INFO - Processing file /home/airflow/.local/lib/python3.12/site-packages/airflow/example_dags/example_branch_python_dop_operator_3.py for tasks to queue
[2026-05-09T18:42:46.646+0000] {logging_mixin.py:188} INFO - [2026-05-09T18:42:46.646+0000] {dagbag.py:545} INFO - Filling up the DagBag from /home/airflow/.local/lib/python3.12/site-packages/airflow/example_dags/example_branch_python_dop_operator_3.py
[2026-05-09T18:42:46.660+0000] {processor.py:840} INFO - DAG(s) 'example_branch_dop_operator_v3' retrieved from /home/airflow/.local/lib/python3.12/site-packages/airflow/example_dags/example_branch_python_dop_operator_3.py
[2026-05-09T18:42:46.692+0000] {logging_mixin.py:188} INFO - [2026-05-09T18:42:46.692+0000] {dag.py:3096} INFO - Sync 1 DAGs
[2026-05-09T18:42:46.734+0000] {logging_mixin.py:188} INFO - [2026-05-09T18:42:46.733+0000] {dag.py:3954} INFO - Setting next_dagrun for example_branch_dop_operator_v3 to 2026-05-09 18:41:00+00:00, run_after=2026-05-09 18:42:00+00:00
[2026-05-09T18:42:46.781+0000] {processor.py:183} INFO - Processing /home/airflow/.local/lib/python3.12/site-packages/airflow/example_dags/example_branch_python_dop_operator_3.py took 0.145 seconds
[2026-05-09T18:43:21.078+0000] {processor.py:161} INFO - Started process (PID=197) to work on /home/airflow/.local/lib/python3.12/site-packages/airflow/example_dags/example_branch_python_dop_operator_3.py
[2026-05-09T18:43:21.088+0000] {processor.py:830} INFO - Processing file /home/airflow/.local/lib/python3.12/site-packages/airflow/example_dags/example_branch_python_dop_operator_3.py for tasks to queue
[2026-05-09T18:43:21.091+0000] {logging_mixin.py:188} INFO - [2026-05-09T18:43:21.090+0000] {dagbag.py:545} INFO - Filling up the DagBag from /home/airflow/.local/lib/python3.12/site-packages/airflow/example_dags/example_branch_python_dop_operator_3.py
[2026-05-09T18:43:21.100+0000] {processor.py:840} INFO - DAG(s) 'example_branch_dop_operator_v3' retrieved from /home/airflow/.local/lib/python3.12/site-packages/airflow/example_dags/example_branch_python_dop_operator_3.py
[2026-05-09T18:43:21.138+0000] {logging_mixin.py:188} INFO - [2026-05-09T18:43:21.138+0000] {dag.py:3096} INFO - Sync 1 DAGs
[2026-05-09T18:43:21.174+0000] {logging_mixin.py:188} INFO - [2026-05-09T18:43:21.173+0000] {dag.py:3954} INFO - Setting next_dagrun for example_branch_dop_operator_v3 to 2026-05-09 18:42:00+00:00, run_after=2026-05-09 18:43:00+00:00
[2026-05-09T18:43:21.205+0000] {processor.py:183} INFO - Processing /home/airflow/.local/lib/python3.12/site-packages/airflow/example_dags/example_branch_python_dop_operator_3.py took 0.140 seconds
[2026-05-09T18:43:53.426+0000] {processor.py:161} INFO - Started process (PID=255) to work on /home/airflow/.local/lib/python3.12/site-packages/airflow/example_dags/example_branch_python_dop_operator_3.py
[2026-05-09T18:43:53.482+0000] {processor.py:830} INFO - Processing file /home/airflow/.local/lib/python3.12/site-packages/airflow/example_dags/example_branch_python_dop_operator_3.py for tasks to queue
[2026-05-09T18:43:53.484+0000] {logging_mixin.py:188} INFO - [2026-05-09T18:43:53.484+0000] {dagbag.py:545} INFO - Filling up the DagBag from /home/airflow/.local/lib/python3.12/site-packages/airflow/example_dags/example_branch_python_dop_operator_3.py
[2026-05-09T18:43:53.492+0000] {processor.py:840} INFO - DAG(s) 'example_branch_dop_operator_v3' retrieved from /home/airflow/.local/lib/python3.12/site-packages/airflow/example_dags/example_branch_python_dop_operator_3.py
[2026-05-09T18:43:53.516+0000] {logging_mixin.py:188} INFO - [2026-05-09T18:43:53.515+0000] {dag.py:3096} INFO - Sync 1 DAGs
[2026-05-09T18:43:53.548+0000] {logging_mixin.py:188} INFO - [2026-05-09T18:43:53.548+0000] {dag.py:3954} INFO - Setting next_dagrun for example_branch_dop_operator_v3 to 2026-05-09 18:42:00+00:00, run_after=2026-05-09 18:43:00+00:00
[2026-05-09T18:43:53.997+0000] {processor.py:183} INFO - Processing /home/airflow/.local/lib/python3.12/site-packages/airflow/example_dags/example_branch_python_dop_operator_3.py took 0.577 seconds
[2026-05-09T18:44:24.161+0000] {processor.py:161} INFO - Started process (PID=313) to work on /home/airflow/.local/lib/python3.12/site-packages/airflow/example_dags/example_branch_python_dop_operator_3.py
[2026-05-09T18:44:24.162+0000] {processor.py:830} INFO - Processing file /home/airflow/.local/lib/python3.12/site-packages/airflow/example_dags/example_branch_python_dop_operator_3.py for tasks to queue
[2026-05-09T18:44:24.164+0000] {logging_mixin.py:188} INFO - [2026-05-09T18:44:24.163+0000] {dagbag.py:545} INFO - Filling up the DagBag from /home/airflow/.local/lib/python3.12/site-packages/airflow/example_dags/example_branch_python_dop_operator_3.py
[2026-05-09T18:44:24.171+0000] {processor.py:840} INFO - DAG(s) 'example_branch_dop_operator_v3' retrieved from /home/airflow/.local/lib/python3.12/site-packages/airflow/example_dags/example_branch_python_dop_operator_3.py
[2026-05-09T18:44:24.192+0000] {logging_mixin.py:188} INFO - [2026-05-09T18:44:24.191+0000] {dag.py:3096} INFO - Sync 1 DAGs
[2026-05-09T18:44:24.218+0000] {logging_mixin.py:188} INFO - [2026-05-09T18:44:24.218+0000] {dag.py:3954} INFO - Setting next_dagrun for example_branch_dop_operator_v3 to 2026-05-09 18:43:00+00:00, run_after=2026-05-09 18:44:00+00:00
[2026-05-09T18:44:24.276+0000] {processor.py:183} INFO - Processing /home/airflow/.local/lib/python3.12/site-packages/airflow/example_dags/example_branch_python_dop_operator_3.py took 0.120 seconds
[2026-05-09T18:44:55.191+0000] {processor.py:161} INFO - Started process (PID=371) to work on /home/airflow/.local/lib/python3.12/site-packages/airflow/example_dags/example_branch_python_dop_operator_3.py
[2026-05-09T18:44:55.192+0000] {processor.py:830} INFO - Processing file /home/airflow/.local/lib/python3.12/site-packages/airflow/example_dags/example_branch_python_dop_operator_3.py for tasks to queue
[2026-05-09T18:44:55.195+0000] {logging_mixin.py:188} INFO - [2026-05-09T18:44:55.194+0000] {dagbag.py:545} INFO - Filling up the DagBag from /home/airflow/.local/lib/python3.12/site-packages/airflow/example_dags/example_branch_python_dop_operator_3.py
[2026-05-09T18:44:55.202+0000] {processor.py:840} INFO - DAG(s) 'example_branch_dop_operator_v3' retrieved from /home/airflow/.local/lib/python3.12/site-packages/airflow/example_dags/example_branch_python_dop_operator_3.py
[2026-05-09T18:44:55.226+0000] {logging_mixin.py:188} INFO - [2026-05-09T18:44:55.226+0000] {dag.py:3096} INFO - Sync 1 DAGs
[2026-05-09T18:44:55.256+0000] {logging_mixin.py:188} INFO - [2026-05-09T18:44:55.255+0000] {dag.py:3954} INFO - Setting next_dagrun for example_branch_dop_operator_v3 to 2026-05-09 18:43:00+00:00, run_after=2026-05-09 18:44:00+00:00
[2026-05-09T18:44:55.300+0000] {processor.py:183} INFO - Processing /home/airflow/.local/lib/python3.12/site-packages/airflow/example_dags/example_branch_python_dop_operator_3.py took 0.115 seconds
[2026-05-09T18:45:26.126+0000] {processor.py:161} INFO - Started process (PID=429) to work on /home/airflow/.local/lib/python3.12/site-packages/airflow/example_dags/example_branch_python_dop_operator_3.py
[2026-05-09T18:45:26.127+0000] {processor.py:830} INFO - Processing file /home/airflow/.local/lib/python3.12/site-packages/airflow/example_dags/example_branch_python_dop_operator_3.py for tasks to queue
[2026-05-09T18:45:26.129+0000] {logging_mixin.py:188} INFO - [2026-05-09T18:45:26.129+0000] {dagbag.py:545} INFO - Filling up the DagBag from /home/airflow/.local/lib/python3.12/site-packages/airflow/example_dags/example_branch_python_dop_operator_3.py
[2026-05-09T18:45:26.137+0000] {processor.py:840} INFO - DAG(s) 'example_branch_dop_operator_v3' retrieved from /home/airflow/.local/lib/python3.12/site-packages/airflow/example_dags/example_branch_python_dop_operator_3.py
[2026-05-09T18:45:26.158+0000] {logging_mixin.py:188} INFO - [2026-05-09T18:45:26.158+0000] {dag.py:3096} INFO - Sync 1 DAGs
[2026-05-09T18:45:26.183+0000] {logging_mixin.py:188} INFO - [2026-05-09T18:45:26.183+0000] {dag.py:3954} INFO - Setting next_dagrun for example_branch_dop_operator_v3 to 2026-05-09 18:44:00+00:00, run_after=2026-05-09 18:45:00+00:00
[2026-05-09T18:45:26.208+0000] {processor.py:183} INFO - Processing /home/airflow/.local/lib/python3.12/site-packages/airflow/example_dags/example_branch_python_dop_operator_3.py took 0.088 seconds
[2026-05-09T18:45:56.605+0000] {processor.py:161} INFO - Started process (PID=487) to work on /home/airflow/.local/lib/python3.12/site-packages/airflow/example_dags/example_branch_python_dop_operator_3.py
[2026-05-09T18:45:56.607+0000] {processor.py:830} INFO - Processing file /home/airflow/.local/lib/python3.12/site-packages/airflow/example_dags/example_branch_python_dop_operator_3.py for tasks to queue
[2026-05-09T18:45:56.609+0000] {logging_mixin.py:188} INFO - [2026-05-09T18:45:56.608+0000] {dagbag.py:545} INFO - Filling up the DagBag from /home/airflow/.local/lib/python3.12/site-packages/airflow/example_dags/example_branch_python_dop_operator_3.py
[2026-05-09T18:45:56.616+0000] {processor.py:840} INFO - DAG(s) 'example_branch_dop_operator_v3' retrieved from /home/airflow/.local/lib/python3.12/site-packages/airflow/example_dags/example_branch_python_dop_operator_3.py
[2026-05-09T18:45:56.637+0000] {logging_mixin.py:188} INFO - [2026-05-09T18:45:56.637+0000] {dag.py:3096} INFO - Sync 1 DAGs
[2026-05-09T18:45:56.661+0000] {logging_mixin.py:188} INFO - [2026-05-09T18:45:56.661+0000] {dag.py:3954} INFO - Setting next_dagrun for example_branch_dop_operator_v3 to 2026-05-09 18:44:00+00:00, run_after=2026-05-09 18:45:00+00:00
[2026-05-09T18:45:56.689+0000] {processor.py:183} INFO - Processing /home/airflow/.local/lib/python3.12/site-packages/airflow/example_dags/example_branch_python_dop_operator_3.py took 0.089 seconds
[2026-05-09T18:46:27.137+0000] {processor.py:161} INFO - Started process (PID=545) to work on /home/airflow/.local/lib/python3.12/site-packages/airflow/example_dags/example_branch_python_dop_operator_3.py
[2026-05-09T18:46:27.138+0000] {processor.py:830} INFO - Processing file /home/airflow/.local/lib/python3.12/site-packages/airflow/example_dags/example_branch_python_dop_operator_3.py for tasks to queue
[2026-05-09T18:46:27.140+0000] {logging_mixin.py:188} INFO - [2026-05-09T18:46:27.140+0000] {dagbag.py:545} INFO - Filling up the DagBag from /home/airflow/.local/lib/python3.12/site-packages/airflow/example_dags/example_branch_python_dop_operator_3.py
[2026-05-09T18:46:27.148+0000] {processor.py:840} INFO - DAG(s) 'example_branch_dop_operator_v3' retrieved from /home/airflow/.local/lib/python3.12/site-packages/airflow/example_dags/example_branch_python_dop_operator_3.py
[2026-05-09T18:46:27.168+0000] {logging_mixin.py:188} INFO - [2026-05-09T18:46:27.167+0000] {dag.py:3096} INFO - Sync 1 DAGs
[2026-05-09T18:46:27.191+0000] {logging_mixin.py:188} INFO - [2026-05-09T18:46:27.191+0000] {dag.py:3954} INFO - Setting next_dagrun for example_branch_dop_operator_v3 to 2026-05-09 18:45:00+00:00, run_after=2026-05-09 18:46:00+00:00
[2026-05-09T18:46:27.216+0000] {processor.py:183} INFO - Processing /home/airflow/.local/lib/python3.12/site-packages/airflow/example_dags/example_branch_python_dop_operator_3.py took 0.084 seconds
[2026-05-09T18:51:04.381+0000] {processor.py:161} INFO - Started process (PID=94) to work on /home/airflow/.local/lib/python3.12/site-packages/airflow/example_dags/example_branch_python_dop_operator_3.py
[2026-05-09T18:51:04.499+0000] {processor.py:830} INFO - Processing file /home/airflow/.local/lib/python3.12/site-packages/airflow/example_dags/example_branch_python_dop_operator_3.py for tasks to queue
[2026-05-09T18:51:04.501+0000] {logging_mixin.py:188} INFO - [2026-05-09T18:51:04.500+0000] {dagbag.py:545} INFO - Filling up the DagBag from /home/airflow/.local/lib/python3.12/site-packages/airflow/example_dags/example_branch_python_dop_operator_3.py
[2026-05-09T18:51:04.514+0000] {processor.py:840} INFO - DAG(s) 'example_branch_dop_operator_v3' retrieved from /home/airflow/.local/lib/python3.12/site-packages/airflow/example_dags/example_branch_python_dop_operator_3.py
[2026-05-09T18:51:04.640+0000] {logging_mixin.py:188} INFO - [2026-05-09T18:51:04.640+0000] {dag.py:3096} INFO - Sync 1 DAGs
[2026-05-09T18:51:04.666+0000] {logging_mixin.py:188} INFO - [2026-05-09T18:51:04.666+0000] {dag.py:3954} INFO - Setting next_dagrun for example_branch_dop_operator_v3 to 2026-05-09 18:50:00+00:00, run_after=2026-05-09 18:51:00+00:00
[2026-05-09T18:51:05.046+0000] {processor.py:183} INFO - Processing /home/airflow/.local/lib/python3.12/site-packages/airflow/example_dags/example_branch_python_dop_operator_3.py took 0.670 seconds
[2026-05-09T18:51:51.699+0000] {processor.py:161} INFO - Started process (PID=63) to work on /home/airflow/.local/lib/python3.12/site-packages/airflow/example_dags/example_branch_python_dop_operator_3.py
[2026-05-09T18:51:51.700+0000] {processor.py:830} INFO - Processing file /home/airflow/.local/lib/python3.12/site-packages/airflow/example_dags/example_branch_python_dop_operator_3.py for tasks to queue
[2026-05-09T18:51:51.703+0000] {logging_mixin.py:188} INFO - [2026-05-09T18:51:51.703+0000] {dagbag.py:545} INFO - Filling up the DagBag from /home/airflow/.local/lib/python3.12/site-packages/airflow/example_dags/example_branch_python_dop_operator_3.py
[2026-05-09T18:51:51.713+0000] {processor.py:840} INFO - DAG(s) 'example_branch_dop_operator_v3' retrieved from /home/airflow/.local/lib/python3.12/site-packages/airflow/example_dags/example_branch_python_dop_operator_3.py
[2026-05-09T18:51:51.749+0000] {logging_mixin.py:188} INFO - [2026-05-09T18:51:51.748+0000] {dag.py:3096} INFO - Sync 1 DAGs
[2026-05-09T18:51:51.776+0000] {logging_mixin.py:188} INFO - [2026-05-09T18:51:51.776+0000] {dag.py:3954} INFO - Setting next_dagrun for example_branch_dop_operator_v3 to 2026-05-09 18:50:00+00:00, run_after=2026-05-09 18:51:00+00:00
[2026-05-09T18:51:51.805+0000] {processor.py:183} INFO - Processing /home/airflow/.local/lib/python3.12/site-packages/airflow/example_dags/example_branch_python_dop_operator_3.py took 0.111 seconds
[2026-05-09T18:52:22.294+0000] {processor.py:161} INFO - Started process (PID=121) to work on /home/airflow/.local/lib/python3.12/site-packages/airflow/example_dags/example_branch_python_dop_operator_3.py
[2026-05-09T18:52:22.295+0000] {processor.py:830} INFO - Processing file /home/airflow/.local/lib/python3.12/site-packages/airflow/example_dags/example_branch_python_dop_operator_3.py for tasks to queue
[2026-05-09T18:52:22.297+0000] {logging_mixin.py:188} INFO - [2026-05-09T18:52:22.297+0000] {dagbag.py:545} INFO - Filling up the DagBag from /home/airflow/.local/lib/python3.12/site-packages/airflow/example_dags/example_branch_python_dop_operator_3.py
[2026-05-09T18:52:22.305+0000] {processor.py:840} INFO - DAG(s) 'example_branch_dop_operator_v3' retrieved from /home/airflow/.local/lib/python3.12/site-packages/airflow/example_dags/example_branch_python_dop_operator_3.py
[2026-05-09T18:52:22.327+0000] {logging_mixin.py:188} INFO - [2026-05-09T18:52:22.327+0000] {dag.py:3096} INFO - Sync 1 DAGs
[2026-05-09T18:52:22.355+0000] {logging_mixin.py:188} INFO - [2026-05-09T18:52:22.355+0000] {dag.py:3954} INFO - Setting next_dagrun for example_branch_dop_operator_v3 to 2026-05-09 18:51:00+00:00, run_after=2026-05-09 18:52:00+00:00
[2026-05-09T18:52:22.387+0000] {processor.py:183} INFO - Processing /home/airflow/.local/lib/python3.12/site-packages/airflow/example_dags/example_branch_python_dop_operator_3.py took 0.099 seconds
[2026-05-09T18:52:58.795+0000] {processor.py:161} INFO - Started process (PID=185) to work on /home/airflow/.local/lib/python3.12/site-packages/airflow/example_dags/example_branch_python_dop_operator_3.py
[2026-05-09T18:52:58.796+0000] {processor.py:830} INFO - Processing file /home/airflow/.local/lib/python3.12/site-packages/airflow/example_dags/example_branch_python_dop_operator_3.py for tasks to queue
[2026-05-09T18:52:58.798+0000] {logging_mixin.py:188} INFO - [2026-05-09T18:52:58.798+0000] {dagbag.py:545} INFO - Filling up the DagBag from /home/airflow/.local/lib/python3.12/site-packages/airflow/example_dags/example_branch_python_dop_operator_3.py
[2026-05-09T18:52:58.807+0000] {processor.py:840} INFO - DAG(s) 'example_branch_dop_operator_v3' retrieved from /home/airflow/.local/lib/python3.12/site-packages/airflow/example_dags/example_branch_python_dop_operator_3.py
[2026-05-09T18:52:58.832+0000] {logging_mixin.py:188} INFO - [2026-05-09T18:52:58.832+0000] {dag.py:3096} INFO - Sync 1 DAGs
[2026-05-09T18:52:58.880+0000] {logging_mixin.py:188} INFO - [2026-05-09T18:52:58.879+0000] {dag.py:3954} INFO - Setting next_dagrun for example_branch_dop_operator_v3 to 2026-05-09 18:51:00+00:00, run_after=2026-05-09 18:52:00+00:00
[2026-05-09T18:52:58.911+0000] {processor.py:183} INFO - Processing /home/airflow/.local/lib/python3.12/site-packages/airflow/example_dags/example_branch_python_dop_operator_3.py took 0.122 seconds
[2026-05-09T18:53:29.119+0000] {processor.py:161} INFO - Started process (PID=243) to work on /home/airflow/.local/lib/python3.12/site-packages/airflow/example_dags/example_branch_python_dop_operator_3.py
[2026-05-09T18:53:29.120+0000] {processor.py:830} INFO - Processing file /home/airflow/.local/lib/python3.12/site-packages/airflow/example_dags/example_branch_python_dop_operator_3.py for tasks to queue
[2026-05-09T18:53:29.122+0000] {logging_mixin.py:188} INFO - [2026-05-09T18:53:29.122+0000] {dagbag.py:545} INFO - Filling up the DagBag from /home/airflow/.local/lib/python3.12/site-packages/airflow/example_dags/example_branch_python_dop_operator_3.py
[2026-05-09T18:53:29.135+0000] {processor.py:840} INFO - DAG(s) 'example_branch_dop_operator_v3' retrieved from /home/airflow/.local/lib/python3.12/site-packages/airflow/example_dags/example_branch_python_dop_operator_3.py
[2026-05-09T18:53:29.160+0000] {logging_mixin.py:188} INFO - [2026-05-09T18:53:29.160+0000] {dag.py:3096} INFO - Sync 1 DAGs
[2026-05-09T18:53:29.189+0000] {logging_mixin.py:188} INFO - [2026-05-09T18:53:29.188+0000] {dag.py:3954} INFO - Setting next_dagrun for example_branch_dop_operator_v3 to 2026-05-09 18:52:00+00:00, run_after=2026-05-09 18:53:00+00:00
[2026-05-09T18:53:29.214+0000] {processor.py:183} INFO - Processing /home/airflow/.local/lib/python3.12/site-packages/airflow/example_dags/example_branch_python_dop_operator_3.py took 0.101 seconds
[2026-05-09T18:53:59.826+0000] {processor.py:161} INFO - Started process (PID=301) to work on /home/airflow/.local/lib/python3.12/site-packages/airflow/example_dags/example_branch_python_dop_operator_3.py
[2026-05-09T18:53:59.827+0000] {processor.py:830} INFO - Processing file /home/airflow/.local/lib/python3.12/site-packages/airflow/example_dags/example_branch_python_dop_operator_3.py for tasks to queue
[2026-05-09T18:53:59.830+0000] {logging_mixin.py:188} INFO - [2026-05-09T18:53:59.829+0000] {dagbag.py:545} INFO - Filling up the DagBag from /home/airflow/.local/lib/python3.12/site-packages/airflow/example_dags/example_branch_python_dop_operator_3.py
[2026-05-09T18:53:59.842+0000] {processor.py:840} INFO - DAG(s) 'example_branch_dop_operator_v3' retrieved from /home/airflow/.local/lib/python3.12/site-packages/airflow/example_dags/example_branch_python_dop_operator_3.py
[2026-05-09T18:53:59.868+0000] {logging_mixin.py:188} INFO - [2026-05-09T18:53:59.868+0000] {dag.py:3096} INFO - Sync 1 DAGs
[2026-05-09T18:53:59.900+0000] {logging_mixin.py:188} INFO - [2026-05-09T18:53:59.899+0000] {dag.py:3954} INFO - Setting next_dagrun for example_branch_dop_operator_v3 to 2026-05-09 18:52:00+00:00, run_after=2026-05-09 18:53:00+00:00
[2026-05-09T18:54:00.247+0000] {processor.py:183} INFO - Processing /home/airflow/.local/lib/python3.12/site-packages/airflow/example_dags/example_branch_python_dop_operator_3.py took 0.427 seconds
[2026-05-09T18:54:30.587+0000] {processor.py:161} INFO - Started process (PID=359) to work on /home/airflow/.local/lib/python3.12/site-packages/airflow/example_dags/example_branch_python_dop_operator_3.py
[2026-05-09T18:54:30.588+0000] {processor.py:830} INFO - Processing file /home/airflow/.local/lib/python3.12/site-packages/airflow/example_dags/example_branch_python_dop_operator_3.py for tasks to queue
[2026-05-09T18:54:30.590+0000] {logging_mixin.py:188} INFO - [2026-05-09T18:54:30.590+0000] {dagbag.py:545} INFO - Filling up the DagBag from /home/airflow/.local/lib/python3.12/site-packages/airflow/example_dags/example_branch_python_dop_operator_3.py
[2026-05-09T18:54:30.598+0000] {processor.py:840} INFO - DAG(s) 'example_branch_dop_operator_v3' retrieved from /home/airflow/.local/lib/python3.12/site-packages/airflow/example_dags/example_branch_python_dop_operator_3.py
[2026-05-09T18:54:30.622+0000] {logging_mixin.py:188} INFO - [2026-05-09T18:54:30.622+0000] {dag.py:3096} INFO - Sync 1 DAGs
[2026-05-09T18:54:30.647+0000] {logging_mixin.py:188} INFO - [2026-05-09T18:54:30.647+0000] {dag.py:3954} INFO - Setting next_dagrun for example_branch_dop_operator_v3 to 2026-05-09 18:53:00+00:00, run_after=2026-05-09 18:54:00+00:00
[2026-05-09T18:54:30.672+0000] {processor.py:183} INFO - Processing /home/airflow/.local/lib/python3.12/site-packages/airflow/example_dags/example_branch_python_dop_operator_3.py took 0.090 seconds
[2026-05-09T18:55:00.872+0000] {processor.py:161} INFO - Started process (PID=417) to work on /home/airflow/.local/lib/python3.12/site-packages/airflow/example_dags/example_branch_python_dop_operator_3.py
[2026-05-09T18:55:00.874+0000] {processor.py:830} INFO - Processing file /home/airflow/.local/lib/python3.12/site-packages/airflow/example_dags/example_branch_python_dop_operator_3.py for tasks to queue
[2026-05-09T18:55:00.876+0000] {logging_mixin.py:188} INFO - [2026-05-09T18:55:00.876+0000] {dagbag.py:545} INFO - Filling up the DagBag from /home/airflow/.local/lib/python3.12/site-packages/airflow/example_dags/example_branch_python_dop_operator_3.py
[2026-05-09T18:55:00.884+0000] {processor.py:840} INFO - DAG(s) 'example_branch_dop_operator_v3' retrieved from /home/airflow/.local/lib/python3.12/site-packages/airflow/example_dags/example_branch_python_dop_operator_3.py
[2026-05-09T18:55:00.905+0000] {logging_mixin.py:188} INFO - [2026-05-09T18:55:00.904+0000] {dag.py:3096} INFO - Sync 1 DAGs
[2026-05-09T18:55:00.930+0000] {logging_mixin.py:188} INFO - [2026-05-09T18:55:00.930+0000] {dag.py:3954} INFO - Setting next_dagrun for example_branch_dop_operator_v3 to 2026-05-09 18:54:00+00:00, run_after=2026-05-09 18:55:00+00:00
[2026-05-09T18:55:00.958+0000] {processor.py:183} INFO - Processing /home/airflow/.local/lib/python3.12/site-packages/airflow/example_dags/example_branch_python_dop_operator_3.py took 0.092 seconds
[2026-05-09T18:55:31.090+0000] {processor.py:161} INFO - Started process (PID=475) to work on /home/airflow/.local/lib/python3.12/site-packages/airflow/example_dags/example_branch_python_dop_operator_3.py
[2026-05-09T18:55:31.091+0000] {processor.py:830} INFO - Processing file /home/airflow/.local/lib/python3.12/site-packages/airflow/example_dags/example_branch_python_dop_operator_3.py for tasks to queue
[2026-05-09T18:55:31.093+0000] {logging_mixin.py:188} INFO - [2026-05-09T18:55:31.093+0000] {dagbag.py:545} INFO - Filling up the DagBag from /home/airflow/.local/lib/python3.12/site-packages/airflow/example_dags/example_branch_python_dop_operator_3.py
[2026-05-09T18:55:31.100+0000] {processor.py:840} INFO - DAG(s) 'example_branch_dop_operator_v3' retrieved from /home/airflow/.local/lib/python3.12/site-packages/airflow/example_dags/example_branch_python_dop_operator_3.py
[2026-05-09T18:55:31.121+0000] {logging_mixin.py:188} INFO - [2026-05-09T18:55:31.121+0000] {dag.py:3096} INFO - Sync 1 DAGs
[2026-05-09T18:55:31.145+0000] {logging_mixin.py:188} INFO - [2026-05-09T18:55:31.145+0000] {dag.py:3954} INFO - Setting next_dagrun for example_branch_dop_operator_v3 to 2026-05-09 18:54:00+00:00, run_after=2026-05-09 18:55:00+00:00
[2026-05-09T18:55:31.168+0000] {processor.py:183} INFO - Processing /home/airflow/.local/lib/python3.12/site-packages/airflow/example_dags/example_branch_python_dop_operator_3.py took 0.084 seconds
[2026-05-09T18:56:01.398+0000] {processor.py:161} INFO - Started process (PID=533) to work on /home/airflow/.local/lib/python3.12/site-packages/airflow/example_dags/example_branch_python_dop_operator_3.py
[2026-05-09T18:56:01.399+0000] {processor.py:830} INFO - Processing file /home/airflow/.local/lib/python3.12/site-packages/airflow/example_dags/example_branch_python_dop_operator_3.py for tasks to queue
[2026-05-09T18:56:01.401+0000] {logging_mixin.py:188} INFO - [2026-05-09T18:56:01.400+0000] {dagbag.py:545} INFO - Filling up the DagBag from /home/airflow/.local/lib/python3.12/site-packages/airflow/example_dags/example_branch_python_dop_operator_3.py
[2026-05-09T18:56:01.408+0000] {processor.py:840} INFO - DAG(s) 'example_branch_dop_operator_v3' retrieved from /home/airflow/.local/lib/python3.12/site-packages/airflow/example_dags/example_branch_python_dop_operator_3.py
[2026-05-09T18:56:01.430+0000] {logging_mixin.py:188} INFO - [2026-05-09T18:56:01.430+0000] {dag.py:3096} INFO - Sync 1 DAGs
[2026-05-09T18:56:01.454+0000] {logging_mixin.py:188} INFO - [2026-05-09T18:56:01.454+0000] {dag.py:3954} INFO - Setting next_dagrun for example_branch_dop_operator_v3 to 2026-05-09 18:55:00+00:00, run_after=2026-05-09 18:56:00+00:00
[2026-05-09T18:56:01.480+0000] {processor.py:183} INFO - Processing /home/airflow/.local/lib/python3.12/site-packages/airflow/example_dags/example_branch_python_dop_operator_3.py took 0.087 seconds
[2026-05-09T18:56:31.531+0000] {processor.py:161} INFO - Started process (PID=591) to work on /home/airflow/.local/lib/python3.12/site-packages/airflow/example_dags/example_branch_python_dop_operator_3.py
[2026-05-09T18:56:31.533+0000] {processor.py:830} INFO - Processing file /home/airflow/.local/lib/python3.12/site-packages/airflow/example_dags/example_branch_python_dop_operator_3.py for tasks to queue
[2026-05-09T18:56:31.535+0000] {logging_mixin.py:188} INFO - [2026-05-09T18:56:31.534+0000] {dagbag.py:545} INFO - Filling up the DagBag from /home/airflow/.local/lib/python3.12/site-packages/airflow/example_dags/example_branch_python_dop_operator_3.py
[2026-05-09T18:56:31.542+0000] {processor.py:840} INFO - DAG(s) 'example_branch_dop_operator_v3' retrieved from /home/airflow/.local/lib/python3.12/site-packages/airflow/example_dags/example_branch_python_dop_operator_3.py
[2026-05-09T18:56:31.561+0000] {logging_mixin.py:188} INFO - [2026-05-09T18:56:31.561+0000] {dag.py:3096} INFO - Sync 1 DAGs
[2026-05-09T18:56:31.584+0000] {logging_mixin.py:188} INFO - [2026-05-09T18:56:31.584+0000] {dag.py:3954} INFO - Setting next_dagrun for example_branch_dop_operator_v3 to 2026-05-09 18:55:00+00:00, run_after=2026-05-09 18:56:00+00:00
[2026-05-09T18:56:31.606+0000] {processor.py:183} INFO - Processing /home/airflow/.local/lib/python3.12/site-packages/airflow/example_dags/example_branch_python_dop_operator_3.py took 0.080 seconds
[2026-05-09T18:57:02.163+0000] {processor.py:161} INFO - Started process (PID=650) to work on /home/airflow/.local/lib/python3.12/site-packages/airflow/example_dags/example_branch_python_dop_operator_3.py
[2026-05-09T18:57:02.164+0000] {processor.py:830} INFO - Processing file /home/airflow/.local/lib/python3.12/site-packages/airflow/example_dags/example_branch_python_dop_operator_3.py for tasks to queue
[2026-05-09T18:57:02.166+0000] {logging_mixin.py:188} INFO - [2026-05-09T18:57:02.166+0000] {dagbag.py:545} INFO - Filling up the DagBag from /home/airflow/.local/lib/python3.12/site-packages/airflow/example_dags/example_branch_python_dop_operator_3.py
[2026-05-09T18:57:02.174+0000] {processor.py:840} INFO - DAG(s) 'example_branch_dop_operator_v3' retrieved from /home/airflow/.local/lib/python3.12/site-packages/airflow/example_dags/example_branch_python_dop_operator_3.py
[2026-05-09T18:57:02.195+0000] {logging_mixin.py:188} INFO - [2026-05-09T18:57:02.195+0000] {dag.py:3096} INFO - Sync 1 DAGs
[2026-05-09T18:57:02.220+0000] {logging_mixin.py:188} INFO - [2026-05-09T18:57:02.219+0000] {dag.py:3954} INFO - Setting next_dagrun for example_branch_dop_operator_v3 to 2026-05-09 18:56:00+00:00, run_after=2026-05-09 18:57:00+00:00
[2026-05-09T18:57:02.244+0000] {processor.py:183} INFO - Processing /home/airflow/.local/lib/python3.12/site-packages/airflow/example_dags/example_branch_python_dop_operator_3.py took 0.086 seconds
[2026-05-09T18:57:32.928+0000] {processor.py:161} INFO - Started process (PID=709) to work on /home/airflow/.local/lib/python3.12/site-packages/airflow/example_dags/example_branch_python_dop_operator_3.py
[2026-05-09T18:57:32.929+0000] {processor.py:830} INFO - Processing file /home/airflow/.local/lib/python3.12/site-packages/airflow/example_dags/example_branch_python_dop_operator_3.py for tasks to queue
[2026-05-09T18:57:32.931+0000] {logging_mixin.py:188} INFO - [2026-05-09T18:57:32.931+0000] {dagbag.py:545} INFO - Filling up the DagBag from /home/airflow/.local/lib/python3.12/site-packages/airflow/example_dags/example_branch_python_dop_operator_3.py
[2026-05-09T18:57:32.940+0000] {processor.py:840} INFO - DAG(s) 'example_branch_dop_operator_v3' retrieved from /home/airflow/.local/lib/python3.12/site-packages/airflow/example_dags/example_branch_python_dop_operator_3.py
[2026-05-09T18:57:32.960+0000] {logging_mixin.py:188} INFO - [2026-05-09T18:57:32.960+0000] {dag.py:3096} INFO - Sync 1 DAGs
[2026-05-09T18:57:32.984+0000] {logging_mixin.py:188} INFO - [2026-05-09T18:57:32.983+0000] {dag.py:3954} INFO - Setting next_dagrun for example_branch_dop_operator_v3 to 2026-05-09 18:56:00+00:00, run_after=2026-05-09 18:57:00+00:00
[2026-05-09T18:57:33.011+0000] {processor.py:183} INFO - Processing /home/airflow/.local/lib/python3.12/site-packages/airflow/example_dags/example_branch_python_dop_operator_3.py took 0.089 seconds
[2026-05-09T18:58:03.297+0000] {processor.py:161} INFO - Started process (PID=762) to work on /home/airflow/.local/lib/python3.12/site-packages/airflow/example_dags/example_branch_python_dop_operator_3.py
[2026-05-09T18:58:03.299+0000] {processor.py:830} INFO - Processing file /home/airflow/.local/lib/python3.12/site-packages/airflow/example_dags/example_branch_python_dop_operator_3.py for tasks to queue
[2026-05-09T18:58:03.301+0000] {logging_mixin.py:188} INFO - [2026-05-09T18:58:03.301+0000] {dagbag.py:545} INFO - Filling up the DagBag from /home/airflow/.local/lib/python3.12/site-packages/airflow/example_dags/example_branch_python_dop_operator_3.py
[2026-05-09T18:58:03.311+0000] {processor.py:840} INFO - DAG(s) 'example_branch_dop_operator_v3' retrieved from /home/airflow/.local/lib/python3.12/site-packages/airflow/example_dags/example_branch_python_dop_operator_3.py
[2026-05-09T18:58:03.337+0000] {logging_mixin.py:188} INFO - [2026-05-09T18:58:03.336+0000] {dag.py:3096} INFO - Sync 1 DAGs
[2026-05-09T18:58:03.384+0000] {logging_mixin.py:188} INFO - [2026-05-09T18:58:03.384+0000] {dag.py:3954} INFO - Setting next_dagrun for example_branch_dop_operator_v3 to 2026-05-09 18:57:00+00:00, run_after=2026-05-09 18:58:00+00:00
[2026-05-09T18:58:03.419+0000] {processor.py:183} INFO - Processing /home/airflow/.local/lib/python3.12/site-packages/airflow/example_dags/example_branch_python_dop_operator_3.py took 0.128 seconds
[2026-05-09T18:58:33.460+0000] {processor.py:161} INFO - Started process (PID=822) to work on /home/airflow/.local/lib/python3.12/site-packages/airflow/example_dags/example_branch_python_dop_operator_3.py
[2026-05-09T18:58:33.461+0000] {processor.py:830} INFO - Processing file /home/airflow/.local/lib/python3.12/site-packages/airflow/example_dags/example_branch_python_dop_operator_3.py for tasks to queue
[2026-05-09T18:58:33.463+0000] {logging_mixin.py:188} INFO - [2026-05-09T18:58:33.463+0000] {dagbag.py:545} INFO - Filling up the DagBag from /home/airflow/.local/lib/python3.12/site-packages/airflow/example_dags/example_branch_python_dop_operator_3.py
[2026-05-09T18:58:33.471+0000] {processor.py:840} INFO - DAG(s) 'example_branch_dop_operator_v3' retrieved from /home/airflow/.local/lib/python3.12/site-packages/airflow/example_dags/example_branch_python_dop_operator_3.py
[2026-05-09T18:58:33.490+0000] {logging_mixin.py:188} INFO - [2026-05-09T18:58:33.490+0000] {dag.py:3096} INFO - Sync 1 DAGs
[2026-05-09T18:58:33.516+0000] {logging_mixin.py:188} INFO - [2026-05-09T18:58:33.516+0000] {dag.py:3954} INFO - Setting next_dagrun for example_branch_dop_operator_v3 to 2026-05-09 18:57:00+00:00, run_after=2026-05-09 18:58:00+00:00
[2026-05-09T18:58:33.539+0000] {processor.py:183} INFO - Processing /home/airflow/.local/lib/python3.12/site-packages/airflow/example_dags/example_branch_python_dop_operator_3.py took 0.085 seconds
[2026-05-09T18:59:03.610+0000] {processor.py:161} INFO - Started process (PID=881) to work on /home/airflow/.local/lib/python3.12/site-packages/airflow/example_dags/example_branch_python_dop_operator_3.py
[2026-05-09T18:59:03.612+0000] {processor.py:830} INFO - Processing file /home/airflow/.local/lib/python3.12/site-packages/airflow/example_dags/example_branch_python_dop_operator_3.py for tasks to queue
[2026-05-09T18:59:03.614+0000] {logging_mixin.py:188} INFO - [2026-05-09T18:59:03.614+0000] {dagbag.py:545} INFO - Filling up the DagBag from /home/airflow/.local/lib/python3.12/site-packages/airflow/example_dags/example_branch_python_dop_operator_3.py
[2026-05-09T18:59:03.622+0000] {processor.py:840} INFO - DAG(s) 'example_branch_dop_operator_v3' retrieved from /home/airflow/.local/lib/python3.12/site-packages/airflow/example_dags/example_branch_python_dop_operator_3.py
[2026-05-09T18:59:03.644+0000] {logging_mixin.py:188} INFO - [2026-05-09T18:59:03.644+0000] {dag.py:3096} INFO - Sync 1 DAGs
[2026-05-09T18:59:03.669+0000] {logging_mixin.py:188} INFO - [2026-05-09T18:59:03.668+0000] {dag.py:3954} INFO - Setting next_dagrun for example_branch_dop_operator_v3 to 2026-05-09 18:58:00+00:00, run_after=2026-05-09 18:59:00+00:00
[2026-05-09T18:59:03.692+0000] {processor.py:183} INFO - Processing /home/airflow/.local/lib/python3.12/site-packages/airflow/example_dags/example_branch_python_dop_operator_3.py took 0.086 seconds
[2026-05-09T18:59:34.020+0000] {processor.py:161} INFO - Started process (PID=940) to work on /home/airflow/.local/lib/python3.12/site-packages/airflow/example_dags/example_branch_python_dop_operator_3.py
[2026-05-09T18:59:34.021+0000] {processor.py:830} INFO - Processing file /home/airflow/.local/lib/python3.12/site-packages/airflow/example_dags/example_branch_python_dop_operator_3.py for tasks to queue
[2026-05-09T18:59:34.023+0000] {logging_mixin.py:188} INFO - [2026-05-09T18:59:34.022+0000] {dagbag.py:545} INFO - Filling up the DagBag from /home/airflow/.local/lib/python3.12/site-packages/airflow/example_dags/example_branch_python_dop_operator_3.py
[2026-05-09T18:59:34.030+0000] {processor.py:840} INFO - DAG(s) 'example_branch_dop_operator_v3' retrieved from /home/airflow/.local/lib/python3.12/site-packages/airflow/example_dags/example_branch_python_dop_operator_3.py
[2026-05-09T18:59:34.050+0000] {logging_mixin.py:188} INFO - [2026-05-09T18:59:34.050+0000] {dag.py:3096} INFO - Sync 1 DAGs
[2026-05-09T18:59:34.075+0000] {logging_mixin.py:188} INFO - [2026-05-09T18:59:34.074+0000] {dag.py:3954} INFO - Setting next_dagrun for example_branch_dop_operator_v3 to 2026-05-09 18:58:00+00:00, run_after=2026-05-09 18:59:00+00:00
[2026-05-09T18:59:34.098+0000] {processor.py:183} INFO - Processing /home/airflow/.local/lib/python3.12/site-packages/airflow/example_dags/example_branch_python_dop_operator_3.py took 0.083 seconds
[2026-05-09T19:00:04.876+0000] {processor.py:161} INFO - Started process (PID=999) to work on /home/airflow/.local/lib/python3.12/site-packages/airflow/example_dags/example_branch_python_dop_operator_3.py
[2026-05-09T19:00:04.877+0000] {processor.py:830} INFO - Processing file /home/airflow/.local/lib/python3.12/site-packages/airflow/example_dags/example_branch_python_dop_operator_3.py for tasks to queue
[2026-05-09T19:00:04.880+0000] {logging_mixin.py:188} INFO - [2026-05-09T19:00:04.879+0000] {dagbag.py:545} INFO - Filling up the DagBag from /home/airflow/.local/lib/python3.12/site-packages/airflow/example_dags/example_branch_python_dop_operator_3.py
[2026-05-09T19:00:04.887+0000] {processor.py:840} INFO - DAG(s) 'example_branch_dop_operator_v3' retrieved from /home/airflow/.local/lib/python3.12/site-packages/airflow/example_dags/example_branch_python_dop_operator_3.py
[2026-05-09T19:00:04.907+0000] {logging_mixin.py:188} INFO - [2026-05-09T19:00:04.907+0000] {dag.py:3096} INFO - Sync 1 DAGs
[2026-05-09T19:00:04.930+0000] {logging_mixin.py:188} INFO - [2026-05-09T19:00:04.930+0000] {dag.py:3954} INFO - Setting next_dagrun for example_branch_dop_operator_v3 to 2026-05-09 18:59:00+00:00, run_after=2026-05-09 19:00:00+00:00
[2026-05-09T19:00:04.953+0000] {processor.py:183} INFO - Processing /home/airflow/.local/lib/python3.12/site-packages/airflow/example_dags/example_branch_python_dop_operator_3.py took 0.082 seconds
[2026-05-09T19:00:35.507+0000] {processor.py:161} INFO - Started process (PID=1058) to work on /home/airflow/.local/lib/python3.12/site-packages/airflow/example_dags/example_branch_python_dop_operator_3.py
[2026-05-09T19:00:35.509+0000] {processor.py:830} INFO - Processing file /home/airflow/.local/lib/python3.12/site-packages/airflow/example_dags/example_branch_python_dop_operator_3.py for tasks to queue
[2026-05-09T19:00:35.512+0000] {logging_mixin.py:188} INFO - [2026-05-09T19:00:35.512+0000] {dagbag.py:545} INFO - Filling up the DagBag from /home/airflow/.local/lib/python3.12/site-packages/airflow/example_dags/example_branch_python_dop_operator_3.py
[2026-05-09T19:00:35.582+0000] {processor.py:840} INFO - DAG(s) 'example_branch_dop_operator_v3' retrieved from /home/airflow/.local/lib/python3.12/site-packages/airflow/example_dags/example_branch_python_dop_operator_3.py
[2026-05-09T19:00:35.652+0000] {logging_mixin.py:188} INFO - [2026-05-09T19:00:35.652+0000] {dag.py:3096} INFO - Sync 1 DAGs
[2026-05-09T19:00:35.686+0000] {logging_mixin.py:188} INFO - [2026-05-09T19:00:35.685+0000] {dag.py:3954} INFO - Setting next_dagrun for example_branch_dop_operator_v3 to 2026-05-09 18:59:00+00:00, run_after=2026-05-09 19:00:00+00:00
[2026-05-09T19:00:35.710+0000] {processor.py:183} INFO - Processing /home/airflow/.local/lib/python3.12/site-packages/airflow/example_dags/example_branch_python_dop_operator_3.py took 0.218 seconds
[2026-05-09T19:01:06.229+0000] {processor.py:161} INFO - Started process (PID=1117) to work on /home/airflow/.local/lib/python3.12/site-packages/airflow/example_dags/example_branch_python_dop_operator_3.py
[2026-05-09T19:01:06.230+0000] {processor.py:830} INFO - Processing file /home/airflow/.local/lib/python3.12/site-packages/airflow/example_dags/example_branch_python_dop_operator_3.py for tasks to queue
[2026-05-09T19:01:06.232+0000] {logging_mixin.py:188} INFO - [2026-05-09T19:01:06.232+0000] {dagbag.py:545} INFO - Filling up the DagBag from /home/airflow/.local/lib/python3.12/site-packages/airflow/example_dags/example_branch_python_dop_operator_3.py
[2026-05-09T19:01:06.241+0000] {processor.py:840} INFO - DAG(s) 'example_branch_dop_operator_v3' retrieved from /home/airflow/.local/lib/python3.12/site-packages/airflow/example_dags/example_branch_python_dop_operator_3.py
[2026-05-09T19:01:06.261+0000] {logging_mixin.py:188} INFO - [2026-05-09T19:01:06.261+0000] {dag.py:3096} INFO - Sync 1 DAGs
[2026-05-09T19:01:06.294+0000] {logging_mixin.py:188} INFO - [2026-05-09T19:01:06.294+0000] {dag.py:3954} INFO - Setting next_dagrun for example_branch_dop_operator_v3 to 2026-05-09 19:00:00+00:00, run_after=2026-05-09 19:01:00+00:00
[2026-05-09T19:01:06.326+0000] {processor.py:183} INFO - Processing /home/airflow/.local/lib/python3.12/site-packages/airflow/example_dags/example_branch_python_dop_operator_3.py took 0.102 seconds
[2026-05-09T19:01:37.220+0000] {processor.py:161} INFO - Started process (PID=1176) to work on /home/airflow/.local/lib/python3.12/site-packages/airflow/example_dags/example_branch_python_dop_operator_3.py
[2026-05-09T19:01:37.221+0000] {processor.py:830} INFO - Processing file /home/airflow/.local/lib/python3.12/site-packages/airflow/example_dags/example_branch_python_dop_operator_3.py for tasks to queue
[2026-05-09T19:01:37.223+0000] {logging_mixin.py:188} INFO - [2026-05-09T19:01:37.223+0000] {dagbag.py:545} INFO - Filling up the DagBag from /home/airflow/.local/lib/python3.12/site-packages/airflow/example_dags/example_branch_python_dop_operator_3.py
[2026-05-09T19:01:37.231+0000] {processor.py:840} INFO - DAG(s) 'example_branch_dop_operator_v3' retrieved from /home/airflow/.local/lib/python3.12/site-packages/airflow/example_dags/example_branch_python_dop_operator_3.py
[2026-05-09T19:01:37.254+0000] {logging_mixin.py:188} INFO - [2026-05-09T19:01:37.254+0000] {dag.py:3096} INFO - Sync 1 DAGs
[2026-05-09T19:01:37.284+0000] {logging_mixin.py:188} INFO - [2026-05-09T19:01:37.283+0000] {dag.py:3954} INFO - Setting next_dagrun for example_branch_dop_operator_v3 to 2026-05-09 19:00:00+00:00, run_after=2026-05-09 19:01:00+00:00
[2026-05-09T19:01:37.312+0000] {processor.py:183} INFO - Processing /home/airflow/.local/lib/python3.12/site-packages/airflow/example_dags/example_branch_python_dop_operator_3.py took 0.098 seconds
[2026-05-09T19:02:07.695+0000] {processor.py:161} INFO - Started process (PID=1235) to work on /home/airflow/.local/lib/python3.12/site-packages/airflow/example_dags/example_branch_python_dop_operator_3.py
[2026-05-09T19:02:07.696+0000] {processor.py:830} INFO - Processing file /home/airflow/.local/lib/python3.12/site-packages/airflow/example_dags/example_branch_python_dop_operator_3.py for tasks to queue
[2026-05-09T19:02:07.698+0000] {logging_mixin.py:188} INFO - [2026-05-09T19:02:07.698+0000] {dagbag.py:545} INFO - Filling up the DagBag from /home/airflow/.local/lib/python3.12/site-packages/airflow/example_dags/example_branch_python_dop_operator_3.py
[2026-05-09T19:02:07.706+0000] {processor.py:840} INFO - DAG(s) 'example_branch_dop_operator_v3' retrieved from /home/airflow/.local/lib/python3.12/site-packages/airflow/example_dags/example_branch_python_dop_operator_3.py
[2026-05-09T19:02:07.725+0000] {logging_mixin.py:188} INFO - [2026-05-09T19:02:07.725+0000] {dag.py:3096} INFO - Sync 1 DAGs
[2026-05-09T19:02:07.749+0000] {logging_mixin.py:188} INFO - [2026-05-09T19:02:07.749+0000] {dag.py:3954} INFO - Setting next_dagrun for example_branch_dop_operator_v3 to 2026-05-09 19:01:00+00:00, run_after=2026-05-09 19:02:00+00:00
[2026-05-09T19:02:07.772+0000] {processor.py:183} INFO - Processing /home/airflow/.local/lib/python3.12/site-packages/airflow/example_dags/example_branch_python_dop_operator_3.py took 0.082 seconds
[2026-05-09T19:02:38.242+0000] {processor.py:161} INFO - Started process (PID=1293) to work on /home/airflow/.local/lib/python3.12/site-packages/airflow/example_dags/example_branch_python_dop_operator_3.py
[2026-05-09T19:02:38.243+0000] {processor.py:830} INFO - Processing file /home/airflow/.local/lib/python3.12/site-packages/airflow/example_dags/example_branch_python_dop_operator_3.py for tasks to queue
[2026-05-09T19:02:38.245+0000] {logging_mixin.py:188} INFO - [2026-05-09T19:02:38.245+0000] {dagbag.py:545} INFO - Filling up the DagBag from /home/airflow/.local/lib/python3.12/site-packages/airflow/example_dags/example_branch_python_dop_operator_3.py
[2026-05-09T19:02:38.254+0000] {processor.py:840} INFO - DAG(s) 'example_branch_dop_operator_v3' retrieved from /home/airflow/.local/lib/python3.12/site-packages/airflow/example_dags/example_branch_python_dop_operator_3.py
[2026-05-09T19:02:38.274+0000] {logging_mixin.py:188} INFO - [2026-05-09T19:02:38.274+0000] {dag.py:3096} INFO - Sync 1 DAGs
[2026-05-09T19:02:38.300+0000] {logging_mixin.py:188} INFO - [2026-05-09T19:02:38.300+0000] {dag.py:3954} INFO - Setting next_dagrun for example_branch_dop_operator_v3 to 2026-05-09 19:01:00+00:00, run_after=2026-05-09 19:02:00+00:00
[2026-05-09T19:02:38.322+0000] {processor.py:183} INFO - Processing /home/airflow/.local/lib/python3.12/site-packages/airflow/example_dags/example_branch_python_dop_operator_3.py took 0.086 seconds
[2026-05-09T19:03:09.423+0000] {processor.py:161} INFO - Started process (PID=1353) to work on /home/airflow/.local/lib/python3.12/site-packages/airflow/example_dags/example_branch_python_dop_operator_3.py
[2026-05-09T19:03:09.424+0000] {processor.py:830} INFO - Processing file /home/airflow/.local/lib/python3.12/site-packages/airflow/example_dags/example_branch_python_dop_operator_3.py for tasks to queue
[2026-05-09T19:03:09.427+0000] {logging_mixin.py:188} INFO - [2026-05-09T19:03:09.426+0000] {dagbag.py:545} INFO - Filling up the DagBag from /home/airflow/.local/lib/python3.12/site-packages/airflow/example_dags/example_branch_python_dop_operator_3.py
[2026-05-09T19:03:09.434+0000] {processor.py:840} INFO - DAG(s) 'example_branch_dop_operator_v3' retrieved from /home/airflow/.local/lib/python3.12/site-packages/airflow/example_dags/example_branch_python_dop_operator_3.py
[2026-05-09T19:03:09.452+0000] {logging_mixin.py:188} INFO - [2026-05-09T19:03:09.452+0000] {dag.py:3096} INFO - Sync 1 DAGs
[2026-05-09T19:03:09.475+0000] {logging_mixin.py:188} INFO - [2026-05-09T19:03:09.475+0000] {dag.py:3954} INFO - Setting next_dagrun for example_branch_dop_operator_v3 to 2026-05-09 19:02:00+00:00, run_after=2026-05-09 19:03:00+00:00
[2026-05-09T19:03:09.498+0000] {processor.py:183} INFO - Processing /home/airflow/.local/lib/python3.12/site-packages/airflow/example_dags/example_branch_python_dop_operator_3.py took 0.080 seconds
[2026-05-09T19:03:40.406+0000] {processor.py:161} INFO - Started process (PID=1412) to work on /home/airflow/.local/lib/python3.12/site-packages/airflow/example_dags/example_branch_python_dop_operator_3.py
[2026-05-09T19:03:40.407+0000] {processor.py:830} INFO - Processing file /home/airflow/.local/lib/python3.12/site-packages/airflow/example_dags/example_branch_python_dop_operator_3.py for tasks to queue
[2026-05-09T19:03:40.409+0000] {logging_mixin.py:188} INFO - [2026-05-09T19:03:40.409+0000] {dagbag.py:545} INFO - Filling up the DagBag from /home/airflow/.local/lib/python3.12/site-packages/airflow/example_dags/example_branch_python_dop_operator_3.py
[2026-05-09T19:03:40.418+0000] {processor.py:840} INFO - DAG(s) 'example_branch_dop_operator_v3' retrieved from /home/airflow/.local/lib/python3.12/site-packages/airflow/example_dags/example_branch_python_dop_operator_3.py
[2026-05-09T19:03:40.441+0000] {logging_mixin.py:188} INFO - [2026-05-09T19:03:40.441+0000] {dag.py:3096} INFO - Sync 1 DAGs
[2026-05-09T19:03:40.469+0000] {logging_mixin.py:188} INFO - [2026-05-09T19:03:40.469+0000] {dag.py:3954} INFO - Setting next_dagrun for example_branch_dop_operator_v3 to 2026-05-09 19:02:00+00:00, run_after=2026-05-09 19:03:00+00:00
[2026-05-09T19:03:40.493+0000] {processor.py:183} INFO - Processing /home/airflow/.local/lib/python3.12/site-packages/airflow/example_dags/example_branch_python_dop_operator_3.py took 0.093 seconds
[2026-05-09T19:04:10.848+0000] {processor.py:161} INFO - Started process (PID=1471) to work on /home/airflow/.local/lib/python3.12/site-packages/airflow/example_dags/example_branch_python_dop_operator_3.py
[2026-05-09T19:04:10.849+0000] {processor.py:830} INFO - Processing file /home/airflow/.local/lib/python3.12/site-packages/airflow/example_dags/example_branch_python_dop_operator_3.py for tasks to queue
[2026-05-09T19:04:10.851+0000] {logging_mixin.py:188} INFO - [2026-05-09T19:04:10.851+0000] {dagbag.py:545} INFO - Filling up the DagBag from /home/airflow/.local/lib/python3.12/site-packages/airflow/example_dags/example_branch_python_dop_operator_3.py
[2026-05-09T19:04:10.859+0000] {processor.py:840} INFO - DAG(s) 'example_branch_dop_operator_v3' retrieved from /home/airflow/.local/lib/python3.12/site-packages/airflow/example_dags/example_branch_python_dop_operator_3.py
[2026-05-09T19:04:10.879+0000] {logging_mixin.py:188} INFO - [2026-05-09T19:04:10.879+0000] {dag.py:3096} INFO - Sync 1 DAGs
[2026-05-09T19:04:10.903+0000] {logging_mixin.py:188} INFO - [2026-05-09T19:04:10.903+0000] {dag.py:3954} INFO - Setting next_dagrun for example_branch_dop_operator_v3 to 2026-05-09 19:03:00+00:00, run_after=2026-05-09 19:04:00+00:00
[2026-05-09T19:04:10.925+0000] {processor.py:183} INFO - Processing /home/airflow/.local/lib/python3.12/site-packages/airflow/example_dags/example_branch_python_dop_operator_3.py took 0.083 seconds
[2026-05-09T19:04:41.382+0000] {processor.py:161} INFO - Started process (PID=1530) to work on /home/airflow/.local/lib/python3.12/site-packages/airflow/example_dags/example_branch_python_dop_operator_3.py
[2026-05-09T19:04:41.383+0000] {processor.py:830} INFO - Processing file /home/airflow/.local/lib/python3.12/site-packages/airflow/example_dags/example_branch_python_dop_operator_3.py for tasks to queue
[2026-05-09T19:04:41.385+0000] {logging_mixin.py:188} INFO - [2026-05-09T19:04:41.385+0000] {dagbag.py:545} INFO - Filling up the DagBag from /home/airflow/.local/lib/python3.12/site-packages/airflow/example_dags/example_branch_python_dop_operator_3.py
[2026-05-09T19:04:41.393+0000] {processor.py:840} INFO - DAG(s) 'example_branch_dop_operator_v3' retrieved from /home/airflow/.local/lib/python3.12/site-packages/airflow/example_dags/example_branch_python_dop_operator_3.py
[2026-05-09T19:04:41.422+0000] {logging_mixin.py:188} INFO - [2026-05-09T19:04:41.422+0000] {dag.py:3096} INFO - Sync 1 DAGs
[2026-05-09T19:04:41.451+0000] {logging_mixin.py:188} INFO - [2026-05-09T19:04:41.451+0000] {dag.py:3954} INFO - Setting next_dagrun for example_branch_dop_operator_v3 to 2026-05-09 19:03:00+00:00, run_after=2026-05-09 19:04:00+00:00
[2026-05-09T19:04:41.476+0000] {processor.py:183} INFO - Processing /home/airflow/.local/lib/python3.12/site-packages/airflow/example_dags/example_branch_python_dop_operator_3.py took 0.100 seconds
[2026-05-09T19:05:11.802+0000] {processor.py:161} INFO - Started process (PID=1589) to work on /home/airflow/.local/lib/python3.12/site-packages/airflow/example_dags/example_branch_python_dop_operator_3.py
[2026-05-09T19:05:11.803+0000] {processor.py:830} INFO - Processing file /home/airflow/.local/lib/python3.12/site-packages/airflow/example_dags/example_branch_python_dop_operator_3.py for tasks to queue
[2026-05-09T19:05:11.806+0000] {logging_mixin.py:188} INFO - [2026-05-09T19:05:11.806+0000] {dagbag.py:545} INFO - Filling up the DagBag from /home/airflow/.local/lib/python3.12/site-packages/airflow/example_dags/example_branch_python_dop_operator_3.py
[2026-05-09T19:05:11.814+0000] {processor.py:840} INFO - DAG(s) 'example_branch_dop_operator_v3' retrieved from /home/airflow/.local/lib/python3.12/site-packages/airflow/example_dags/example_branch_python_dop_operator_3.py
[2026-05-09T19:05:11.841+0000] {logging_mixin.py:188} INFO - [2026-05-09T19:05:11.841+0000] {dag.py:3096} INFO - Sync 1 DAGs
[2026-05-09T19:05:11.874+0000] {logging_mixin.py:188} INFO - [2026-05-09T19:05:11.874+0000] {dag.py:3954} INFO - Setting next_dagrun for example_branch_dop_operator_v3 to 2026-05-09 19:04:00+00:00, run_after=2026-05-09 19:05:00+00:00
[2026-05-09T19:05:11.904+0000] {processor.py:183} INFO - Processing /home/airflow/.local/lib/python3.12/site-packages/airflow/example_dags/example_branch_python_dop_operator_3.py took 0.108 seconds
[2026-05-09T19:05:42.007+0000] {processor.py:161} INFO - Started process (PID=1648) to work on /home/airflow/.local/lib/python3.12/site-packages/airflow/example_dags/example_branch_python_dop_operator_3.py
[2026-05-09T19:05:42.008+0000] {processor.py:830} INFO - Processing file /home/airflow/.local/lib/python3.12/site-packages/airflow/example_dags/example_branch_python_dop_operator_3.py for tasks to queue
[2026-05-09T19:05:42.010+0000] {logging_mixin.py:188} INFO - [2026-05-09T19:05:42.010+0000] {dagbag.py:545} INFO - Filling up the DagBag from /home/airflow/.local/lib/python3.12/site-packages/airflow/example_dags/example_branch_python_dop_operator_3.py
[2026-05-09T19:05:42.019+0000] {processor.py:840} INFO - DAG(s) 'example_branch_dop_operator_v3' retrieved from /home/airflow/.local/lib/python3.12/site-packages/airflow/example_dags/example_branch_python_dop_operator_3.py
[2026-05-09T19:05:42.042+0000] {logging_mixin.py:188} INFO - [2026-05-09T19:05:42.042+0000] {dag.py:3096} INFO - Sync 1 DAGs
[2026-05-09T19:05:42.069+0000] {logging_mixin.py:188} INFO - [2026-05-09T19:05:42.069+0000] {dag.py:3954} INFO - Setting next_dagrun for example_branch_dop_operator_v3 to 2026-05-09 19:04:00+00:00, run_after=2026-05-09 19:05:00+00:00
[2026-05-09T19:05:42.094+0000] {processor.py:183} INFO - Processing /home/airflow/.local/lib/python3.12/site-packages/airflow/example_dags/example_branch_python_dop_operator_3.py took 0.093 seconds
[2026-05-09T19:06:12.171+0000] {processor.py:161} INFO - Started process (PID=1707) to work on /home/airflow/.local/lib/python3.12/site-packages/airflow/example_dags/example_branch_python_dop_operator_3.py
[2026-05-09T19:06:12.173+0000] {processor.py:830} INFO - Processing file /home/airflow/.local/lib/python3.12/site-packages/airflow/example_dags/example_branch_python_dop_operator_3.py for tasks to queue
[2026-05-09T19:06:12.175+0000] {logging_mixin.py:188} INFO - [2026-05-09T19:06:12.174+0000] {dagbag.py:545} INFO - Filling up the DagBag from /home/airflow/.local/lib/python3.12/site-packages/airflow/example_dags/example_branch_python_dop_operator_3.py
[2026-05-09T19:06:12.182+0000] {processor.py:840} INFO - DAG(s) 'example_branch_dop_operator_v3' retrieved from /home/airflow/.local/lib/python3.12/site-packages/airflow/example_dags/example_branch_python_dop_operator_3.py
[2026-05-09T19:06:12.204+0000] {logging_mixin.py:188} INFO - [2026-05-09T19:06:12.204+0000] {dag.py:3096} INFO - Sync 1 DAGs
[2026-05-09T19:06:12.234+0000] {logging_mixin.py:188} INFO - [2026-05-09T19:06:12.233+0000] {dag.py:3954} INFO - Setting next_dagrun for example_branch_dop_operator_v3 to 2026-05-09 19:05:00+00:00, run_after=2026-05-09 19:06:00+00:00
[2026-05-09T19:06:12.259+0000] {processor.py:183} INFO - Processing /home/airflow/.local/lib/python3.12/site-packages/airflow/example_dags/example_branch_python_dop_operator_3.py took 0.093 seconds
[2026-05-09T19:06:42.632+0000] {processor.py:161} INFO - Started process (PID=1766) to work on /home/airflow/.local/lib/python3.12/site-packages/airflow/example_dags/example_branch_python_dop_operator_3.py
[2026-05-09T19:06:42.633+0000] {processor.py:830} INFO - Processing file /home/airflow/.local/lib/python3.12/site-packages/airflow/example_dags/example_branch_python_dop_operator_3.py for tasks to queue
[2026-05-09T19:06:42.635+0000] {logging_mixin.py:188} INFO - [2026-05-09T19:06:42.635+0000] {dagbag.py:545} INFO - Filling up the DagBag from /home/airflow/.local/lib/python3.12/site-packages/airflow/example_dags/example_branch_python_dop_operator_3.py
[2026-05-09T19:06:42.644+0000] {processor.py:840} INFO - DAG(s) 'example_branch_dop_operator_v3' retrieved from /home/airflow/.local/lib/python3.12/site-packages/airflow/example_dags/example_branch_python_dop_operator_3.py
[2026-05-09T19:06:42.667+0000] {logging_mixin.py:188} INFO - [2026-05-09T19:06:42.667+0000] {dag.py:3096} INFO - Sync 1 DAGs
[2026-05-09T19:06:42.695+0000] {logging_mixin.py:188} INFO - [2026-05-09T19:06:42.695+0000] {dag.py:3954} INFO - Setting next_dagrun for example_branch_dop_operator_v3 to 2026-05-09 19:05:00+00:00, run_after=2026-05-09 19:06:00+00:00
[2026-05-09T19:06:42.721+0000] {processor.py:183} INFO - Processing /home/airflow/.local/lib/python3.12/site-packages/airflow/example_dags/example_branch_python_dop_operator_3.py took 0.095 seconds
[2026-05-09T19:07:13.692+0000] {processor.py:161} INFO - Started process (PID=1825) to work on /home/airflow/.local/lib/python3.12/site-packages/airflow/example_dags/example_branch_python_dop_operator_3.py
[2026-05-09T19:07:13.693+0000] {processor.py:830} INFO - Processing file /home/airflow/.local/lib/python3.12/site-packages/airflow/example_dags/example_branch_python_dop_operator_3.py for tasks to queue
[2026-05-09T19:07:13.696+0000] {logging_mixin.py:188} INFO - [2026-05-09T19:07:13.696+0000] {dagbag.py:545} INFO - Filling up the DagBag from /home/airflow/.local/lib/python3.12/site-packages/airflow/example_dags/example_branch_python_dop_operator_3.py
[2026-05-09T19:07:13.704+0000] {processor.py:840} INFO - DAG(s) 'example_branch_dop_operator_v3' retrieved from /home/airflow/.local/lib/python3.12/site-packages/airflow/example_dags/example_branch_python_dop_operator_3.py
[2026-05-09T19:07:13.728+0000] {logging_mixin.py:188} INFO - [2026-05-09T19:07:13.728+0000] {dag.py:3096} INFO - Sync 1 DAGs
[2026-05-09T19:07:13.756+0000] {logging_mixin.py:188} INFO - [2026-05-09T19:07:13.756+0000] {dag.py:3954} INFO - Setting next_dagrun for example_branch_dop_operator_v3 to 2026-05-09 19:06:00+00:00, run_after=2026-05-09 19:07:00+00:00
[2026-05-09T19:07:13.779+0000] {processor.py:183} INFO - Processing /home/airflow/.local/lib/python3.12/site-packages/airflow/example_dags/example_branch_python_dop_operator_3.py took 0.094 seconds
[2026-05-09T19:07:44.056+0000] {processor.py:161} INFO - Started process (PID=1884) to work on /home/airflow/.local/lib/python3.12/site-packages/airflow/example_dags/example_branch_python_dop_operator_3.py
[2026-05-09T19:07:44.057+0000] {processor.py:830} INFO - Processing file /home/airflow/.local/lib/python3.12/site-packages/airflow/example_dags/example_branch_python_dop_operator_3.py for tasks to queue
[2026-05-09T19:07:44.058+0000] {logging_mixin.py:188} INFO - [2026-05-09T19:07:44.058+0000] {dagbag.py:545} INFO - Filling up the DagBag from /home/airflow/.local/lib/python3.12/site-packages/airflow/example_dags/example_branch_python_dop_operator_3.py
[2026-05-09T19:07:44.067+0000] {processor.py:840} INFO - DAG(s) 'example_branch_dop_operator_v3' retrieved from /home/airflow/.local/lib/python3.12/site-packages/airflow/example_dags/example_branch_python_dop_operator_3.py
[2026-05-09T19:07:44.089+0000] {logging_mixin.py:188} INFO - [2026-05-09T19:07:44.089+0000] {dag.py:3096} INFO - Sync 1 DAGs
[2026-05-09T19:07:44.116+0000] {logging_mixin.py:188} INFO - [2026-05-09T19:07:44.116+0000] {dag.py:3954} INFO - Setting next_dagrun for example_branch_dop_operator_v3 to 2026-05-09 19:06:00+00:00, run_after=2026-05-09 19:07:00+00:00
[2026-05-09T19:07:44.141+0000] {processor.py:183} INFO - Processing /home/airflow/.local/lib/python3.12/site-packages/airflow/example_dags/example_branch_python_dop_operator_3.py took 0.090 seconds
[2026-05-09T19:08:14.812+0000] {processor.py:161} INFO - Started process (PID=1943) to work on /home/airflow/.local/lib/python3.12/site-packages/airflow/example_dags/example_branch_python_dop_operator_3.py
[2026-05-09T19:08:14.813+0000] {processor.py:830} INFO - Processing file /home/airflow/.local/lib/python3.12/site-packages/airflow/example_dags/example_branch_python_dop_operator_3.py for tasks to queue
[2026-05-09T19:08:14.815+0000] {logging_mixin.py:188} INFO - [2026-05-09T19:08:14.815+0000] {dagbag.py:545} INFO - Filling up the DagBag from /home/airflow/.local/lib/python3.12/site-packages/airflow/example_dags/example_branch_python_dop_operator_3.py
[2026-05-09T19:08:14.822+0000] {processor.py:840} INFO - DAG(s) 'example_branch_dop_operator_v3' retrieved from /home/airflow/.local/lib/python3.12/site-packages/airflow/example_dags/example_branch_python_dop_operator_3.py
[2026-05-09T19:08:14.842+0000] {logging_mixin.py:188} INFO - [2026-05-09T19:08:14.841+0000] {dag.py:3096} INFO - Sync 1 DAGs
[2026-05-09T19:08:14.866+0000] {logging_mixin.py:188} INFO - [2026-05-09T19:08:14.866+0000] {dag.py:3954} INFO - Setting next_dagrun for example_branch_dop_operator_v3 to 2026-05-09 19:07:00+00:00, run_after=2026-05-09 19:08:00+00:00
[2026-05-09T19:08:14.894+0000] {processor.py:183} INFO - Processing /home/airflow/.local/lib/python3.12/site-packages/airflow/example_dags/example_branch_python_dop_operator_3.py took 0.087 seconds
[2026-05-09T19:08:45.000+0000] {processor.py:161} INFO - Started process (PID=2002) to work on /home/airflow/.local/lib/python3.12/site-packages/airflow/example_dags/example_branch_python_dop_operator_3.py
[2026-05-09T19:08:45.001+0000] {processor.py:830} INFO - Processing file /home/airflow/.local/lib/python3.12/site-packages/airflow/example_dags/example_branch_python_dop_operator_3.py for tasks to queue
[2026-05-09T19:08:45.004+0000] {logging_mixin.py:188} INFO - [2026-05-09T19:08:45.003+0000] {dagbag.py:545} INFO - Filling up the DagBag from /home/airflow/.local/lib/python3.12/site-packages/airflow/example_dags/example_branch_python_dop_operator_3.py
[2026-05-09T19:08:45.011+0000] {processor.py:840} INFO - DAG(s) 'example_branch_dop_operator_v3' retrieved from /home/airflow/.local/lib/python3.12/site-packages/airflow/example_dags/example_branch_python_dop_operator_3.py
[2026-05-09T19:08:45.032+0000] {logging_mixin.py:188} INFO - [2026-05-09T19:08:45.032+0000] {dag.py:3096} INFO - Sync 1 DAGs
[2026-05-09T19:08:45.058+0000] {logging_mixin.py:188} INFO - [2026-05-09T19:08:45.058+0000] {dag.py:3954} INFO - Setting next_dagrun for example_branch_dop_operator_v3 to 2026-05-09 19:07:00+00:00, run_after=2026-05-09 19:08:00+00:00
[2026-05-09T19:08:45.081+0000] {processor.py:183} INFO - Processing /home/airflow/.local/lib/python3.12/site-packages/airflow/example_dags/example_branch_python_dop_operator_3.py took 0.087 seconds
[2026-05-09T19:09:15.296+0000] {processor.py:161} INFO - Started process (PID=2060) to work on /home/airflow/.local/lib/python3.12/site-packages/airflow/example_dags/example_branch_python_dop_operator_3.py
[2026-05-09T19:09:15.297+0000] {processor.py:830} INFO - Processing file /home/airflow/.local/lib/python3.12/site-packages/airflow/example_dags/example_branch_python_dop_operator_3.py for tasks to queue
[2026-05-09T19:09:15.299+0000] {logging_mixin.py:188} INFO - [2026-05-09T19:09:15.299+0000] {dagbag.py:545} INFO - Filling up the DagBag from /home/airflow/.local/lib/python3.12/site-packages/airflow/example_dags/example_branch_python_dop_operator_3.py
[2026-05-09T19:09:15.310+0000] {processor.py:840} INFO - DAG(s) 'example_branch_dop_operator_v3' retrieved from /home/airflow/.local/lib/python3.12/site-packages/airflow/example_dags/example_branch_python_dop_operator_3.py
[2026-05-09T19:09:15.350+0000] {logging_mixin.py:188} INFO - [2026-05-09T19:09:15.350+0000] {dag.py:3096} INFO - Sync 1 DAGs
[2026-05-09T19:09:15.390+0000] {logging_mixin.py:188} INFO - [2026-05-09T19:09:15.389+0000] {dag.py:3954} INFO - Setting next_dagrun for example_branch_dop_operator_v3 to 2026-05-09 19:08:00+00:00, run_after=2026-05-09 19:09:00+00:00
[2026-05-09T19:09:15.425+0000] {processor.py:183} INFO - Processing /home/airflow/.local/lib/python3.12/site-packages/airflow/example_dags/example_branch_python_dop_operator_3.py took 0.135 seconds
[2026-05-09T19:09:45.480+0000] {processor.py:161} INFO - Started process (PID=2119) to work on /home/airflow/.local/lib/python3.12/site-packages/airflow/example_dags/example_branch_python_dop_operator_3.py
[2026-05-09T19:09:45.482+0000] {processor.py:830} INFO - Processing file /home/airflow/.local/lib/python3.12/site-packages/airflow/example_dags/example_branch_python_dop_operator_3.py for tasks to queue
[2026-05-09T19:09:45.485+0000] {logging_mixin.py:188} INFO - [2026-05-09T19:09:45.484+0000] {dagbag.py:545} INFO - Filling up the DagBag from /home/airflow/.local/lib/python3.12/site-packages/airflow/example_dags/example_branch_python_dop_operator_3.py
[2026-05-09T19:09:45.494+0000] {processor.py:840} INFO - DAG(s) 'example_branch_dop_operator_v3' retrieved from /home/airflow/.local/lib/python3.12/site-packages/airflow/example_dags/example_branch_python_dop_operator_3.py
[2026-05-09T19:09:45.516+0000] {logging_mixin.py:188} INFO - [2026-05-09T19:09:45.516+0000] {dag.py:3096} INFO - Sync 1 DAGs
[2026-05-09T19:09:45.548+0000] {logging_mixin.py:188} INFO - [2026-05-09T19:09:45.547+0000] {dag.py:3954} INFO - Setting next_dagrun for example_branch_dop_operator_v3 to 2026-05-09 19:08:00+00:00, run_after=2026-05-09 19:09:00+00:00
[2026-05-09T19:09:45.588+0000] {processor.py:183} INFO - Processing /home/airflow/.local/lib/python3.12/site-packages/airflow/example_dags/example_branch_python_dop_operator_3.py took 0.116 seconds
[2026-05-09T19:10:16.198+0000] {processor.py:161} INFO - Started process (PID=2178) to work on /home/airflow/.local/lib/python3.12/site-packages/airflow/example_dags/example_branch_python_dop_operator_3.py
[2026-05-09T19:10:16.200+0000] {processor.py:830} INFO - Processing file /home/airflow/.local/lib/python3.12/site-packages/airflow/example_dags/example_branch_python_dop_operator_3.py for tasks to queue
[2026-05-09T19:10:16.202+0000] {logging_mixin.py:188} INFO - [2026-05-09T19:10:16.202+0000] {dagbag.py:545} INFO - Filling up the DagBag from /home/airflow/.local/lib/python3.12/site-packages/airflow/example_dags/example_branch_python_dop_operator_3.py
[2026-05-09T19:10:16.211+0000] {processor.py:840} INFO - DAG(s) 'example_branch_dop_operator_v3' retrieved from /home/airflow/.local/lib/python3.12/site-packages/airflow/example_dags/example_branch_python_dop_operator_3.py
[2026-05-09T19:10:16.232+0000] {logging_mixin.py:188} INFO - [2026-05-09T19:10:16.232+0000] {dag.py:3096} INFO - Sync 1 DAGs
[2026-05-09T19:10:16.262+0000] {logging_mixin.py:188} INFO - [2026-05-09T19:10:16.262+0000] {dag.py:3954} INFO - Setting next_dagrun for example_branch_dop_operator_v3 to 2026-05-09 19:09:00+00:00, run_after=2026-05-09 19:10:00+00:00
[2026-05-09T19:10:16.286+0000] {processor.py:183} INFO - Processing /home/airflow/.local/lib/python3.12/site-packages/airflow/example_dags/example_branch_python_dop_operator_3.py took 0.092 seconds
[2026-05-09T19:10:46.603+0000] {processor.py:161} INFO - Started process (PID=2237) to work on /home/airflow/.local/lib/python3.12/site-packages/airflow/example_dags/example_branch_python_dop_operator_3.py
[2026-05-09T19:10:46.604+0000] {processor.py:830} INFO - Processing file /home/airflow/.local/lib/python3.12/site-packages/airflow/example_dags/example_branch_python_dop_operator_3.py for tasks to queue
[2026-05-09T19:10:46.606+0000] {logging_mixin.py:188} INFO - [2026-05-09T19:10:46.606+0000] {dagbag.py:545} INFO - Filling up the DagBag from /home/airflow/.local/lib/python3.12/site-packages/airflow/example_dags/example_branch_python_dop_operator_3.py
[2026-05-09T19:10:46.616+0000] {processor.py:840} INFO - DAG(s) 'example_branch_dop_operator_v3' retrieved from /home/airflow/.local/lib/python3.12/site-packages/airflow/example_dags/example_branch_python_dop_operator_3.py
[2026-05-09T19:10:46.636+0000] {logging_mixin.py:188} INFO - [2026-05-09T19:10:46.636+0000] {dag.py:3096} INFO - Sync 1 DAGs
[2026-05-09T19:10:46.661+0000] {logging_mixin.py:188} INFO - [2026-05-09T19:10:46.661+0000] {dag.py:3954} INFO - Setting next_dagrun for example_branch_dop_operator_v3 to 2026-05-09 19:09:00+00:00, run_after=2026-05-09 19:10:00+00:00
[2026-05-09T19:10:46.684+0000] {processor.py:183} INFO - Processing /home/airflow/.local/lib/python3.12/site-packages/airflow/example_dags/example_branch_python_dop_operator_3.py took 0.087 seconds
[2026-05-09T19:11:17.659+0000] {processor.py:161} INFO - Started process (PID=2297) to work on /home/airflow/.local/lib/python3.12/site-packages/airflow/example_dags/example_branch_python_dop_operator_3.py
[2026-05-09T19:11:17.660+0000] {processor.py:830} INFO - Processing file /home/airflow/.local/lib/python3.12/site-packages/airflow/example_dags/example_branch_python_dop_operator_3.py for tasks to queue
[2026-05-09T19:11:17.663+0000] {logging_mixin.py:188} INFO - [2026-05-09T19:11:17.662+0000] {dagbag.py:545} INFO - Filling up the DagBag from /home/airflow/.local/lib/python3.12/site-packages/airflow/example_dags/example_branch_python_dop_operator_3.py
[2026-05-09T19:11:17.671+0000] {processor.py:840} INFO - DAG(s) 'example_branch_dop_operator_v3' retrieved from /home/airflow/.local/lib/python3.12/site-packages/airflow/example_dags/example_branch_python_dop_operator_3.py
[2026-05-09T19:11:17.691+0000] {logging_mixin.py:188} INFO - [2026-05-09T19:11:17.691+0000] {dag.py:3096} INFO - Sync 1 DAGs
[2026-05-09T19:11:17.717+0000] {logging_mixin.py:188} INFO - [2026-05-09T19:11:17.717+0000] {dag.py:3954} INFO - Setting next_dagrun for example_branch_dop_operator_v3 to 2026-05-09 19:10:00+00:00, run_after=2026-05-09 19:11:00+00:00
[2026-05-09T19:11:17.740+0000] {processor.py:183} INFO - Processing /home/airflow/.local/lib/python3.12/site-packages/airflow/example_dags/example_branch_python_dop_operator_3.py took 0.086 seconds
[2026-05-09T19:11:48.081+0000] {processor.py:161} INFO - Started process (PID=2356) to work on /home/airflow/.local/lib/python3.12/site-packages/airflow/example_dags/example_branch_python_dop_operator_3.py
[2026-05-09T19:11:48.082+0000] {processor.py:830} INFO - Processing file /home/airflow/.local/lib/python3.12/site-packages/airflow/example_dags/example_branch_python_dop_operator_3.py for tasks to queue
[2026-05-09T19:11:48.084+0000] {logging_mixin.py:188} INFO - [2026-05-09T19:11:48.084+0000] {dagbag.py:545} INFO - Filling up the DagBag from /home/airflow/.local/lib/python3.12/site-packages/airflow/example_dags/example_branch_python_dop_operator_3.py
[2026-05-09T19:11:48.093+0000] {processor.py:840} INFO - DAG(s) 'example_branch_dop_operator_v3' retrieved from /home/airflow/.local/lib/python3.12/site-packages/airflow/example_dags/example_branch_python_dop_operator_3.py
[2026-05-09T19:11:48.117+0000] {logging_mixin.py:188} INFO - [2026-05-09T19:11:48.117+0000] {dag.py:3096} INFO - Sync 1 DAGs
[2026-05-09T19:11:48.147+0000] {logging_mixin.py:188} INFO - [2026-05-09T19:11:48.146+0000] {dag.py:3954} INFO - Setting next_dagrun for example_branch_dop_operator_v3 to 2026-05-09 19:10:00+00:00, run_after=2026-05-09 19:11:00+00:00
[2026-05-09T19:11:48.176+0000] {processor.py:183} INFO - Processing /home/airflow/.local/lib/python3.12/site-packages/airflow/example_dags/example_branch_python_dop_operator_3.py took 0.101 seconds
[2026-05-09T19:12:18.968+0000] {processor.py:161} INFO - Started process (PID=2415) to work on /home/airflow/.local/lib/python3.12/site-packages/airflow/example_dags/example_branch_python_dop_operator_3.py
[2026-05-09T19:12:18.969+0000] {processor.py:830} INFO - Processing file /home/airflow/.local/lib/python3.12/site-packages/airflow/example_dags/example_branch_python_dop_operator_3.py for tasks to queue
[2026-05-09T19:12:18.971+0000] {logging_mixin.py:188} INFO - [2026-05-09T19:12:18.971+0000] {dagbag.py:545} INFO - Filling up the DagBag from /home/airflow/.local/lib/python3.12/site-packages/airflow/example_dags/example_branch_python_dop_operator_3.py
[2026-05-09T19:12:18.979+0000] {processor.py:840} INFO - DAG(s) 'example_branch_dop_operator_v3' retrieved from /home/airflow/.local/lib/python3.12/site-packages/airflow/example_dags/example_branch_python_dop_operator_3.py
[2026-05-09T19:12:18.999+0000] {logging_mixin.py:188} INFO - [2026-05-09T19:12:18.999+0000] {dag.py:3096} INFO - Sync 1 DAGs
[2026-05-09T19:12:19.024+0000] {logging_mixin.py:188} INFO - [2026-05-09T19:12:19.023+0000] {dag.py:3954} INFO - Setting next_dagrun for example_branch_dop_operator_v3 to 2026-05-09 19:11:00+00:00, run_after=2026-05-09 19:12:00+00:00
[2026-05-09T19:12:19.047+0000] {processor.py:183} INFO - Processing /home/airflow/.local/lib/python3.12/site-packages/airflow/example_dags/example_branch_python_dop_operator_3.py took 0.083 seconds
[2026-05-09T19:12:49.495+0000] {processor.py:161} INFO - Started process (PID=2474) to work on /home/airflow/.local/lib/python3.12/site-packages/airflow/example_dags/example_branch_python_dop_operator_3.py
[2026-05-09T19:12:49.496+0000] {processor.py:830} INFO - Processing file /home/airflow/.local/lib/python3.12/site-packages/airflow/example_dags/example_branch_python_dop_operator_3.py for tasks to queue
[2026-05-09T19:12:49.498+0000] {logging_mixin.py:188} INFO - [2026-05-09T19:12:49.497+0000] {dagbag.py:545} INFO - Filling up the DagBag from /home/airflow/.local/lib/python3.12/site-packages/airflow/example_dags/example_branch_python_dop_operator_3.py
[2026-05-09T19:12:49.506+0000] {processor.py:840} INFO - DAG(s) 'example_branch_dop_operator_v3' retrieved from /home/airflow/.local/lib/python3.12/site-packages/airflow/example_dags/example_branch_python_dop_operator_3.py
[2026-05-09T19:12:49.526+0000] {logging_mixin.py:188} INFO - [2026-05-09T19:12:49.525+0000] {dag.py:3096} INFO - Sync 1 DAGs
[2026-05-09T19:12:49.551+0000] {logging_mixin.py:188} INFO - [2026-05-09T19:12:49.551+0000] {dag.py:3954} INFO - Setting next_dagrun for example_branch_dop_operator_v3 to 2026-05-09 19:11:00+00:00, run_after=2026-05-09 19:12:00+00:00
[2026-05-09T19:12:49.574+0000] {processor.py:183} INFO - Processing /home/airflow/.local/lib/python3.12/site-packages/airflow/example_dags/example_branch_python_dop_operator_3.py took 0.084 seconds
[2026-05-09T19:13:19.719+0000] {processor.py:161} INFO - Started process (PID=2533) to work on /home/airflow/.local/lib/python3.12/site-packages/airflow/example_dags/example_branch_python_dop_operator_3.py
[2026-05-09T19:13:19.721+0000] {processor.py:830} INFO - Processing file /home/airflow/.local/lib/python3.12/site-packages/airflow/example_dags/example_branch_python_dop_operator_3.py for tasks to queue
[2026-05-09T19:13:19.723+0000] {logging_mixin.py:188} INFO - [2026-05-09T19:13:19.723+0000] {dagbag.py:545} INFO - Filling up the DagBag from /home/airflow/.local/lib/python3.12/site-packages/airflow/example_dags/example_branch_python_dop_operator_3.py
[2026-05-09T19:13:19.731+0000] {processor.py:840} INFO - DAG(s) 'example_branch_dop_operator_v3' retrieved from /home/airflow/.local/lib/python3.12/site-packages/airflow/example_dags/example_branch_python_dop_operator_3.py
[2026-05-09T19:13:19.752+0000] {logging_mixin.py:188} INFO - [2026-05-09T19:13:19.751+0000] {dag.py:3096} INFO - Sync 1 DAGs
[2026-05-09T19:13:19.779+0000] {logging_mixin.py:188} INFO - [2026-05-09T19:13:19.779+0000] {dag.py:3954} INFO - Setting next_dagrun for example_branch_dop_operator_v3 to 2026-05-09 19:12:00+00:00, run_after=2026-05-09 19:13:00+00:00
[2026-05-09T19:13:19.806+0000] {processor.py:183} INFO - Processing /home/airflow/.local/lib/python3.12/site-packages/airflow/example_dags/example_branch_python_dop_operator_3.py took 0.091 seconds
[2026-05-09T19:13:50.432+0000] {processor.py:161} INFO - Started process (PID=2592) to work on /home/airflow/.local/lib/python3.12/site-packages/airflow/example_dags/example_branch_python_dop_operator_3.py
[2026-05-09T19:13:50.433+0000] {processor.py:830} INFO - Processing file /home/airflow/.local/lib/python3.12/site-packages/airflow/example_dags/example_branch_python_dop_operator_3.py for tasks to queue
[2026-05-09T19:13:50.436+0000] {logging_mixin.py:188} INFO - [2026-05-09T19:13:50.435+0000] {dagbag.py:545} INFO - Filling up the DagBag from /home/airflow/.local/lib/python3.12/site-packages/airflow/example_dags/example_branch_python_dop_operator_3.py
[2026-05-09T19:13:50.443+0000] {processor.py:840} INFO - DAG(s) 'example_branch_dop_operator_v3' retrieved from /home/airflow/.local/lib/python3.12/site-packages/airflow/example_dags/example_branch_python_dop_operator_3.py
[2026-05-09T19:13:50.465+0000] {logging_mixin.py:188} INFO - [2026-05-09T19:13:50.465+0000] {dag.py:3096} INFO - Sync 1 DAGs
[2026-05-09T19:13:50.492+0000] {logging_mixin.py:188} INFO - [2026-05-09T19:13:50.491+0000] {dag.py:3954} INFO - Setting next_dagrun for example_branch_dop_operator_v3 to 2026-05-09 19:12:00+00:00, run_after=2026-05-09 19:13:00+00:00
[2026-05-09T19:13:50.514+0000] {processor.py:183} INFO - Processing /home/airflow/.local/lib/python3.12/site-packages/airflow/example_dags/example_branch_python_dop_operator_3.py took 0.087 seconds
[2026-05-09T19:14:21.174+0000] {processor.py:161} INFO - Started process (PID=2651) to work on /home/airflow/.local/lib/python3.12/site-packages/airflow/example_dags/example_branch_python_dop_operator_3.py
[2026-05-09T19:14:21.176+0000] {processor.py:830} INFO - Processing file /home/airflow/.local/lib/python3.12/site-packages/airflow/example_dags/example_branch_python_dop_operator_3.py for tasks to queue
[2026-05-09T19:14:21.177+0000] {logging_mixin.py:188} INFO - [2026-05-09T19:14:21.177+0000] {dagbag.py:545} INFO - Filling up the DagBag from /home/airflow/.local/lib/python3.12/site-packages/airflow/example_dags/example_branch_python_dop_operator_3.py
[2026-05-09T19:14:21.185+0000] {processor.py:840} INFO - DAG(s) 'example_branch_dop_operator_v3' retrieved from /home/airflow/.local/lib/python3.12/site-packages/airflow/example_dags/example_branch_python_dop_operator_3.py
[2026-05-09T19:14:21.204+0000] {logging_mixin.py:188} INFO - [2026-05-09T19:14:21.204+0000] {dag.py:3096} INFO - Sync 1 DAGs
[2026-05-09T19:14:21.228+0000] {logging_mixin.py:188} INFO - [2026-05-09T19:14:21.228+0000] {dag.py:3954} INFO - Setting next_dagrun for example_branch_dop_operator_v3 to 2026-05-09 19:13:00+00:00, run_after=2026-05-09 19:14:00+00:00
[2026-05-09T19:14:21.249+0000] {processor.py:183} INFO - Processing /home/airflow/.local/lib/python3.12/site-packages/airflow/example_dags/example_branch_python_dop_operator_3.py took 0.080 seconds
[2026-05-09T19:14:51.772+0000] {processor.py:161} INFO - Started process (PID=2710) to work on /home/airflow/.local/lib/python3.12/site-packages/airflow/example_dags/example_branch_python_dop_operator_3.py
[2026-05-09T19:14:51.774+0000] {processor.py:830} INFO - Processing file /home/airflow/.local/lib/python3.12/site-packages/airflow/example_dags/example_branch_python_dop_operator_3.py for tasks to queue
[2026-05-09T19:14:51.776+0000] {logging_mixin.py:188} INFO - [2026-05-09T19:14:51.775+0000] {dagbag.py:545} INFO - Filling up the DagBag from /home/airflow/.local/lib/python3.12/site-packages/airflow/example_dags/example_branch_python_dop_operator_3.py
[2026-05-09T19:14:51.785+0000] {processor.py:840} INFO - DAG(s) 'example_branch_dop_operator_v3' retrieved from /home/airflow/.local/lib/python3.12/site-packages/airflow/example_dags/example_branch_python_dop_operator_3.py
[2026-05-09T19:14:51.807+0000] {logging_mixin.py:188} INFO - [2026-05-09T19:14:51.807+0000] {dag.py:3096} INFO - Sync 1 DAGs
[2026-05-09T19:14:51.833+0000] {logging_mixin.py:188} INFO - [2026-05-09T19:14:51.833+0000] {dag.py:3954} INFO - Setting next_dagrun for example_branch_dop_operator_v3 to 2026-05-09 19:13:00+00:00, run_after=2026-05-09 19:14:00+00:00
[2026-05-09T19:14:51.855+0000] {processor.py:183} INFO - Processing /home/airflow/.local/lib/python3.12/site-packages/airflow/example_dags/example_branch_python_dop_operator_3.py took 0.088 seconds
[2026-05-09T19:15:22.627+0000] {processor.py:161} INFO - Started process (PID=2769) to work on /home/airflow/.local/lib/python3.12/site-packages/airflow/example_dags/example_branch_python_dop_operator_3.py
[2026-05-09T19:15:22.628+0000] {processor.py:830} INFO - Processing file /home/airflow/.local/lib/python3.12/site-packages/airflow/example_dags/example_branch_python_dop_operator_3.py for tasks to queue
[2026-05-09T19:15:22.630+0000] {logging_mixin.py:188} INFO - [2026-05-09T19:15:22.630+0000] {dagbag.py:545} INFO - Filling up the DagBag from /home/airflow/.local/lib/python3.12/site-packages/airflow/example_dags/example_branch_python_dop_operator_3.py
[2026-05-09T19:15:22.637+0000] {processor.py:840} INFO - DAG(s) 'example_branch_dop_operator_v3' retrieved from /home/airflow/.local/lib/python3.12/site-packages/airflow/example_dags/example_branch_python_dop_operator_3.py
[2026-05-09T19:15:22.657+0000] {logging_mixin.py:188} INFO - [2026-05-09T19:15:22.656+0000] {dag.py:3096} INFO - Sync 1 DAGs
[2026-05-09T19:15:22.681+0000] {logging_mixin.py:188} INFO - [2026-05-09T19:15:22.680+0000] {dag.py:3954} INFO - Setting next_dagrun for example_branch_dop_operator_v3 to 2026-05-09 19:14:00+00:00, run_after=2026-05-09 19:15:00+00:00
[2026-05-09T19:15:22.701+0000] {processor.py:183} INFO - Processing /home/airflow/.local/lib/python3.12/site-packages/airflow/example_dags/example_branch_python_dop_operator_3.py took 0.079 seconds
[2026-05-09T19:15:52.998+0000] {processor.py:161} INFO - Started process (PID=2828) to work on /home/airflow/.local/lib/python3.12/site-packages/airflow/example_dags/example_branch_python_dop_operator_3.py
[2026-05-09T19:15:52.999+0000] {processor.py:830} INFO - Processing file /home/airflow/.local/lib/python3.12/site-packages/airflow/example_dags/example_branch_python_dop_operator_3.py for tasks to queue
[2026-05-09T19:15:53.002+0000] {logging_mixin.py:188} INFO - [2026-05-09T19:15:53.001+0000] {dagbag.py:545} INFO - Filling up the DagBag from /home/airflow/.local/lib/python3.12/site-packages/airflow/example_dags/example_branch_python_dop_operator_3.py
[2026-05-09T19:15:53.010+0000] {processor.py:840} INFO - DAG(s) 'example_branch_dop_operator_v3' retrieved from /home/airflow/.local/lib/python3.12/site-packages/airflow/example_dags/example_branch_python_dop_operator_3.py
[2026-05-09T19:15:53.038+0000] {logging_mixin.py:188} INFO - [2026-05-09T19:15:53.037+0000] {dag.py:3096} INFO - Sync 1 DAGs
[2026-05-09T19:15:53.070+0000] {logging_mixin.py:188} INFO - [2026-05-09T19:15:53.069+0000] {dag.py:3954} INFO - Setting next_dagrun for example_branch_dop_operator_v3 to 2026-05-09 19:14:00+00:00, run_after=2026-05-09 19:15:00+00:00
[2026-05-09T19:15:53.097+0000] {processor.py:183} INFO - Processing /home/airflow/.local/lib/python3.12/site-packages/airflow/example_dags/example_branch_python_dop_operator_3.py took 0.104 seconds
[2026-05-09T19:16:23.228+0000] {processor.py:161} INFO - Started process (PID=2887) to work on /home/airflow/.local/lib/python3.12/site-packages/airflow/example_dags/example_branch_python_dop_operator_3.py
[2026-05-09T19:16:23.229+0000] {processor.py:830} INFO - Processing file /home/airflow/.local/lib/python3.12/site-packages/airflow/example_dags/example_branch_python_dop_operator_3.py for tasks to queue
[2026-05-09T19:16:23.232+0000] {logging_mixin.py:188} INFO - [2026-05-09T19:16:23.231+0000] {dagbag.py:545} INFO - Filling up the DagBag from /home/airflow/.local/lib/python3.12/site-packages/airflow/example_dags/example_branch_python_dop_operator_3.py
[2026-05-09T19:16:23.240+0000] {processor.py:840} INFO - DAG(s) 'example_branch_dop_operator_v3' retrieved from /home/airflow/.local/lib/python3.12/site-packages/airflow/example_dags/example_branch_python_dop_operator_3.py
[2026-05-09T19:16:23.260+0000] {logging_mixin.py:188} INFO - [2026-05-09T19:16:23.260+0000] {dag.py:3096} INFO - Sync 1 DAGs
[2026-05-09T19:16:23.285+0000] {logging_mixin.py:188} INFO - [2026-05-09T19:16:23.285+0000] {dag.py:3954} INFO - Setting next_dagrun for example_branch_dop_operator_v3 to 2026-05-09 19:15:00+00:00, run_after=2026-05-09 19:16:00+00:00
[2026-05-09T19:16:23.309+0000] {processor.py:183} INFO - Processing /home/airflow/.local/lib/python3.12/site-packages/airflow/example_dags/example_branch_python_dop_operator_3.py took 0.086 seconds
[2026-05-09T19:16:54.082+0000] {processor.py:161} INFO - Started process (PID=2946) to work on /home/airflow/.local/lib/python3.12/site-packages/airflow/example_dags/example_branch_python_dop_operator_3.py
[2026-05-09T19:16:54.083+0000] {processor.py:830} INFO - Processing file /home/airflow/.local/lib/python3.12/site-packages/airflow/example_dags/example_branch_python_dop_operator_3.py for tasks to queue
[2026-05-09T19:16:54.084+0000] {logging_mixin.py:188} INFO - [2026-05-09T19:16:54.084+0000] {dagbag.py:545} INFO - Filling up the DagBag from /home/airflow/.local/lib/python3.12/site-packages/airflow/example_dags/example_branch_python_dop_operator_3.py
[2026-05-09T19:16:54.092+0000] {processor.py:840} INFO - DAG(s) 'example_branch_dop_operator_v3' retrieved from /home/airflow/.local/lib/python3.12/site-packages/airflow/example_dags/example_branch_python_dop_operator_3.py
[2026-05-09T19:16:54.111+0000] {logging_mixin.py:188} INFO - [2026-05-09T19:16:54.111+0000] {dag.py:3096} INFO - Sync 1 DAGs
[2026-05-09T19:16:54.135+0000] {logging_mixin.py:188} INFO - [2026-05-09T19:16:54.135+0000] {dag.py:3954} INFO - Setting next_dagrun for example_branch_dop_operator_v3 to 2026-05-09 19:15:00+00:00, run_after=2026-05-09 19:16:00+00:00
[2026-05-09T19:16:54.158+0000] {processor.py:183} INFO - Processing /home/airflow/.local/lib/python3.12/site-packages/airflow/example_dags/example_branch_python_dop_operator_3.py took 0.082 seconds
[2026-05-09T19:17:24.675+0000] {processor.py:161} INFO - Started process (PID=3005) to work on /home/airflow/.local/lib/python3.12/site-packages/airflow/example_dags/example_branch_python_dop_operator_3.py
[2026-05-09T19:17:24.676+0000] {processor.py:830} INFO - Processing file /home/airflow/.local/lib/python3.12/site-packages/airflow/example_dags/example_branch_python_dop_operator_3.py for tasks to queue
[2026-05-09T19:17:24.678+0000] {logging_mixin.py:188} INFO - [2026-05-09T19:17:24.678+0000] {dagbag.py:545} INFO - Filling up the DagBag from /home/airflow/.local/lib/python3.12/site-packages/airflow/example_dags/example_branch_python_dop_operator_3.py
[2026-05-09T19:17:24.686+0000] {processor.py:840} INFO - DAG(s) 'example_branch_dop_operator_v3' retrieved from /home/airflow/.local/lib/python3.12/site-packages/airflow/example_dags/example_branch_python_dop_operator_3.py
[2026-05-09T19:17:24.706+0000] {logging_mixin.py:188} INFO - [2026-05-09T19:17:24.706+0000] {dag.py:3096} INFO - Sync 1 DAGs
[2026-05-09T19:17:24.736+0000] {logging_mixin.py:188} INFO - [2026-05-09T19:17:24.736+0000] {dag.py:3954} INFO - Setting next_dagrun for example_branch_dop_operator_v3 to 2026-05-09 19:16:00+00:00, run_after=2026-05-09 19:17:00+00:00
[2026-05-09T19:17:24.760+0000] {processor.py:183} INFO - Processing /home/airflow/.local/lib/python3.12/site-packages/airflow/example_dags/example_branch_python_dop_operator_3.py took 0.090 seconds
[2026-05-09T19:17:55.273+0000] {processor.py:161} INFO - Started process (PID=3064) to work on /home/airflow/.local/lib/python3.12/site-packages/airflow/example_dags/example_branch_python_dop_operator_3.py
[2026-05-09T19:17:55.274+0000] {processor.py:830} INFO - Processing file /home/airflow/.local/lib/python3.12/site-packages/airflow/example_dags/example_branch_python_dop_operator_3.py for tasks to queue
[2026-05-09T19:17:55.276+0000] {logging_mixin.py:188} INFO - [2026-05-09T19:17:55.276+0000] {dagbag.py:545} INFO - Filling up the DagBag from /home/airflow/.local/lib/python3.12/site-packages/airflow/example_dags/example_branch_python_dop_operator_3.py
[2026-05-09T19:17:55.284+0000] {processor.py:840} INFO - DAG(s) 'example_branch_dop_operator_v3' retrieved from /home/airflow/.local/lib/python3.12/site-packages/airflow/example_dags/example_branch_python_dop_operator_3.py
[2026-05-09T19:17:55.305+0000] {logging_mixin.py:188} INFO - [2026-05-09T19:17:55.304+0000] {dag.py:3096} INFO - Sync 1 DAGs
[2026-05-09T19:17:55.331+0000] {logging_mixin.py:188} INFO - [2026-05-09T19:17:55.330+0000] {dag.py:3954} INFO - Setting next_dagrun for example_branch_dop_operator_v3 to 2026-05-09 19:16:00+00:00, run_after=2026-05-09 19:17:00+00:00
[2026-05-09T19:17:55.355+0000] {processor.py:183} INFO - Processing /home/airflow/.local/lib/python3.12/site-packages/airflow/example_dags/example_branch_python_dop_operator_3.py took 0.088 seconds
[2026-05-09T19:18:25.464+0000] {processor.py:161} INFO - Started process (PID=3123) to work on /home/airflow/.local/lib/python3.12/site-packages/airflow/example_dags/example_branch_python_dop_operator_3.py
[2026-05-09T19:18:25.465+0000] {processor.py:830} INFO - Processing file /home/airflow/.local/lib/python3.12/site-packages/airflow/example_dags/example_branch_python_dop_operator_3.py for tasks to queue
[2026-05-09T19:18:25.467+0000] {logging_mixin.py:188} INFO - [2026-05-09T19:18:25.467+0000] {dagbag.py:545} INFO - Filling up the DagBag from /home/airflow/.local/lib/python3.12/site-packages/airflow/example_dags/example_branch_python_dop_operator_3.py
[2026-05-09T19:18:25.475+0000] {processor.py:840} INFO - DAG(s) 'example_branch_dop_operator_v3' retrieved from /home/airflow/.local/lib/python3.12/site-packages/airflow/example_dags/example_branch_python_dop_operator_3.py
[2026-05-09T19:18:25.496+0000] {logging_mixin.py:188} INFO - [2026-05-09T19:18:25.495+0000] {dag.py:3096} INFO - Sync 1 DAGs
[2026-05-09T19:18:25.520+0000] {logging_mixin.py:188} INFO - [2026-05-09T19:18:25.519+0000] {dag.py:3954} INFO - Setting next_dagrun for example_branch_dop_operator_v3 to 2026-05-09 19:17:00+00:00, run_after=2026-05-09 19:18:00+00:00
[2026-05-09T19:18:25.542+0000] {processor.py:183} INFO - Processing /home/airflow/.local/lib/python3.12/site-packages/airflow/example_dags/example_branch_python_dop_operator_3.py took 0.083 seconds
[2026-05-09T19:18:56.424+0000] {processor.py:161} INFO - Started process (PID=3182) to work on /home/airflow/.local/lib/python3.12/site-packages/airflow/example_dags/example_branch_python_dop_operator_3.py
[2026-05-09T19:18:56.425+0000] {processor.py:830} INFO - Processing file /home/airflow/.local/lib/python3.12/site-packages/airflow/example_dags/example_branch_python_dop_operator_3.py for tasks to queue
[2026-05-09T19:18:56.427+0000] {logging_mixin.py:188} INFO - [2026-05-09T19:18:56.427+0000] {dagbag.py:545} INFO - Filling up the DagBag from /home/airflow/.local/lib/python3.12/site-packages/airflow/example_dags/example_branch_python_dop_operator_3.py
[2026-05-09T19:18:56.435+0000] {processor.py:840} INFO - DAG(s) 'example_branch_dop_operator_v3' retrieved from /home/airflow/.local/lib/python3.12/site-packages/airflow/example_dags/example_branch_python_dop_operator_3.py
[2026-05-09T19:18:56.455+0000] {logging_mixin.py:188} INFO - [2026-05-09T19:18:56.455+0000] {dag.py:3096} INFO - Sync 1 DAGs
[2026-05-09T19:18:56.481+0000] {logging_mixin.py:188} INFO - [2026-05-09T19:18:56.480+0000] {dag.py:3954} INFO - Setting next_dagrun for example_branch_dop_operator_v3 to 2026-05-09 19:17:00+00:00, run_after=2026-05-09 19:18:00+00:00
[2026-05-09T19:18:56.503+0000] {processor.py:183} INFO - Processing /home/airflow/.local/lib/python3.12/site-packages/airflow/example_dags/example_branch_python_dop_operator_3.py took 0.085 seconds
[2026-05-09T19:19:27.895+0000] {processor.py:161} INFO - Started process (PID=3241) to work on /home/airflow/.local/lib/python3.12/site-packages/airflow/example_dags/example_branch_python_dop_operator_3.py
[2026-05-09T19:19:27.896+0000] {processor.py:830} INFO - Processing file /home/airflow/.local/lib/python3.12/site-packages/airflow/example_dags/example_branch_python_dop_operator_3.py for tasks to queue
[2026-05-09T19:19:27.898+0000] {logging_mixin.py:188} INFO - [2026-05-09T19:19:27.898+0000] {dagbag.py:545} INFO - Filling up the DagBag from /home/airflow/.local/lib/python3.12/site-packages/airflow/example_dags/example_branch_python_dop_operator_3.py
[2026-05-09T19:19:27.905+0000] {processor.py:840} INFO - DAG(s) 'example_branch_dop_operator_v3' retrieved from /home/airflow/.local/lib/python3.12/site-packages/airflow/example_dags/example_branch_python_dop_operator_3.py
[2026-05-09T19:19:27.927+0000] {logging_mixin.py:188} INFO - [2026-05-09T19:19:27.926+0000] {dag.py:3096} INFO - Sync 1 DAGs
[2026-05-09T19:19:27.951+0000] {logging_mixin.py:188} INFO - [2026-05-09T19:19:27.951+0000] {dag.py:3954} INFO - Setting next_dagrun for example_branch_dop_operator_v3 to 2026-05-09 19:18:00+00:00, run_after=2026-05-09 19:19:00+00:00
[2026-05-09T19:19:27.977+0000] {processor.py:183} INFO - Processing /home/airflow/.local/lib/python3.12/site-packages/airflow/example_dags/example_branch_python_dop_operator_3.py took 0.088 seconds
[2026-05-09T19:19:58.443+0000] {processor.py:161} INFO - Started process (PID=3300) to work on /home/airflow/.local/lib/python3.12/site-packages/airflow/example_dags/example_branch_python_dop_operator_3.py
[2026-05-09T19:19:58.444+0000] {processor.py:830} INFO - Processing file /home/airflow/.local/lib/python3.12/site-packages/airflow/example_dags/example_branch_python_dop_operator_3.py for tasks to queue
[2026-05-09T19:19:58.446+0000] {logging_mixin.py:188} INFO - [2026-05-09T19:19:58.445+0000] {dagbag.py:545} INFO - Filling up the DagBag from /home/airflow/.local/lib/python3.12/site-packages/airflow/example_dags/example_branch_python_dop_operator_3.py
[2026-05-09T19:19:58.454+0000] {processor.py:840} INFO - DAG(s) 'example_branch_dop_operator_v3' retrieved from /home/airflow/.local/lib/python3.12/site-packages/airflow/example_dags/example_branch_python_dop_operator_3.py
[2026-05-09T19:19:58.473+0000] {logging_mixin.py:188} INFO - [2026-05-09T19:19:58.473+0000] {dag.py:3096} INFO - Sync 1 DAGs
[2026-05-09T19:19:58.499+0000] {logging_mixin.py:188} INFO - [2026-05-09T19:19:58.499+0000] {dag.py:3954} INFO - Setting next_dagrun for example_branch_dop_operator_v3 to 2026-05-09 19:18:00+00:00, run_after=2026-05-09 19:19:00+00:00
[2026-05-09T19:19:58.525+0000] {processor.py:183} INFO - Processing /home/airflow/.local/lib/python3.12/site-packages/airflow/example_dags/example_branch_python_dop_operator_3.py took 0.087 seconds
[2026-05-09T19:20:29.579+0000] {processor.py:161} INFO - Started process (PID=3359) to work on /home/airflow/.local/lib/python3.12/site-packages/airflow/example_dags/example_branch_python_dop_operator_3.py
[2026-05-09T19:20:29.580+0000] {processor.py:830} INFO - Processing file /home/airflow/.local/lib/python3.12/site-packages/airflow/example_dags/example_branch_python_dop_operator_3.py for tasks to queue
[2026-05-09T19:20:29.583+0000] {logging_mixin.py:188} INFO - [2026-05-09T19:20:29.582+0000] {dagbag.py:545} INFO - Filling up the DagBag from /home/airflow/.local/lib/python3.12/site-packages/airflow/example_dags/example_branch_python_dop_operator_3.py
[2026-05-09T19:20:29.590+0000] {processor.py:840} INFO - DAG(s) 'example_branch_dop_operator_v3' retrieved from /home/airflow/.local/lib/python3.12/site-packages/airflow/example_dags/example_branch_python_dop_operator_3.py
[2026-05-09T19:20:29.611+0000] {logging_mixin.py:188} INFO - [2026-05-09T19:20:29.611+0000] {dag.py:3096} INFO - Sync 1 DAGs
[2026-05-09T19:20:29.637+0000] {logging_mixin.py:188} INFO - [2026-05-09T19:20:29.637+0000] {dag.py:3954} INFO - Setting next_dagrun for example_branch_dop_operator_v3 to 2026-05-09 19:19:00+00:00, run_after=2026-05-09 19:20:00+00:00
[2026-05-09T19:20:29.662+0000] {processor.py:183} INFO - Processing /home/airflow/.local/lib/python3.12/site-packages/airflow/example_dags/example_branch_python_dop_operator_3.py took 0.089 seconds
[2026-05-09T19:20:59.905+0000] {processor.py:161} INFO - Started process (PID=3418) to work on /home/airflow/.local/lib/python3.12/site-packages/airflow/example_dags/example_branch_python_dop_operator_3.py
[2026-05-09T19:20:59.906+0000] {processor.py:830} INFO - Processing file /home/airflow/.local/lib/python3.12/site-packages/airflow/example_dags/example_branch_python_dop_operator_3.py for tasks to queue
[2026-05-09T19:20:59.908+0000] {logging_mixin.py:188} INFO - [2026-05-09T19:20:59.908+0000] {dagbag.py:545} INFO - Filling up the DagBag from /home/airflow/.local/lib/python3.12/site-packages/airflow/example_dags/example_branch_python_dop_operator_3.py
[2026-05-09T19:20:59.916+0000] {processor.py:840} INFO - DAG(s) 'example_branch_dop_operator_v3' retrieved from /home/airflow/.local/lib/python3.12/site-packages/airflow/example_dags/example_branch_python_dop_operator_3.py
[2026-05-09T19:20:59.936+0000] {logging_mixin.py:188} INFO - [2026-05-09T19:20:59.936+0000] {dag.py:3096} INFO - Sync 1 DAGs
[2026-05-09T19:20:59.961+0000] {logging_mixin.py:188} INFO - [2026-05-09T19:20:59.961+0000] {dag.py:3954} INFO - Setting next_dagrun for example_branch_dop_operator_v3 to 2026-05-09 19:19:00+00:00, run_after=2026-05-09 19:20:00+00:00
[2026-05-09T19:20:59.985+0000] {processor.py:183} INFO - Processing /home/airflow/.local/lib/python3.12/site-packages/airflow/example_dags/example_branch_python_dop_operator_3.py took 0.084 seconds
[2026-05-09T19:21:31.217+0000] {processor.py:161} INFO - Started process (PID=3477) to work on /home/airflow/.local/lib/python3.12/site-packages/airflow/example_dags/example_branch_python_dop_operator_3.py
[2026-05-09T19:21:31.218+0000] {processor.py:830} INFO - Processing file /home/airflow/.local/lib/python3.12/site-packages/airflow/example_dags/example_branch_python_dop_operator_3.py for tasks to queue
[2026-05-09T19:21:31.221+0000] {logging_mixin.py:188} INFO - [2026-05-09T19:21:31.220+0000] {dagbag.py:545} INFO - Filling up the DagBag from /home/airflow/.local/lib/python3.12/site-packages/airflow/example_dags/example_branch_python_dop_operator_3.py
[2026-05-09T19:21:31.228+0000] {processor.py:840} INFO - DAG(s) 'example_branch_dop_operator_v3' retrieved from /home/airflow/.local/lib/python3.12/site-packages/airflow/example_dags/example_branch_python_dop_operator_3.py
[2026-05-09T19:21:31.248+0000] {logging_mixin.py:188} INFO - [2026-05-09T19:21:31.247+0000] {dag.py:3096} INFO - Sync 1 DAGs
[2026-05-09T19:21:31.272+0000] {logging_mixin.py:188} INFO - [2026-05-09T19:21:31.272+0000] {dag.py:3954} INFO - Setting next_dagrun for example_branch_dop_operator_v3 to 2026-05-09 19:20:00+00:00, run_after=2026-05-09 19:21:00+00:00
[2026-05-09T19:21:31.297+0000] {processor.py:183} INFO - Processing /home/airflow/.local/lib/python3.12/site-packages/airflow/example_dags/example_branch_python_dop_operator_3.py took 0.085 seconds
[2026-05-09T19:22:01.828+0000] {processor.py:161} INFO - Started process (PID=3536) to work on /home/airflow/.local/lib/python3.12/site-packages/airflow/example_dags/example_branch_python_dop_operator_3.py
[2026-05-09T19:22:01.829+0000] {processor.py:830} INFO - Processing file /home/airflow/.local/lib/python3.12/site-packages/airflow/example_dags/example_branch_python_dop_operator_3.py for tasks to queue
[2026-05-09T19:22:01.831+0000] {logging_mixin.py:188} INFO - [2026-05-09T19:22:01.831+0000] {dagbag.py:545} INFO - Filling up the DagBag from /home/airflow/.local/lib/python3.12/site-packages/airflow/example_dags/example_branch_python_dop_operator_3.py
[2026-05-09T19:22:01.839+0000] {processor.py:840} INFO - DAG(s) 'example_branch_dop_operator_v3' retrieved from /home/airflow/.local/lib/python3.12/site-packages/airflow/example_dags/example_branch_python_dop_operator_3.py
[2026-05-09T19:22:01.859+0000] {logging_mixin.py:188} INFO - [2026-05-09T19:22:01.859+0000] {dag.py:3096} INFO - Sync 1 DAGs
[2026-05-09T19:22:01.884+0000] {logging_mixin.py:188} INFO - [2026-05-09T19:22:01.884+0000] {dag.py:3954} INFO - Setting next_dagrun for example_branch_dop_operator_v3 to 2026-05-09 19:21:00+00:00, run_after=2026-05-09 19:22:00+00:00
[2026-05-09T19:22:01.907+0000] {processor.py:183} INFO - Processing /home/airflow/.local/lib/python3.12/site-packages/airflow/example_dags/example_branch_python_dop_operator_3.py took 0.084 seconds
[2026-05-09T19:22:32.966+0000] {processor.py:161} INFO - Started process (PID=3595) to work on /home/airflow/.local/lib/python3.12/site-packages/airflow/example_dags/example_branch_python_dop_operator_3.py
[2026-05-09T19:22:32.967+0000] {processor.py:830} INFO - Processing file /home/airflow/.local/lib/python3.12/site-packages/airflow/example_dags/example_branch_python_dop_operator_3.py for tasks to queue
[2026-05-09T19:22:32.969+0000] {logging_mixin.py:188} INFO - [2026-05-09T19:22:32.969+0000] {dagbag.py:545} INFO - Filling up the DagBag from /home/airflow/.local/lib/python3.12/site-packages/airflow/example_dags/example_branch_python_dop_operator_3.py
[2026-05-09T19:22:32.977+0000] {processor.py:840} INFO - DAG(s) 'example_branch_dop_operator_v3' retrieved from /home/airflow/.local/lib/python3.12/site-packages/airflow/example_dags/example_branch_python_dop_operator_3.py
[2026-05-09T19:22:32.997+0000] {logging_mixin.py:188} INFO - [2026-05-09T19:22:32.996+0000] {dag.py:3096} INFO - Sync 1 DAGs
[2026-05-09T19:22:33.026+0000] {logging_mixin.py:188} INFO - [2026-05-09T19:22:33.026+0000] {dag.py:3954} INFO - Setting next_dagrun for example_branch_dop_operator_v3 to 2026-05-09 19:21:00+00:00, run_after=2026-05-09 19:22:00+00:00
[2026-05-09T19:22:33.052+0000] {processor.py:183} INFO - Processing /home/airflow/.local/lib/python3.12/site-packages/airflow/example_dags/example_branch_python_dop_operator_3.py took 0.092 seconds
[2026-05-09T19:23:03.364+0000] {processor.py:161} INFO - Started process (PID=3654) to work on /home/airflow/.local/lib/python3.12/site-packages/airflow/example_dags/example_branch_python_dop_operator_3.py
[2026-05-09T19:23:03.365+0000] {processor.py:830} INFO - Processing file /home/airflow/.local/lib/python3.12/site-packages/airflow/example_dags/example_branch_python_dop_operator_3.py for tasks to queue
[2026-05-09T19:23:03.367+0000] {logging_mixin.py:188} INFO - [2026-05-09T19:23:03.367+0000] {dagbag.py:545} INFO - Filling up the DagBag from /home/airflow/.local/lib/python3.12/site-packages/airflow/example_dags/example_branch_python_dop_operator_3.py
[2026-05-09T19:23:03.375+0000] {processor.py:840} INFO - DAG(s) 'example_branch_dop_operator_v3' retrieved from /home/airflow/.local/lib/python3.12/site-packages/airflow/example_dags/example_branch_python_dop_operator_3.py
[2026-05-09T19:23:03.396+0000] {logging_mixin.py:188} INFO - [2026-05-09T19:23:03.395+0000] {dag.py:3096} INFO - Sync 1 DAGs
[2026-05-09T19:23:03.420+0000] {logging_mixin.py:188} INFO - [2026-05-09T19:23:03.420+0000] {dag.py:3954} INFO - Setting next_dagrun for example_branch_dop_operator_v3 to 2026-05-09 19:22:00+00:00, run_after=2026-05-09 19:23:00+00:00
[2026-05-09T19:23:03.444+0000] {processor.py:183} INFO - Processing /home/airflow/.local/lib/python3.12/site-packages/airflow/example_dags/example_branch_python_dop_operator_3.py took 0.085 seconds
[2026-05-09T19:23:33.748+0000] {processor.py:161} INFO - Started process (PID=3713) to work on /home/airflow/.local/lib/python3.12/site-packages/airflow/example_dags/example_branch_python_dop_operator_3.py
[2026-05-09T19:23:33.749+0000] {processor.py:830} INFO - Processing file /home/airflow/.local/lib/python3.12/site-packages/airflow/example_dags/example_branch_python_dop_operator_3.py for tasks to queue
[2026-05-09T19:23:33.756+0000] {logging_mixin.py:188} INFO - [2026-05-09T19:23:33.756+0000] {dagbag.py:545} INFO - Filling up the DagBag from /home/airflow/.local/lib/python3.12/site-packages/airflow/example_dags/example_branch_python_dop_operator_3.py
[2026-05-09T19:23:33.768+0000] {processor.py:840} INFO - DAG(s) 'example_branch_dop_operator_v3' retrieved from /home/airflow/.local/lib/python3.12/site-packages/airflow/example_dags/example_branch_python_dop_operator_3.py
[2026-05-09T19:23:33.799+0000] {logging_mixin.py:188} INFO - [2026-05-09T19:23:33.799+0000] {dag.py:3096} INFO - Sync 1 DAGs
[2026-05-09T19:23:33.831+0000] {logging_mixin.py:188} INFO - [2026-05-09T19:23:33.831+0000] {dag.py:3954} INFO - Setting next_dagrun for example_branch_dop_operator_v3 to 2026-05-09 19:22:00+00:00, run_after=2026-05-09 19:23:00+00:00
[2026-05-09T19:23:33.859+0000] {processor.py:183} INFO - Processing /home/airflow/.local/lib/python3.12/site-packages/airflow/example_dags/example_branch_python_dop_operator_3.py took 0.122 seconds
[2026-05-09T19:24:05.237+0000] {processor.py:161} INFO - Started process (PID=3772) to work on /home/airflow/.local/lib/python3.12/site-packages/airflow/example_dags/example_branch_python_dop_operator_3.py
[2026-05-09T19:24:05.239+0000] {processor.py:830} INFO - Processing file /home/airflow/.local/lib/python3.12/site-packages/airflow/example_dags/example_branch_python_dop_operator_3.py for tasks to queue
[2026-05-09T19:24:05.241+0000] {logging_mixin.py:188} INFO - [2026-05-09T19:24:05.240+0000] {dagbag.py:545} INFO - Filling up the DagBag from /home/airflow/.local/lib/python3.12/site-packages/airflow/example_dags/example_branch_python_dop_operator_3.py
[2026-05-09T19:24:05.249+0000] {processor.py:840} INFO - DAG(s) 'example_branch_dop_operator_v3' retrieved from /home/airflow/.local/lib/python3.12/site-packages/airflow/example_dags/example_branch_python_dop_operator_3.py
[2026-05-09T19:24:05.272+0000] {logging_mixin.py:188} INFO - [2026-05-09T19:24:05.272+0000] {dag.py:3096} INFO - Sync 1 DAGs
[2026-05-09T19:24:05.299+0000] {logging_mixin.py:188} INFO - [2026-05-09T19:24:05.299+0000] {dag.py:3954} INFO - Setting next_dagrun for example_branch_dop_operator_v3 to 2026-05-09 19:23:00+00:00, run_after=2026-05-09 19:24:00+00:00
[2026-05-09T19:24:05.330+0000] {processor.py:183} INFO - Processing /home/airflow/.local/lib/python3.12/site-packages/airflow/example_dags/example_branch_python_dop_operator_3.py took 0.099 seconds
[2026-05-09T19:24:35.456+0000] {processor.py:161} INFO - Started process (PID=3831) to work on /home/airflow/.local/lib/python3.12/site-packages/airflow/example_dags/example_branch_python_dop_operator_3.py
[2026-05-09T19:24:35.457+0000] {processor.py:830} INFO - Processing file /home/airflow/.local/lib/python3.12/site-packages/airflow/example_dags/example_branch_python_dop_operator_3.py for tasks to queue
[2026-05-09T19:24:35.460+0000] {logging_mixin.py:188} INFO - [2026-05-09T19:24:35.459+0000] {dagbag.py:545} INFO - Filling up the DagBag from /home/airflow/.local/lib/python3.12/site-packages/airflow/example_dags/example_branch_python_dop_operator_3.py
[2026-05-09T19:24:35.468+0000] {processor.py:840} INFO - DAG(s) 'example_branch_dop_operator_v3' retrieved from /home/airflow/.local/lib/python3.12/site-packages/airflow/example_dags/example_branch_python_dop_operator_3.py
[2026-05-09T19:24:35.487+0000] {logging_mixin.py:188} INFO - [2026-05-09T19:24:35.487+0000] {dag.py:3096} INFO - Sync 1 DAGs
[2026-05-09T19:24:35.511+0000] {logging_mixin.py:188} INFO - [2026-05-09T19:24:35.511+0000] {dag.py:3954} INFO - Setting next_dagrun for example_branch_dop_operator_v3 to 2026-05-09 19:23:00+00:00, run_after=2026-05-09 19:24:00+00:00
[2026-05-09T19:24:35.536+0000] {processor.py:183} INFO - Processing /home/airflow/.local/lib/python3.12/site-packages/airflow/example_dags/example_branch_python_dop_operator_3.py took 0.084 seconds
[2026-05-09T19:25:06.789+0000] {processor.py:161} INFO - Started process (PID=3890) to work on /home/airflow/.local/lib/python3.12/site-packages/airflow/example_dags/example_branch_python_dop_operator_3.py
[2026-05-09T19:25:06.790+0000] {processor.py:830} INFO - Processing file /home/airflow/.local/lib/python3.12/site-packages/airflow/example_dags/example_branch_python_dop_operator_3.py for tasks to queue
[2026-05-09T19:25:06.792+0000] {logging_mixin.py:188} INFO - [2026-05-09T19:25:06.792+0000] {dagbag.py:545} INFO - Filling up the DagBag from /home/airflow/.local/lib/python3.12/site-packages/airflow/example_dags/example_branch_python_dop_operator_3.py
[2026-05-09T19:25:06.800+0000] {processor.py:840} INFO - DAG(s) 'example_branch_dop_operator_v3' retrieved from /home/airflow/.local/lib/python3.12/site-packages/airflow/example_dags/example_branch_python_dop_operator_3.py
[2026-05-09T19:25:06.819+0000] {logging_mixin.py:188} INFO - [2026-05-09T19:25:06.819+0000] {dag.py:3096} INFO - Sync 1 DAGs
[2026-05-09T19:25:06.844+0000] {logging_mixin.py:188} INFO - [2026-05-09T19:25:06.844+0000] {dag.py:3954} INFO - Setting next_dagrun for example_branch_dop_operator_v3 to 2026-05-09 19:24:00+00:00, run_after=2026-05-09 19:25:00+00:00
[2026-05-09T19:25:06.868+0000] {processor.py:183} INFO - Processing /home/airflow/.local/lib/python3.12/site-packages/airflow/example_dags/example_branch_python_dop_operator_3.py took 0.084 seconds
[2026-05-09T19:25:37.514+0000] {processor.py:161} INFO - Started process (PID=3949) to work on /home/airflow/.local/lib/python3.12/site-packages/airflow/example_dags/example_branch_python_dop_operator_3.py
[2026-05-09T19:25:37.516+0000] {processor.py:830} INFO - Processing file /home/airflow/.local/lib/python3.12/site-packages/airflow/example_dags/example_branch_python_dop_operator_3.py for tasks to queue
[2026-05-09T19:25:37.520+0000] {logging_mixin.py:188} INFO - [2026-05-09T19:25:37.520+0000] {dagbag.py:545} INFO - Filling up the DagBag from /home/airflow/.local/lib/python3.12/site-packages/airflow/example_dags/example_branch_python_dop_operator_3.py
[2026-05-09T19:25:37.531+0000] {processor.py:840} INFO - DAG(s) 'example_branch_dop_operator_v3' retrieved from /home/airflow/.local/lib/python3.12/site-packages/airflow/example_dags/example_branch_python_dop_operator_3.py
[2026-05-09T19:25:37.557+0000] {logging_mixin.py:188} INFO - [2026-05-09T19:25:37.557+0000] {dag.py:3096} INFO - Sync 1 DAGs
[2026-05-09T19:25:37.588+0000] {logging_mixin.py:188} INFO - [2026-05-09T19:25:37.588+0000] {dag.py:3954} INFO - Setting next_dagrun for example_branch_dop_operator_v3 to 2026-05-09 19:24:00+00:00, run_after=2026-05-09 19:25:00+00:00
[2026-05-09T19:25:37.633+0000] {processor.py:183} INFO - Processing /home/airflow/.local/lib/python3.12/site-packages/airflow/example_dags/example_branch_python_dop_operator_3.py took 0.127 seconds
[2026-05-09T19:26:07.848+0000] {processor.py:161} INFO - Started process (PID=4008) to work on /home/airflow/.local/lib/python3.12/site-packages/airflow/example_dags/example_branch_python_dop_operator_3.py
[2026-05-09T19:26:07.850+0000] {processor.py:830} INFO - Processing file /home/airflow/.local/lib/python3.12/site-packages/airflow/example_dags/example_branch_python_dop_operator_3.py for tasks to queue
[2026-05-09T19:26:07.852+0000] {logging_mixin.py:188} INFO - [2026-05-09T19:26:07.852+0000] {dagbag.py:545} INFO - Filling up the DagBag from /home/airflow/.local/lib/python3.12/site-packages/airflow/example_dags/example_branch_python_dop_operator_3.py
[2026-05-09T19:26:07.859+0000] {processor.py:840} INFO - DAG(s) 'example_branch_dop_operator_v3' retrieved from /home/airflow/.local/lib/python3.12/site-packages/airflow/example_dags/example_branch_python_dop_operator_3.py
[2026-05-09T19:26:07.880+0000] {logging_mixin.py:188} INFO - [2026-05-09T19:26:07.880+0000] {dag.py:3096} INFO - Sync 1 DAGs
[2026-05-09T19:26:07.905+0000] {logging_mixin.py:188} INFO - [2026-05-09T19:26:07.905+0000] {dag.py:3954} INFO - Setting next_dagrun for example_branch_dop_operator_v3 to 2026-05-09 19:25:00+00:00, run_after=2026-05-09 19:26:00+00:00
[2026-05-09T19:26:07.931+0000] {processor.py:183} INFO - Processing /home/airflow/.local/lib/python3.12/site-packages/airflow/example_dags/example_branch_python_dop_operator_3.py took 0.089 seconds
[2026-05-09T19:26:38.859+0000] {processor.py:161} INFO - Started process (PID=4067) to work on /home/airflow/.local/lib/python3.12/site-packages/airflow/example_dags/example_branch_python_dop_operator_3.py
[2026-05-09T19:26:38.860+0000] {processor.py:830} INFO - Processing file /home/airflow/.local/lib/python3.12/site-packages/airflow/example_dags/example_branch_python_dop_operator_3.py for tasks to queue
[2026-05-09T19:26:38.862+0000] {logging_mixin.py:188} INFO - [2026-05-09T19:26:38.862+0000] {dagbag.py:545} INFO - Filling up the DagBag from /home/airflow/.local/lib/python3.12/site-packages/airflow/example_dags/example_branch_python_dop_operator_3.py
[2026-05-09T19:26:38.869+0000] {processor.py:840} INFO - DAG(s) 'example_branch_dop_operator_v3' retrieved from /home/airflow/.local/lib/python3.12/site-packages/airflow/example_dags/example_branch_python_dop_operator_3.py
[2026-05-09T19:26:38.889+0000] {logging_mixin.py:188} INFO - [2026-05-09T19:26:38.888+0000] {dag.py:3096} INFO - Sync 1 DAGs
[2026-05-09T19:26:38.913+0000] {logging_mixin.py:188} INFO - [2026-05-09T19:26:38.913+0000] {dag.py:3954} INFO - Setting next_dagrun for example_branch_dop_operator_v3 to 2026-05-09 19:25:00+00:00, run_after=2026-05-09 19:26:00+00:00
[2026-05-09T19:26:38.938+0000] {processor.py:183} INFO - Processing /home/airflow/.local/lib/python3.12/site-packages/airflow/example_dags/example_branch_python_dop_operator_3.py took 0.085 seconds
[2026-05-09T19:27:09.248+0000] {processor.py:161} INFO - Started process (PID=4126) to work on /home/airflow/.local/lib/python3.12/site-packages/airflow/example_dags/example_branch_python_dop_operator_3.py
[2026-05-09T19:27:09.250+0000] {processor.py:830} INFO - Processing file /home/airflow/.local/lib/python3.12/site-packages/airflow/example_dags/example_branch_python_dop_operator_3.py for tasks to queue
[2026-05-09T19:27:09.252+0000] {logging_mixin.py:188} INFO - [2026-05-09T19:27:09.251+0000] {dagbag.py:545} INFO - Filling up the DagBag from /home/airflow/.local/lib/python3.12/site-packages/airflow/example_dags/example_branch_python_dop_operator_3.py
[2026-05-09T19:27:09.260+0000] {processor.py:840} INFO - DAG(s) 'example_branch_dop_operator_v3' retrieved from /home/airflow/.local/lib/python3.12/site-packages/airflow/example_dags/example_branch_python_dop_operator_3.py
[2026-05-09T19:27:09.282+0000] {logging_mixin.py:188} INFO - [2026-05-09T19:27:09.282+0000] {dag.py:3096} INFO - Sync 1 DAGs
[2026-05-09T19:27:09.306+0000] {logging_mixin.py:188} INFO - [2026-05-09T19:27:09.306+0000] {dag.py:3954} INFO - Setting next_dagrun for example_branch_dop_operator_v3 to 2026-05-09 19:26:00+00:00, run_after=2026-05-09 19:27:00+00:00
[2026-05-09T19:27:09.329+0000] {processor.py:183} INFO - Processing /home/airflow/.local/lib/python3.12/site-packages/airflow/example_dags/example_branch_python_dop_operator_3.py took 0.086 seconds
[2026-05-09T19:27:40.636+0000] {processor.py:161} INFO - Started process (PID=4185) to work on /home/airflow/.local/lib/python3.12/site-packages/airflow/example_dags/example_branch_python_dop_operator_3.py
[2026-05-09T19:27:40.637+0000] {processor.py:830} INFO - Processing file /home/airflow/.local/lib/python3.12/site-packages/airflow/example_dags/example_branch_python_dop_operator_3.py for tasks to queue
[2026-05-09T19:27:40.639+0000] {logging_mixin.py:188} INFO - [2026-05-09T19:27:40.638+0000] {dagbag.py:545} INFO - Filling up the DagBag from /home/airflow/.local/lib/python3.12/site-packages/airflow/example_dags/example_branch_python_dop_operator_3.py
[2026-05-09T19:27:40.646+0000] {processor.py:840} INFO - DAG(s) 'example_branch_dop_operator_v3' retrieved from /home/airflow/.local/lib/python3.12/site-packages/airflow/example_dags/example_branch_python_dop_operator_3.py
[2026-05-09T19:27:40.665+0000] {logging_mixin.py:188} INFO - [2026-05-09T19:27:40.665+0000] {dag.py:3096} INFO - Sync 1 DAGs
[2026-05-09T19:27:40.690+0000] {logging_mixin.py:188} INFO - [2026-05-09T19:27:40.689+0000] {dag.py:3954} INFO - Setting next_dagrun for example_branch_dop_operator_v3 to 2026-05-09 19:26:00+00:00, run_after=2026-05-09 19:27:00+00:00
[2026-05-09T19:27:40.714+0000] {processor.py:183} INFO - Processing /home/airflow/.local/lib/python3.12/site-packages/airflow/example_dags/example_branch_python_dop_operator_3.py took 0.083 seconds
[2026-05-09T19:28:11.152+0000] {processor.py:161} INFO - Started process (PID=4244) to work on /home/airflow/.local/lib/python3.12/site-packages/airflow/example_dags/example_branch_python_dop_operator_3.py
[2026-05-09T19:28:11.153+0000] {processor.py:830} INFO - Processing file /home/airflow/.local/lib/python3.12/site-packages/airflow/example_dags/example_branch_python_dop_operator_3.py for tasks to queue
[2026-05-09T19:28:11.155+0000] {logging_mixin.py:188} INFO - [2026-05-09T19:28:11.155+0000] {dagbag.py:545} INFO - Filling up the DagBag from /home/airflow/.local/lib/python3.12/site-packages/airflow/example_dags/example_branch_python_dop_operator_3.py
[2026-05-09T19:28:11.163+0000] {processor.py:840} INFO - DAG(s) 'example_branch_dop_operator_v3' retrieved from /home/airflow/.local/lib/python3.12/site-packages/airflow/example_dags/example_branch_python_dop_operator_3.py
[2026-05-09T19:28:11.182+0000] {logging_mixin.py:188} INFO - [2026-05-09T19:28:11.182+0000] {dag.py:3096} INFO - Sync 1 DAGs
[2026-05-09T19:28:11.206+0000] {logging_mixin.py:188} INFO - [2026-05-09T19:28:11.206+0000] {dag.py:3954} INFO - Setting next_dagrun for example_branch_dop_operator_v3 to 2026-05-09 19:27:00+00:00, run_after=2026-05-09 19:28:00+00:00
[2026-05-09T19:28:11.233+0000] {processor.py:183} INFO - Processing /home/airflow/.local/lib/python3.12/site-packages/airflow/example_dags/example_branch_python_dop_operator_3.py took 0.086 seconds
[2026-05-09T19:28:41.765+0000] {processor.py:161} INFO - Started process (PID=4303) to work on /home/airflow/.local/lib/python3.12/site-packages/airflow/example_dags/example_branch_python_dop_operator_3.py
[2026-05-09T19:28:41.766+0000] {processor.py:830} INFO - Processing file /home/airflow/.local/lib/python3.12/site-packages/airflow/example_dags/example_branch_python_dop_operator_3.py for tasks to queue
[2026-05-09T19:28:41.768+0000] {logging_mixin.py:188} INFO - [2026-05-09T19:28:41.768+0000] {dagbag.py:545} INFO - Filling up the DagBag from /home/airflow/.local/lib/python3.12/site-packages/airflow/example_dags/example_branch_python_dop_operator_3.py
[2026-05-09T19:28:41.777+0000] {processor.py:840} INFO - DAG(s) 'example_branch_dop_operator_v3' retrieved from /home/airflow/.local/lib/python3.12/site-packages/airflow/example_dags/example_branch_python_dop_operator_3.py
[2026-05-09T19:28:41.798+0000] {logging_mixin.py:188} INFO - [2026-05-09T19:28:41.798+0000] {dag.py:3096} INFO - Sync 1 DAGs
[2026-05-09T19:28:41.825+0000] {logging_mixin.py:188} INFO - [2026-05-09T19:28:41.825+0000] {dag.py:3954} INFO - Setting next_dagrun for example_branch_dop_operator_v3 to 2026-05-09 19:27:00+00:00, run_after=2026-05-09 19:28:00+00:00
[2026-05-09T19:28:41.852+0000] {processor.py:183} INFO - Processing /home/airflow/.local/lib/python3.12/site-packages/airflow/example_dags/example_branch_python_dop_operator_3.py took 0.092 seconds
[2026-05-09T19:29:12.687+0000] {processor.py:161} INFO - Started process (PID=4362) to work on /home/airflow/.local/lib/python3.12/site-packages/airflow/example_dags/example_branch_python_dop_operator_3.py
[2026-05-09T19:29:12.688+0000] {processor.py:830} INFO - Processing file /home/airflow/.local/lib/python3.12/site-packages/airflow/example_dags/example_branch_python_dop_operator_3.py for tasks to queue
[2026-05-09T19:29:12.690+0000] {logging_mixin.py:188} INFO - [2026-05-09T19:29:12.690+0000] {dagbag.py:545} INFO - Filling up the DagBag from /home/airflow/.local/lib/python3.12/site-packages/airflow/example_dags/example_branch_python_dop_operator_3.py
[2026-05-09T19:29:12.698+0000] {processor.py:840} INFO - DAG(s) 'example_branch_dop_operator_v3' retrieved from /home/airflow/.local/lib/python3.12/site-packages/airflow/example_dags/example_branch_python_dop_operator_3.py
[2026-05-09T19:29:12.719+0000] {logging_mixin.py:188} INFO - [2026-05-09T19:29:12.719+0000] {dag.py:3096} INFO - Sync 1 DAGs
[2026-05-09T19:29:12.743+0000] {logging_mixin.py:188} INFO - [2026-05-09T19:29:12.743+0000] {dag.py:3954} INFO - Setting next_dagrun for example_branch_dop_operator_v3 to 2026-05-09 19:28:00+00:00, run_after=2026-05-09 19:29:00+00:00
[2026-05-09T19:29:12.766+0000] {processor.py:183} INFO - Processing /home/airflow/.local/lib/python3.12/site-packages/airflow/example_dags/example_branch_python_dop_operator_3.py took 0.085 seconds
[2026-05-09T19:29:43.526+0000] {processor.py:161} INFO - Started process (PID=4421) to work on /home/airflow/.local/lib/python3.12/site-packages/airflow/example_dags/example_branch_python_dop_operator_3.py
[2026-05-09T19:29:43.527+0000] {processor.py:830} INFO - Processing file /home/airflow/.local/lib/python3.12/site-packages/airflow/example_dags/example_branch_python_dop_operator_3.py for tasks to queue
[2026-05-09T19:29:43.530+0000] {logging_mixin.py:188} INFO - [2026-05-09T19:29:43.529+0000] {dagbag.py:545} INFO - Filling up the DagBag from /home/airflow/.local/lib/python3.12/site-packages/airflow/example_dags/example_branch_python_dop_operator_3.py
[2026-05-09T19:29:43.539+0000] {processor.py:840} INFO - DAG(s) 'example_branch_dop_operator_v3' retrieved from /home/airflow/.local/lib/python3.12/site-packages/airflow/example_dags/example_branch_python_dop_operator_3.py
[2026-05-09T19:29:43.561+0000] {logging_mixin.py:188} INFO - [2026-05-09T19:29:43.561+0000] {dag.py:3096} INFO - Sync 1 DAGs
[2026-05-09T19:29:43.586+0000] {logging_mixin.py:188} INFO - [2026-05-09T19:29:43.585+0000] {dag.py:3954} INFO - Setting next_dagrun for example_branch_dop_operator_v3 to 2026-05-09 19:28:00+00:00, run_after=2026-05-09 19:29:00+00:00
[2026-05-09T19:29:43.610+0000] {processor.py:183} INFO - Processing /home/airflow/.local/lib/python3.12/site-packages/airflow/example_dags/example_branch_python_dop_operator_3.py took 0.090 seconds
[2026-05-09T19:30:14.375+0000] {processor.py:161} INFO - Started process (PID=4480) to work on /home/airflow/.local/lib/python3.12/site-packages/airflow/example_dags/example_branch_python_dop_operator_3.py
[2026-05-09T19:30:14.376+0000] {processor.py:830} INFO - Processing file /home/airflow/.local/lib/python3.12/site-packages/airflow/example_dags/example_branch_python_dop_operator_3.py for tasks to queue
[2026-05-09T19:30:14.378+0000] {logging_mixin.py:188} INFO - [2026-05-09T19:30:14.378+0000] {dagbag.py:545} INFO - Filling up the DagBag from /home/airflow/.local/lib/python3.12/site-packages/airflow/example_dags/example_branch_python_dop_operator_3.py
[2026-05-09T19:30:14.389+0000] {processor.py:840} INFO - DAG(s) 'example_branch_dop_operator_v3' retrieved from /home/airflow/.local/lib/python3.12/site-packages/airflow/example_dags/example_branch_python_dop_operator_3.py
[2026-05-09T19:30:14.416+0000] {logging_mixin.py:188} INFO - [2026-05-09T19:30:14.415+0000] {dag.py:3096} INFO - Sync 1 DAGs
[2026-05-09T19:30:14.451+0000] {logging_mixin.py:188} INFO - [2026-05-09T19:30:14.451+0000] {dag.py:3954} INFO - Setting next_dagrun for example_branch_dop_operator_v3 to 2026-05-09 19:29:00+00:00, run_after=2026-05-09 19:30:00+00:00
[2026-05-09T19:30:14.483+0000] {processor.py:183} INFO - Processing /home/airflow/.local/lib/python3.12/site-packages/airflow/example_dags/example_branch_python_dop_operator_3.py took 0.115 seconds
[2026-05-09T19:30:45.109+0000] {processor.py:161} INFO - Started process (PID=4539) to work on /home/airflow/.local/lib/python3.12/site-packages/airflow/example_dags/example_branch_python_dop_operator_3.py
[2026-05-09T19:30:45.110+0000] {processor.py:830} INFO - Processing file /home/airflow/.local/lib/python3.12/site-packages/airflow/example_dags/example_branch_python_dop_operator_3.py for tasks to queue
[2026-05-09T19:30:45.112+0000] {logging_mixin.py:188} INFO - [2026-05-09T19:30:45.112+0000] {dagbag.py:545} INFO - Filling up the DagBag from /home/airflow/.local/lib/python3.12/site-packages/airflow/example_dags/example_branch_python_dop_operator_3.py
[2026-05-09T19:30:45.120+0000] {processor.py:840} INFO - DAG(s) 'example_branch_dop_operator_v3' retrieved from /home/airflow/.local/lib/python3.12/site-packages/airflow/example_dags/example_branch_python_dop_operator_3.py
[2026-05-09T19:30:45.140+0000] {logging_mixin.py:188} INFO - [2026-05-09T19:30:45.140+0000] {dag.py:3096} INFO - Sync 1 DAGs
[2026-05-09T19:30:45.167+0000] {logging_mixin.py:188} INFO - [2026-05-09T19:30:45.167+0000] {dag.py:3954} INFO - Setting next_dagrun for example_branch_dop_operator_v3 to 2026-05-09 19:29:00+00:00, run_after=2026-05-09 19:30:00+00:00
[2026-05-09T19:30:45.189+0000] {processor.py:183} INFO - Processing /home/airflow/.local/lib/python3.12/site-packages/airflow/example_dags/example_branch_python_dop_operator_3.py took 0.085 seconds
[2026-05-09T19:31:15.906+0000] {processor.py:161} INFO - Started process (PID=4598) to work on /home/airflow/.local/lib/python3.12/site-packages/airflow/example_dags/example_branch_python_dop_operator_3.py
[2026-05-09T19:31:15.907+0000] {processor.py:830} INFO - Processing file /home/airflow/.local/lib/python3.12/site-packages/airflow/example_dags/example_branch_python_dop_operator_3.py for tasks to queue
[2026-05-09T19:31:15.909+0000] {logging_mixin.py:188} INFO - [2026-05-09T19:31:15.909+0000] {dagbag.py:545} INFO - Filling up the DagBag from /home/airflow/.local/lib/python3.12/site-packages/airflow/example_dags/example_branch_python_dop_operator_3.py
[2026-05-09T19:31:15.917+0000] {processor.py:840} INFO - DAG(s) 'example_branch_dop_operator_v3' retrieved from /home/airflow/.local/lib/python3.12/site-packages/airflow/example_dags/example_branch_python_dop_operator_3.py
[2026-05-09T19:31:15.938+0000] {logging_mixin.py:188} INFO - [2026-05-09T19:31:15.937+0000] {dag.py:3096} INFO - Sync 1 DAGs
[2026-05-09T19:31:15.964+0000] {logging_mixin.py:188} INFO - [2026-05-09T19:31:15.964+0000] {dag.py:3954} INFO - Setting next_dagrun for example_branch_dop_operator_v3 to 2026-05-09 19:30:00+00:00, run_after=2026-05-09 19:31:00+00:00
[2026-05-09T19:31:15.989+0000] {processor.py:183} INFO - Processing /home/airflow/.local/lib/python3.12/site-packages/airflow/example_dags/example_branch_python_dop_operator_3.py took 0.089 seconds
[2026-05-09T19:31:46.678+0000] {processor.py:161} INFO - Started process (PID=4657) to work on /home/airflow/.local/lib/python3.12/site-packages/airflow/example_dags/example_branch_python_dop_operator_3.py
[2026-05-09T19:31:46.679+0000] {processor.py:830} INFO - Processing file /home/airflow/.local/lib/python3.12/site-packages/airflow/example_dags/example_branch_python_dop_operator_3.py for tasks to queue
[2026-05-09T19:31:46.681+0000] {logging_mixin.py:188} INFO - [2026-05-09T19:31:46.680+0000] {dagbag.py:545} INFO - Filling up the DagBag from /home/airflow/.local/lib/python3.12/site-packages/airflow/example_dags/example_branch_python_dop_operator_3.py
[2026-05-09T19:31:46.689+0000] {processor.py:840} INFO - DAG(s) 'example_branch_dop_operator_v3' retrieved from /home/airflow/.local/lib/python3.12/site-packages/airflow/example_dags/example_branch_python_dop_operator_3.py
[2026-05-09T19:31:46.713+0000] {logging_mixin.py:188} INFO - [2026-05-09T19:31:46.712+0000] {dag.py:3096} INFO - Sync 1 DAGs
[2026-05-09T19:31:46.738+0000] {logging_mixin.py:188} INFO - [2026-05-09T19:31:46.737+0000] {dag.py:3954} INFO - Setting next_dagrun for example_branch_dop_operator_v3 to 2026-05-09 19:30:00+00:00, run_after=2026-05-09 19:31:00+00:00
[2026-05-09T19:31:46.763+0000] {processor.py:183} INFO - Processing /home/airflow/.local/lib/python3.12/site-packages/airflow/example_dags/example_branch_python_dop_operator_3.py took 0.091 seconds
[2026-05-09T19:32:17.590+0000] {processor.py:161} INFO - Started process (PID=4716) to work on /home/airflow/.local/lib/python3.12/site-packages/airflow/example_dags/example_branch_python_dop_operator_3.py
[2026-05-09T19:32:17.591+0000] {processor.py:830} INFO - Processing file /home/airflow/.local/lib/python3.12/site-packages/airflow/example_dags/example_branch_python_dop_operator_3.py for tasks to queue
[2026-05-09T19:32:17.593+0000] {logging_mixin.py:188} INFO - [2026-05-09T19:32:17.593+0000] {dagbag.py:545} INFO - Filling up the DagBag from /home/airflow/.local/lib/python3.12/site-packages/airflow/example_dags/example_branch_python_dop_operator_3.py
[2026-05-09T19:32:17.603+0000] {processor.py:840} INFO - DAG(s) 'example_branch_dop_operator_v3' retrieved from /home/airflow/.local/lib/python3.12/site-packages/airflow/example_dags/example_branch_python_dop_operator_3.py
[2026-05-09T19:32:17.626+0000] {logging_mixin.py:188} INFO - [2026-05-09T19:32:17.625+0000] {dag.py:3096} INFO - Sync 1 DAGs
[2026-05-09T19:32:17.653+0000] {logging_mixin.py:188} INFO - [2026-05-09T19:32:17.652+0000] {dag.py:3954} INFO - Setting next_dagrun for example_branch_dop_operator_v3 to 2026-05-09 19:31:00+00:00, run_after=2026-05-09 19:32:00+00:00
[2026-05-09T19:32:17.683+0000] {processor.py:183} INFO - Processing /home/airflow/.local/lib/python3.12/site-packages/airflow/example_dags/example_branch_python_dop_operator_3.py took 0.099 seconds
[2026-05-09T19:32:49.055+0000] {processor.py:161} INFO - Started process (PID=4776) to work on /home/airflow/.local/lib/python3.12/site-packages/airflow/example_dags/example_branch_python_dop_operator_3.py
[2026-05-09T19:32:49.056+0000] {processor.py:830} INFO - Processing file /home/airflow/.local/lib/python3.12/site-packages/airflow/example_dags/example_branch_python_dop_operator_3.py for tasks to queue
[2026-05-09T19:32:49.058+0000] {logging_mixin.py:188} INFO - [2026-05-09T19:32:49.058+0000] {dagbag.py:545} INFO - Filling up the DagBag from /home/airflow/.local/lib/python3.12/site-packages/airflow/example_dags/example_branch_python_dop_operator_3.py
[2026-05-09T19:32:49.066+0000] {processor.py:840} INFO - DAG(s) 'example_branch_dop_operator_v3' retrieved from /home/airflow/.local/lib/python3.12/site-packages/airflow/example_dags/example_branch_python_dop_operator_3.py
[2026-05-09T19:32:49.089+0000] {logging_mixin.py:188} INFO - [2026-05-09T19:32:49.088+0000] {dag.py:3096} INFO - Sync 1 DAGs
[2026-05-09T19:32:49.114+0000] {logging_mixin.py:188} INFO - [2026-05-09T19:32:49.114+0000] {dag.py:3954} INFO - Setting next_dagrun for example_branch_dop_operator_v3 to 2026-05-09 19:31:00+00:00, run_after=2026-05-09 19:32:00+00:00
[2026-05-09T19:32:49.137+0000] {processor.py:183} INFO - Processing /home/airflow/.local/lib/python3.12/site-packages/airflow/example_dags/example_branch_python_dop_operator_3.py took 0.087 seconds
[2026-05-09T19:33:19.932+0000] {processor.py:161} INFO - Started process (PID=4835) to work on /home/airflow/.local/lib/python3.12/site-packages/airflow/example_dags/example_branch_python_dop_operator_3.py
[2026-05-09T19:33:19.934+0000] {processor.py:830} INFO - Processing file /home/airflow/.local/lib/python3.12/site-packages/airflow/example_dags/example_branch_python_dop_operator_3.py for tasks to queue
[2026-05-09T19:33:19.938+0000] {logging_mixin.py:188} INFO - [2026-05-09T19:33:19.937+0000] {dagbag.py:545} INFO - Filling up the DagBag from /home/airflow/.local/lib/python3.12/site-packages/airflow/example_dags/example_branch_python_dop_operator_3.py
[2026-05-09T19:33:19.948+0000] {processor.py:840} INFO - DAG(s) 'example_branch_dop_operator_v3' retrieved from /home/airflow/.local/lib/python3.12/site-packages/airflow/example_dags/example_branch_python_dop_operator_3.py
[2026-05-09T19:33:19.973+0000] {logging_mixin.py:188} INFO - [2026-05-09T19:33:19.973+0000] {dag.py:3096} INFO - Sync 1 DAGs
[2026-05-09T19:33:20.005+0000] {logging_mixin.py:188} INFO - [2026-05-09T19:33:20.005+0000] {dag.py:3954} INFO - Setting next_dagrun for example_branch_dop_operator_v3 to 2026-05-09 19:32:00+00:00, run_after=2026-05-09 19:33:00+00:00
[2026-05-09T19:33:20.042+0000] {processor.py:183} INFO - Processing /home/airflow/.local/lib/python3.12/site-packages/airflow/example_dags/example_branch_python_dop_operator_3.py took 0.118 seconds
[2026-05-09T19:33:50.262+0000] {processor.py:161} INFO - Started process (PID=4894) to work on /home/airflow/.local/lib/python3.12/site-packages/airflow/example_dags/example_branch_python_dop_operator_3.py
[2026-05-09T19:33:50.264+0000] {processor.py:830} INFO - Processing file /home/airflow/.local/lib/python3.12/site-packages/airflow/example_dags/example_branch_python_dop_operator_3.py for tasks to queue
[2026-05-09T19:33:50.267+0000] {logging_mixin.py:188} INFO - [2026-05-09T19:33:50.266+0000] {dagbag.py:545} INFO - Filling up the DagBag from /home/airflow/.local/lib/python3.12/site-packages/airflow/example_dags/example_branch_python_dop_operator_3.py
[2026-05-09T19:33:50.279+0000] {processor.py:840} INFO - DAG(s) 'example_branch_dop_operator_v3' retrieved from /home/airflow/.local/lib/python3.12/site-packages/airflow/example_dags/example_branch_python_dop_operator_3.py
[2026-05-09T19:33:50.306+0000] {logging_mixin.py:188} INFO - [2026-05-09T19:33:50.306+0000] {dag.py:3096} INFO - Sync 1 DAGs
[2026-05-09T19:33:50.338+0000] {logging_mixin.py:188} INFO - [2026-05-09T19:33:50.338+0000] {dag.py:3954} INFO - Setting next_dagrun for example_branch_dop_operator_v3 to 2026-05-09 19:32:00+00:00, run_after=2026-05-09 19:33:00+00:00
[2026-05-09T19:33:50.366+0000] {processor.py:183} INFO - Processing /home/airflow/.local/lib/python3.12/site-packages/airflow/example_dags/example_branch_python_dop_operator_3.py took 0.110 seconds
[2026-05-09T19:34:20.915+0000] {processor.py:161} INFO - Started process (PID=4953) to work on /home/airflow/.local/lib/python3.12/site-packages/airflow/example_dags/example_branch_python_dop_operator_3.py
[2026-05-09T19:34:20.917+0000] {processor.py:830} INFO - Processing file /home/airflow/.local/lib/python3.12/site-packages/airflow/example_dags/example_branch_python_dop_operator_3.py for tasks to queue
[2026-05-09T19:34:20.919+0000] {logging_mixin.py:188} INFO - [2026-05-09T19:34:20.919+0000] {dagbag.py:545} INFO - Filling up the DagBag from /home/airflow/.local/lib/python3.12/site-packages/airflow/example_dags/example_branch_python_dop_operator_3.py
[2026-05-09T19:34:20.927+0000] {processor.py:840} INFO - DAG(s) 'example_branch_dop_operator_v3' retrieved from /home/airflow/.local/lib/python3.12/site-packages/airflow/example_dags/example_branch_python_dop_operator_3.py
[2026-05-09T19:34:20.950+0000] {logging_mixin.py:188} INFO - [2026-05-09T19:34:20.949+0000] {dag.py:3096} INFO - Sync 1 DAGs
[2026-05-09T19:34:20.976+0000] {logging_mixin.py:188} INFO - [2026-05-09T19:34:20.975+0000] {dag.py:3954} INFO - Setting next_dagrun for example_branch_dop_operator_v3 to 2026-05-09 19:33:00+00:00, run_after=2026-05-09 19:34:00+00:00
[2026-05-09T19:34:21.002+0000] {processor.py:183} INFO - Processing /home/airflow/.local/lib/python3.12/site-packages/airflow/example_dags/example_branch_python_dop_operator_3.py took 0.092 seconds
[2026-05-09T19:34:51.608+0000] {processor.py:161} INFO - Started process (PID=5012) to work on /home/airflow/.local/lib/python3.12/site-packages/airflow/example_dags/example_branch_python_dop_operator_3.py
[2026-05-09T19:34:51.609+0000] {processor.py:830} INFO - Processing file /home/airflow/.local/lib/python3.12/site-packages/airflow/example_dags/example_branch_python_dop_operator_3.py for tasks to queue
[2026-05-09T19:34:51.612+0000] {logging_mixin.py:188} INFO - [2026-05-09T19:34:51.611+0000] {dagbag.py:545} INFO - Filling up the DagBag from /home/airflow/.local/lib/python3.12/site-packages/airflow/example_dags/example_branch_python_dop_operator_3.py
[2026-05-09T19:34:51.622+0000] {processor.py:840} INFO - DAG(s) 'example_branch_dop_operator_v3' retrieved from /home/airflow/.local/lib/python3.12/site-packages/airflow/example_dags/example_branch_python_dop_operator_3.py
[2026-05-09T19:34:51.646+0000] {logging_mixin.py:188} INFO - [2026-05-09T19:34:51.646+0000] {dag.py:3096} INFO - Sync 1 DAGs
[2026-05-09T19:34:51.674+0000] {logging_mixin.py:188} INFO - [2026-05-09T19:34:51.673+0000] {dag.py:3954} INFO - Setting next_dagrun for example_branch_dop_operator_v3 to 2026-05-09 19:33:00+00:00, run_after=2026-05-09 19:34:00+00:00
[2026-05-09T19:34:51.700+0000] {processor.py:183} INFO - Processing /home/airflow/.local/lib/python3.12/site-packages/airflow/example_dags/example_branch_python_dop_operator_3.py took 0.098 seconds
[2026-05-09T19:35:23.137+0000] {processor.py:161} INFO - Started process (PID=5071) to work on /home/airflow/.local/lib/python3.12/site-packages/airflow/example_dags/example_branch_python_dop_operator_3.py
[2026-05-09T19:35:23.138+0000] {processor.py:830} INFO - Processing file /home/airflow/.local/lib/python3.12/site-packages/airflow/example_dags/example_branch_python_dop_operator_3.py for tasks to queue
[2026-05-09T19:35:23.140+0000] {logging_mixin.py:188} INFO - [2026-05-09T19:35:23.139+0000] {dagbag.py:545} INFO - Filling up the DagBag from /home/airflow/.local/lib/python3.12/site-packages/airflow/example_dags/example_branch_python_dop_operator_3.py
[2026-05-09T19:35:23.150+0000] {processor.py:840} INFO - DAG(s) 'example_branch_dop_operator_v3' retrieved from /home/airflow/.local/lib/python3.12/site-packages/airflow/example_dags/example_branch_python_dop_operator_3.py
[2026-05-09T19:35:23.171+0000] {logging_mixin.py:188} INFO - [2026-05-09T19:35:23.171+0000] {dag.py:3096} INFO - Sync 1 DAGs
[2026-05-09T19:35:23.202+0000] {logging_mixin.py:188} INFO - [2026-05-09T19:35:23.202+0000] {dag.py:3954} INFO - Setting next_dagrun for example_branch_dop_operator_v3 to 2026-05-09 19:34:00+00:00, run_after=2026-05-09 19:35:00+00:00
[2026-05-09T19:35:23.227+0000] {processor.py:183} INFO - Processing /home/airflow/.local/lib/python3.12/site-packages/airflow/example_dags/example_branch_python_dop_operator_3.py took 0.096 seconds
[2026-05-09T19:35:53.500+0000] {processor.py:161} INFO - Started process (PID=5130) to work on /home/airflow/.local/lib/python3.12/site-packages/airflow/example_dags/example_branch_python_dop_operator_3.py
[2026-05-09T19:35:53.501+0000] {processor.py:830} INFO - Processing file /home/airflow/.local/lib/python3.12/site-packages/airflow/example_dags/example_branch_python_dop_operator_3.py for tasks to queue
[2026-05-09T19:35:53.504+0000] {logging_mixin.py:188} INFO - [2026-05-09T19:35:53.504+0000] {dagbag.py:545} INFO - Filling up the DagBag from /home/airflow/.local/lib/python3.12/site-packages/airflow/example_dags/example_branch_python_dop_operator_3.py
[2026-05-09T19:35:53.512+0000] {processor.py:840} INFO - DAG(s) 'example_branch_dop_operator_v3' retrieved from /home/airflow/.local/lib/python3.12/site-packages/airflow/example_dags/example_branch_python_dop_operator_3.py
[2026-05-09T19:35:53.534+0000] {logging_mixin.py:188} INFO - [2026-05-09T19:35:53.534+0000] {dag.py:3096} INFO - Sync 1 DAGs
[2026-05-09T19:35:53.560+0000] {logging_mixin.py:188} INFO - [2026-05-09T19:35:53.560+0000] {dag.py:3954} INFO - Setting next_dagrun for example_branch_dop_operator_v3 to 2026-05-09 19:34:00+00:00, run_after=2026-05-09 19:35:00+00:00
[2026-05-09T19:35:53.588+0000] {processor.py:183} INFO - Processing /home/airflow/.local/lib/python3.12/site-packages/airflow/example_dags/example_branch_python_dop_operator_3.py took 0.093 seconds
[2026-05-09T19:36:24.291+0000] {processor.py:161} INFO - Started process (PID=5189) to work on /home/airflow/.local/lib/python3.12/site-packages/airflow/example_dags/example_branch_python_dop_operator_3.py
[2026-05-09T19:36:24.292+0000] {processor.py:830} INFO - Processing file /home/airflow/.local/lib/python3.12/site-packages/airflow/example_dags/example_branch_python_dop_operator_3.py for tasks to queue
[2026-05-09T19:36:24.294+0000] {logging_mixin.py:188} INFO - [2026-05-09T19:36:24.294+0000] {dagbag.py:545} INFO - Filling up the DagBag from /home/airflow/.local/lib/python3.12/site-packages/airflow/example_dags/example_branch_python_dop_operator_3.py
[2026-05-09T19:36:24.303+0000] {processor.py:840} INFO - DAG(s) 'example_branch_dop_operator_v3' retrieved from /home/airflow/.local/lib/python3.12/site-packages/airflow/example_dags/example_branch_python_dop_operator_3.py
[2026-05-09T19:36:24.328+0000] {logging_mixin.py:188} INFO - [2026-05-09T19:36:24.327+0000] {dag.py:3096} INFO - Sync 1 DAGs
[2026-05-09T19:36:24.356+0000] {logging_mixin.py:188} INFO - [2026-05-09T19:36:24.356+0000] {dag.py:3954} INFO - Setting next_dagrun for example_branch_dop_operator_v3 to 2026-05-09 19:35:00+00:00, run_after=2026-05-09 19:36:00+00:00
[2026-05-09T19:36:24.394+0000] {processor.py:183} INFO - Processing /home/airflow/.local/lib/python3.12/site-packages/airflow/example_dags/example_branch_python_dop_operator_3.py took 0.109 seconds
[2026-05-09T19:36:55.386+0000] {processor.py:161} INFO - Started process (PID=5248) to work on /home/airflow/.local/lib/python3.12/site-packages/airflow/example_dags/example_branch_python_dop_operator_3.py
[2026-05-09T19:36:55.388+0000] {processor.py:830} INFO - Processing file /home/airflow/.local/lib/python3.12/site-packages/airflow/example_dags/example_branch_python_dop_operator_3.py for tasks to queue
[2026-05-09T19:36:55.391+0000] {logging_mixin.py:188} INFO - [2026-05-09T19:36:55.390+0000] {dagbag.py:545} INFO - Filling up the DagBag from /home/airflow/.local/lib/python3.12/site-packages/airflow/example_dags/example_branch_python_dop_operator_3.py
[2026-05-09T19:36:55.399+0000] {processor.py:840} INFO - DAG(s) 'example_branch_dop_operator_v3' retrieved from /home/airflow/.local/lib/python3.12/site-packages/airflow/example_dags/example_branch_python_dop_operator_3.py
[2026-05-09T19:36:55.424+0000] {logging_mixin.py:188} INFO - [2026-05-09T19:36:55.423+0000] {dag.py:3096} INFO - Sync 1 DAGs
[2026-05-09T19:36:55.452+0000] {logging_mixin.py:188} INFO - [2026-05-09T19:36:55.452+0000] {dag.py:3954} INFO - Setting next_dagrun for example_branch_dop_operator_v3 to 2026-05-09 19:35:00+00:00, run_after=2026-05-09 19:36:00+00:00
[2026-05-09T19:36:55.478+0000] {processor.py:183} INFO - Processing /home/airflow/.local/lib/python3.12/site-packages/airflow/example_dags/example_branch_python_dop_operator_3.py took 0.099 seconds
[2026-05-09T19:37:26.032+0000] {processor.py:161} INFO - Started process (PID=5307) to work on /home/airflow/.local/lib/python3.12/site-packages/airflow/example_dags/example_branch_python_dop_operator_3.py
[2026-05-09T19:37:26.033+0000] {processor.py:830} INFO - Processing file /home/airflow/.local/lib/python3.12/site-packages/airflow/example_dags/example_branch_python_dop_operator_3.py for tasks to queue
[2026-05-09T19:37:26.035+0000] {logging_mixin.py:188} INFO - [2026-05-09T19:37:26.035+0000] {dagbag.py:545} INFO - Filling up the DagBag from /home/airflow/.local/lib/python3.12/site-packages/airflow/example_dags/example_branch_python_dop_operator_3.py
[2026-05-09T19:37:26.043+0000] {processor.py:840} INFO - DAG(s) 'example_branch_dop_operator_v3' retrieved from /home/airflow/.local/lib/python3.12/site-packages/airflow/example_dags/example_branch_python_dop_operator_3.py
[2026-05-09T19:37:26.064+0000] {logging_mixin.py:188} INFO - [2026-05-09T19:37:26.064+0000] {dag.py:3096} INFO - Sync 1 DAGs
[2026-05-09T19:37:26.089+0000] {logging_mixin.py:188} INFO - [2026-05-09T19:37:26.089+0000] {dag.py:3954} INFO - Setting next_dagrun for example_branch_dop_operator_v3 to 2026-05-09 19:36:00+00:00, run_after=2026-05-09 19:37:00+00:00
[2026-05-09T19:37:26.112+0000] {processor.py:183} INFO - Processing /home/airflow/.local/lib/python3.12/site-packages/airflow/example_dags/example_branch_python_dop_operator_3.py took 0.086 seconds
[2026-05-09T19:37:56.786+0000] {processor.py:161} INFO - Started process (PID=5366) to work on /home/airflow/.local/lib/python3.12/site-packages/airflow/example_dags/example_branch_python_dop_operator_3.py
[2026-05-09T19:37:56.787+0000] {processor.py:830} INFO - Processing file /home/airflow/.local/lib/python3.12/site-packages/airflow/example_dags/example_branch_python_dop_operator_3.py for tasks to queue
[2026-05-09T19:37:56.789+0000] {logging_mixin.py:188} INFO - [2026-05-09T19:37:56.789+0000] {dagbag.py:545} INFO - Filling up the DagBag from /home/airflow/.local/lib/python3.12/site-packages/airflow/example_dags/example_branch_python_dop_operator_3.py
[2026-05-09T19:37:56.797+0000] {processor.py:840} INFO - DAG(s) 'example_branch_dop_operator_v3' retrieved from /home/airflow/.local/lib/python3.12/site-packages/airflow/example_dags/example_branch_python_dop_operator_3.py
[2026-05-09T19:37:56.818+0000] {logging_mixin.py:188} INFO - [2026-05-09T19:37:56.818+0000] {dag.py:3096} INFO - Sync 1 DAGs
[2026-05-09T19:37:56.844+0000] {logging_mixin.py:188} INFO - [2026-05-09T19:37:56.843+0000] {dag.py:3954} INFO - Setting next_dagrun for example_branch_dop_operator_v3 to 2026-05-09 19:36:00+00:00, run_after=2026-05-09 19:37:00+00:00
[2026-05-09T19:37:56.870+0000] {processor.py:183} INFO - Processing /home/airflow/.local/lib/python3.12/site-packages/airflow/example_dags/example_branch_python_dop_operator_3.py took 0.089 seconds
[2026-05-09T19:38:27.461+0000] {processor.py:161} INFO - Started process (PID=5425) to work on /home/airflow/.local/lib/python3.12/site-packages/airflow/example_dags/example_branch_python_dop_operator_3.py
[2026-05-09T19:38:27.462+0000] {processor.py:830} INFO - Processing file /home/airflow/.local/lib/python3.12/site-packages/airflow/example_dags/example_branch_python_dop_operator_3.py for tasks to queue
[2026-05-09T19:38:27.465+0000] {logging_mixin.py:188} INFO - [2026-05-09T19:38:27.464+0000] {dagbag.py:545} INFO - Filling up the DagBag from /home/airflow/.local/lib/python3.12/site-packages/airflow/example_dags/example_branch_python_dop_operator_3.py
[2026-05-09T19:38:27.472+0000] {processor.py:840} INFO - DAG(s) 'example_branch_dop_operator_v3' retrieved from /home/airflow/.local/lib/python3.12/site-packages/airflow/example_dags/example_branch_python_dop_operator_3.py
[2026-05-09T19:38:27.495+0000] {logging_mixin.py:188} INFO - [2026-05-09T19:38:27.494+0000] {dag.py:3096} INFO - Sync 1 DAGs
[2026-05-09T19:38:27.520+0000] {logging_mixin.py:188} INFO - [2026-05-09T19:38:27.520+0000] {dag.py:3954} INFO - Setting next_dagrun for example_branch_dop_operator_v3 to 2026-05-09 19:37:00+00:00, run_after=2026-05-09 19:38:00+00:00
[2026-05-09T19:38:27.542+0000] {processor.py:183} INFO - Processing /home/airflow/.local/lib/python3.12/site-packages/airflow/example_dags/example_branch_python_dop_operator_3.py took 0.087 seconds
[2026-05-09T19:38:58.678+0000] {processor.py:161} INFO - Started process (PID=5484) to work on /home/airflow/.local/lib/python3.12/site-packages/airflow/example_dags/example_branch_python_dop_operator_3.py
[2026-05-09T19:38:58.679+0000] {processor.py:830} INFO - Processing file /home/airflow/.local/lib/python3.12/site-packages/airflow/example_dags/example_branch_python_dop_operator_3.py for tasks to queue
[2026-05-09T19:38:58.681+0000] {logging_mixin.py:188} INFO - [2026-05-09T19:38:58.681+0000] {dagbag.py:545} INFO - Filling up the DagBag from /home/airflow/.local/lib/python3.12/site-packages/airflow/example_dags/example_branch_python_dop_operator_3.py
[2026-05-09T19:38:58.689+0000] {processor.py:840} INFO - DAG(s) 'example_branch_dop_operator_v3' retrieved from /home/airflow/.local/lib/python3.12/site-packages/airflow/example_dags/example_branch_python_dop_operator_3.py
[2026-05-09T19:38:58.709+0000] {logging_mixin.py:188} INFO - [2026-05-09T19:38:58.708+0000] {dag.py:3096} INFO - Sync 1 DAGs
[2026-05-09T19:38:58.734+0000] {logging_mixin.py:188} INFO - [2026-05-09T19:38:58.734+0000] {dag.py:3954} INFO - Setting next_dagrun for example_branch_dop_operator_v3 to 2026-05-09 19:37:00+00:00, run_after=2026-05-09 19:38:00+00:00
[2026-05-09T19:38:58.760+0000] {processor.py:183} INFO - Processing /home/airflow/.local/lib/python3.12/site-packages/airflow/example_dags/example_branch_python_dop_operator_3.py took 0.088 seconds
[2026-05-09T19:39:29.586+0000] {processor.py:161} INFO - Started process (PID=5543) to work on /home/airflow/.local/lib/python3.12/site-packages/airflow/example_dags/example_branch_python_dop_operator_3.py
[2026-05-09T19:39:29.587+0000] {processor.py:830} INFO - Processing file /home/airflow/.local/lib/python3.12/site-packages/airflow/example_dags/example_branch_python_dop_operator_3.py for tasks to queue
[2026-05-09T19:39:29.589+0000] {logging_mixin.py:188} INFO - [2026-05-09T19:39:29.589+0000] {dagbag.py:545} INFO - Filling up the DagBag from /home/airflow/.local/lib/python3.12/site-packages/airflow/example_dags/example_branch_python_dop_operator_3.py
[2026-05-09T19:39:29.597+0000] {processor.py:840} INFO - DAG(s) 'example_branch_dop_operator_v3' retrieved from /home/airflow/.local/lib/python3.12/site-packages/airflow/example_dags/example_branch_python_dop_operator_3.py
[2026-05-09T19:39:29.618+0000] {logging_mixin.py:188} INFO - [2026-05-09T19:39:29.618+0000] {dag.py:3096} INFO - Sync 1 DAGs
[2026-05-09T19:39:29.643+0000] {logging_mixin.py:188} INFO - [2026-05-09T19:39:29.643+0000] {dag.py:3954} INFO - Setting next_dagrun for example_branch_dop_operator_v3 to 2026-05-09 19:38:00+00:00, run_after=2026-05-09 19:39:00+00:00
[2026-05-09T19:39:29.668+0000] {processor.py:183} INFO - Processing /home/airflow/.local/lib/python3.12/site-packages/airflow/example_dags/example_branch_python_dop_operator_3.py took 0.088 seconds
[2026-05-09T19:39:59.746+0000] {processor.py:161} INFO - Started process (PID=5602) to work on /home/airflow/.local/lib/python3.12/site-packages/airflow/example_dags/example_branch_python_dop_operator_3.py
[2026-05-09T19:39:59.747+0000] {processor.py:830} INFO - Processing file /home/airflow/.local/lib/python3.12/site-packages/airflow/example_dags/example_branch_python_dop_operator_3.py for tasks to queue
[2026-05-09T19:39:59.749+0000] {logging_mixin.py:188} INFO - [2026-05-09T19:39:59.748+0000] {dagbag.py:545} INFO - Filling up the DagBag from /home/airflow/.local/lib/python3.12/site-packages/airflow/example_dags/example_branch_python_dop_operator_3.py
[2026-05-09T19:39:59.756+0000] {processor.py:840} INFO - DAG(s) 'example_branch_dop_operator_v3' retrieved from /home/airflow/.local/lib/python3.12/site-packages/airflow/example_dags/example_branch_python_dop_operator_3.py
[2026-05-09T19:39:59.777+0000] {logging_mixin.py:188} INFO - [2026-05-09T19:39:59.777+0000] {dag.py:3096} INFO - Sync 1 DAGs
[2026-05-09T19:39:59.800+0000] {logging_mixin.py:188} INFO - [2026-05-09T19:39:59.800+0000] {dag.py:3954} INFO - Setting next_dagrun for example_branch_dop_operator_v3 to 2026-05-09 19:38:00+00:00, run_after=2026-05-09 19:39:00+00:00
[2026-05-09T19:39:59.823+0000] {processor.py:183} INFO - Processing /home/airflow/.local/lib/python3.12/site-packages/airflow/example_dags/example_branch_python_dop_operator_3.py took 0.083 seconds
[2026-05-09T19:40:31.292+0000] {processor.py:161} INFO - Started process (PID=5661) to work on /home/airflow/.local/lib/python3.12/site-packages/airflow/example_dags/example_branch_python_dop_operator_3.py
[2026-05-09T19:40:31.294+0000] {processor.py:830} INFO - Processing file /home/airflow/.local/lib/python3.12/site-packages/airflow/example_dags/example_branch_python_dop_operator_3.py for tasks to queue
[2026-05-09T19:40:31.296+0000] {logging_mixin.py:188} INFO - [2026-05-09T19:40:31.295+0000] {dagbag.py:545} INFO - Filling up the DagBag from /home/airflow/.local/lib/python3.12/site-packages/airflow/example_dags/example_branch_python_dop_operator_3.py
[2026-05-09T19:40:31.303+0000] {processor.py:840} INFO - DAG(s) 'example_branch_dop_operator_v3' retrieved from /home/airflow/.local/lib/python3.12/site-packages/airflow/example_dags/example_branch_python_dop_operator_3.py
[2026-05-09T19:40:31.324+0000] {logging_mixin.py:188} INFO - [2026-05-09T19:40:31.324+0000] {dag.py:3096} INFO - Sync 1 DAGs
[2026-05-09T19:40:31.349+0000] {logging_mixin.py:188} INFO - [2026-05-09T19:40:31.349+0000] {dag.py:3954} INFO - Setting next_dagrun for example_branch_dop_operator_v3 to 2026-05-09 19:39:00+00:00, run_after=2026-05-09 19:40:00+00:00
[2026-05-09T19:40:31.372+0000] {processor.py:183} INFO - Processing /home/airflow/.local/lib/python3.12/site-packages/airflow/example_dags/example_branch_python_dop_operator_3.py took 0.085 seconds
[2026-05-09T19:41:02.480+0000] {processor.py:161} INFO - Started process (PID=5721) to work on /home/airflow/.local/lib/python3.12/site-packages/airflow/example_dags/example_branch_python_dop_operator_3.py
[2026-05-09T19:41:02.481+0000] {processor.py:830} INFO - Processing file /home/airflow/.local/lib/python3.12/site-packages/airflow/example_dags/example_branch_python_dop_operator_3.py for tasks to queue
[2026-05-09T19:41:02.483+0000] {logging_mixin.py:188} INFO - [2026-05-09T19:41:02.482+0000] {dagbag.py:545} INFO - Filling up the DagBag from /home/airflow/.local/lib/python3.12/site-packages/airflow/example_dags/example_branch_python_dop_operator_3.py
[2026-05-09T19:41:02.491+0000] {processor.py:840} INFO - DAG(s) 'example_branch_dop_operator_v3' retrieved from /home/airflow/.local/lib/python3.12/site-packages/airflow/example_dags/example_branch_python_dop_operator_3.py
[2026-05-09T19:41:02.510+0000] {logging_mixin.py:188} INFO - [2026-05-09T19:41:02.510+0000] {dag.py:3096} INFO - Sync 1 DAGs
[2026-05-09T19:41:02.535+0000] {logging_mixin.py:188} INFO - [2026-05-09T19:41:02.535+0000] {dag.py:3954} INFO - Setting next_dagrun for example_branch_dop_operator_v3 to 2026-05-09 19:40:00+00:00, run_after=2026-05-09 19:41:00+00:00
[2026-05-09T19:41:02.560+0000] {processor.py:183} INFO - Processing /home/airflow/.local/lib/python3.12/site-packages/airflow/example_dags/example_branch_python_dop_operator_3.py took 0.086 seconds
[2026-05-09T19:41:33.129+0000] {processor.py:161} INFO - Started process (PID=5780) to work on /home/airflow/.local/lib/python3.12/site-packages/airflow/example_dags/example_branch_python_dop_operator_3.py
[2026-05-09T19:41:33.130+0000] {processor.py:830} INFO - Processing file /home/airflow/.local/lib/python3.12/site-packages/airflow/example_dags/example_branch_python_dop_operator_3.py for tasks to queue
[2026-05-09T19:41:33.133+0000] {logging_mixin.py:188} INFO - [2026-05-09T19:41:33.132+0000] {dagbag.py:545} INFO - Filling up the DagBag from /home/airflow/.local/lib/python3.12/site-packages/airflow/example_dags/example_branch_python_dop_operator_3.py
[2026-05-09T19:41:33.141+0000] {processor.py:840} INFO - DAG(s) 'example_branch_dop_operator_v3' retrieved from /home/airflow/.local/lib/python3.12/site-packages/airflow/example_dags/example_branch_python_dop_operator_3.py
[2026-05-09T19:41:33.164+0000] {logging_mixin.py:188} INFO - [2026-05-09T19:41:33.164+0000] {dag.py:3096} INFO - Sync 1 DAGs
[2026-05-09T19:41:33.197+0000] {logging_mixin.py:188} INFO - [2026-05-09T19:41:33.196+0000] {dag.py:3954} INFO - Setting next_dagrun for example_branch_dop_operator_v3 to 2026-05-09 19:40:00+00:00, run_after=2026-05-09 19:41:00+00:00
[2026-05-09T19:41:33.239+0000] {processor.py:183} INFO - Processing /home/airflow/.local/lib/python3.12/site-packages/airflow/example_dags/example_branch_python_dop_operator_3.py took 0.115 seconds
[2026-05-09T19:42:03.852+0000] {processor.py:161} INFO - Started process (PID=5839) to work on /home/airflow/.local/lib/python3.12/site-packages/airflow/example_dags/example_branch_python_dop_operator_3.py
[2026-05-09T19:42:03.853+0000] {processor.py:830} INFO - Processing file /home/airflow/.local/lib/python3.12/site-packages/airflow/example_dags/example_branch_python_dop_operator_3.py for tasks to queue
[2026-05-09T19:42:03.856+0000] {logging_mixin.py:188} INFO - [2026-05-09T19:42:03.855+0000] {dagbag.py:545} INFO - Filling up the DagBag from /home/airflow/.local/lib/python3.12/site-packages/airflow/example_dags/example_branch_python_dop_operator_3.py
[2026-05-09T19:42:03.864+0000] {processor.py:840} INFO - DAG(s) 'example_branch_dop_operator_v3' retrieved from /home/airflow/.local/lib/python3.12/site-packages/airflow/example_dags/example_branch_python_dop_operator_3.py
[2026-05-09T19:42:03.888+0000] {logging_mixin.py:188} INFO - [2026-05-09T19:42:03.888+0000] {dag.py:3096} INFO - Sync 1 DAGs
[2026-05-09T19:42:03.916+0000] {logging_mixin.py:188} INFO - [2026-05-09T19:42:03.916+0000] {dag.py:3954} INFO - Setting next_dagrun for example_branch_dop_operator_v3 to 2026-05-09 19:41:00+00:00, run_after=2026-05-09 19:42:00+00:00
[2026-05-09T19:42:03.940+0000] {processor.py:183} INFO - Processing /home/airflow/.local/lib/python3.12/site-packages/airflow/example_dags/example_branch_python_dop_operator_3.py took 0.094 seconds
[2026-05-09T19:42:35.523+0000] {processor.py:161} INFO - Started process (PID=5898) to work on /home/airflow/.local/lib/python3.12/site-packages/airflow/example_dags/example_branch_python_dop_operator_3.py
[2026-05-09T19:42:35.524+0000] {processor.py:830} INFO - Processing file /home/airflow/.local/lib/python3.12/site-packages/airflow/example_dags/example_branch_python_dop_operator_3.py for tasks to queue
[2026-05-09T19:42:35.527+0000] {logging_mixin.py:188} INFO - [2026-05-09T19:42:35.526+0000] {dagbag.py:545} INFO - Filling up the DagBag from /home/airflow/.local/lib/python3.12/site-packages/airflow/example_dags/example_branch_python_dop_operator_3.py
[2026-05-09T19:42:35.535+0000] {processor.py:840} INFO - DAG(s) 'example_branch_dop_operator_v3' retrieved from /home/airflow/.local/lib/python3.12/site-packages/airflow/example_dags/example_branch_python_dop_operator_3.py
[2026-05-09T19:42:35.556+0000] {logging_mixin.py:188} INFO - [2026-05-09T19:42:35.556+0000] {dag.py:3096} INFO - Sync 1 DAGs
[2026-05-09T19:42:35.711+0000] {logging_mixin.py:188} INFO - [2026-05-09T19:42:35.710+0000] {dag.py:3954} INFO - Setting next_dagrun for example_branch_dop_operator_v3 to 2026-05-09 19:41:00+00:00, run_after=2026-05-09 19:42:00+00:00
[2026-05-09T19:42:35.735+0000] {processor.py:183} INFO - Processing /home/airflow/.local/lib/python3.12/site-packages/airflow/example_dags/example_branch_python_dop_operator_3.py took 0.218 seconds
[2026-05-09T19:43:06.484+0000] {processor.py:161} INFO - Started process (PID=5957) to work on /home/airflow/.local/lib/python3.12/site-packages/airflow/example_dags/example_branch_python_dop_operator_3.py
[2026-05-09T19:43:06.485+0000] {processor.py:830} INFO - Processing file /home/airflow/.local/lib/python3.12/site-packages/airflow/example_dags/example_branch_python_dop_operator_3.py for tasks to queue
[2026-05-09T19:43:06.488+0000] {logging_mixin.py:188} INFO - [2026-05-09T19:43:06.487+0000] {dagbag.py:545} INFO - Filling up the DagBag from /home/airflow/.local/lib/python3.12/site-packages/airflow/example_dags/example_branch_python_dop_operator_3.py
[2026-05-09T19:43:06.496+0000] {processor.py:840} INFO - DAG(s) 'example_branch_dop_operator_v3' retrieved from /home/airflow/.local/lib/python3.12/site-packages/airflow/example_dags/example_branch_python_dop_operator_3.py
[2026-05-09T19:43:06.517+0000] {logging_mixin.py:188} INFO - [2026-05-09T19:43:06.517+0000] {dag.py:3096} INFO - Sync 1 DAGs
[2026-05-09T19:43:06.544+0000] {logging_mixin.py:188} INFO - [2026-05-09T19:43:06.543+0000] {dag.py:3954} INFO - Setting next_dagrun for example_branch_dop_operator_v3 to 2026-05-09 19:42:00+00:00, run_after=2026-05-09 19:43:00+00:00
[2026-05-09T19:43:06.568+0000] {processor.py:183} INFO - Processing /home/airflow/.local/lib/python3.12/site-packages/airflow/example_dags/example_branch_python_dop_operator_3.py took 0.090 seconds
[2026-05-09T19:43:36.973+0000] {processor.py:161} INFO - Started process (PID=6017) to work on /home/airflow/.local/lib/python3.12/site-packages/airflow/example_dags/example_branch_python_dop_operator_3.py
[2026-05-09T19:43:36.975+0000] {processor.py:830} INFO - Processing file /home/airflow/.local/lib/python3.12/site-packages/airflow/example_dags/example_branch_python_dop_operator_3.py for tasks to queue
[2026-05-09T19:43:36.977+0000] {logging_mixin.py:188} INFO - [2026-05-09T19:43:36.977+0000] {dagbag.py:545} INFO - Filling up the DagBag from /home/airflow/.local/lib/python3.12/site-packages/airflow/example_dags/example_branch_python_dop_operator_3.py
[2026-05-09T19:43:36.987+0000] {processor.py:840} INFO - DAG(s) 'example_branch_dop_operator_v3' retrieved from /home/airflow/.local/lib/python3.12/site-packages/airflow/example_dags/example_branch_python_dop_operator_3.py
[2026-05-09T19:43:37.010+0000] {logging_mixin.py:188} INFO - [2026-05-09T19:43:37.010+0000] {dag.py:3096} INFO - Sync 1 DAGs
[2026-05-09T19:43:37.040+0000] {logging_mixin.py:188} INFO - [2026-05-09T19:43:37.040+0000] {dag.py:3954} INFO - Setting next_dagrun for example_branch_dop_operator_v3 to 2026-05-09 19:42:00+00:00, run_after=2026-05-09 19:43:00+00:00
[2026-05-09T19:43:37.067+0000] {processor.py:183} INFO - Processing /home/airflow/.local/lib/python3.12/site-packages/airflow/example_dags/example_branch_python_dop_operator_3.py took 0.099 seconds
[2026-05-09T19:44:07.742+0000] {processor.py:161} INFO - Started process (PID=6076) to work on /home/airflow/.local/lib/python3.12/site-packages/airflow/example_dags/example_branch_python_dop_operator_3.py
[2026-05-09T19:44:07.744+0000] {processor.py:830} INFO - Processing file /home/airflow/.local/lib/python3.12/site-packages/airflow/example_dags/example_branch_python_dop_operator_3.py for tasks to queue
[2026-05-09T19:44:07.745+0000] {logging_mixin.py:188} INFO - [2026-05-09T19:44:07.745+0000] {dagbag.py:545} INFO - Filling up the DagBag from /home/airflow/.local/lib/python3.12/site-packages/airflow/example_dags/example_branch_python_dop_operator_3.py
[2026-05-09T19:44:07.753+0000] {processor.py:840} INFO - DAG(s) 'example_branch_dop_operator_v3' retrieved from /home/airflow/.local/lib/python3.12/site-packages/airflow/example_dags/example_branch_python_dop_operator_3.py
[2026-05-09T19:44:07.773+0000] {logging_mixin.py:188} INFO - [2026-05-09T19:44:07.773+0000] {dag.py:3096} INFO - Sync 1 DAGs
[2026-05-09T19:44:07.798+0000] {logging_mixin.py:188} INFO - [2026-05-09T19:44:07.798+0000] {dag.py:3954} INFO - Setting next_dagrun for example_branch_dop_operator_v3 to 2026-05-09 19:43:00+00:00, run_after=2026-05-09 19:44:00+00:00
[2026-05-09T19:44:07.824+0000] {processor.py:183} INFO - Processing /home/airflow/.local/lib/python3.12/site-packages/airflow/example_dags/example_branch_python_dop_operator_3.py took 0.087 seconds
[2026-05-09T19:44:38.732+0000] {processor.py:161} INFO - Started process (PID=6135) to work on /home/airflow/.local/lib/python3.12/site-packages/airflow/example_dags/example_branch_python_dop_operator_3.py
[2026-05-09T19:44:38.733+0000] {processor.py:830} INFO - Processing file /home/airflow/.local/lib/python3.12/site-packages/airflow/example_dags/example_branch_python_dop_operator_3.py for tasks to queue
[2026-05-09T19:44:38.735+0000] {logging_mixin.py:188} INFO - [2026-05-09T19:44:38.735+0000] {dagbag.py:545} INFO - Filling up the DagBag from /home/airflow/.local/lib/python3.12/site-packages/airflow/example_dags/example_branch_python_dop_operator_3.py
[2026-05-09T19:44:38.743+0000] {processor.py:840} INFO - DAG(s) 'example_branch_dop_operator_v3' retrieved from /home/airflow/.local/lib/python3.12/site-packages/airflow/example_dags/example_branch_python_dop_operator_3.py
[2026-05-09T19:44:38.767+0000] {logging_mixin.py:188} INFO - [2026-05-09T19:44:38.767+0000] {dag.py:3096} INFO - Sync 1 DAGs
[2026-05-09T19:44:38.806+0000] {logging_mixin.py:188} INFO - [2026-05-09T19:44:38.805+0000] {dag.py:3954} INFO - Setting next_dagrun for example_branch_dop_operator_v3 to 2026-05-09 19:43:00+00:00, run_after=2026-05-09 19:44:00+00:00
[2026-05-09T19:44:38.842+0000] {processor.py:183} INFO - Processing /home/airflow/.local/lib/python3.12/site-packages/airflow/example_dags/example_branch_python_dop_operator_3.py took 0.116 seconds
[2026-05-09T19:45:09.414+0000] {processor.py:161} INFO - Started process (PID=6195) to work on /home/airflow/.local/lib/python3.12/site-packages/airflow/example_dags/example_branch_python_dop_operator_3.py
[2026-05-09T19:45:09.415+0000] {processor.py:830} INFO - Processing file /home/airflow/.local/lib/python3.12/site-packages/airflow/example_dags/example_branch_python_dop_operator_3.py for tasks to queue
[2026-05-09T19:45:09.418+0000] {logging_mixin.py:188} INFO - [2026-05-09T19:45:09.417+0000] {dagbag.py:545} INFO - Filling up the DagBag from /home/airflow/.local/lib/python3.12/site-packages/airflow/example_dags/example_branch_python_dop_operator_3.py
[2026-05-09T19:45:09.426+0000] {processor.py:840} INFO - DAG(s) 'example_branch_dop_operator_v3' retrieved from /home/airflow/.local/lib/python3.12/site-packages/airflow/example_dags/example_branch_python_dop_operator_3.py
[2026-05-09T19:45:09.450+0000] {logging_mixin.py:188} INFO - [2026-05-09T19:45:09.450+0000] {dag.py:3096} INFO - Sync 1 DAGs
[2026-05-09T19:45:09.478+0000] {logging_mixin.py:188} INFO - [2026-05-09T19:45:09.478+0000] {dag.py:3954} INFO - Setting next_dagrun for example_branch_dop_operator_v3 to 2026-05-09 19:44:00+00:00, run_after=2026-05-09 19:45:00+00:00
[2026-05-09T19:45:09.505+0000] {processor.py:183} INFO - Processing /home/airflow/.local/lib/python3.12/site-packages/airflow/example_dags/example_branch_python_dop_operator_3.py took 0.099 seconds
[2026-05-09T19:45:40.278+0000] {processor.py:161} INFO - Started process (PID=6254) to work on /home/airflow/.local/lib/python3.12/site-packages/airflow/example_dags/example_branch_python_dop_operator_3.py
[2026-05-09T19:45:40.279+0000] {processor.py:830} INFO - Processing file /home/airflow/.local/lib/python3.12/site-packages/airflow/example_dags/example_branch_python_dop_operator_3.py for tasks to queue
[2026-05-09T19:45:40.282+0000] {logging_mixin.py:188} INFO - [2026-05-09T19:45:40.281+0000] {dagbag.py:545} INFO - Filling up the DagBag from /home/airflow/.local/lib/python3.12/site-packages/airflow/example_dags/example_branch_python_dop_operator_3.py
[2026-05-09T19:45:40.290+0000] {processor.py:840} INFO - DAG(s) 'example_branch_dop_operator_v3' retrieved from /home/airflow/.local/lib/python3.12/site-packages/airflow/example_dags/example_branch_python_dop_operator_3.py
[2026-05-09T19:45:40.311+0000] {logging_mixin.py:188} INFO - [2026-05-09T19:45:40.311+0000] {dag.py:3096} INFO - Sync 1 DAGs
[2026-05-09T19:45:40.339+0000] {logging_mixin.py:188} INFO - [2026-05-09T19:45:40.339+0000] {dag.py:3954} INFO - Setting next_dagrun for example_branch_dop_operator_v3 to 2026-05-09 19:44:00+00:00, run_after=2026-05-09 19:45:00+00:00
[2026-05-09T19:45:40.364+0000] {processor.py:183} INFO - Processing /home/airflow/.local/lib/python3.12/site-packages/airflow/example_dags/example_branch_python_dop_operator_3.py took 0.092 seconds
[2026-05-09T19:46:11.188+0000] {processor.py:161} INFO - Started process (PID=6313) to work on /home/airflow/.local/lib/python3.12/site-packages/airflow/example_dags/example_branch_python_dop_operator_3.py
[2026-05-09T19:46:11.189+0000] {processor.py:830} INFO - Processing file /home/airflow/.local/lib/python3.12/site-packages/airflow/example_dags/example_branch_python_dop_operator_3.py for tasks to queue
[2026-05-09T19:46:11.191+0000] {logging_mixin.py:188} INFO - [2026-05-09T19:46:11.191+0000] {dagbag.py:545} INFO - Filling up the DagBag from /home/airflow/.local/lib/python3.12/site-packages/airflow/example_dags/example_branch_python_dop_operator_3.py
[2026-05-09T19:46:11.199+0000] {processor.py:840} INFO - DAG(s) 'example_branch_dop_operator_v3' retrieved from /home/airflow/.local/lib/python3.12/site-packages/airflow/example_dags/example_branch_python_dop_operator_3.py
[2026-05-09T19:46:11.220+0000] {logging_mixin.py:188} INFO - [2026-05-09T19:46:11.219+0000] {dag.py:3096} INFO - Sync 1 DAGs
[2026-05-09T19:46:11.247+0000] {logging_mixin.py:188} INFO - [2026-05-09T19:46:11.247+0000] {dag.py:3954} INFO - Setting next_dagrun for example_branch_dop_operator_v3 to 2026-05-09 19:45:00+00:00, run_after=2026-05-09 19:46:00+00:00
[2026-05-09T19:46:11.275+0000] {processor.py:183} INFO - Processing /home/airflow/.local/lib/python3.12/site-packages/airflow/example_dags/example_branch_python_dop_operator_3.py took 0.092 seconds
[2026-05-09T19:46:41.497+0000] {processor.py:161} INFO - Started process (PID=6372) to work on /home/airflow/.local/lib/python3.12/site-packages/airflow/example_dags/example_branch_python_dop_operator_3.py
[2026-05-09T19:46:41.499+0000] {processor.py:830} INFO - Processing file /home/airflow/.local/lib/python3.12/site-packages/airflow/example_dags/example_branch_python_dop_operator_3.py for tasks to queue
[2026-05-09T19:46:41.501+0000] {logging_mixin.py:188} INFO - [2026-05-09T19:46:41.501+0000] {dagbag.py:545} INFO - Filling up the DagBag from /home/airflow/.local/lib/python3.12/site-packages/airflow/example_dags/example_branch_python_dop_operator_3.py
[2026-05-09T19:46:41.510+0000] {processor.py:840} INFO - DAG(s) 'example_branch_dop_operator_v3' retrieved from /home/airflow/.local/lib/python3.12/site-packages/airflow/example_dags/example_branch_python_dop_operator_3.py
[2026-05-09T19:46:41.538+0000] {logging_mixin.py:188} INFO - [2026-05-09T19:46:41.537+0000] {dag.py:3096} INFO - Sync 1 DAGs
[2026-05-09T19:46:41.573+0000] {logging_mixin.py:188} INFO - [2026-05-09T19:46:41.573+0000] {dag.py:3954} INFO - Setting next_dagrun for example_branch_dop_operator_v3 to 2026-05-09 19:45:00+00:00, run_after=2026-05-09 19:46:00+00:00
[2026-05-09T19:46:41.609+0000] {processor.py:183} INFO - Processing /home/airflow/.local/lib/python3.12/site-packages/airflow/example_dags/example_branch_python_dop_operator_3.py took 0.119 seconds
[2026-05-09T19:47:12.317+0000] {processor.py:161} INFO - Started process (PID=6431) to work on /home/airflow/.local/lib/python3.12/site-packages/airflow/example_dags/example_branch_python_dop_operator_3.py
[2026-05-09T19:47:12.318+0000] {processor.py:830} INFO - Processing file /home/airflow/.local/lib/python3.12/site-packages/airflow/example_dags/example_branch_python_dop_operator_3.py for tasks to queue
[2026-05-09T19:47:12.319+0000] {logging_mixin.py:188} INFO - [2026-05-09T19:47:12.319+0000] {dagbag.py:545} INFO - Filling up the DagBag from /home/airflow/.local/lib/python3.12/site-packages/airflow/example_dags/example_branch_python_dop_operator_3.py
[2026-05-09T19:47:12.327+0000] {processor.py:840} INFO - DAG(s) 'example_branch_dop_operator_v3' retrieved from /home/airflow/.local/lib/python3.12/site-packages/airflow/example_dags/example_branch_python_dop_operator_3.py
[2026-05-09T19:47:12.349+0000] {logging_mixin.py:188} INFO - [2026-05-09T19:47:12.349+0000] {dag.py:3096} INFO - Sync 1 DAGs
[2026-05-09T19:47:12.374+0000] {logging_mixin.py:188} INFO - [2026-05-09T19:47:12.374+0000] {dag.py:3954} INFO - Setting next_dagrun for example_branch_dop_operator_v3 to 2026-05-09 19:46:00+00:00, run_after=2026-05-09 19:47:00+00:00
[2026-05-09T19:47:12.398+0000] {processor.py:183} INFO - Processing /home/airflow/.local/lib/python3.12/site-packages/airflow/example_dags/example_branch_python_dop_operator_3.py took 0.086 seconds
[2026-05-09T19:47:43.506+0000] {processor.py:161} INFO - Started process (PID=6490) to work on /home/airflow/.local/lib/python3.12/site-packages/airflow/example_dags/example_branch_python_dop_operator_3.py
[2026-05-09T19:47:43.508+0000] {processor.py:830} INFO - Processing file /home/airflow/.local/lib/python3.12/site-packages/airflow/example_dags/example_branch_python_dop_operator_3.py for tasks to queue
[2026-05-09T19:47:43.510+0000] {logging_mixin.py:188} INFO - [2026-05-09T19:47:43.510+0000] {dagbag.py:545} INFO - Filling up the DagBag from /home/airflow/.local/lib/python3.12/site-packages/airflow/example_dags/example_branch_python_dop_operator_3.py
[2026-05-09T19:47:43.521+0000] {processor.py:840} INFO - DAG(s) 'example_branch_dop_operator_v3' retrieved from /home/airflow/.local/lib/python3.12/site-packages/airflow/example_dags/example_branch_python_dop_operator_3.py
[2026-05-09T19:47:43.553+0000] {logging_mixin.py:188} INFO - [2026-05-09T19:47:43.552+0000] {dag.py:3096} INFO - Sync 1 DAGs
[2026-05-09T19:47:43.582+0000] {logging_mixin.py:188} INFO - [2026-05-09T19:47:43.582+0000] {dag.py:3954} INFO - Setting next_dagrun for example_branch_dop_operator_v3 to 2026-05-09 19:46:00+00:00, run_after=2026-05-09 19:47:00+00:00
[2026-05-09T19:47:43.611+0000] {processor.py:183} INFO - Processing /home/airflow/.local/lib/python3.12/site-packages/airflow/example_dags/example_branch_python_dop_operator_3.py took 0.110 seconds
[2026-05-09T19:48:13.962+0000] {processor.py:161} INFO - Started process (PID=6549) to work on /home/airflow/.local/lib/python3.12/site-packages/airflow/example_dags/example_branch_python_dop_operator_3.py
[2026-05-09T19:48:13.963+0000] {processor.py:830} INFO - Processing file /home/airflow/.local/lib/python3.12/site-packages/airflow/example_dags/example_branch_python_dop_operator_3.py for tasks to queue
[2026-05-09T19:48:13.965+0000] {logging_mixin.py:188} INFO - [2026-05-09T19:48:13.965+0000] {dagbag.py:545} INFO - Filling up the DagBag from /home/airflow/.local/lib/python3.12/site-packages/airflow/example_dags/example_branch_python_dop_operator_3.py
[2026-05-09T19:48:13.972+0000] {processor.py:840} INFO - DAG(s) 'example_branch_dop_operator_v3' retrieved from /home/airflow/.local/lib/python3.12/site-packages/airflow/example_dags/example_branch_python_dop_operator_3.py
[2026-05-09T19:48:13.993+0000] {logging_mixin.py:188} INFO - [2026-05-09T19:48:13.992+0000] {dag.py:3096} INFO - Sync 1 DAGs
[2026-05-09T19:48:14.016+0000] {logging_mixin.py:188} INFO - [2026-05-09T19:48:14.016+0000] {dag.py:3954} INFO - Setting next_dagrun for example_branch_dop_operator_v3 to 2026-05-09 19:47:00+00:00, run_after=2026-05-09 19:48:00+00:00
[2026-05-09T19:48:14.045+0000] {processor.py:183} INFO - Processing /home/airflow/.local/lib/python3.12/site-packages/airflow/example_dags/example_branch_python_dop_operator_3.py took 0.089 seconds
[2026-05-09T19:48:44.751+0000] {processor.py:161} INFO - Started process (PID=6608) to work on /home/airflow/.local/lib/python3.12/site-packages/airflow/example_dags/example_branch_python_dop_operator_3.py
[2026-05-09T19:48:44.753+0000] {processor.py:830} INFO - Processing file /home/airflow/.local/lib/python3.12/site-packages/airflow/example_dags/example_branch_python_dop_operator_3.py for tasks to queue
[2026-05-09T19:48:44.755+0000] {logging_mixin.py:188} INFO - [2026-05-09T19:48:44.755+0000] {dagbag.py:545} INFO - Filling up the DagBag from /home/airflow/.local/lib/python3.12/site-packages/airflow/example_dags/example_branch_python_dop_operator_3.py
[2026-05-09T19:48:44.764+0000] {processor.py:840} INFO - DAG(s) 'example_branch_dop_operator_v3' retrieved from /home/airflow/.local/lib/python3.12/site-packages/airflow/example_dags/example_branch_python_dop_operator_3.py
[2026-05-09T19:48:44.787+0000] {logging_mixin.py:188} INFO - [2026-05-09T19:48:44.787+0000] {dag.py:3096} INFO - Sync 1 DAGs
[2026-05-09T19:48:44.816+0000] {logging_mixin.py:188} INFO - [2026-05-09T19:48:44.816+0000] {dag.py:3954} INFO - Setting next_dagrun for example_branch_dop_operator_v3 to 2026-05-09 19:47:00+00:00, run_after=2026-05-09 19:48:00+00:00
[2026-05-09T19:48:44.848+0000] {processor.py:183} INFO - Processing /home/airflow/.local/lib/python3.12/site-packages/airflow/example_dags/example_branch_python_dop_operator_3.py took 0.103 seconds
[2026-05-09T19:49:15.905+0000] {processor.py:161} INFO - Started process (PID=6668) to work on /home/airflow/.local/lib/python3.12/site-packages/airflow/example_dags/example_branch_python_dop_operator_3.py
[2026-05-09T19:49:15.906+0000] {processor.py:830} INFO - Processing file /home/airflow/.local/lib/python3.12/site-packages/airflow/example_dags/example_branch_python_dop_operator_3.py for tasks to queue
[2026-05-09T19:49:15.909+0000] {logging_mixin.py:188} INFO - [2026-05-09T19:49:15.909+0000] {dagbag.py:545} INFO - Filling up the DagBag from /home/airflow/.local/lib/python3.12/site-packages/airflow/example_dags/example_branch_python_dop_operator_3.py
[2026-05-09T19:49:15.920+0000] {processor.py:840} INFO - DAG(s) 'example_branch_dop_operator_v3' retrieved from /home/airflow/.local/lib/python3.12/site-packages/airflow/example_dags/example_branch_python_dop_operator_3.py
[2026-05-09T19:49:15.947+0000] {logging_mixin.py:188} INFO - [2026-05-09T19:49:15.946+0000] {dag.py:3096} INFO - Sync 1 DAGs
[2026-05-09T19:49:15.977+0000] {logging_mixin.py:188} INFO - [2026-05-09T19:49:15.976+0000] {dag.py:3954} INFO - Setting next_dagrun for example_branch_dop_operator_v3 to 2026-05-09 19:48:00+00:00, run_after=2026-05-09 19:49:00+00:00
[2026-05-09T19:49:16.007+0000] {processor.py:183} INFO - Processing /home/airflow/.local/lib/python3.12/site-packages/airflow/example_dags/example_branch_python_dop_operator_3.py took 0.109 seconds
[2026-05-09T19:49:46.546+0000] {processor.py:161} INFO - Started process (PID=6727) to work on /home/airflow/.local/lib/python3.12/site-packages/airflow/example_dags/example_branch_python_dop_operator_3.py
[2026-05-09T19:49:46.547+0000] {processor.py:830} INFO - Processing file /home/airflow/.local/lib/python3.12/site-packages/airflow/example_dags/example_branch_python_dop_operator_3.py for tasks to queue
[2026-05-09T19:49:46.550+0000] {logging_mixin.py:188} INFO - [2026-05-09T19:49:46.549+0000] {dagbag.py:545} INFO - Filling up the DagBag from /home/airflow/.local/lib/python3.12/site-packages/airflow/example_dags/example_branch_python_dop_operator_3.py
[2026-05-09T19:49:46.559+0000] {processor.py:840} INFO - DAG(s) 'example_branch_dop_operator_v3' retrieved from /home/airflow/.local/lib/python3.12/site-packages/airflow/example_dags/example_branch_python_dop_operator_3.py
[2026-05-09T19:49:46.580+0000] {logging_mixin.py:188} INFO - [2026-05-09T19:49:46.579+0000] {dag.py:3096} INFO - Sync 1 DAGs
[2026-05-09T19:49:46.608+0000] {logging_mixin.py:188} INFO - [2026-05-09T19:49:46.607+0000] {dag.py:3954} INFO - Setting next_dagrun for example_branch_dop_operator_v3 to 2026-05-09 19:48:00+00:00, run_after=2026-05-09 19:49:00+00:00
[2026-05-09T19:49:46.631+0000] {processor.py:183} INFO - Processing /home/airflow/.local/lib/python3.12/site-packages/airflow/example_dags/example_branch_python_dop_operator_3.py took 0.092 seconds
[2026-05-09T19:50:17.500+0000] {processor.py:161} INFO - Started process (PID=6787) to work on /home/airflow/.local/lib/python3.12/site-packages/airflow/example_dags/example_branch_python_dop_operator_3.py
[2026-05-09T19:50:17.501+0000] {processor.py:830} INFO - Processing file /home/airflow/.local/lib/python3.12/site-packages/airflow/example_dags/example_branch_python_dop_operator_3.py for tasks to queue
[2026-05-09T19:50:17.503+0000] {logging_mixin.py:188} INFO - [2026-05-09T19:50:17.503+0000] {dagbag.py:545} INFO - Filling up the DagBag from /home/airflow/.local/lib/python3.12/site-packages/airflow/example_dags/example_branch_python_dop_operator_3.py
[2026-05-09T19:50:17.511+0000] {processor.py:840} INFO - DAG(s) 'example_branch_dop_operator_v3' retrieved from /home/airflow/.local/lib/python3.12/site-packages/airflow/example_dags/example_branch_python_dop_operator_3.py
[2026-05-09T19:50:17.531+0000] {logging_mixin.py:188} INFO - [2026-05-09T19:50:17.531+0000] {dag.py:3096} INFO - Sync 1 DAGs
[2026-05-09T19:50:17.558+0000] {logging_mixin.py:188} INFO - [2026-05-09T19:50:17.558+0000] {dag.py:3954} INFO - Setting next_dagrun for example_branch_dop_operator_v3 to 2026-05-09 19:49:00+00:00, run_after=2026-05-09 19:50:00+00:00
[2026-05-09T19:50:17.584+0000] {processor.py:183} INFO - Processing /home/airflow/.local/lib/python3.12/site-packages/airflow/example_dags/example_branch_python_dop_operator_3.py took 0.090 seconds
[2026-05-09T19:50:48.490+0000] {processor.py:161} INFO - Started process (PID=6846) to work on /home/airflow/.local/lib/python3.12/site-packages/airflow/example_dags/example_branch_python_dop_operator_3.py
[2026-05-09T19:50:48.492+0000] {processor.py:830} INFO - Processing file /home/airflow/.local/lib/python3.12/site-packages/airflow/example_dags/example_branch_python_dop_operator_3.py for tasks to queue
[2026-05-09T19:50:48.495+0000] {logging_mixin.py:188} INFO - [2026-05-09T19:50:48.495+0000] {dagbag.py:545} INFO - Filling up the DagBag from /home/airflow/.local/lib/python3.12/site-packages/airflow/example_dags/example_branch_python_dop_operator_3.py
[2026-05-09T19:50:48.505+0000] {processor.py:840} INFO - DAG(s) 'example_branch_dop_operator_v3' retrieved from /home/airflow/.local/lib/python3.12/site-packages/airflow/example_dags/example_branch_python_dop_operator_3.py
[2026-05-09T19:50:48.533+0000] {logging_mixin.py:188} INFO - [2026-05-09T19:50:48.532+0000] {dag.py:3096} INFO - Sync 1 DAGs
[2026-05-09T19:50:48.571+0000] {logging_mixin.py:188} INFO - [2026-05-09T19:50:48.571+0000] {dag.py:3954} INFO - Setting next_dagrun for example_branch_dop_operator_v3 to 2026-05-09 19:49:00+00:00, run_after=2026-05-09 19:50:00+00:00
[2026-05-09T19:50:48.601+0000] {processor.py:183} INFO - Processing /home/airflow/.local/lib/python3.12/site-packages/airflow/example_dags/example_branch_python_dop_operator_3.py took 0.118 seconds
[2026-05-09T19:51:19.665+0000] {processor.py:161} INFO - Started process (PID=6905) to work on /home/airflow/.local/lib/python3.12/site-packages/airflow/example_dags/example_branch_python_dop_operator_3.py
[2026-05-09T19:51:19.666+0000] {processor.py:830} INFO - Processing file /home/airflow/.local/lib/python3.12/site-packages/airflow/example_dags/example_branch_python_dop_operator_3.py for tasks to queue
[2026-05-09T19:51:19.669+0000] {logging_mixin.py:188} INFO - [2026-05-09T19:51:19.668+0000] {dagbag.py:545} INFO - Filling up the DagBag from /home/airflow/.local/lib/python3.12/site-packages/airflow/example_dags/example_branch_python_dop_operator_3.py
[2026-05-09T19:51:19.678+0000] {processor.py:840} INFO - DAG(s) 'example_branch_dop_operator_v3' retrieved from /home/airflow/.local/lib/python3.12/site-packages/airflow/example_dags/example_branch_python_dop_operator_3.py
[2026-05-09T19:51:19.700+0000] {logging_mixin.py:188} INFO - [2026-05-09T19:51:19.699+0000] {dag.py:3096} INFO - Sync 1 DAGs
[2026-05-09T19:51:19.724+0000] {logging_mixin.py:188} INFO - [2026-05-09T19:51:19.724+0000] {dag.py:3954} INFO - Setting next_dagrun for example_branch_dop_operator_v3 to 2026-05-09 19:50:00+00:00, run_after=2026-05-09 19:51:00+00:00
[2026-05-09T19:51:19.750+0000] {processor.py:183} INFO - Processing /home/airflow/.local/lib/python3.12/site-packages/airflow/example_dags/example_branch_python_dop_operator_3.py took 0.092 seconds
[2026-05-09T19:51:50.051+0000] {processor.py:161} INFO - Started process (PID=6964) to work on /home/airflow/.local/lib/python3.12/site-packages/airflow/example_dags/example_branch_python_dop_operator_3.py
[2026-05-09T19:51:50.053+0000] {processor.py:830} INFO - Processing file /home/airflow/.local/lib/python3.12/site-packages/airflow/example_dags/example_branch_python_dop_operator_3.py for tasks to queue
[2026-05-09T19:51:50.055+0000] {logging_mixin.py:188} INFO - [2026-05-09T19:51:50.054+0000] {dagbag.py:545} INFO - Filling up the DagBag from /home/airflow/.local/lib/python3.12/site-packages/airflow/example_dags/example_branch_python_dop_operator_3.py
[2026-05-09T19:51:50.063+0000] {processor.py:840} INFO - DAG(s) 'example_branch_dop_operator_v3' retrieved from /home/airflow/.local/lib/python3.12/site-packages/airflow/example_dags/example_branch_python_dop_operator_3.py
[2026-05-09T19:51:50.083+0000] {logging_mixin.py:188} INFO - [2026-05-09T19:51:50.083+0000] {dag.py:3096} INFO - Sync 1 DAGs
[2026-05-09T19:51:50.107+0000] {logging_mixin.py:188} INFO - [2026-05-09T19:51:50.107+0000] {dag.py:3954} INFO - Setting next_dagrun for example_branch_dop_operator_v3 to 2026-05-09 19:50:00+00:00, run_after=2026-05-09 19:51:00+00:00
[2026-05-09T19:51:50.132+0000] {processor.py:183} INFO - Processing /home/airflow/.local/lib/python3.12/site-packages/airflow/example_dags/example_branch_python_dop_operator_3.py took 0.086 seconds
[2026-05-09T19:52:20.961+0000] {processor.py:161} INFO - Started process (PID=7023) to work on /home/airflow/.local/lib/python3.12/site-packages/airflow/example_dags/example_branch_python_dop_operator_3.py
[2026-05-09T19:52:20.963+0000] {processor.py:830} INFO - Processing file /home/airflow/.local/lib/python3.12/site-packages/airflow/example_dags/example_branch_python_dop_operator_3.py for tasks to queue
[2026-05-09T19:52:20.964+0000] {logging_mixin.py:188} INFO - [2026-05-09T19:52:20.964+0000] {dagbag.py:545} INFO - Filling up the DagBag from /home/airflow/.local/lib/python3.12/site-packages/airflow/example_dags/example_branch_python_dop_operator_3.py
[2026-05-09T19:52:20.972+0000] {processor.py:840} INFO - DAG(s) 'example_branch_dop_operator_v3' retrieved from /home/airflow/.local/lib/python3.12/site-packages/airflow/example_dags/example_branch_python_dop_operator_3.py
[2026-05-09T19:52:20.992+0000] {logging_mixin.py:188} INFO - [2026-05-09T19:52:20.992+0000] {dag.py:3096} INFO - Sync 1 DAGs
[2026-05-09T19:52:21.018+0000] {logging_mixin.py:188} INFO - [2026-05-09T19:52:21.017+0000] {dag.py:3954} INFO - Setting next_dagrun for example_branch_dop_operator_v3 to 2026-05-09 19:51:00+00:00, run_after=2026-05-09 19:52:00+00:00
[2026-05-09T19:52:21.041+0000] {processor.py:183} INFO - Processing /home/airflow/.local/lib/python3.12/site-packages/airflow/example_dags/example_branch_python_dop_operator_3.py took 0.085 seconds
[2026-05-09T19:52:52.122+0000] {processor.py:161} INFO - Started process (PID=7082) to work on /home/airflow/.local/lib/python3.12/site-packages/airflow/example_dags/example_branch_python_dop_operator_3.py
[2026-05-09T19:52:52.123+0000] {processor.py:830} INFO - Processing file /home/airflow/.local/lib/python3.12/site-packages/airflow/example_dags/example_branch_python_dop_operator_3.py for tasks to queue
[2026-05-09T19:52:52.125+0000] {logging_mixin.py:188} INFO - [2026-05-09T19:52:52.125+0000] {dagbag.py:545} INFO - Filling up the DagBag from /home/airflow/.local/lib/python3.12/site-packages/airflow/example_dags/example_branch_python_dop_operator_3.py
[2026-05-09T19:52:52.137+0000] {processor.py:840} INFO - DAG(s) 'example_branch_dop_operator_v3' retrieved from /home/airflow/.local/lib/python3.12/site-packages/airflow/example_dags/example_branch_python_dop_operator_3.py
[2026-05-09T19:52:52.165+0000] {logging_mixin.py:188} INFO - [2026-05-09T19:52:52.164+0000] {dag.py:3096} INFO - Sync 1 DAGs
[2026-05-09T19:52:52.198+0000] {logging_mixin.py:188} INFO - [2026-05-09T19:52:52.197+0000] {dag.py:3954} INFO - Setting next_dagrun for example_branch_dop_operator_v3 to 2026-05-09 19:51:00+00:00, run_after=2026-05-09 19:52:00+00:00
[2026-05-09T19:52:52.231+0000] {processor.py:183} INFO - Processing /home/airflow/.local/lib/python3.12/site-packages/airflow/example_dags/example_branch_python_dop_operator_3.py took 0.116 seconds
[2026-05-09T19:53:23.180+0000] {processor.py:161} INFO - Started process (PID=7141) to work on /home/airflow/.local/lib/python3.12/site-packages/airflow/example_dags/example_branch_python_dop_operator_3.py
[2026-05-09T19:53:23.182+0000] {processor.py:830} INFO - Processing file /home/airflow/.local/lib/python3.12/site-packages/airflow/example_dags/example_branch_python_dop_operator_3.py for tasks to queue
[2026-05-09T19:53:23.184+0000] {logging_mixin.py:188} INFO - [2026-05-09T19:53:23.183+0000] {dagbag.py:545} INFO - Filling up the DagBag from /home/airflow/.local/lib/python3.12/site-packages/airflow/example_dags/example_branch_python_dop_operator_3.py
[2026-05-09T19:53:23.192+0000] {processor.py:840} INFO - DAG(s) 'example_branch_dop_operator_v3' retrieved from /home/airflow/.local/lib/python3.12/site-packages/airflow/example_dags/example_branch_python_dop_operator_3.py
[2026-05-09T19:53:23.215+0000] {logging_mixin.py:188} INFO - [2026-05-09T19:53:23.215+0000] {dag.py:3096} INFO - Sync 1 DAGs
[2026-05-09T19:53:23.247+0000] {logging_mixin.py:188} INFO - [2026-05-09T19:53:23.247+0000] {dag.py:3954} INFO - Setting next_dagrun for example_branch_dop_operator_v3 to 2026-05-09 19:52:00+00:00, run_after=2026-05-09 19:53:00+00:00
[2026-05-09T19:53:23.275+0000] {processor.py:183} INFO - Processing /home/airflow/.local/lib/python3.12/site-packages/airflow/example_dags/example_branch_python_dop_operator_3.py took 0.100 seconds
[2026-05-09T19:53:54.085+0000] {processor.py:161} INFO - Started process (PID=7200) to work on /home/airflow/.local/lib/python3.12/site-packages/airflow/example_dags/example_branch_python_dop_operator_3.py
[2026-05-09T19:53:54.086+0000] {processor.py:830} INFO - Processing file /home/airflow/.local/lib/python3.12/site-packages/airflow/example_dags/example_branch_python_dop_operator_3.py for tasks to queue
[2026-05-09T19:53:54.088+0000] {logging_mixin.py:188} INFO - [2026-05-09T19:53:54.088+0000] {dagbag.py:545} INFO - Filling up the DagBag from /home/airflow/.local/lib/python3.12/site-packages/airflow/example_dags/example_branch_python_dop_operator_3.py
[2026-05-09T19:53:54.096+0000] {processor.py:840} INFO - DAG(s) 'example_branch_dop_operator_v3' retrieved from /home/airflow/.local/lib/python3.12/site-packages/airflow/example_dags/example_branch_python_dop_operator_3.py
[2026-05-09T19:53:54.117+0000] {logging_mixin.py:188} INFO - [2026-05-09T19:53:54.117+0000] {dag.py:3096} INFO - Sync 1 DAGs
[2026-05-09T19:53:54.142+0000] {logging_mixin.py:188} INFO - [2026-05-09T19:53:54.142+0000] {dag.py:3954} INFO - Setting next_dagrun for example_branch_dop_operator_v3 to 2026-05-09 19:52:00+00:00, run_after=2026-05-09 19:53:00+00:00
[2026-05-09T19:53:54.167+0000] {processor.py:183} INFO - Processing /home/airflow/.local/lib/python3.12/site-packages/airflow/example_dags/example_branch_python_dop_operator_3.py took 0.088 seconds
[2026-05-09T19:54:24.458+0000] {processor.py:161} INFO - Started process (PID=7259) to work on /home/airflow/.local/lib/python3.12/site-packages/airflow/example_dags/example_branch_python_dop_operator_3.py
[2026-05-09T19:54:24.459+0000] {processor.py:830} INFO - Processing file /home/airflow/.local/lib/python3.12/site-packages/airflow/example_dags/example_branch_python_dop_operator_3.py for tasks to queue
[2026-05-09T19:54:24.461+0000] {logging_mixin.py:188} INFO - [2026-05-09T19:54:24.461+0000] {dagbag.py:545} INFO - Filling up the DagBag from /home/airflow/.local/lib/python3.12/site-packages/airflow/example_dags/example_branch_python_dop_operator_3.py
[2026-05-09T19:54:24.469+0000] {processor.py:840} INFO - DAG(s) 'example_branch_dop_operator_v3' retrieved from /home/airflow/.local/lib/python3.12/site-packages/airflow/example_dags/example_branch_python_dop_operator_3.py
[2026-05-09T19:54:24.491+0000] {logging_mixin.py:188} INFO - [2026-05-09T19:54:24.491+0000] {dag.py:3096} INFO - Sync 1 DAGs
[2026-05-09T19:54:24.518+0000] {logging_mixin.py:188} INFO - [2026-05-09T19:54:24.518+0000] {dag.py:3954} INFO - Setting next_dagrun for example_branch_dop_operator_v3 to 2026-05-09 19:53:00+00:00, run_after=2026-05-09 19:54:00+00:00
[2026-05-09T19:54:24.547+0000] {processor.py:183} INFO - Processing /home/airflow/.local/lib/python3.12/site-packages/airflow/example_dags/example_branch_python_dop_operator_3.py took 0.095 seconds
