[2026-05-09T18:42:15.298+0000] {processor.py:161} INFO - Started process (PID=71) to work on /home/airflow/.local/lib/python3.12/site-packages/airflow/example_dags/example_complex.py
[2026-05-09T18:42:15.299+0000] {processor.py:830} INFO - Processing file /home/airflow/.local/lib/python3.12/site-packages/airflow/example_dags/example_complex.py for tasks to queue
[2026-05-09T18:42:15.302+0000] {logging_mixin.py:188} INFO - [2026-05-09T18:42:15.301+0000] {dagbag.py:545} INFO - Filling up the DagBag from /home/airflow/.local/lib/python3.12/site-packages/airflow/example_dags/example_complex.py
[2026-05-09T18:42:15.318+0000] {processor.py:840} INFO - DAG(s) 'example_complex' retrieved from /home/airflow/.local/lib/python3.12/site-packages/airflow/example_dags/example_complex.py
[2026-05-09T18:42:15.505+0000] {logging_mixin.py:188} INFO - [2026-05-09T18:42:15.504+0000] {dag.py:3096} INFO - Sync 1 DAGs
[2026-05-09T18:42:15.522+0000] {logging_mixin.py:188} INFO - [2026-05-09T18:42:15.522+0000] {dag.py:3954} INFO - Setting next_dagrun for example_complex to None, run_after=None
[2026-05-09T18:42:15.558+0000] {processor.py:183} INFO - Processing /home/airflow/.local/lib/python3.12/site-packages/airflow/example_dags/example_complex.py took 0.267 seconds
[2026-05-09T18:42:46.057+0000] {processor.py:161} INFO - Started process (PID=129) to work on /home/airflow/.local/lib/python3.12/site-packages/airflow/example_dags/example_complex.py
[2026-05-09T18:42:46.059+0000] {processor.py:830} INFO - Processing file /home/airflow/.local/lib/python3.12/site-packages/airflow/example_dags/example_complex.py for tasks to queue
[2026-05-09T18:42:46.062+0000] {logging_mixin.py:188} INFO - [2026-05-09T18:42:46.061+0000] {dagbag.py:545} INFO - Filling up the DagBag from /home/airflow/.local/lib/python3.12/site-packages/airflow/example_dags/example_complex.py
[2026-05-09T18:42:46.079+0000] {processor.py:840} INFO - DAG(s) 'example_complex' retrieved from /home/airflow/.local/lib/python3.12/site-packages/airflow/example_dags/example_complex.py
[2026-05-09T18:42:46.122+0000] {logging_mixin.py:188} INFO - [2026-05-09T18:42:46.122+0000] {dag.py:3096} INFO - Sync 1 DAGs
[2026-05-09T18:42:46.138+0000] {logging_mixin.py:188} INFO - [2026-05-09T18:42:46.138+0000] {dag.py:3954} INFO - Setting next_dagrun for example_complex to None, run_after=None
[2026-05-09T18:42:46.175+0000] {processor.py:183} INFO - Processing /home/airflow/.local/lib/python3.12/site-packages/airflow/example_dags/example_complex.py took 0.124 seconds
[2026-05-09T18:43:20.607+0000] {processor.py:161} INFO - Started process (PID=193) to work on /home/airflow/.local/lib/python3.12/site-packages/airflow/example_dags/example_complex.py
[2026-05-09T18:43:20.610+0000] {processor.py:830} INFO - Processing file /home/airflow/.local/lib/python3.12/site-packages/airflow/example_dags/example_complex.py for tasks to queue
[2026-05-09T18:43:20.614+0000] {logging_mixin.py:188} INFO - [2026-05-09T18:43:20.613+0000] {dagbag.py:545} INFO - Filling up the DagBag from /home/airflow/.local/lib/python3.12/site-packages/airflow/example_dags/example_complex.py
[2026-05-09T18:43:20.627+0000] {processor.py:840} INFO - DAG(s) 'example_complex' retrieved from /home/airflow/.local/lib/python3.12/site-packages/airflow/example_dags/example_complex.py
[2026-05-09T18:43:20.672+0000] {logging_mixin.py:188} INFO - [2026-05-09T18:43:20.671+0000] {dag.py:3096} INFO - Sync 1 DAGs
[2026-05-09T18:43:20.692+0000] {logging_mixin.py:188} INFO - [2026-05-09T18:43:20.691+0000] {dag.py:3954} INFO - Setting next_dagrun for example_complex to None, run_after=None
[2026-05-09T18:43:20.732+0000] {processor.py:183} INFO - Processing /home/airflow/.local/lib/python3.12/site-packages/airflow/example_dags/example_complex.py took 0.133 seconds
[2026-05-09T18:43:52.303+0000] {processor.py:161} INFO - Started process (PID=251) to work on /home/airflow/.local/lib/python3.12/site-packages/airflow/example_dags/example_complex.py
[2026-05-09T18:43:52.373+0000] {processor.py:830} INFO - Processing file /home/airflow/.local/lib/python3.12/site-packages/airflow/example_dags/example_complex.py for tasks to queue
[2026-05-09T18:43:52.376+0000] {logging_mixin.py:188} INFO - [2026-05-09T18:43:52.375+0000] {dagbag.py:545} INFO - Filling up the DagBag from /home/airflow/.local/lib/python3.12/site-packages/airflow/example_dags/example_complex.py
[2026-05-09T18:43:52.387+0000] {processor.py:840} INFO - DAG(s) 'example_complex' retrieved from /home/airflow/.local/lib/python3.12/site-packages/airflow/example_dags/example_complex.py
[2026-05-09T18:43:52.427+0000] {logging_mixin.py:188} INFO - [2026-05-09T18:43:52.427+0000] {dag.py:3096} INFO - Sync 1 DAGs
[2026-05-09T18:43:52.449+0000] {logging_mixin.py:188} INFO - [2026-05-09T18:43:52.448+0000] {dag.py:3954} INFO - Setting next_dagrun for example_complex to None, run_after=None
[2026-05-09T18:43:52.917+0000] {processor.py:183} INFO - Processing /home/airflow/.local/lib/python3.12/site-packages/airflow/example_dags/example_complex.py took 0.620 seconds
[2026-05-09T18:44:23.826+0000] {processor.py:161} INFO - Started process (PID=309) to work on /home/airflow/.local/lib/python3.12/site-packages/airflow/example_dags/example_complex.py
[2026-05-09T18:44:23.828+0000] {processor.py:830} INFO - Processing file /home/airflow/.local/lib/python3.12/site-packages/airflow/example_dags/example_complex.py for tasks to queue
[2026-05-09T18:44:23.830+0000] {logging_mixin.py:188} INFO - [2026-05-09T18:44:23.829+0000] {dagbag.py:545} INFO - Filling up the DagBag from /home/airflow/.local/lib/python3.12/site-packages/airflow/example_dags/example_complex.py
[2026-05-09T18:44:23.839+0000] {processor.py:840} INFO - DAG(s) 'example_complex' retrieved from /home/airflow/.local/lib/python3.12/site-packages/airflow/example_dags/example_complex.py
[2026-05-09T18:44:23.873+0000] {logging_mixin.py:188} INFO - [2026-05-09T18:44:23.873+0000] {dag.py:3096} INFO - Sync 1 DAGs
[2026-05-09T18:44:23.887+0000] {logging_mixin.py:188} INFO - [2026-05-09T18:44:23.887+0000] {dag.py:3954} INFO - Setting next_dagrun for example_complex to None, run_after=None
[2026-05-09T18:44:23.912+0000] {processor.py:183} INFO - Processing /home/airflow/.local/lib/python3.12/site-packages/airflow/example_dags/example_complex.py took 0.091 seconds
[2026-05-09T18:44:54.825+0000] {processor.py:161} INFO - Started process (PID=367) to work on /home/airflow/.local/lib/python3.12/site-packages/airflow/example_dags/example_complex.py
[2026-05-09T18:44:54.827+0000] {processor.py:830} INFO - Processing file /home/airflow/.local/lib/python3.12/site-packages/airflow/example_dags/example_complex.py for tasks to queue
[2026-05-09T18:44:54.829+0000] {logging_mixin.py:188} INFO - [2026-05-09T18:44:54.828+0000] {dagbag.py:545} INFO - Filling up the DagBag from /home/airflow/.local/lib/python3.12/site-packages/airflow/example_dags/example_complex.py
[2026-05-09T18:44:54.838+0000] {processor.py:840} INFO - DAG(s) 'example_complex' retrieved from /home/airflow/.local/lib/python3.12/site-packages/airflow/example_dags/example_complex.py
[2026-05-09T18:44:54.869+0000] {logging_mixin.py:188} INFO - [2026-05-09T18:44:54.869+0000] {dag.py:3096} INFO - Sync 1 DAGs
[2026-05-09T18:44:54.885+0000] {logging_mixin.py:188} INFO - [2026-05-09T18:44:54.885+0000] {dag.py:3954} INFO - Setting next_dagrun for example_complex to None, run_after=None
[2026-05-09T18:44:54.921+0000] {processor.py:183} INFO - Processing /home/airflow/.local/lib/python3.12/site-packages/airflow/example_dags/example_complex.py took 0.101 seconds
[2026-05-09T18:45:25.799+0000] {processor.py:161} INFO - Started process (PID=425) to work on /home/airflow/.local/lib/python3.12/site-packages/airflow/example_dags/example_complex.py
[2026-05-09T18:45:25.801+0000] {processor.py:830} INFO - Processing file /home/airflow/.local/lib/python3.12/site-packages/airflow/example_dags/example_complex.py for tasks to queue
[2026-05-09T18:45:25.803+0000] {logging_mixin.py:188} INFO - [2026-05-09T18:45:25.802+0000] {dagbag.py:545} INFO - Filling up the DagBag from /home/airflow/.local/lib/python3.12/site-packages/airflow/example_dags/example_complex.py
[2026-05-09T18:45:25.812+0000] {processor.py:840} INFO - DAG(s) 'example_complex' retrieved from /home/airflow/.local/lib/python3.12/site-packages/airflow/example_dags/example_complex.py
[2026-05-09T18:45:25.844+0000] {logging_mixin.py:188} INFO - [2026-05-09T18:45:25.844+0000] {dag.py:3096} INFO - Sync 1 DAGs
[2026-05-09T18:45:25.857+0000] {logging_mixin.py:188} INFO - [2026-05-09T18:45:25.856+0000] {dag.py:3954} INFO - Setting next_dagrun for example_complex to None, run_after=None
[2026-05-09T18:45:25.882+0000] {processor.py:183} INFO - Processing /home/airflow/.local/lib/python3.12/site-packages/airflow/example_dags/example_complex.py took 0.087 seconds
[2026-05-09T18:45:56.284+0000] {processor.py:161} INFO - Started process (PID=483) to work on /home/airflow/.local/lib/python3.12/site-packages/airflow/example_dags/example_complex.py
[2026-05-09T18:45:56.285+0000] {processor.py:830} INFO - Processing file /home/airflow/.local/lib/python3.12/site-packages/airflow/example_dags/example_complex.py for tasks to queue
[2026-05-09T18:45:56.287+0000] {logging_mixin.py:188} INFO - [2026-05-09T18:45:56.287+0000] {dagbag.py:545} INFO - Filling up the DagBag from /home/airflow/.local/lib/python3.12/site-packages/airflow/example_dags/example_complex.py
[2026-05-09T18:45:56.297+0000] {processor.py:840} INFO - DAG(s) 'example_complex' retrieved from /home/airflow/.local/lib/python3.12/site-packages/airflow/example_dags/example_complex.py
[2026-05-09T18:45:56.331+0000] {logging_mixin.py:188} INFO - [2026-05-09T18:45:56.331+0000] {dag.py:3096} INFO - Sync 1 DAGs
[2026-05-09T18:45:56.344+0000] {logging_mixin.py:188} INFO - [2026-05-09T18:45:56.343+0000] {dag.py:3954} INFO - Setting next_dagrun for example_complex to None, run_after=None
[2026-05-09T18:45:56.367+0000] {processor.py:183} INFO - Processing /home/airflow/.local/lib/python3.12/site-packages/airflow/example_dags/example_complex.py took 0.088 seconds
[2026-05-09T18:46:26.820+0000] {processor.py:161} INFO - Started process (PID=541) to work on /home/airflow/.local/lib/python3.12/site-packages/airflow/example_dags/example_complex.py
[2026-05-09T18:46:26.821+0000] {processor.py:830} INFO - Processing file /home/airflow/.local/lib/python3.12/site-packages/airflow/example_dags/example_complex.py for tasks to queue
[2026-05-09T18:46:26.823+0000] {logging_mixin.py:188} INFO - [2026-05-09T18:46:26.823+0000] {dagbag.py:545} INFO - Filling up the DagBag from /home/airflow/.local/lib/python3.12/site-packages/airflow/example_dags/example_complex.py
[2026-05-09T18:46:26.833+0000] {processor.py:840} INFO - DAG(s) 'example_complex' retrieved from /home/airflow/.local/lib/python3.12/site-packages/airflow/example_dags/example_complex.py
[2026-05-09T18:46:26.865+0000] {logging_mixin.py:188} INFO - [2026-05-09T18:46:26.865+0000] {dag.py:3096} INFO - Sync 1 DAGs
[2026-05-09T18:46:26.879+0000] {logging_mixin.py:188} INFO - [2026-05-09T18:46:26.879+0000] {dag.py:3954} INFO - Setting next_dagrun for example_complex to None, run_after=None
[2026-05-09T18:46:26.903+0000] {processor.py:183} INFO - Processing /home/airflow/.local/lib/python3.12/site-packages/airflow/example_dags/example_complex.py took 0.088 seconds
[2026-05-09T18:51:01.152+0000] {processor.py:161} INFO - Started process (PID=90) to work on /home/airflow/.local/lib/python3.12/site-packages/airflow/example_dags/example_complex.py
[2026-05-09T18:51:01.153+0000] {processor.py:830} INFO - Processing file /home/airflow/.local/lib/python3.12/site-packages/airflow/example_dags/example_complex.py for tasks to queue
[2026-05-09T18:51:01.156+0000] {logging_mixin.py:188} INFO - [2026-05-09T18:51:01.156+0000] {dagbag.py:545} INFO - Filling up the DagBag from /home/airflow/.local/lib/python3.12/site-packages/airflow/example_dags/example_complex.py
[2026-05-09T18:51:01.172+0000] {processor.py:840} INFO - DAG(s) 'example_complex' retrieved from /home/airflow/.local/lib/python3.12/site-packages/airflow/example_dags/example_complex.py
[2026-05-09T18:51:01.336+0000] {logging_mixin.py:188} INFO - [2026-05-09T18:51:01.336+0000] {dag.py:3096} INFO - Sync 1 DAGs
[2026-05-09T18:51:01.351+0000] {logging_mixin.py:188} INFO - [2026-05-09T18:51:01.351+0000] {dag.py:3954} INFO - Setting next_dagrun for example_complex to None, run_after=None
[2026-05-09T18:51:01.950+0000] {processor.py:183} INFO - Processing /home/airflow/.local/lib/python3.12/site-packages/airflow/example_dags/example_complex.py took 0.806 seconds
[2026-05-09T18:51:51.415+0000] {processor.py:161} INFO - Started process (PID=59) to work on /home/airflow/.local/lib/python3.12/site-packages/airflow/example_dags/example_complex.py
[2026-05-09T18:51:51.417+0000] {processor.py:830} INFO - Processing file /home/airflow/.local/lib/python3.12/site-packages/airflow/example_dags/example_complex.py for tasks to queue
[2026-05-09T18:51:51.419+0000] {logging_mixin.py:188} INFO - [2026-05-09T18:51:51.418+0000] {dagbag.py:545} INFO - Filling up the DagBag from /home/airflow/.local/lib/python3.12/site-packages/airflow/example_dags/example_complex.py
[2026-05-09T18:51:51.431+0000] {processor.py:840} INFO - DAG(s) 'example_complex' retrieved from /home/airflow/.local/lib/python3.12/site-packages/airflow/example_dags/example_complex.py
[2026-05-09T18:51:51.471+0000] {logging_mixin.py:188} INFO - [2026-05-09T18:51:51.471+0000] {dag.py:3096} INFO - Sync 1 DAGs
[2026-05-09T18:51:51.484+0000] {logging_mixin.py:188} INFO - [2026-05-09T18:51:51.484+0000] {dag.py:3954} INFO - Setting next_dagrun for example_complex to None, run_after=None
[2026-05-09T18:51:51.510+0000] {processor.py:183} INFO - Processing /home/airflow/.local/lib/python3.12/site-packages/airflow/example_dags/example_complex.py took 0.104 seconds
[2026-05-09T18:52:21.944+0000] {processor.py:161} INFO - Started process (PID=117) to work on /home/airflow/.local/lib/python3.12/site-packages/airflow/example_dags/example_complex.py
[2026-05-09T18:52:21.945+0000] {processor.py:830} INFO - Processing file /home/airflow/.local/lib/python3.12/site-packages/airflow/example_dags/example_complex.py for tasks to queue
[2026-05-09T18:52:21.947+0000] {logging_mixin.py:188} INFO - [2026-05-09T18:52:21.947+0000] {dagbag.py:545} INFO - Filling up the DagBag from /home/airflow/.local/lib/python3.12/site-packages/airflow/example_dags/example_complex.py
[2026-05-09T18:52:21.956+0000] {processor.py:840} INFO - DAG(s) 'example_complex' retrieved from /home/airflow/.local/lib/python3.12/site-packages/airflow/example_dags/example_complex.py
[2026-05-09T18:52:21.988+0000] {logging_mixin.py:188} INFO - [2026-05-09T18:52:21.988+0000] {dag.py:3096} INFO - Sync 1 DAGs
[2026-05-09T18:52:22.002+0000] {logging_mixin.py:188} INFO - [2026-05-09T18:52:22.001+0000] {dag.py:3954} INFO - Setting next_dagrun for example_complex to None, run_after=None
[2026-05-09T18:52:22.025+0000] {processor.py:183} INFO - Processing /home/airflow/.local/lib/python3.12/site-packages/airflow/example_dags/example_complex.py took 0.085 seconds
[2026-05-09T18:52:56.741+0000] {processor.py:161} INFO - Started process (PID=181) to work on /home/airflow/.local/lib/python3.12/site-packages/airflow/example_dags/example_complex.py
[2026-05-09T18:52:56.742+0000] {processor.py:830} INFO - Processing file /home/airflow/.local/lib/python3.12/site-packages/airflow/example_dags/example_complex.py for tasks to queue
[2026-05-09T18:52:56.744+0000] {logging_mixin.py:188} INFO - [2026-05-09T18:52:56.744+0000] {dagbag.py:545} INFO - Filling up the DagBag from /home/airflow/.local/lib/python3.12/site-packages/airflow/example_dags/example_complex.py
[2026-05-09T18:52:56.758+0000] {processor.py:840} INFO - DAG(s) 'example_complex' retrieved from /home/airflow/.local/lib/python3.12/site-packages/airflow/example_dags/example_complex.py
[2026-05-09T18:52:56.790+0000] {logging_mixin.py:188} INFO - [2026-05-09T18:52:56.790+0000] {dag.py:3096} INFO - Sync 1 DAGs
[2026-05-09T18:52:56.805+0000] {logging_mixin.py:188} INFO - [2026-05-09T18:52:56.804+0000] {dag.py:3954} INFO - Setting next_dagrun for example_complex to None, run_after=None
[2026-05-09T18:52:57.631+0000] {processor.py:183} INFO - Processing /home/airflow/.local/lib/python3.12/site-packages/airflow/example_dags/example_complex.py took 0.895 seconds
[2026-05-09T18:53:27.754+0000] {processor.py:161} INFO - Started process (PID=239) to work on /home/airflow/.local/lib/python3.12/site-packages/airflow/example_dags/example_complex.py
[2026-05-09T18:53:27.756+0000] {processor.py:830} INFO - Processing file /home/airflow/.local/lib/python3.12/site-packages/airflow/example_dags/example_complex.py for tasks to queue
[2026-05-09T18:53:27.758+0000] {logging_mixin.py:188} INFO - [2026-05-09T18:53:27.758+0000] {dagbag.py:545} INFO - Filling up the DagBag from /home/airflow/.local/lib/python3.12/site-packages/airflow/example_dags/example_complex.py
[2026-05-09T18:53:27.768+0000] {processor.py:840} INFO - DAG(s) 'example_complex' retrieved from /home/airflow/.local/lib/python3.12/site-packages/airflow/example_dags/example_complex.py
[2026-05-09T18:53:27.802+0000] {logging_mixin.py:188} INFO - [2026-05-09T18:53:27.801+0000] {dag.py:3096} INFO - Sync 1 DAGs
[2026-05-09T18:53:27.816+0000] {logging_mixin.py:188} INFO - [2026-05-09T18:53:27.815+0000] {dag.py:3954} INFO - Setting next_dagrun for example_complex to None, run_after=None
[2026-05-09T18:53:27.839+0000] {processor.py:183} INFO - Processing /home/airflow/.local/lib/python3.12/site-packages/airflow/example_dags/example_complex.py took 0.091 seconds
[2026-05-09T18:53:58.855+0000] {processor.py:161} INFO - Started process (PID=297) to work on /home/airflow/.local/lib/python3.12/site-packages/airflow/example_dags/example_complex.py
[2026-05-09T18:53:58.857+0000] {processor.py:830} INFO - Processing file /home/airflow/.local/lib/python3.12/site-packages/airflow/example_dags/example_complex.py for tasks to queue
[2026-05-09T18:53:58.860+0000] {logging_mixin.py:188} INFO - [2026-05-09T18:53:58.859+0000] {dagbag.py:545} INFO - Filling up the DagBag from /home/airflow/.local/lib/python3.12/site-packages/airflow/example_dags/example_complex.py
[2026-05-09T18:53:58.873+0000] {processor.py:840} INFO - DAG(s) 'example_complex' retrieved from /home/airflow/.local/lib/python3.12/site-packages/airflow/example_dags/example_complex.py
[2026-05-09T18:53:58.910+0000] {logging_mixin.py:188} INFO - [2026-05-09T18:53:58.909+0000] {dag.py:3096} INFO - Sync 1 DAGs
[2026-05-09T18:53:58.924+0000] {logging_mixin.py:188} INFO - [2026-05-09T18:53:58.924+0000] {dag.py:3954} INFO - Setting next_dagrun for example_complex to None, run_after=None
[2026-05-09T18:53:59.397+0000] {processor.py:183} INFO - Processing /home/airflow/.local/lib/python3.12/site-packages/airflow/example_dags/example_complex.py took 0.548 seconds
[2026-05-09T18:54:30.168+0000] {processor.py:161} INFO - Started process (PID=355) to work on /home/airflow/.local/lib/python3.12/site-packages/airflow/example_dags/example_complex.py
[2026-05-09T18:54:30.170+0000] {processor.py:830} INFO - Processing file /home/airflow/.local/lib/python3.12/site-packages/airflow/example_dags/example_complex.py for tasks to queue
[2026-05-09T18:54:30.171+0000] {logging_mixin.py:188} INFO - [2026-05-09T18:54:30.171+0000] {dagbag.py:545} INFO - Filling up the DagBag from /home/airflow/.local/lib/python3.12/site-packages/airflow/example_dags/example_complex.py
[2026-05-09T18:54:30.180+0000] {processor.py:840} INFO - DAG(s) 'example_complex' retrieved from /home/airflow/.local/lib/python3.12/site-packages/airflow/example_dags/example_complex.py
[2026-05-09T18:54:30.210+0000] {logging_mixin.py:188} INFO - [2026-05-09T18:54:30.210+0000] {dag.py:3096} INFO - Sync 1 DAGs
[2026-05-09T18:54:30.223+0000] {logging_mixin.py:188} INFO - [2026-05-09T18:54:30.223+0000] {dag.py:3954} INFO - Setting next_dagrun for example_complex to None, run_after=None
[2026-05-09T18:54:30.248+0000] {processor.py:183} INFO - Processing /home/airflow/.local/lib/python3.12/site-packages/airflow/example_dags/example_complex.py took 0.084 seconds
[2026-05-09T18:55:00.480+0000] {processor.py:161} INFO - Started process (PID=413) to work on /home/airflow/.local/lib/python3.12/site-packages/airflow/example_dags/example_complex.py
[2026-05-09T18:55:00.482+0000] {processor.py:830} INFO - Processing file /home/airflow/.local/lib/python3.12/site-packages/airflow/example_dags/example_complex.py for tasks to queue
[2026-05-09T18:55:00.485+0000] {logging_mixin.py:188} INFO - [2026-05-09T18:55:00.484+0000] {dagbag.py:545} INFO - Filling up the DagBag from /home/airflow/.local/lib/python3.12/site-packages/airflow/example_dags/example_complex.py
[2026-05-09T18:55:00.497+0000] {processor.py:840} INFO - DAG(s) 'example_complex' retrieved from /home/airflow/.local/lib/python3.12/site-packages/airflow/example_dags/example_complex.py
[2026-05-09T18:55:00.534+0000] {logging_mixin.py:188} INFO - [2026-05-09T18:55:00.534+0000] {dag.py:3096} INFO - Sync 1 DAGs
[2026-05-09T18:55:00.550+0000] {logging_mixin.py:188} INFO - [2026-05-09T18:55:00.550+0000] {dag.py:3954} INFO - Setting next_dagrun for example_complex to None, run_after=None
[2026-05-09T18:55:00.579+0000] {processor.py:183} INFO - Processing /home/airflow/.local/lib/python3.12/site-packages/airflow/example_dags/example_complex.py took 0.106 seconds
[2026-05-09T18:55:30.745+0000] {processor.py:161} INFO - Started process (PID=471) to work on /home/airflow/.local/lib/python3.12/site-packages/airflow/example_dags/example_complex.py
[2026-05-09T18:55:30.746+0000] {processor.py:830} INFO - Processing file /home/airflow/.local/lib/python3.12/site-packages/airflow/example_dags/example_complex.py for tasks to queue
[2026-05-09T18:55:30.748+0000] {logging_mixin.py:188} INFO - [2026-05-09T18:55:30.748+0000] {dagbag.py:545} INFO - Filling up the DagBag from /home/airflow/.local/lib/python3.12/site-packages/airflow/example_dags/example_complex.py
[2026-05-09T18:55:30.757+0000] {processor.py:840} INFO - DAG(s) 'example_complex' retrieved from /home/airflow/.local/lib/python3.12/site-packages/airflow/example_dags/example_complex.py
[2026-05-09T18:55:30.788+0000] {logging_mixin.py:188} INFO - [2026-05-09T18:55:30.788+0000] {dag.py:3096} INFO - Sync 1 DAGs
[2026-05-09T18:55:30.800+0000] {logging_mixin.py:188} INFO - [2026-05-09T18:55:30.800+0000] {dag.py:3954} INFO - Setting next_dagrun for example_complex to None, run_after=None
[2026-05-09T18:55:30.823+0000] {processor.py:183} INFO - Processing /home/airflow/.local/lib/python3.12/site-packages/airflow/example_dags/example_complex.py took 0.083 seconds
[2026-05-09T18:56:01.049+0000] {processor.py:161} INFO - Started process (PID=529) to work on /home/airflow/.local/lib/python3.12/site-packages/airflow/example_dags/example_complex.py
[2026-05-09T18:56:01.050+0000] {processor.py:830} INFO - Processing file /home/airflow/.local/lib/python3.12/site-packages/airflow/example_dags/example_complex.py for tasks to queue
[2026-05-09T18:56:01.052+0000] {logging_mixin.py:188} INFO - [2026-05-09T18:56:01.052+0000] {dagbag.py:545} INFO - Filling up the DagBag from /home/airflow/.local/lib/python3.12/site-packages/airflow/example_dags/example_complex.py
[2026-05-09T18:56:01.061+0000] {processor.py:840} INFO - DAG(s) 'example_complex' retrieved from /home/airflow/.local/lib/python3.12/site-packages/airflow/example_dags/example_complex.py
[2026-05-09T18:56:01.091+0000] {logging_mixin.py:188} INFO - [2026-05-09T18:56:01.091+0000] {dag.py:3096} INFO - Sync 1 DAGs
[2026-05-09T18:56:01.103+0000] {logging_mixin.py:188} INFO - [2026-05-09T18:56:01.103+0000] {dag.py:3954} INFO - Setting next_dagrun for example_complex to None, run_after=None
[2026-05-09T18:56:01.127+0000] {processor.py:183} INFO - Processing /home/airflow/.local/lib/python3.12/site-packages/airflow/example_dags/example_complex.py took 0.083 seconds
[2026-05-09T18:56:31.175+0000] {processor.py:161} INFO - Started process (PID=587) to work on /home/airflow/.local/lib/python3.12/site-packages/airflow/example_dags/example_complex.py
[2026-05-09T18:56:31.176+0000] {processor.py:830} INFO - Processing file /home/airflow/.local/lib/python3.12/site-packages/airflow/example_dags/example_complex.py for tasks to queue
[2026-05-09T18:56:31.179+0000] {logging_mixin.py:188} INFO - [2026-05-09T18:56:31.178+0000] {dagbag.py:545} INFO - Filling up the DagBag from /home/airflow/.local/lib/python3.12/site-packages/airflow/example_dags/example_complex.py
[2026-05-09T18:56:31.188+0000] {processor.py:840} INFO - DAG(s) 'example_complex' retrieved from /home/airflow/.local/lib/python3.12/site-packages/airflow/example_dags/example_complex.py
[2026-05-09T18:56:31.222+0000] {logging_mixin.py:188} INFO - [2026-05-09T18:56:31.221+0000] {dag.py:3096} INFO - Sync 1 DAGs
[2026-05-09T18:56:31.234+0000] {logging_mixin.py:188} INFO - [2026-05-09T18:56:31.234+0000] {dag.py:3954} INFO - Setting next_dagrun for example_complex to None, run_after=None
[2026-05-09T18:56:31.260+0000] {processor.py:183} INFO - Processing /home/airflow/.local/lib/python3.12/site-packages/airflow/example_dags/example_complex.py took 0.089 seconds
[2026-05-09T18:57:01.799+0000] {processor.py:161} INFO - Started process (PID=640) to work on /home/airflow/.local/lib/python3.12/site-packages/airflow/example_dags/example_complex.py
[2026-05-09T18:57:01.800+0000] {processor.py:830} INFO - Processing file /home/airflow/.local/lib/python3.12/site-packages/airflow/example_dags/example_complex.py for tasks to queue
[2026-05-09T18:57:01.803+0000] {logging_mixin.py:188} INFO - [2026-05-09T18:57:01.803+0000] {dagbag.py:545} INFO - Filling up the DagBag from /home/airflow/.local/lib/python3.12/site-packages/airflow/example_dags/example_complex.py
[2026-05-09T18:57:01.817+0000] {processor.py:840} INFO - DAG(s) 'example_complex' retrieved from /home/airflow/.local/lib/python3.12/site-packages/airflow/example_dags/example_complex.py
[2026-05-09T18:57:01.851+0000] {logging_mixin.py:188} INFO - [2026-05-09T18:57:01.850+0000] {dag.py:3096} INFO - Sync 1 DAGs
[2026-05-09T18:57:01.866+0000] {logging_mixin.py:188} INFO - [2026-05-09T18:57:01.866+0000] {dag.py:3954} INFO - Setting next_dagrun for example_complex to None, run_after=None
[2026-05-09T18:57:01.895+0000] {processor.py:183} INFO - Processing /home/airflow/.local/lib/python3.12/site-packages/airflow/example_dags/example_complex.py took 0.101 seconds
[2026-05-09T18:57:32.613+0000] {processor.py:161} INFO - Started process (PID=705) to work on /home/airflow/.local/lib/python3.12/site-packages/airflow/example_dags/example_complex.py
[2026-05-09T18:57:32.614+0000] {processor.py:830} INFO - Processing file /home/airflow/.local/lib/python3.12/site-packages/airflow/example_dags/example_complex.py for tasks to queue
[2026-05-09T18:57:32.616+0000] {logging_mixin.py:188} INFO - [2026-05-09T18:57:32.616+0000] {dagbag.py:545} INFO - Filling up the DagBag from /home/airflow/.local/lib/python3.12/site-packages/airflow/example_dags/example_complex.py
[2026-05-09T18:57:32.626+0000] {processor.py:840} INFO - DAG(s) 'example_complex' retrieved from /home/airflow/.local/lib/python3.12/site-packages/airflow/example_dags/example_complex.py
[2026-05-09T18:57:32.656+0000] {logging_mixin.py:188} INFO - [2026-05-09T18:57:32.656+0000] {dag.py:3096} INFO - Sync 1 DAGs
[2026-05-09T18:57:32.669+0000] {logging_mixin.py:188} INFO - [2026-05-09T18:57:32.669+0000] {dag.py:3954} INFO - Setting next_dagrun for example_complex to None, run_after=None
[2026-05-09T18:57:32.691+0000] {processor.py:183} INFO - Processing /home/airflow/.local/lib/python3.12/site-packages/airflow/example_dags/example_complex.py took 0.082 seconds
[2026-05-09T18:58:02.821+0000] {processor.py:161} INFO - Started process (PID=758) to work on /home/airflow/.local/lib/python3.12/site-packages/airflow/example_dags/example_complex.py
[2026-05-09T18:58:02.822+0000] {processor.py:830} INFO - Processing file /home/airflow/.local/lib/python3.12/site-packages/airflow/example_dags/example_complex.py for tasks to queue
[2026-05-09T18:58:02.825+0000] {logging_mixin.py:188} INFO - [2026-05-09T18:58:02.824+0000] {dagbag.py:545} INFO - Filling up the DagBag from /home/airflow/.local/lib/python3.12/site-packages/airflow/example_dags/example_complex.py
[2026-05-09T18:58:02.847+0000] {processor.py:840} INFO - DAG(s) 'example_complex' retrieved from /home/airflow/.local/lib/python3.12/site-packages/airflow/example_dags/example_complex.py
[2026-05-09T18:58:02.890+0000] {logging_mixin.py:188} INFO - [2026-05-09T18:58:02.889+0000] {dag.py:3096} INFO - Sync 1 DAGs
[2026-05-09T18:58:02.924+0000] {logging_mixin.py:188} INFO - [2026-05-09T18:58:02.923+0000] {dag.py:3954} INFO - Setting next_dagrun for example_complex to None, run_after=None
[2026-05-09T18:58:02.969+0000] {processor.py:183} INFO - Processing /home/airflow/.local/lib/python3.12/site-packages/airflow/example_dags/example_complex.py took 0.165 seconds
[2026-05-09T18:58:33.089+0000] {processor.py:161} INFO - Started process (PID=818) to work on /home/airflow/.local/lib/python3.12/site-packages/airflow/example_dags/example_complex.py
[2026-05-09T18:58:33.090+0000] {processor.py:830} INFO - Processing file /home/airflow/.local/lib/python3.12/site-packages/airflow/example_dags/example_complex.py for tasks to queue
[2026-05-09T18:58:33.092+0000] {logging_mixin.py:188} INFO - [2026-05-09T18:58:33.092+0000] {dagbag.py:545} INFO - Filling up the DagBag from /home/airflow/.local/lib/python3.12/site-packages/airflow/example_dags/example_complex.py
[2026-05-09T18:58:33.103+0000] {processor.py:840} INFO - DAG(s) 'example_complex' retrieved from /home/airflow/.local/lib/python3.12/site-packages/airflow/example_dags/example_complex.py
[2026-05-09T18:58:33.138+0000] {logging_mixin.py:188} INFO - [2026-05-09T18:58:33.137+0000] {dag.py:3096} INFO - Sync 1 DAGs
[2026-05-09T18:58:33.152+0000] {logging_mixin.py:188} INFO - [2026-05-09T18:58:33.151+0000] {dag.py:3954} INFO - Setting next_dagrun for example_complex to None, run_after=None
[2026-05-09T18:58:33.178+0000] {processor.py:183} INFO - Processing /home/airflow/.local/lib/python3.12/site-packages/airflow/example_dags/example_complex.py took 0.094 seconds
[2026-05-09T18:59:03.246+0000] {processor.py:161} INFO - Started process (PID=877) to work on /home/airflow/.local/lib/python3.12/site-packages/airflow/example_dags/example_complex.py
[2026-05-09T18:59:03.247+0000] {processor.py:830} INFO - Processing file /home/airflow/.local/lib/python3.12/site-packages/airflow/example_dags/example_complex.py for tasks to queue
[2026-05-09T18:59:03.249+0000] {logging_mixin.py:188} INFO - [2026-05-09T18:59:03.249+0000] {dagbag.py:545} INFO - Filling up the DagBag from /home/airflow/.local/lib/python3.12/site-packages/airflow/example_dags/example_complex.py
[2026-05-09T18:59:03.259+0000] {processor.py:840} INFO - DAG(s) 'example_complex' retrieved from /home/airflow/.local/lib/python3.12/site-packages/airflow/example_dags/example_complex.py
[2026-05-09T18:59:03.290+0000] {logging_mixin.py:188} INFO - [2026-05-09T18:59:03.289+0000] {dag.py:3096} INFO - Sync 1 DAGs
[2026-05-09T18:59:03.303+0000] {logging_mixin.py:188} INFO - [2026-05-09T18:59:03.303+0000] {dag.py:3954} INFO - Setting next_dagrun for example_complex to None, run_after=None
[2026-05-09T18:59:03.331+0000] {processor.py:183} INFO - Processing /home/airflow/.local/lib/python3.12/site-packages/airflow/example_dags/example_complex.py took 0.090 seconds
[2026-05-09T18:59:33.704+0000] {processor.py:161} INFO - Started process (PID=936) to work on /home/airflow/.local/lib/python3.12/site-packages/airflow/example_dags/example_complex.py
[2026-05-09T18:59:33.706+0000] {processor.py:830} INFO - Processing file /home/airflow/.local/lib/python3.12/site-packages/airflow/example_dags/example_complex.py for tasks to queue
[2026-05-09T18:59:33.708+0000] {logging_mixin.py:188} INFO - [2026-05-09T18:59:33.707+0000] {dagbag.py:545} INFO - Filling up the DagBag from /home/airflow/.local/lib/python3.12/site-packages/airflow/example_dags/example_complex.py
[2026-05-09T18:59:33.718+0000] {processor.py:840} INFO - DAG(s) 'example_complex' retrieved from /home/airflow/.local/lib/python3.12/site-packages/airflow/example_dags/example_complex.py
[2026-05-09T18:59:33.751+0000] {logging_mixin.py:188} INFO - [2026-05-09T18:59:33.750+0000] {dag.py:3096} INFO - Sync 1 DAGs
[2026-05-09T18:59:33.763+0000] {logging_mixin.py:188} INFO - [2026-05-09T18:59:33.763+0000] {dag.py:3954} INFO - Setting next_dagrun for example_complex to None, run_after=None
[2026-05-09T18:59:33.788+0000] {processor.py:183} INFO - Processing /home/airflow/.local/lib/python3.12/site-packages/airflow/example_dags/example_complex.py took 0.089 seconds
[2026-05-09T19:00:04.554+0000] {processor.py:161} INFO - Started process (PID=995) to work on /home/airflow/.local/lib/python3.12/site-packages/airflow/example_dags/example_complex.py
[2026-05-09T19:00:04.555+0000] {processor.py:830} INFO - Processing file /home/airflow/.local/lib/python3.12/site-packages/airflow/example_dags/example_complex.py for tasks to queue
[2026-05-09T19:00:04.558+0000] {logging_mixin.py:188} INFO - [2026-05-09T19:00:04.558+0000] {dagbag.py:545} INFO - Filling up the DagBag from /home/airflow/.local/lib/python3.12/site-packages/airflow/example_dags/example_complex.py
[2026-05-09T19:00:04.569+0000] {processor.py:840} INFO - DAG(s) 'example_complex' retrieved from /home/airflow/.local/lib/python3.12/site-packages/airflow/example_dags/example_complex.py
[2026-05-09T19:00:04.603+0000] {logging_mixin.py:188} INFO - [2026-05-09T19:00:04.602+0000] {dag.py:3096} INFO - Sync 1 DAGs
[2026-05-09T19:00:04.618+0000] {logging_mixin.py:188} INFO - [2026-05-09T19:00:04.617+0000] {dag.py:3954} INFO - Setting next_dagrun for example_complex to None, run_after=None
[2026-05-09T19:00:04.645+0000] {processor.py:183} INFO - Processing /home/airflow/.local/lib/python3.12/site-packages/airflow/example_dags/example_complex.py took 0.096 seconds
[2026-05-09T19:00:35.140+0000] {processor.py:161} INFO - Started process (PID=1054) to work on /home/airflow/.local/lib/python3.12/site-packages/airflow/example_dags/example_complex.py
[2026-05-09T19:00:35.141+0000] {processor.py:830} INFO - Processing file /home/airflow/.local/lib/python3.12/site-packages/airflow/example_dags/example_complex.py for tasks to queue
[2026-05-09T19:00:35.143+0000] {logging_mixin.py:188} INFO - [2026-05-09T19:00:35.142+0000] {dagbag.py:545} INFO - Filling up the DagBag from /home/airflow/.local/lib/python3.12/site-packages/airflow/example_dags/example_complex.py
[2026-05-09T19:00:35.153+0000] {processor.py:840} INFO - DAG(s) 'example_complex' retrieved from /home/airflow/.local/lib/python3.12/site-packages/airflow/example_dags/example_complex.py
[2026-05-09T19:00:35.188+0000] {logging_mixin.py:188} INFO - [2026-05-09T19:00:35.188+0000] {dag.py:3096} INFO - Sync 1 DAGs
[2026-05-09T19:00:35.202+0000] {logging_mixin.py:188} INFO - [2026-05-09T19:00:35.202+0000] {dag.py:3954} INFO - Setting next_dagrun for example_complex to None, run_after=None
[2026-05-09T19:00:35.229+0000] {processor.py:183} INFO - Processing /home/airflow/.local/lib/python3.12/site-packages/airflow/example_dags/example_complex.py took 0.094 seconds
[2026-05-09T19:01:05.899+0000] {processor.py:161} INFO - Started process (PID=1113) to work on /home/airflow/.local/lib/python3.12/site-packages/airflow/example_dags/example_complex.py
[2026-05-09T19:01:05.900+0000] {processor.py:830} INFO - Processing file /home/airflow/.local/lib/python3.12/site-packages/airflow/example_dags/example_complex.py for tasks to queue
[2026-05-09T19:01:05.902+0000] {logging_mixin.py:188} INFO - [2026-05-09T19:01:05.902+0000] {dagbag.py:545} INFO - Filling up the DagBag from /home/airflow/.local/lib/python3.12/site-packages/airflow/example_dags/example_complex.py
[2026-05-09T19:01:05.912+0000] {processor.py:840} INFO - DAG(s) 'example_complex' retrieved from /home/airflow/.local/lib/python3.12/site-packages/airflow/example_dags/example_complex.py
[2026-05-09T19:01:05.947+0000] {logging_mixin.py:188} INFO - [2026-05-09T19:01:05.947+0000] {dag.py:3096} INFO - Sync 1 DAGs
[2026-05-09T19:01:05.961+0000] {logging_mixin.py:188} INFO - [2026-05-09T19:01:05.961+0000] {dag.py:3954} INFO - Setting next_dagrun for example_complex to None, run_after=None
[2026-05-09T19:01:05.987+0000] {processor.py:183} INFO - Processing /home/airflow/.local/lib/python3.12/site-packages/airflow/example_dags/example_complex.py took 0.094 seconds
[2026-05-09T19:01:36.844+0000] {processor.py:161} INFO - Started process (PID=1172) to work on /home/airflow/.local/lib/python3.12/site-packages/airflow/example_dags/example_complex.py
[2026-05-09T19:01:36.846+0000] {processor.py:830} INFO - Processing file /home/airflow/.local/lib/python3.12/site-packages/airflow/example_dags/example_complex.py for tasks to queue
[2026-05-09T19:01:36.848+0000] {logging_mixin.py:188} INFO - [2026-05-09T19:01:36.848+0000] {dagbag.py:545} INFO - Filling up the DagBag from /home/airflow/.local/lib/python3.12/site-packages/airflow/example_dags/example_complex.py
[2026-05-09T19:01:36.861+0000] {processor.py:840} INFO - DAG(s) 'example_complex' retrieved from /home/airflow/.local/lib/python3.12/site-packages/airflow/example_dags/example_complex.py
[2026-05-09T19:01:36.899+0000] {logging_mixin.py:188} INFO - [2026-05-09T19:01:36.899+0000] {dag.py:3096} INFO - Sync 1 DAGs
[2026-05-09T19:01:36.913+0000] {logging_mixin.py:188} INFO - [2026-05-09T19:01:36.913+0000] {dag.py:3954} INFO - Setting next_dagrun for example_complex to None, run_after=None
[2026-05-09T19:01:36.944+0000] {processor.py:183} INFO - Processing /home/airflow/.local/lib/python3.12/site-packages/airflow/example_dags/example_complex.py took 0.107 seconds
[2026-05-09T19:02:07.463+0000] {processor.py:161} INFO - Started process (PID=1231) to work on /home/airflow/.local/lib/python3.12/site-packages/airflow/example_dags/example_complex.py
[2026-05-09T19:02:07.464+0000] {processor.py:830} INFO - Processing file /home/airflow/.local/lib/python3.12/site-packages/airflow/example_dags/example_complex.py for tasks to queue
[2026-05-09T19:02:07.466+0000] {logging_mixin.py:188} INFO - [2026-05-09T19:02:07.466+0000] {dagbag.py:545} INFO - Filling up the DagBag from /home/airflow/.local/lib/python3.12/site-packages/airflow/example_dags/example_complex.py
[2026-05-09T19:02:07.476+0000] {processor.py:840} INFO - DAG(s) 'example_complex' retrieved from /home/airflow/.local/lib/python3.12/site-packages/airflow/example_dags/example_complex.py
[2026-05-09T19:02:07.509+0000] {logging_mixin.py:188} INFO - [2026-05-09T19:02:07.508+0000] {dag.py:3096} INFO - Sync 1 DAGs
[2026-05-09T19:02:07.522+0000] {logging_mixin.py:188} INFO - [2026-05-09T19:02:07.521+0000] {dag.py:3954} INFO - Setting next_dagrun for example_complex to None, run_after=None
[2026-05-09T19:02:07.547+0000] {processor.py:183} INFO - Processing /home/airflow/.local/lib/python3.12/site-packages/airflow/example_dags/example_complex.py took 0.089 seconds
[2026-05-09T19:02:38.021+0000] {processor.py:161} INFO - Started process (PID=1290) to work on /home/airflow/.local/lib/python3.12/site-packages/airflow/example_dags/example_complex.py
[2026-05-09T19:02:38.022+0000] {processor.py:830} INFO - Processing file /home/airflow/.local/lib/python3.12/site-packages/airflow/example_dags/example_complex.py for tasks to queue
[2026-05-09T19:02:38.024+0000] {logging_mixin.py:188} INFO - [2026-05-09T19:02:38.024+0000] {dagbag.py:545} INFO - Filling up the DagBag from /home/airflow/.local/lib/python3.12/site-packages/airflow/example_dags/example_complex.py
[2026-05-09T19:02:38.034+0000] {processor.py:840} INFO - DAG(s) 'example_complex' retrieved from /home/airflow/.local/lib/python3.12/site-packages/airflow/example_dags/example_complex.py
[2026-05-09T19:02:38.067+0000] {logging_mixin.py:188} INFO - [2026-05-09T19:02:38.067+0000] {dag.py:3096} INFO - Sync 1 DAGs
[2026-05-09T19:02:38.088+0000] {logging_mixin.py:188} INFO - [2026-05-09T19:02:38.088+0000] {dag.py:3954} INFO - Setting next_dagrun for example_complex to None, run_after=None
[2026-05-09T19:02:38.115+0000] {processor.py:183} INFO - Processing /home/airflow/.local/lib/python3.12/site-packages/airflow/example_dags/example_complex.py took 0.099 seconds
[2026-05-09T19:03:09.096+0000] {processor.py:161} INFO - Started process (PID=1349) to work on /home/airflow/.local/lib/python3.12/site-packages/airflow/example_dags/example_complex.py
[2026-05-09T19:03:09.098+0000] {processor.py:830} INFO - Processing file /home/airflow/.local/lib/python3.12/site-packages/airflow/example_dags/example_complex.py for tasks to queue
[2026-05-09T19:03:09.100+0000] {logging_mixin.py:188} INFO - [2026-05-09T19:03:09.099+0000] {dagbag.py:545} INFO - Filling up the DagBag from /home/airflow/.local/lib/python3.12/site-packages/airflow/example_dags/example_complex.py
[2026-05-09T19:03:09.109+0000] {processor.py:840} INFO - DAG(s) 'example_complex' retrieved from /home/airflow/.local/lib/python3.12/site-packages/airflow/example_dags/example_complex.py
[2026-05-09T19:03:09.141+0000] {logging_mixin.py:188} INFO - [2026-05-09T19:03:09.141+0000] {dag.py:3096} INFO - Sync 1 DAGs
[2026-05-09T19:03:09.153+0000] {logging_mixin.py:188} INFO - [2026-05-09T19:03:09.152+0000] {dag.py:3954} INFO - Setting next_dagrun for example_complex to None, run_after=None
[2026-05-09T19:03:09.176+0000] {processor.py:183} INFO - Processing /home/airflow/.local/lib/python3.12/site-packages/airflow/example_dags/example_complex.py took 0.086 seconds
[2026-05-09T19:03:39.813+0000] {processor.py:161} INFO - Started process (PID=1408) to work on /home/airflow/.local/lib/python3.12/site-packages/airflow/example_dags/example_complex.py
[2026-05-09T19:03:39.815+0000] {processor.py:830} INFO - Processing file /home/airflow/.local/lib/python3.12/site-packages/airflow/example_dags/example_complex.py for tasks to queue
[2026-05-09T19:03:39.817+0000] {logging_mixin.py:188} INFO - [2026-05-09T19:03:39.817+0000] {dagbag.py:545} INFO - Filling up the DagBag from /home/airflow/.local/lib/python3.12/site-packages/airflow/example_dags/example_complex.py
[2026-05-09T19:03:39.950+0000] {processor.py:840} INFO - DAG(s) 'example_complex' retrieved from /home/airflow/.local/lib/python3.12/site-packages/airflow/example_dags/example_complex.py
[2026-05-09T19:03:39.980+0000] {logging_mixin.py:188} INFO - [2026-05-09T19:03:39.980+0000] {dag.py:3096} INFO - Sync 1 DAGs
[2026-05-09T19:03:39.992+0000] {logging_mixin.py:188} INFO - [2026-05-09T19:03:39.992+0000] {dag.py:3954} INFO - Setting next_dagrun for example_complex to None, run_after=None
[2026-05-09T19:03:40.015+0000] {processor.py:183} INFO - Processing /home/airflow/.local/lib/python3.12/site-packages/airflow/example_dags/example_complex.py took 0.207 seconds
[2026-05-09T19:04:10.506+0000] {processor.py:161} INFO - Started process (PID=1467) to work on /home/airflow/.local/lib/python3.12/site-packages/airflow/example_dags/example_complex.py
[2026-05-09T19:04:10.507+0000] {processor.py:830} INFO - Processing file /home/airflow/.local/lib/python3.12/site-packages/airflow/example_dags/example_complex.py for tasks to queue
[2026-05-09T19:04:10.509+0000] {logging_mixin.py:188} INFO - [2026-05-09T19:04:10.509+0000] {dagbag.py:545} INFO - Filling up the DagBag from /home/airflow/.local/lib/python3.12/site-packages/airflow/example_dags/example_complex.py
[2026-05-09T19:04:10.519+0000] {processor.py:840} INFO - DAG(s) 'example_complex' retrieved from /home/airflow/.local/lib/python3.12/site-packages/airflow/example_dags/example_complex.py
[2026-05-09T19:04:10.551+0000] {logging_mixin.py:188} INFO - [2026-05-09T19:04:10.551+0000] {dag.py:3096} INFO - Sync 1 DAGs
[2026-05-09T19:04:10.565+0000] {logging_mixin.py:188} INFO - [2026-05-09T19:04:10.565+0000] {dag.py:3954} INFO - Setting next_dagrun for example_complex to None, run_after=None
[2026-05-09T19:04:10.596+0000] {processor.py:183} INFO - Processing /home/airflow/.local/lib/python3.12/site-packages/airflow/example_dags/example_complex.py took 0.095 seconds
[2026-05-09T19:04:41.030+0000] {processor.py:161} INFO - Started process (PID=1526) to work on /home/airflow/.local/lib/python3.12/site-packages/airflow/example_dags/example_complex.py
[2026-05-09T19:04:41.031+0000] {processor.py:830} INFO - Processing file /home/airflow/.local/lib/python3.12/site-packages/airflow/example_dags/example_complex.py for tasks to queue
[2026-05-09T19:04:41.033+0000] {logging_mixin.py:188} INFO - [2026-05-09T19:04:41.033+0000] {dagbag.py:545} INFO - Filling up the DagBag from /home/airflow/.local/lib/python3.12/site-packages/airflow/example_dags/example_complex.py
[2026-05-09T19:04:41.042+0000] {processor.py:840} INFO - DAG(s) 'example_complex' retrieved from /home/airflow/.local/lib/python3.12/site-packages/airflow/example_dags/example_complex.py
[2026-05-09T19:04:41.075+0000] {logging_mixin.py:188} INFO - [2026-05-09T19:04:41.075+0000] {dag.py:3096} INFO - Sync 1 DAGs
[2026-05-09T19:04:41.089+0000] {logging_mixin.py:188} INFO - [2026-05-09T19:04:41.088+0000] {dag.py:3954} INFO - Setting next_dagrun for example_complex to None, run_after=None
[2026-05-09T19:04:41.115+0000] {processor.py:183} INFO - Processing /home/airflow/.local/lib/python3.12/site-packages/airflow/example_dags/example_complex.py took 0.091 seconds
[2026-05-09T19:05:11.269+0000] {processor.py:161} INFO - Started process (PID=1585) to work on /home/airflow/.local/lib/python3.12/site-packages/airflow/example_dags/example_complex.py
[2026-05-09T19:05:11.271+0000] {processor.py:830} INFO - Processing file /home/airflow/.local/lib/python3.12/site-packages/airflow/example_dags/example_complex.py for tasks to queue
[2026-05-09T19:05:11.273+0000] {logging_mixin.py:188} INFO - [2026-05-09T19:05:11.273+0000] {dagbag.py:545} INFO - Filling up the DagBag from /home/airflow/.local/lib/python3.12/site-packages/airflow/example_dags/example_complex.py
[2026-05-09T19:05:11.283+0000] {processor.py:840} INFO - DAG(s) 'example_complex' retrieved from /home/airflow/.local/lib/python3.12/site-packages/airflow/example_dags/example_complex.py
[2026-05-09T19:05:11.319+0000] {logging_mixin.py:188} INFO - [2026-05-09T19:05:11.319+0000] {dag.py:3096} INFO - Sync 1 DAGs
[2026-05-09T19:05:11.334+0000] {logging_mixin.py:188} INFO - [2026-05-09T19:05:11.334+0000] {dag.py:3954} INFO - Setting next_dagrun for example_complex to None, run_after=None
[2026-05-09T19:05:11.362+0000] {processor.py:183} INFO - Processing /home/airflow/.local/lib/python3.12/site-packages/airflow/example_dags/example_complex.py took 0.098 seconds
[2026-05-09T19:05:41.649+0000] {processor.py:161} INFO - Started process (PID=1644) to work on /home/airflow/.local/lib/python3.12/site-packages/airflow/example_dags/example_complex.py
[2026-05-09T19:05:41.651+0000] {processor.py:830} INFO - Processing file /home/airflow/.local/lib/python3.12/site-packages/airflow/example_dags/example_complex.py for tasks to queue
[2026-05-09T19:05:41.653+0000] {logging_mixin.py:188} INFO - [2026-05-09T19:05:41.652+0000] {dagbag.py:545} INFO - Filling up the DagBag from /home/airflow/.local/lib/python3.12/site-packages/airflow/example_dags/example_complex.py
[2026-05-09T19:05:41.662+0000] {processor.py:840} INFO - DAG(s) 'example_complex' retrieved from /home/airflow/.local/lib/python3.12/site-packages/airflow/example_dags/example_complex.py
[2026-05-09T19:05:41.696+0000] {logging_mixin.py:188} INFO - [2026-05-09T19:05:41.696+0000] {dag.py:3096} INFO - Sync 1 DAGs
[2026-05-09T19:05:41.710+0000] {logging_mixin.py:188} INFO - [2026-05-09T19:05:41.709+0000] {dag.py:3954} INFO - Setting next_dagrun for example_complex to None, run_after=None
[2026-05-09T19:05:41.738+0000] {processor.py:183} INFO - Processing /home/airflow/.local/lib/python3.12/site-packages/airflow/example_dags/example_complex.py took 0.094 seconds
[2026-05-09T19:06:11.812+0000] {processor.py:161} INFO - Started process (PID=1703) to work on /home/airflow/.local/lib/python3.12/site-packages/airflow/example_dags/example_complex.py
[2026-05-09T19:06:11.814+0000] {processor.py:830} INFO - Processing file /home/airflow/.local/lib/python3.12/site-packages/airflow/example_dags/example_complex.py for tasks to queue
[2026-05-09T19:06:11.816+0000] {logging_mixin.py:188} INFO - [2026-05-09T19:06:11.816+0000] {dagbag.py:545} INFO - Filling up the DagBag from /home/airflow/.local/lib/python3.12/site-packages/airflow/example_dags/example_complex.py
[2026-05-09T19:06:11.825+0000] {processor.py:840} INFO - DAG(s) 'example_complex' retrieved from /home/airflow/.local/lib/python3.12/site-packages/airflow/example_dags/example_complex.py
[2026-05-09T19:06:11.860+0000] {logging_mixin.py:188} INFO - [2026-05-09T19:06:11.860+0000] {dag.py:3096} INFO - Sync 1 DAGs
[2026-05-09T19:06:11.875+0000] {logging_mixin.py:188} INFO - [2026-05-09T19:06:11.875+0000] {dag.py:3954} INFO - Setting next_dagrun for example_complex to None, run_after=None
[2026-05-09T19:06:11.902+0000] {processor.py:183} INFO - Processing /home/airflow/.local/lib/python3.12/site-packages/airflow/example_dags/example_complex.py took 0.094 seconds
[2026-05-09T19:06:42.307+0000] {processor.py:161} INFO - Started process (PID=1762) to work on /home/airflow/.local/lib/python3.12/site-packages/airflow/example_dags/example_complex.py
[2026-05-09T19:06:42.308+0000] {processor.py:830} INFO - Processing file /home/airflow/.local/lib/python3.12/site-packages/airflow/example_dags/example_complex.py for tasks to queue
[2026-05-09T19:06:42.310+0000] {logging_mixin.py:188} INFO - [2026-05-09T19:06:42.310+0000] {dagbag.py:545} INFO - Filling up the DagBag from /home/airflow/.local/lib/python3.12/site-packages/airflow/example_dags/example_complex.py
[2026-05-09T19:06:42.320+0000] {processor.py:840} INFO - DAG(s) 'example_complex' retrieved from /home/airflow/.local/lib/python3.12/site-packages/airflow/example_dags/example_complex.py
[2026-05-09T19:06:42.351+0000] {logging_mixin.py:188} INFO - [2026-05-09T19:06:42.351+0000] {dag.py:3096} INFO - Sync 1 DAGs
[2026-05-09T19:06:42.364+0000] {logging_mixin.py:188} INFO - [2026-05-09T19:06:42.364+0000] {dag.py:3954} INFO - Setting next_dagrun for example_complex to None, run_after=None
[2026-05-09T19:06:42.390+0000] {processor.py:183} INFO - Processing /home/airflow/.local/lib/python3.12/site-packages/airflow/example_dags/example_complex.py took 0.089 seconds
[2026-05-09T19:07:13.319+0000] {processor.py:161} INFO - Started process (PID=1821) to work on /home/airflow/.local/lib/python3.12/site-packages/airflow/example_dags/example_complex.py
[2026-05-09T19:07:13.321+0000] {processor.py:830} INFO - Processing file /home/airflow/.local/lib/python3.12/site-packages/airflow/example_dags/example_complex.py for tasks to queue
[2026-05-09T19:07:13.323+0000] {logging_mixin.py:188} INFO - [2026-05-09T19:07:13.323+0000] {dagbag.py:545} INFO - Filling up the DagBag from /home/airflow/.local/lib/python3.12/site-packages/airflow/example_dags/example_complex.py
[2026-05-09T19:07:13.333+0000] {processor.py:840} INFO - DAG(s) 'example_complex' retrieved from /home/airflow/.local/lib/python3.12/site-packages/airflow/example_dags/example_complex.py
[2026-05-09T19:07:13.368+0000] {logging_mixin.py:188} INFO - [2026-05-09T19:07:13.368+0000] {dag.py:3096} INFO - Sync 1 DAGs
[2026-05-09T19:07:13.383+0000] {logging_mixin.py:188} INFO - [2026-05-09T19:07:13.383+0000] {dag.py:3954} INFO - Setting next_dagrun for example_complex to None, run_after=None
[2026-05-09T19:07:13.411+0000] {processor.py:183} INFO - Processing /home/airflow/.local/lib/python3.12/site-packages/airflow/example_dags/example_complex.py took 0.099 seconds
[2026-05-09T19:07:43.692+0000] {processor.py:161} INFO - Started process (PID=1880) to work on /home/airflow/.local/lib/python3.12/site-packages/airflow/example_dags/example_complex.py
[2026-05-09T19:07:43.695+0000] {processor.py:830} INFO - Processing file /home/airflow/.local/lib/python3.12/site-packages/airflow/example_dags/example_complex.py for tasks to queue
[2026-05-09T19:07:43.699+0000] {logging_mixin.py:188} INFO - [2026-05-09T19:07:43.699+0000] {dagbag.py:545} INFO - Filling up the DagBag from /home/airflow/.local/lib/python3.12/site-packages/airflow/example_dags/example_complex.py
[2026-05-09T19:07:43.711+0000] {processor.py:840} INFO - DAG(s) 'example_complex' retrieved from /home/airflow/.local/lib/python3.12/site-packages/airflow/example_dags/example_complex.py
[2026-05-09T19:07:43.745+0000] {logging_mixin.py:188} INFO - [2026-05-09T19:07:43.744+0000] {dag.py:3096} INFO - Sync 1 DAGs
[2026-05-09T19:07:43.758+0000] {logging_mixin.py:188} INFO - [2026-05-09T19:07:43.757+0000] {dag.py:3954} INFO - Setting next_dagrun for example_complex to None, run_after=None
[2026-05-09T19:07:43.782+0000] {processor.py:183} INFO - Processing /home/airflow/.local/lib/python3.12/site-packages/airflow/example_dags/example_complex.py took 0.099 seconds
[2026-05-09T19:08:14.582+0000] {processor.py:161} INFO - Started process (PID=1939) to work on /home/airflow/.local/lib/python3.12/site-packages/airflow/example_dags/example_complex.py
[2026-05-09T19:08:14.584+0000] {processor.py:830} INFO - Processing file /home/airflow/.local/lib/python3.12/site-packages/airflow/example_dags/example_complex.py for tasks to queue
[2026-05-09T19:08:14.586+0000] {logging_mixin.py:188} INFO - [2026-05-09T19:08:14.586+0000] {dagbag.py:545} INFO - Filling up the DagBag from /home/airflow/.local/lib/python3.12/site-packages/airflow/example_dags/example_complex.py
[2026-05-09T19:08:14.595+0000] {processor.py:840} INFO - DAG(s) 'example_complex' retrieved from /home/airflow/.local/lib/python3.12/site-packages/airflow/example_dags/example_complex.py
[2026-05-09T19:08:14.627+0000] {logging_mixin.py:188} INFO - [2026-05-09T19:08:14.627+0000] {dag.py:3096} INFO - Sync 1 DAGs
[2026-05-09T19:08:14.640+0000] {logging_mixin.py:188} INFO - [2026-05-09T19:08:14.640+0000] {dag.py:3954} INFO - Setting next_dagrun for example_complex to None, run_after=None
[2026-05-09T19:08:14.664+0000] {processor.py:183} INFO - Processing /home/airflow/.local/lib/python3.12/site-packages/airflow/example_dags/example_complex.py took 0.086 seconds
[2026-05-09T19:08:44.750+0000] {processor.py:161} INFO - Started process (PID=1998) to work on /home/airflow/.local/lib/python3.12/site-packages/airflow/example_dags/example_complex.py
[2026-05-09T19:08:44.751+0000] {processor.py:830} INFO - Processing file /home/airflow/.local/lib/python3.12/site-packages/airflow/example_dags/example_complex.py for tasks to queue
[2026-05-09T19:08:44.753+0000] {logging_mixin.py:188} INFO - [2026-05-09T19:08:44.753+0000] {dagbag.py:545} INFO - Filling up the DagBag from /home/airflow/.local/lib/python3.12/site-packages/airflow/example_dags/example_complex.py
[2026-05-09T19:08:44.763+0000] {processor.py:840} INFO - DAG(s) 'example_complex' retrieved from /home/airflow/.local/lib/python3.12/site-packages/airflow/example_dags/example_complex.py
[2026-05-09T19:08:44.796+0000] {logging_mixin.py:188} INFO - [2026-05-09T19:08:44.796+0000] {dag.py:3096} INFO - Sync 1 DAGs
[2026-05-09T19:08:44.810+0000] {logging_mixin.py:188} INFO - [2026-05-09T19:08:44.810+0000] {dag.py:3954} INFO - Setting next_dagrun for example_complex to None, run_after=None
[2026-05-09T19:08:44.838+0000] {processor.py:183} INFO - Processing /home/airflow/.local/lib/python3.12/site-packages/airflow/example_dags/example_complex.py took 0.093 seconds
[2026-05-09T19:09:15.057+0000] {processor.py:161} INFO - Started process (PID=2057) to work on /home/airflow/.local/lib/python3.12/site-packages/airflow/example_dags/example_complex.py
[2026-05-09T19:09:15.059+0000] {processor.py:830} INFO - Processing file /home/airflow/.local/lib/python3.12/site-packages/airflow/example_dags/example_complex.py for tasks to queue
[2026-05-09T19:09:15.061+0000] {logging_mixin.py:188} INFO - [2026-05-09T19:09:15.061+0000] {dagbag.py:545} INFO - Filling up the DagBag from /home/airflow/.local/lib/python3.12/site-packages/airflow/example_dags/example_complex.py
[2026-05-09T19:09:15.072+0000] {processor.py:840} INFO - DAG(s) 'example_complex' retrieved from /home/airflow/.local/lib/python3.12/site-packages/airflow/example_dags/example_complex.py
[2026-05-09T19:09:15.116+0000] {logging_mixin.py:188} INFO - [2026-05-09T19:09:15.115+0000] {dag.py:3096} INFO - Sync 1 DAGs
[2026-05-09T19:09:15.129+0000] {logging_mixin.py:188} INFO - [2026-05-09T19:09:15.128+0000] {dag.py:3954} INFO - Setting next_dagrun for example_complex to None, run_after=None
[2026-05-09T19:09:15.156+0000] {processor.py:183} INFO - Processing /home/airflow/.local/lib/python3.12/site-packages/airflow/example_dags/example_complex.py took 0.105 seconds
[2026-05-09T19:09:45.225+0000] {processor.py:161} INFO - Started process (PID=2116) to work on /home/airflow/.local/lib/python3.12/site-packages/airflow/example_dags/example_complex.py
[2026-05-09T19:09:45.226+0000] {processor.py:830} INFO - Processing file /home/airflow/.local/lib/python3.12/site-packages/airflow/example_dags/example_complex.py for tasks to queue
[2026-05-09T19:09:45.229+0000] {logging_mixin.py:188} INFO - [2026-05-09T19:09:45.228+0000] {dagbag.py:545} INFO - Filling up the DagBag from /home/airflow/.local/lib/python3.12/site-packages/airflow/example_dags/example_complex.py
[2026-05-09T19:09:45.238+0000] {processor.py:840} INFO - DAG(s) 'example_complex' retrieved from /home/airflow/.local/lib/python3.12/site-packages/airflow/example_dags/example_complex.py
[2026-05-09T19:09:45.272+0000] {logging_mixin.py:188} INFO - [2026-05-09T19:09:45.272+0000] {dag.py:3096} INFO - Sync 1 DAGs
[2026-05-09T19:09:45.288+0000] {logging_mixin.py:188} INFO - [2026-05-09T19:09:45.287+0000] {dag.py:3954} INFO - Setting next_dagrun for example_complex to None, run_after=None
[2026-05-09T19:09:45.312+0000] {processor.py:183} INFO - Processing /home/airflow/.local/lib/python3.12/site-packages/airflow/example_dags/example_complex.py took 0.092 seconds
[2026-05-09T19:10:15.975+0000] {processor.py:161} INFO - Started process (PID=2175) to work on /home/airflow/.local/lib/python3.12/site-packages/airflow/example_dags/example_complex.py
[2026-05-09T19:10:15.977+0000] {processor.py:830} INFO - Processing file /home/airflow/.local/lib/python3.12/site-packages/airflow/example_dags/example_complex.py for tasks to queue
[2026-05-09T19:10:15.979+0000] {logging_mixin.py:188} INFO - [2026-05-09T19:10:15.979+0000] {dagbag.py:545} INFO - Filling up the DagBag from /home/airflow/.local/lib/python3.12/site-packages/airflow/example_dags/example_complex.py
[2026-05-09T19:10:15.989+0000] {processor.py:840} INFO - DAG(s) 'example_complex' retrieved from /home/airflow/.local/lib/python3.12/site-packages/airflow/example_dags/example_complex.py
[2026-05-09T19:10:16.025+0000] {logging_mixin.py:188} INFO - [2026-05-09T19:10:16.025+0000] {dag.py:3096} INFO - Sync 1 DAGs
[2026-05-09T19:10:16.038+0000] {logging_mixin.py:188} INFO - [2026-05-09T19:10:16.038+0000] {dag.py:3954} INFO - Setting next_dagrun for example_complex to None, run_after=None
[2026-05-09T19:10:16.064+0000] {processor.py:183} INFO - Processing /home/airflow/.local/lib/python3.12/site-packages/airflow/example_dags/example_complex.py took 0.095 seconds
[2026-05-09T19:10:46.383+0000] {processor.py:161} INFO - Started process (PID=2234) to work on /home/airflow/.local/lib/python3.12/site-packages/airflow/example_dags/example_complex.py
[2026-05-09T19:10:46.384+0000] {processor.py:830} INFO - Processing file /home/airflow/.local/lib/python3.12/site-packages/airflow/example_dags/example_complex.py for tasks to queue
[2026-05-09T19:10:46.386+0000] {logging_mixin.py:188} INFO - [2026-05-09T19:10:46.386+0000] {dagbag.py:545} INFO - Filling up the DagBag from /home/airflow/.local/lib/python3.12/site-packages/airflow/example_dags/example_complex.py
[2026-05-09T19:10:46.397+0000] {processor.py:840} INFO - DAG(s) 'example_complex' retrieved from /home/airflow/.local/lib/python3.12/site-packages/airflow/example_dags/example_complex.py
[2026-05-09T19:10:46.431+0000] {logging_mixin.py:188} INFO - [2026-05-09T19:10:46.431+0000] {dag.py:3096} INFO - Sync 1 DAGs
[2026-05-09T19:10:46.444+0000] {logging_mixin.py:188} INFO - [2026-05-09T19:10:46.444+0000] {dag.py:3954} INFO - Setting next_dagrun for example_complex to None, run_after=None
[2026-05-09T19:10:46.470+0000] {processor.py:183} INFO - Processing /home/airflow/.local/lib/python3.12/site-packages/airflow/example_dags/example_complex.py took 0.095 seconds
[2026-05-09T19:11:17.335+0000] {processor.py:161} INFO - Started process (PID=2293) to work on /home/airflow/.local/lib/python3.12/site-packages/airflow/example_dags/example_complex.py
[2026-05-09T19:11:17.336+0000] {processor.py:830} INFO - Processing file /home/airflow/.local/lib/python3.12/site-packages/airflow/example_dags/example_complex.py for tasks to queue
[2026-05-09T19:11:17.338+0000] {logging_mixin.py:188} INFO - [2026-05-09T19:11:17.338+0000] {dagbag.py:545} INFO - Filling up the DagBag from /home/airflow/.local/lib/python3.12/site-packages/airflow/example_dags/example_complex.py
[2026-05-09T19:11:17.348+0000] {processor.py:840} INFO - DAG(s) 'example_complex' retrieved from /home/airflow/.local/lib/python3.12/site-packages/airflow/example_dags/example_complex.py
[2026-05-09T19:11:17.382+0000] {logging_mixin.py:188} INFO - [2026-05-09T19:11:17.381+0000] {dag.py:3096} INFO - Sync 1 DAGs
[2026-05-09T19:11:17.395+0000] {logging_mixin.py:188} INFO - [2026-05-09T19:11:17.395+0000] {dag.py:3954} INFO - Setting next_dagrun for example_complex to None, run_after=None
[2026-05-09T19:11:17.424+0000] {processor.py:183} INFO - Processing /home/airflow/.local/lib/python3.12/site-packages/airflow/example_dags/example_complex.py took 0.095 seconds
[2026-05-09T19:11:47.758+0000] {processor.py:161} INFO - Started process (PID=2352) to work on /home/airflow/.local/lib/python3.12/site-packages/airflow/example_dags/example_complex.py
[2026-05-09T19:11:47.759+0000] {processor.py:830} INFO - Processing file /home/airflow/.local/lib/python3.12/site-packages/airflow/example_dags/example_complex.py for tasks to queue
[2026-05-09T19:11:47.761+0000] {logging_mixin.py:188} INFO - [2026-05-09T19:11:47.761+0000] {dagbag.py:545} INFO - Filling up the DagBag from /home/airflow/.local/lib/python3.12/site-packages/airflow/example_dags/example_complex.py
[2026-05-09T19:11:47.770+0000] {processor.py:840} INFO - DAG(s) 'example_complex' retrieved from /home/airflow/.local/lib/python3.12/site-packages/airflow/example_dags/example_complex.py
[2026-05-09T19:11:47.802+0000] {logging_mixin.py:188} INFO - [2026-05-09T19:11:47.802+0000] {dag.py:3096} INFO - Sync 1 DAGs
[2026-05-09T19:11:47.815+0000] {logging_mixin.py:188} INFO - [2026-05-09T19:11:47.814+0000] {dag.py:3954} INFO - Setting next_dagrun for example_complex to None, run_after=None
[2026-05-09T19:11:47.838+0000] {processor.py:183} INFO - Processing /home/airflow/.local/lib/python3.12/site-packages/airflow/example_dags/example_complex.py took 0.086 seconds
[2026-05-09T19:12:18.646+0000] {processor.py:161} INFO - Started process (PID=2411) to work on /home/airflow/.local/lib/python3.12/site-packages/airflow/example_dags/example_complex.py
[2026-05-09T19:12:18.648+0000] {processor.py:830} INFO - Processing file /home/airflow/.local/lib/python3.12/site-packages/airflow/example_dags/example_complex.py for tasks to queue
[2026-05-09T19:12:18.650+0000] {logging_mixin.py:188} INFO - [2026-05-09T19:12:18.650+0000] {dagbag.py:545} INFO - Filling up the DagBag from /home/airflow/.local/lib/python3.12/site-packages/airflow/example_dags/example_complex.py
[2026-05-09T19:12:18.660+0000] {processor.py:840} INFO - DAG(s) 'example_complex' retrieved from /home/airflow/.local/lib/python3.12/site-packages/airflow/example_dags/example_complex.py
[2026-05-09T19:12:18.691+0000] {logging_mixin.py:188} INFO - [2026-05-09T19:12:18.691+0000] {dag.py:3096} INFO - Sync 1 DAGs
[2026-05-09T19:12:18.704+0000] {logging_mixin.py:188} INFO - [2026-05-09T19:12:18.703+0000] {dag.py:3954} INFO - Setting next_dagrun for example_complex to None, run_after=None
[2026-05-09T19:12:18.727+0000] {processor.py:183} INFO - Processing /home/airflow/.local/lib/python3.12/site-packages/airflow/example_dags/example_complex.py took 0.086 seconds
[2026-05-09T19:12:49.174+0000] {processor.py:161} INFO - Started process (PID=2470) to work on /home/airflow/.local/lib/python3.12/site-packages/airflow/example_dags/example_complex.py
[2026-05-09T19:12:49.175+0000] {processor.py:830} INFO - Processing file /home/airflow/.local/lib/python3.12/site-packages/airflow/example_dags/example_complex.py for tasks to queue
[2026-05-09T19:12:49.178+0000] {logging_mixin.py:188} INFO - [2026-05-09T19:12:49.177+0000] {dagbag.py:545} INFO - Filling up the DagBag from /home/airflow/.local/lib/python3.12/site-packages/airflow/example_dags/example_complex.py
[2026-05-09T19:12:49.189+0000] {processor.py:840} INFO - DAG(s) 'example_complex' retrieved from /home/airflow/.local/lib/python3.12/site-packages/airflow/example_dags/example_complex.py
[2026-05-09T19:12:49.226+0000] {logging_mixin.py:188} INFO - [2026-05-09T19:12:49.226+0000] {dag.py:3096} INFO - Sync 1 DAGs
[2026-05-09T19:12:49.241+0000] {logging_mixin.py:188} INFO - [2026-05-09T19:12:49.241+0000] {dag.py:3954} INFO - Setting next_dagrun for example_complex to None, run_after=None
[2026-05-09T19:12:49.266+0000] {processor.py:183} INFO - Processing /home/airflow/.local/lib/python3.12/site-packages/airflow/example_dags/example_complex.py took 0.099 seconds
[2026-05-09T19:13:19.382+0000] {processor.py:161} INFO - Started process (PID=2529) to work on /home/airflow/.local/lib/python3.12/site-packages/airflow/example_dags/example_complex.py
[2026-05-09T19:13:19.383+0000] {processor.py:830} INFO - Processing file /home/airflow/.local/lib/python3.12/site-packages/airflow/example_dags/example_complex.py for tasks to queue
[2026-05-09T19:13:19.385+0000] {logging_mixin.py:188} INFO - [2026-05-09T19:13:19.385+0000] {dagbag.py:545} INFO - Filling up the DagBag from /home/airflow/.local/lib/python3.12/site-packages/airflow/example_dags/example_complex.py
[2026-05-09T19:13:19.395+0000] {processor.py:840} INFO - DAG(s) 'example_complex' retrieved from /home/airflow/.local/lib/python3.12/site-packages/airflow/example_dags/example_complex.py
[2026-05-09T19:13:19.428+0000] {logging_mixin.py:188} INFO - [2026-05-09T19:13:19.428+0000] {dag.py:3096} INFO - Sync 1 DAGs
[2026-05-09T19:13:19.442+0000] {logging_mixin.py:188} INFO - [2026-05-09T19:13:19.442+0000] {dag.py:3954} INFO - Setting next_dagrun for example_complex to None, run_after=None
[2026-05-09T19:13:19.470+0000] {processor.py:183} INFO - Processing /home/airflow/.local/lib/python3.12/site-packages/airflow/example_dags/example_complex.py took 0.094 seconds
[2026-05-09T19:13:50.068+0000] {processor.py:161} INFO - Started process (PID=2588) to work on /home/airflow/.local/lib/python3.12/site-packages/airflow/example_dags/example_complex.py
[2026-05-09T19:13:50.070+0000] {processor.py:830} INFO - Processing file /home/airflow/.local/lib/python3.12/site-packages/airflow/example_dags/example_complex.py for tasks to queue
[2026-05-09T19:13:50.072+0000] {logging_mixin.py:188} INFO - [2026-05-09T19:13:50.072+0000] {dagbag.py:545} INFO - Filling up the DagBag from /home/airflow/.local/lib/python3.12/site-packages/airflow/example_dags/example_complex.py
[2026-05-09T19:13:50.084+0000] {processor.py:840} INFO - DAG(s) 'example_complex' retrieved from /home/airflow/.local/lib/python3.12/site-packages/airflow/example_dags/example_complex.py
[2026-05-09T19:13:50.121+0000] {logging_mixin.py:188} INFO - [2026-05-09T19:13:50.120+0000] {dag.py:3096} INFO - Sync 1 DAGs
[2026-05-09T19:13:50.137+0000] {logging_mixin.py:188} INFO - [2026-05-09T19:13:50.136+0000] {dag.py:3954} INFO - Setting next_dagrun for example_complex to None, run_after=None
[2026-05-09T19:13:50.186+0000] {processor.py:183} INFO - Processing /home/airflow/.local/lib/python3.12/site-packages/airflow/example_dags/example_complex.py took 0.124 seconds
[2026-05-09T19:14:20.852+0000] {processor.py:161} INFO - Started process (PID=2647) to work on /home/airflow/.local/lib/python3.12/site-packages/airflow/example_dags/example_complex.py
[2026-05-09T19:14:20.853+0000] {processor.py:830} INFO - Processing file /home/airflow/.local/lib/python3.12/site-packages/airflow/example_dags/example_complex.py for tasks to queue
[2026-05-09T19:14:20.855+0000] {logging_mixin.py:188} INFO - [2026-05-09T19:14:20.855+0000] {dagbag.py:545} INFO - Filling up the DagBag from /home/airflow/.local/lib/python3.12/site-packages/airflow/example_dags/example_complex.py
[2026-05-09T19:14:20.865+0000] {processor.py:840} INFO - DAG(s) 'example_complex' retrieved from /home/airflow/.local/lib/python3.12/site-packages/airflow/example_dags/example_complex.py
[2026-05-09T19:14:20.896+0000] {logging_mixin.py:188} INFO - [2026-05-09T19:14:20.896+0000] {dag.py:3096} INFO - Sync 1 DAGs
[2026-05-09T19:14:20.908+0000] {logging_mixin.py:188} INFO - [2026-05-09T19:14:20.908+0000] {dag.py:3954} INFO - Setting next_dagrun for example_complex to None, run_after=None
[2026-05-09T19:14:20.934+0000] {processor.py:183} INFO - Processing /home/airflow/.local/lib/python3.12/site-packages/airflow/example_dags/example_complex.py took 0.087 seconds
[2026-05-09T19:14:51.462+0000] {processor.py:161} INFO - Started process (PID=2706) to work on /home/airflow/.local/lib/python3.12/site-packages/airflow/example_dags/example_complex.py
[2026-05-09T19:14:51.463+0000] {processor.py:830} INFO - Processing file /home/airflow/.local/lib/python3.12/site-packages/airflow/example_dags/example_complex.py for tasks to queue
[2026-05-09T19:14:51.465+0000] {logging_mixin.py:188} INFO - [2026-05-09T19:14:51.465+0000] {dagbag.py:545} INFO - Filling up the DagBag from /home/airflow/.local/lib/python3.12/site-packages/airflow/example_dags/example_complex.py
[2026-05-09T19:14:51.475+0000] {processor.py:840} INFO - DAG(s) 'example_complex' retrieved from /home/airflow/.local/lib/python3.12/site-packages/airflow/example_dags/example_complex.py
[2026-05-09T19:14:51.507+0000] {logging_mixin.py:188} INFO - [2026-05-09T19:14:51.507+0000] {dag.py:3096} INFO - Sync 1 DAGs
[2026-05-09T19:14:51.520+0000] {logging_mixin.py:188} INFO - [2026-05-09T19:14:51.519+0000] {dag.py:3954} INFO - Setting next_dagrun for example_complex to None, run_after=None
[2026-05-09T19:14:51.544+0000] {processor.py:183} INFO - Processing /home/airflow/.local/lib/python3.12/site-packages/airflow/example_dags/example_complex.py took 0.087 seconds
[2026-05-09T19:15:22.281+0000] {processor.py:161} INFO - Started process (PID=2765) to work on /home/airflow/.local/lib/python3.12/site-packages/airflow/example_dags/example_complex.py
[2026-05-09T19:15:22.282+0000] {processor.py:830} INFO - Processing file /home/airflow/.local/lib/python3.12/site-packages/airflow/example_dags/example_complex.py for tasks to queue
[2026-05-09T19:15:22.285+0000] {logging_mixin.py:188} INFO - [2026-05-09T19:15:22.284+0000] {dagbag.py:545} INFO - Filling up the DagBag from /home/airflow/.local/lib/python3.12/site-packages/airflow/example_dags/example_complex.py
[2026-05-09T19:15:22.296+0000] {processor.py:840} INFO - DAG(s) 'example_complex' retrieved from /home/airflow/.local/lib/python3.12/site-packages/airflow/example_dags/example_complex.py
[2026-05-09T19:15:22.334+0000] {logging_mixin.py:188} INFO - [2026-05-09T19:15:22.333+0000] {dag.py:3096} INFO - Sync 1 DAGs
[2026-05-09T19:15:22.350+0000] {logging_mixin.py:188} INFO - [2026-05-09T19:15:22.350+0000] {dag.py:3954} INFO - Setting next_dagrun for example_complex to None, run_after=None
[2026-05-09T19:15:22.382+0000] {processor.py:183} INFO - Processing /home/airflow/.local/lib/python3.12/site-packages/airflow/example_dags/example_complex.py took 0.108 seconds
[2026-05-09T19:15:52.656+0000] {processor.py:161} INFO - Started process (PID=2824) to work on /home/airflow/.local/lib/python3.12/site-packages/airflow/example_dags/example_complex.py
[2026-05-09T19:15:52.658+0000] {processor.py:830} INFO - Processing file /home/airflow/.local/lib/python3.12/site-packages/airflow/example_dags/example_complex.py for tasks to queue
[2026-05-09T19:15:52.660+0000] {logging_mixin.py:188} INFO - [2026-05-09T19:15:52.659+0000] {dagbag.py:545} INFO - Filling up the DagBag from /home/airflow/.local/lib/python3.12/site-packages/airflow/example_dags/example_complex.py
[2026-05-09T19:15:52.669+0000] {processor.py:840} INFO - DAG(s) 'example_complex' retrieved from /home/airflow/.local/lib/python3.12/site-packages/airflow/example_dags/example_complex.py
[2026-05-09T19:15:52.705+0000] {logging_mixin.py:188} INFO - [2026-05-09T19:15:52.705+0000] {dag.py:3096} INFO - Sync 1 DAGs
[2026-05-09T19:15:52.721+0000] {logging_mixin.py:188} INFO - [2026-05-09T19:15:52.721+0000] {dag.py:3954} INFO - Setting next_dagrun for example_complex to None, run_after=None
[2026-05-09T19:15:52.746+0000] {processor.py:183} INFO - Processing /home/airflow/.local/lib/python3.12/site-packages/airflow/example_dags/example_complex.py took 0.095 seconds
[2026-05-09T19:16:22.876+0000] {processor.py:161} INFO - Started process (PID=2883) to work on /home/airflow/.local/lib/python3.12/site-packages/airflow/example_dags/example_complex.py
[2026-05-09T19:16:22.877+0000] {processor.py:830} INFO - Processing file /home/airflow/.local/lib/python3.12/site-packages/airflow/example_dags/example_complex.py for tasks to queue
[2026-05-09T19:16:22.879+0000] {logging_mixin.py:188} INFO - [2026-05-09T19:16:22.878+0000] {dagbag.py:545} INFO - Filling up the DagBag from /home/airflow/.local/lib/python3.12/site-packages/airflow/example_dags/example_complex.py
[2026-05-09T19:16:22.888+0000] {processor.py:840} INFO - DAG(s) 'example_complex' retrieved from /home/airflow/.local/lib/python3.12/site-packages/airflow/example_dags/example_complex.py
[2026-05-09T19:16:22.918+0000] {logging_mixin.py:188} INFO - [2026-05-09T19:16:22.918+0000] {dag.py:3096} INFO - Sync 1 DAGs
[2026-05-09T19:16:22.930+0000] {logging_mixin.py:188} INFO - [2026-05-09T19:16:22.930+0000] {dag.py:3954} INFO - Setting next_dagrun for example_complex to None, run_after=None
[2026-05-09T19:16:22.951+0000] {processor.py:183} INFO - Processing /home/airflow/.local/lib/python3.12/site-packages/airflow/example_dags/example_complex.py took 0.080 seconds
[2026-05-09T19:16:53.742+0000] {processor.py:161} INFO - Started process (PID=2942) to work on /home/airflow/.local/lib/python3.12/site-packages/airflow/example_dags/example_complex.py
[2026-05-09T19:16:53.743+0000] {processor.py:830} INFO - Processing file /home/airflow/.local/lib/python3.12/site-packages/airflow/example_dags/example_complex.py for tasks to queue
[2026-05-09T19:16:53.745+0000] {logging_mixin.py:188} INFO - [2026-05-09T19:16:53.745+0000] {dagbag.py:545} INFO - Filling up the DagBag from /home/airflow/.local/lib/python3.12/site-packages/airflow/example_dags/example_complex.py
[2026-05-09T19:16:53.754+0000] {processor.py:840} INFO - DAG(s) 'example_complex' retrieved from /home/airflow/.local/lib/python3.12/site-packages/airflow/example_dags/example_complex.py
[2026-05-09T19:16:53.786+0000] {logging_mixin.py:188} INFO - [2026-05-09T19:16:53.786+0000] {dag.py:3096} INFO - Sync 1 DAGs
[2026-05-09T19:16:53.798+0000] {logging_mixin.py:188} INFO - [2026-05-09T19:16:53.798+0000] {dag.py:3954} INFO - Setting next_dagrun for example_complex to None, run_after=None
[2026-05-09T19:16:53.822+0000] {processor.py:183} INFO - Processing /home/airflow/.local/lib/python3.12/site-packages/airflow/example_dags/example_complex.py took 0.086 seconds
[2026-05-09T19:17:24.301+0000] {processor.py:161} INFO - Started process (PID=3001) to work on /home/airflow/.local/lib/python3.12/site-packages/airflow/example_dags/example_complex.py
[2026-05-09T19:17:24.302+0000] {processor.py:830} INFO - Processing file /home/airflow/.local/lib/python3.12/site-packages/airflow/example_dags/example_complex.py for tasks to queue
[2026-05-09T19:17:24.304+0000] {logging_mixin.py:188} INFO - [2026-05-09T19:17:24.304+0000] {dagbag.py:545} INFO - Filling up the DagBag from /home/airflow/.local/lib/python3.12/site-packages/airflow/example_dags/example_complex.py
[2026-05-09T19:17:24.314+0000] {processor.py:840} INFO - DAG(s) 'example_complex' retrieved from /home/airflow/.local/lib/python3.12/site-packages/airflow/example_dags/example_complex.py
[2026-05-09T19:17:24.347+0000] {logging_mixin.py:188} INFO - [2026-05-09T19:17:24.347+0000] {dag.py:3096} INFO - Sync 1 DAGs
[2026-05-09T19:17:24.363+0000] {logging_mixin.py:188} INFO - [2026-05-09T19:17:24.363+0000] {dag.py:3954} INFO - Setting next_dagrun for example_complex to None, run_after=None
[2026-05-09T19:17:24.388+0000] {processor.py:183} INFO - Processing /home/airflow/.local/lib/python3.12/site-packages/airflow/example_dags/example_complex.py took 0.092 seconds
[2026-05-09T19:17:54.927+0000] {processor.py:161} INFO - Started process (PID=3060) to work on /home/airflow/.local/lib/python3.12/site-packages/airflow/example_dags/example_complex.py
[2026-05-09T19:17:54.928+0000] {processor.py:830} INFO - Processing file /home/airflow/.local/lib/python3.12/site-packages/airflow/example_dags/example_complex.py for tasks to queue
[2026-05-09T19:17:54.930+0000] {logging_mixin.py:188} INFO - [2026-05-09T19:17:54.930+0000] {dagbag.py:545} INFO - Filling up the DagBag from /home/airflow/.local/lib/python3.12/site-packages/airflow/example_dags/example_complex.py
[2026-05-09T19:17:54.940+0000] {processor.py:840} INFO - DAG(s) 'example_complex' retrieved from /home/airflow/.local/lib/python3.12/site-packages/airflow/example_dags/example_complex.py
[2026-05-09T19:17:54.972+0000] {logging_mixin.py:188} INFO - [2026-05-09T19:17:54.972+0000] {dag.py:3096} INFO - Sync 1 DAGs
[2026-05-09T19:17:54.984+0000] {logging_mixin.py:188} INFO - [2026-05-09T19:17:54.984+0000] {dag.py:3954} INFO - Setting next_dagrun for example_complex to None, run_after=None
[2026-05-09T19:17:55.008+0000] {processor.py:183} INFO - Processing /home/airflow/.local/lib/python3.12/site-packages/airflow/example_dags/example_complex.py took 0.086 seconds
[2026-05-09T19:18:25.109+0000] {processor.py:161} INFO - Started process (PID=3119) to work on /home/airflow/.local/lib/python3.12/site-packages/airflow/example_dags/example_complex.py
[2026-05-09T19:18:25.110+0000] {processor.py:830} INFO - Processing file /home/airflow/.local/lib/python3.12/site-packages/airflow/example_dags/example_complex.py for tasks to queue
[2026-05-09T19:18:25.112+0000] {logging_mixin.py:188} INFO - [2026-05-09T19:18:25.111+0000] {dagbag.py:545} INFO - Filling up the DagBag from /home/airflow/.local/lib/python3.12/site-packages/airflow/example_dags/example_complex.py
[2026-05-09T19:18:25.121+0000] {processor.py:840} INFO - DAG(s) 'example_complex' retrieved from /home/airflow/.local/lib/python3.12/site-packages/airflow/example_dags/example_complex.py
[2026-05-09T19:18:25.152+0000] {logging_mixin.py:188} INFO - [2026-05-09T19:18:25.151+0000] {dag.py:3096} INFO - Sync 1 DAGs
[2026-05-09T19:18:25.164+0000] {logging_mixin.py:188} INFO - [2026-05-09T19:18:25.164+0000] {dag.py:3954} INFO - Setting next_dagrun for example_complex to None, run_after=None
[2026-05-09T19:18:25.188+0000] {processor.py:183} INFO - Processing /home/airflow/.local/lib/python3.12/site-packages/airflow/example_dags/example_complex.py took 0.084 seconds
[2026-05-09T19:18:56.111+0000] {processor.py:161} INFO - Started process (PID=3178) to work on /home/airflow/.local/lib/python3.12/site-packages/airflow/example_dags/example_complex.py
[2026-05-09T19:18:56.112+0000] {processor.py:830} INFO - Processing file /home/airflow/.local/lib/python3.12/site-packages/airflow/example_dags/example_complex.py for tasks to queue
[2026-05-09T19:18:56.114+0000] {logging_mixin.py:188} INFO - [2026-05-09T19:18:56.114+0000] {dagbag.py:545} INFO - Filling up the DagBag from /home/airflow/.local/lib/python3.12/site-packages/airflow/example_dags/example_complex.py
[2026-05-09T19:18:56.124+0000] {processor.py:840} INFO - DAG(s) 'example_complex' retrieved from /home/airflow/.local/lib/python3.12/site-packages/airflow/example_dags/example_complex.py
[2026-05-09T19:18:56.155+0000] {logging_mixin.py:188} INFO - [2026-05-09T19:18:56.155+0000] {dag.py:3096} INFO - Sync 1 DAGs
[2026-05-09T19:18:56.168+0000] {logging_mixin.py:188} INFO - [2026-05-09T19:18:56.167+0000] {dag.py:3954} INFO - Setting next_dagrun for example_complex to None, run_after=None
[2026-05-09T19:18:56.190+0000] {processor.py:183} INFO - Processing /home/airflow/.local/lib/python3.12/site-packages/airflow/example_dags/example_complex.py took 0.084 seconds
[2026-05-09T19:19:27.550+0000] {processor.py:161} INFO - Started process (PID=3237) to work on /home/airflow/.local/lib/python3.12/site-packages/airflow/example_dags/example_complex.py
[2026-05-09T19:19:27.551+0000] {processor.py:830} INFO - Processing file /home/airflow/.local/lib/python3.12/site-packages/airflow/example_dags/example_complex.py for tasks to queue
[2026-05-09T19:19:27.553+0000] {logging_mixin.py:188} INFO - [2026-05-09T19:19:27.553+0000] {dagbag.py:545} INFO - Filling up the DagBag from /home/airflow/.local/lib/python3.12/site-packages/airflow/example_dags/example_complex.py
[2026-05-09T19:19:27.562+0000] {processor.py:840} INFO - DAG(s) 'example_complex' retrieved from /home/airflow/.local/lib/python3.12/site-packages/airflow/example_dags/example_complex.py
[2026-05-09T19:19:27.593+0000] {logging_mixin.py:188} INFO - [2026-05-09T19:19:27.593+0000] {dag.py:3096} INFO - Sync 1 DAGs
[2026-05-09T19:19:27.605+0000] {logging_mixin.py:188} INFO - [2026-05-09T19:19:27.605+0000] {dag.py:3954} INFO - Setting next_dagrun for example_complex to None, run_after=None
[2026-05-09T19:19:27.628+0000] {processor.py:183} INFO - Processing /home/airflow/.local/lib/python3.12/site-packages/airflow/example_dags/example_complex.py took 0.083 seconds
[2026-05-09T19:19:58.096+0000] {processor.py:161} INFO - Started process (PID=3296) to work on /home/airflow/.local/lib/python3.12/site-packages/airflow/example_dags/example_complex.py
[2026-05-09T19:19:58.097+0000] {processor.py:830} INFO - Processing file /home/airflow/.local/lib/python3.12/site-packages/airflow/example_dags/example_complex.py for tasks to queue
[2026-05-09T19:19:58.099+0000] {logging_mixin.py:188} INFO - [2026-05-09T19:19:58.099+0000] {dagbag.py:545} INFO - Filling up the DagBag from /home/airflow/.local/lib/python3.12/site-packages/airflow/example_dags/example_complex.py
[2026-05-09T19:19:58.108+0000] {processor.py:840} INFO - DAG(s) 'example_complex' retrieved from /home/airflow/.local/lib/python3.12/site-packages/airflow/example_dags/example_complex.py
[2026-05-09T19:19:58.138+0000] {logging_mixin.py:188} INFO - [2026-05-09T19:19:58.138+0000] {dag.py:3096} INFO - Sync 1 DAGs
[2026-05-09T19:19:58.150+0000] {logging_mixin.py:188} INFO - [2026-05-09T19:19:58.150+0000] {dag.py:3954} INFO - Setting next_dagrun for example_complex to None, run_after=None
[2026-05-09T19:19:58.172+0000] {processor.py:183} INFO - Processing /home/airflow/.local/lib/python3.12/site-packages/airflow/example_dags/example_complex.py took 0.081 seconds
[2026-05-09T19:20:29.257+0000] {processor.py:161} INFO - Started process (PID=3355) to work on /home/airflow/.local/lib/python3.12/site-packages/airflow/example_dags/example_complex.py
[2026-05-09T19:20:29.258+0000] {processor.py:830} INFO - Processing file /home/airflow/.local/lib/python3.12/site-packages/airflow/example_dags/example_complex.py for tasks to queue
[2026-05-09T19:20:29.260+0000] {logging_mixin.py:188} INFO - [2026-05-09T19:20:29.260+0000] {dagbag.py:545} INFO - Filling up the DagBag from /home/airflow/.local/lib/python3.12/site-packages/airflow/example_dags/example_complex.py
[2026-05-09T19:20:29.269+0000] {processor.py:840} INFO - DAG(s) 'example_complex' retrieved from /home/airflow/.local/lib/python3.12/site-packages/airflow/example_dags/example_complex.py
[2026-05-09T19:20:29.302+0000] {logging_mixin.py:188} INFO - [2026-05-09T19:20:29.302+0000] {dag.py:3096} INFO - Sync 1 DAGs
[2026-05-09T19:20:29.316+0000] {logging_mixin.py:188} INFO - [2026-05-09T19:20:29.316+0000] {dag.py:3954} INFO - Setting next_dagrun for example_complex to None, run_after=None
[2026-05-09T19:20:29.343+0000] {processor.py:183} INFO - Processing /home/airflow/.local/lib/python3.12/site-packages/airflow/example_dags/example_complex.py took 0.091 seconds
[2026-05-09T19:20:59.469+0000] {processor.py:161} INFO - Started process (PID=3414) to work on /home/airflow/.local/lib/python3.12/site-packages/airflow/example_dags/example_complex.py
[2026-05-09T19:20:59.470+0000] {processor.py:830} INFO - Processing file /home/airflow/.local/lib/python3.12/site-packages/airflow/example_dags/example_complex.py for tasks to queue
[2026-05-09T19:20:59.472+0000] {logging_mixin.py:188} INFO - [2026-05-09T19:20:59.472+0000] {dagbag.py:545} INFO - Filling up the DagBag from /home/airflow/.local/lib/python3.12/site-packages/airflow/example_dags/example_complex.py
[2026-05-09T19:20:59.481+0000] {processor.py:840} INFO - DAG(s) 'example_complex' retrieved from /home/airflow/.local/lib/python3.12/site-packages/airflow/example_dags/example_complex.py
[2026-05-09T19:20:59.513+0000] {logging_mixin.py:188} INFO - [2026-05-09T19:20:59.512+0000] {dag.py:3096} INFO - Sync 1 DAGs
[2026-05-09T19:20:59.526+0000] {logging_mixin.py:188} INFO - [2026-05-09T19:20:59.525+0000] {dag.py:3954} INFO - Setting next_dagrun for example_complex to None, run_after=None
[2026-05-09T19:20:59.549+0000] {processor.py:183} INFO - Processing /home/airflow/.local/lib/python3.12/site-packages/airflow/example_dags/example_complex.py took 0.086 seconds
[2026-05-09T19:21:30.859+0000] {processor.py:161} INFO - Started process (PID=3473) to work on /home/airflow/.local/lib/python3.12/site-packages/airflow/example_dags/example_complex.py
[2026-05-09T19:21:30.861+0000] {processor.py:830} INFO - Processing file /home/airflow/.local/lib/python3.12/site-packages/airflow/example_dags/example_complex.py for tasks to queue
[2026-05-09T19:21:30.863+0000] {logging_mixin.py:188} INFO - [2026-05-09T19:21:30.862+0000] {dagbag.py:545} INFO - Filling up the DagBag from /home/airflow/.local/lib/python3.12/site-packages/airflow/example_dags/example_complex.py
[2026-05-09T19:21:30.872+0000] {processor.py:840} INFO - DAG(s) 'example_complex' retrieved from /home/airflow/.local/lib/python3.12/site-packages/airflow/example_dags/example_complex.py
[2026-05-09T19:21:30.904+0000] {logging_mixin.py:188} INFO - [2026-05-09T19:21:30.903+0000] {dag.py:3096} INFO - Sync 1 DAGs
[2026-05-09T19:21:30.916+0000] {logging_mixin.py:188} INFO - [2026-05-09T19:21:30.916+0000] {dag.py:3954} INFO - Setting next_dagrun for example_complex to None, run_after=None
[2026-05-09T19:21:30.940+0000] {processor.py:183} INFO - Processing /home/airflow/.local/lib/python3.12/site-packages/airflow/example_dags/example_complex.py took 0.085 seconds
[2026-05-09T19:22:01.420+0000] {processor.py:161} INFO - Started process (PID=3532) to work on /home/airflow/.local/lib/python3.12/site-packages/airflow/example_dags/example_complex.py
[2026-05-09T19:22:01.421+0000] {processor.py:830} INFO - Processing file /home/airflow/.local/lib/python3.12/site-packages/airflow/example_dags/example_complex.py for tasks to queue
[2026-05-09T19:22:01.425+0000] {logging_mixin.py:188} INFO - [2026-05-09T19:22:01.424+0000] {dagbag.py:545} INFO - Filling up the DagBag from /home/airflow/.local/lib/python3.12/site-packages/airflow/example_dags/example_complex.py
[2026-05-09T19:22:01.437+0000] {processor.py:840} INFO - DAG(s) 'example_complex' retrieved from /home/airflow/.local/lib/python3.12/site-packages/airflow/example_dags/example_complex.py
[2026-05-09T19:22:01.481+0000] {logging_mixin.py:188} INFO - [2026-05-09T19:22:01.480+0000] {dag.py:3096} INFO - Sync 1 DAGs
[2026-05-09T19:22:01.500+0000] {logging_mixin.py:188} INFO - [2026-05-09T19:22:01.499+0000] {dag.py:3954} INFO - Setting next_dagrun for example_complex to None, run_after=None
[2026-05-09T19:22:01.531+0000] {processor.py:183} INFO - Processing /home/airflow/.local/lib/python3.12/site-packages/airflow/example_dags/example_complex.py took 0.119 seconds
[2026-05-09T19:22:32.612+0000] {processor.py:161} INFO - Started process (PID=3591) to work on /home/airflow/.local/lib/python3.12/site-packages/airflow/example_dags/example_complex.py
[2026-05-09T19:22:32.613+0000] {processor.py:830} INFO - Processing file /home/airflow/.local/lib/python3.12/site-packages/airflow/example_dags/example_complex.py for tasks to queue
[2026-05-09T19:22:32.615+0000] {logging_mixin.py:188} INFO - [2026-05-09T19:22:32.615+0000] {dagbag.py:545} INFO - Filling up the DagBag from /home/airflow/.local/lib/python3.12/site-packages/airflow/example_dags/example_complex.py
[2026-05-09T19:22:32.625+0000] {processor.py:840} INFO - DAG(s) 'example_complex' retrieved from /home/airflow/.local/lib/python3.12/site-packages/airflow/example_dags/example_complex.py
[2026-05-09T19:22:32.657+0000] {logging_mixin.py:188} INFO - [2026-05-09T19:22:32.657+0000] {dag.py:3096} INFO - Sync 1 DAGs
[2026-05-09T19:22:32.669+0000] {logging_mixin.py:188} INFO - [2026-05-09T19:22:32.669+0000] {dag.py:3954} INFO - Setting next_dagrun for example_complex to None, run_after=None
[2026-05-09T19:22:32.693+0000] {processor.py:183} INFO - Processing /home/airflow/.local/lib/python3.12/site-packages/airflow/example_dags/example_complex.py took 0.089 seconds
[2026-05-09T19:23:02.998+0000] {processor.py:161} INFO - Started process (PID=3650) to work on /home/airflow/.local/lib/python3.12/site-packages/airflow/example_dags/example_complex.py
[2026-05-09T19:23:02.999+0000] {processor.py:830} INFO - Processing file /home/airflow/.local/lib/python3.12/site-packages/airflow/example_dags/example_complex.py for tasks to queue
[2026-05-09T19:23:03.002+0000] {logging_mixin.py:188} INFO - [2026-05-09T19:23:03.001+0000] {dagbag.py:545} INFO - Filling up the DagBag from /home/airflow/.local/lib/python3.12/site-packages/airflow/example_dags/example_complex.py
[2026-05-09T19:23:03.012+0000] {processor.py:840} INFO - DAG(s) 'example_complex' retrieved from /home/airflow/.local/lib/python3.12/site-packages/airflow/example_dags/example_complex.py
[2026-05-09T19:23:03.046+0000] {logging_mixin.py:188} INFO - [2026-05-09T19:23:03.046+0000] {dag.py:3096} INFO - Sync 1 DAGs
[2026-05-09T19:23:03.058+0000] {logging_mixin.py:188} INFO - [2026-05-09T19:23:03.058+0000] {dag.py:3954} INFO - Setting next_dagrun for example_complex to None, run_after=None
[2026-05-09T19:23:03.082+0000] {processor.py:183} INFO - Processing /home/airflow/.local/lib/python3.12/site-packages/airflow/example_dags/example_complex.py took 0.091 seconds
[2026-05-09T19:23:33.355+0000] {processor.py:161} INFO - Started process (PID=3709) to work on /home/airflow/.local/lib/python3.12/site-packages/airflow/example_dags/example_complex.py
[2026-05-09T19:23:33.357+0000] {processor.py:830} INFO - Processing file /home/airflow/.local/lib/python3.12/site-packages/airflow/example_dags/example_complex.py for tasks to queue
[2026-05-09T19:23:33.359+0000] {logging_mixin.py:188} INFO - [2026-05-09T19:23:33.358+0000] {dagbag.py:545} INFO - Filling up the DagBag from /home/airflow/.local/lib/python3.12/site-packages/airflow/example_dags/example_complex.py
[2026-05-09T19:23:33.369+0000] {processor.py:840} INFO - DAG(s) 'example_complex' retrieved from /home/airflow/.local/lib/python3.12/site-packages/airflow/example_dags/example_complex.py
[2026-05-09T19:23:33.401+0000] {logging_mixin.py:188} INFO - [2026-05-09T19:23:33.401+0000] {dag.py:3096} INFO - Sync 1 DAGs
[2026-05-09T19:23:33.414+0000] {logging_mixin.py:188} INFO - [2026-05-09T19:23:33.413+0000] {dag.py:3954} INFO - Setting next_dagrun for example_complex to None, run_after=None
[2026-05-09T19:23:33.441+0000] {processor.py:183} INFO - Processing /home/airflow/.local/lib/python3.12/site-packages/airflow/example_dags/example_complex.py took 0.091 seconds
[2026-05-09T19:24:04.851+0000] {processor.py:161} INFO - Started process (PID=3768) to work on /home/airflow/.local/lib/python3.12/site-packages/airflow/example_dags/example_complex.py
[2026-05-09T19:24:04.852+0000] {processor.py:830} INFO - Processing file /home/airflow/.local/lib/python3.12/site-packages/airflow/example_dags/example_complex.py for tasks to queue
[2026-05-09T19:24:04.854+0000] {logging_mixin.py:188} INFO - [2026-05-09T19:24:04.854+0000] {dagbag.py:545} INFO - Filling up the DagBag from /home/airflow/.local/lib/python3.12/site-packages/airflow/example_dags/example_complex.py
[2026-05-09T19:24:04.863+0000] {processor.py:840} INFO - DAG(s) 'example_complex' retrieved from /home/airflow/.local/lib/python3.12/site-packages/airflow/example_dags/example_complex.py
[2026-05-09T19:24:04.899+0000] {logging_mixin.py:188} INFO - [2026-05-09T19:24:04.898+0000] {dag.py:3096} INFO - Sync 1 DAGs
[2026-05-09T19:24:04.912+0000] {logging_mixin.py:188} INFO - [2026-05-09T19:24:04.912+0000] {dag.py:3954} INFO - Setting next_dagrun for example_complex to None, run_after=None
[2026-05-09T19:24:04.940+0000] {processor.py:183} INFO - Processing /home/airflow/.local/lib/python3.12/site-packages/airflow/example_dags/example_complex.py took 0.095 seconds
[2026-05-09T19:24:35.112+0000] {processor.py:161} INFO - Started process (PID=3827) to work on /home/airflow/.local/lib/python3.12/site-packages/airflow/example_dags/example_complex.py
[2026-05-09T19:24:35.113+0000] {processor.py:830} INFO - Processing file /home/airflow/.local/lib/python3.12/site-packages/airflow/example_dags/example_complex.py for tasks to queue
[2026-05-09T19:24:35.115+0000] {logging_mixin.py:188} INFO - [2026-05-09T19:24:35.115+0000] {dagbag.py:545} INFO - Filling up the DagBag from /home/airflow/.local/lib/python3.12/site-packages/airflow/example_dags/example_complex.py
[2026-05-09T19:24:35.124+0000] {processor.py:840} INFO - DAG(s) 'example_complex' retrieved from /home/airflow/.local/lib/python3.12/site-packages/airflow/example_dags/example_complex.py
[2026-05-09T19:24:35.154+0000] {logging_mixin.py:188} INFO - [2026-05-09T19:24:35.154+0000] {dag.py:3096} INFO - Sync 1 DAGs
[2026-05-09T19:24:35.167+0000] {logging_mixin.py:188} INFO - [2026-05-09T19:24:35.166+0000] {dag.py:3954} INFO - Setting next_dagrun for example_complex to None, run_after=None
[2026-05-09T19:24:35.191+0000] {processor.py:183} INFO - Processing /home/airflow/.local/lib/python3.12/site-packages/airflow/example_dags/example_complex.py took 0.084 seconds
[2026-05-09T19:25:06.450+0000] {processor.py:161} INFO - Started process (PID=3886) to work on /home/airflow/.local/lib/python3.12/site-packages/airflow/example_dags/example_complex.py
[2026-05-09T19:25:06.451+0000] {processor.py:830} INFO - Processing file /home/airflow/.local/lib/python3.12/site-packages/airflow/example_dags/example_complex.py for tasks to queue
[2026-05-09T19:25:06.453+0000] {logging_mixin.py:188} INFO - [2026-05-09T19:25:06.453+0000] {dagbag.py:545} INFO - Filling up the DagBag from /home/airflow/.local/lib/python3.12/site-packages/airflow/example_dags/example_complex.py
[2026-05-09T19:25:06.462+0000] {processor.py:840} INFO - DAG(s) 'example_complex' retrieved from /home/airflow/.local/lib/python3.12/site-packages/airflow/example_dags/example_complex.py
[2026-05-09T19:25:06.494+0000] {logging_mixin.py:188} INFO - [2026-05-09T19:25:06.493+0000] {dag.py:3096} INFO - Sync 1 DAGs
[2026-05-09T19:25:06.507+0000] {logging_mixin.py:188} INFO - [2026-05-09T19:25:06.506+0000] {dag.py:3954} INFO - Setting next_dagrun for example_complex to None, run_after=None
[2026-05-09T19:25:06.531+0000] {processor.py:183} INFO - Processing /home/airflow/.local/lib/python3.12/site-packages/airflow/example_dags/example_complex.py took 0.087 seconds
[2026-05-09T19:25:36.971+0000] {processor.py:161} INFO - Started process (PID=3945) to work on /home/airflow/.local/lib/python3.12/site-packages/airflow/example_dags/example_complex.py
[2026-05-09T19:25:36.973+0000] {processor.py:830} INFO - Processing file /home/airflow/.local/lib/python3.12/site-packages/airflow/example_dags/example_complex.py for tasks to queue
[2026-05-09T19:25:36.977+0000] {logging_mixin.py:188} INFO - [2026-05-09T19:25:36.976+0000] {dagbag.py:545} INFO - Filling up the DagBag from /home/airflow/.local/lib/python3.12/site-packages/airflow/example_dags/example_complex.py
[2026-05-09T19:25:36.992+0000] {processor.py:840} INFO - DAG(s) 'example_complex' retrieved from /home/airflow/.local/lib/python3.12/site-packages/airflow/example_dags/example_complex.py
[2026-05-09T19:25:37.061+0000] {logging_mixin.py:188} INFO - [2026-05-09T19:25:37.060+0000] {dag.py:3096} INFO - Sync 1 DAGs
[2026-05-09T19:25:37.089+0000] {logging_mixin.py:188} INFO - [2026-05-09T19:25:37.089+0000] {dag.py:3954} INFO - Setting next_dagrun for example_complex to None, run_after=None
[2026-05-09T19:25:37.134+0000] {processor.py:183} INFO - Processing /home/airflow/.local/lib/python3.12/site-packages/airflow/example_dags/example_complex.py took 0.172 seconds
[2026-05-09T19:26:07.422+0000] {processor.py:161} INFO - Started process (PID=4004) to work on /home/airflow/.local/lib/python3.12/site-packages/airflow/example_dags/example_complex.py
[2026-05-09T19:26:07.423+0000] {processor.py:830} INFO - Processing file /home/airflow/.local/lib/python3.12/site-packages/airflow/example_dags/example_complex.py for tasks to queue
[2026-05-09T19:26:07.425+0000] {logging_mixin.py:188} INFO - [2026-05-09T19:26:07.425+0000] {dagbag.py:545} INFO - Filling up the DagBag from /home/airflow/.local/lib/python3.12/site-packages/airflow/example_dags/example_complex.py
[2026-05-09T19:26:07.437+0000] {processor.py:840} INFO - DAG(s) 'example_complex' retrieved from /home/airflow/.local/lib/python3.12/site-packages/airflow/example_dags/example_complex.py
[2026-05-09T19:26:07.467+0000] {logging_mixin.py:188} INFO - [2026-05-09T19:26:07.467+0000] {dag.py:3096} INFO - Sync 1 DAGs
[2026-05-09T19:26:07.480+0000] {logging_mixin.py:188} INFO - [2026-05-09T19:26:07.480+0000] {dag.py:3954} INFO - Setting next_dagrun for example_complex to None, run_after=None
[2026-05-09T19:26:07.503+0000] {processor.py:183} INFO - Processing /home/airflow/.local/lib/python3.12/site-packages/airflow/example_dags/example_complex.py took 0.086 seconds
[2026-05-09T19:26:38.491+0000] {processor.py:161} INFO - Started process (PID=4063) to work on /home/airflow/.local/lib/python3.12/site-packages/airflow/example_dags/example_complex.py
[2026-05-09T19:26:38.492+0000] {processor.py:830} INFO - Processing file /home/airflow/.local/lib/python3.12/site-packages/airflow/example_dags/example_complex.py for tasks to queue
[2026-05-09T19:26:38.494+0000] {logging_mixin.py:188} INFO - [2026-05-09T19:26:38.494+0000] {dagbag.py:545} INFO - Filling up the DagBag from /home/airflow/.local/lib/python3.12/site-packages/airflow/example_dags/example_complex.py
[2026-05-09T19:26:38.503+0000] {processor.py:840} INFO - DAG(s) 'example_complex' retrieved from /home/airflow/.local/lib/python3.12/site-packages/airflow/example_dags/example_complex.py
[2026-05-09T19:26:38.537+0000] {logging_mixin.py:188} INFO - [2026-05-09T19:26:38.537+0000] {dag.py:3096} INFO - Sync 1 DAGs
[2026-05-09T19:26:38.549+0000] {logging_mixin.py:188} INFO - [2026-05-09T19:26:38.549+0000] {dag.py:3954} INFO - Setting next_dagrun for example_complex to None, run_after=None
[2026-05-09T19:26:38.572+0000] {processor.py:183} INFO - Processing /home/airflow/.local/lib/python3.12/site-packages/airflow/example_dags/example_complex.py took 0.087 seconds
[2026-05-09T19:27:08.931+0000] {processor.py:161} INFO - Started process (PID=4122) to work on /home/airflow/.local/lib/python3.12/site-packages/airflow/example_dags/example_complex.py
[2026-05-09T19:27:08.932+0000] {processor.py:830} INFO - Processing file /home/airflow/.local/lib/python3.12/site-packages/airflow/example_dags/example_complex.py for tasks to queue
[2026-05-09T19:27:08.934+0000] {logging_mixin.py:188} INFO - [2026-05-09T19:27:08.934+0000] {dagbag.py:545} INFO - Filling up the DagBag from /home/airflow/.local/lib/python3.12/site-packages/airflow/example_dags/example_complex.py
[2026-05-09T19:27:08.943+0000] {processor.py:840} INFO - DAG(s) 'example_complex' retrieved from /home/airflow/.local/lib/python3.12/site-packages/airflow/example_dags/example_complex.py
[2026-05-09T19:27:08.975+0000] {logging_mixin.py:188} INFO - [2026-05-09T19:27:08.974+0000] {dag.py:3096} INFO - Sync 1 DAGs
[2026-05-09T19:27:08.986+0000] {logging_mixin.py:188} INFO - [2026-05-09T19:27:08.986+0000] {dag.py:3954} INFO - Setting next_dagrun for example_complex to None, run_after=None
[2026-05-09T19:27:09.008+0000] {processor.py:183} INFO - Processing /home/airflow/.local/lib/python3.12/site-packages/airflow/example_dags/example_complex.py took 0.082 seconds
[2026-05-09T19:27:40.287+0000] {processor.py:161} INFO - Started process (PID=4181) to work on /home/airflow/.local/lib/python3.12/site-packages/airflow/example_dags/example_complex.py
[2026-05-09T19:27:40.288+0000] {processor.py:830} INFO - Processing file /home/airflow/.local/lib/python3.12/site-packages/airflow/example_dags/example_complex.py for tasks to queue
[2026-05-09T19:27:40.290+0000] {logging_mixin.py:188} INFO - [2026-05-09T19:27:40.289+0000] {dagbag.py:545} INFO - Filling up the DagBag from /home/airflow/.local/lib/python3.12/site-packages/airflow/example_dags/example_complex.py
[2026-05-09T19:27:40.302+0000] {processor.py:840} INFO - DAG(s) 'example_complex' retrieved from /home/airflow/.local/lib/python3.12/site-packages/airflow/example_dags/example_complex.py
[2026-05-09T19:27:40.333+0000] {logging_mixin.py:188} INFO - [2026-05-09T19:27:40.333+0000] {dag.py:3096} INFO - Sync 1 DAGs
[2026-05-09T19:27:40.345+0000] {logging_mixin.py:188} INFO - [2026-05-09T19:27:40.345+0000] {dag.py:3954} INFO - Setting next_dagrun for example_complex to None, run_after=None
[2026-05-09T19:27:40.369+0000] {processor.py:183} INFO - Processing /home/airflow/.local/lib/python3.12/site-packages/airflow/example_dags/example_complex.py took 0.087 seconds
[2026-05-09T19:28:10.809+0000] {processor.py:161} INFO - Started process (PID=4240) to work on /home/airflow/.local/lib/python3.12/site-packages/airflow/example_dags/example_complex.py
[2026-05-09T19:28:10.810+0000] {processor.py:830} INFO - Processing file /home/airflow/.local/lib/python3.12/site-packages/airflow/example_dags/example_complex.py for tasks to queue
[2026-05-09T19:28:10.812+0000] {logging_mixin.py:188} INFO - [2026-05-09T19:28:10.811+0000] {dagbag.py:545} INFO - Filling up the DagBag from /home/airflow/.local/lib/python3.12/site-packages/airflow/example_dags/example_complex.py
[2026-05-09T19:28:10.821+0000] {processor.py:840} INFO - DAG(s) 'example_complex' retrieved from /home/airflow/.local/lib/python3.12/site-packages/airflow/example_dags/example_complex.py
[2026-05-09T19:28:10.851+0000] {logging_mixin.py:188} INFO - [2026-05-09T19:28:10.851+0000] {dag.py:3096} INFO - Sync 1 DAGs
[2026-05-09T19:28:10.864+0000] {logging_mixin.py:188} INFO - [2026-05-09T19:28:10.864+0000] {dag.py:3954} INFO - Setting next_dagrun for example_complex to None, run_after=None
[2026-05-09T19:28:10.886+0000] {processor.py:183} INFO - Processing /home/airflow/.local/lib/python3.12/site-packages/airflow/example_dags/example_complex.py took 0.083 seconds
[2026-05-09T19:28:41.396+0000] {processor.py:161} INFO - Started process (PID=4299) to work on /home/airflow/.local/lib/python3.12/site-packages/airflow/example_dags/example_complex.py
[2026-05-09T19:28:41.397+0000] {processor.py:830} INFO - Processing file /home/airflow/.local/lib/python3.12/site-packages/airflow/example_dags/example_complex.py for tasks to queue
[2026-05-09T19:28:41.399+0000] {logging_mixin.py:188} INFO - [2026-05-09T19:28:41.398+0000] {dagbag.py:545} INFO - Filling up the DagBag from /home/airflow/.local/lib/python3.12/site-packages/airflow/example_dags/example_complex.py
[2026-05-09T19:28:41.408+0000] {processor.py:840} INFO - DAG(s) 'example_complex' retrieved from /home/airflow/.local/lib/python3.12/site-packages/airflow/example_dags/example_complex.py
[2026-05-09T19:28:41.440+0000] {logging_mixin.py:188} INFO - [2026-05-09T19:28:41.439+0000] {dag.py:3096} INFO - Sync 1 DAGs
[2026-05-09T19:28:41.455+0000] {logging_mixin.py:188} INFO - [2026-05-09T19:28:41.455+0000] {dag.py:3954} INFO - Setting next_dagrun for example_complex to None, run_after=None
[2026-05-09T19:28:41.482+0000] {processor.py:183} INFO - Processing /home/airflow/.local/lib/python3.12/site-packages/airflow/example_dags/example_complex.py took 0.091 seconds
[2026-05-09T19:29:12.379+0000] {processor.py:161} INFO - Started process (PID=4358) to work on /home/airflow/.local/lib/python3.12/site-packages/airflow/example_dags/example_complex.py
[2026-05-09T19:29:12.380+0000] {processor.py:830} INFO - Processing file /home/airflow/.local/lib/python3.12/site-packages/airflow/example_dags/example_complex.py for tasks to queue
[2026-05-09T19:29:12.382+0000] {logging_mixin.py:188} INFO - [2026-05-09T19:29:12.382+0000] {dagbag.py:545} INFO - Filling up the DagBag from /home/airflow/.local/lib/python3.12/site-packages/airflow/example_dags/example_complex.py
[2026-05-09T19:29:12.392+0000] {processor.py:840} INFO - DAG(s) 'example_complex' retrieved from /home/airflow/.local/lib/python3.12/site-packages/airflow/example_dags/example_complex.py
[2026-05-09T19:29:12.423+0000] {logging_mixin.py:188} INFO - [2026-05-09T19:29:12.423+0000] {dag.py:3096} INFO - Sync 1 DAGs
[2026-05-09T19:29:12.436+0000] {logging_mixin.py:188} INFO - [2026-05-09T19:29:12.435+0000] {dag.py:3954} INFO - Setting next_dagrun for example_complex to None, run_after=None
[2026-05-09T19:29:12.458+0000] {processor.py:183} INFO - Processing /home/airflow/.local/lib/python3.12/site-packages/airflow/example_dags/example_complex.py took 0.084 seconds
[2026-05-09T19:29:43.192+0000] {processor.py:161} INFO - Started process (PID=4417) to work on /home/airflow/.local/lib/python3.12/site-packages/airflow/example_dags/example_complex.py
[2026-05-09T19:29:43.194+0000] {processor.py:830} INFO - Processing file /home/airflow/.local/lib/python3.12/site-packages/airflow/example_dags/example_complex.py for tasks to queue
[2026-05-09T19:29:43.196+0000] {logging_mixin.py:188} INFO - [2026-05-09T19:29:43.196+0000] {dagbag.py:545} INFO - Filling up the DagBag from /home/airflow/.local/lib/python3.12/site-packages/airflow/example_dags/example_complex.py
[2026-05-09T19:29:43.208+0000] {processor.py:840} INFO - DAG(s) 'example_complex' retrieved from /home/airflow/.local/lib/python3.12/site-packages/airflow/example_dags/example_complex.py
[2026-05-09T19:29:43.240+0000] {logging_mixin.py:188} INFO - [2026-05-09T19:29:43.240+0000] {dag.py:3096} INFO - Sync 1 DAGs
[2026-05-09T19:29:43.253+0000] {logging_mixin.py:188} INFO - [2026-05-09T19:29:43.253+0000] {dag.py:3954} INFO - Setting next_dagrun for example_complex to None, run_after=None
[2026-05-09T19:29:43.280+0000] {processor.py:183} INFO - Processing /home/airflow/.local/lib/python3.12/site-packages/airflow/example_dags/example_complex.py took 0.093 seconds
[2026-05-09T19:30:14.009+0000] {processor.py:161} INFO - Started process (PID=4476) to work on /home/airflow/.local/lib/python3.12/site-packages/airflow/example_dags/example_complex.py
[2026-05-09T19:30:14.010+0000] {processor.py:830} INFO - Processing file /home/airflow/.local/lib/python3.12/site-packages/airflow/example_dags/example_complex.py for tasks to queue
[2026-05-09T19:30:14.012+0000] {logging_mixin.py:188} INFO - [2026-05-09T19:30:14.011+0000] {dagbag.py:545} INFO - Filling up the DagBag from /home/airflow/.local/lib/python3.12/site-packages/airflow/example_dags/example_complex.py
[2026-05-09T19:30:14.021+0000] {processor.py:840} INFO - DAG(s) 'example_complex' retrieved from /home/airflow/.local/lib/python3.12/site-packages/airflow/example_dags/example_complex.py
[2026-05-09T19:30:14.052+0000] {logging_mixin.py:188} INFO - [2026-05-09T19:30:14.051+0000] {dag.py:3096} INFO - Sync 1 DAGs
[2026-05-09T19:30:14.065+0000] {logging_mixin.py:188} INFO - [2026-05-09T19:30:14.064+0000] {dag.py:3954} INFO - Setting next_dagrun for example_complex to None, run_after=None
[2026-05-09T19:30:14.087+0000] {processor.py:183} INFO - Processing /home/airflow/.local/lib/python3.12/site-packages/airflow/example_dags/example_complex.py took 0.084 seconds
[2026-05-09T19:30:44.801+0000] {processor.py:161} INFO - Started process (PID=4535) to work on /home/airflow/.local/lib/python3.12/site-packages/airflow/example_dags/example_complex.py
[2026-05-09T19:30:44.802+0000] {processor.py:830} INFO - Processing file /home/airflow/.local/lib/python3.12/site-packages/airflow/example_dags/example_complex.py for tasks to queue
[2026-05-09T19:30:44.805+0000] {logging_mixin.py:188} INFO - [2026-05-09T19:30:44.804+0000] {dagbag.py:545} INFO - Filling up the DagBag from /home/airflow/.local/lib/python3.12/site-packages/airflow/example_dags/example_complex.py
[2026-05-09T19:30:44.814+0000] {processor.py:840} INFO - DAG(s) 'example_complex' retrieved from /home/airflow/.local/lib/python3.12/site-packages/airflow/example_dags/example_complex.py
[2026-05-09T19:30:44.845+0000] {logging_mixin.py:188} INFO - [2026-05-09T19:30:44.845+0000] {dag.py:3096} INFO - Sync 1 DAGs
[2026-05-09T19:30:44.858+0000] {logging_mixin.py:188} INFO - [2026-05-09T19:30:44.858+0000] {dag.py:3954} INFO - Setting next_dagrun for example_complex to None, run_after=None
[2026-05-09T19:30:44.881+0000] {processor.py:183} INFO - Processing /home/airflow/.local/lib/python3.12/site-packages/airflow/example_dags/example_complex.py took 0.085 seconds
[2026-05-09T19:31:15.550+0000] {processor.py:161} INFO - Started process (PID=4594) to work on /home/airflow/.local/lib/python3.12/site-packages/airflow/example_dags/example_complex.py
[2026-05-09T19:31:15.551+0000] {processor.py:830} INFO - Processing file /home/airflow/.local/lib/python3.12/site-packages/airflow/example_dags/example_complex.py for tasks to queue
[2026-05-09T19:31:15.553+0000] {logging_mixin.py:188} INFO - [2026-05-09T19:31:15.553+0000] {dagbag.py:545} INFO - Filling up the DagBag from /home/airflow/.local/lib/python3.12/site-packages/airflow/example_dags/example_complex.py
[2026-05-09T19:31:15.563+0000] {processor.py:840} INFO - DAG(s) 'example_complex' retrieved from /home/airflow/.local/lib/python3.12/site-packages/airflow/example_dags/example_complex.py
[2026-05-09T19:31:15.607+0000] {logging_mixin.py:188} INFO - [2026-05-09T19:31:15.607+0000] {dag.py:3096} INFO - Sync 1 DAGs
[2026-05-09T19:31:15.623+0000] {logging_mixin.py:188} INFO - [2026-05-09T19:31:15.623+0000] {dag.py:3954} INFO - Setting next_dagrun for example_complex to None, run_after=None
[2026-05-09T19:31:15.654+0000] {processor.py:183} INFO - Processing /home/airflow/.local/lib/python3.12/site-packages/airflow/example_dags/example_complex.py took 0.109 seconds
[2026-05-09T19:31:46.338+0000] {processor.py:161} INFO - Started process (PID=4653) to work on /home/airflow/.local/lib/python3.12/site-packages/airflow/example_dags/example_complex.py
[2026-05-09T19:31:46.339+0000] {processor.py:830} INFO - Processing file /home/airflow/.local/lib/python3.12/site-packages/airflow/example_dags/example_complex.py for tasks to queue
[2026-05-09T19:31:46.341+0000] {logging_mixin.py:188} INFO - [2026-05-09T19:31:46.341+0000] {dagbag.py:545} INFO - Filling up the DagBag from /home/airflow/.local/lib/python3.12/site-packages/airflow/example_dags/example_complex.py
[2026-05-09T19:31:46.351+0000] {processor.py:840} INFO - DAG(s) 'example_complex' retrieved from /home/airflow/.local/lib/python3.12/site-packages/airflow/example_dags/example_complex.py
[2026-05-09T19:31:46.386+0000] {logging_mixin.py:188} INFO - [2026-05-09T19:31:46.386+0000] {dag.py:3096} INFO - Sync 1 DAGs
[2026-05-09T19:31:46.402+0000] {logging_mixin.py:188} INFO - [2026-05-09T19:31:46.402+0000] {dag.py:3954} INFO - Setting next_dagrun for example_complex to None, run_after=None
[2026-05-09T19:31:46.429+0000] {processor.py:183} INFO - Processing /home/airflow/.local/lib/python3.12/site-packages/airflow/example_dags/example_complex.py took 0.097 seconds
[2026-05-09T19:32:17.106+0000] {processor.py:161} INFO - Started process (PID=4712) to work on /home/airflow/.local/lib/python3.12/site-packages/airflow/example_dags/example_complex.py
[2026-05-09T19:32:17.109+0000] {processor.py:830} INFO - Processing file /home/airflow/.local/lib/python3.12/site-packages/airflow/example_dags/example_complex.py for tasks to queue
[2026-05-09T19:32:17.113+0000] {logging_mixin.py:188} INFO - [2026-05-09T19:32:17.112+0000] {dagbag.py:545} INFO - Filling up the DagBag from /home/airflow/.local/lib/python3.12/site-packages/airflow/example_dags/example_complex.py
[2026-05-09T19:32:17.132+0000] {processor.py:840} INFO - DAG(s) 'example_complex' retrieved from /home/airflow/.local/lib/python3.12/site-packages/airflow/example_dags/example_complex.py
[2026-05-09T19:32:17.186+0000] {logging_mixin.py:188} INFO - [2026-05-09T19:32:17.186+0000] {dag.py:3096} INFO - Sync 1 DAGs
[2026-05-09T19:32:17.206+0000] {logging_mixin.py:188} INFO - [2026-05-09T19:32:17.205+0000] {dag.py:3954} INFO - Setting next_dagrun for example_complex to None, run_after=None
[2026-05-09T19:32:17.238+0000] {processor.py:183} INFO - Processing /home/airflow/.local/lib/python3.12/site-packages/airflow/example_dags/example_complex.py took 0.139 seconds
[2026-05-09T19:32:48.717+0000] {processor.py:161} INFO - Started process (PID=4772) to work on /home/airflow/.local/lib/python3.12/site-packages/airflow/example_dags/example_complex.py
[2026-05-09T19:32:48.718+0000] {processor.py:830} INFO - Processing file /home/airflow/.local/lib/python3.12/site-packages/airflow/example_dags/example_complex.py for tasks to queue
[2026-05-09T19:32:48.721+0000] {logging_mixin.py:188} INFO - [2026-05-09T19:32:48.721+0000] {dagbag.py:545} INFO - Filling up the DagBag from /home/airflow/.local/lib/python3.12/site-packages/airflow/example_dags/example_complex.py
[2026-05-09T19:32:48.733+0000] {processor.py:840} INFO - DAG(s) 'example_complex' retrieved from /home/airflow/.local/lib/python3.12/site-packages/airflow/example_dags/example_complex.py
[2026-05-09T19:32:48.772+0000] {logging_mixin.py:188} INFO - [2026-05-09T19:32:48.772+0000] {dag.py:3096} INFO - Sync 1 DAGs
[2026-05-09T19:32:48.787+0000] {logging_mixin.py:188} INFO - [2026-05-09T19:32:48.787+0000] {dag.py:3954} INFO - Setting next_dagrun for example_complex to None, run_after=None
[2026-05-09T19:32:48.809+0000] {processor.py:183} INFO - Processing /home/airflow/.local/lib/python3.12/site-packages/airflow/example_dags/example_complex.py took 0.099 seconds
[2026-05-09T19:33:19.449+0000] {processor.py:161} INFO - Started process (PID=4831) to work on /home/airflow/.local/lib/python3.12/site-packages/airflow/example_dags/example_complex.py
[2026-05-09T19:33:19.451+0000] {processor.py:830} INFO - Processing file /home/airflow/.local/lib/python3.12/site-packages/airflow/example_dags/example_complex.py for tasks to queue
[2026-05-09T19:33:19.453+0000] {logging_mixin.py:188} INFO - [2026-05-09T19:33:19.453+0000] {dagbag.py:545} INFO - Filling up the DagBag from /home/airflow/.local/lib/python3.12/site-packages/airflow/example_dags/example_complex.py
[2026-05-09T19:33:19.464+0000] {processor.py:840} INFO - DAG(s) 'example_complex' retrieved from /home/airflow/.local/lib/python3.12/site-packages/airflow/example_dags/example_complex.py
[2026-05-09T19:33:19.512+0000] {logging_mixin.py:188} INFO - [2026-05-09T19:33:19.512+0000] {dag.py:3096} INFO - Sync 1 DAGs
[2026-05-09T19:33:19.531+0000] {logging_mixin.py:188} INFO - [2026-05-09T19:33:19.531+0000] {dag.py:3954} INFO - Setting next_dagrun for example_complex to None, run_after=None
[2026-05-09T19:33:19.570+0000] {processor.py:183} INFO - Processing /home/airflow/.local/lib/python3.12/site-packages/airflow/example_dags/example_complex.py took 0.126 seconds
[2026-05-09T19:33:49.687+0000] {processor.py:161} INFO - Started process (PID=4890) to work on /home/airflow/.local/lib/python3.12/site-packages/airflow/example_dags/example_complex.py
[2026-05-09T19:33:49.688+0000] {processor.py:830} INFO - Processing file /home/airflow/.local/lib/python3.12/site-packages/airflow/example_dags/example_complex.py for tasks to queue
[2026-05-09T19:33:49.691+0000] {logging_mixin.py:188} INFO - [2026-05-09T19:33:49.691+0000] {dagbag.py:545} INFO - Filling up the DagBag from /home/airflow/.local/lib/python3.12/site-packages/airflow/example_dags/example_complex.py
[2026-05-09T19:33:49.701+0000] {processor.py:840} INFO - DAG(s) 'example_complex' retrieved from /home/airflow/.local/lib/python3.12/site-packages/airflow/example_dags/example_complex.py
[2026-05-09T19:33:49.739+0000] {logging_mixin.py:188} INFO - [2026-05-09T19:33:49.738+0000] {dag.py:3096} INFO - Sync 1 DAGs
[2026-05-09T19:33:49.759+0000] {logging_mixin.py:188} INFO - [2026-05-09T19:33:49.758+0000] {dag.py:3954} INFO - Setting next_dagrun for example_complex to None, run_after=None
[2026-05-09T19:33:49.792+0000] {processor.py:183} INFO - Processing /home/airflow/.local/lib/python3.12/site-packages/airflow/example_dags/example_complex.py took 0.110 seconds
[2026-05-09T19:34:20.463+0000] {processor.py:161} INFO - Started process (PID=4949) to work on /home/airflow/.local/lib/python3.12/site-packages/airflow/example_dags/example_complex.py
[2026-05-09T19:34:20.465+0000] {processor.py:830} INFO - Processing file /home/airflow/.local/lib/python3.12/site-packages/airflow/example_dags/example_complex.py for tasks to queue
[2026-05-09T19:34:20.467+0000] {logging_mixin.py:188} INFO - [2026-05-09T19:34:20.467+0000] {dagbag.py:545} INFO - Filling up the DagBag from /home/airflow/.local/lib/python3.12/site-packages/airflow/example_dags/example_complex.py
[2026-05-09T19:34:20.479+0000] {processor.py:840} INFO - DAG(s) 'example_complex' retrieved from /home/airflow/.local/lib/python3.12/site-packages/airflow/example_dags/example_complex.py
[2026-05-09T19:34:20.516+0000] {logging_mixin.py:188} INFO - [2026-05-09T19:34:20.516+0000] {dag.py:3096} INFO - Sync 1 DAGs
[2026-05-09T19:34:20.532+0000] {logging_mixin.py:188} INFO - [2026-05-09T19:34:20.532+0000] {dag.py:3954} INFO - Setting next_dagrun for example_complex to None, run_after=None
[2026-05-09T19:34:20.562+0000] {processor.py:183} INFO - Processing /home/airflow/.local/lib/python3.12/site-packages/airflow/example_dags/example_complex.py took 0.105 seconds
[2026-05-09T19:34:51.226+0000] {processor.py:161} INFO - Started process (PID=5008) to work on /home/airflow/.local/lib/python3.12/site-packages/airflow/example_dags/example_complex.py
[2026-05-09T19:34:51.227+0000] {processor.py:830} INFO - Processing file /home/airflow/.local/lib/python3.12/site-packages/airflow/example_dags/example_complex.py for tasks to queue
[2026-05-09T19:34:51.230+0000] {logging_mixin.py:188} INFO - [2026-05-09T19:34:51.230+0000] {dagbag.py:545} INFO - Filling up the DagBag from /home/airflow/.local/lib/python3.12/site-packages/airflow/example_dags/example_complex.py
[2026-05-09T19:34:51.241+0000] {processor.py:840} INFO - DAG(s) 'example_complex' retrieved from /home/airflow/.local/lib/python3.12/site-packages/airflow/example_dags/example_complex.py
[2026-05-09T19:34:51.275+0000] {logging_mixin.py:188} INFO - [2026-05-09T19:34:51.275+0000] {dag.py:3096} INFO - Sync 1 DAGs
[2026-05-09T19:34:51.290+0000] {logging_mixin.py:188} INFO - [2026-05-09T19:34:51.290+0000] {dag.py:3954} INFO - Setting next_dagrun for example_complex to None, run_after=None
[2026-05-09T19:34:51.318+0000] {processor.py:183} INFO - Processing /home/airflow/.local/lib/python3.12/site-packages/airflow/example_dags/example_complex.py took 0.098 seconds
[2026-05-09T19:35:22.780+0000] {processor.py:161} INFO - Started process (PID=5067) to work on /home/airflow/.local/lib/python3.12/site-packages/airflow/example_dags/example_complex.py
[2026-05-09T19:35:22.781+0000] {processor.py:830} INFO - Processing file /home/airflow/.local/lib/python3.12/site-packages/airflow/example_dags/example_complex.py for tasks to queue
[2026-05-09T19:35:22.783+0000] {logging_mixin.py:188} INFO - [2026-05-09T19:35:22.783+0000] {dagbag.py:545} INFO - Filling up the DagBag from /home/airflow/.local/lib/python3.12/site-packages/airflow/example_dags/example_complex.py
[2026-05-09T19:35:22.792+0000] {processor.py:840} INFO - DAG(s) 'example_complex' retrieved from /home/airflow/.local/lib/python3.12/site-packages/airflow/example_dags/example_complex.py
[2026-05-09T19:35:22.823+0000] {logging_mixin.py:188} INFO - [2026-05-09T19:35:22.822+0000] {dag.py:3096} INFO - Sync 1 DAGs
[2026-05-09T19:35:22.836+0000] {logging_mixin.py:188} INFO - [2026-05-09T19:35:22.835+0000] {dag.py:3954} INFO - Setting next_dagrun for example_complex to None, run_after=None
[2026-05-09T19:35:22.863+0000] {processor.py:183} INFO - Processing /home/airflow/.local/lib/python3.12/site-packages/airflow/example_dags/example_complex.py took 0.089 seconds
[2026-05-09T19:35:53.139+0000] {processor.py:161} INFO - Started process (PID=5126) to work on /home/airflow/.local/lib/python3.12/site-packages/airflow/example_dags/example_complex.py
[2026-05-09T19:35:53.140+0000] {processor.py:830} INFO - Processing file /home/airflow/.local/lib/python3.12/site-packages/airflow/example_dags/example_complex.py for tasks to queue
[2026-05-09T19:35:53.142+0000] {logging_mixin.py:188} INFO - [2026-05-09T19:35:53.142+0000] {dagbag.py:545} INFO - Filling up the DagBag from /home/airflow/.local/lib/python3.12/site-packages/airflow/example_dags/example_complex.py
[2026-05-09T19:35:53.152+0000] {processor.py:840} INFO - DAG(s) 'example_complex' retrieved from /home/airflow/.local/lib/python3.12/site-packages/airflow/example_dags/example_complex.py
[2026-05-09T19:35:53.188+0000] {logging_mixin.py:188} INFO - [2026-05-09T19:35:53.188+0000] {dag.py:3096} INFO - Sync 1 DAGs
[2026-05-09T19:35:53.201+0000] {logging_mixin.py:188} INFO - [2026-05-09T19:35:53.201+0000] {dag.py:3954} INFO - Setting next_dagrun for example_complex to None, run_after=None
[2026-05-09T19:35:53.226+0000] {processor.py:183} INFO - Processing /home/airflow/.local/lib/python3.12/site-packages/airflow/example_dags/example_complex.py took 0.094 seconds
[2026-05-09T19:36:23.901+0000] {processor.py:161} INFO - Started process (PID=5185) to work on /home/airflow/.local/lib/python3.12/site-packages/airflow/example_dags/example_complex.py
[2026-05-09T19:36:23.903+0000] {processor.py:830} INFO - Processing file /home/airflow/.local/lib/python3.12/site-packages/airflow/example_dags/example_complex.py for tasks to queue
[2026-05-09T19:36:23.904+0000] {logging_mixin.py:188} INFO - [2026-05-09T19:36:23.904+0000] {dagbag.py:545} INFO - Filling up the DagBag from /home/airflow/.local/lib/python3.12/site-packages/airflow/example_dags/example_complex.py
[2026-05-09T19:36:23.914+0000] {processor.py:840} INFO - DAG(s) 'example_complex' retrieved from /home/airflow/.local/lib/python3.12/site-packages/airflow/example_dags/example_complex.py
[2026-05-09T19:36:23.949+0000] {logging_mixin.py:188} INFO - [2026-05-09T19:36:23.948+0000] {dag.py:3096} INFO - Sync 1 DAGs
[2026-05-09T19:36:23.962+0000] {logging_mixin.py:188} INFO - [2026-05-09T19:36:23.962+0000] {dag.py:3954} INFO - Setting next_dagrun for example_complex to None, run_after=None
[2026-05-09T19:36:23.987+0000] {processor.py:183} INFO - Processing /home/airflow/.local/lib/python3.12/site-packages/airflow/example_dags/example_complex.py took 0.091 seconds
[2026-05-09T19:36:55.011+0000] {processor.py:161} INFO - Started process (PID=5244) to work on /home/airflow/.local/lib/python3.12/site-packages/airflow/example_dags/example_complex.py
[2026-05-09T19:36:55.013+0000] {processor.py:830} INFO - Processing file /home/airflow/.local/lib/python3.12/site-packages/airflow/example_dags/example_complex.py for tasks to queue
[2026-05-09T19:36:55.015+0000] {logging_mixin.py:188} INFO - [2026-05-09T19:36:55.014+0000] {dagbag.py:545} INFO - Filling up the DagBag from /home/airflow/.local/lib/python3.12/site-packages/airflow/example_dags/example_complex.py
[2026-05-09T19:36:55.024+0000] {processor.py:840} INFO - DAG(s) 'example_complex' retrieved from /home/airflow/.local/lib/python3.12/site-packages/airflow/example_dags/example_complex.py
[2026-05-09T19:36:55.054+0000] {logging_mixin.py:188} INFO - [2026-05-09T19:36:55.054+0000] {dag.py:3096} INFO - Sync 1 DAGs
[2026-05-09T19:36:55.067+0000] {logging_mixin.py:188} INFO - [2026-05-09T19:36:55.067+0000] {dag.py:3954} INFO - Setting next_dagrun for example_complex to None, run_after=None
[2026-05-09T19:36:55.090+0000] {processor.py:183} INFO - Processing /home/airflow/.local/lib/python3.12/site-packages/airflow/example_dags/example_complex.py took 0.084 seconds
[2026-05-09T19:37:25.720+0000] {processor.py:161} INFO - Started process (PID=5303) to work on /home/airflow/.local/lib/python3.12/site-packages/airflow/example_dags/example_complex.py
[2026-05-09T19:37:25.721+0000] {processor.py:830} INFO - Processing file /home/airflow/.local/lib/python3.12/site-packages/airflow/example_dags/example_complex.py for tasks to queue
[2026-05-09T19:37:25.723+0000] {logging_mixin.py:188} INFO - [2026-05-09T19:37:25.723+0000] {dagbag.py:545} INFO - Filling up the DagBag from /home/airflow/.local/lib/python3.12/site-packages/airflow/example_dags/example_complex.py
[2026-05-09T19:37:25.732+0000] {processor.py:840} INFO - DAG(s) 'example_complex' retrieved from /home/airflow/.local/lib/python3.12/site-packages/airflow/example_dags/example_complex.py
[2026-05-09T19:37:25.763+0000] {logging_mixin.py:188} INFO - [2026-05-09T19:37:25.762+0000] {dag.py:3096} INFO - Sync 1 DAGs
[2026-05-09T19:37:25.775+0000] {logging_mixin.py:188} INFO - [2026-05-09T19:37:25.775+0000] {dag.py:3954} INFO - Setting next_dagrun for example_complex to None, run_after=None
[2026-05-09T19:37:25.797+0000] {processor.py:183} INFO - Processing /home/airflow/.local/lib/python3.12/site-packages/airflow/example_dags/example_complex.py took 0.083 seconds
[2026-05-09T19:37:56.463+0000] {processor.py:161} INFO - Started process (PID=5362) to work on /home/airflow/.local/lib/python3.12/site-packages/airflow/example_dags/example_complex.py
[2026-05-09T19:37:56.464+0000] {processor.py:830} INFO - Processing file /home/airflow/.local/lib/python3.12/site-packages/airflow/example_dags/example_complex.py for tasks to queue
[2026-05-09T19:37:56.466+0000] {logging_mixin.py:188} INFO - [2026-05-09T19:37:56.466+0000] {dagbag.py:545} INFO - Filling up the DagBag from /home/airflow/.local/lib/python3.12/site-packages/airflow/example_dags/example_complex.py
[2026-05-09T19:37:56.475+0000] {processor.py:840} INFO - DAG(s) 'example_complex' retrieved from /home/airflow/.local/lib/python3.12/site-packages/airflow/example_dags/example_complex.py
[2026-05-09T19:37:56.509+0000] {logging_mixin.py:188} INFO - [2026-05-09T19:37:56.508+0000] {dag.py:3096} INFO - Sync 1 DAGs
[2026-05-09T19:37:56.521+0000] {logging_mixin.py:188} INFO - [2026-05-09T19:37:56.520+0000] {dag.py:3954} INFO - Setting next_dagrun for example_complex to None, run_after=None
[2026-05-09T19:37:56.543+0000] {processor.py:183} INFO - Processing /home/airflow/.local/lib/python3.12/site-packages/airflow/example_dags/example_complex.py took 0.086 seconds
[2026-05-09T19:38:27.156+0000] {processor.py:161} INFO - Started process (PID=5421) to work on /home/airflow/.local/lib/python3.12/site-packages/airflow/example_dags/example_complex.py
[2026-05-09T19:38:27.157+0000] {processor.py:830} INFO - Processing file /home/airflow/.local/lib/python3.12/site-packages/airflow/example_dags/example_complex.py for tasks to queue
[2026-05-09T19:38:27.159+0000] {logging_mixin.py:188} INFO - [2026-05-09T19:38:27.159+0000] {dagbag.py:545} INFO - Filling up the DagBag from /home/airflow/.local/lib/python3.12/site-packages/airflow/example_dags/example_complex.py
[2026-05-09T19:38:27.168+0000] {processor.py:840} INFO - DAG(s) 'example_complex' retrieved from /home/airflow/.local/lib/python3.12/site-packages/airflow/example_dags/example_complex.py
[2026-05-09T19:38:27.200+0000] {logging_mixin.py:188} INFO - [2026-05-09T19:38:27.200+0000] {dag.py:3096} INFO - Sync 1 DAGs
[2026-05-09T19:38:27.213+0000] {logging_mixin.py:188} INFO - [2026-05-09T19:38:27.212+0000] {dag.py:3954} INFO - Setting next_dagrun for example_complex to None, run_after=None
[2026-05-09T19:38:27.235+0000] {processor.py:183} INFO - Processing /home/airflow/.local/lib/python3.12/site-packages/airflow/example_dags/example_complex.py took 0.084 seconds
[2026-05-09T19:38:58.318+0000] {processor.py:161} INFO - Started process (PID=5480) to work on /home/airflow/.local/lib/python3.12/site-packages/airflow/example_dags/example_complex.py
[2026-05-09T19:38:58.320+0000] {processor.py:830} INFO - Processing file /home/airflow/.local/lib/python3.12/site-packages/airflow/example_dags/example_complex.py for tasks to queue
[2026-05-09T19:38:58.322+0000] {logging_mixin.py:188} INFO - [2026-05-09T19:38:58.321+0000] {dagbag.py:545} INFO - Filling up the DagBag from /home/airflow/.local/lib/python3.12/site-packages/airflow/example_dags/example_complex.py
[2026-05-09T19:38:58.331+0000] {processor.py:840} INFO - DAG(s) 'example_complex' retrieved from /home/airflow/.local/lib/python3.12/site-packages/airflow/example_dags/example_complex.py
[2026-05-09T19:38:58.362+0000] {logging_mixin.py:188} INFO - [2026-05-09T19:38:58.362+0000] {dag.py:3096} INFO - Sync 1 DAGs
[2026-05-09T19:38:58.374+0000] {logging_mixin.py:188} INFO - [2026-05-09T19:38:58.374+0000] {dag.py:3954} INFO - Setting next_dagrun for example_complex to None, run_after=None
[2026-05-09T19:38:58.397+0000] {processor.py:183} INFO - Processing /home/airflow/.local/lib/python3.12/site-packages/airflow/example_dags/example_complex.py took 0.084 seconds
[2026-05-09T19:39:29.230+0000] {processor.py:161} INFO - Started process (PID=5539) to work on /home/airflow/.local/lib/python3.12/site-packages/airflow/example_dags/example_complex.py
[2026-05-09T19:39:29.231+0000] {processor.py:830} INFO - Processing file /home/airflow/.local/lib/python3.12/site-packages/airflow/example_dags/example_complex.py for tasks to queue
[2026-05-09T19:39:29.233+0000] {logging_mixin.py:188} INFO - [2026-05-09T19:39:29.233+0000] {dagbag.py:545} INFO - Filling up the DagBag from /home/airflow/.local/lib/python3.12/site-packages/airflow/example_dags/example_complex.py
[2026-05-09T19:39:29.244+0000] {processor.py:840} INFO - DAG(s) 'example_complex' retrieved from /home/airflow/.local/lib/python3.12/site-packages/airflow/example_dags/example_complex.py
[2026-05-09T19:39:29.277+0000] {logging_mixin.py:188} INFO - [2026-05-09T19:39:29.277+0000] {dag.py:3096} INFO - Sync 1 DAGs
[2026-05-09T19:39:29.291+0000] {logging_mixin.py:188} INFO - [2026-05-09T19:39:29.290+0000] {dag.py:3954} INFO - Setting next_dagrun for example_complex to None, run_after=None
[2026-05-09T19:39:29.314+0000] {processor.py:183} INFO - Processing /home/airflow/.local/lib/python3.12/site-packages/airflow/example_dags/example_complex.py took 0.090 seconds
[2026-05-09T19:39:59.390+0000] {processor.py:161} INFO - Started process (PID=5598) to work on /home/airflow/.local/lib/python3.12/site-packages/airflow/example_dags/example_complex.py
[2026-05-09T19:39:59.391+0000] {processor.py:830} INFO - Processing file /home/airflow/.local/lib/python3.12/site-packages/airflow/example_dags/example_complex.py for tasks to queue
[2026-05-09T19:39:59.393+0000] {logging_mixin.py:188} INFO - [2026-05-09T19:39:59.392+0000] {dagbag.py:545} INFO - Filling up the DagBag from /home/airflow/.local/lib/python3.12/site-packages/airflow/example_dags/example_complex.py
[2026-05-09T19:39:59.402+0000] {processor.py:840} INFO - DAG(s) 'example_complex' retrieved from /home/airflow/.local/lib/python3.12/site-packages/airflow/example_dags/example_complex.py
[2026-05-09T19:39:59.434+0000] {logging_mixin.py:188} INFO - [2026-05-09T19:39:59.433+0000] {dag.py:3096} INFO - Sync 1 DAGs
[2026-05-09T19:39:59.446+0000] {logging_mixin.py:188} INFO - [2026-05-09T19:39:59.446+0000] {dag.py:3954} INFO - Setting next_dagrun for example_complex to None, run_after=None
[2026-05-09T19:39:59.469+0000] {processor.py:183} INFO - Processing /home/airflow/.local/lib/python3.12/site-packages/airflow/example_dags/example_complex.py took 0.084 seconds
[2026-05-09T19:40:29.730+0000] {processor.py:161} INFO - Started process (PID=5657) to work on /home/airflow/.local/lib/python3.12/site-packages/airflow/example_dags/example_complex.py
[2026-05-09T19:40:29.731+0000] {processor.py:830} INFO - Processing file /home/airflow/.local/lib/python3.12/site-packages/airflow/example_dags/example_complex.py for tasks to queue
[2026-05-09T19:40:29.733+0000] {logging_mixin.py:188} INFO - [2026-05-09T19:40:29.732+0000] {dagbag.py:545} INFO - Filling up the DagBag from /home/airflow/.local/lib/python3.12/site-packages/airflow/example_dags/example_complex.py
[2026-05-09T19:40:29.743+0000] {processor.py:840} INFO - DAG(s) 'example_complex' retrieved from /home/airflow/.local/lib/python3.12/site-packages/airflow/example_dags/example_complex.py
[2026-05-09T19:40:29.775+0000] {logging_mixin.py:188} INFO - [2026-05-09T19:40:29.775+0000] {dag.py:3096} INFO - Sync 1 DAGs
[2026-05-09T19:40:29.788+0000] {logging_mixin.py:188} INFO - [2026-05-09T19:40:29.788+0000] {dag.py:3954} INFO - Setting next_dagrun for example_complex to None, run_after=None
[2026-05-09T19:40:29.811+0000] {processor.py:183} INFO - Processing /home/airflow/.local/lib/python3.12/site-packages/airflow/example_dags/example_complex.py took 0.087 seconds
[2026-05-09T19:41:00.586+0000] {processor.py:161} INFO - Started process (PID=5716) to work on /home/airflow/.local/lib/python3.12/site-packages/airflow/example_dags/example_complex.py
[2026-05-09T19:41:00.588+0000] {processor.py:830} INFO - Processing file /home/airflow/.local/lib/python3.12/site-packages/airflow/example_dags/example_complex.py for tasks to queue
[2026-05-09T19:41:00.590+0000] {logging_mixin.py:188} INFO - [2026-05-09T19:41:00.589+0000] {dagbag.py:545} INFO - Filling up the DagBag from /home/airflow/.local/lib/python3.12/site-packages/airflow/example_dags/example_complex.py
[2026-05-09T19:41:00.599+0000] {processor.py:840} INFO - DAG(s) 'example_complex' retrieved from /home/airflow/.local/lib/python3.12/site-packages/airflow/example_dags/example_complex.py
[2026-05-09T19:41:00.631+0000] {logging_mixin.py:188} INFO - [2026-05-09T19:41:00.631+0000] {dag.py:3096} INFO - Sync 1 DAGs
[2026-05-09T19:41:00.644+0000] {logging_mixin.py:188} INFO - [2026-05-09T19:41:00.644+0000] {dag.py:3954} INFO - Setting next_dagrun for example_complex to None, run_after=None
[2026-05-09T19:41:00.667+0000] {processor.py:183} INFO - Processing /home/airflow/.local/lib/python3.12/site-packages/airflow/example_dags/example_complex.py took 0.085 seconds
[2026-05-09T19:41:30.866+0000] {processor.py:161} INFO - Started process (PID=5775) to work on /home/airflow/.local/lib/python3.12/site-packages/airflow/example_dags/example_complex.py
[2026-05-09T19:41:30.867+0000] {processor.py:830} INFO - Processing file /home/airflow/.local/lib/python3.12/site-packages/airflow/example_dags/example_complex.py for tasks to queue
[2026-05-09T19:41:30.869+0000] {logging_mixin.py:188} INFO - [2026-05-09T19:41:30.869+0000] {dagbag.py:545} INFO - Filling up the DagBag from /home/airflow/.local/lib/python3.12/site-packages/airflow/example_dags/example_complex.py
[2026-05-09T19:41:30.879+0000] {processor.py:840} INFO - DAG(s) 'example_complex' retrieved from /home/airflow/.local/lib/python3.12/site-packages/airflow/example_dags/example_complex.py
[2026-05-09T19:41:30.911+0000] {logging_mixin.py:188} INFO - [2026-05-09T19:41:30.911+0000] {dag.py:3096} INFO - Sync 1 DAGs
[2026-05-09T19:41:30.925+0000] {logging_mixin.py:188} INFO - [2026-05-09T19:41:30.924+0000] {dag.py:3954} INFO - Setting next_dagrun for example_complex to None, run_after=None
[2026-05-09T19:41:30.952+0000] {processor.py:183} INFO - Processing /home/airflow/.local/lib/python3.12/site-packages/airflow/example_dags/example_complex.py took 0.092 seconds
[2026-05-09T19:42:01.215+0000] {processor.py:161} INFO - Started process (PID=5833) to work on /home/airflow/.local/lib/python3.12/site-packages/airflow/example_dags/example_complex.py
[2026-05-09T19:42:01.216+0000] {processor.py:830} INFO - Processing file /home/airflow/.local/lib/python3.12/site-packages/airflow/example_dags/example_complex.py for tasks to queue
[2026-05-09T19:42:01.218+0000] {logging_mixin.py:188} INFO - [2026-05-09T19:42:01.218+0000] {dagbag.py:545} INFO - Filling up the DagBag from /home/airflow/.local/lib/python3.12/site-packages/airflow/example_dags/example_complex.py
[2026-05-09T19:42:01.227+0000] {processor.py:840} INFO - DAG(s) 'example_complex' retrieved from /home/airflow/.local/lib/python3.12/site-packages/airflow/example_dags/example_complex.py
[2026-05-09T19:42:01.368+0000] {logging_mixin.py:188} INFO - [2026-05-09T19:42:01.368+0000] {dag.py:3096} INFO - Sync 1 DAGs
[2026-05-09T19:42:01.379+0000] {logging_mixin.py:188} INFO - [2026-05-09T19:42:01.379+0000] {dag.py:3954} INFO - Setting next_dagrun for example_complex to None, run_after=None
[2026-05-09T19:42:01.399+0000] {processor.py:183} INFO - Processing /home/airflow/.local/lib/python3.12/site-packages/airflow/example_dags/example_complex.py took 0.190 seconds
[2026-05-09T19:42:31.625+0000] {processor.py:161} INFO - Started process (PID=5892) to work on /home/airflow/.local/lib/python3.12/site-packages/airflow/example_dags/example_complex.py
[2026-05-09T19:42:31.626+0000] {processor.py:830} INFO - Processing file /home/airflow/.local/lib/python3.12/site-packages/airflow/example_dags/example_complex.py for tasks to queue
[2026-05-09T19:42:31.628+0000] {logging_mixin.py:188} INFO - [2026-05-09T19:42:31.627+0000] {dagbag.py:545} INFO - Filling up the DagBag from /home/airflow/.local/lib/python3.12/site-packages/airflow/example_dags/example_complex.py
[2026-05-09T19:42:31.637+0000] {processor.py:840} INFO - DAG(s) 'example_complex' retrieved from /home/airflow/.local/lib/python3.12/site-packages/airflow/example_dags/example_complex.py
[2026-05-09T19:42:31.669+0000] {logging_mixin.py:188} INFO - [2026-05-09T19:42:31.669+0000] {dag.py:3096} INFO - Sync 1 DAGs
[2026-05-09T19:42:31.810+0000] {logging_mixin.py:188} INFO - [2026-05-09T19:42:31.810+0000] {dag.py:3954} INFO - Setting next_dagrun for example_complex to None, run_after=None
[2026-05-09T19:42:31.832+0000] {processor.py:183} INFO - Processing /home/airflow/.local/lib/python3.12/site-packages/airflow/example_dags/example_complex.py took 0.212 seconds
[2026-05-09T19:43:01.926+0000] {processor.py:161} INFO - Started process (PID=5949) to work on /home/airflow/.local/lib/python3.12/site-packages/airflow/example_dags/example_complex.py
[2026-05-09T19:43:01.927+0000] {processor.py:830} INFO - Processing file /home/airflow/.local/lib/python3.12/site-packages/airflow/example_dags/example_complex.py for tasks to queue
[2026-05-09T19:43:01.930+0000] {logging_mixin.py:188} INFO - [2026-05-09T19:43:01.929+0000] {dagbag.py:545} INFO - Filling up the DagBag from /home/airflow/.local/lib/python3.12/site-packages/airflow/example_dags/example_complex.py
[2026-05-09T19:43:01.939+0000] {processor.py:840} INFO - DAG(s) 'example_complex' retrieved from /home/airflow/.local/lib/python3.12/site-packages/airflow/example_dags/example_complex.py
[2026-05-09T19:43:01.969+0000] {logging_mixin.py:188} INFO - [2026-05-09T19:43:01.969+0000] {dag.py:3096} INFO - Sync 1 DAGs
[2026-05-09T19:43:01.982+0000] {logging_mixin.py:188} INFO - [2026-05-09T19:43:01.981+0000] {dag.py:3954} INFO - Setting next_dagrun for example_complex to None, run_after=None
[2026-05-09T19:43:02.006+0000] {processor.py:183} INFO - Processing /home/airflow/.local/lib/python3.12/site-packages/airflow/example_dags/example_complex.py took 0.084 seconds
[2026-05-09T19:43:32.389+0000] {processor.py:161} INFO - Started process (PID=6009) to work on /home/airflow/.local/lib/python3.12/site-packages/airflow/example_dags/example_complex.py
[2026-05-09T19:43:32.390+0000] {processor.py:830} INFO - Processing file /home/airflow/.local/lib/python3.12/site-packages/airflow/example_dags/example_complex.py for tasks to queue
[2026-05-09T19:43:32.392+0000] {logging_mixin.py:188} INFO - [2026-05-09T19:43:32.392+0000] {dagbag.py:545} INFO - Filling up the DagBag from /home/airflow/.local/lib/python3.12/site-packages/airflow/example_dags/example_complex.py
[2026-05-09T19:43:32.401+0000] {processor.py:840} INFO - DAG(s) 'example_complex' retrieved from /home/airflow/.local/lib/python3.12/site-packages/airflow/example_dags/example_complex.py
[2026-05-09T19:43:32.437+0000] {logging_mixin.py:188} INFO - [2026-05-09T19:43:32.437+0000] {dag.py:3096} INFO - Sync 1 DAGs
[2026-05-09T19:43:32.452+0000] {logging_mixin.py:188} INFO - [2026-05-09T19:43:32.452+0000] {dag.py:3954} INFO - Setting next_dagrun for example_complex to None, run_after=None
[2026-05-09T19:43:32.477+0000] {processor.py:183} INFO - Processing /home/airflow/.local/lib/python3.12/site-packages/airflow/example_dags/example_complex.py took 0.093 seconds
[2026-05-09T19:44:03.105+0000] {processor.py:161} INFO - Started process (PID=6068) to work on /home/airflow/.local/lib/python3.12/site-packages/airflow/example_dags/example_complex.py
[2026-05-09T19:44:03.107+0000] {processor.py:830} INFO - Processing file /home/airflow/.local/lib/python3.12/site-packages/airflow/example_dags/example_complex.py for tasks to queue
[2026-05-09T19:44:03.109+0000] {logging_mixin.py:188} INFO - [2026-05-09T19:44:03.108+0000] {dagbag.py:545} INFO - Filling up the DagBag from /home/airflow/.local/lib/python3.12/site-packages/airflow/example_dags/example_complex.py
[2026-05-09T19:44:03.118+0000] {processor.py:840} INFO - DAG(s) 'example_complex' retrieved from /home/airflow/.local/lib/python3.12/site-packages/airflow/example_dags/example_complex.py
[2026-05-09T19:44:03.150+0000] {logging_mixin.py:188} INFO - [2026-05-09T19:44:03.150+0000] {dag.py:3096} INFO - Sync 1 DAGs
[2026-05-09T19:44:03.162+0000] {logging_mixin.py:188} INFO - [2026-05-09T19:44:03.162+0000] {dag.py:3954} INFO - Setting next_dagrun for example_complex to None, run_after=None
[2026-05-09T19:44:03.185+0000] {processor.py:183} INFO - Processing /home/airflow/.local/lib/python3.12/site-packages/airflow/example_dags/example_complex.py took 0.085 seconds
[2026-05-09T19:44:33.353+0000] {processor.py:161} INFO - Started process (PID=6127) to work on /home/airflow/.local/lib/python3.12/site-packages/airflow/example_dags/example_complex.py
[2026-05-09T19:44:33.354+0000] {processor.py:830} INFO - Processing file /home/airflow/.local/lib/python3.12/site-packages/airflow/example_dags/example_complex.py for tasks to queue
[2026-05-09T19:44:33.356+0000] {logging_mixin.py:188} INFO - [2026-05-09T19:44:33.356+0000] {dagbag.py:545} INFO - Filling up the DagBag from /home/airflow/.local/lib/python3.12/site-packages/airflow/example_dags/example_complex.py
[2026-05-09T19:44:33.366+0000] {processor.py:840} INFO - DAG(s) 'example_complex' retrieved from /home/airflow/.local/lib/python3.12/site-packages/airflow/example_dags/example_complex.py
[2026-05-09T19:44:33.399+0000] {logging_mixin.py:188} INFO - [2026-05-09T19:44:33.399+0000] {dag.py:3096} INFO - Sync 1 DAGs
[2026-05-09T19:44:33.413+0000] {logging_mixin.py:188} INFO - [2026-05-09T19:44:33.412+0000] {dag.py:3954} INFO - Setting next_dagrun for example_complex to None, run_after=None
[2026-05-09T19:44:33.438+0000] {processor.py:183} INFO - Processing /home/airflow/.local/lib/python3.12/site-packages/airflow/example_dags/example_complex.py took 0.091 seconds
[2026-05-09T19:45:03.650+0000] {processor.py:161} INFO - Started process (PID=6187) to work on /home/airflow/.local/lib/python3.12/site-packages/airflow/example_dags/example_complex.py
[2026-05-09T19:45:03.651+0000] {processor.py:830} INFO - Processing file /home/airflow/.local/lib/python3.12/site-packages/airflow/example_dags/example_complex.py for tasks to queue
[2026-05-09T19:45:03.654+0000] {logging_mixin.py:188} INFO - [2026-05-09T19:45:03.653+0000] {dagbag.py:545} INFO - Filling up the DagBag from /home/airflow/.local/lib/python3.12/site-packages/airflow/example_dags/example_complex.py
[2026-05-09T19:45:03.664+0000] {processor.py:840} INFO - DAG(s) 'example_complex' retrieved from /home/airflow/.local/lib/python3.12/site-packages/airflow/example_dags/example_complex.py
[2026-05-09T19:45:03.707+0000] {logging_mixin.py:188} INFO - [2026-05-09T19:45:03.706+0000] {dag.py:3096} INFO - Sync 1 DAGs
[2026-05-09T19:45:03.721+0000] {logging_mixin.py:188} INFO - [2026-05-09T19:45:03.721+0000] {dag.py:3954} INFO - Setting next_dagrun for example_complex to None, run_after=None
[2026-05-09T19:45:03.759+0000] {processor.py:183} INFO - Processing /home/airflow/.local/lib/python3.12/site-packages/airflow/example_dags/example_complex.py took 0.114 seconds
[2026-05-09T19:45:34.676+0000] {processor.py:161} INFO - Started process (PID=6246) to work on /home/airflow/.local/lib/python3.12/site-packages/airflow/example_dags/example_complex.py
[2026-05-09T19:45:34.677+0000] {processor.py:830} INFO - Processing file /home/airflow/.local/lib/python3.12/site-packages/airflow/example_dags/example_complex.py for tasks to queue
[2026-05-09T19:45:34.679+0000] {logging_mixin.py:188} INFO - [2026-05-09T19:45:34.678+0000] {dagbag.py:545} INFO - Filling up the DagBag from /home/airflow/.local/lib/python3.12/site-packages/airflow/example_dags/example_complex.py
[2026-05-09T19:45:34.689+0000] {processor.py:840} INFO - DAG(s) 'example_complex' retrieved from /home/airflow/.local/lib/python3.12/site-packages/airflow/example_dags/example_complex.py
[2026-05-09T19:45:34.720+0000] {logging_mixin.py:188} INFO - [2026-05-09T19:45:34.720+0000] {dag.py:3096} INFO - Sync 1 DAGs
[2026-05-09T19:45:34.732+0000] {logging_mixin.py:188} INFO - [2026-05-09T19:45:34.732+0000] {dag.py:3954} INFO - Setting next_dagrun for example_complex to None, run_after=None
[2026-05-09T19:45:34.755+0000] {processor.py:183} INFO - Processing /home/airflow/.local/lib/python3.12/site-packages/airflow/example_dags/example_complex.py took 0.085 seconds
[2026-05-09T19:46:05.447+0000] {processor.py:161} INFO - Started process (PID=6305) to work on /home/airflow/.local/lib/python3.12/site-packages/airflow/example_dags/example_complex.py
[2026-05-09T19:46:05.448+0000] {processor.py:830} INFO - Processing file /home/airflow/.local/lib/python3.12/site-packages/airflow/example_dags/example_complex.py for tasks to queue
[2026-05-09T19:46:05.450+0000] {logging_mixin.py:188} INFO - [2026-05-09T19:46:05.450+0000] {dagbag.py:545} INFO - Filling up the DagBag from /home/airflow/.local/lib/python3.12/site-packages/airflow/example_dags/example_complex.py
[2026-05-09T19:46:05.460+0000] {processor.py:840} INFO - DAG(s) 'example_complex' retrieved from /home/airflow/.local/lib/python3.12/site-packages/airflow/example_dags/example_complex.py
[2026-05-09T19:46:05.494+0000] {logging_mixin.py:188} INFO - [2026-05-09T19:46:05.493+0000] {dag.py:3096} INFO - Sync 1 DAGs
[2026-05-09T19:46:05.507+0000] {logging_mixin.py:188} INFO - [2026-05-09T19:46:05.507+0000] {dag.py:3954} INFO - Setting next_dagrun for example_complex to None, run_after=None
[2026-05-09T19:46:05.531+0000] {processor.py:183} INFO - Processing /home/airflow/.local/lib/python3.12/site-packages/airflow/example_dags/example_complex.py took 0.089 seconds
[2026-05-09T19:46:36.041+0000] {processor.py:161} INFO - Started process (PID=6364) to work on /home/airflow/.local/lib/python3.12/site-packages/airflow/example_dags/example_complex.py
[2026-05-09T19:46:36.042+0000] {processor.py:830} INFO - Processing file /home/airflow/.local/lib/python3.12/site-packages/airflow/example_dags/example_complex.py for tasks to queue
[2026-05-09T19:46:36.044+0000] {logging_mixin.py:188} INFO - [2026-05-09T19:46:36.044+0000] {dagbag.py:545} INFO - Filling up the DagBag from /home/airflow/.local/lib/python3.12/site-packages/airflow/example_dags/example_complex.py
[2026-05-09T19:46:36.054+0000] {processor.py:840} INFO - DAG(s) 'example_complex' retrieved from /home/airflow/.local/lib/python3.12/site-packages/airflow/example_dags/example_complex.py
[2026-05-09T19:46:36.087+0000] {logging_mixin.py:188} INFO - [2026-05-09T19:46:36.086+0000] {dag.py:3096} INFO - Sync 1 DAGs
[2026-05-09T19:46:36.099+0000] {logging_mixin.py:188} INFO - [2026-05-09T19:46:36.099+0000] {dag.py:3954} INFO - Setting next_dagrun for example_complex to None, run_after=None
[2026-05-09T19:46:36.125+0000] {processor.py:183} INFO - Processing /home/airflow/.local/lib/python3.12/site-packages/airflow/example_dags/example_complex.py took 0.089 seconds
[2026-05-09T19:47:06.434+0000] {processor.py:161} INFO - Started process (PID=6423) to work on /home/airflow/.local/lib/python3.12/site-packages/airflow/example_dags/example_complex.py
[2026-05-09T19:47:06.435+0000] {processor.py:830} INFO - Processing file /home/airflow/.local/lib/python3.12/site-packages/airflow/example_dags/example_complex.py for tasks to queue
[2026-05-09T19:47:06.437+0000] {logging_mixin.py:188} INFO - [2026-05-09T19:47:06.437+0000] {dagbag.py:545} INFO - Filling up the DagBag from /home/airflow/.local/lib/python3.12/site-packages/airflow/example_dags/example_complex.py
[2026-05-09T19:47:06.446+0000] {processor.py:840} INFO - DAG(s) 'example_complex' retrieved from /home/airflow/.local/lib/python3.12/site-packages/airflow/example_dags/example_complex.py
[2026-05-09T19:47:06.477+0000] {logging_mixin.py:188} INFO - [2026-05-09T19:47:06.477+0000] {dag.py:3096} INFO - Sync 1 DAGs
[2026-05-09T19:47:06.489+0000] {logging_mixin.py:188} INFO - [2026-05-09T19:47:06.489+0000] {dag.py:3954} INFO - Setting next_dagrun for example_complex to None, run_after=None
[2026-05-09T19:47:06.511+0000] {processor.py:183} INFO - Processing /home/airflow/.local/lib/python3.12/site-packages/airflow/example_dags/example_complex.py took 0.083 seconds
[2026-05-09T19:47:37.098+0000] {processor.py:161} INFO - Started process (PID=6482) to work on /home/airflow/.local/lib/python3.12/site-packages/airflow/example_dags/example_complex.py
[2026-05-09T19:47:37.099+0000] {processor.py:830} INFO - Processing file /home/airflow/.local/lib/python3.12/site-packages/airflow/example_dags/example_complex.py for tasks to queue
[2026-05-09T19:47:37.101+0000] {logging_mixin.py:188} INFO - [2026-05-09T19:47:37.100+0000] {dagbag.py:545} INFO - Filling up the DagBag from /home/airflow/.local/lib/python3.12/site-packages/airflow/example_dags/example_complex.py
[2026-05-09T19:47:37.109+0000] {processor.py:840} INFO - DAG(s) 'example_complex' retrieved from /home/airflow/.local/lib/python3.12/site-packages/airflow/example_dags/example_complex.py
[2026-05-09T19:47:37.141+0000] {logging_mixin.py:188} INFO - [2026-05-09T19:47:37.140+0000] {dag.py:3096} INFO - Sync 1 DAGs
[2026-05-09T19:47:37.153+0000] {logging_mixin.py:188} INFO - [2026-05-09T19:47:37.153+0000] {dag.py:3954} INFO - Setting next_dagrun for example_complex to None, run_after=None
[2026-05-09T19:47:37.176+0000] {processor.py:183} INFO - Processing /home/airflow/.local/lib/python3.12/site-packages/airflow/example_dags/example_complex.py took 0.083 seconds
[2026-05-09T19:48:07.551+0000] {processor.py:161} INFO - Started process (PID=6541) to work on /home/airflow/.local/lib/python3.12/site-packages/airflow/example_dags/example_complex.py
[2026-05-09T19:48:07.553+0000] {processor.py:830} INFO - Processing file /home/airflow/.local/lib/python3.12/site-packages/airflow/example_dags/example_complex.py for tasks to queue
[2026-05-09T19:48:07.555+0000] {logging_mixin.py:188} INFO - [2026-05-09T19:48:07.555+0000] {dagbag.py:545} INFO - Filling up the DagBag from /home/airflow/.local/lib/python3.12/site-packages/airflow/example_dags/example_complex.py
[2026-05-09T19:48:07.565+0000] {processor.py:840} INFO - DAG(s) 'example_complex' retrieved from /home/airflow/.local/lib/python3.12/site-packages/airflow/example_dags/example_complex.py
[2026-05-09T19:48:07.599+0000] {logging_mixin.py:188} INFO - [2026-05-09T19:48:07.599+0000] {dag.py:3096} INFO - Sync 1 DAGs
[2026-05-09T19:48:07.613+0000] {logging_mixin.py:188} INFO - [2026-05-09T19:48:07.613+0000] {dag.py:3954} INFO - Setting next_dagrun for example_complex to None, run_after=None
[2026-05-09T19:48:07.637+0000] {processor.py:183} INFO - Processing /home/airflow/.local/lib/python3.12/site-packages/airflow/example_dags/example_complex.py took 0.093 seconds
[2026-05-09T19:48:37.981+0000] {processor.py:161} INFO - Started process (PID=6600) to work on /home/airflow/.local/lib/python3.12/site-packages/airflow/example_dags/example_complex.py
[2026-05-09T19:48:37.982+0000] {processor.py:830} INFO - Processing file /home/airflow/.local/lib/python3.12/site-packages/airflow/example_dags/example_complex.py for tasks to queue
[2026-05-09T19:48:37.984+0000] {logging_mixin.py:188} INFO - [2026-05-09T19:48:37.984+0000] {dagbag.py:545} INFO - Filling up the DagBag from /home/airflow/.local/lib/python3.12/site-packages/airflow/example_dags/example_complex.py
[2026-05-09T19:48:37.993+0000] {processor.py:840} INFO - DAG(s) 'example_complex' retrieved from /home/airflow/.local/lib/python3.12/site-packages/airflow/example_dags/example_complex.py
[2026-05-09T19:48:38.025+0000] {logging_mixin.py:188} INFO - [2026-05-09T19:48:38.025+0000] {dag.py:3096} INFO - Sync 1 DAGs
[2026-05-09T19:48:38.038+0000] {logging_mixin.py:188} INFO - [2026-05-09T19:48:38.038+0000] {dag.py:3954} INFO - Setting next_dagrun for example_complex to None, run_after=None
[2026-05-09T19:48:38.060+0000] {processor.py:183} INFO - Processing /home/airflow/.local/lib/python3.12/site-packages/airflow/example_dags/example_complex.py took 0.085 seconds
[2026-05-09T19:49:08.834+0000] {processor.py:161} INFO - Started process (PID=6660) to work on /home/airflow/.local/lib/python3.12/site-packages/airflow/example_dags/example_complex.py
[2026-05-09T19:49:08.835+0000] {processor.py:830} INFO - Processing file /home/airflow/.local/lib/python3.12/site-packages/airflow/example_dags/example_complex.py for tasks to queue
[2026-05-09T19:49:08.837+0000] {logging_mixin.py:188} INFO - [2026-05-09T19:49:08.837+0000] {dagbag.py:545} INFO - Filling up the DagBag from /home/airflow/.local/lib/python3.12/site-packages/airflow/example_dags/example_complex.py
[2026-05-09T19:49:08.846+0000] {processor.py:840} INFO - DAG(s) 'example_complex' retrieved from /home/airflow/.local/lib/python3.12/site-packages/airflow/example_dags/example_complex.py
[2026-05-09T19:49:08.879+0000] {logging_mixin.py:188} INFO - [2026-05-09T19:49:08.878+0000] {dag.py:3096} INFO - Sync 1 DAGs
[2026-05-09T19:49:08.892+0000] {logging_mixin.py:188} INFO - [2026-05-09T19:49:08.892+0000] {dag.py:3954} INFO - Setting next_dagrun for example_complex to None, run_after=None
[2026-05-09T19:49:08.916+0000] {processor.py:183} INFO - Processing /home/airflow/.local/lib/python3.12/site-packages/airflow/example_dags/example_complex.py took 0.088 seconds
[2026-05-09T19:49:39.028+0000] {processor.py:161} INFO - Started process (PID=6719) to work on /home/airflow/.local/lib/python3.12/site-packages/airflow/example_dags/example_complex.py
[2026-05-09T19:49:39.029+0000] {processor.py:830} INFO - Processing file /home/airflow/.local/lib/python3.12/site-packages/airflow/example_dags/example_complex.py for tasks to queue
[2026-05-09T19:49:39.032+0000] {logging_mixin.py:188} INFO - [2026-05-09T19:49:39.032+0000] {dagbag.py:545} INFO - Filling up the DagBag from /home/airflow/.local/lib/python3.12/site-packages/airflow/example_dags/example_complex.py
[2026-05-09T19:49:39.044+0000] {processor.py:840} INFO - DAG(s) 'example_complex' retrieved from /home/airflow/.local/lib/python3.12/site-packages/airflow/example_dags/example_complex.py
[2026-05-09T19:49:39.080+0000] {logging_mixin.py:188} INFO - [2026-05-09T19:49:39.080+0000] {dag.py:3096} INFO - Sync 1 DAGs
[2026-05-09T19:49:39.095+0000] {logging_mixin.py:188} INFO - [2026-05-09T19:49:39.095+0000] {dag.py:3954} INFO - Setting next_dagrun for example_complex to None, run_after=None
[2026-05-09T19:49:39.127+0000] {processor.py:183} INFO - Processing /home/airflow/.local/lib/python3.12/site-packages/airflow/example_dags/example_complex.py took 0.106 seconds
[2026-05-09T19:50:10.101+0000] {processor.py:161} INFO - Started process (PID=6779) to work on /home/airflow/.local/lib/python3.12/site-packages/airflow/example_dags/example_complex.py
[2026-05-09T19:50:10.102+0000] {processor.py:830} INFO - Processing file /home/airflow/.local/lib/python3.12/site-packages/airflow/example_dags/example_complex.py for tasks to queue
[2026-05-09T19:50:10.104+0000] {logging_mixin.py:188} INFO - [2026-05-09T19:50:10.104+0000] {dagbag.py:545} INFO - Filling up the DagBag from /home/airflow/.local/lib/python3.12/site-packages/airflow/example_dags/example_complex.py
[2026-05-09T19:50:10.113+0000] {processor.py:840} INFO - DAG(s) 'example_complex' retrieved from /home/airflow/.local/lib/python3.12/site-packages/airflow/example_dags/example_complex.py
[2026-05-09T19:50:10.147+0000] {logging_mixin.py:188} INFO - [2026-05-09T19:50:10.147+0000] {dag.py:3096} INFO - Sync 1 DAGs
[2026-05-09T19:50:10.159+0000] {logging_mixin.py:188} INFO - [2026-05-09T19:50:10.158+0000] {dag.py:3954} INFO - Setting next_dagrun for example_complex to None, run_after=None
[2026-05-09T19:50:10.182+0000] {processor.py:183} INFO - Processing /home/airflow/.local/lib/python3.12/site-packages/airflow/example_dags/example_complex.py took 0.087 seconds
[2026-05-09T19:50:40.483+0000] {processor.py:161} INFO - Started process (PID=6838) to work on /home/airflow/.local/lib/python3.12/site-packages/airflow/example_dags/example_complex.py
[2026-05-09T19:50:40.484+0000] {processor.py:830} INFO - Processing file /home/airflow/.local/lib/python3.12/site-packages/airflow/example_dags/example_complex.py for tasks to queue
[2026-05-09T19:50:40.487+0000] {logging_mixin.py:188} INFO - [2026-05-09T19:50:40.487+0000] {dagbag.py:545} INFO - Filling up the DagBag from /home/airflow/.local/lib/python3.12/site-packages/airflow/example_dags/example_complex.py
[2026-05-09T19:50:40.498+0000] {processor.py:840} INFO - DAG(s) 'example_complex' retrieved from /home/airflow/.local/lib/python3.12/site-packages/airflow/example_dags/example_complex.py
[2026-05-09T19:50:40.537+0000] {logging_mixin.py:188} INFO - [2026-05-09T19:50:40.537+0000] {dag.py:3096} INFO - Sync 1 DAGs
[2026-05-09T19:50:40.550+0000] {logging_mixin.py:188} INFO - [2026-05-09T19:50:40.550+0000] {dag.py:3954} INFO - Setting next_dagrun for example_complex to None, run_after=None
[2026-05-09T19:50:40.577+0000] {processor.py:183} INFO - Processing /home/airflow/.local/lib/python3.12/site-packages/airflow/example_dags/example_complex.py took 0.102 seconds
[2026-05-09T19:51:11.119+0000] {processor.py:161} INFO - Started process (PID=6897) to work on /home/airflow/.local/lib/python3.12/site-packages/airflow/example_dags/example_complex.py
[2026-05-09T19:51:11.121+0000] {processor.py:830} INFO - Processing file /home/airflow/.local/lib/python3.12/site-packages/airflow/example_dags/example_complex.py for tasks to queue
[2026-05-09T19:51:11.123+0000] {logging_mixin.py:188} INFO - [2026-05-09T19:51:11.123+0000] {dagbag.py:545} INFO - Filling up the DagBag from /home/airflow/.local/lib/python3.12/site-packages/airflow/example_dags/example_complex.py
[2026-05-09T19:51:11.137+0000] {processor.py:840} INFO - DAG(s) 'example_complex' retrieved from /home/airflow/.local/lib/python3.12/site-packages/airflow/example_dags/example_complex.py
[2026-05-09T19:51:11.171+0000] {logging_mixin.py:188} INFO - [2026-05-09T19:51:11.171+0000] {dag.py:3096} INFO - Sync 1 DAGs
[2026-05-09T19:51:11.185+0000] {logging_mixin.py:188} INFO - [2026-05-09T19:51:11.185+0000] {dag.py:3954} INFO - Setting next_dagrun for example_complex to None, run_after=None
[2026-05-09T19:51:11.218+0000] {processor.py:183} INFO - Processing /home/airflow/.local/lib/python3.12/site-packages/airflow/example_dags/example_complex.py took 0.104 seconds
[2026-05-09T19:51:41.281+0000] {processor.py:161} INFO - Started process (PID=6956) to work on /home/airflow/.local/lib/python3.12/site-packages/airflow/example_dags/example_complex.py
[2026-05-09T19:51:41.283+0000] {processor.py:830} INFO - Processing file /home/airflow/.local/lib/python3.12/site-packages/airflow/example_dags/example_complex.py for tasks to queue
[2026-05-09T19:51:41.286+0000] {logging_mixin.py:188} INFO - [2026-05-09T19:51:41.286+0000] {dagbag.py:545} INFO - Filling up the DagBag from /home/airflow/.local/lib/python3.12/site-packages/airflow/example_dags/example_complex.py
[2026-05-09T19:51:41.298+0000] {processor.py:840} INFO - DAG(s) 'example_complex' retrieved from /home/airflow/.local/lib/python3.12/site-packages/airflow/example_dags/example_complex.py
[2026-05-09T19:51:41.340+0000] {logging_mixin.py:188} INFO - [2026-05-09T19:51:41.339+0000] {dag.py:3096} INFO - Sync 1 DAGs
[2026-05-09T19:51:41.357+0000] {logging_mixin.py:188} INFO - [2026-05-09T19:51:41.356+0000] {dag.py:3954} INFO - Setting next_dagrun for example_complex to None, run_after=None
[2026-05-09T19:51:41.388+0000] {processor.py:183} INFO - Processing /home/airflow/.local/lib/python3.12/site-packages/airflow/example_dags/example_complex.py took 0.115 seconds
[2026-05-09T19:52:11.512+0000] {processor.py:161} INFO - Started process (PID=7015) to work on /home/airflow/.local/lib/python3.12/site-packages/airflow/example_dags/example_complex.py
[2026-05-09T19:52:11.514+0000] {processor.py:830} INFO - Processing file /home/airflow/.local/lib/python3.12/site-packages/airflow/example_dags/example_complex.py for tasks to queue
[2026-05-09T19:52:11.516+0000] {logging_mixin.py:188} INFO - [2026-05-09T19:52:11.515+0000] {dagbag.py:545} INFO - Filling up the DagBag from /home/airflow/.local/lib/python3.12/site-packages/airflow/example_dags/example_complex.py
[2026-05-09T19:52:11.525+0000] {processor.py:840} INFO - DAG(s) 'example_complex' retrieved from /home/airflow/.local/lib/python3.12/site-packages/airflow/example_dags/example_complex.py
[2026-05-09T19:52:11.556+0000] {logging_mixin.py:188} INFO - [2026-05-09T19:52:11.555+0000] {dag.py:3096} INFO - Sync 1 DAGs
[2026-05-09T19:52:11.568+0000] {logging_mixin.py:188} INFO - [2026-05-09T19:52:11.568+0000] {dag.py:3954} INFO - Setting next_dagrun for example_complex to None, run_after=None
[2026-05-09T19:52:11.592+0000] {processor.py:183} INFO - Processing /home/airflow/.local/lib/python3.12/site-packages/airflow/example_dags/example_complex.py took 0.084 seconds
[2026-05-09T19:52:41.915+0000] {processor.py:161} INFO - Started process (PID=7074) to work on /home/airflow/.local/lib/python3.12/site-packages/airflow/example_dags/example_complex.py
[2026-05-09T19:52:41.916+0000] {processor.py:830} INFO - Processing file /home/airflow/.local/lib/python3.12/site-packages/airflow/example_dags/example_complex.py for tasks to queue
[2026-05-09T19:52:41.918+0000] {logging_mixin.py:188} INFO - [2026-05-09T19:52:41.918+0000] {dagbag.py:545} INFO - Filling up the DagBag from /home/airflow/.local/lib/python3.12/site-packages/airflow/example_dags/example_complex.py
[2026-05-09T19:52:41.928+0000] {processor.py:840} INFO - DAG(s) 'example_complex' retrieved from /home/airflow/.local/lib/python3.12/site-packages/airflow/example_dags/example_complex.py
[2026-05-09T19:52:41.961+0000] {logging_mixin.py:188} INFO - [2026-05-09T19:52:41.961+0000] {dag.py:3096} INFO - Sync 1 DAGs
[2026-05-09T19:52:41.975+0000] {logging_mixin.py:188} INFO - [2026-05-09T19:52:41.974+0000] {dag.py:3954} INFO - Setting next_dagrun for example_complex to None, run_after=None
[2026-05-09T19:52:41.999+0000] {processor.py:183} INFO - Processing /home/airflow/.local/lib/python3.12/site-packages/airflow/example_dags/example_complex.py took 0.089 seconds
[2026-05-09T19:53:12.684+0000] {processor.py:161} INFO - Started process (PID=7133) to work on /home/airflow/.local/lib/python3.12/site-packages/airflow/example_dags/example_complex.py
[2026-05-09T19:53:12.685+0000] {processor.py:830} INFO - Processing file /home/airflow/.local/lib/python3.12/site-packages/airflow/example_dags/example_complex.py for tasks to queue
[2026-05-09T19:53:12.687+0000] {logging_mixin.py:188} INFO - [2026-05-09T19:53:12.687+0000] {dagbag.py:545} INFO - Filling up the DagBag from /home/airflow/.local/lib/python3.12/site-packages/airflow/example_dags/example_complex.py
[2026-05-09T19:53:12.697+0000] {processor.py:840} INFO - DAG(s) 'example_complex' retrieved from /home/airflow/.local/lib/python3.12/site-packages/airflow/example_dags/example_complex.py
[2026-05-09T19:53:12.729+0000] {logging_mixin.py:188} INFO - [2026-05-09T19:53:12.729+0000] {dag.py:3096} INFO - Sync 1 DAGs
[2026-05-09T19:53:12.742+0000] {logging_mixin.py:188} INFO - [2026-05-09T19:53:12.741+0000] {dag.py:3954} INFO - Setting next_dagrun for example_complex to None, run_after=None
[2026-05-09T19:53:12.767+0000] {processor.py:183} INFO - Processing /home/airflow/.local/lib/python3.12/site-packages/airflow/example_dags/example_complex.py took 0.089 seconds
[2026-05-09T19:53:43.674+0000] {processor.py:161} INFO - Started process (PID=7192) to work on /home/airflow/.local/lib/python3.12/site-packages/airflow/example_dags/example_complex.py
[2026-05-09T19:53:43.675+0000] {processor.py:830} INFO - Processing file /home/airflow/.local/lib/python3.12/site-packages/airflow/example_dags/example_complex.py for tasks to queue
[2026-05-09T19:53:43.677+0000] {logging_mixin.py:188} INFO - [2026-05-09T19:53:43.677+0000] {dagbag.py:545} INFO - Filling up the DagBag from /home/airflow/.local/lib/python3.12/site-packages/airflow/example_dags/example_complex.py
[2026-05-09T19:53:43.687+0000] {processor.py:840} INFO - DAG(s) 'example_complex' retrieved from /home/airflow/.local/lib/python3.12/site-packages/airflow/example_dags/example_complex.py
[2026-05-09T19:53:43.719+0000] {logging_mixin.py:188} INFO - [2026-05-09T19:53:43.718+0000] {dag.py:3096} INFO - Sync 1 DAGs
[2026-05-09T19:53:43.731+0000] {logging_mixin.py:188} INFO - [2026-05-09T19:53:43.731+0000] {dag.py:3954} INFO - Setting next_dagrun for example_complex to None, run_after=None
[2026-05-09T19:53:43.753+0000] {processor.py:183} INFO - Processing /home/airflow/.local/lib/python3.12/site-packages/airflow/example_dags/example_complex.py took 0.084 seconds
[2026-05-09T19:54:14.014+0000] {processor.py:161} INFO - Started process (PID=7251) to work on /home/airflow/.local/lib/python3.12/site-packages/airflow/example_dags/example_complex.py
[2026-05-09T19:54:14.015+0000] {processor.py:830} INFO - Processing file /home/airflow/.local/lib/python3.12/site-packages/airflow/example_dags/example_complex.py for tasks to queue
[2026-05-09T19:54:14.017+0000] {logging_mixin.py:188} INFO - [2026-05-09T19:54:14.017+0000] {dagbag.py:545} INFO - Filling up the DagBag from /home/airflow/.local/lib/python3.12/site-packages/airflow/example_dags/example_complex.py
[2026-05-09T19:54:14.026+0000] {processor.py:840} INFO - DAG(s) 'example_complex' retrieved from /home/airflow/.local/lib/python3.12/site-packages/airflow/example_dags/example_complex.py
[2026-05-09T19:54:14.056+0000] {logging_mixin.py:188} INFO - [2026-05-09T19:54:14.056+0000] {dag.py:3096} INFO - Sync 1 DAGs
[2026-05-09T19:54:14.069+0000] {logging_mixin.py:188} INFO - [2026-05-09T19:54:14.069+0000] {dag.py:3954} INFO - Setting next_dagrun for example_complex to None, run_after=None
[2026-05-09T19:54:14.093+0000] {processor.py:183} INFO - Processing /home/airflow/.local/lib/python3.12/site-packages/airflow/example_dags/example_complex.py took 0.084 seconds
