[2026-05-09T18:42:17.524+0000] {processor.py:161} INFO - Started process (PID=88) to work on /home/airflow/.local/lib/python3.12/site-packages/airflow/example_dags/example_subdag_operator.py
[2026-05-09T18:42:17.526+0000] {processor.py:830} INFO - Processing file /home/airflow/.local/lib/python3.12/site-packages/airflow/example_dags/example_subdag_operator.py for tasks to queue
[2026-05-09T18:42:17.529+0000] {logging_mixin.py:188} INFO - [2026-05-09T18:42:17.528+0000] {dagbag.py:545} INFO - Filling up the DagBag from /home/airflow/.local/lib/python3.12/site-packages/airflow/example_dags/example_subdag_operator.py
[2026-05-09T18:42:17.574+0000] {processor.py:840} INFO - DAG(s) 'example_subdag_operator.section-1', 'example_subdag_operator.section-2', 'example_subdag_operator' retrieved from /home/airflow/.local/lib/python3.12/site-packages/airflow/example_dags/example_subdag_operator.py
[2026-05-09T18:42:17.772+0000] {logging_mixin.py:188} INFO - [2026-05-09T18:42:17.771+0000] {dag.py:3096} INFO - Sync 3 DAGs
[2026-05-09T18:42:17.795+0000] {logging_mixin.py:188} INFO - [2026-05-09T18:42:17.795+0000] {dag.py:3954} INFO - Setting next_dagrun for example_subdag_operator to 2022-01-01 00:00:00+00:00, run_after=2022-01-01 00:00:00+00:00
[2026-05-09T18:42:17.799+0000] {logging_mixin.py:188} INFO - [2026-05-09T18:42:17.799+0000] {dag.py:3954} INFO - Setting next_dagrun for example_subdag_operator.section-1 to None, run_after=None
[2026-05-09T18:42:17.801+0000] {logging_mixin.py:188} INFO - [2026-05-09T18:42:17.801+0000] {dag.py:3954} INFO - Setting next_dagrun for example_subdag_operator.section-2 to None, run_after=None
[2026-05-09T18:42:17.813+0000] {logging_mixin.py:188} INFO - [2026-05-09T18:42:17.813+0000] {dag.py:3096} INFO - Sync 2 DAGs
[2026-05-09T18:42:17.821+0000] {logging_mixin.py:188} INFO - [2026-05-09T18:42:17.820+0000] {dag.py:3954} INFO - Setting next_dagrun for example_subdag_operator.section-1 to None, run_after=None
[2026-05-09T18:42:17.821+0000] {logging_mixin.py:188} INFO - [2026-05-09T18:42:17.821+0000] {dag.py:3954} INFO - Setting next_dagrun for example_subdag_operator.section-2 to None, run_after=None
[2026-05-09T18:42:17.841+0000] {processor.py:183} INFO - Processing /home/airflow/.local/lib/python3.12/site-packages/airflow/example_dags/example_subdag_operator.py took 0.323 seconds
[2026-05-09T18:42:47.909+0000] {processor.py:161} INFO - Started process (PID=146) to work on /home/airflow/.local/lib/python3.12/site-packages/airflow/example_dags/example_subdag_operator.py
[2026-05-09T18:42:47.911+0000] {processor.py:830} INFO - Processing file /home/airflow/.local/lib/python3.12/site-packages/airflow/example_dags/example_subdag_operator.py for tasks to queue
[2026-05-09T18:42:47.914+0000] {logging_mixin.py:188} INFO - [2026-05-09T18:42:47.913+0000] {dagbag.py:545} INFO - Filling up the DagBag from /home/airflow/.local/lib/python3.12/site-packages/airflow/example_dags/example_subdag_operator.py
[2026-05-09T18:42:47.950+0000] {processor.py:840} INFO - DAG(s) 'example_subdag_operator.section-1', 'example_subdag_operator.section-2', 'example_subdag_operator' retrieved from /home/airflow/.local/lib/python3.12/site-packages/airflow/example_dags/example_subdag_operator.py
[2026-05-09T18:42:47.982+0000] {logging_mixin.py:188} INFO - [2026-05-09T18:42:47.981+0000] {dag.py:3096} INFO - Sync 3 DAGs
[2026-05-09T18:42:48.015+0000] {logging_mixin.py:188} INFO - [2026-05-09T18:42:48.014+0000] {dag.py:3954} INFO - Setting next_dagrun for example_subdag_operator to 2022-01-01 00:00:00+00:00, run_after=2022-01-01 00:00:00+00:00
[2026-05-09T18:42:48.023+0000] {logging_mixin.py:188} INFO - [2026-05-09T18:42:48.023+0000] {dag.py:3954} INFO - Setting next_dagrun for example_subdag_operator.section-1 to None, run_after=None
[2026-05-09T18:42:48.026+0000] {logging_mixin.py:188} INFO - [2026-05-09T18:42:48.026+0000] {dag.py:3954} INFO - Setting next_dagrun for example_subdag_operator.section-2 to None, run_after=None
[2026-05-09T18:42:48.041+0000] {logging_mixin.py:188} INFO - [2026-05-09T18:42:48.040+0000] {dag.py:3096} INFO - Sync 2 DAGs
[2026-05-09T18:42:48.053+0000] {logging_mixin.py:188} INFO - [2026-05-09T18:42:48.053+0000] {dag.py:3954} INFO - Setting next_dagrun for example_subdag_operator.section-1 to None, run_after=None
[2026-05-09T18:42:48.055+0000] {logging_mixin.py:188} INFO - [2026-05-09T18:42:48.054+0000] {dag.py:3954} INFO - Setting next_dagrun for example_subdag_operator.section-2 to None, run_after=None
[2026-05-09T18:42:48.082+0000] {processor.py:183} INFO - Processing /home/airflow/.local/lib/python3.12/site-packages/airflow/example_dags/example_subdag_operator.py took 0.181 seconds
[2026-05-09T18:43:21.603+0000] {processor.py:161} INFO - Started process (PID=204) to work on /home/airflow/.local/lib/python3.12/site-packages/airflow/example_dags/example_subdag_operator.py
[2026-05-09T18:43:21.605+0000] {processor.py:830} INFO - Processing file /home/airflow/.local/lib/python3.12/site-packages/airflow/example_dags/example_subdag_operator.py for tasks to queue
[2026-05-09T18:43:21.612+0000] {logging_mixin.py:188} INFO - [2026-05-09T18:43:21.611+0000] {dagbag.py:545} INFO - Filling up the DagBag from /home/airflow/.local/lib/python3.12/site-packages/airflow/example_dags/example_subdag_operator.py
[2026-05-09T18:43:21.646+0000] {processor.py:840} INFO - DAG(s) 'example_subdag_operator.section-1', 'example_subdag_operator.section-2', 'example_subdag_operator' retrieved from /home/airflow/.local/lib/python3.12/site-packages/airflow/example_dags/example_subdag_operator.py
[2026-05-09T18:43:21.664+0000] {logging_mixin.py:188} INFO - [2026-05-09T18:43:21.664+0000] {dag.py:3096} INFO - Sync 3 DAGs
[2026-05-09T18:43:21.689+0000] {logging_mixin.py:188} INFO - [2026-05-09T18:43:21.689+0000] {dag.py:3954} INFO - Setting next_dagrun for example_subdag_operator to 2022-01-01 00:00:00+00:00, run_after=2022-01-01 00:00:00+00:00
[2026-05-09T18:43:21.696+0000] {logging_mixin.py:188} INFO - [2026-05-09T18:43:21.696+0000] {dag.py:3954} INFO - Setting next_dagrun for example_subdag_operator.section-1 to None, run_after=None
[2026-05-09T18:43:21.699+0000] {logging_mixin.py:188} INFO - [2026-05-09T18:43:21.699+0000] {dag.py:3954} INFO - Setting next_dagrun for example_subdag_operator.section-2 to None, run_after=None
[2026-05-09T18:43:21.711+0000] {logging_mixin.py:188} INFO - [2026-05-09T18:43:21.710+0000] {dag.py:3096} INFO - Sync 2 DAGs
[2026-05-09T18:43:21.719+0000] {logging_mixin.py:188} INFO - [2026-05-09T18:43:21.719+0000] {dag.py:3954} INFO - Setting next_dagrun for example_subdag_operator.section-1 to None, run_after=None
[2026-05-09T18:43:21.720+0000] {logging_mixin.py:188} INFO - [2026-05-09T18:43:21.720+0000] {dag.py:3954} INFO - Setting next_dagrun for example_subdag_operator.section-2 to None, run_after=None
[2026-05-09T18:43:21.741+0000] {processor.py:183} INFO - Processing /home/airflow/.local/lib/python3.12/site-packages/airflow/example_dags/example_subdag_operator.py took 0.145 seconds
[2026-05-09T18:43:54.964+0000] {processor.py:161} INFO - Started process (PID=262) to work on /home/airflow/.local/lib/python3.12/site-packages/airflow/example_dags/example_subdag_operator.py
[2026-05-09T18:43:54.972+0000] {processor.py:830} INFO - Processing file /home/airflow/.local/lib/python3.12/site-packages/airflow/example_dags/example_subdag_operator.py for tasks to queue
[2026-05-09T18:43:54.976+0000] {logging_mixin.py:188} INFO - [2026-05-09T18:43:54.975+0000] {dagbag.py:545} INFO - Filling up the DagBag from /home/airflow/.local/lib/python3.12/site-packages/airflow/example_dags/example_subdag_operator.py
[2026-05-09T18:43:55.014+0000] {processor.py:840} INFO - DAG(s) 'example_subdag_operator.section-1', 'example_subdag_operator.section-2', 'example_subdag_operator' retrieved from /home/airflow/.local/lib/python3.12/site-packages/airflow/example_dags/example_subdag_operator.py
[2026-05-09T18:43:55.035+0000] {logging_mixin.py:188} INFO - [2026-05-09T18:43:55.035+0000] {dag.py:3096} INFO - Sync 3 DAGs
[2026-05-09T18:43:55.062+0000] {logging_mixin.py:188} INFO - [2026-05-09T18:43:55.061+0000] {dag.py:3954} INFO - Setting next_dagrun for example_subdag_operator to 2022-01-01 00:00:00+00:00, run_after=2022-01-01 00:00:00+00:00
[2026-05-09T18:43:55.067+0000] {logging_mixin.py:188} INFO - [2026-05-09T18:43:55.067+0000] {dag.py:3954} INFO - Setting next_dagrun for example_subdag_operator.section-1 to None, run_after=None
[2026-05-09T18:43:55.070+0000] {logging_mixin.py:188} INFO - [2026-05-09T18:43:55.070+0000] {dag.py:3954} INFO - Setting next_dagrun for example_subdag_operator.section-2 to None, run_after=None
[2026-05-09T18:43:55.081+0000] {logging_mixin.py:188} INFO - [2026-05-09T18:43:55.080+0000] {dag.py:3096} INFO - Sync 2 DAGs
[2026-05-09T18:43:55.090+0000] {logging_mixin.py:188} INFO - [2026-05-09T18:43:55.089+0000] {dag.py:3954} INFO - Setting next_dagrun for example_subdag_operator.section-1 to None, run_after=None
[2026-05-09T18:43:55.091+0000] {logging_mixin.py:188} INFO - [2026-05-09T18:43:55.090+0000] {dag.py:3954} INFO - Setting next_dagrun for example_subdag_operator.section-2 to None, run_after=None
[2026-05-09T18:43:55.120+0000] {processor.py:183} INFO - Processing /home/airflow/.local/lib/python3.12/site-packages/airflow/example_dags/example_subdag_operator.py took 0.164 seconds
[2026-05-09T18:44:25.708+0000] {processor.py:161} INFO - Started process (PID=320) to work on /home/airflow/.local/lib/python3.12/site-packages/airflow/example_dags/example_subdag_operator.py
[2026-05-09T18:44:25.709+0000] {processor.py:830} INFO - Processing file /home/airflow/.local/lib/python3.12/site-packages/airflow/example_dags/example_subdag_operator.py for tasks to queue
[2026-05-09T18:44:25.711+0000] {logging_mixin.py:188} INFO - [2026-05-09T18:44:25.711+0000] {dagbag.py:545} INFO - Filling up the DagBag from /home/airflow/.local/lib/python3.12/site-packages/airflow/example_dags/example_subdag_operator.py
[2026-05-09T18:44:25.736+0000] {processor.py:840} INFO - DAG(s) 'example_subdag_operator.section-1', 'example_subdag_operator.section-2', 'example_subdag_operator' retrieved from /home/airflow/.local/lib/python3.12/site-packages/airflow/example_dags/example_subdag_operator.py
[2026-05-09T18:44:25.754+0000] {logging_mixin.py:188} INFO - [2026-05-09T18:44:25.754+0000] {dag.py:3096} INFO - Sync 3 DAGs
[2026-05-09T18:44:25.779+0000] {logging_mixin.py:188} INFO - [2026-05-09T18:44:25.778+0000] {dag.py:3954} INFO - Setting next_dagrun for example_subdag_operator to 2022-01-01 00:00:00+00:00, run_after=2022-01-01 00:00:00+00:00
[2026-05-09T18:44:25.784+0000] {logging_mixin.py:188} INFO - [2026-05-09T18:44:25.784+0000] {dag.py:3954} INFO - Setting next_dagrun for example_subdag_operator.section-1 to None, run_after=None
[2026-05-09T18:44:25.787+0000] {logging_mixin.py:188} INFO - [2026-05-09T18:44:25.787+0000] {dag.py:3954} INFO - Setting next_dagrun for example_subdag_operator.section-2 to None, run_after=None
[2026-05-09T18:44:25.799+0000] {logging_mixin.py:188} INFO - [2026-05-09T18:44:25.799+0000] {dag.py:3096} INFO - Sync 2 DAGs
[2026-05-09T18:44:25.808+0000] {logging_mixin.py:188} INFO - [2026-05-09T18:44:25.807+0000] {dag.py:3954} INFO - Setting next_dagrun for example_subdag_operator.section-1 to None, run_after=None
[2026-05-09T18:44:25.809+0000] {logging_mixin.py:188} INFO - [2026-05-09T18:44:25.808+0000] {dag.py:3954} INFO - Setting next_dagrun for example_subdag_operator.section-2 to None, run_after=None
[2026-05-09T18:44:25.826+0000] {processor.py:183} INFO - Processing /home/airflow/.local/lib/python3.12/site-packages/airflow/example_dags/example_subdag_operator.py took 0.124 seconds
[2026-05-09T18:44:56.710+0000] {processor.py:161} INFO - Started process (PID=378) to work on /home/airflow/.local/lib/python3.12/site-packages/airflow/example_dags/example_subdag_operator.py
[2026-05-09T18:44:56.711+0000] {processor.py:830} INFO - Processing file /home/airflow/.local/lib/python3.12/site-packages/airflow/example_dags/example_subdag_operator.py for tasks to queue
[2026-05-09T18:44:56.713+0000] {logging_mixin.py:188} INFO - [2026-05-09T18:44:56.713+0000] {dagbag.py:545} INFO - Filling up the DagBag from /home/airflow/.local/lib/python3.12/site-packages/airflow/example_dags/example_subdag_operator.py
[2026-05-09T18:44:56.740+0000] {processor.py:840} INFO - DAG(s) 'example_subdag_operator.section-1', 'example_subdag_operator.section-2', 'example_subdag_operator' retrieved from /home/airflow/.local/lib/python3.12/site-packages/airflow/example_dags/example_subdag_operator.py
[2026-05-09T18:44:56.758+0000] {logging_mixin.py:188} INFO - [2026-05-09T18:44:56.758+0000] {dag.py:3096} INFO - Sync 3 DAGs
[2026-05-09T18:44:56.783+0000] {logging_mixin.py:188} INFO - [2026-05-09T18:44:56.782+0000] {dag.py:3954} INFO - Setting next_dagrun for example_subdag_operator to 2022-01-01 00:00:00+00:00, run_after=2022-01-01 00:00:00+00:00
[2026-05-09T18:44:56.788+0000] {logging_mixin.py:188} INFO - [2026-05-09T18:44:56.788+0000] {dag.py:3954} INFO - Setting next_dagrun for example_subdag_operator.section-1 to None, run_after=None
[2026-05-09T18:44:56.790+0000] {logging_mixin.py:188} INFO - [2026-05-09T18:44:56.790+0000] {dag.py:3954} INFO - Setting next_dagrun for example_subdag_operator.section-2 to None, run_after=None
[2026-05-09T18:44:56.799+0000] {logging_mixin.py:188} INFO - [2026-05-09T18:44:56.799+0000] {dag.py:3096} INFO - Sync 2 DAGs
[2026-05-09T18:44:56.806+0000] {logging_mixin.py:188} INFO - [2026-05-09T18:44:56.806+0000] {dag.py:3954} INFO - Setting next_dagrun for example_subdag_operator.section-1 to None, run_after=None
[2026-05-09T18:44:56.807+0000] {logging_mixin.py:188} INFO - [2026-05-09T18:44:56.807+0000] {dag.py:3954} INFO - Setting next_dagrun for example_subdag_operator.section-2 to None, run_after=None
[2026-05-09T18:44:56.825+0000] {processor.py:183} INFO - Processing /home/airflow/.local/lib/python3.12/site-packages/airflow/example_dags/example_subdag_operator.py took 0.121 seconds
[2026-05-09T18:45:27.612+0000] {processor.py:161} INFO - Started process (PID=436) to work on /home/airflow/.local/lib/python3.12/site-packages/airflow/example_dags/example_subdag_operator.py
[2026-05-09T18:45:27.613+0000] {processor.py:830} INFO - Processing file /home/airflow/.local/lib/python3.12/site-packages/airflow/example_dags/example_subdag_operator.py for tasks to queue
[2026-05-09T18:45:27.615+0000] {logging_mixin.py:188} INFO - [2026-05-09T18:45:27.614+0000] {dagbag.py:545} INFO - Filling up the DagBag from /home/airflow/.local/lib/python3.12/site-packages/airflow/example_dags/example_subdag_operator.py
[2026-05-09T18:45:27.637+0000] {processor.py:840} INFO - DAG(s) 'example_subdag_operator.section-1', 'example_subdag_operator.section-2', 'example_subdag_operator' retrieved from /home/airflow/.local/lib/python3.12/site-packages/airflow/example_dags/example_subdag_operator.py
[2026-05-09T18:45:27.654+0000] {logging_mixin.py:188} INFO - [2026-05-09T18:45:27.653+0000] {dag.py:3096} INFO - Sync 3 DAGs
[2026-05-09T18:45:27.675+0000] {logging_mixin.py:188} INFO - [2026-05-09T18:45:27.675+0000] {dag.py:3954} INFO - Setting next_dagrun for example_subdag_operator to 2022-01-01 00:00:00+00:00, run_after=2022-01-01 00:00:00+00:00
[2026-05-09T18:45:27.681+0000] {logging_mixin.py:188} INFO - [2026-05-09T18:45:27.680+0000] {dag.py:3954} INFO - Setting next_dagrun for example_subdag_operator.section-1 to None, run_after=None
[2026-05-09T18:45:27.683+0000] {logging_mixin.py:188} INFO - [2026-05-09T18:45:27.682+0000] {dag.py:3954} INFO - Setting next_dagrun for example_subdag_operator.section-2 to None, run_after=None
[2026-05-09T18:45:27.691+0000] {logging_mixin.py:188} INFO - [2026-05-09T18:45:27.691+0000] {dag.py:3096} INFO - Sync 2 DAGs
[2026-05-09T18:45:27.698+0000] {logging_mixin.py:188} INFO - [2026-05-09T18:45:27.698+0000] {dag.py:3954} INFO - Setting next_dagrun for example_subdag_operator.section-1 to None, run_after=None
[2026-05-09T18:45:27.699+0000] {logging_mixin.py:188} INFO - [2026-05-09T18:45:27.699+0000] {dag.py:3954} INFO - Setting next_dagrun for example_subdag_operator.section-2 to None, run_after=None
[2026-05-09T18:45:27.717+0000] {processor.py:183} INFO - Processing /home/airflow/.local/lib/python3.12/site-packages/airflow/example_dags/example_subdag_operator.py took 0.110 seconds
[2026-05-09T18:45:58.167+0000] {processor.py:161} INFO - Started process (PID=494) to work on /home/airflow/.local/lib/python3.12/site-packages/airflow/example_dags/example_subdag_operator.py
[2026-05-09T18:45:58.168+0000] {processor.py:830} INFO - Processing file /home/airflow/.local/lib/python3.12/site-packages/airflow/example_dags/example_subdag_operator.py for tasks to queue
[2026-05-09T18:45:58.171+0000] {logging_mixin.py:188} INFO - [2026-05-09T18:45:58.171+0000] {dagbag.py:545} INFO - Filling up the DagBag from /home/airflow/.local/lib/python3.12/site-packages/airflow/example_dags/example_subdag_operator.py
[2026-05-09T18:45:58.204+0000] {processor.py:840} INFO - DAG(s) 'example_subdag_operator.section-1', 'example_subdag_operator.section-2', 'example_subdag_operator' retrieved from /home/airflow/.local/lib/python3.12/site-packages/airflow/example_dags/example_subdag_operator.py
[2026-05-09T18:45:58.223+0000] {logging_mixin.py:188} INFO - [2026-05-09T18:45:58.222+0000] {dag.py:3096} INFO - Sync 3 DAGs
[2026-05-09T18:45:58.249+0000] {logging_mixin.py:188} INFO - [2026-05-09T18:45:58.249+0000] {dag.py:3954} INFO - Setting next_dagrun for example_subdag_operator to 2022-01-01 00:00:00+00:00, run_after=2022-01-01 00:00:00+00:00
[2026-05-09T18:45:58.256+0000] {logging_mixin.py:188} INFO - [2026-05-09T18:45:58.256+0000] {dag.py:3954} INFO - Setting next_dagrun for example_subdag_operator.section-1 to None, run_after=None
[2026-05-09T18:45:58.259+0000] {logging_mixin.py:188} INFO - [2026-05-09T18:45:58.259+0000] {dag.py:3954} INFO - Setting next_dagrun for example_subdag_operator.section-2 to None, run_after=None
[2026-05-09T18:45:58.269+0000] {logging_mixin.py:188} INFO - [2026-05-09T18:45:58.268+0000] {dag.py:3096} INFO - Sync 2 DAGs
[2026-05-09T18:45:58.277+0000] {logging_mixin.py:188} INFO - [2026-05-09T18:45:58.276+0000] {dag.py:3954} INFO - Setting next_dagrun for example_subdag_operator.section-1 to None, run_after=None
[2026-05-09T18:45:58.277+0000] {logging_mixin.py:188} INFO - [2026-05-09T18:45:58.277+0000] {dag.py:3954} INFO - Setting next_dagrun for example_subdag_operator.section-2 to None, run_after=None
[2026-05-09T18:45:58.306+0000] {processor.py:183} INFO - Processing /home/airflow/.local/lib/python3.12/site-packages/airflow/example_dags/example_subdag_operator.py took 0.146 seconds
[2026-05-09T18:46:28.788+0000] {processor.py:161} INFO - Started process (PID=552) to work on /home/airflow/.local/lib/python3.12/site-packages/airflow/example_dags/example_subdag_operator.py
[2026-05-09T18:46:28.790+0000] {processor.py:830} INFO - Processing file /home/airflow/.local/lib/python3.12/site-packages/airflow/example_dags/example_subdag_operator.py for tasks to queue
[2026-05-09T18:46:28.793+0000] {logging_mixin.py:188} INFO - [2026-05-09T18:46:28.793+0000] {dagbag.py:545} INFO - Filling up the DagBag from /home/airflow/.local/lib/python3.12/site-packages/airflow/example_dags/example_subdag_operator.py
[2026-05-09T18:46:28.839+0000] {processor.py:840} INFO - DAG(s) 'example_subdag_operator.section-1', 'example_subdag_operator.section-2', 'example_subdag_operator' retrieved from /home/airflow/.local/lib/python3.12/site-packages/airflow/example_dags/example_subdag_operator.py
[2026-05-09T18:46:28.867+0000] {logging_mixin.py:188} INFO - [2026-05-09T18:46:28.866+0000] {dag.py:3096} INFO - Sync 3 DAGs
[2026-05-09T18:46:28.911+0000] {logging_mixin.py:188} INFO - [2026-05-09T18:46:28.911+0000] {dag.py:3954} INFO - Setting next_dagrun for example_subdag_operator to 2022-01-01 00:00:00+00:00, run_after=2022-01-01 00:00:00+00:00
[2026-05-09T18:46:28.921+0000] {logging_mixin.py:188} INFO - [2026-05-09T18:46:28.921+0000] {dag.py:3954} INFO - Setting next_dagrun for example_subdag_operator.section-1 to None, run_after=None
[2026-05-09T18:46:28.925+0000] {logging_mixin.py:188} INFO - [2026-05-09T18:46:28.925+0000] {dag.py:3954} INFO - Setting next_dagrun for example_subdag_operator.section-2 to None, run_after=None
[2026-05-09T18:46:28.941+0000] {logging_mixin.py:188} INFO - [2026-05-09T18:46:28.941+0000] {dag.py:3096} INFO - Sync 2 DAGs
[2026-05-09T18:46:28.952+0000] {logging_mixin.py:188} INFO - [2026-05-09T18:46:28.951+0000] {dag.py:3954} INFO - Setting next_dagrun for example_subdag_operator.section-1 to None, run_after=None
[2026-05-09T18:46:28.953+0000] {logging_mixin.py:188} INFO - [2026-05-09T18:46:28.953+0000] {dag.py:3954} INFO - Setting next_dagrun for example_subdag_operator.section-2 to None, run_after=None
[2026-05-09T18:46:28.981+0000] {processor.py:183} INFO - Processing /home/airflow/.local/lib/python3.12/site-packages/airflow/example_dags/example_subdag_operator.py took 0.203 seconds
[2026-05-09T18:51:05.984+0000] {processor.py:161} INFO - Started process (PID=101) to work on /home/airflow/.local/lib/python3.12/site-packages/airflow/example_dags/example_subdag_operator.py
[2026-05-09T18:51:05.987+0000] {processor.py:830} INFO - Processing file /home/airflow/.local/lib/python3.12/site-packages/airflow/example_dags/example_subdag_operator.py for tasks to queue
[2026-05-09T18:51:05.989+0000] {logging_mixin.py:188} INFO - [2026-05-09T18:51:05.989+0000] {dagbag.py:545} INFO - Filling up the DagBag from /home/airflow/.local/lib/python3.12/site-packages/airflow/example_dags/example_subdag_operator.py
[2026-05-09T18:51:06.023+0000] {processor.py:840} INFO - DAG(s) 'example_subdag_operator.section-1', 'example_subdag_operator.section-2', 'example_subdag_operator' retrieved from /home/airflow/.local/lib/python3.12/site-packages/airflow/example_dags/example_subdag_operator.py
[2026-05-09T18:51:06.173+0000] {logging_mixin.py:188} INFO - [2026-05-09T18:51:06.173+0000] {dag.py:3096} INFO - Sync 3 DAGs
[2026-05-09T18:51:06.205+0000] {logging_mixin.py:188} INFO - [2026-05-09T18:51:06.204+0000] {dag.py:3954} INFO - Setting next_dagrun for example_subdag_operator to 2022-01-01 00:00:00+00:00, run_after=2022-01-01 00:00:00+00:00
[2026-05-09T18:51:06.210+0000] {logging_mixin.py:188} INFO - [2026-05-09T18:51:06.210+0000] {dag.py:3954} INFO - Setting next_dagrun for example_subdag_operator.section-1 to None, run_after=None
[2026-05-09T18:51:06.213+0000] {logging_mixin.py:188} INFO - [2026-05-09T18:51:06.213+0000] {dag.py:3954} INFO - Setting next_dagrun for example_subdag_operator.section-2 to None, run_after=None
[2026-05-09T18:51:06.233+0000] {logging_mixin.py:188} INFO - [2026-05-09T18:51:06.233+0000] {dag.py:3096} INFO - Sync 2 DAGs
[2026-05-09T18:51:06.243+0000] {logging_mixin.py:188} INFO - [2026-05-09T18:51:06.242+0000] {dag.py:3954} INFO - Setting next_dagrun for example_subdag_operator.section-1 to None, run_after=None
[2026-05-09T18:51:06.244+0000] {logging_mixin.py:188} INFO - [2026-05-09T18:51:06.244+0000] {dag.py:3954} INFO - Setting next_dagrun for example_subdag_operator.section-2 to None, run_after=None
[2026-05-09T18:51:06.269+0000] {processor.py:183} INFO - Processing /home/airflow/.local/lib/python3.12/site-packages/airflow/example_dags/example_subdag_operator.py took 0.290 seconds
[2026-05-09T18:51:52.247+0000] {processor.py:161} INFO - Started process (PID=70) to work on /home/airflow/.local/lib/python3.12/site-packages/airflow/example_dags/example_subdag_operator.py
[2026-05-09T18:51:52.248+0000] {processor.py:830} INFO - Processing file /home/airflow/.local/lib/python3.12/site-packages/airflow/example_dags/example_subdag_operator.py for tasks to queue
[2026-05-09T18:51:52.251+0000] {logging_mixin.py:188} INFO - [2026-05-09T18:51:52.250+0000] {dagbag.py:545} INFO - Filling up the DagBag from /home/airflow/.local/lib/python3.12/site-packages/airflow/example_dags/example_subdag_operator.py
[2026-05-09T18:51:52.275+0000] {processor.py:840} INFO - DAG(s) 'example_subdag_operator.section-1', 'example_subdag_operator.section-2', 'example_subdag_operator' retrieved from /home/airflow/.local/lib/python3.12/site-packages/airflow/example_dags/example_subdag_operator.py
[2026-05-09T18:51:52.295+0000] {logging_mixin.py:188} INFO - [2026-05-09T18:51:52.295+0000] {dag.py:3096} INFO - Sync 3 DAGs
[2026-05-09T18:51:52.320+0000] {logging_mixin.py:188} INFO - [2026-05-09T18:51:52.320+0000] {dag.py:3954} INFO - Setting next_dagrun for example_subdag_operator to 2022-01-01 00:00:00+00:00, run_after=2022-01-01 00:00:00+00:00
[2026-05-09T18:51:52.324+0000] {logging_mixin.py:188} INFO - [2026-05-09T18:51:52.324+0000] {dag.py:3954} INFO - Setting next_dagrun for example_subdag_operator.section-1 to None, run_after=None
[2026-05-09T18:51:52.327+0000] {logging_mixin.py:188} INFO - [2026-05-09T18:51:52.327+0000] {dag.py:3954} INFO - Setting next_dagrun for example_subdag_operator.section-2 to None, run_after=None
[2026-05-09T18:51:52.338+0000] {logging_mixin.py:188} INFO - [2026-05-09T18:51:52.338+0000] {dag.py:3096} INFO - Sync 2 DAGs
[2026-05-09T18:51:52.345+0000] {logging_mixin.py:188} INFO - [2026-05-09T18:51:52.344+0000] {dag.py:3954} INFO - Setting next_dagrun for example_subdag_operator.section-1 to None, run_after=None
[2026-05-09T18:51:52.345+0000] {logging_mixin.py:188} INFO - [2026-05-09T18:51:52.345+0000] {dag.py:3954} INFO - Setting next_dagrun for example_subdag_operator.section-2 to None, run_after=None
[2026-05-09T18:51:52.362+0000] {processor.py:183} INFO - Processing /home/airflow/.local/lib/python3.12/site-packages/airflow/example_dags/example_subdag_operator.py took 0.119 seconds
[2026-05-09T18:52:22.733+0000] {processor.py:161} INFO - Started process (PID=128) to work on /home/airflow/.local/lib/python3.12/site-packages/airflow/example_dags/example_subdag_operator.py
[2026-05-09T18:52:22.734+0000] {processor.py:830} INFO - Processing file /home/airflow/.local/lib/python3.12/site-packages/airflow/example_dags/example_subdag_operator.py for tasks to queue
[2026-05-09T18:52:22.736+0000] {logging_mixin.py:188} INFO - [2026-05-09T18:52:22.736+0000] {dagbag.py:545} INFO - Filling up the DagBag from /home/airflow/.local/lib/python3.12/site-packages/airflow/example_dags/example_subdag_operator.py
[2026-05-09T18:52:22.760+0000] {processor.py:840} INFO - DAG(s) 'example_subdag_operator.section-1', 'example_subdag_operator.section-2', 'example_subdag_operator' retrieved from /home/airflow/.local/lib/python3.12/site-packages/airflow/example_dags/example_subdag_operator.py
[2026-05-09T18:52:22.775+0000] {logging_mixin.py:188} INFO - [2026-05-09T18:52:22.775+0000] {dag.py:3096} INFO - Sync 3 DAGs
[2026-05-09T18:52:22.797+0000] {logging_mixin.py:188} INFO - [2026-05-09T18:52:22.797+0000] {dag.py:3954} INFO - Setting next_dagrun for example_subdag_operator to 2022-01-01 00:00:00+00:00, run_after=2022-01-01 00:00:00+00:00
[2026-05-09T18:52:22.802+0000] {logging_mixin.py:188} INFO - [2026-05-09T18:52:22.802+0000] {dag.py:3954} INFO - Setting next_dagrun for example_subdag_operator.section-1 to None, run_after=None
[2026-05-09T18:52:22.803+0000] {logging_mixin.py:188} INFO - [2026-05-09T18:52:22.803+0000] {dag.py:3954} INFO - Setting next_dagrun for example_subdag_operator.section-2 to None, run_after=None
[2026-05-09T18:52:22.812+0000] {logging_mixin.py:188} INFO - [2026-05-09T18:52:22.812+0000] {dag.py:3096} INFO - Sync 2 DAGs
[2026-05-09T18:52:22.819+0000] {logging_mixin.py:188} INFO - [2026-05-09T18:52:22.818+0000] {dag.py:3954} INFO - Setting next_dagrun for example_subdag_operator.section-1 to None, run_after=None
[2026-05-09T18:52:22.819+0000] {logging_mixin.py:188} INFO - [2026-05-09T18:52:22.819+0000] {dag.py:3954} INFO - Setting next_dagrun for example_subdag_operator.section-2 to None, run_after=None
[2026-05-09T18:52:22.833+0000] {processor.py:183} INFO - Processing /home/airflow/.local/lib/python3.12/site-packages/airflow/example_dags/example_subdag_operator.py took 0.105 seconds
[2026-05-09T18:52:59.366+0000] {processor.py:161} INFO - Started process (PID=192) to work on /home/airflow/.local/lib/python3.12/site-packages/airflow/example_dags/example_subdag_operator.py
[2026-05-09T18:52:59.368+0000] {processor.py:830} INFO - Processing file /home/airflow/.local/lib/python3.12/site-packages/airflow/example_dags/example_subdag_operator.py for tasks to queue
[2026-05-09T18:52:59.370+0000] {logging_mixin.py:188} INFO - [2026-05-09T18:52:59.370+0000] {dagbag.py:545} INFO - Filling up the DagBag from /home/airflow/.local/lib/python3.12/site-packages/airflow/example_dags/example_subdag_operator.py
[2026-05-09T18:52:59.403+0000] {processor.py:840} INFO - DAG(s) 'example_subdag_operator.section-1', 'example_subdag_operator.section-2', 'example_subdag_operator' retrieved from /home/airflow/.local/lib/python3.12/site-packages/airflow/example_dags/example_subdag_operator.py
[2026-05-09T18:52:59.420+0000] {logging_mixin.py:188} INFO - [2026-05-09T18:52:59.419+0000] {dag.py:3096} INFO - Sync 3 DAGs
[2026-05-09T18:52:59.444+0000] {logging_mixin.py:188} INFO - [2026-05-09T18:52:59.444+0000] {dag.py:3954} INFO - Setting next_dagrun for example_subdag_operator to 2022-01-01 00:00:00+00:00, run_after=2022-01-01 00:00:00+00:00
[2026-05-09T18:52:59.449+0000] {logging_mixin.py:188} INFO - [2026-05-09T18:52:59.449+0000] {dag.py:3954} INFO - Setting next_dagrun for example_subdag_operator.section-1 to None, run_after=None
[2026-05-09T18:52:59.451+0000] {logging_mixin.py:188} INFO - [2026-05-09T18:52:59.451+0000] {dag.py:3954} INFO - Setting next_dagrun for example_subdag_operator.section-2 to None, run_after=None
[2026-05-09T18:52:59.461+0000] {logging_mixin.py:188} INFO - [2026-05-09T18:52:59.461+0000] {dag.py:3096} INFO - Sync 2 DAGs
[2026-05-09T18:52:59.471+0000] {logging_mixin.py:188} INFO - [2026-05-09T18:52:59.471+0000] {dag.py:3954} INFO - Setting next_dagrun for example_subdag_operator.section-1 to None, run_after=None
[2026-05-09T18:52:59.472+0000] {logging_mixin.py:188} INFO - [2026-05-09T18:52:59.472+0000] {dag.py:3954} INFO - Setting next_dagrun for example_subdag_operator.section-2 to None, run_after=None
[2026-05-09T18:52:59.495+0000] {processor.py:183} INFO - Processing /home/airflow/.local/lib/python3.12/site-packages/airflow/example_dags/example_subdag_operator.py took 0.135 seconds
[2026-05-09T18:53:29.571+0000] {processor.py:161} INFO - Started process (PID=250) to work on /home/airflow/.local/lib/python3.12/site-packages/airflow/example_dags/example_subdag_operator.py
[2026-05-09T18:53:29.572+0000] {processor.py:830} INFO - Processing file /home/airflow/.local/lib/python3.12/site-packages/airflow/example_dags/example_subdag_operator.py for tasks to queue
[2026-05-09T18:53:29.574+0000] {logging_mixin.py:188} INFO - [2026-05-09T18:53:29.574+0000] {dagbag.py:545} INFO - Filling up the DagBag from /home/airflow/.local/lib/python3.12/site-packages/airflow/example_dags/example_subdag_operator.py
[2026-05-09T18:53:29.605+0000] {processor.py:840} INFO - DAG(s) 'example_subdag_operator.section-1', 'example_subdag_operator.section-2', 'example_subdag_operator' retrieved from /home/airflow/.local/lib/python3.12/site-packages/airflow/example_dags/example_subdag_operator.py
[2026-05-09T18:53:29.625+0000] {logging_mixin.py:188} INFO - [2026-05-09T18:53:29.624+0000] {dag.py:3096} INFO - Sync 3 DAGs
[2026-05-09T18:53:29.655+0000] {logging_mixin.py:188} INFO - [2026-05-09T18:53:29.654+0000] {dag.py:3954} INFO - Setting next_dagrun for example_subdag_operator to 2022-01-01 00:00:00+00:00, run_after=2022-01-01 00:00:00+00:00
[2026-05-09T18:53:29.660+0000] {logging_mixin.py:188} INFO - [2026-05-09T18:53:29.660+0000] {dag.py:3954} INFO - Setting next_dagrun for example_subdag_operator.section-1 to None, run_after=None
[2026-05-09T18:53:29.663+0000] {logging_mixin.py:188} INFO - [2026-05-09T18:53:29.662+0000] {dag.py:3954} INFO - Setting next_dagrun for example_subdag_operator.section-2 to None, run_after=None
[2026-05-09T18:53:29.673+0000] {logging_mixin.py:188} INFO - [2026-05-09T18:53:29.672+0000] {dag.py:3096} INFO - Sync 2 DAGs
[2026-05-09T18:53:29.681+0000] {logging_mixin.py:188} INFO - [2026-05-09T18:53:29.681+0000] {dag.py:3954} INFO - Setting next_dagrun for example_subdag_operator.section-1 to None, run_after=None
[2026-05-09T18:53:29.683+0000] {logging_mixin.py:188} INFO - [2026-05-09T18:53:29.683+0000] {dag.py:3954} INFO - Setting next_dagrun for example_subdag_operator.section-2 to None, run_after=None
[2026-05-09T18:53:29.710+0000] {processor.py:183} INFO - Processing /home/airflow/.local/lib/python3.12/site-packages/airflow/example_dags/example_subdag_operator.py took 0.145 seconds
[2026-05-09T18:54:00.933+0000] {processor.py:161} INFO - Started process (PID=308) to work on /home/airflow/.local/lib/python3.12/site-packages/airflow/example_dags/example_subdag_operator.py
[2026-05-09T18:54:00.934+0000] {processor.py:830} INFO - Processing file /home/airflow/.local/lib/python3.12/site-packages/airflow/example_dags/example_subdag_operator.py for tasks to queue
[2026-05-09T18:54:00.936+0000] {logging_mixin.py:188} INFO - [2026-05-09T18:54:00.936+0000] {dagbag.py:545} INFO - Filling up the DagBag from /home/airflow/.local/lib/python3.12/site-packages/airflow/example_dags/example_subdag_operator.py
[2026-05-09T18:54:00.960+0000] {processor.py:840} INFO - DAG(s) 'example_subdag_operator.section-1', 'example_subdag_operator.section-2', 'example_subdag_operator' retrieved from /home/airflow/.local/lib/python3.12/site-packages/airflow/example_dags/example_subdag_operator.py
[2026-05-09T18:54:00.975+0000] {logging_mixin.py:188} INFO - [2026-05-09T18:54:00.975+0000] {dag.py:3096} INFO - Sync 3 DAGs
[2026-05-09T18:54:00.997+0000] {logging_mixin.py:188} INFO - [2026-05-09T18:54:00.997+0000] {dag.py:3954} INFO - Setting next_dagrun for example_subdag_operator to 2022-01-01 00:00:00+00:00, run_after=2022-01-01 00:00:00+00:00
[2026-05-09T18:54:01.002+0000] {logging_mixin.py:188} INFO - [2026-05-09T18:54:01.002+0000] {dag.py:3954} INFO - Setting next_dagrun for example_subdag_operator.section-1 to None, run_after=None
[2026-05-09T18:54:01.004+0000] {logging_mixin.py:188} INFO - [2026-05-09T18:54:01.004+0000] {dag.py:3954} INFO - Setting next_dagrun for example_subdag_operator.section-2 to None, run_after=None
[2026-05-09T18:54:01.011+0000] {logging_mixin.py:188} INFO - [2026-05-09T18:54:01.011+0000] {dag.py:3096} INFO - Sync 2 DAGs
[2026-05-09T18:54:01.018+0000] {logging_mixin.py:188} INFO - [2026-05-09T18:54:01.017+0000] {dag.py:3954} INFO - Setting next_dagrun for example_subdag_operator.section-1 to None, run_after=None
[2026-05-09T18:54:01.018+0000] {logging_mixin.py:188} INFO - [2026-05-09T18:54:01.018+0000] {dag.py:3954} INFO - Setting next_dagrun for example_subdag_operator.section-2 to None, run_after=None
[2026-05-09T18:54:01.192+0000] {processor.py:183} INFO - Processing /home/airflow/.local/lib/python3.12/site-packages/airflow/example_dags/example_subdag_operator.py took 0.264 seconds
[2026-05-09T18:54:32.042+0000] {processor.py:161} INFO - Started process (PID=366) to work on /home/airflow/.local/lib/python3.12/site-packages/airflow/example_dags/example_subdag_operator.py
[2026-05-09T18:54:32.043+0000] {processor.py:830} INFO - Processing file /home/airflow/.local/lib/python3.12/site-packages/airflow/example_dags/example_subdag_operator.py for tasks to queue
[2026-05-09T18:54:32.046+0000] {logging_mixin.py:188} INFO - [2026-05-09T18:54:32.046+0000] {dagbag.py:545} INFO - Filling up the DagBag from /home/airflow/.local/lib/python3.12/site-packages/airflow/example_dags/example_subdag_operator.py
[2026-05-09T18:54:32.076+0000] {processor.py:840} INFO - DAG(s) 'example_subdag_operator.section-1', 'example_subdag_operator.section-2', 'example_subdag_operator' retrieved from /home/airflow/.local/lib/python3.12/site-packages/airflow/example_dags/example_subdag_operator.py
[2026-05-09T18:54:32.094+0000] {logging_mixin.py:188} INFO - [2026-05-09T18:54:32.094+0000] {dag.py:3096} INFO - Sync 3 DAGs
[2026-05-09T18:54:32.117+0000] {logging_mixin.py:188} INFO - [2026-05-09T18:54:32.116+0000] {dag.py:3954} INFO - Setting next_dagrun for example_subdag_operator to 2022-01-01 00:00:00+00:00, run_after=2022-01-01 00:00:00+00:00
[2026-05-09T18:54:32.121+0000] {logging_mixin.py:188} INFO - [2026-05-09T18:54:32.121+0000] {dag.py:3954} INFO - Setting next_dagrun for example_subdag_operator.section-1 to None, run_after=None
[2026-05-09T18:54:32.123+0000] {logging_mixin.py:188} INFO - [2026-05-09T18:54:32.123+0000] {dag.py:3954} INFO - Setting next_dagrun for example_subdag_operator.section-2 to None, run_after=None
[2026-05-09T18:54:32.131+0000] {logging_mixin.py:188} INFO - [2026-05-09T18:54:32.131+0000] {dag.py:3096} INFO - Sync 2 DAGs
[2026-05-09T18:54:32.138+0000] {logging_mixin.py:188} INFO - [2026-05-09T18:54:32.137+0000] {dag.py:3954} INFO - Setting next_dagrun for example_subdag_operator.section-1 to None, run_after=None
[2026-05-09T18:54:32.139+0000] {logging_mixin.py:188} INFO - [2026-05-09T18:54:32.138+0000] {dag.py:3954} INFO - Setting next_dagrun for example_subdag_operator.section-2 to None, run_after=None
[2026-05-09T18:54:32.155+0000] {processor.py:183} INFO - Processing /home/airflow/.local/lib/python3.12/site-packages/airflow/example_dags/example_subdag_operator.py took 0.120 seconds
[2026-05-09T18:55:02.252+0000] {processor.py:161} INFO - Started process (PID=424) to work on /home/airflow/.local/lib/python3.12/site-packages/airflow/example_dags/example_subdag_operator.py
[2026-05-09T18:55:02.254+0000] {processor.py:830} INFO - Processing file /home/airflow/.local/lib/python3.12/site-packages/airflow/example_dags/example_subdag_operator.py for tasks to queue
[2026-05-09T18:55:02.256+0000] {logging_mixin.py:188} INFO - [2026-05-09T18:55:02.255+0000] {dagbag.py:545} INFO - Filling up the DagBag from /home/airflow/.local/lib/python3.12/site-packages/airflow/example_dags/example_subdag_operator.py
[2026-05-09T18:55:02.281+0000] {processor.py:840} INFO - DAG(s) 'example_subdag_operator.section-1', 'example_subdag_operator.section-2', 'example_subdag_operator' retrieved from /home/airflow/.local/lib/python3.12/site-packages/airflow/example_dags/example_subdag_operator.py
[2026-05-09T18:55:02.297+0000] {logging_mixin.py:188} INFO - [2026-05-09T18:55:02.297+0000] {dag.py:3096} INFO - Sync 3 DAGs
[2026-05-09T18:55:02.319+0000] {logging_mixin.py:188} INFO - [2026-05-09T18:55:02.319+0000] {dag.py:3954} INFO - Setting next_dagrun for example_subdag_operator to 2022-01-01 00:00:00+00:00, run_after=2022-01-01 00:00:00+00:00
[2026-05-09T18:55:02.324+0000] {logging_mixin.py:188} INFO - [2026-05-09T18:55:02.324+0000] {dag.py:3954} INFO - Setting next_dagrun for example_subdag_operator.section-1 to None, run_after=None
[2026-05-09T18:55:02.326+0000] {logging_mixin.py:188} INFO - [2026-05-09T18:55:02.326+0000] {dag.py:3954} INFO - Setting next_dagrun for example_subdag_operator.section-2 to None, run_after=None
[2026-05-09T18:55:02.336+0000] {logging_mixin.py:188} INFO - [2026-05-09T18:55:02.335+0000] {dag.py:3096} INFO - Sync 2 DAGs
[2026-05-09T18:55:02.343+0000] {logging_mixin.py:188} INFO - [2026-05-09T18:55:02.342+0000] {dag.py:3954} INFO - Setting next_dagrun for example_subdag_operator.section-1 to None, run_after=None
[2026-05-09T18:55:02.343+0000] {logging_mixin.py:188} INFO - [2026-05-09T18:55:02.343+0000] {dag.py:3954} INFO - Setting next_dagrun for example_subdag_operator.section-2 to None, run_after=None
[2026-05-09T18:55:02.359+0000] {processor.py:183} INFO - Processing /home/airflow/.local/lib/python3.12/site-packages/airflow/example_dags/example_subdag_operator.py took 0.113 seconds
[2026-05-09T18:55:32.515+0000] {processor.py:161} INFO - Started process (PID=482) to work on /home/airflow/.local/lib/python3.12/site-packages/airflow/example_dags/example_subdag_operator.py
[2026-05-09T18:55:32.517+0000] {processor.py:830} INFO - Processing file /home/airflow/.local/lib/python3.12/site-packages/airflow/example_dags/example_subdag_operator.py for tasks to queue
[2026-05-09T18:55:32.519+0000] {logging_mixin.py:188} INFO - [2026-05-09T18:55:32.518+0000] {dagbag.py:545} INFO - Filling up the DagBag from /home/airflow/.local/lib/python3.12/site-packages/airflow/example_dags/example_subdag_operator.py
[2026-05-09T18:55:32.549+0000] {processor.py:840} INFO - DAG(s) 'example_subdag_operator.section-1', 'example_subdag_operator.section-2', 'example_subdag_operator' retrieved from /home/airflow/.local/lib/python3.12/site-packages/airflow/example_dags/example_subdag_operator.py
[2026-05-09T18:55:32.566+0000] {logging_mixin.py:188} INFO - [2026-05-09T18:55:32.566+0000] {dag.py:3096} INFO - Sync 3 DAGs
[2026-05-09T18:55:32.591+0000] {logging_mixin.py:188} INFO - [2026-05-09T18:55:32.591+0000] {dag.py:3954} INFO - Setting next_dagrun for example_subdag_operator to 2022-01-01 00:00:00+00:00, run_after=2022-01-01 00:00:00+00:00
[2026-05-09T18:55:32.597+0000] {logging_mixin.py:188} INFO - [2026-05-09T18:55:32.596+0000] {dag.py:3954} INFO - Setting next_dagrun for example_subdag_operator.section-1 to None, run_after=None
[2026-05-09T18:55:32.598+0000] {logging_mixin.py:188} INFO - [2026-05-09T18:55:32.598+0000] {dag.py:3954} INFO - Setting next_dagrun for example_subdag_operator.section-2 to None, run_after=None
[2026-05-09T18:55:32.607+0000] {logging_mixin.py:188} INFO - [2026-05-09T18:55:32.607+0000] {dag.py:3096} INFO - Sync 2 DAGs
[2026-05-09T18:55:32.614+0000] {logging_mixin.py:188} INFO - [2026-05-09T18:55:32.613+0000] {dag.py:3954} INFO - Setting next_dagrun for example_subdag_operator.section-1 to None, run_after=None
[2026-05-09T18:55:32.614+0000] {logging_mixin.py:188} INFO - [2026-05-09T18:55:32.614+0000] {dag.py:3954} INFO - Setting next_dagrun for example_subdag_operator.section-2 to None, run_after=None
[2026-05-09T18:55:32.631+0000] {processor.py:183} INFO - Processing /home/airflow/.local/lib/python3.12/site-packages/airflow/example_dags/example_subdag_operator.py took 0.120 seconds
[2026-05-09T18:56:02.731+0000] {processor.py:161} INFO - Started process (PID=540) to work on /home/airflow/.local/lib/python3.12/site-packages/airflow/example_dags/example_subdag_operator.py
[2026-05-09T18:56:02.732+0000] {processor.py:830} INFO - Processing file /home/airflow/.local/lib/python3.12/site-packages/airflow/example_dags/example_subdag_operator.py for tasks to queue
[2026-05-09T18:56:02.735+0000] {logging_mixin.py:188} INFO - [2026-05-09T18:56:02.734+0000] {dagbag.py:545} INFO - Filling up the DagBag from /home/airflow/.local/lib/python3.12/site-packages/airflow/example_dags/example_subdag_operator.py
[2026-05-09T18:56:02.763+0000] {processor.py:840} INFO - DAG(s) 'example_subdag_operator.section-1', 'example_subdag_operator.section-2', 'example_subdag_operator' retrieved from /home/airflow/.local/lib/python3.12/site-packages/airflow/example_dags/example_subdag_operator.py
[2026-05-09T18:56:02.780+0000] {logging_mixin.py:188} INFO - [2026-05-09T18:56:02.780+0000] {dag.py:3096} INFO - Sync 3 DAGs
[2026-05-09T18:56:02.806+0000] {logging_mixin.py:188} INFO - [2026-05-09T18:56:02.805+0000] {dag.py:3954} INFO - Setting next_dagrun for example_subdag_operator to 2022-01-01 00:00:00+00:00, run_after=2022-01-01 00:00:00+00:00
[2026-05-09T18:56:02.811+0000] {logging_mixin.py:188} INFO - [2026-05-09T18:56:02.810+0000] {dag.py:3954} INFO - Setting next_dagrun for example_subdag_operator.section-1 to None, run_after=None
[2026-05-09T18:56:02.813+0000] {logging_mixin.py:188} INFO - [2026-05-09T18:56:02.812+0000] {dag.py:3954} INFO - Setting next_dagrun for example_subdag_operator.section-2 to None, run_after=None
[2026-05-09T18:56:02.822+0000] {logging_mixin.py:188} INFO - [2026-05-09T18:56:02.821+0000] {dag.py:3096} INFO - Sync 2 DAGs
[2026-05-09T18:56:02.829+0000] {logging_mixin.py:188} INFO - [2026-05-09T18:56:02.828+0000] {dag.py:3954} INFO - Setting next_dagrun for example_subdag_operator.section-1 to None, run_after=None
[2026-05-09T18:56:02.829+0000] {logging_mixin.py:188} INFO - [2026-05-09T18:56:02.829+0000] {dag.py:3954} INFO - Setting next_dagrun for example_subdag_operator.section-2 to None, run_after=None
[2026-05-09T18:56:02.847+0000] {processor.py:183} INFO - Processing /home/airflow/.local/lib/python3.12/site-packages/airflow/example_dags/example_subdag_operator.py took 0.121 seconds
[2026-05-09T18:56:32.934+0000] {processor.py:161} INFO - Started process (PID=598) to work on /home/airflow/.local/lib/python3.12/site-packages/airflow/example_dags/example_subdag_operator.py
[2026-05-09T18:56:32.935+0000] {processor.py:830} INFO - Processing file /home/airflow/.local/lib/python3.12/site-packages/airflow/example_dags/example_subdag_operator.py for tasks to queue
[2026-05-09T18:56:32.937+0000] {logging_mixin.py:188} INFO - [2026-05-09T18:56:32.937+0000] {dagbag.py:545} INFO - Filling up the DagBag from /home/airflow/.local/lib/python3.12/site-packages/airflow/example_dags/example_subdag_operator.py
[2026-05-09T18:56:32.961+0000] {processor.py:840} INFO - DAG(s) 'example_subdag_operator.section-1', 'example_subdag_operator.section-2', 'example_subdag_operator' retrieved from /home/airflow/.local/lib/python3.12/site-packages/airflow/example_dags/example_subdag_operator.py
[2026-05-09T18:56:32.976+0000] {logging_mixin.py:188} INFO - [2026-05-09T18:56:32.976+0000] {dag.py:3096} INFO - Sync 3 DAGs
[2026-05-09T18:56:32.998+0000] {logging_mixin.py:188} INFO - [2026-05-09T18:56:32.997+0000] {dag.py:3954} INFO - Setting next_dagrun for example_subdag_operator to 2022-01-01 00:00:00+00:00, run_after=2022-01-01 00:00:00+00:00
[2026-05-09T18:56:33.002+0000] {logging_mixin.py:188} INFO - [2026-05-09T18:56:33.002+0000] {dag.py:3954} INFO - Setting next_dagrun for example_subdag_operator.section-1 to None, run_after=None
[2026-05-09T18:56:33.004+0000] {logging_mixin.py:188} INFO - [2026-05-09T18:56:33.004+0000] {dag.py:3954} INFO - Setting next_dagrun for example_subdag_operator.section-2 to None, run_after=None
[2026-05-09T18:56:33.011+0000] {logging_mixin.py:188} INFO - [2026-05-09T18:56:33.011+0000] {dag.py:3096} INFO - Sync 2 DAGs
[2026-05-09T18:56:33.017+0000] {logging_mixin.py:188} INFO - [2026-05-09T18:56:33.017+0000] {dag.py:3954} INFO - Setting next_dagrun for example_subdag_operator.section-1 to None, run_after=None
[2026-05-09T18:56:33.018+0000] {logging_mixin.py:188} INFO - [2026-05-09T18:56:33.018+0000] {dag.py:3954} INFO - Setting next_dagrun for example_subdag_operator.section-2 to None, run_after=None
[2026-05-09T18:56:33.032+0000] {processor.py:183} INFO - Processing /home/airflow/.local/lib/python3.12/site-packages/airflow/example_dags/example_subdag_operator.py took 0.103 seconds
[2026-05-09T18:57:03.512+0000] {processor.py:161} INFO - Started process (PID=657) to work on /home/airflow/.local/lib/python3.12/site-packages/airflow/example_dags/example_subdag_operator.py
[2026-05-09T18:57:03.513+0000] {processor.py:830} INFO - Processing file /home/airflow/.local/lib/python3.12/site-packages/airflow/example_dags/example_subdag_operator.py for tasks to queue
[2026-05-09T18:57:03.515+0000] {logging_mixin.py:188} INFO - [2026-05-09T18:57:03.515+0000] {dagbag.py:545} INFO - Filling up the DagBag from /home/airflow/.local/lib/python3.12/site-packages/airflow/example_dags/example_subdag_operator.py
[2026-05-09T18:57:03.540+0000] {processor.py:840} INFO - DAG(s) 'example_subdag_operator.section-1', 'example_subdag_operator.section-2', 'example_subdag_operator' retrieved from /home/airflow/.local/lib/python3.12/site-packages/airflow/example_dags/example_subdag_operator.py
[2026-05-09T18:57:03.555+0000] {logging_mixin.py:188} INFO - [2026-05-09T18:57:03.555+0000] {dag.py:3096} INFO - Sync 3 DAGs
[2026-05-09T18:57:03.576+0000] {logging_mixin.py:188} INFO - [2026-05-09T18:57:03.576+0000] {dag.py:3954} INFO - Setting next_dagrun for example_subdag_operator to 2022-01-01 00:00:00+00:00, run_after=2022-01-01 00:00:00+00:00
[2026-05-09T18:57:03.580+0000] {logging_mixin.py:188} INFO - [2026-05-09T18:57:03.580+0000] {dag.py:3954} INFO - Setting next_dagrun for example_subdag_operator.section-1 to None, run_after=None
[2026-05-09T18:57:03.582+0000] {logging_mixin.py:188} INFO - [2026-05-09T18:57:03.582+0000] {dag.py:3954} INFO - Setting next_dagrun for example_subdag_operator.section-2 to None, run_after=None
[2026-05-09T18:57:03.590+0000] {logging_mixin.py:188} INFO - [2026-05-09T18:57:03.590+0000] {dag.py:3096} INFO - Sync 2 DAGs
[2026-05-09T18:57:03.596+0000] {logging_mixin.py:188} INFO - [2026-05-09T18:57:03.596+0000] {dag.py:3954} INFO - Setting next_dagrun for example_subdag_operator.section-1 to None, run_after=None
[2026-05-09T18:57:03.597+0000] {logging_mixin.py:188} INFO - [2026-05-09T18:57:03.597+0000] {dag.py:3954} INFO - Setting next_dagrun for example_subdag_operator.section-2 to None, run_after=None
[2026-05-09T18:57:03.613+0000] {processor.py:183} INFO - Processing /home/airflow/.local/lib/python3.12/site-packages/airflow/example_dags/example_subdag_operator.py took 0.106 seconds
[2026-05-09T18:57:34.280+0000] {processor.py:161} INFO - Started process (PID=716) to work on /home/airflow/.local/lib/python3.12/site-packages/airflow/example_dags/example_subdag_operator.py
[2026-05-09T18:57:34.281+0000] {processor.py:830} INFO - Processing file /home/airflow/.local/lib/python3.12/site-packages/airflow/example_dags/example_subdag_operator.py for tasks to queue
[2026-05-09T18:57:34.283+0000] {logging_mixin.py:188} INFO - [2026-05-09T18:57:34.283+0000] {dagbag.py:545} INFO - Filling up the DagBag from /home/airflow/.local/lib/python3.12/site-packages/airflow/example_dags/example_subdag_operator.py
[2026-05-09T18:57:34.307+0000] {processor.py:840} INFO - DAG(s) 'example_subdag_operator.section-1', 'example_subdag_operator.section-2', 'example_subdag_operator' retrieved from /home/airflow/.local/lib/python3.12/site-packages/airflow/example_dags/example_subdag_operator.py
[2026-05-09T18:57:34.322+0000] {logging_mixin.py:188} INFO - [2026-05-09T18:57:34.322+0000] {dag.py:3096} INFO - Sync 3 DAGs
[2026-05-09T18:57:34.343+0000] {logging_mixin.py:188} INFO - [2026-05-09T18:57:34.343+0000] {dag.py:3954} INFO - Setting next_dagrun for example_subdag_operator to 2022-01-01 00:00:00+00:00, run_after=2022-01-01 00:00:00+00:00
[2026-05-09T18:57:34.348+0000] {logging_mixin.py:188} INFO - [2026-05-09T18:57:34.347+0000] {dag.py:3954} INFO - Setting next_dagrun for example_subdag_operator.section-1 to None, run_after=None
[2026-05-09T18:57:34.350+0000] {logging_mixin.py:188} INFO - [2026-05-09T18:57:34.350+0000] {dag.py:3954} INFO - Setting next_dagrun for example_subdag_operator.section-2 to None, run_after=None
[2026-05-09T18:57:34.379+0000] {logging_mixin.py:188} INFO - [2026-05-09T18:57:34.379+0000] {dag.py:3096} INFO - Sync 2 DAGs
[2026-05-09T18:57:34.386+0000] {logging_mixin.py:188} INFO - [2026-05-09T18:57:34.386+0000] {dag.py:3954} INFO - Setting next_dagrun for example_subdag_operator.section-1 to None, run_after=None
[2026-05-09T18:57:34.387+0000] {logging_mixin.py:188} INFO - [2026-05-09T18:57:34.387+0000] {dag.py:3954} INFO - Setting next_dagrun for example_subdag_operator.section-2 to None, run_after=None
[2026-05-09T18:57:34.404+0000] {processor.py:183} INFO - Processing /home/airflow/.local/lib/python3.12/site-packages/airflow/example_dags/example_subdag_operator.py took 0.129 seconds
[2026-05-09T18:58:04.874+0000] {processor.py:161} INFO - Started process (PID=776) to work on /home/airflow/.local/lib/python3.12/site-packages/airflow/example_dags/example_subdag_operator.py
[2026-05-09T18:58:04.875+0000] {processor.py:830} INFO - Processing file /home/airflow/.local/lib/python3.12/site-packages/airflow/example_dags/example_subdag_operator.py for tasks to queue
[2026-05-09T18:58:04.877+0000] {logging_mixin.py:188} INFO - [2026-05-09T18:58:04.877+0000] {dagbag.py:545} INFO - Filling up the DagBag from /home/airflow/.local/lib/python3.12/site-packages/airflow/example_dags/example_subdag_operator.py
[2026-05-09T18:58:04.907+0000] {processor.py:840} INFO - DAG(s) 'example_subdag_operator.section-1', 'example_subdag_operator.section-2', 'example_subdag_operator' retrieved from /home/airflow/.local/lib/python3.12/site-packages/airflow/example_dags/example_subdag_operator.py
[2026-05-09T18:58:04.924+0000] {logging_mixin.py:188} INFO - [2026-05-09T18:58:04.924+0000] {dag.py:3096} INFO - Sync 3 DAGs
[2026-05-09T18:58:04.949+0000] {logging_mixin.py:188} INFO - [2026-05-09T18:58:04.949+0000] {dag.py:3954} INFO - Setting next_dagrun for example_subdag_operator to 2022-01-01 00:00:00+00:00, run_after=2022-01-01 00:00:00+00:00
[2026-05-09T18:58:04.955+0000] {logging_mixin.py:188} INFO - [2026-05-09T18:58:04.955+0000] {dag.py:3954} INFO - Setting next_dagrun for example_subdag_operator.section-1 to None, run_after=None
[2026-05-09T18:58:04.957+0000] {logging_mixin.py:188} INFO - [2026-05-09T18:58:04.957+0000] {dag.py:3954} INFO - Setting next_dagrun for example_subdag_operator.section-2 to None, run_after=None
[2026-05-09T18:58:04.967+0000] {logging_mixin.py:188} INFO - [2026-05-09T18:58:04.967+0000] {dag.py:3096} INFO - Sync 2 DAGs
[2026-05-09T18:58:04.974+0000] {logging_mixin.py:188} INFO - [2026-05-09T18:58:04.974+0000] {dag.py:3954} INFO - Setting next_dagrun for example_subdag_operator.section-1 to None, run_after=None
[2026-05-09T18:58:04.975+0000] {logging_mixin.py:188} INFO - [2026-05-09T18:58:04.975+0000] {dag.py:3954} INFO - Setting next_dagrun for example_subdag_operator.section-2 to None, run_after=None
[2026-05-09T18:58:04.996+0000] {processor.py:183} INFO - Processing /home/airflow/.local/lib/python3.12/site-packages/airflow/example_dags/example_subdag_operator.py took 0.128 seconds
[2026-05-09T18:58:35.815+0000] {processor.py:161} INFO - Started process (PID=835) to work on /home/airflow/.local/lib/python3.12/site-packages/airflow/example_dags/example_subdag_operator.py
[2026-05-09T18:58:35.816+0000] {processor.py:830} INFO - Processing file /home/airflow/.local/lib/python3.12/site-packages/airflow/example_dags/example_subdag_operator.py for tasks to queue
[2026-05-09T18:58:35.819+0000] {logging_mixin.py:188} INFO - [2026-05-09T18:58:35.818+0000] {dagbag.py:545} INFO - Filling up the DagBag from /home/airflow/.local/lib/python3.12/site-packages/airflow/example_dags/example_subdag_operator.py
[2026-05-09T18:58:35.851+0000] {processor.py:840} INFO - DAG(s) 'example_subdag_operator.section-1', 'example_subdag_operator.section-2', 'example_subdag_operator' retrieved from /home/airflow/.local/lib/python3.12/site-packages/airflow/example_dags/example_subdag_operator.py
[2026-05-09T18:58:35.871+0000] {logging_mixin.py:188} INFO - [2026-05-09T18:58:35.871+0000] {dag.py:3096} INFO - Sync 3 DAGs
[2026-05-09T18:58:35.897+0000] {logging_mixin.py:188} INFO - [2026-05-09T18:58:35.897+0000] {dag.py:3954} INFO - Setting next_dagrun for example_subdag_operator to 2022-01-01 00:00:00+00:00, run_after=2022-01-01 00:00:00+00:00
[2026-05-09T18:58:35.902+0000] {logging_mixin.py:188} INFO - [2026-05-09T18:58:35.902+0000] {dag.py:3954} INFO - Setting next_dagrun for example_subdag_operator.section-1 to None, run_after=None
[2026-05-09T18:58:35.905+0000] {logging_mixin.py:188} INFO - [2026-05-09T18:58:35.904+0000] {dag.py:3954} INFO - Setting next_dagrun for example_subdag_operator.section-2 to None, run_after=None
[2026-05-09T18:58:35.915+0000] {logging_mixin.py:188} INFO - [2026-05-09T18:58:35.915+0000] {dag.py:3096} INFO - Sync 2 DAGs
[2026-05-09T18:58:35.922+0000] {logging_mixin.py:188} INFO - [2026-05-09T18:58:35.922+0000] {dag.py:3954} INFO - Setting next_dagrun for example_subdag_operator.section-1 to None, run_after=None
[2026-05-09T18:58:35.923+0000] {logging_mixin.py:188} INFO - [2026-05-09T18:58:35.923+0000] {dag.py:3954} INFO - Setting next_dagrun for example_subdag_operator.section-2 to None, run_after=None
[2026-05-09T18:58:35.942+0000] {processor.py:183} INFO - Processing /home/airflow/.local/lib/python3.12/site-packages/airflow/example_dags/example_subdag_operator.py took 0.135 seconds
[2026-05-09T18:59:06.007+0000] {processor.py:161} INFO - Started process (PID=894) to work on /home/airflow/.local/lib/python3.12/site-packages/airflow/example_dags/example_subdag_operator.py
[2026-05-09T18:59:06.008+0000] {processor.py:830} INFO - Processing file /home/airflow/.local/lib/python3.12/site-packages/airflow/example_dags/example_subdag_operator.py for tasks to queue
[2026-05-09T18:59:06.010+0000] {logging_mixin.py:188} INFO - [2026-05-09T18:59:06.010+0000] {dagbag.py:545} INFO - Filling up the DagBag from /home/airflow/.local/lib/python3.12/site-packages/airflow/example_dags/example_subdag_operator.py
[2026-05-09T18:59:06.034+0000] {processor.py:840} INFO - DAG(s) 'example_subdag_operator.section-1', 'example_subdag_operator.section-2', 'example_subdag_operator' retrieved from /home/airflow/.local/lib/python3.12/site-packages/airflow/example_dags/example_subdag_operator.py
[2026-05-09T18:59:06.050+0000] {logging_mixin.py:188} INFO - [2026-05-09T18:59:06.049+0000] {dag.py:3096} INFO - Sync 3 DAGs
[2026-05-09T18:59:06.071+0000] {logging_mixin.py:188} INFO - [2026-05-09T18:59:06.071+0000] {dag.py:3954} INFO - Setting next_dagrun for example_subdag_operator to 2022-01-01 00:00:00+00:00, run_after=2022-01-01 00:00:00+00:00
[2026-05-09T18:59:06.077+0000] {logging_mixin.py:188} INFO - [2026-05-09T18:59:06.076+0000] {dag.py:3954} INFO - Setting next_dagrun for example_subdag_operator.section-1 to None, run_after=None
[2026-05-09T18:59:06.079+0000] {logging_mixin.py:188} INFO - [2026-05-09T18:59:06.079+0000] {dag.py:3954} INFO - Setting next_dagrun for example_subdag_operator.section-2 to None, run_after=None
[2026-05-09T18:59:06.087+0000] {logging_mixin.py:188} INFO - [2026-05-09T18:59:06.087+0000] {dag.py:3096} INFO - Sync 2 DAGs
[2026-05-09T18:59:06.093+0000] {logging_mixin.py:188} INFO - [2026-05-09T18:59:06.093+0000] {dag.py:3954} INFO - Setting next_dagrun for example_subdag_operator.section-1 to None, run_after=None
[2026-05-09T18:59:06.094+0000] {logging_mixin.py:188} INFO - [2026-05-09T18:59:06.093+0000] {dag.py:3954} INFO - Setting next_dagrun for example_subdag_operator.section-2 to None, run_after=None
[2026-05-09T18:59:06.110+0000] {processor.py:183} INFO - Processing /home/airflow/.local/lib/python3.12/site-packages/airflow/example_dags/example_subdag_operator.py took 0.108 seconds
[2026-05-09T18:59:36.293+0000] {processor.py:161} INFO - Started process (PID=953) to work on /home/airflow/.local/lib/python3.12/site-packages/airflow/example_dags/example_subdag_operator.py
[2026-05-09T18:59:36.295+0000] {processor.py:830} INFO - Processing file /home/airflow/.local/lib/python3.12/site-packages/airflow/example_dags/example_subdag_operator.py for tasks to queue
[2026-05-09T18:59:36.297+0000] {logging_mixin.py:188} INFO - [2026-05-09T18:59:36.296+0000] {dagbag.py:545} INFO - Filling up the DagBag from /home/airflow/.local/lib/python3.12/site-packages/airflow/example_dags/example_subdag_operator.py
[2026-05-09T18:59:36.324+0000] {processor.py:840} INFO - DAG(s) 'example_subdag_operator.section-1', 'example_subdag_operator.section-2', 'example_subdag_operator' retrieved from /home/airflow/.local/lib/python3.12/site-packages/airflow/example_dags/example_subdag_operator.py
[2026-05-09T18:59:36.340+0000] {logging_mixin.py:188} INFO - [2026-05-09T18:59:36.340+0000] {dag.py:3096} INFO - Sync 3 DAGs
[2026-05-09T18:59:36.361+0000] {logging_mixin.py:188} INFO - [2026-05-09T18:59:36.361+0000] {dag.py:3954} INFO - Setting next_dagrun for example_subdag_operator to 2022-01-01 00:00:00+00:00, run_after=2022-01-01 00:00:00+00:00
[2026-05-09T18:59:36.366+0000] {logging_mixin.py:188} INFO - [2026-05-09T18:59:36.366+0000] {dag.py:3954} INFO - Setting next_dagrun for example_subdag_operator.section-1 to None, run_after=None
[2026-05-09T18:59:36.368+0000] {logging_mixin.py:188} INFO - [2026-05-09T18:59:36.368+0000] {dag.py:3954} INFO - Setting next_dagrun for example_subdag_operator.section-2 to None, run_after=None
[2026-05-09T18:59:36.375+0000] {logging_mixin.py:188} INFO - [2026-05-09T18:59:36.375+0000] {dag.py:3096} INFO - Sync 2 DAGs
[2026-05-09T18:59:36.380+0000] {logging_mixin.py:188} INFO - [2026-05-09T18:59:36.380+0000] {dag.py:3954} INFO - Setting next_dagrun for example_subdag_operator.section-1 to None, run_after=None
[2026-05-09T18:59:36.382+0000] {logging_mixin.py:188} INFO - [2026-05-09T18:59:36.381+0000] {dag.py:3954} INFO - Setting next_dagrun for example_subdag_operator.section-2 to None, run_after=None
[2026-05-09T18:59:36.398+0000] {processor.py:183} INFO - Processing /home/airflow/.local/lib/python3.12/site-packages/airflow/example_dags/example_subdag_operator.py took 0.110 seconds
[2026-05-09T19:00:07.180+0000] {processor.py:161} INFO - Started process (PID=1012) to work on /home/airflow/.local/lib/python3.12/site-packages/airflow/example_dags/example_subdag_operator.py
[2026-05-09T19:00:07.182+0000] {processor.py:830} INFO - Processing file /home/airflow/.local/lib/python3.12/site-packages/airflow/example_dags/example_subdag_operator.py for tasks to queue
[2026-05-09T19:00:07.184+0000] {logging_mixin.py:188} INFO - [2026-05-09T19:00:07.183+0000] {dagbag.py:545} INFO - Filling up the DagBag from /home/airflow/.local/lib/python3.12/site-packages/airflow/example_dags/example_subdag_operator.py
[2026-05-09T19:00:07.207+0000] {processor.py:840} INFO - DAG(s) 'example_subdag_operator.section-1', 'example_subdag_operator.section-2', 'example_subdag_operator' retrieved from /home/airflow/.local/lib/python3.12/site-packages/airflow/example_dags/example_subdag_operator.py
[2026-05-09T19:00:07.222+0000] {logging_mixin.py:188} INFO - [2026-05-09T19:00:07.222+0000] {dag.py:3096} INFO - Sync 3 DAGs
[2026-05-09T19:00:07.244+0000] {logging_mixin.py:188} INFO - [2026-05-09T19:00:07.244+0000] {dag.py:3954} INFO - Setting next_dagrun for example_subdag_operator to 2022-01-01 00:00:00+00:00, run_after=2022-01-01 00:00:00+00:00
[2026-05-09T19:00:07.250+0000] {logging_mixin.py:188} INFO - [2026-05-09T19:00:07.249+0000] {dag.py:3954} INFO - Setting next_dagrun for example_subdag_operator.section-1 to None, run_after=None
[2026-05-09T19:00:07.252+0000] {logging_mixin.py:188} INFO - [2026-05-09T19:00:07.251+0000] {dag.py:3954} INFO - Setting next_dagrun for example_subdag_operator.section-2 to None, run_after=None
[2026-05-09T19:00:07.260+0000] {logging_mixin.py:188} INFO - [2026-05-09T19:00:07.260+0000] {dag.py:3096} INFO - Sync 2 DAGs
[2026-05-09T19:00:07.266+0000] {logging_mixin.py:188} INFO - [2026-05-09T19:00:07.266+0000] {dag.py:3954} INFO - Setting next_dagrun for example_subdag_operator.section-1 to None, run_after=None
[2026-05-09T19:00:07.267+0000] {logging_mixin.py:188} INFO - [2026-05-09T19:00:07.267+0000] {dag.py:3954} INFO - Setting next_dagrun for example_subdag_operator.section-2 to None, run_after=None
[2026-05-09T19:00:07.286+0000] {processor.py:183} INFO - Processing /home/airflow/.local/lib/python3.12/site-packages/airflow/example_dags/example_subdag_operator.py took 0.111 seconds
[2026-05-09T19:00:37.952+0000] {processor.py:161} INFO - Started process (PID=1071) to work on /home/airflow/.local/lib/python3.12/site-packages/airflow/example_dags/example_subdag_operator.py
[2026-05-09T19:00:37.953+0000] {processor.py:830} INFO - Processing file /home/airflow/.local/lib/python3.12/site-packages/airflow/example_dags/example_subdag_operator.py for tasks to queue
[2026-05-09T19:00:37.956+0000] {logging_mixin.py:188} INFO - [2026-05-09T19:00:37.955+0000] {dagbag.py:545} INFO - Filling up the DagBag from /home/airflow/.local/lib/python3.12/site-packages/airflow/example_dags/example_subdag_operator.py
[2026-05-09T19:00:37.981+0000] {processor.py:840} INFO - DAG(s) 'example_subdag_operator.section-1', 'example_subdag_operator.section-2', 'example_subdag_operator' retrieved from /home/airflow/.local/lib/python3.12/site-packages/airflow/example_dags/example_subdag_operator.py
[2026-05-09T19:00:38.000+0000] {logging_mixin.py:188} INFO - [2026-05-09T19:00:38.000+0000] {dag.py:3096} INFO - Sync 3 DAGs
[2026-05-09T19:00:38.023+0000] {logging_mixin.py:188} INFO - [2026-05-09T19:00:38.023+0000] {dag.py:3954} INFO - Setting next_dagrun for example_subdag_operator to 2022-01-01 00:00:00+00:00, run_after=2022-01-01 00:00:00+00:00
[2026-05-09T19:00:38.028+0000] {logging_mixin.py:188} INFO - [2026-05-09T19:00:38.027+0000] {dag.py:3954} INFO - Setting next_dagrun for example_subdag_operator.section-1 to None, run_after=None
[2026-05-09T19:00:38.030+0000] {logging_mixin.py:188} INFO - [2026-05-09T19:00:38.029+0000] {dag.py:3954} INFO - Setting next_dagrun for example_subdag_operator.section-2 to None, run_after=None
[2026-05-09T19:00:38.039+0000] {logging_mixin.py:188} INFO - [2026-05-09T19:00:38.039+0000] {dag.py:3096} INFO - Sync 2 DAGs
[2026-05-09T19:00:38.045+0000] {logging_mixin.py:188} INFO - [2026-05-09T19:00:38.045+0000] {dag.py:3954} INFO - Setting next_dagrun for example_subdag_operator.section-1 to None, run_after=None
[2026-05-09T19:00:38.046+0000] {logging_mixin.py:188} INFO - [2026-05-09T19:00:38.046+0000] {dag.py:3954} INFO - Setting next_dagrun for example_subdag_operator.section-2 to None, run_after=None
[2026-05-09T19:00:38.062+0000] {processor.py:183} INFO - Processing /home/airflow/.local/lib/python3.12/site-packages/airflow/example_dags/example_subdag_operator.py took 0.115 seconds
[2026-05-09T19:01:08.504+0000] {processor.py:161} INFO - Started process (PID=1130) to work on /home/airflow/.local/lib/python3.12/site-packages/airflow/example_dags/example_subdag_operator.py
[2026-05-09T19:01:08.505+0000] {processor.py:830} INFO - Processing file /home/airflow/.local/lib/python3.12/site-packages/airflow/example_dags/example_subdag_operator.py for tasks to queue
[2026-05-09T19:01:08.508+0000] {logging_mixin.py:188} INFO - [2026-05-09T19:01:08.507+0000] {dagbag.py:545} INFO - Filling up the DagBag from /home/airflow/.local/lib/python3.12/site-packages/airflow/example_dags/example_subdag_operator.py
[2026-05-09T19:01:08.538+0000] {processor.py:840} INFO - DAG(s) 'example_subdag_operator.section-1', 'example_subdag_operator.section-2', 'example_subdag_operator' retrieved from /home/airflow/.local/lib/python3.12/site-packages/airflow/example_dags/example_subdag_operator.py
[2026-05-09T19:01:08.555+0000] {logging_mixin.py:188} INFO - [2026-05-09T19:01:08.555+0000] {dag.py:3096} INFO - Sync 3 DAGs
[2026-05-09T19:01:08.583+0000] {logging_mixin.py:188} INFO - [2026-05-09T19:01:08.582+0000] {dag.py:3954} INFO - Setting next_dagrun for example_subdag_operator to 2022-01-01 00:00:00+00:00, run_after=2022-01-01 00:00:00+00:00
[2026-05-09T19:01:08.588+0000] {logging_mixin.py:188} INFO - [2026-05-09T19:01:08.587+0000] {dag.py:3954} INFO - Setting next_dagrun for example_subdag_operator.section-1 to None, run_after=None
[2026-05-09T19:01:08.589+0000] {logging_mixin.py:188} INFO - [2026-05-09T19:01:08.589+0000] {dag.py:3954} INFO - Setting next_dagrun for example_subdag_operator.section-2 to None, run_after=None
[2026-05-09T19:01:08.597+0000] {logging_mixin.py:188} INFO - [2026-05-09T19:01:08.597+0000] {dag.py:3096} INFO - Sync 2 DAGs
[2026-05-09T19:01:08.604+0000] {logging_mixin.py:188} INFO - [2026-05-09T19:01:08.604+0000] {dag.py:3954} INFO - Setting next_dagrun for example_subdag_operator.section-1 to None, run_after=None
[2026-05-09T19:01:08.605+0000] {logging_mixin.py:188} INFO - [2026-05-09T19:01:08.604+0000] {dag.py:3954} INFO - Setting next_dagrun for example_subdag_operator.section-2 to None, run_after=None
[2026-05-09T19:01:08.620+0000] {processor.py:183} INFO - Processing /home/airflow/.local/lib/python3.12/site-packages/airflow/example_dags/example_subdag_operator.py took 0.122 seconds
[2026-05-09T19:01:38.885+0000] {processor.py:161} INFO - Started process (PID=1189) to work on /home/airflow/.local/lib/python3.12/site-packages/airflow/example_dags/example_subdag_operator.py
[2026-05-09T19:01:38.887+0000] {processor.py:830} INFO - Processing file /home/airflow/.local/lib/python3.12/site-packages/airflow/example_dags/example_subdag_operator.py for tasks to queue
[2026-05-09T19:01:38.890+0000] {logging_mixin.py:188} INFO - [2026-05-09T19:01:38.890+0000] {dagbag.py:545} INFO - Filling up the DagBag from /home/airflow/.local/lib/python3.12/site-packages/airflow/example_dags/example_subdag_operator.py
[2026-05-09T19:01:38.917+0000] {processor.py:840} INFO - DAG(s) 'example_subdag_operator.section-1', 'example_subdag_operator.section-2', 'example_subdag_operator' retrieved from /home/airflow/.local/lib/python3.12/site-packages/airflow/example_dags/example_subdag_operator.py
[2026-05-09T19:01:38.936+0000] {logging_mixin.py:188} INFO - [2026-05-09T19:01:38.936+0000] {dag.py:3096} INFO - Sync 3 DAGs
[2026-05-09T19:01:38.961+0000] {logging_mixin.py:188} INFO - [2026-05-09T19:01:38.960+0000] {dag.py:3954} INFO - Setting next_dagrun for example_subdag_operator to 2022-01-01 00:00:00+00:00, run_after=2022-01-01 00:00:00+00:00
[2026-05-09T19:01:38.967+0000] {logging_mixin.py:188} INFO - [2026-05-09T19:01:38.966+0000] {dag.py:3954} INFO - Setting next_dagrun for example_subdag_operator.section-1 to None, run_after=None
[2026-05-09T19:01:38.970+0000] {logging_mixin.py:188} INFO - [2026-05-09T19:01:38.969+0000] {dag.py:3954} INFO - Setting next_dagrun for example_subdag_operator.section-2 to None, run_after=None
[2026-05-09T19:01:38.981+0000] {logging_mixin.py:188} INFO - [2026-05-09T19:01:38.981+0000] {dag.py:3096} INFO - Sync 2 DAGs
[2026-05-09T19:01:38.990+0000] {logging_mixin.py:188} INFO - [2026-05-09T19:01:38.990+0000] {dag.py:3954} INFO - Setting next_dagrun for example_subdag_operator.section-1 to None, run_after=None
[2026-05-09T19:01:38.992+0000] {logging_mixin.py:188} INFO - [2026-05-09T19:01:38.992+0000] {dag.py:3954} INFO - Setting next_dagrun for example_subdag_operator.section-2 to None, run_after=None
[2026-05-09T19:01:39.012+0000] {processor.py:183} INFO - Processing /home/airflow/.local/lib/python3.12/site-packages/airflow/example_dags/example_subdag_operator.py took 0.132 seconds
[2026-05-09T19:02:09.280+0000] {processor.py:161} INFO - Started process (PID=1242) to work on /home/airflow/.local/lib/python3.12/site-packages/airflow/example_dags/example_subdag_operator.py
[2026-05-09T19:02:09.281+0000] {processor.py:830} INFO - Processing file /home/airflow/.local/lib/python3.12/site-packages/airflow/example_dags/example_subdag_operator.py for tasks to queue
[2026-05-09T19:02:09.283+0000] {logging_mixin.py:188} INFO - [2026-05-09T19:02:09.283+0000] {dagbag.py:545} INFO - Filling up the DagBag from /home/airflow/.local/lib/python3.12/site-packages/airflow/example_dags/example_subdag_operator.py
[2026-05-09T19:02:09.308+0000] {processor.py:840} INFO - DAG(s) 'example_subdag_operator.section-1', 'example_subdag_operator.section-2', 'example_subdag_operator' retrieved from /home/airflow/.local/lib/python3.12/site-packages/airflow/example_dags/example_subdag_operator.py
[2026-05-09T19:02:09.326+0000] {logging_mixin.py:188} INFO - [2026-05-09T19:02:09.325+0000] {dag.py:3096} INFO - Sync 3 DAGs
[2026-05-09T19:02:09.348+0000] {logging_mixin.py:188} INFO - [2026-05-09T19:02:09.348+0000] {dag.py:3954} INFO - Setting next_dagrun for example_subdag_operator to 2022-01-01 00:00:00+00:00, run_after=2022-01-01 00:00:00+00:00
[2026-05-09T19:02:09.352+0000] {logging_mixin.py:188} INFO - [2026-05-09T19:02:09.352+0000] {dag.py:3954} INFO - Setting next_dagrun for example_subdag_operator.section-1 to None, run_after=None
[2026-05-09T19:02:09.354+0000] {logging_mixin.py:188} INFO - [2026-05-09T19:02:09.354+0000] {dag.py:3954} INFO - Setting next_dagrun for example_subdag_operator.section-2 to None, run_after=None
[2026-05-09T19:02:09.362+0000] {logging_mixin.py:188} INFO - [2026-05-09T19:02:09.362+0000] {dag.py:3096} INFO - Sync 2 DAGs
[2026-05-09T19:02:09.369+0000] {logging_mixin.py:188} INFO - [2026-05-09T19:02:09.368+0000] {dag.py:3954} INFO - Setting next_dagrun for example_subdag_operator.section-1 to None, run_after=None
[2026-05-09T19:02:09.369+0000] {logging_mixin.py:188} INFO - [2026-05-09T19:02:09.369+0000] {dag.py:3954} INFO - Setting next_dagrun for example_subdag_operator.section-2 to None, run_after=None
[2026-05-09T19:02:09.384+0000] {processor.py:183} INFO - Processing /home/airflow/.local/lib/python3.12/site-packages/airflow/example_dags/example_subdag_operator.py took 0.110 seconds
[2026-05-09T19:02:39.755+0000] {processor.py:161} INFO - Started process (PID=1301) to work on /home/airflow/.local/lib/python3.12/site-packages/airflow/example_dags/example_subdag_operator.py
[2026-05-09T19:02:39.756+0000] {processor.py:830} INFO - Processing file /home/airflow/.local/lib/python3.12/site-packages/airflow/example_dags/example_subdag_operator.py for tasks to queue
[2026-05-09T19:02:39.758+0000] {logging_mixin.py:188} INFO - [2026-05-09T19:02:39.758+0000] {dagbag.py:545} INFO - Filling up the DagBag from /home/airflow/.local/lib/python3.12/site-packages/airflow/example_dags/example_subdag_operator.py
[2026-05-09T19:02:39.789+0000] {processor.py:840} INFO - DAG(s) 'example_subdag_operator.section-1', 'example_subdag_operator.section-2', 'example_subdag_operator' retrieved from /home/airflow/.local/lib/python3.12/site-packages/airflow/example_dags/example_subdag_operator.py
[2026-05-09T19:02:39.810+0000] {logging_mixin.py:188} INFO - [2026-05-09T19:02:39.810+0000] {dag.py:3096} INFO - Sync 3 DAGs
[2026-05-09T19:02:39.839+0000] {logging_mixin.py:188} INFO - [2026-05-09T19:02:39.838+0000] {dag.py:3954} INFO - Setting next_dagrun for example_subdag_operator to 2022-01-01 00:00:00+00:00, run_after=2022-01-01 00:00:00+00:00
[2026-05-09T19:02:39.845+0000] {logging_mixin.py:188} INFO - [2026-05-09T19:02:39.845+0000] {dag.py:3954} INFO - Setting next_dagrun for example_subdag_operator.section-1 to None, run_after=None
[2026-05-09T19:02:39.847+0000] {logging_mixin.py:188} INFO - [2026-05-09T19:02:39.847+0000] {dag.py:3954} INFO - Setting next_dagrun for example_subdag_operator.section-2 to None, run_after=None
[2026-05-09T19:02:39.860+0000] {logging_mixin.py:188} INFO - [2026-05-09T19:02:39.859+0000] {dag.py:3096} INFO - Sync 2 DAGs
[2026-05-09T19:02:39.868+0000] {logging_mixin.py:188} INFO - [2026-05-09T19:02:39.868+0000] {dag.py:3954} INFO - Setting next_dagrun for example_subdag_operator.section-1 to None, run_after=None
[2026-05-09T19:02:39.870+0000] {logging_mixin.py:188} INFO - [2026-05-09T19:02:39.869+0000] {dag.py:3954} INFO - Setting next_dagrun for example_subdag_operator.section-2 to None, run_after=None
[2026-05-09T19:02:39.892+0000] {processor.py:183} INFO - Processing /home/airflow/.local/lib/python3.12/site-packages/airflow/example_dags/example_subdag_operator.py took 0.143 seconds
[2026-05-09T19:03:09.929+0000] {processor.py:161} INFO - Started process (PID=1360) to work on /home/airflow/.local/lib/python3.12/site-packages/airflow/example_dags/example_subdag_operator.py
[2026-05-09T19:03:09.930+0000] {processor.py:830} INFO - Processing file /home/airflow/.local/lib/python3.12/site-packages/airflow/example_dags/example_subdag_operator.py for tasks to queue
[2026-05-09T19:03:09.932+0000] {logging_mixin.py:188} INFO - [2026-05-09T19:03:09.931+0000] {dagbag.py:545} INFO - Filling up the DagBag from /home/airflow/.local/lib/python3.12/site-packages/airflow/example_dags/example_subdag_operator.py
[2026-05-09T19:03:09.954+0000] {processor.py:840} INFO - DAG(s) 'example_subdag_operator.section-1', 'example_subdag_operator.section-2', 'example_subdag_operator' retrieved from /home/airflow/.local/lib/python3.12/site-packages/airflow/example_dags/example_subdag_operator.py
[2026-05-09T19:03:09.970+0000] {logging_mixin.py:188} INFO - [2026-05-09T19:03:09.970+0000] {dag.py:3096} INFO - Sync 3 DAGs
[2026-05-09T19:03:09.992+0000] {logging_mixin.py:188} INFO - [2026-05-09T19:03:09.992+0000] {dag.py:3954} INFO - Setting next_dagrun for example_subdag_operator to 2022-01-01 00:00:00+00:00, run_after=2022-01-01 00:00:00+00:00
[2026-05-09T19:03:09.996+0000] {logging_mixin.py:188} INFO - [2026-05-09T19:03:09.996+0000] {dag.py:3954} INFO - Setting next_dagrun for example_subdag_operator.section-1 to None, run_after=None
[2026-05-09T19:03:09.998+0000] {logging_mixin.py:188} INFO - [2026-05-09T19:03:09.998+0000] {dag.py:3954} INFO - Setting next_dagrun for example_subdag_operator.section-2 to None, run_after=None
[2026-05-09T19:03:10.006+0000] {logging_mixin.py:188} INFO - [2026-05-09T19:03:10.005+0000] {dag.py:3096} INFO - Sync 2 DAGs
[2026-05-09T19:03:10.011+0000] {logging_mixin.py:188} INFO - [2026-05-09T19:03:10.011+0000] {dag.py:3954} INFO - Setting next_dagrun for example_subdag_operator.section-1 to None, run_after=None
[2026-05-09T19:03:10.012+0000] {logging_mixin.py:188} INFO - [2026-05-09T19:03:10.012+0000] {dag.py:3954} INFO - Setting next_dagrun for example_subdag_operator.section-2 to None, run_after=None
[2026-05-09T19:03:10.025+0000] {processor.py:183} INFO - Processing /home/airflow/.local/lib/python3.12/site-packages/airflow/example_dags/example_subdag_operator.py took 0.102 seconds
[2026-05-09T19:03:40.868+0000] {processor.py:161} INFO - Started process (PID=1419) to work on /home/airflow/.local/lib/python3.12/site-packages/airflow/example_dags/example_subdag_operator.py
[2026-05-09T19:03:40.869+0000] {processor.py:830} INFO - Processing file /home/airflow/.local/lib/python3.12/site-packages/airflow/example_dags/example_subdag_operator.py for tasks to queue
[2026-05-09T19:03:40.872+0000] {logging_mixin.py:188} INFO - [2026-05-09T19:03:40.871+0000] {dagbag.py:545} INFO - Filling up the DagBag from /home/airflow/.local/lib/python3.12/site-packages/airflow/example_dags/example_subdag_operator.py
[2026-05-09T19:03:40.898+0000] {processor.py:840} INFO - DAG(s) 'example_subdag_operator.section-1', 'example_subdag_operator.section-2', 'example_subdag_operator' retrieved from /home/airflow/.local/lib/python3.12/site-packages/airflow/example_dags/example_subdag_operator.py
[2026-05-09T19:03:40.916+0000] {logging_mixin.py:188} INFO - [2026-05-09T19:03:40.915+0000] {dag.py:3096} INFO - Sync 3 DAGs
[2026-05-09T19:03:40.939+0000] {logging_mixin.py:188} INFO - [2026-05-09T19:03:40.939+0000] {dag.py:3954} INFO - Setting next_dagrun for example_subdag_operator to 2022-01-01 00:00:00+00:00, run_after=2022-01-01 00:00:00+00:00
[2026-05-09T19:03:40.944+0000] {logging_mixin.py:188} INFO - [2026-05-09T19:03:40.944+0000] {dag.py:3954} INFO - Setting next_dagrun for example_subdag_operator.section-1 to None, run_after=None
[2026-05-09T19:03:40.947+0000] {logging_mixin.py:188} INFO - [2026-05-09T19:03:40.946+0000] {dag.py:3954} INFO - Setting next_dagrun for example_subdag_operator.section-2 to None, run_after=None
[2026-05-09T19:03:40.955+0000] {logging_mixin.py:188} INFO - [2026-05-09T19:03:40.954+0000] {dag.py:3096} INFO - Sync 2 DAGs
[2026-05-09T19:03:40.961+0000] {logging_mixin.py:188} INFO - [2026-05-09T19:03:40.961+0000] {dag.py:3954} INFO - Setting next_dagrun for example_subdag_operator.section-1 to None, run_after=None
[2026-05-09T19:03:40.961+0000] {logging_mixin.py:188} INFO - [2026-05-09T19:03:40.961+0000] {dag.py:3954} INFO - Setting next_dagrun for example_subdag_operator.section-2 to None, run_after=None
[2026-05-09T19:03:40.977+0000] {processor.py:183} INFO - Processing /home/airflow/.local/lib/python3.12/site-packages/airflow/example_dags/example_subdag_operator.py took 0.115 seconds
[2026-05-09T19:04:11.332+0000] {processor.py:161} INFO - Started process (PID=1478) to work on /home/airflow/.local/lib/python3.12/site-packages/airflow/example_dags/example_subdag_operator.py
[2026-05-09T19:04:11.333+0000] {processor.py:830} INFO - Processing file /home/airflow/.local/lib/python3.12/site-packages/airflow/example_dags/example_subdag_operator.py for tasks to queue
[2026-05-09T19:04:11.336+0000] {logging_mixin.py:188} INFO - [2026-05-09T19:04:11.335+0000] {dagbag.py:545} INFO - Filling up the DagBag from /home/airflow/.local/lib/python3.12/site-packages/airflow/example_dags/example_subdag_operator.py
[2026-05-09T19:04:11.360+0000] {processor.py:840} INFO - DAG(s) 'example_subdag_operator.section-1', 'example_subdag_operator.section-2', 'example_subdag_operator' retrieved from /home/airflow/.local/lib/python3.12/site-packages/airflow/example_dags/example_subdag_operator.py
[2026-05-09T19:04:11.376+0000] {logging_mixin.py:188} INFO - [2026-05-09T19:04:11.376+0000] {dag.py:3096} INFO - Sync 3 DAGs
[2026-05-09T19:04:11.398+0000] {logging_mixin.py:188} INFO - [2026-05-09T19:04:11.398+0000] {dag.py:3954} INFO - Setting next_dagrun for example_subdag_operator to 2022-01-01 00:00:00+00:00, run_after=2022-01-01 00:00:00+00:00
[2026-05-09T19:04:11.402+0000] {logging_mixin.py:188} INFO - [2026-05-09T19:04:11.402+0000] {dag.py:3954} INFO - Setting next_dagrun for example_subdag_operator.section-1 to None, run_after=None
[2026-05-09T19:04:11.404+0000] {logging_mixin.py:188} INFO - [2026-05-09T19:04:11.404+0000] {dag.py:3954} INFO - Setting next_dagrun for example_subdag_operator.section-2 to None, run_after=None
[2026-05-09T19:04:11.412+0000] {logging_mixin.py:188} INFO - [2026-05-09T19:04:11.411+0000] {dag.py:3096} INFO - Sync 2 DAGs
[2026-05-09T19:04:11.418+0000] {logging_mixin.py:188} INFO - [2026-05-09T19:04:11.417+0000] {dag.py:3954} INFO - Setting next_dagrun for example_subdag_operator.section-1 to None, run_after=None
[2026-05-09T19:04:11.419+0000] {logging_mixin.py:188} INFO - [2026-05-09T19:04:11.418+0000] {dag.py:3954} INFO - Setting next_dagrun for example_subdag_operator.section-2 to None, run_after=None
[2026-05-09T19:04:11.433+0000] {processor.py:183} INFO - Processing /home/airflow/.local/lib/python3.12/site-packages/airflow/example_dags/example_subdag_operator.py took 0.107 seconds
[2026-05-09T19:04:41.926+0000] {processor.py:161} INFO - Started process (PID=1537) to work on /home/airflow/.local/lib/python3.12/site-packages/airflow/example_dags/example_subdag_operator.py
[2026-05-09T19:04:41.927+0000] {processor.py:830} INFO - Processing file /home/airflow/.local/lib/python3.12/site-packages/airflow/example_dags/example_subdag_operator.py for tasks to queue
[2026-05-09T19:04:41.929+0000] {logging_mixin.py:188} INFO - [2026-05-09T19:04:41.929+0000] {dagbag.py:545} INFO - Filling up the DagBag from /home/airflow/.local/lib/python3.12/site-packages/airflow/example_dags/example_subdag_operator.py
[2026-05-09T19:04:41.956+0000] {processor.py:840} INFO - DAG(s) 'example_subdag_operator.section-1', 'example_subdag_operator.section-2', 'example_subdag_operator' retrieved from /home/airflow/.local/lib/python3.12/site-packages/airflow/example_dags/example_subdag_operator.py
[2026-05-09T19:04:41.973+0000] {logging_mixin.py:188} INFO - [2026-05-09T19:04:41.973+0000] {dag.py:3096} INFO - Sync 3 DAGs
[2026-05-09T19:04:41.997+0000] {logging_mixin.py:188} INFO - [2026-05-09T19:04:41.997+0000] {dag.py:3954} INFO - Setting next_dagrun for example_subdag_operator to 2022-01-01 00:00:00+00:00, run_after=2022-01-01 00:00:00+00:00
[2026-05-09T19:04:42.002+0000] {logging_mixin.py:188} INFO - [2026-05-09T19:04:42.002+0000] {dag.py:3954} INFO - Setting next_dagrun for example_subdag_operator.section-1 to None, run_after=None
[2026-05-09T19:04:42.004+0000] {logging_mixin.py:188} INFO - [2026-05-09T19:04:42.004+0000] {dag.py:3954} INFO - Setting next_dagrun for example_subdag_operator.section-2 to None, run_after=None
[2026-05-09T19:04:42.013+0000] {logging_mixin.py:188} INFO - [2026-05-09T19:04:42.013+0000] {dag.py:3096} INFO - Sync 2 DAGs
[2026-05-09T19:04:42.020+0000] {logging_mixin.py:188} INFO - [2026-05-09T19:04:42.020+0000] {dag.py:3954} INFO - Setting next_dagrun for example_subdag_operator.section-1 to None, run_after=None
[2026-05-09T19:04:42.021+0000] {logging_mixin.py:188} INFO - [2026-05-09T19:04:42.021+0000] {dag.py:3954} INFO - Setting next_dagrun for example_subdag_operator.section-2 to None, run_after=None
[2026-05-09T19:04:42.040+0000] {processor.py:183} INFO - Processing /home/airflow/.local/lib/python3.12/site-packages/airflow/example_dags/example_subdag_operator.py took 0.120 seconds
[2026-05-09T19:05:12.217+0000] {processor.py:161} INFO - Started process (PID=1596) to work on /home/airflow/.local/lib/python3.12/site-packages/airflow/example_dags/example_subdag_operator.py
[2026-05-09T19:05:12.219+0000] {processor.py:830} INFO - Processing file /home/airflow/.local/lib/python3.12/site-packages/airflow/example_dags/example_subdag_operator.py for tasks to queue
[2026-05-09T19:05:12.222+0000] {logging_mixin.py:188} INFO - [2026-05-09T19:05:12.221+0000] {dagbag.py:545} INFO - Filling up the DagBag from /home/airflow/.local/lib/python3.12/site-packages/airflow/example_dags/example_subdag_operator.py
[2026-05-09T19:05:12.247+0000] {processor.py:840} INFO - DAG(s) 'example_subdag_operator.section-1', 'example_subdag_operator.section-2', 'example_subdag_operator' retrieved from /home/airflow/.local/lib/python3.12/site-packages/airflow/example_dags/example_subdag_operator.py
[2026-05-09T19:05:12.266+0000] {logging_mixin.py:188} INFO - [2026-05-09T19:05:12.266+0000] {dag.py:3096} INFO - Sync 3 DAGs
[2026-05-09T19:05:12.293+0000] {logging_mixin.py:188} INFO - [2026-05-09T19:05:12.293+0000] {dag.py:3954} INFO - Setting next_dagrun for example_subdag_operator to 2022-01-01 00:00:00+00:00, run_after=2022-01-01 00:00:00+00:00
[2026-05-09T19:05:12.297+0000] {logging_mixin.py:188} INFO - [2026-05-09T19:05:12.297+0000] {dag.py:3954} INFO - Setting next_dagrun for example_subdag_operator.section-1 to None, run_after=None
[2026-05-09T19:05:12.300+0000] {logging_mixin.py:188} INFO - [2026-05-09T19:05:12.300+0000] {dag.py:3954} INFO - Setting next_dagrun for example_subdag_operator.section-2 to None, run_after=None
[2026-05-09T19:05:12.310+0000] {logging_mixin.py:188} INFO - [2026-05-09T19:05:12.309+0000] {dag.py:3096} INFO - Sync 2 DAGs
[2026-05-09T19:05:12.319+0000] {logging_mixin.py:188} INFO - [2026-05-09T19:05:12.318+0000] {dag.py:3954} INFO - Setting next_dagrun for example_subdag_operator.section-1 to None, run_after=None
[2026-05-09T19:05:12.320+0000] {logging_mixin.py:188} INFO - [2026-05-09T19:05:12.319+0000] {dag.py:3954} INFO - Setting next_dagrun for example_subdag_operator.section-2 to None, run_after=None
[2026-05-09T19:05:12.339+0000] {processor.py:183} INFO - Processing /home/airflow/.local/lib/python3.12/site-packages/airflow/example_dags/example_subdag_operator.py took 0.128 seconds
[2026-05-09T19:05:42.531+0000] {processor.py:161} INFO - Started process (PID=1655) to work on /home/airflow/.local/lib/python3.12/site-packages/airflow/example_dags/example_subdag_operator.py
[2026-05-09T19:05:42.532+0000] {processor.py:830} INFO - Processing file /home/airflow/.local/lib/python3.12/site-packages/airflow/example_dags/example_subdag_operator.py for tasks to queue
[2026-05-09T19:05:42.534+0000] {logging_mixin.py:188} INFO - [2026-05-09T19:05:42.534+0000] {dagbag.py:545} INFO - Filling up the DagBag from /home/airflow/.local/lib/python3.12/site-packages/airflow/example_dags/example_subdag_operator.py
[2026-05-09T19:05:42.561+0000] {processor.py:840} INFO - DAG(s) 'example_subdag_operator.section-1', 'example_subdag_operator.section-2', 'example_subdag_operator' retrieved from /home/airflow/.local/lib/python3.12/site-packages/airflow/example_dags/example_subdag_operator.py
[2026-05-09T19:05:42.578+0000] {logging_mixin.py:188} INFO - [2026-05-09T19:05:42.578+0000] {dag.py:3096} INFO - Sync 3 DAGs
[2026-05-09T19:05:42.601+0000] {logging_mixin.py:188} INFO - [2026-05-09T19:05:42.601+0000] {dag.py:3954} INFO - Setting next_dagrun for example_subdag_operator to 2022-01-01 00:00:00+00:00, run_after=2022-01-01 00:00:00+00:00
[2026-05-09T19:05:42.605+0000] {logging_mixin.py:188} INFO - [2026-05-09T19:05:42.605+0000] {dag.py:3954} INFO - Setting next_dagrun for example_subdag_operator.section-1 to None, run_after=None
[2026-05-09T19:05:42.608+0000] {logging_mixin.py:188} INFO - [2026-05-09T19:05:42.607+0000] {dag.py:3954} INFO - Setting next_dagrun for example_subdag_operator.section-2 to None, run_after=None
[2026-05-09T19:05:42.616+0000] {logging_mixin.py:188} INFO - [2026-05-09T19:05:42.616+0000] {dag.py:3096} INFO - Sync 2 DAGs
[2026-05-09T19:05:42.623+0000] {logging_mixin.py:188} INFO - [2026-05-09T19:05:42.623+0000] {dag.py:3954} INFO - Setting next_dagrun for example_subdag_operator.section-1 to None, run_after=None
[2026-05-09T19:05:42.624+0000] {logging_mixin.py:188} INFO - [2026-05-09T19:05:42.624+0000] {dag.py:3954} INFO - Setting next_dagrun for example_subdag_operator.section-2 to None, run_after=None
[2026-05-09T19:05:42.642+0000] {processor.py:183} INFO - Processing /home/airflow/.local/lib/python3.12/site-packages/airflow/example_dags/example_subdag_operator.py took 0.117 seconds
[2026-05-09T19:06:12.827+0000] {processor.py:161} INFO - Started process (PID=1714) to work on /home/airflow/.local/lib/python3.12/site-packages/airflow/example_dags/example_subdag_operator.py
[2026-05-09T19:06:12.829+0000] {processor.py:830} INFO - Processing file /home/airflow/.local/lib/python3.12/site-packages/airflow/example_dags/example_subdag_operator.py for tasks to queue
[2026-05-09T19:06:12.833+0000] {logging_mixin.py:188} INFO - [2026-05-09T19:06:12.832+0000] {dagbag.py:545} INFO - Filling up the DagBag from /home/airflow/.local/lib/python3.12/site-packages/airflow/example_dags/example_subdag_operator.py
[2026-05-09T19:06:12.873+0000] {processor.py:840} INFO - DAG(s) 'example_subdag_operator.section-1', 'example_subdag_operator.section-2', 'example_subdag_operator' retrieved from /home/airflow/.local/lib/python3.12/site-packages/airflow/example_dags/example_subdag_operator.py
[2026-05-09T19:06:12.897+0000] {logging_mixin.py:188} INFO - [2026-05-09T19:06:12.897+0000] {dag.py:3096} INFO - Sync 3 DAGs
[2026-05-09T19:06:12.927+0000] {logging_mixin.py:188} INFO - [2026-05-09T19:06:12.926+0000] {dag.py:3954} INFO - Setting next_dagrun for example_subdag_operator to 2022-01-01 00:00:00+00:00, run_after=2022-01-01 00:00:00+00:00
[2026-05-09T19:06:12.933+0000] {logging_mixin.py:188} INFO - [2026-05-09T19:06:12.932+0000] {dag.py:3954} INFO - Setting next_dagrun for example_subdag_operator.section-1 to None, run_after=None
[2026-05-09T19:06:12.935+0000] {logging_mixin.py:188} INFO - [2026-05-09T19:06:12.935+0000] {dag.py:3954} INFO - Setting next_dagrun for example_subdag_operator.section-2 to None, run_after=None
[2026-05-09T19:06:12.947+0000] {logging_mixin.py:188} INFO - [2026-05-09T19:06:12.947+0000] {dag.py:3096} INFO - Sync 2 DAGs
[2026-05-09T19:06:12.955+0000] {logging_mixin.py:188} INFO - [2026-05-09T19:06:12.954+0000] {dag.py:3954} INFO - Setting next_dagrun for example_subdag_operator.section-1 to None, run_after=None
[2026-05-09T19:06:12.956+0000] {logging_mixin.py:188} INFO - [2026-05-09T19:06:12.955+0000] {dag.py:3954} INFO - Setting next_dagrun for example_subdag_operator.section-2 to None, run_after=None
[2026-05-09T19:06:12.977+0000] {processor.py:183} INFO - Processing /home/airflow/.local/lib/python3.12/site-packages/airflow/example_dags/example_subdag_operator.py took 0.159 seconds
[2026-05-09T19:06:43.180+0000] {processor.py:161} INFO - Started process (PID=1773) to work on /home/airflow/.local/lib/python3.12/site-packages/airflow/example_dags/example_subdag_operator.py
[2026-05-09T19:06:43.181+0000] {processor.py:830} INFO - Processing file /home/airflow/.local/lib/python3.12/site-packages/airflow/example_dags/example_subdag_operator.py for tasks to queue
[2026-05-09T19:06:43.184+0000] {logging_mixin.py:188} INFO - [2026-05-09T19:06:43.183+0000] {dagbag.py:545} INFO - Filling up the DagBag from /home/airflow/.local/lib/python3.12/site-packages/airflow/example_dags/example_subdag_operator.py
[2026-05-09T19:06:43.213+0000] {processor.py:840} INFO - DAG(s) 'example_subdag_operator.section-1', 'example_subdag_operator.section-2', 'example_subdag_operator' retrieved from /home/airflow/.local/lib/python3.12/site-packages/airflow/example_dags/example_subdag_operator.py
[2026-05-09T19:06:43.231+0000] {logging_mixin.py:188} INFO - [2026-05-09T19:06:43.231+0000] {dag.py:3096} INFO - Sync 3 DAGs
[2026-05-09T19:06:43.254+0000] {logging_mixin.py:188} INFO - [2026-05-09T19:06:43.254+0000] {dag.py:3954} INFO - Setting next_dagrun for example_subdag_operator to 2022-01-01 00:00:00+00:00, run_after=2022-01-01 00:00:00+00:00
[2026-05-09T19:06:43.259+0000] {logging_mixin.py:188} INFO - [2026-05-09T19:06:43.259+0000] {dag.py:3954} INFO - Setting next_dagrun for example_subdag_operator.section-1 to None, run_after=None
[2026-05-09T19:06:43.262+0000] {logging_mixin.py:188} INFO - [2026-05-09T19:06:43.261+0000] {dag.py:3954} INFO - Setting next_dagrun for example_subdag_operator.section-2 to None, run_after=None
[2026-05-09T19:06:43.270+0000] {logging_mixin.py:188} INFO - [2026-05-09T19:06:43.270+0000] {dag.py:3096} INFO - Sync 2 DAGs
[2026-05-09T19:06:43.277+0000] {logging_mixin.py:188} INFO - [2026-05-09T19:06:43.277+0000] {dag.py:3954} INFO - Setting next_dagrun for example_subdag_operator.section-1 to None, run_after=None
[2026-05-09T19:06:43.278+0000] {logging_mixin.py:188} INFO - [2026-05-09T19:06:43.278+0000] {dag.py:3954} INFO - Setting next_dagrun for example_subdag_operator.section-2 to None, run_after=None
[2026-05-09T19:06:43.297+0000] {processor.py:183} INFO - Processing /home/airflow/.local/lib/python3.12/site-packages/airflow/example_dags/example_subdag_operator.py took 0.123 seconds
[2026-05-09T19:07:14.313+0000] {processor.py:161} INFO - Started process (PID=1832) to work on /home/airflow/.local/lib/python3.12/site-packages/airflow/example_dags/example_subdag_operator.py
[2026-05-09T19:07:14.314+0000] {processor.py:830} INFO - Processing file /home/airflow/.local/lib/python3.12/site-packages/airflow/example_dags/example_subdag_operator.py for tasks to queue
[2026-05-09T19:07:14.316+0000] {logging_mixin.py:188} INFO - [2026-05-09T19:07:14.316+0000] {dagbag.py:545} INFO - Filling up the DagBag from /home/airflow/.local/lib/python3.12/site-packages/airflow/example_dags/example_subdag_operator.py
[2026-05-09T19:07:14.343+0000] {processor.py:840} INFO - DAG(s) 'example_subdag_operator.section-1', 'example_subdag_operator.section-2', 'example_subdag_operator' retrieved from /home/airflow/.local/lib/python3.12/site-packages/airflow/example_dags/example_subdag_operator.py
[2026-05-09T19:07:14.363+0000] {logging_mixin.py:188} INFO - [2026-05-09T19:07:14.362+0000] {dag.py:3096} INFO - Sync 3 DAGs
[2026-05-09T19:07:14.389+0000] {logging_mixin.py:188} INFO - [2026-05-09T19:07:14.389+0000] {dag.py:3954} INFO - Setting next_dagrun for example_subdag_operator to 2022-01-01 00:00:00+00:00, run_after=2022-01-01 00:00:00+00:00
[2026-05-09T19:07:14.394+0000] {logging_mixin.py:188} INFO - [2026-05-09T19:07:14.394+0000] {dag.py:3954} INFO - Setting next_dagrun for example_subdag_operator.section-1 to None, run_after=None
[2026-05-09T19:07:14.396+0000] {logging_mixin.py:188} INFO - [2026-05-09T19:07:14.396+0000] {dag.py:3954} INFO - Setting next_dagrun for example_subdag_operator.section-2 to None, run_after=None
[2026-05-09T19:07:14.404+0000] {logging_mixin.py:188} INFO - [2026-05-09T19:07:14.404+0000] {dag.py:3096} INFO - Sync 2 DAGs
[2026-05-09T19:07:14.411+0000] {logging_mixin.py:188} INFO - [2026-05-09T19:07:14.411+0000] {dag.py:3954} INFO - Setting next_dagrun for example_subdag_operator.section-1 to None, run_after=None
[2026-05-09T19:07:14.412+0000] {logging_mixin.py:188} INFO - [2026-05-09T19:07:14.411+0000] {dag.py:3954} INFO - Setting next_dagrun for example_subdag_operator.section-2 to None, run_after=None
[2026-05-09T19:07:14.428+0000] {processor.py:183} INFO - Processing /home/airflow/.local/lib/python3.12/site-packages/airflow/example_dags/example_subdag_operator.py took 0.121 seconds
[2026-05-09T19:07:44.615+0000] {processor.py:161} INFO - Started process (PID=1891) to work on /home/airflow/.local/lib/python3.12/site-packages/airflow/example_dags/example_subdag_operator.py
[2026-05-09T19:07:44.617+0000] {processor.py:830} INFO - Processing file /home/airflow/.local/lib/python3.12/site-packages/airflow/example_dags/example_subdag_operator.py for tasks to queue
[2026-05-09T19:07:44.619+0000] {logging_mixin.py:188} INFO - [2026-05-09T19:07:44.619+0000] {dagbag.py:545} INFO - Filling up the DagBag from /home/airflow/.local/lib/python3.12/site-packages/airflow/example_dags/example_subdag_operator.py
[2026-05-09T19:07:44.645+0000] {processor.py:840} INFO - DAG(s) 'example_subdag_operator.section-1', 'example_subdag_operator.section-2', 'example_subdag_operator' retrieved from /home/airflow/.local/lib/python3.12/site-packages/airflow/example_dags/example_subdag_operator.py
[2026-05-09T19:07:44.662+0000] {logging_mixin.py:188} INFO - [2026-05-09T19:07:44.661+0000] {dag.py:3096} INFO - Sync 3 DAGs
[2026-05-09T19:07:44.685+0000] {logging_mixin.py:188} INFO - [2026-05-09T19:07:44.684+0000] {dag.py:3954} INFO - Setting next_dagrun for example_subdag_operator to 2022-01-01 00:00:00+00:00, run_after=2022-01-01 00:00:00+00:00
[2026-05-09T19:07:44.689+0000] {logging_mixin.py:188} INFO - [2026-05-09T19:07:44.689+0000] {dag.py:3954} INFO - Setting next_dagrun for example_subdag_operator.section-1 to None, run_after=None
[2026-05-09T19:07:44.691+0000] {logging_mixin.py:188} INFO - [2026-05-09T19:07:44.691+0000] {dag.py:3954} INFO - Setting next_dagrun for example_subdag_operator.section-2 to None, run_after=None
[2026-05-09T19:07:44.700+0000] {logging_mixin.py:188} INFO - [2026-05-09T19:07:44.699+0000] {dag.py:3096} INFO - Sync 2 DAGs
[2026-05-09T19:07:44.706+0000] {logging_mixin.py:188} INFO - [2026-05-09T19:07:44.705+0000] {dag.py:3954} INFO - Setting next_dagrun for example_subdag_operator.section-1 to None, run_after=None
[2026-05-09T19:07:44.707+0000] {logging_mixin.py:188} INFO - [2026-05-09T19:07:44.706+0000] {dag.py:3954} INFO - Setting next_dagrun for example_subdag_operator.section-2 to None, run_after=None
[2026-05-09T19:07:44.722+0000] {processor.py:183} INFO - Processing /home/airflow/.local/lib/python3.12/site-packages/airflow/example_dags/example_subdag_operator.py took 0.113 seconds
[2026-05-09T19:08:15.255+0000] {processor.py:161} INFO - Started process (PID=1950) to work on /home/airflow/.local/lib/python3.12/site-packages/airflow/example_dags/example_subdag_operator.py
[2026-05-09T19:08:15.256+0000] {processor.py:830} INFO - Processing file /home/airflow/.local/lib/python3.12/site-packages/airflow/example_dags/example_subdag_operator.py for tasks to queue
[2026-05-09T19:08:15.258+0000] {logging_mixin.py:188} INFO - [2026-05-09T19:08:15.258+0000] {dagbag.py:545} INFO - Filling up the DagBag from /home/airflow/.local/lib/python3.12/site-packages/airflow/example_dags/example_subdag_operator.py
[2026-05-09T19:08:15.280+0000] {processor.py:840} INFO - DAG(s) 'example_subdag_operator.section-1', 'example_subdag_operator.section-2', 'example_subdag_operator' retrieved from /home/airflow/.local/lib/python3.12/site-packages/airflow/example_dags/example_subdag_operator.py
[2026-05-09T19:08:15.294+0000] {logging_mixin.py:188} INFO - [2026-05-09T19:08:15.294+0000] {dag.py:3096} INFO - Sync 3 DAGs
[2026-05-09T19:08:15.315+0000] {logging_mixin.py:188} INFO - [2026-05-09T19:08:15.315+0000] {dag.py:3954} INFO - Setting next_dagrun for example_subdag_operator to 2022-01-01 00:00:00+00:00, run_after=2022-01-01 00:00:00+00:00
[2026-05-09T19:08:15.319+0000] {logging_mixin.py:188} INFO - [2026-05-09T19:08:15.319+0000] {dag.py:3954} INFO - Setting next_dagrun for example_subdag_operator.section-1 to None, run_after=None
[2026-05-09T19:08:15.321+0000] {logging_mixin.py:188} INFO - [2026-05-09T19:08:15.320+0000] {dag.py:3954} INFO - Setting next_dagrun for example_subdag_operator.section-2 to None, run_after=None
[2026-05-09T19:08:15.329+0000] {logging_mixin.py:188} INFO - [2026-05-09T19:08:15.328+0000] {dag.py:3096} INFO - Sync 2 DAGs
[2026-05-09T19:08:15.334+0000] {logging_mixin.py:188} INFO - [2026-05-09T19:08:15.334+0000] {dag.py:3954} INFO - Setting next_dagrun for example_subdag_operator.section-1 to None, run_after=None
[2026-05-09T19:08:15.335+0000] {logging_mixin.py:188} INFO - [2026-05-09T19:08:15.335+0000] {dag.py:3954} INFO - Setting next_dagrun for example_subdag_operator.section-2 to None, run_after=None
[2026-05-09T19:08:15.348+0000] {processor.py:183} INFO - Processing /home/airflow/.local/lib/python3.12/site-packages/airflow/example_dags/example_subdag_operator.py took 0.098 seconds
[2026-05-09T19:08:45.486+0000] {processor.py:161} INFO - Started process (PID=2009) to work on /home/airflow/.local/lib/python3.12/site-packages/airflow/example_dags/example_subdag_operator.py
[2026-05-09T19:08:45.488+0000] {processor.py:830} INFO - Processing file /home/airflow/.local/lib/python3.12/site-packages/airflow/example_dags/example_subdag_operator.py for tasks to queue
[2026-05-09T19:08:45.490+0000] {logging_mixin.py:188} INFO - [2026-05-09T19:08:45.490+0000] {dagbag.py:545} INFO - Filling up the DagBag from /home/airflow/.local/lib/python3.12/site-packages/airflow/example_dags/example_subdag_operator.py
[2026-05-09T19:08:45.518+0000] {processor.py:840} INFO - DAG(s) 'example_subdag_operator.section-1', 'example_subdag_operator.section-2', 'example_subdag_operator' retrieved from /home/airflow/.local/lib/python3.12/site-packages/airflow/example_dags/example_subdag_operator.py
[2026-05-09T19:08:45.535+0000] {logging_mixin.py:188} INFO - [2026-05-09T19:08:45.534+0000] {dag.py:3096} INFO - Sync 3 DAGs
[2026-05-09T19:08:45.557+0000] {logging_mixin.py:188} INFO - [2026-05-09T19:08:45.557+0000] {dag.py:3954} INFO - Setting next_dagrun for example_subdag_operator to 2022-01-01 00:00:00+00:00, run_after=2022-01-01 00:00:00+00:00
[2026-05-09T19:08:45.562+0000] {logging_mixin.py:188} INFO - [2026-05-09T19:08:45.561+0000] {dag.py:3954} INFO - Setting next_dagrun for example_subdag_operator.section-1 to None, run_after=None
[2026-05-09T19:08:45.564+0000] {logging_mixin.py:188} INFO - [2026-05-09T19:08:45.564+0000] {dag.py:3954} INFO - Setting next_dagrun for example_subdag_operator.section-2 to None, run_after=None
[2026-05-09T19:08:45.572+0000] {logging_mixin.py:188} INFO - [2026-05-09T19:08:45.571+0000] {dag.py:3096} INFO - Sync 2 DAGs
[2026-05-09T19:08:45.578+0000] {logging_mixin.py:188} INFO - [2026-05-09T19:08:45.578+0000] {dag.py:3954} INFO - Setting next_dagrun for example_subdag_operator.section-1 to None, run_after=None
[2026-05-09T19:08:45.579+0000] {logging_mixin.py:188} INFO - [2026-05-09T19:08:45.579+0000] {dag.py:3954} INFO - Setting next_dagrun for example_subdag_operator.section-2 to None, run_after=None
[2026-05-09T19:08:45.595+0000] {processor.py:183} INFO - Processing /home/airflow/.local/lib/python3.12/site-packages/airflow/example_dags/example_subdag_operator.py took 0.114 seconds
[2026-05-09T19:09:15.871+0000] {processor.py:161} INFO - Started process (PID=2068) to work on /home/airflow/.local/lib/python3.12/site-packages/airflow/example_dags/example_subdag_operator.py
[2026-05-09T19:09:15.872+0000] {processor.py:830} INFO - Processing file /home/airflow/.local/lib/python3.12/site-packages/airflow/example_dags/example_subdag_operator.py for tasks to queue
[2026-05-09T19:09:15.874+0000] {logging_mixin.py:188} INFO - [2026-05-09T19:09:15.874+0000] {dagbag.py:545} INFO - Filling up the DagBag from /home/airflow/.local/lib/python3.12/site-packages/airflow/example_dags/example_subdag_operator.py
[2026-05-09T19:09:15.900+0000] {processor.py:840} INFO - DAG(s) 'example_subdag_operator.section-1', 'example_subdag_operator.section-2', 'example_subdag_operator' retrieved from /home/airflow/.local/lib/python3.12/site-packages/airflow/example_dags/example_subdag_operator.py
[2026-05-09T19:09:15.916+0000] {logging_mixin.py:188} INFO - [2026-05-09T19:09:15.916+0000] {dag.py:3096} INFO - Sync 3 DAGs
[2026-05-09T19:09:15.939+0000] {logging_mixin.py:188} INFO - [2026-05-09T19:09:15.939+0000] {dag.py:3954} INFO - Setting next_dagrun for example_subdag_operator to 2022-01-01 00:00:00+00:00, run_after=2022-01-01 00:00:00+00:00
[2026-05-09T19:09:15.943+0000] {logging_mixin.py:188} INFO - [2026-05-09T19:09:15.943+0000] {dag.py:3954} INFO - Setting next_dagrun for example_subdag_operator.section-1 to None, run_after=None
[2026-05-09T19:09:15.946+0000] {logging_mixin.py:188} INFO - [2026-05-09T19:09:15.945+0000] {dag.py:3954} INFO - Setting next_dagrun for example_subdag_operator.section-2 to None, run_after=None
[2026-05-09T19:09:15.954+0000] {logging_mixin.py:188} INFO - [2026-05-09T19:09:15.953+0000] {dag.py:3096} INFO - Sync 2 DAGs
[2026-05-09T19:09:15.959+0000] {logging_mixin.py:188} INFO - [2026-05-09T19:09:15.959+0000] {dag.py:3954} INFO - Setting next_dagrun for example_subdag_operator.section-1 to None, run_after=None
[2026-05-09T19:09:15.961+0000] {logging_mixin.py:188} INFO - [2026-05-09T19:09:15.960+0000] {dag.py:3954} INFO - Setting next_dagrun for example_subdag_operator.section-2 to None, run_after=None
[2026-05-09T19:09:15.977+0000] {processor.py:183} INFO - Processing /home/airflow/.local/lib/python3.12/site-packages/airflow/example_dags/example_subdag_operator.py took 0.111 seconds
[2026-05-09T19:09:46.152+0000] {processor.py:161} INFO - Started process (PID=2127) to work on /home/airflow/.local/lib/python3.12/site-packages/airflow/example_dags/example_subdag_operator.py
[2026-05-09T19:09:46.153+0000] {processor.py:830} INFO - Processing file /home/airflow/.local/lib/python3.12/site-packages/airflow/example_dags/example_subdag_operator.py for tasks to queue
[2026-05-09T19:09:46.155+0000] {logging_mixin.py:188} INFO - [2026-05-09T19:09:46.154+0000] {dagbag.py:545} INFO - Filling up the DagBag from /home/airflow/.local/lib/python3.12/site-packages/airflow/example_dags/example_subdag_operator.py
[2026-05-09T19:09:46.183+0000] {processor.py:840} INFO - DAG(s) 'example_subdag_operator.section-1', 'example_subdag_operator.section-2', 'example_subdag_operator' retrieved from /home/airflow/.local/lib/python3.12/site-packages/airflow/example_dags/example_subdag_operator.py
[2026-05-09T19:09:46.200+0000] {logging_mixin.py:188} INFO - [2026-05-09T19:09:46.200+0000] {dag.py:3096} INFO - Sync 3 DAGs
[2026-05-09T19:09:46.225+0000] {logging_mixin.py:188} INFO - [2026-05-09T19:09:46.224+0000] {dag.py:3954} INFO - Setting next_dagrun for example_subdag_operator to 2022-01-01 00:00:00+00:00, run_after=2022-01-01 00:00:00+00:00
[2026-05-09T19:09:46.229+0000] {logging_mixin.py:188} INFO - [2026-05-09T19:09:46.229+0000] {dag.py:3954} INFO - Setting next_dagrun for example_subdag_operator.section-1 to None, run_after=None
[2026-05-09T19:09:46.231+0000] {logging_mixin.py:188} INFO - [2026-05-09T19:09:46.231+0000] {dag.py:3954} INFO - Setting next_dagrun for example_subdag_operator.section-2 to None, run_after=None
[2026-05-09T19:09:46.240+0000] {logging_mixin.py:188} INFO - [2026-05-09T19:09:46.240+0000] {dag.py:3096} INFO - Sync 2 DAGs
[2026-05-09T19:09:46.247+0000] {logging_mixin.py:188} INFO - [2026-05-09T19:09:46.247+0000] {dag.py:3954} INFO - Setting next_dagrun for example_subdag_operator.section-1 to None, run_after=None
[2026-05-09T19:09:46.248+0000] {logging_mixin.py:188} INFO - [2026-05-09T19:09:46.248+0000] {dag.py:3954} INFO - Setting next_dagrun for example_subdag_operator.section-2 to None, run_after=None
[2026-05-09T19:09:46.266+0000] {processor.py:183} INFO - Processing /home/airflow/.local/lib/python3.12/site-packages/airflow/example_dags/example_subdag_operator.py took 0.119 seconds
[2026-05-09T19:10:16.932+0000] {processor.py:161} INFO - Started process (PID=2186) to work on /home/airflow/.local/lib/python3.12/site-packages/airflow/example_dags/example_subdag_operator.py
[2026-05-09T19:10:16.933+0000] {processor.py:830} INFO - Processing file /home/airflow/.local/lib/python3.12/site-packages/airflow/example_dags/example_subdag_operator.py for tasks to queue
[2026-05-09T19:10:16.936+0000] {logging_mixin.py:188} INFO - [2026-05-09T19:10:16.935+0000] {dagbag.py:545} INFO - Filling up the DagBag from /home/airflow/.local/lib/python3.12/site-packages/airflow/example_dags/example_subdag_operator.py
[2026-05-09T19:10:16.965+0000] {processor.py:840} INFO - DAG(s) 'example_subdag_operator.section-1', 'example_subdag_operator.section-2', 'example_subdag_operator' retrieved from /home/airflow/.local/lib/python3.12/site-packages/airflow/example_dags/example_subdag_operator.py
[2026-05-09T19:10:16.986+0000] {logging_mixin.py:188} INFO - [2026-05-09T19:10:16.985+0000] {dag.py:3096} INFO - Sync 3 DAGs
[2026-05-09T19:10:17.012+0000] {logging_mixin.py:188} INFO - [2026-05-09T19:10:17.012+0000] {dag.py:3954} INFO - Setting next_dagrun for example_subdag_operator to 2022-01-01 00:00:00+00:00, run_after=2022-01-01 00:00:00+00:00
[2026-05-09T19:10:17.017+0000] {logging_mixin.py:188} INFO - [2026-05-09T19:10:17.017+0000] {dag.py:3954} INFO - Setting next_dagrun for example_subdag_operator.section-1 to None, run_after=None
[2026-05-09T19:10:17.020+0000] {logging_mixin.py:188} INFO - [2026-05-09T19:10:17.020+0000] {dag.py:3954} INFO - Setting next_dagrun for example_subdag_operator.section-2 to None, run_after=None
[2026-05-09T19:10:17.029+0000] {logging_mixin.py:188} INFO - [2026-05-09T19:10:17.029+0000] {dag.py:3096} INFO - Sync 2 DAGs
[2026-05-09T19:10:17.035+0000] {logging_mixin.py:188} INFO - [2026-05-09T19:10:17.035+0000] {dag.py:3954} INFO - Setting next_dagrun for example_subdag_operator.section-1 to None, run_after=None
[2026-05-09T19:10:17.036+0000] {logging_mixin.py:188} INFO - [2026-05-09T19:10:17.036+0000] {dag.py:3954} INFO - Setting next_dagrun for example_subdag_operator.section-2 to None, run_after=None
[2026-05-09T19:10:17.050+0000] {processor.py:183} INFO - Processing /home/airflow/.local/lib/python3.12/site-packages/airflow/example_dags/example_subdag_operator.py took 0.125 seconds
[2026-05-09T19:10:47.240+0000] {processor.py:161} INFO - Started process (PID=2245) to work on /home/airflow/.local/lib/python3.12/site-packages/airflow/example_dags/example_subdag_operator.py
[2026-05-09T19:10:47.241+0000] {processor.py:830} INFO - Processing file /home/airflow/.local/lib/python3.12/site-packages/airflow/example_dags/example_subdag_operator.py for tasks to queue
[2026-05-09T19:10:47.244+0000] {logging_mixin.py:188} INFO - [2026-05-09T19:10:47.243+0000] {dagbag.py:545} INFO - Filling up the DagBag from /home/airflow/.local/lib/python3.12/site-packages/airflow/example_dags/example_subdag_operator.py
[2026-05-09T19:10:47.274+0000] {processor.py:840} INFO - DAG(s) 'example_subdag_operator.section-1', 'example_subdag_operator.section-2', 'example_subdag_operator' retrieved from /home/airflow/.local/lib/python3.12/site-packages/airflow/example_dags/example_subdag_operator.py
[2026-05-09T19:10:47.293+0000] {logging_mixin.py:188} INFO - [2026-05-09T19:10:47.292+0000] {dag.py:3096} INFO - Sync 3 DAGs
[2026-05-09T19:10:47.320+0000] {logging_mixin.py:188} INFO - [2026-05-09T19:10:47.319+0000] {dag.py:3954} INFO - Setting next_dagrun for example_subdag_operator to 2022-01-01 00:00:00+00:00, run_after=2022-01-01 00:00:00+00:00
[2026-05-09T19:10:47.326+0000] {logging_mixin.py:188} INFO - [2026-05-09T19:10:47.325+0000] {dag.py:3954} INFO - Setting next_dagrun for example_subdag_operator.section-1 to None, run_after=None
[2026-05-09T19:10:47.329+0000] {logging_mixin.py:188} INFO - [2026-05-09T19:10:47.328+0000] {dag.py:3954} INFO - Setting next_dagrun for example_subdag_operator.section-2 to None, run_after=None
[2026-05-09T19:10:47.338+0000] {logging_mixin.py:188} INFO - [2026-05-09T19:10:47.337+0000] {dag.py:3096} INFO - Sync 2 DAGs
[2026-05-09T19:10:47.345+0000] {logging_mixin.py:188} INFO - [2026-05-09T19:10:47.345+0000] {dag.py:3954} INFO - Setting next_dagrun for example_subdag_operator.section-1 to None, run_after=None
[2026-05-09T19:10:47.346+0000] {logging_mixin.py:188} INFO - [2026-05-09T19:10:47.346+0000] {dag.py:3954} INFO - Setting next_dagrun for example_subdag_operator.section-2 to None, run_after=None
[2026-05-09T19:10:47.365+0000] {processor.py:183} INFO - Processing /home/airflow/.local/lib/python3.12/site-packages/airflow/example_dags/example_subdag_operator.py took 0.132 seconds
[2026-05-09T19:11:18.132+0000] {processor.py:161} INFO - Started process (PID=2304) to work on /home/airflow/.local/lib/python3.12/site-packages/airflow/example_dags/example_subdag_operator.py
[2026-05-09T19:11:18.134+0000] {processor.py:830} INFO - Processing file /home/airflow/.local/lib/python3.12/site-packages/airflow/example_dags/example_subdag_operator.py for tasks to queue
[2026-05-09T19:11:18.136+0000] {logging_mixin.py:188} INFO - [2026-05-09T19:11:18.136+0000] {dagbag.py:545} INFO - Filling up the DagBag from /home/airflow/.local/lib/python3.12/site-packages/airflow/example_dags/example_subdag_operator.py
[2026-05-09T19:11:18.160+0000] {processor.py:840} INFO - DAG(s) 'example_subdag_operator.section-1', 'example_subdag_operator.section-2', 'example_subdag_operator' retrieved from /home/airflow/.local/lib/python3.12/site-packages/airflow/example_dags/example_subdag_operator.py
[2026-05-09T19:11:18.175+0000] {logging_mixin.py:188} INFO - [2026-05-09T19:11:18.175+0000] {dag.py:3096} INFO - Sync 3 DAGs
[2026-05-09T19:11:18.198+0000] {logging_mixin.py:188} INFO - [2026-05-09T19:11:18.198+0000] {dag.py:3954} INFO - Setting next_dagrun for example_subdag_operator to 2022-01-01 00:00:00+00:00, run_after=2022-01-01 00:00:00+00:00
[2026-05-09T19:11:18.202+0000] {logging_mixin.py:188} INFO - [2026-05-09T19:11:18.202+0000] {dag.py:3954} INFO - Setting next_dagrun for example_subdag_operator.section-1 to None, run_after=None
[2026-05-09T19:11:18.204+0000] {logging_mixin.py:188} INFO - [2026-05-09T19:11:18.204+0000] {dag.py:3954} INFO - Setting next_dagrun for example_subdag_operator.section-2 to None, run_after=None
[2026-05-09T19:11:18.211+0000] {logging_mixin.py:188} INFO - [2026-05-09T19:11:18.211+0000] {dag.py:3096} INFO - Sync 2 DAGs
[2026-05-09T19:11:18.217+0000] {logging_mixin.py:188} INFO - [2026-05-09T19:11:18.217+0000] {dag.py:3954} INFO - Setting next_dagrun for example_subdag_operator.section-1 to None, run_after=None
[2026-05-09T19:11:18.218+0000] {logging_mixin.py:188} INFO - [2026-05-09T19:11:18.217+0000] {dag.py:3954} INFO - Setting next_dagrun for example_subdag_operator.section-2 to None, run_after=None
[2026-05-09T19:11:18.231+0000] {processor.py:183} INFO - Processing /home/airflow/.local/lib/python3.12/site-packages/airflow/example_dags/example_subdag_operator.py took 0.104 seconds
[2026-05-09T19:11:48.637+0000] {processor.py:161} INFO - Started process (PID=2363) to work on /home/airflow/.local/lib/python3.12/site-packages/airflow/example_dags/example_subdag_operator.py
[2026-05-09T19:11:48.640+0000] {processor.py:830} INFO - Processing file /home/airflow/.local/lib/python3.12/site-packages/airflow/example_dags/example_subdag_operator.py for tasks to queue
[2026-05-09T19:11:48.646+0000] {logging_mixin.py:188} INFO - [2026-05-09T19:11:48.645+0000] {dagbag.py:545} INFO - Filling up the DagBag from /home/airflow/.local/lib/python3.12/site-packages/airflow/example_dags/example_subdag_operator.py
[2026-05-09T19:11:48.693+0000] {processor.py:840} INFO - DAG(s) 'example_subdag_operator.section-1', 'example_subdag_operator.section-2', 'example_subdag_operator' retrieved from /home/airflow/.local/lib/python3.12/site-packages/airflow/example_dags/example_subdag_operator.py
[2026-05-09T19:11:48.719+0000] {logging_mixin.py:188} INFO - [2026-05-09T19:11:48.718+0000] {dag.py:3096} INFO - Sync 3 DAGs
[2026-05-09T19:11:48.767+0000] {logging_mixin.py:188} INFO - [2026-05-09T19:11:48.766+0000] {dag.py:3954} INFO - Setting next_dagrun for example_subdag_operator to 2022-01-01 00:00:00+00:00, run_after=2022-01-01 00:00:00+00:00
[2026-05-09T19:11:48.775+0000] {logging_mixin.py:188} INFO - [2026-05-09T19:11:48.775+0000] {dag.py:3954} INFO - Setting next_dagrun for example_subdag_operator.section-1 to None, run_after=None
[2026-05-09T19:11:48.779+0000] {logging_mixin.py:188} INFO - [2026-05-09T19:11:48.778+0000] {dag.py:3954} INFO - Setting next_dagrun for example_subdag_operator.section-2 to None, run_after=None
[2026-05-09T19:11:48.794+0000] {logging_mixin.py:188} INFO - [2026-05-09T19:11:48.794+0000] {dag.py:3096} INFO - Sync 2 DAGs
[2026-05-09T19:11:48.804+0000] {logging_mixin.py:188} INFO - [2026-05-09T19:11:48.804+0000] {dag.py:3954} INFO - Setting next_dagrun for example_subdag_operator.section-1 to None, run_after=None
[2026-05-09T19:11:48.806+0000] {logging_mixin.py:188} INFO - [2026-05-09T19:11:48.805+0000] {dag.py:3954} INFO - Setting next_dagrun for example_subdag_operator.section-2 to None, run_after=None
[2026-05-09T19:11:48.833+0000] {processor.py:183} INFO - Processing /home/airflow/.local/lib/python3.12/site-packages/airflow/example_dags/example_subdag_operator.py took 0.207 seconds
[2026-05-09T19:12:19.526+0000] {processor.py:161} INFO - Started process (PID=2422) to work on /home/airflow/.local/lib/python3.12/site-packages/airflow/example_dags/example_subdag_operator.py
[2026-05-09T19:12:19.528+0000] {processor.py:830} INFO - Processing file /home/airflow/.local/lib/python3.12/site-packages/airflow/example_dags/example_subdag_operator.py for tasks to queue
[2026-05-09T19:12:19.530+0000] {logging_mixin.py:188} INFO - [2026-05-09T19:12:19.530+0000] {dagbag.py:545} INFO - Filling up the DagBag from /home/airflow/.local/lib/python3.12/site-packages/airflow/example_dags/example_subdag_operator.py
[2026-05-09T19:12:19.557+0000] {processor.py:840} INFO - DAG(s) 'example_subdag_operator.section-1', 'example_subdag_operator.section-2', 'example_subdag_operator' retrieved from /home/airflow/.local/lib/python3.12/site-packages/airflow/example_dags/example_subdag_operator.py
[2026-05-09T19:12:19.573+0000] {logging_mixin.py:188} INFO - [2026-05-09T19:12:19.573+0000] {dag.py:3096} INFO - Sync 3 DAGs
[2026-05-09T19:12:19.597+0000] {logging_mixin.py:188} INFO - [2026-05-09T19:12:19.596+0000] {dag.py:3954} INFO - Setting next_dagrun for example_subdag_operator to 2022-01-01 00:00:00+00:00, run_after=2022-01-01 00:00:00+00:00
[2026-05-09T19:12:19.601+0000] {logging_mixin.py:188} INFO - [2026-05-09T19:12:19.601+0000] {dag.py:3954} INFO - Setting next_dagrun for example_subdag_operator.section-1 to None, run_after=None
[2026-05-09T19:12:19.603+0000] {logging_mixin.py:188} INFO - [2026-05-09T19:12:19.603+0000] {dag.py:3954} INFO - Setting next_dagrun for example_subdag_operator.section-2 to None, run_after=None
[2026-05-09T19:12:19.613+0000] {logging_mixin.py:188} INFO - [2026-05-09T19:12:19.612+0000] {dag.py:3096} INFO - Sync 2 DAGs
[2026-05-09T19:12:19.621+0000] {logging_mixin.py:188} INFO - [2026-05-09T19:12:19.621+0000] {dag.py:3954} INFO - Setting next_dagrun for example_subdag_operator.section-1 to None, run_after=None
[2026-05-09T19:12:19.622+0000] {logging_mixin.py:188} INFO - [2026-05-09T19:12:19.622+0000] {dag.py:3954} INFO - Setting next_dagrun for example_subdag_operator.section-2 to None, run_after=None
[2026-05-09T19:12:19.644+0000] {processor.py:183} INFO - Processing /home/airflow/.local/lib/python3.12/site-packages/airflow/example_dags/example_subdag_operator.py took 0.123 seconds
[2026-05-09T19:12:50.069+0000] {processor.py:161} INFO - Started process (PID=2481) to work on /home/airflow/.local/lib/python3.12/site-packages/airflow/example_dags/example_subdag_operator.py
[2026-05-09T19:12:50.070+0000] {processor.py:830} INFO - Processing file /home/airflow/.local/lib/python3.12/site-packages/airflow/example_dags/example_subdag_operator.py for tasks to queue
[2026-05-09T19:12:50.072+0000] {logging_mixin.py:188} INFO - [2026-05-09T19:12:50.071+0000] {dagbag.py:545} INFO - Filling up the DagBag from /home/airflow/.local/lib/python3.12/site-packages/airflow/example_dags/example_subdag_operator.py
[2026-05-09T19:12:50.096+0000] {processor.py:840} INFO - DAG(s) 'example_subdag_operator.section-1', 'example_subdag_operator.section-2', 'example_subdag_operator' retrieved from /home/airflow/.local/lib/python3.12/site-packages/airflow/example_dags/example_subdag_operator.py
[2026-05-09T19:12:50.114+0000] {logging_mixin.py:188} INFO - [2026-05-09T19:12:50.113+0000] {dag.py:3096} INFO - Sync 3 DAGs
[2026-05-09T19:12:50.145+0000] {logging_mixin.py:188} INFO - [2026-05-09T19:12:50.144+0000] {dag.py:3954} INFO - Setting next_dagrun for example_subdag_operator to 2022-01-01 00:00:00+00:00, run_after=2022-01-01 00:00:00+00:00
[2026-05-09T19:12:50.149+0000] {logging_mixin.py:188} INFO - [2026-05-09T19:12:50.149+0000] {dag.py:3954} INFO - Setting next_dagrun for example_subdag_operator.section-1 to None, run_after=None
[2026-05-09T19:12:50.151+0000] {logging_mixin.py:188} INFO - [2026-05-09T19:12:50.151+0000] {dag.py:3954} INFO - Setting next_dagrun for example_subdag_operator.section-2 to None, run_after=None
[2026-05-09T19:12:50.159+0000] {logging_mixin.py:188} INFO - [2026-05-09T19:12:50.159+0000] {dag.py:3096} INFO - Sync 2 DAGs
[2026-05-09T19:12:50.165+0000] {logging_mixin.py:188} INFO - [2026-05-09T19:12:50.165+0000] {dag.py:3954} INFO - Setting next_dagrun for example_subdag_operator.section-1 to None, run_after=None
[2026-05-09T19:12:50.166+0000] {logging_mixin.py:188} INFO - [2026-05-09T19:12:50.166+0000] {dag.py:3954} INFO - Setting next_dagrun for example_subdag_operator.section-2 to None, run_after=None
[2026-05-09T19:12:50.185+0000] {processor.py:183} INFO - Processing /home/airflow/.local/lib/python3.12/site-packages/airflow/example_dags/example_subdag_operator.py took 0.122 seconds
[2026-05-09T19:13:20.350+0000] {processor.py:161} INFO - Started process (PID=2540) to work on /home/airflow/.local/lib/python3.12/site-packages/airflow/example_dags/example_subdag_operator.py
[2026-05-09T19:13:20.351+0000] {processor.py:830} INFO - Processing file /home/airflow/.local/lib/python3.12/site-packages/airflow/example_dags/example_subdag_operator.py for tasks to queue
[2026-05-09T19:13:20.353+0000] {logging_mixin.py:188} INFO - [2026-05-09T19:13:20.353+0000] {dagbag.py:545} INFO - Filling up the DagBag from /home/airflow/.local/lib/python3.12/site-packages/airflow/example_dags/example_subdag_operator.py
[2026-05-09T19:13:20.377+0000] {processor.py:840} INFO - DAG(s) 'example_subdag_operator.section-1', 'example_subdag_operator.section-2', 'example_subdag_operator' retrieved from /home/airflow/.local/lib/python3.12/site-packages/airflow/example_dags/example_subdag_operator.py
[2026-05-09T19:13:20.393+0000] {logging_mixin.py:188} INFO - [2026-05-09T19:13:20.393+0000] {dag.py:3096} INFO - Sync 3 DAGs
[2026-05-09T19:13:20.414+0000] {logging_mixin.py:188} INFO - [2026-05-09T19:13:20.414+0000] {dag.py:3954} INFO - Setting next_dagrun for example_subdag_operator to 2022-01-01 00:00:00+00:00, run_after=2022-01-01 00:00:00+00:00
[2026-05-09T19:13:20.419+0000] {logging_mixin.py:188} INFO - [2026-05-09T19:13:20.419+0000] {dag.py:3954} INFO - Setting next_dagrun for example_subdag_operator.section-1 to None, run_after=None
[2026-05-09T19:13:20.421+0000] {logging_mixin.py:188} INFO - [2026-05-09T19:13:20.421+0000] {dag.py:3954} INFO - Setting next_dagrun for example_subdag_operator.section-2 to None, run_after=None
[2026-05-09T19:13:20.430+0000] {logging_mixin.py:188} INFO - [2026-05-09T19:13:20.430+0000] {dag.py:3096} INFO - Sync 2 DAGs
[2026-05-09T19:13:20.438+0000] {logging_mixin.py:188} INFO - [2026-05-09T19:13:20.438+0000] {dag.py:3954} INFO - Setting next_dagrun for example_subdag_operator.section-1 to None, run_after=None
[2026-05-09T19:13:20.440+0000] {logging_mixin.py:188} INFO - [2026-05-09T19:13:20.439+0000] {dag.py:3954} INFO - Setting next_dagrun for example_subdag_operator.section-2 to None, run_after=None
[2026-05-09T19:13:20.459+0000] {processor.py:183} INFO - Processing /home/airflow/.local/lib/python3.12/site-packages/airflow/example_dags/example_subdag_operator.py took 0.114 seconds
[2026-05-09T19:13:50.925+0000] {processor.py:161} INFO - Started process (PID=2599) to work on /home/airflow/.local/lib/python3.12/site-packages/airflow/example_dags/example_subdag_operator.py
[2026-05-09T19:13:50.926+0000] {processor.py:830} INFO - Processing file /home/airflow/.local/lib/python3.12/site-packages/airflow/example_dags/example_subdag_operator.py for tasks to queue
[2026-05-09T19:13:50.928+0000] {logging_mixin.py:188} INFO - [2026-05-09T19:13:50.928+0000] {dagbag.py:545} INFO - Filling up the DagBag from /home/airflow/.local/lib/python3.12/site-packages/airflow/example_dags/example_subdag_operator.py
[2026-05-09T19:13:50.951+0000] {processor.py:840} INFO - DAG(s) 'example_subdag_operator.section-1', 'example_subdag_operator.section-2', 'example_subdag_operator' retrieved from /home/airflow/.local/lib/python3.12/site-packages/airflow/example_dags/example_subdag_operator.py
[2026-05-09T19:13:50.966+0000] {logging_mixin.py:188} INFO - [2026-05-09T19:13:50.966+0000] {dag.py:3096} INFO - Sync 3 DAGs
[2026-05-09T19:13:50.989+0000] {logging_mixin.py:188} INFO - [2026-05-09T19:13:50.989+0000] {dag.py:3954} INFO - Setting next_dagrun for example_subdag_operator to 2022-01-01 00:00:00+00:00, run_after=2022-01-01 00:00:00+00:00
[2026-05-09T19:13:50.993+0000] {logging_mixin.py:188} INFO - [2026-05-09T19:13:50.993+0000] {dag.py:3954} INFO - Setting next_dagrun for example_subdag_operator.section-1 to None, run_after=None
[2026-05-09T19:13:50.995+0000] {logging_mixin.py:188} INFO - [2026-05-09T19:13:50.995+0000] {dag.py:3954} INFO - Setting next_dagrun for example_subdag_operator.section-2 to None, run_after=None
[2026-05-09T19:13:51.003+0000] {logging_mixin.py:188} INFO - [2026-05-09T19:13:51.002+0000] {dag.py:3096} INFO - Sync 2 DAGs
[2026-05-09T19:13:51.009+0000] {logging_mixin.py:188} INFO - [2026-05-09T19:13:51.008+0000] {dag.py:3954} INFO - Setting next_dagrun for example_subdag_operator.section-1 to None, run_after=None
[2026-05-09T19:13:51.009+0000] {logging_mixin.py:188} INFO - [2026-05-09T19:13:51.009+0000] {dag.py:3954} INFO - Setting next_dagrun for example_subdag_operator.section-2 to None, run_after=None
[2026-05-09T19:13:51.024+0000] {processor.py:183} INFO - Processing /home/airflow/.local/lib/python3.12/site-packages/airflow/example_dags/example_subdag_operator.py took 0.105 seconds
[2026-05-09T19:14:21.645+0000] {processor.py:161} INFO - Started process (PID=2658) to work on /home/airflow/.local/lib/python3.12/site-packages/airflow/example_dags/example_subdag_operator.py
[2026-05-09T19:14:21.646+0000] {processor.py:830} INFO - Processing file /home/airflow/.local/lib/python3.12/site-packages/airflow/example_dags/example_subdag_operator.py for tasks to queue
[2026-05-09T19:14:21.648+0000] {logging_mixin.py:188} INFO - [2026-05-09T19:14:21.648+0000] {dagbag.py:545} INFO - Filling up the DagBag from /home/airflow/.local/lib/python3.12/site-packages/airflow/example_dags/example_subdag_operator.py
[2026-05-09T19:14:21.672+0000] {processor.py:840} INFO - DAG(s) 'example_subdag_operator.section-1', 'example_subdag_operator.section-2', 'example_subdag_operator' retrieved from /home/airflow/.local/lib/python3.12/site-packages/airflow/example_dags/example_subdag_operator.py
[2026-05-09T19:14:21.688+0000] {logging_mixin.py:188} INFO - [2026-05-09T19:14:21.688+0000] {dag.py:3096} INFO - Sync 3 DAGs
[2026-05-09T19:14:21.713+0000] {logging_mixin.py:188} INFO - [2026-05-09T19:14:21.712+0000] {dag.py:3954} INFO - Setting next_dagrun for example_subdag_operator to 2022-01-01 00:00:00+00:00, run_after=2022-01-01 00:00:00+00:00
[2026-05-09T19:14:21.717+0000] {logging_mixin.py:188} INFO - [2026-05-09T19:14:21.717+0000] {dag.py:3954} INFO - Setting next_dagrun for example_subdag_operator.section-1 to None, run_after=None
[2026-05-09T19:14:21.719+0000] {logging_mixin.py:188} INFO - [2026-05-09T19:14:21.719+0000] {dag.py:3954} INFO - Setting next_dagrun for example_subdag_operator.section-2 to None, run_after=None
[2026-05-09T19:14:21.727+0000] {logging_mixin.py:188} INFO - [2026-05-09T19:14:21.727+0000] {dag.py:3096} INFO - Sync 2 DAGs
[2026-05-09T19:14:21.733+0000] {logging_mixin.py:188} INFO - [2026-05-09T19:14:21.733+0000] {dag.py:3954} INFO - Setting next_dagrun for example_subdag_operator.section-1 to None, run_after=None
[2026-05-09T19:14:21.734+0000] {logging_mixin.py:188} INFO - [2026-05-09T19:14:21.734+0000] {dag.py:3954} INFO - Setting next_dagrun for example_subdag_operator.section-2 to None, run_after=None
[2026-05-09T19:14:21.750+0000] {processor.py:183} INFO - Processing /home/airflow/.local/lib/python3.12/site-packages/airflow/example_dags/example_subdag_operator.py took 0.111 seconds
[2026-05-09T19:14:52.249+0000] {processor.py:161} INFO - Started process (PID=2717) to work on /home/airflow/.local/lib/python3.12/site-packages/airflow/example_dags/example_subdag_operator.py
[2026-05-09T19:14:52.250+0000] {processor.py:830} INFO - Processing file /home/airflow/.local/lib/python3.12/site-packages/airflow/example_dags/example_subdag_operator.py for tasks to queue
[2026-05-09T19:14:52.252+0000] {logging_mixin.py:188} INFO - [2026-05-09T19:14:52.252+0000] {dagbag.py:545} INFO - Filling up the DagBag from /home/airflow/.local/lib/python3.12/site-packages/airflow/example_dags/example_subdag_operator.py
[2026-05-09T19:14:52.276+0000] {processor.py:840} INFO - DAG(s) 'example_subdag_operator.section-1', 'example_subdag_operator.section-2', 'example_subdag_operator' retrieved from /home/airflow/.local/lib/python3.12/site-packages/airflow/example_dags/example_subdag_operator.py
[2026-05-09T19:14:52.292+0000] {logging_mixin.py:188} INFO - [2026-05-09T19:14:52.291+0000] {dag.py:3096} INFO - Sync 3 DAGs
[2026-05-09T19:14:52.314+0000] {logging_mixin.py:188} INFO - [2026-05-09T19:14:52.314+0000] {dag.py:3954} INFO - Setting next_dagrun for example_subdag_operator to 2022-01-01 00:00:00+00:00, run_after=2022-01-01 00:00:00+00:00
[2026-05-09T19:14:52.319+0000] {logging_mixin.py:188} INFO - [2026-05-09T19:14:52.318+0000] {dag.py:3954} INFO - Setting next_dagrun for example_subdag_operator.section-1 to None, run_after=None
[2026-05-09T19:14:52.321+0000] {logging_mixin.py:188} INFO - [2026-05-09T19:14:52.321+0000] {dag.py:3954} INFO - Setting next_dagrun for example_subdag_operator.section-2 to None, run_after=None
[2026-05-09T19:14:52.330+0000] {logging_mixin.py:188} INFO - [2026-05-09T19:14:52.330+0000] {dag.py:3096} INFO - Sync 2 DAGs
[2026-05-09T19:14:52.337+0000] {logging_mixin.py:188} INFO - [2026-05-09T19:14:52.336+0000] {dag.py:3954} INFO - Setting next_dagrun for example_subdag_operator.section-1 to None, run_after=None
[2026-05-09T19:14:52.337+0000] {logging_mixin.py:188} INFO - [2026-05-09T19:14:52.337+0000] {dag.py:3954} INFO - Setting next_dagrun for example_subdag_operator.section-2 to None, run_after=None
[2026-05-09T19:14:52.354+0000] {processor.py:183} INFO - Processing /home/airflow/.local/lib/python3.12/site-packages/airflow/example_dags/example_subdag_operator.py took 0.110 seconds
[2026-05-09T19:15:23.164+0000] {processor.py:161} INFO - Started process (PID=2776) to work on /home/airflow/.local/lib/python3.12/site-packages/airflow/example_dags/example_subdag_operator.py
[2026-05-09T19:15:23.165+0000] {processor.py:830} INFO - Processing file /home/airflow/.local/lib/python3.12/site-packages/airflow/example_dags/example_subdag_operator.py for tasks to queue
[2026-05-09T19:15:23.167+0000] {logging_mixin.py:188} INFO - [2026-05-09T19:15:23.167+0000] {dagbag.py:545} INFO - Filling up the DagBag from /home/airflow/.local/lib/python3.12/site-packages/airflow/example_dags/example_subdag_operator.py
[2026-05-09T19:15:23.191+0000] {processor.py:840} INFO - DAG(s) 'example_subdag_operator.section-1', 'example_subdag_operator.section-2', 'example_subdag_operator' retrieved from /home/airflow/.local/lib/python3.12/site-packages/airflow/example_dags/example_subdag_operator.py
[2026-05-09T19:15:23.207+0000] {logging_mixin.py:188} INFO - [2026-05-09T19:15:23.206+0000] {dag.py:3096} INFO - Sync 3 DAGs
[2026-05-09T19:15:23.229+0000] {logging_mixin.py:188} INFO - [2026-05-09T19:15:23.229+0000] {dag.py:3954} INFO - Setting next_dagrun for example_subdag_operator to 2022-01-01 00:00:00+00:00, run_after=2022-01-01 00:00:00+00:00
[2026-05-09T19:15:23.233+0000] {logging_mixin.py:188} INFO - [2026-05-09T19:15:23.233+0000] {dag.py:3954} INFO - Setting next_dagrun for example_subdag_operator.section-1 to None, run_after=None
[2026-05-09T19:15:23.235+0000] {logging_mixin.py:188} INFO - [2026-05-09T19:15:23.235+0000] {dag.py:3954} INFO - Setting next_dagrun for example_subdag_operator.section-2 to None, run_after=None
[2026-05-09T19:15:23.242+0000] {logging_mixin.py:188} INFO - [2026-05-09T19:15:23.242+0000] {dag.py:3096} INFO - Sync 2 DAGs
[2026-05-09T19:15:23.249+0000] {logging_mixin.py:188} INFO - [2026-05-09T19:15:23.249+0000] {dag.py:3954} INFO - Setting next_dagrun for example_subdag_operator.section-1 to None, run_after=None
[2026-05-09T19:15:23.250+0000] {logging_mixin.py:188} INFO - [2026-05-09T19:15:23.249+0000] {dag.py:3954} INFO - Setting next_dagrun for example_subdag_operator.section-2 to None, run_after=None
[2026-05-09T19:15:23.265+0000] {processor.py:183} INFO - Processing /home/airflow/.local/lib/python3.12/site-packages/airflow/example_dags/example_subdag_operator.py took 0.106 seconds
[2026-05-09T19:15:53.520+0000] {processor.py:161} INFO - Started process (PID=2835) to work on /home/airflow/.local/lib/python3.12/site-packages/airflow/example_dags/example_subdag_operator.py
[2026-05-09T19:15:53.521+0000] {processor.py:830} INFO - Processing file /home/airflow/.local/lib/python3.12/site-packages/airflow/example_dags/example_subdag_operator.py for tasks to queue
[2026-05-09T19:15:53.523+0000] {logging_mixin.py:188} INFO - [2026-05-09T19:15:53.523+0000] {dagbag.py:545} INFO - Filling up the DagBag from /home/airflow/.local/lib/python3.12/site-packages/airflow/example_dags/example_subdag_operator.py
[2026-05-09T19:15:53.548+0000] {processor.py:840} INFO - DAG(s) 'example_subdag_operator.section-1', 'example_subdag_operator.section-2', 'example_subdag_operator' retrieved from /home/airflow/.local/lib/python3.12/site-packages/airflow/example_dags/example_subdag_operator.py
[2026-05-09T19:15:53.565+0000] {logging_mixin.py:188} INFO - [2026-05-09T19:15:53.565+0000] {dag.py:3096} INFO - Sync 3 DAGs
[2026-05-09T19:15:53.590+0000] {logging_mixin.py:188} INFO - [2026-05-09T19:15:53.589+0000] {dag.py:3954} INFO - Setting next_dagrun for example_subdag_operator to 2022-01-01 00:00:00+00:00, run_after=2022-01-01 00:00:00+00:00
[2026-05-09T19:15:53.594+0000] {logging_mixin.py:188} INFO - [2026-05-09T19:15:53.594+0000] {dag.py:3954} INFO - Setting next_dagrun for example_subdag_operator.section-1 to None, run_after=None
[2026-05-09T19:15:53.596+0000] {logging_mixin.py:188} INFO - [2026-05-09T19:15:53.596+0000] {dag.py:3954} INFO - Setting next_dagrun for example_subdag_operator.section-2 to None, run_after=None
[2026-05-09T19:15:53.605+0000] {logging_mixin.py:188} INFO - [2026-05-09T19:15:53.605+0000] {dag.py:3096} INFO - Sync 2 DAGs
[2026-05-09T19:15:53.612+0000] {logging_mixin.py:188} INFO - [2026-05-09T19:15:53.612+0000] {dag.py:3954} INFO - Setting next_dagrun for example_subdag_operator.section-1 to None, run_after=None
[2026-05-09T19:15:53.613+0000] {logging_mixin.py:188} INFO - [2026-05-09T19:15:53.613+0000] {dag.py:3954} INFO - Setting next_dagrun for example_subdag_operator.section-2 to None, run_after=None
[2026-05-09T19:15:53.630+0000] {processor.py:183} INFO - Processing /home/airflow/.local/lib/python3.12/site-packages/airflow/example_dags/example_subdag_operator.py took 0.114 seconds
[2026-05-09T19:16:23.714+0000] {processor.py:161} INFO - Started process (PID=2894) to work on /home/airflow/.local/lib/python3.12/site-packages/airflow/example_dags/example_subdag_operator.py
[2026-05-09T19:16:23.715+0000] {processor.py:830} INFO - Processing file /home/airflow/.local/lib/python3.12/site-packages/airflow/example_dags/example_subdag_operator.py for tasks to queue
[2026-05-09T19:16:23.717+0000] {logging_mixin.py:188} INFO - [2026-05-09T19:16:23.717+0000] {dagbag.py:545} INFO - Filling up the DagBag from /home/airflow/.local/lib/python3.12/site-packages/airflow/example_dags/example_subdag_operator.py
[2026-05-09T19:16:23.741+0000] {processor.py:840} INFO - DAG(s) 'example_subdag_operator.section-1', 'example_subdag_operator.section-2', 'example_subdag_operator' retrieved from /home/airflow/.local/lib/python3.12/site-packages/airflow/example_dags/example_subdag_operator.py
[2026-05-09T19:16:23.756+0000] {logging_mixin.py:188} INFO - [2026-05-09T19:16:23.756+0000] {dag.py:3096} INFO - Sync 3 DAGs
[2026-05-09T19:16:23.779+0000] {logging_mixin.py:188} INFO - [2026-05-09T19:16:23.779+0000] {dag.py:3954} INFO - Setting next_dagrun for example_subdag_operator to 2022-01-01 00:00:00+00:00, run_after=2022-01-01 00:00:00+00:00
[2026-05-09T19:16:23.785+0000] {logging_mixin.py:188} INFO - [2026-05-09T19:16:23.785+0000] {dag.py:3954} INFO - Setting next_dagrun for example_subdag_operator.section-1 to None, run_after=None
[2026-05-09T19:16:23.791+0000] {logging_mixin.py:188} INFO - [2026-05-09T19:16:23.790+0000] {dag.py:3954} INFO - Setting next_dagrun for example_subdag_operator.section-2 to None, run_after=None
[2026-05-09T19:16:23.800+0000] {logging_mixin.py:188} INFO - [2026-05-09T19:16:23.800+0000] {dag.py:3096} INFO - Sync 2 DAGs
[2026-05-09T19:16:23.808+0000] {logging_mixin.py:188} INFO - [2026-05-09T19:16:23.807+0000] {dag.py:3954} INFO - Setting next_dagrun for example_subdag_operator.section-1 to None, run_after=None
[2026-05-09T19:16:23.809+0000] {logging_mixin.py:188} INFO - [2026-05-09T19:16:23.808+0000] {dag.py:3954} INFO - Setting next_dagrun for example_subdag_operator.section-2 to None, run_after=None
[2026-05-09T19:16:23.825+0000] {processor.py:183} INFO - Processing /home/airflow/.local/lib/python3.12/site-packages/airflow/example_dags/example_subdag_operator.py took 0.116 seconds
[2026-05-09T19:16:54.510+0000] {processor.py:161} INFO - Started process (PID=2953) to work on /home/airflow/.local/lib/python3.12/site-packages/airflow/example_dags/example_subdag_operator.py
[2026-05-09T19:16:54.512+0000] {processor.py:830} INFO - Processing file /home/airflow/.local/lib/python3.12/site-packages/airflow/example_dags/example_subdag_operator.py for tasks to queue
[2026-05-09T19:16:54.514+0000] {logging_mixin.py:188} INFO - [2026-05-09T19:16:54.514+0000] {dagbag.py:545} INFO - Filling up the DagBag from /home/airflow/.local/lib/python3.12/site-packages/airflow/example_dags/example_subdag_operator.py
[2026-05-09T19:16:54.539+0000] {processor.py:840} INFO - DAG(s) 'example_subdag_operator.section-1', 'example_subdag_operator.section-2', 'example_subdag_operator' retrieved from /home/airflow/.local/lib/python3.12/site-packages/airflow/example_dags/example_subdag_operator.py
[2026-05-09T19:16:54.555+0000] {logging_mixin.py:188} INFO - [2026-05-09T19:16:54.554+0000] {dag.py:3096} INFO - Sync 3 DAGs
[2026-05-09T19:16:54.577+0000] {logging_mixin.py:188} INFO - [2026-05-09T19:16:54.577+0000] {dag.py:3954} INFO - Setting next_dagrun for example_subdag_operator to 2022-01-01 00:00:00+00:00, run_after=2022-01-01 00:00:00+00:00
[2026-05-09T19:16:54.581+0000] {logging_mixin.py:188} INFO - [2026-05-09T19:16:54.581+0000] {dag.py:3954} INFO - Setting next_dagrun for example_subdag_operator.section-1 to None, run_after=None
[2026-05-09T19:16:54.583+0000] {logging_mixin.py:188} INFO - [2026-05-09T19:16:54.583+0000] {dag.py:3954} INFO - Setting next_dagrun for example_subdag_operator.section-2 to None, run_after=None
[2026-05-09T19:16:54.592+0000] {logging_mixin.py:188} INFO - [2026-05-09T19:16:54.592+0000] {dag.py:3096} INFO - Sync 2 DAGs
[2026-05-09T19:16:54.599+0000] {logging_mixin.py:188} INFO - [2026-05-09T19:16:54.598+0000] {dag.py:3954} INFO - Setting next_dagrun for example_subdag_operator.section-1 to None, run_after=None
[2026-05-09T19:16:54.599+0000] {logging_mixin.py:188} INFO - [2026-05-09T19:16:54.599+0000] {dag.py:3954} INFO - Setting next_dagrun for example_subdag_operator.section-2 to None, run_after=None
[2026-05-09T19:16:54.615+0000] {processor.py:183} INFO - Processing /home/airflow/.local/lib/python3.12/site-packages/airflow/example_dags/example_subdag_operator.py took 0.110 seconds
[2026-05-09T19:17:25.146+0000] {processor.py:161} INFO - Started process (PID=3012) to work on /home/airflow/.local/lib/python3.12/site-packages/airflow/example_dags/example_subdag_operator.py
[2026-05-09T19:17:25.147+0000] {processor.py:830} INFO - Processing file /home/airflow/.local/lib/python3.12/site-packages/airflow/example_dags/example_subdag_operator.py for tasks to queue
[2026-05-09T19:17:25.149+0000] {logging_mixin.py:188} INFO - [2026-05-09T19:17:25.149+0000] {dagbag.py:545} INFO - Filling up the DagBag from /home/airflow/.local/lib/python3.12/site-packages/airflow/example_dags/example_subdag_operator.py
[2026-05-09T19:17:25.218+0000] {processor.py:840} INFO - DAG(s) 'example_subdag_operator.section-1', 'example_subdag_operator.section-2', 'example_subdag_operator' retrieved from /home/airflow/.local/lib/python3.12/site-packages/airflow/example_dags/example_subdag_operator.py
[2026-05-09T19:17:25.239+0000] {logging_mixin.py:188} INFO - [2026-05-09T19:17:25.239+0000] {dag.py:3096} INFO - Sync 3 DAGs
[2026-05-09T19:17:25.263+0000] {logging_mixin.py:188} INFO - [2026-05-09T19:17:25.263+0000] {dag.py:3954} INFO - Setting next_dagrun for example_subdag_operator to 2022-01-01 00:00:00+00:00, run_after=2022-01-01 00:00:00+00:00
[2026-05-09T19:17:25.267+0000] {logging_mixin.py:188} INFO - [2026-05-09T19:17:25.267+0000] {dag.py:3954} INFO - Setting next_dagrun for example_subdag_operator.section-1 to None, run_after=None
[2026-05-09T19:17:25.269+0000] {logging_mixin.py:188} INFO - [2026-05-09T19:17:25.269+0000] {dag.py:3954} INFO - Setting next_dagrun for example_subdag_operator.section-2 to None, run_after=None
[2026-05-09T19:17:25.277+0000] {logging_mixin.py:188} INFO - [2026-05-09T19:17:25.276+0000] {dag.py:3096} INFO - Sync 2 DAGs
[2026-05-09T19:17:25.283+0000] {logging_mixin.py:188} INFO - [2026-05-09T19:17:25.282+0000] {dag.py:3954} INFO - Setting next_dagrun for example_subdag_operator.section-1 to None, run_after=None
[2026-05-09T19:17:25.283+0000] {logging_mixin.py:188} INFO - [2026-05-09T19:17:25.283+0000] {dag.py:3954} INFO - Setting next_dagrun for example_subdag_operator.section-2 to None, run_after=None
[2026-05-09T19:17:25.300+0000] {processor.py:183} INFO - Processing /home/airflow/.local/lib/python3.12/site-packages/airflow/example_dags/example_subdag_operator.py took 0.166 seconds
[2026-05-09T19:17:55.702+0000] {processor.py:161} INFO - Started process (PID=3071) to work on /home/airflow/.local/lib/python3.12/site-packages/airflow/example_dags/example_subdag_operator.py
[2026-05-09T19:17:55.703+0000] {processor.py:830} INFO - Processing file /home/airflow/.local/lib/python3.12/site-packages/airflow/example_dags/example_subdag_operator.py for tasks to queue
[2026-05-09T19:17:55.705+0000] {logging_mixin.py:188} INFO - [2026-05-09T19:17:55.705+0000] {dagbag.py:545} INFO - Filling up the DagBag from /home/airflow/.local/lib/python3.12/site-packages/airflow/example_dags/example_subdag_operator.py
[2026-05-09T19:17:55.730+0000] {processor.py:840} INFO - DAG(s) 'example_subdag_operator.section-1', 'example_subdag_operator.section-2', 'example_subdag_operator' retrieved from /home/airflow/.local/lib/python3.12/site-packages/airflow/example_dags/example_subdag_operator.py
[2026-05-09T19:17:55.744+0000] {logging_mixin.py:188} INFO - [2026-05-09T19:17:55.744+0000] {dag.py:3096} INFO - Sync 3 DAGs
[2026-05-09T19:17:55.765+0000] {logging_mixin.py:188} INFO - [2026-05-09T19:17:55.765+0000] {dag.py:3954} INFO - Setting next_dagrun for example_subdag_operator to 2022-01-01 00:00:00+00:00, run_after=2022-01-01 00:00:00+00:00
[2026-05-09T19:17:55.769+0000] {logging_mixin.py:188} INFO - [2026-05-09T19:17:55.769+0000] {dag.py:3954} INFO - Setting next_dagrun for example_subdag_operator.section-1 to None, run_after=None
[2026-05-09T19:17:55.771+0000] {logging_mixin.py:188} INFO - [2026-05-09T19:17:55.770+0000] {dag.py:3954} INFO - Setting next_dagrun for example_subdag_operator.section-2 to None, run_after=None
[2026-05-09T19:17:55.778+0000] {logging_mixin.py:188} INFO - [2026-05-09T19:17:55.778+0000] {dag.py:3096} INFO - Sync 2 DAGs
[2026-05-09T19:17:55.784+0000] {logging_mixin.py:188} INFO - [2026-05-09T19:17:55.784+0000] {dag.py:3954} INFO - Setting next_dagrun for example_subdag_operator.section-1 to None, run_after=None
[2026-05-09T19:17:55.785+0000] {logging_mixin.py:188} INFO - [2026-05-09T19:17:55.785+0000] {dag.py:3954} INFO - Setting next_dagrun for example_subdag_operator.section-2 to None, run_after=None
[2026-05-09T19:17:55.798+0000] {processor.py:183} INFO - Processing /home/airflow/.local/lib/python3.12/site-packages/airflow/example_dags/example_subdag_operator.py took 0.102 seconds
[2026-05-09T19:18:25.920+0000] {processor.py:161} INFO - Started process (PID=3130) to work on /home/airflow/.local/lib/python3.12/site-packages/airflow/example_dags/example_subdag_operator.py
[2026-05-09T19:18:25.921+0000] {processor.py:830} INFO - Processing file /home/airflow/.local/lib/python3.12/site-packages/airflow/example_dags/example_subdag_operator.py for tasks to queue
[2026-05-09T19:18:25.924+0000] {logging_mixin.py:188} INFO - [2026-05-09T19:18:25.923+0000] {dagbag.py:545} INFO - Filling up the DagBag from /home/airflow/.local/lib/python3.12/site-packages/airflow/example_dags/example_subdag_operator.py
[2026-05-09T19:18:25.948+0000] {processor.py:840} INFO - DAG(s) 'example_subdag_operator.section-1', 'example_subdag_operator.section-2', 'example_subdag_operator' retrieved from /home/airflow/.local/lib/python3.12/site-packages/airflow/example_dags/example_subdag_operator.py
[2026-05-09T19:18:25.964+0000] {logging_mixin.py:188} INFO - [2026-05-09T19:18:25.964+0000] {dag.py:3096} INFO - Sync 3 DAGs
[2026-05-09T19:18:25.987+0000] {logging_mixin.py:188} INFO - [2026-05-09T19:18:25.987+0000] {dag.py:3954} INFO - Setting next_dagrun for example_subdag_operator to 2022-01-01 00:00:00+00:00, run_after=2022-01-01 00:00:00+00:00
[2026-05-09T19:18:25.991+0000] {logging_mixin.py:188} INFO - [2026-05-09T19:18:25.991+0000] {dag.py:3954} INFO - Setting next_dagrun for example_subdag_operator.section-1 to None, run_after=None
[2026-05-09T19:18:25.993+0000] {logging_mixin.py:188} INFO - [2026-05-09T19:18:25.993+0000] {dag.py:3954} INFO - Setting next_dagrun for example_subdag_operator.section-2 to None, run_after=None
[2026-05-09T19:18:26.002+0000] {logging_mixin.py:188} INFO - [2026-05-09T19:18:26.002+0000] {dag.py:3096} INFO - Sync 2 DAGs
[2026-05-09T19:18:26.008+0000] {logging_mixin.py:188} INFO - [2026-05-09T19:18:26.008+0000] {dag.py:3954} INFO - Setting next_dagrun for example_subdag_operator.section-1 to None, run_after=None
[2026-05-09T19:18:26.009+0000] {logging_mixin.py:188} INFO - [2026-05-09T19:18:26.009+0000] {dag.py:3954} INFO - Setting next_dagrun for example_subdag_operator.section-2 to None, run_after=None
[2026-05-09T19:18:26.025+0000] {processor.py:183} INFO - Processing /home/airflow/.local/lib/python3.12/site-packages/airflow/example_dags/example_subdag_operator.py took 0.110 seconds
[2026-05-09T19:18:56.862+0000] {processor.py:161} INFO - Started process (PID=3189) to work on /home/airflow/.local/lib/python3.12/site-packages/airflow/example_dags/example_subdag_operator.py
[2026-05-09T19:18:56.863+0000] {processor.py:830} INFO - Processing file /home/airflow/.local/lib/python3.12/site-packages/airflow/example_dags/example_subdag_operator.py for tasks to queue
[2026-05-09T19:18:56.865+0000] {logging_mixin.py:188} INFO - [2026-05-09T19:18:56.865+0000] {dagbag.py:545} INFO - Filling up the DagBag from /home/airflow/.local/lib/python3.12/site-packages/airflow/example_dags/example_subdag_operator.py
[2026-05-09T19:18:56.890+0000] {processor.py:840} INFO - DAG(s) 'example_subdag_operator.section-1', 'example_subdag_operator.section-2', 'example_subdag_operator' retrieved from /home/airflow/.local/lib/python3.12/site-packages/airflow/example_dags/example_subdag_operator.py
[2026-05-09T19:18:56.906+0000] {logging_mixin.py:188} INFO - [2026-05-09T19:18:56.906+0000] {dag.py:3096} INFO - Sync 3 DAGs
[2026-05-09T19:18:56.928+0000] {logging_mixin.py:188} INFO - [2026-05-09T19:18:56.928+0000] {dag.py:3954} INFO - Setting next_dagrun for example_subdag_operator to 2022-01-01 00:00:00+00:00, run_after=2022-01-01 00:00:00+00:00
[2026-05-09T19:18:56.932+0000] {logging_mixin.py:188} INFO - [2026-05-09T19:18:56.932+0000] {dag.py:3954} INFO - Setting next_dagrun for example_subdag_operator.section-1 to None, run_after=None
[2026-05-09T19:18:56.934+0000] {logging_mixin.py:188} INFO - [2026-05-09T19:18:56.934+0000] {dag.py:3954} INFO - Setting next_dagrun for example_subdag_operator.section-2 to None, run_after=None
[2026-05-09T19:18:56.941+0000] {logging_mixin.py:188} INFO - [2026-05-09T19:18:56.941+0000] {dag.py:3096} INFO - Sync 2 DAGs
[2026-05-09T19:18:56.947+0000] {logging_mixin.py:188} INFO - [2026-05-09T19:18:56.947+0000] {dag.py:3954} INFO - Setting next_dagrun for example_subdag_operator.section-1 to None, run_after=None
[2026-05-09T19:18:56.948+0000] {logging_mixin.py:188} INFO - [2026-05-09T19:18:56.948+0000] {dag.py:3954} INFO - Setting next_dagrun for example_subdag_operator.section-2 to None, run_after=None
[2026-05-09T19:18:56.962+0000] {processor.py:183} INFO - Processing /home/airflow/.local/lib/python3.12/site-packages/airflow/example_dags/example_subdag_operator.py took 0.106 seconds
[2026-05-09T19:19:28.326+0000] {processor.py:161} INFO - Started process (PID=3248) to work on /home/airflow/.local/lib/python3.12/site-packages/airflow/example_dags/example_subdag_operator.py
[2026-05-09T19:19:28.327+0000] {processor.py:830} INFO - Processing file /home/airflow/.local/lib/python3.12/site-packages/airflow/example_dags/example_subdag_operator.py for tasks to queue
[2026-05-09T19:19:28.329+0000] {logging_mixin.py:188} INFO - [2026-05-09T19:19:28.329+0000] {dagbag.py:545} INFO - Filling up the DagBag from /home/airflow/.local/lib/python3.12/site-packages/airflow/example_dags/example_subdag_operator.py
[2026-05-09T19:19:28.352+0000] {processor.py:840} INFO - DAG(s) 'example_subdag_operator.section-1', 'example_subdag_operator.section-2', 'example_subdag_operator' retrieved from /home/airflow/.local/lib/python3.12/site-packages/airflow/example_dags/example_subdag_operator.py
[2026-05-09T19:19:28.366+0000] {logging_mixin.py:188} INFO - [2026-05-09T19:19:28.366+0000] {dag.py:3096} INFO - Sync 3 DAGs
[2026-05-09T19:19:28.387+0000] {logging_mixin.py:188} INFO - [2026-05-09T19:19:28.386+0000] {dag.py:3954} INFO - Setting next_dagrun for example_subdag_operator to 2022-01-01 00:00:00+00:00, run_after=2022-01-01 00:00:00+00:00
[2026-05-09T19:19:28.390+0000] {logging_mixin.py:188} INFO - [2026-05-09T19:19:28.390+0000] {dag.py:3954} INFO - Setting next_dagrun for example_subdag_operator.section-1 to None, run_after=None
[2026-05-09T19:19:28.392+0000] {logging_mixin.py:188} INFO - [2026-05-09T19:19:28.392+0000] {dag.py:3954} INFO - Setting next_dagrun for example_subdag_operator.section-2 to None, run_after=None
[2026-05-09T19:19:28.400+0000] {logging_mixin.py:188} INFO - [2026-05-09T19:19:28.400+0000] {dag.py:3096} INFO - Sync 2 DAGs
[2026-05-09T19:19:28.406+0000] {logging_mixin.py:188} INFO - [2026-05-09T19:19:28.405+0000] {dag.py:3954} INFO - Setting next_dagrun for example_subdag_operator.section-1 to None, run_after=None
[2026-05-09T19:19:28.406+0000] {logging_mixin.py:188} INFO - [2026-05-09T19:19:28.406+0000] {dag.py:3954} INFO - Setting next_dagrun for example_subdag_operator.section-2 to None, run_after=None
[2026-05-09T19:19:28.421+0000] {processor.py:183} INFO - Processing /home/airflow/.local/lib/python3.12/site-packages/airflow/example_dags/example_subdag_operator.py took 0.100 seconds
[2026-05-09T19:19:58.870+0000] {processor.py:161} INFO - Started process (PID=3307) to work on /home/airflow/.local/lib/python3.12/site-packages/airflow/example_dags/example_subdag_operator.py
[2026-05-09T19:19:58.871+0000] {processor.py:830} INFO - Processing file /home/airflow/.local/lib/python3.12/site-packages/airflow/example_dags/example_subdag_operator.py for tasks to queue
[2026-05-09T19:19:58.873+0000] {logging_mixin.py:188} INFO - [2026-05-09T19:19:58.873+0000] {dagbag.py:545} INFO - Filling up the DagBag from /home/airflow/.local/lib/python3.12/site-packages/airflow/example_dags/example_subdag_operator.py
[2026-05-09T19:19:58.896+0000] {processor.py:840} INFO - DAG(s) 'example_subdag_operator.section-1', 'example_subdag_operator.section-2', 'example_subdag_operator' retrieved from /home/airflow/.local/lib/python3.12/site-packages/airflow/example_dags/example_subdag_operator.py
[2026-05-09T19:19:58.912+0000] {logging_mixin.py:188} INFO - [2026-05-09T19:19:58.911+0000] {dag.py:3096} INFO - Sync 3 DAGs
[2026-05-09T19:19:58.932+0000] {logging_mixin.py:188} INFO - [2026-05-09T19:19:58.932+0000] {dag.py:3954} INFO - Setting next_dagrun for example_subdag_operator to 2022-01-01 00:00:00+00:00, run_after=2022-01-01 00:00:00+00:00
[2026-05-09T19:19:58.936+0000] {logging_mixin.py:188} INFO - [2026-05-09T19:19:58.936+0000] {dag.py:3954} INFO - Setting next_dagrun for example_subdag_operator.section-1 to None, run_after=None
[2026-05-09T19:19:58.938+0000] {logging_mixin.py:188} INFO - [2026-05-09T19:19:58.937+0000] {dag.py:3954} INFO - Setting next_dagrun for example_subdag_operator.section-2 to None, run_after=None
[2026-05-09T19:19:58.945+0000] {logging_mixin.py:188} INFO - [2026-05-09T19:19:58.945+0000] {dag.py:3096} INFO - Sync 2 DAGs
[2026-05-09T19:19:58.951+0000] {logging_mixin.py:188} INFO - [2026-05-09T19:19:58.951+0000] {dag.py:3954} INFO - Setting next_dagrun for example_subdag_operator.section-1 to None, run_after=None
[2026-05-09T19:19:58.952+0000] {logging_mixin.py:188} INFO - [2026-05-09T19:19:58.951+0000] {dag.py:3954} INFO - Setting next_dagrun for example_subdag_operator.section-2 to None, run_after=None
[2026-05-09T19:19:58.966+0000] {processor.py:183} INFO - Processing /home/airflow/.local/lib/python3.12/site-packages/airflow/example_dags/example_subdag_operator.py took 0.102 seconds
[2026-05-09T19:20:29.958+0000] {processor.py:161} INFO - Started process (PID=3366) to work on /home/airflow/.local/lib/python3.12/site-packages/airflow/example_dags/example_subdag_operator.py
[2026-05-09T19:20:29.959+0000] {processor.py:830} INFO - Processing file /home/airflow/.local/lib/python3.12/site-packages/airflow/example_dags/example_subdag_operator.py for tasks to queue
[2026-05-09T19:20:29.962+0000] {logging_mixin.py:188} INFO - [2026-05-09T19:20:29.962+0000] {dagbag.py:545} INFO - Filling up the DagBag from /home/airflow/.local/lib/python3.12/site-packages/airflow/example_dags/example_subdag_operator.py
[2026-05-09T19:20:29.985+0000] {processor.py:840} INFO - DAG(s) 'example_subdag_operator.section-1', 'example_subdag_operator.section-2', 'example_subdag_operator' retrieved from /home/airflow/.local/lib/python3.12/site-packages/airflow/example_dags/example_subdag_operator.py
[2026-05-09T19:20:30.002+0000] {logging_mixin.py:188} INFO - [2026-05-09T19:20:30.002+0000] {dag.py:3096} INFO - Sync 3 DAGs
[2026-05-09T19:20:30.025+0000] {logging_mixin.py:188} INFO - [2026-05-09T19:20:30.025+0000] {dag.py:3954} INFO - Setting next_dagrun for example_subdag_operator to 2022-01-01 00:00:00+00:00, run_after=2022-01-01 00:00:00+00:00
[2026-05-09T19:20:30.030+0000] {logging_mixin.py:188} INFO - [2026-05-09T19:20:30.030+0000] {dag.py:3954} INFO - Setting next_dagrun for example_subdag_operator.section-1 to None, run_after=None
[2026-05-09T19:20:30.032+0000] {logging_mixin.py:188} INFO - [2026-05-09T19:20:30.032+0000] {dag.py:3954} INFO - Setting next_dagrun for example_subdag_operator.section-2 to None, run_after=None
[2026-05-09T19:20:30.040+0000] {logging_mixin.py:188} INFO - [2026-05-09T19:20:30.040+0000] {dag.py:3096} INFO - Sync 2 DAGs
[2026-05-09T19:20:30.046+0000] {logging_mixin.py:188} INFO - [2026-05-09T19:20:30.046+0000] {dag.py:3954} INFO - Setting next_dagrun for example_subdag_operator.section-1 to None, run_after=None
[2026-05-09T19:20:30.047+0000] {logging_mixin.py:188} INFO - [2026-05-09T19:20:30.047+0000] {dag.py:3954} INFO - Setting next_dagrun for example_subdag_operator.section-2 to None, run_after=None
[2026-05-09T19:20:30.068+0000] {processor.py:183} INFO - Processing /home/airflow/.local/lib/python3.12/site-packages/airflow/example_dags/example_subdag_operator.py took 0.115 seconds
[2026-05-09T19:21:00.451+0000] {processor.py:161} INFO - Started process (PID=3425) to work on /home/airflow/.local/lib/python3.12/site-packages/airflow/example_dags/example_subdag_operator.py
[2026-05-09T19:21:00.453+0000] {processor.py:830} INFO - Processing file /home/airflow/.local/lib/python3.12/site-packages/airflow/example_dags/example_subdag_operator.py for tasks to queue
[2026-05-09T19:21:00.455+0000] {logging_mixin.py:188} INFO - [2026-05-09T19:21:00.455+0000] {dagbag.py:545} INFO - Filling up the DagBag from /home/airflow/.local/lib/python3.12/site-packages/airflow/example_dags/example_subdag_operator.py
[2026-05-09T19:21:00.484+0000] {processor.py:840} INFO - DAG(s) 'example_subdag_operator.section-1', 'example_subdag_operator.section-2', 'example_subdag_operator' retrieved from /home/airflow/.local/lib/python3.12/site-packages/airflow/example_dags/example_subdag_operator.py
[2026-05-09T19:21:00.503+0000] {logging_mixin.py:188} INFO - [2026-05-09T19:21:00.503+0000] {dag.py:3096} INFO - Sync 3 DAGs
[2026-05-09T19:21:00.527+0000] {logging_mixin.py:188} INFO - [2026-05-09T19:21:00.527+0000] {dag.py:3954} INFO - Setting next_dagrun for example_subdag_operator to 2022-01-01 00:00:00+00:00, run_after=2022-01-01 00:00:00+00:00
[2026-05-09T19:21:00.531+0000] {logging_mixin.py:188} INFO - [2026-05-09T19:21:00.531+0000] {dag.py:3954} INFO - Setting next_dagrun for example_subdag_operator.section-1 to None, run_after=None
[2026-05-09T19:21:00.533+0000] {logging_mixin.py:188} INFO - [2026-05-09T19:21:00.533+0000] {dag.py:3954} INFO - Setting next_dagrun for example_subdag_operator.section-2 to None, run_after=None
[2026-05-09T19:21:00.541+0000] {logging_mixin.py:188} INFO - [2026-05-09T19:21:00.541+0000] {dag.py:3096} INFO - Sync 2 DAGs
[2026-05-09T19:21:00.547+0000] {logging_mixin.py:188} INFO - [2026-05-09T19:21:00.547+0000] {dag.py:3954} INFO - Setting next_dagrun for example_subdag_operator.section-1 to None, run_after=None
[2026-05-09T19:21:00.548+0000] {logging_mixin.py:188} INFO - [2026-05-09T19:21:00.548+0000] {dag.py:3954} INFO - Setting next_dagrun for example_subdag_operator.section-2 to None, run_after=None
[2026-05-09T19:21:00.563+0000] {processor.py:183} INFO - Processing /home/airflow/.local/lib/python3.12/site-packages/airflow/example_dags/example_subdag_operator.py took 0.118 seconds
[2026-05-09T19:21:31.652+0000] {processor.py:161} INFO - Started process (PID=3484) to work on /home/airflow/.local/lib/python3.12/site-packages/airflow/example_dags/example_subdag_operator.py
[2026-05-09T19:21:31.653+0000] {processor.py:830} INFO - Processing file /home/airflow/.local/lib/python3.12/site-packages/airflow/example_dags/example_subdag_operator.py for tasks to queue
[2026-05-09T19:21:31.655+0000] {logging_mixin.py:188} INFO - [2026-05-09T19:21:31.655+0000] {dagbag.py:545} INFO - Filling up the DagBag from /home/airflow/.local/lib/python3.12/site-packages/airflow/example_dags/example_subdag_operator.py
[2026-05-09T19:21:31.678+0000] {processor.py:840} INFO - DAG(s) 'example_subdag_operator.section-1', 'example_subdag_operator.section-2', 'example_subdag_operator' retrieved from /home/airflow/.local/lib/python3.12/site-packages/airflow/example_dags/example_subdag_operator.py
[2026-05-09T19:21:31.693+0000] {logging_mixin.py:188} INFO - [2026-05-09T19:21:31.692+0000] {dag.py:3096} INFO - Sync 3 DAGs
[2026-05-09T19:21:31.715+0000] {logging_mixin.py:188} INFO - [2026-05-09T19:21:31.714+0000] {dag.py:3954} INFO - Setting next_dagrun for example_subdag_operator to 2022-01-01 00:00:00+00:00, run_after=2022-01-01 00:00:00+00:00
[2026-05-09T19:21:31.719+0000] {logging_mixin.py:188} INFO - [2026-05-09T19:21:31.719+0000] {dag.py:3954} INFO - Setting next_dagrun for example_subdag_operator.section-1 to None, run_after=None
[2026-05-09T19:21:31.721+0000] {logging_mixin.py:188} INFO - [2026-05-09T19:21:31.721+0000] {dag.py:3954} INFO - Setting next_dagrun for example_subdag_operator.section-2 to None, run_after=None
[2026-05-09T19:21:31.728+0000] {logging_mixin.py:188} INFO - [2026-05-09T19:21:31.728+0000] {dag.py:3096} INFO - Sync 2 DAGs
[2026-05-09T19:21:31.734+0000] {logging_mixin.py:188} INFO - [2026-05-09T19:21:31.734+0000] {dag.py:3954} INFO - Setting next_dagrun for example_subdag_operator.section-1 to None, run_after=None
[2026-05-09T19:21:31.735+0000] {logging_mixin.py:188} INFO - [2026-05-09T19:21:31.735+0000] {dag.py:3954} INFO - Setting next_dagrun for example_subdag_operator.section-2 to None, run_after=None
[2026-05-09T19:21:31.748+0000] {processor.py:183} INFO - Processing /home/airflow/.local/lib/python3.12/site-packages/airflow/example_dags/example_subdag_operator.py took 0.101 seconds
[2026-05-09T19:22:02.317+0000] {processor.py:161} INFO - Started process (PID=3543) to work on /home/airflow/.local/lib/python3.12/site-packages/airflow/example_dags/example_subdag_operator.py
[2026-05-09T19:22:02.319+0000] {processor.py:830} INFO - Processing file /home/airflow/.local/lib/python3.12/site-packages/airflow/example_dags/example_subdag_operator.py for tasks to queue
[2026-05-09T19:22:02.321+0000] {logging_mixin.py:188} INFO - [2026-05-09T19:22:02.320+0000] {dagbag.py:545} INFO - Filling up the DagBag from /home/airflow/.local/lib/python3.12/site-packages/airflow/example_dags/example_subdag_operator.py
[2026-05-09T19:22:02.344+0000] {processor.py:840} INFO - DAG(s) 'example_subdag_operator.section-1', 'example_subdag_operator.section-2', 'example_subdag_operator' retrieved from /home/airflow/.local/lib/python3.12/site-packages/airflow/example_dags/example_subdag_operator.py
[2026-05-09T19:22:02.359+0000] {logging_mixin.py:188} INFO - [2026-05-09T19:22:02.359+0000] {dag.py:3096} INFO - Sync 3 DAGs
[2026-05-09T19:22:02.381+0000] {logging_mixin.py:188} INFO - [2026-05-09T19:22:02.381+0000] {dag.py:3954} INFO - Setting next_dagrun for example_subdag_operator to 2022-01-01 00:00:00+00:00, run_after=2022-01-01 00:00:00+00:00
[2026-05-09T19:22:02.386+0000] {logging_mixin.py:188} INFO - [2026-05-09T19:22:02.386+0000] {dag.py:3954} INFO - Setting next_dagrun for example_subdag_operator.section-1 to None, run_after=None
[2026-05-09T19:22:02.388+0000] {logging_mixin.py:188} INFO - [2026-05-09T19:22:02.388+0000] {dag.py:3954} INFO - Setting next_dagrun for example_subdag_operator.section-2 to None, run_after=None
[2026-05-09T19:22:02.396+0000] {logging_mixin.py:188} INFO - [2026-05-09T19:22:02.396+0000] {dag.py:3096} INFO - Sync 2 DAGs
[2026-05-09T19:22:02.402+0000] {logging_mixin.py:188} INFO - [2026-05-09T19:22:02.402+0000] {dag.py:3954} INFO - Setting next_dagrun for example_subdag_operator.section-1 to None, run_after=None
[2026-05-09T19:22:02.402+0000] {logging_mixin.py:188} INFO - [2026-05-09T19:22:02.402+0000] {dag.py:3954} INFO - Setting next_dagrun for example_subdag_operator.section-2 to None, run_after=None
[2026-05-09T19:22:02.419+0000] {processor.py:183} INFO - Processing /home/airflow/.local/lib/python3.12/site-packages/airflow/example_dags/example_subdag_operator.py took 0.107 seconds
[2026-05-09T19:22:33.425+0000] {processor.py:161} INFO - Started process (PID=3602) to work on /home/airflow/.local/lib/python3.12/site-packages/airflow/example_dags/example_subdag_operator.py
[2026-05-09T19:22:33.426+0000] {processor.py:830} INFO - Processing file /home/airflow/.local/lib/python3.12/site-packages/airflow/example_dags/example_subdag_operator.py for tasks to queue
[2026-05-09T19:22:33.428+0000] {logging_mixin.py:188} INFO - [2026-05-09T19:22:33.428+0000] {dagbag.py:545} INFO - Filling up the DagBag from /home/airflow/.local/lib/python3.12/site-packages/airflow/example_dags/example_subdag_operator.py
[2026-05-09T19:22:33.451+0000] {processor.py:840} INFO - DAG(s) 'example_subdag_operator.section-1', 'example_subdag_operator.section-2', 'example_subdag_operator' retrieved from /home/airflow/.local/lib/python3.12/site-packages/airflow/example_dags/example_subdag_operator.py
[2026-05-09T19:22:33.466+0000] {logging_mixin.py:188} INFO - [2026-05-09T19:22:33.466+0000] {dag.py:3096} INFO - Sync 3 DAGs
[2026-05-09T19:22:33.487+0000] {logging_mixin.py:188} INFO - [2026-05-09T19:22:33.487+0000] {dag.py:3954} INFO - Setting next_dagrun for example_subdag_operator to 2022-01-01 00:00:00+00:00, run_after=2022-01-01 00:00:00+00:00
[2026-05-09T19:22:33.491+0000] {logging_mixin.py:188} INFO - [2026-05-09T19:22:33.491+0000] {dag.py:3954} INFO - Setting next_dagrun for example_subdag_operator.section-1 to None, run_after=None
[2026-05-09T19:22:33.493+0000] {logging_mixin.py:188} INFO - [2026-05-09T19:22:33.493+0000] {dag.py:3954} INFO - Setting next_dagrun for example_subdag_operator.section-2 to None, run_after=None
[2026-05-09T19:22:33.501+0000] {logging_mixin.py:188} INFO - [2026-05-09T19:22:33.501+0000] {dag.py:3096} INFO - Sync 2 DAGs
[2026-05-09T19:22:33.508+0000] {logging_mixin.py:188} INFO - [2026-05-09T19:22:33.507+0000] {dag.py:3954} INFO - Setting next_dagrun for example_subdag_operator.section-1 to None, run_after=None
[2026-05-09T19:22:33.508+0000] {logging_mixin.py:188} INFO - [2026-05-09T19:22:33.508+0000] {dag.py:3954} INFO - Setting next_dagrun for example_subdag_operator.section-2 to None, run_after=None
[2026-05-09T19:22:33.523+0000] {processor.py:183} INFO - Processing /home/airflow/.local/lib/python3.12/site-packages/airflow/example_dags/example_subdag_operator.py took 0.103 seconds
[2026-05-09T19:23:03.848+0000] {processor.py:161} INFO - Started process (PID=3661) to work on /home/airflow/.local/lib/python3.12/site-packages/airflow/example_dags/example_subdag_operator.py
[2026-05-09T19:23:03.849+0000] {processor.py:830} INFO - Processing file /home/airflow/.local/lib/python3.12/site-packages/airflow/example_dags/example_subdag_operator.py for tasks to queue
[2026-05-09T19:23:03.851+0000] {logging_mixin.py:188} INFO - [2026-05-09T19:23:03.851+0000] {dagbag.py:545} INFO - Filling up the DagBag from /home/airflow/.local/lib/python3.12/site-packages/airflow/example_dags/example_subdag_operator.py
[2026-05-09T19:23:03.877+0000] {processor.py:840} INFO - DAG(s) 'example_subdag_operator.section-1', 'example_subdag_operator.section-2', 'example_subdag_operator' retrieved from /home/airflow/.local/lib/python3.12/site-packages/airflow/example_dags/example_subdag_operator.py
[2026-05-09T19:23:03.895+0000] {logging_mixin.py:188} INFO - [2026-05-09T19:23:03.894+0000] {dag.py:3096} INFO - Sync 3 DAGs
[2026-05-09T19:23:03.919+0000] {logging_mixin.py:188} INFO - [2026-05-09T19:23:03.919+0000] {dag.py:3954} INFO - Setting next_dagrun for example_subdag_operator to 2022-01-01 00:00:00+00:00, run_after=2022-01-01 00:00:00+00:00
[2026-05-09T19:23:03.923+0000] {logging_mixin.py:188} INFO - [2026-05-09T19:23:03.923+0000] {dag.py:3954} INFO - Setting next_dagrun for example_subdag_operator.section-1 to None, run_after=None
[2026-05-09T19:23:03.925+0000] {logging_mixin.py:188} INFO - [2026-05-09T19:23:03.925+0000] {dag.py:3954} INFO - Setting next_dagrun for example_subdag_operator.section-2 to None, run_after=None
[2026-05-09T19:23:03.935+0000] {logging_mixin.py:188} INFO - [2026-05-09T19:23:03.935+0000] {dag.py:3096} INFO - Sync 2 DAGs
[2026-05-09T19:23:03.941+0000] {logging_mixin.py:188} INFO - [2026-05-09T19:23:03.941+0000] {dag.py:3954} INFO - Setting next_dagrun for example_subdag_operator.section-1 to None, run_after=None
[2026-05-09T19:23:03.942+0000] {logging_mixin.py:188} INFO - [2026-05-09T19:23:03.942+0000] {dag.py:3954} INFO - Setting next_dagrun for example_subdag_operator.section-2 to None, run_after=None
[2026-05-09T19:23:03.957+0000] {processor.py:183} INFO - Processing /home/airflow/.local/lib/python3.12/site-packages/airflow/example_dags/example_subdag_operator.py took 0.115 seconds
[2026-05-09T19:23:34.212+0000] {processor.py:161} INFO - Started process (PID=3720) to work on /home/airflow/.local/lib/python3.12/site-packages/airflow/example_dags/example_subdag_operator.py
[2026-05-09T19:23:34.213+0000] {processor.py:830} INFO - Processing file /home/airflow/.local/lib/python3.12/site-packages/airflow/example_dags/example_subdag_operator.py for tasks to queue
[2026-05-09T19:23:34.215+0000] {logging_mixin.py:188} INFO - [2026-05-09T19:23:34.214+0000] {dagbag.py:545} INFO - Filling up the DagBag from /home/airflow/.local/lib/python3.12/site-packages/airflow/example_dags/example_subdag_operator.py
[2026-05-09T19:23:34.242+0000] {processor.py:840} INFO - DAG(s) 'example_subdag_operator.section-1', 'example_subdag_operator.section-2', 'example_subdag_operator' retrieved from /home/airflow/.local/lib/python3.12/site-packages/airflow/example_dags/example_subdag_operator.py
[2026-05-09T19:23:34.260+0000] {logging_mixin.py:188} INFO - [2026-05-09T19:23:34.260+0000] {dag.py:3096} INFO - Sync 3 DAGs
[2026-05-09T19:23:34.285+0000] {logging_mixin.py:188} INFO - [2026-05-09T19:23:34.284+0000] {dag.py:3954} INFO - Setting next_dagrun for example_subdag_operator to 2022-01-01 00:00:00+00:00, run_after=2022-01-01 00:00:00+00:00
[2026-05-09T19:23:34.292+0000] {logging_mixin.py:188} INFO - [2026-05-09T19:23:34.292+0000] {dag.py:3954} INFO - Setting next_dagrun for example_subdag_operator.section-1 to None, run_after=None
[2026-05-09T19:23:34.296+0000] {logging_mixin.py:188} INFO - [2026-05-09T19:23:34.295+0000] {dag.py:3954} INFO - Setting next_dagrun for example_subdag_operator.section-2 to None, run_after=None
[2026-05-09T19:23:34.304+0000] {logging_mixin.py:188} INFO - [2026-05-09T19:23:34.304+0000] {dag.py:3096} INFO - Sync 2 DAGs
[2026-05-09T19:23:34.311+0000] {logging_mixin.py:188} INFO - [2026-05-09T19:23:34.311+0000] {dag.py:3954} INFO - Setting next_dagrun for example_subdag_operator.section-1 to None, run_after=None
[2026-05-09T19:23:34.312+0000] {logging_mixin.py:188} INFO - [2026-05-09T19:23:34.312+0000] {dag.py:3954} INFO - Setting next_dagrun for example_subdag_operator.section-2 to None, run_after=None
[2026-05-09T19:23:34.328+0000] {processor.py:183} INFO - Processing /home/airflow/.local/lib/python3.12/site-packages/airflow/example_dags/example_subdag_operator.py took 0.122 seconds
[2026-05-09T19:24:05.722+0000] {processor.py:161} INFO - Started process (PID=3779) to work on /home/airflow/.local/lib/python3.12/site-packages/airflow/example_dags/example_subdag_operator.py
[2026-05-09T19:24:05.723+0000] {processor.py:830} INFO - Processing file /home/airflow/.local/lib/python3.12/site-packages/airflow/example_dags/example_subdag_operator.py for tasks to queue
[2026-05-09T19:24:05.726+0000] {logging_mixin.py:188} INFO - [2026-05-09T19:24:05.725+0000] {dagbag.py:545} INFO - Filling up the DagBag from /home/airflow/.local/lib/python3.12/site-packages/airflow/example_dags/example_subdag_operator.py
[2026-05-09T19:24:05.750+0000] {processor.py:840} INFO - DAG(s) 'example_subdag_operator.section-1', 'example_subdag_operator.section-2', 'example_subdag_operator' retrieved from /home/airflow/.local/lib/python3.12/site-packages/airflow/example_dags/example_subdag_operator.py
[2026-05-09T19:24:05.766+0000] {logging_mixin.py:188} INFO - [2026-05-09T19:24:05.765+0000] {dag.py:3096} INFO - Sync 3 DAGs
[2026-05-09T19:24:05.788+0000] {logging_mixin.py:188} INFO - [2026-05-09T19:24:05.788+0000] {dag.py:3954} INFO - Setting next_dagrun for example_subdag_operator to 2022-01-01 00:00:00+00:00, run_after=2022-01-01 00:00:00+00:00
[2026-05-09T19:24:05.793+0000] {logging_mixin.py:188} INFO - [2026-05-09T19:24:05.793+0000] {dag.py:3954} INFO - Setting next_dagrun for example_subdag_operator.section-1 to None, run_after=None
[2026-05-09T19:24:05.795+0000] {logging_mixin.py:188} INFO - [2026-05-09T19:24:05.795+0000] {dag.py:3954} INFO - Setting next_dagrun for example_subdag_operator.section-2 to None, run_after=None
[2026-05-09T19:24:05.804+0000] {logging_mixin.py:188} INFO - [2026-05-09T19:24:05.804+0000] {dag.py:3096} INFO - Sync 2 DAGs
[2026-05-09T19:24:05.811+0000] {logging_mixin.py:188} INFO - [2026-05-09T19:24:05.811+0000] {dag.py:3954} INFO - Setting next_dagrun for example_subdag_operator.section-1 to None, run_after=None
[2026-05-09T19:24:05.812+0000] {logging_mixin.py:188} INFO - [2026-05-09T19:24:05.812+0000] {dag.py:3954} INFO - Setting next_dagrun for example_subdag_operator.section-2 to None, run_after=None
[2026-05-09T19:24:05.830+0000] {processor.py:183} INFO - Processing /home/airflow/.local/lib/python3.12/site-packages/airflow/example_dags/example_subdag_operator.py took 0.113 seconds
[2026-05-09T19:24:35.889+0000] {processor.py:161} INFO - Started process (PID=3838) to work on /home/airflow/.local/lib/python3.12/site-packages/airflow/example_dags/example_subdag_operator.py
[2026-05-09T19:24:35.890+0000] {processor.py:830} INFO - Processing file /home/airflow/.local/lib/python3.12/site-packages/airflow/example_dags/example_subdag_operator.py for tasks to queue
[2026-05-09T19:24:35.892+0000] {logging_mixin.py:188} INFO - [2026-05-09T19:24:35.892+0000] {dagbag.py:545} INFO - Filling up the DagBag from /home/airflow/.local/lib/python3.12/site-packages/airflow/example_dags/example_subdag_operator.py
[2026-05-09T19:24:35.915+0000] {processor.py:840} INFO - DAG(s) 'example_subdag_operator.section-1', 'example_subdag_operator.section-2', 'example_subdag_operator' retrieved from /home/airflow/.local/lib/python3.12/site-packages/airflow/example_dags/example_subdag_operator.py
[2026-05-09T19:24:35.929+0000] {logging_mixin.py:188} INFO - [2026-05-09T19:24:35.929+0000] {dag.py:3096} INFO - Sync 3 DAGs
[2026-05-09T19:24:35.951+0000] {logging_mixin.py:188} INFO - [2026-05-09T19:24:35.951+0000] {dag.py:3954} INFO - Setting next_dagrun for example_subdag_operator to 2022-01-01 00:00:00+00:00, run_after=2022-01-01 00:00:00+00:00
[2026-05-09T19:24:35.955+0000] {logging_mixin.py:188} INFO - [2026-05-09T19:24:35.954+0000] {dag.py:3954} INFO - Setting next_dagrun for example_subdag_operator.section-1 to None, run_after=None
[2026-05-09T19:24:35.956+0000] {logging_mixin.py:188} INFO - [2026-05-09T19:24:35.956+0000] {dag.py:3954} INFO - Setting next_dagrun for example_subdag_operator.section-2 to None, run_after=None
[2026-05-09T19:24:35.963+0000] {logging_mixin.py:188} INFO - [2026-05-09T19:24:35.963+0000] {dag.py:3096} INFO - Sync 2 DAGs
[2026-05-09T19:24:35.969+0000] {logging_mixin.py:188} INFO - [2026-05-09T19:24:35.968+0000] {dag.py:3954} INFO - Setting next_dagrun for example_subdag_operator.section-1 to None, run_after=None
[2026-05-09T19:24:35.969+0000] {logging_mixin.py:188} INFO - [2026-05-09T19:24:35.969+0000] {dag.py:3954} INFO - Setting next_dagrun for example_subdag_operator.section-2 to None, run_after=None
[2026-05-09T19:24:35.983+0000] {processor.py:183} INFO - Processing /home/airflow/.local/lib/python3.12/site-packages/airflow/example_dags/example_subdag_operator.py took 0.099 seconds
[2026-05-09T19:25:07.211+0000] {processor.py:161} INFO - Started process (PID=3897) to work on /home/airflow/.local/lib/python3.12/site-packages/airflow/example_dags/example_subdag_operator.py
[2026-05-09T19:25:07.212+0000] {processor.py:830} INFO - Processing file /home/airflow/.local/lib/python3.12/site-packages/airflow/example_dags/example_subdag_operator.py for tasks to queue
[2026-05-09T19:25:07.214+0000] {logging_mixin.py:188} INFO - [2026-05-09T19:25:07.214+0000] {dagbag.py:545} INFO - Filling up the DagBag from /home/airflow/.local/lib/python3.12/site-packages/airflow/example_dags/example_subdag_operator.py
[2026-05-09T19:25:07.237+0000] {processor.py:840} INFO - DAG(s) 'example_subdag_operator.section-1', 'example_subdag_operator.section-2', 'example_subdag_operator' retrieved from /home/airflow/.local/lib/python3.12/site-packages/airflow/example_dags/example_subdag_operator.py
[2026-05-09T19:25:07.253+0000] {logging_mixin.py:188} INFO - [2026-05-09T19:25:07.252+0000] {dag.py:3096} INFO - Sync 3 DAGs
[2026-05-09T19:25:07.272+0000] {logging_mixin.py:188} INFO - [2026-05-09T19:25:07.272+0000] {dag.py:3954} INFO - Setting next_dagrun for example_subdag_operator to 2022-01-01 00:00:00+00:00, run_after=2022-01-01 00:00:00+00:00
[2026-05-09T19:25:07.276+0000] {logging_mixin.py:188} INFO - [2026-05-09T19:25:07.275+0000] {dag.py:3954} INFO - Setting next_dagrun for example_subdag_operator.section-1 to None, run_after=None
[2026-05-09T19:25:07.277+0000] {logging_mixin.py:188} INFO - [2026-05-09T19:25:07.277+0000] {dag.py:3954} INFO - Setting next_dagrun for example_subdag_operator.section-2 to None, run_after=None
[2026-05-09T19:25:07.285+0000] {logging_mixin.py:188} INFO - [2026-05-09T19:25:07.285+0000] {dag.py:3096} INFO - Sync 2 DAGs
[2026-05-09T19:25:07.291+0000] {logging_mixin.py:188} INFO - [2026-05-09T19:25:07.291+0000] {dag.py:3954} INFO - Setting next_dagrun for example_subdag_operator.section-1 to None, run_after=None
[2026-05-09T19:25:07.292+0000] {logging_mixin.py:188} INFO - [2026-05-09T19:25:07.292+0000] {dag.py:3954} INFO - Setting next_dagrun for example_subdag_operator.section-2 to None, run_after=None
[2026-05-09T19:25:07.307+0000] {processor.py:183} INFO - Processing /home/airflow/.local/lib/python3.12/site-packages/airflow/example_dags/example_subdag_operator.py took 0.101 seconds
[2026-05-09T19:25:38.158+0000] {processor.py:161} INFO - Started process (PID=3956) to work on /home/airflow/.local/lib/python3.12/site-packages/airflow/example_dags/example_subdag_operator.py
[2026-05-09T19:25:38.160+0000] {processor.py:830} INFO - Processing file /home/airflow/.local/lib/python3.12/site-packages/airflow/example_dags/example_subdag_operator.py for tasks to queue
[2026-05-09T19:25:38.162+0000] {logging_mixin.py:188} INFO - [2026-05-09T19:25:38.162+0000] {dagbag.py:545} INFO - Filling up the DagBag from /home/airflow/.local/lib/python3.12/site-packages/airflow/example_dags/example_subdag_operator.py
[2026-05-09T19:25:38.191+0000] {processor.py:840} INFO - DAG(s) 'example_subdag_operator.section-1', 'example_subdag_operator.section-2', 'example_subdag_operator' retrieved from /home/airflow/.local/lib/python3.12/site-packages/airflow/example_dags/example_subdag_operator.py
[2026-05-09T19:25:38.211+0000] {logging_mixin.py:188} INFO - [2026-05-09T19:25:38.210+0000] {dag.py:3096} INFO - Sync 3 DAGs
[2026-05-09T19:25:38.239+0000] {logging_mixin.py:188} INFO - [2026-05-09T19:25:38.239+0000] {dag.py:3954} INFO - Setting next_dagrun for example_subdag_operator to 2022-01-01 00:00:00+00:00, run_after=2022-01-01 00:00:00+00:00
[2026-05-09T19:25:38.244+0000] {logging_mixin.py:188} INFO - [2026-05-09T19:25:38.244+0000] {dag.py:3954} INFO - Setting next_dagrun for example_subdag_operator.section-1 to None, run_after=None
[2026-05-09T19:25:38.247+0000] {logging_mixin.py:188} INFO - [2026-05-09T19:25:38.246+0000] {dag.py:3954} INFO - Setting next_dagrun for example_subdag_operator.section-2 to None, run_after=None
[2026-05-09T19:25:38.260+0000] {logging_mixin.py:188} INFO - [2026-05-09T19:25:38.260+0000] {dag.py:3096} INFO - Sync 2 DAGs
[2026-05-09T19:25:38.269+0000] {logging_mixin.py:188} INFO - [2026-05-09T19:25:38.268+0000] {dag.py:3954} INFO - Setting next_dagrun for example_subdag_operator.section-1 to None, run_after=None
[2026-05-09T19:25:38.270+0000] {logging_mixin.py:188} INFO - [2026-05-09T19:25:38.269+0000] {dag.py:3954} INFO - Setting next_dagrun for example_subdag_operator.section-2 to None, run_after=None
[2026-05-09T19:25:38.291+0000] {processor.py:183} INFO - Processing /home/airflow/.local/lib/python3.12/site-packages/airflow/example_dags/example_subdag_operator.py took 0.138 seconds
[2026-05-09T19:26:08.431+0000] {processor.py:161} INFO - Started process (PID=4015) to work on /home/airflow/.local/lib/python3.12/site-packages/airflow/example_dags/example_subdag_operator.py
[2026-05-09T19:26:08.433+0000] {processor.py:830} INFO - Processing file /home/airflow/.local/lib/python3.12/site-packages/airflow/example_dags/example_subdag_operator.py for tasks to queue
[2026-05-09T19:26:08.435+0000] {logging_mixin.py:188} INFO - [2026-05-09T19:26:08.435+0000] {dagbag.py:545} INFO - Filling up the DagBag from /home/airflow/.local/lib/python3.12/site-packages/airflow/example_dags/example_subdag_operator.py
[2026-05-09T19:26:08.459+0000] {processor.py:840} INFO - DAG(s) 'example_subdag_operator.section-1', 'example_subdag_operator.section-2', 'example_subdag_operator' retrieved from /home/airflow/.local/lib/python3.12/site-packages/airflow/example_dags/example_subdag_operator.py
[2026-05-09T19:26:08.474+0000] {logging_mixin.py:188} INFO - [2026-05-09T19:26:08.474+0000] {dag.py:3096} INFO - Sync 3 DAGs
[2026-05-09T19:26:08.496+0000] {logging_mixin.py:188} INFO - [2026-05-09T19:26:08.496+0000] {dag.py:3954} INFO - Setting next_dagrun for example_subdag_operator to 2022-01-01 00:00:00+00:00, run_after=2022-01-01 00:00:00+00:00
[2026-05-09T19:26:08.501+0000] {logging_mixin.py:188} INFO - [2026-05-09T19:26:08.500+0000] {dag.py:3954} INFO - Setting next_dagrun for example_subdag_operator.section-1 to None, run_after=None
[2026-05-09T19:26:08.503+0000] {logging_mixin.py:188} INFO - [2026-05-09T19:26:08.502+0000] {dag.py:3954} INFO - Setting next_dagrun for example_subdag_operator.section-2 to None, run_after=None
[2026-05-09T19:26:08.511+0000] {logging_mixin.py:188} INFO - [2026-05-09T19:26:08.511+0000] {dag.py:3096} INFO - Sync 2 DAGs
[2026-05-09T19:26:08.517+0000] {logging_mixin.py:188} INFO - [2026-05-09T19:26:08.517+0000] {dag.py:3954} INFO - Setting next_dagrun for example_subdag_operator.section-1 to None, run_after=None
[2026-05-09T19:26:08.518+0000] {logging_mixin.py:188} INFO - [2026-05-09T19:26:08.518+0000] {dag.py:3954} INFO - Setting next_dagrun for example_subdag_operator.section-2 to None, run_after=None
[2026-05-09T19:26:08.533+0000] {processor.py:183} INFO - Processing /home/airflow/.local/lib/python3.12/site-packages/airflow/example_dags/example_subdag_operator.py took 0.107 seconds
[2026-05-09T19:26:39.292+0000] {processor.py:161} INFO - Started process (PID=4074) to work on /home/airflow/.local/lib/python3.12/site-packages/airflow/example_dags/example_subdag_operator.py
[2026-05-09T19:26:39.293+0000] {processor.py:830} INFO - Processing file /home/airflow/.local/lib/python3.12/site-packages/airflow/example_dags/example_subdag_operator.py for tasks to queue
[2026-05-09T19:26:39.295+0000] {logging_mixin.py:188} INFO - [2026-05-09T19:26:39.294+0000] {dagbag.py:545} INFO - Filling up the DagBag from /home/airflow/.local/lib/python3.12/site-packages/airflow/example_dags/example_subdag_operator.py
[2026-05-09T19:26:39.319+0000] {processor.py:840} INFO - DAG(s) 'example_subdag_operator.section-1', 'example_subdag_operator.section-2', 'example_subdag_operator' retrieved from /home/airflow/.local/lib/python3.12/site-packages/airflow/example_dags/example_subdag_operator.py
[2026-05-09T19:26:39.334+0000] {logging_mixin.py:188} INFO - [2026-05-09T19:26:39.334+0000] {dag.py:3096} INFO - Sync 3 DAGs
[2026-05-09T19:26:39.355+0000] {logging_mixin.py:188} INFO - [2026-05-09T19:26:39.355+0000] {dag.py:3954} INFO - Setting next_dagrun for example_subdag_operator to 2022-01-01 00:00:00+00:00, run_after=2022-01-01 00:00:00+00:00
[2026-05-09T19:26:39.359+0000] {logging_mixin.py:188} INFO - [2026-05-09T19:26:39.359+0000] {dag.py:3954} INFO - Setting next_dagrun for example_subdag_operator.section-1 to None, run_after=None
[2026-05-09T19:26:39.361+0000] {logging_mixin.py:188} INFO - [2026-05-09T19:26:39.361+0000] {dag.py:3954} INFO - Setting next_dagrun for example_subdag_operator.section-2 to None, run_after=None
[2026-05-09T19:26:39.369+0000] {logging_mixin.py:188} INFO - [2026-05-09T19:26:39.369+0000] {dag.py:3096} INFO - Sync 2 DAGs
[2026-05-09T19:26:39.376+0000] {logging_mixin.py:188} INFO - [2026-05-09T19:26:39.376+0000] {dag.py:3954} INFO - Setting next_dagrun for example_subdag_operator.section-1 to None, run_after=None
[2026-05-09T19:26:39.377+0000] {logging_mixin.py:188} INFO - [2026-05-09T19:26:39.377+0000] {dag.py:3954} INFO - Setting next_dagrun for example_subdag_operator.section-2 to None, run_after=None
[2026-05-09T19:26:39.395+0000] {processor.py:183} INFO - Processing /home/airflow/.local/lib/python3.12/site-packages/airflow/example_dags/example_subdag_operator.py took 0.109 seconds
[2026-05-09T19:27:09.622+0000] {processor.py:161} INFO - Started process (PID=4133) to work on /home/airflow/.local/lib/python3.12/site-packages/airflow/example_dags/example_subdag_operator.py
[2026-05-09T19:27:09.623+0000] {processor.py:830} INFO - Processing file /home/airflow/.local/lib/python3.12/site-packages/airflow/example_dags/example_subdag_operator.py for tasks to queue
[2026-05-09T19:27:09.625+0000] {logging_mixin.py:188} INFO - [2026-05-09T19:27:09.624+0000] {dagbag.py:545} INFO - Filling up the DagBag from /home/airflow/.local/lib/python3.12/site-packages/airflow/example_dags/example_subdag_operator.py
[2026-05-09T19:27:09.649+0000] {processor.py:840} INFO - DAG(s) 'example_subdag_operator.section-1', 'example_subdag_operator.section-2', 'example_subdag_operator' retrieved from /home/airflow/.local/lib/python3.12/site-packages/airflow/example_dags/example_subdag_operator.py
[2026-05-09T19:27:09.666+0000] {logging_mixin.py:188} INFO - [2026-05-09T19:27:09.666+0000] {dag.py:3096} INFO - Sync 3 DAGs
[2026-05-09T19:27:09.687+0000] {logging_mixin.py:188} INFO - [2026-05-09T19:27:09.687+0000] {dag.py:3954} INFO - Setting next_dagrun for example_subdag_operator to 2022-01-01 00:00:00+00:00, run_after=2022-01-01 00:00:00+00:00
[2026-05-09T19:27:09.692+0000] {logging_mixin.py:188} INFO - [2026-05-09T19:27:09.691+0000] {dag.py:3954} INFO - Setting next_dagrun for example_subdag_operator.section-1 to None, run_after=None
[2026-05-09T19:27:09.694+0000] {logging_mixin.py:188} INFO - [2026-05-09T19:27:09.693+0000] {dag.py:3954} INFO - Setting next_dagrun for example_subdag_operator.section-2 to None, run_after=None
[2026-05-09T19:27:09.701+0000] {logging_mixin.py:188} INFO - [2026-05-09T19:27:09.701+0000] {dag.py:3096} INFO - Sync 2 DAGs
[2026-05-09T19:27:09.708+0000] {logging_mixin.py:188} INFO - [2026-05-09T19:27:09.708+0000] {dag.py:3954} INFO - Setting next_dagrun for example_subdag_operator.section-1 to None, run_after=None
[2026-05-09T19:27:09.709+0000] {logging_mixin.py:188} INFO - [2026-05-09T19:27:09.708+0000] {dag.py:3954} INFO - Setting next_dagrun for example_subdag_operator.section-2 to None, run_after=None
[2026-05-09T19:27:09.725+0000] {processor.py:183} INFO - Processing /home/airflow/.local/lib/python3.12/site-packages/airflow/example_dags/example_subdag_operator.py took 0.109 seconds
[2026-05-09T19:27:41.063+0000] {processor.py:161} INFO - Started process (PID=4192) to work on /home/airflow/.local/lib/python3.12/site-packages/airflow/example_dags/example_subdag_operator.py
[2026-05-09T19:27:41.064+0000] {processor.py:830} INFO - Processing file /home/airflow/.local/lib/python3.12/site-packages/airflow/example_dags/example_subdag_operator.py for tasks to queue
[2026-05-09T19:27:41.066+0000] {logging_mixin.py:188} INFO - [2026-05-09T19:27:41.065+0000] {dagbag.py:545} INFO - Filling up the DagBag from /home/airflow/.local/lib/python3.12/site-packages/airflow/example_dags/example_subdag_operator.py
[2026-05-09T19:27:41.087+0000] {processor.py:840} INFO - DAG(s) 'example_subdag_operator.section-1', 'example_subdag_operator.section-2', 'example_subdag_operator' retrieved from /home/airflow/.local/lib/python3.12/site-packages/airflow/example_dags/example_subdag_operator.py
[2026-05-09T19:27:41.103+0000] {logging_mixin.py:188} INFO - [2026-05-09T19:27:41.102+0000] {dag.py:3096} INFO - Sync 3 DAGs
[2026-05-09T19:27:41.123+0000] {logging_mixin.py:188} INFO - [2026-05-09T19:27:41.123+0000] {dag.py:3954} INFO - Setting next_dagrun for example_subdag_operator to 2022-01-01 00:00:00+00:00, run_after=2022-01-01 00:00:00+00:00
[2026-05-09T19:27:41.128+0000] {logging_mixin.py:188} INFO - [2026-05-09T19:27:41.127+0000] {dag.py:3954} INFO - Setting next_dagrun for example_subdag_operator.section-1 to None, run_after=None
[2026-05-09T19:27:41.129+0000] {logging_mixin.py:188} INFO - [2026-05-09T19:27:41.129+0000] {dag.py:3954} INFO - Setting next_dagrun for example_subdag_operator.section-2 to None, run_after=None
[2026-05-09T19:27:41.137+0000] {logging_mixin.py:188} INFO - [2026-05-09T19:27:41.136+0000] {dag.py:3096} INFO - Sync 2 DAGs
[2026-05-09T19:27:41.142+0000] {logging_mixin.py:188} INFO - [2026-05-09T19:27:41.141+0000] {dag.py:3954} INFO - Setting next_dagrun for example_subdag_operator.section-1 to None, run_after=None
[2026-05-09T19:27:41.143+0000] {logging_mixin.py:188} INFO - [2026-05-09T19:27:41.142+0000] {dag.py:3954} INFO - Setting next_dagrun for example_subdag_operator.section-2 to None, run_after=None
[2026-05-09T19:27:41.156+0000] {processor.py:183} INFO - Processing /home/airflow/.local/lib/python3.12/site-packages/airflow/example_dags/example_subdag_operator.py took 0.099 seconds
[2026-05-09T19:28:11.598+0000] {processor.py:161} INFO - Started process (PID=4251) to work on /home/airflow/.local/lib/python3.12/site-packages/airflow/example_dags/example_subdag_operator.py
[2026-05-09T19:28:11.599+0000] {processor.py:830} INFO - Processing file /home/airflow/.local/lib/python3.12/site-packages/airflow/example_dags/example_subdag_operator.py for tasks to queue
[2026-05-09T19:28:11.601+0000] {logging_mixin.py:188} INFO - [2026-05-09T19:28:11.600+0000] {dagbag.py:545} INFO - Filling up the DagBag from /home/airflow/.local/lib/python3.12/site-packages/airflow/example_dags/example_subdag_operator.py
[2026-05-09T19:28:11.623+0000] {processor.py:840} INFO - DAG(s) 'example_subdag_operator.section-1', 'example_subdag_operator.section-2', 'example_subdag_operator' retrieved from /home/airflow/.local/lib/python3.12/site-packages/airflow/example_dags/example_subdag_operator.py
[2026-05-09T19:28:11.637+0000] {logging_mixin.py:188} INFO - [2026-05-09T19:28:11.637+0000] {dag.py:3096} INFO - Sync 3 DAGs
[2026-05-09T19:28:11.657+0000] {logging_mixin.py:188} INFO - [2026-05-09T19:28:11.657+0000] {dag.py:3954} INFO - Setting next_dagrun for example_subdag_operator to 2022-01-01 00:00:00+00:00, run_after=2022-01-01 00:00:00+00:00
[2026-05-09T19:28:11.661+0000] {logging_mixin.py:188} INFO - [2026-05-09T19:28:11.661+0000] {dag.py:3954} INFO - Setting next_dagrun for example_subdag_operator.section-1 to None, run_after=None
[2026-05-09T19:28:11.663+0000] {logging_mixin.py:188} INFO - [2026-05-09T19:28:11.663+0000] {dag.py:3954} INFO - Setting next_dagrun for example_subdag_operator.section-2 to None, run_after=None
[2026-05-09T19:28:11.671+0000] {logging_mixin.py:188} INFO - [2026-05-09T19:28:11.670+0000] {dag.py:3096} INFO - Sync 2 DAGs
[2026-05-09T19:28:11.676+0000] {logging_mixin.py:188} INFO - [2026-05-09T19:28:11.676+0000] {dag.py:3954} INFO - Setting next_dagrun for example_subdag_operator.section-1 to None, run_after=None
[2026-05-09T19:28:11.677+0000] {logging_mixin.py:188} INFO - [2026-05-09T19:28:11.677+0000] {dag.py:3954} INFO - Setting next_dagrun for example_subdag_operator.section-2 to None, run_after=None
[2026-05-09T19:28:11.691+0000] {processor.py:183} INFO - Processing /home/airflow/.local/lib/python3.12/site-packages/airflow/example_dags/example_subdag_operator.py took 0.099 seconds
[2026-05-09T19:28:42.209+0000] {processor.py:161} INFO - Started process (PID=4310) to work on /home/airflow/.local/lib/python3.12/site-packages/airflow/example_dags/example_subdag_operator.py
[2026-05-09T19:28:42.211+0000] {processor.py:830} INFO - Processing file /home/airflow/.local/lib/python3.12/site-packages/airflow/example_dags/example_subdag_operator.py for tasks to queue
[2026-05-09T19:28:42.213+0000] {logging_mixin.py:188} INFO - [2026-05-09T19:28:42.212+0000] {dagbag.py:545} INFO - Filling up the DagBag from /home/airflow/.local/lib/python3.12/site-packages/airflow/example_dags/example_subdag_operator.py
[2026-05-09T19:28:42.236+0000] {processor.py:840} INFO - DAG(s) 'example_subdag_operator.section-1', 'example_subdag_operator.section-2', 'example_subdag_operator' retrieved from /home/airflow/.local/lib/python3.12/site-packages/airflow/example_dags/example_subdag_operator.py
[2026-05-09T19:28:42.251+0000] {logging_mixin.py:188} INFO - [2026-05-09T19:28:42.251+0000] {dag.py:3096} INFO - Sync 3 DAGs
[2026-05-09T19:28:42.273+0000] {logging_mixin.py:188} INFO - [2026-05-09T19:28:42.272+0000] {dag.py:3954} INFO - Setting next_dagrun for example_subdag_operator to 2022-01-01 00:00:00+00:00, run_after=2022-01-01 00:00:00+00:00
[2026-05-09T19:28:42.277+0000] {logging_mixin.py:188} INFO - [2026-05-09T19:28:42.276+0000] {dag.py:3954} INFO - Setting next_dagrun for example_subdag_operator.section-1 to None, run_after=None
[2026-05-09T19:28:42.278+0000] {logging_mixin.py:188} INFO - [2026-05-09T19:28:42.278+0000] {dag.py:3954} INFO - Setting next_dagrun for example_subdag_operator.section-2 to None, run_after=None
[2026-05-09T19:28:42.286+0000] {logging_mixin.py:188} INFO - [2026-05-09T19:28:42.286+0000] {dag.py:3096} INFO - Sync 2 DAGs
[2026-05-09T19:28:42.292+0000] {logging_mixin.py:188} INFO - [2026-05-09T19:28:42.291+0000] {dag.py:3954} INFO - Setting next_dagrun for example_subdag_operator.section-1 to None, run_after=None
[2026-05-09T19:28:42.293+0000] {logging_mixin.py:188} INFO - [2026-05-09T19:28:42.292+0000] {dag.py:3954} INFO - Setting next_dagrun for example_subdag_operator.section-2 to None, run_after=None
[2026-05-09T19:28:42.307+0000] {processor.py:183} INFO - Processing /home/airflow/.local/lib/python3.12/site-packages/airflow/example_dags/example_subdag_operator.py took 0.103 seconds
[2026-05-09T19:29:13.129+0000] {processor.py:161} INFO - Started process (PID=4369) to work on /home/airflow/.local/lib/python3.12/site-packages/airflow/example_dags/example_subdag_operator.py
[2026-05-09T19:29:13.130+0000] {processor.py:830} INFO - Processing file /home/airflow/.local/lib/python3.12/site-packages/airflow/example_dags/example_subdag_operator.py for tasks to queue
[2026-05-09T19:29:13.132+0000] {logging_mixin.py:188} INFO - [2026-05-09T19:29:13.132+0000] {dagbag.py:545} INFO - Filling up the DagBag from /home/airflow/.local/lib/python3.12/site-packages/airflow/example_dags/example_subdag_operator.py
[2026-05-09T19:29:13.163+0000] {processor.py:840} INFO - DAG(s) 'example_subdag_operator.section-1', 'example_subdag_operator.section-2', 'example_subdag_operator' retrieved from /home/airflow/.local/lib/python3.12/site-packages/airflow/example_dags/example_subdag_operator.py
[2026-05-09T19:29:13.181+0000] {logging_mixin.py:188} INFO - [2026-05-09T19:29:13.180+0000] {dag.py:3096} INFO - Sync 3 DAGs
[2026-05-09T19:29:13.205+0000] {logging_mixin.py:188} INFO - [2026-05-09T19:29:13.205+0000] {dag.py:3954} INFO - Setting next_dagrun for example_subdag_operator to 2022-01-01 00:00:00+00:00, run_after=2022-01-01 00:00:00+00:00
[2026-05-09T19:29:13.210+0000] {logging_mixin.py:188} INFO - [2026-05-09T19:29:13.210+0000] {dag.py:3954} INFO - Setting next_dagrun for example_subdag_operator.section-1 to None, run_after=None
[2026-05-09T19:29:13.213+0000] {logging_mixin.py:188} INFO - [2026-05-09T19:29:13.212+0000] {dag.py:3954} INFO - Setting next_dagrun for example_subdag_operator.section-2 to None, run_after=None
[2026-05-09T19:29:13.222+0000] {logging_mixin.py:188} INFO - [2026-05-09T19:29:13.222+0000] {dag.py:3096} INFO - Sync 2 DAGs
[2026-05-09T19:29:13.229+0000] {logging_mixin.py:188} INFO - [2026-05-09T19:29:13.229+0000] {dag.py:3954} INFO - Setting next_dagrun for example_subdag_operator.section-1 to None, run_after=None
[2026-05-09T19:29:13.230+0000] {logging_mixin.py:188} INFO - [2026-05-09T19:29:13.230+0000] {dag.py:3954} INFO - Setting next_dagrun for example_subdag_operator.section-2 to None, run_after=None
[2026-05-09T19:29:13.246+0000] {processor.py:183} INFO - Processing /home/airflow/.local/lib/python3.12/site-packages/airflow/example_dags/example_subdag_operator.py took 0.123 seconds
[2026-05-09T19:29:43.969+0000] {processor.py:161} INFO - Started process (PID=4428) to work on /home/airflow/.local/lib/python3.12/site-packages/airflow/example_dags/example_subdag_operator.py
[2026-05-09T19:29:43.970+0000] {processor.py:830} INFO - Processing file /home/airflow/.local/lib/python3.12/site-packages/airflow/example_dags/example_subdag_operator.py for tasks to queue
[2026-05-09T19:29:43.973+0000] {logging_mixin.py:188} INFO - [2026-05-09T19:29:43.972+0000] {dagbag.py:545} INFO - Filling up the DagBag from /home/airflow/.local/lib/python3.12/site-packages/airflow/example_dags/example_subdag_operator.py
[2026-05-09T19:29:43.997+0000] {processor.py:840} INFO - DAG(s) 'example_subdag_operator.section-1', 'example_subdag_operator.section-2', 'example_subdag_operator' retrieved from /home/airflow/.local/lib/python3.12/site-packages/airflow/example_dags/example_subdag_operator.py
[2026-05-09T19:29:44.013+0000] {logging_mixin.py:188} INFO - [2026-05-09T19:29:44.013+0000] {dag.py:3096} INFO - Sync 3 DAGs
[2026-05-09T19:29:44.034+0000] {logging_mixin.py:188} INFO - [2026-05-09T19:29:44.034+0000] {dag.py:3954} INFO - Setting next_dagrun for example_subdag_operator to 2022-01-01 00:00:00+00:00, run_after=2022-01-01 00:00:00+00:00
[2026-05-09T19:29:44.038+0000] {logging_mixin.py:188} INFO - [2026-05-09T19:29:44.038+0000] {dag.py:3954} INFO - Setting next_dagrun for example_subdag_operator.section-1 to None, run_after=None
[2026-05-09T19:29:44.040+0000] {logging_mixin.py:188} INFO - [2026-05-09T19:29:44.039+0000] {dag.py:3954} INFO - Setting next_dagrun for example_subdag_operator.section-2 to None, run_after=None
[2026-05-09T19:29:44.048+0000] {logging_mixin.py:188} INFO - [2026-05-09T19:29:44.047+0000] {dag.py:3096} INFO - Sync 2 DAGs
[2026-05-09T19:29:44.054+0000] {logging_mixin.py:188} INFO - [2026-05-09T19:29:44.054+0000] {dag.py:3954} INFO - Setting next_dagrun for example_subdag_operator.section-1 to None, run_after=None
[2026-05-09T19:29:44.055+0000] {logging_mixin.py:188} INFO - [2026-05-09T19:29:44.054+0000] {dag.py:3954} INFO - Setting next_dagrun for example_subdag_operator.section-2 to None, run_after=None
[2026-05-09T19:29:44.070+0000] {processor.py:183} INFO - Processing /home/airflow/.local/lib/python3.12/site-packages/airflow/example_dags/example_subdag_operator.py took 0.106 seconds
[2026-05-09T19:30:14.864+0000] {processor.py:161} INFO - Started process (PID=4487) to work on /home/airflow/.local/lib/python3.12/site-packages/airflow/example_dags/example_subdag_operator.py
[2026-05-09T19:30:14.865+0000] {processor.py:830} INFO - Processing file /home/airflow/.local/lib/python3.12/site-packages/airflow/example_dags/example_subdag_operator.py for tasks to queue
[2026-05-09T19:30:14.867+0000] {logging_mixin.py:188} INFO - [2026-05-09T19:30:14.866+0000] {dagbag.py:545} INFO - Filling up the DagBag from /home/airflow/.local/lib/python3.12/site-packages/airflow/example_dags/example_subdag_operator.py
[2026-05-09T19:30:14.890+0000] {processor.py:840} INFO - DAG(s) 'example_subdag_operator.section-1', 'example_subdag_operator.section-2', 'example_subdag_operator' retrieved from /home/airflow/.local/lib/python3.12/site-packages/airflow/example_dags/example_subdag_operator.py
[2026-05-09T19:30:14.908+0000] {logging_mixin.py:188} INFO - [2026-05-09T19:30:14.907+0000] {dag.py:3096} INFO - Sync 3 DAGs
[2026-05-09T19:30:14.929+0000] {logging_mixin.py:188} INFO - [2026-05-09T19:30:14.929+0000] {dag.py:3954} INFO - Setting next_dagrun for example_subdag_operator to 2022-01-01 00:00:00+00:00, run_after=2022-01-01 00:00:00+00:00
[2026-05-09T19:30:14.933+0000] {logging_mixin.py:188} INFO - [2026-05-09T19:30:14.933+0000] {dag.py:3954} INFO - Setting next_dagrun for example_subdag_operator.section-1 to None, run_after=None
[2026-05-09T19:30:14.935+0000] {logging_mixin.py:188} INFO - [2026-05-09T19:30:14.935+0000] {dag.py:3954} INFO - Setting next_dagrun for example_subdag_operator.section-2 to None, run_after=None
[2026-05-09T19:30:14.943+0000] {logging_mixin.py:188} INFO - [2026-05-09T19:30:14.942+0000] {dag.py:3096} INFO - Sync 2 DAGs
[2026-05-09T19:30:14.949+0000] {logging_mixin.py:188} INFO - [2026-05-09T19:30:14.949+0000] {dag.py:3954} INFO - Setting next_dagrun for example_subdag_operator.section-1 to None, run_after=None
[2026-05-09T19:30:14.950+0000] {logging_mixin.py:188} INFO - [2026-05-09T19:30:14.950+0000] {dag.py:3954} INFO - Setting next_dagrun for example_subdag_operator.section-2 to None, run_after=None
[2026-05-09T19:30:14.965+0000] {processor.py:183} INFO - Processing /home/airflow/.local/lib/python3.12/site-packages/airflow/example_dags/example_subdag_operator.py took 0.107 seconds
[2026-05-09T19:30:45.579+0000] {processor.py:161} INFO - Started process (PID=4546) to work on /home/airflow/.local/lib/python3.12/site-packages/airflow/example_dags/example_subdag_operator.py
[2026-05-09T19:30:45.580+0000] {processor.py:830} INFO - Processing file /home/airflow/.local/lib/python3.12/site-packages/airflow/example_dags/example_subdag_operator.py for tasks to queue
[2026-05-09T19:30:45.582+0000] {logging_mixin.py:188} INFO - [2026-05-09T19:30:45.582+0000] {dagbag.py:545} INFO - Filling up the DagBag from /home/airflow/.local/lib/python3.12/site-packages/airflow/example_dags/example_subdag_operator.py
[2026-05-09T19:30:45.605+0000] {processor.py:840} INFO - DAG(s) 'example_subdag_operator.section-1', 'example_subdag_operator.section-2', 'example_subdag_operator' retrieved from /home/airflow/.local/lib/python3.12/site-packages/airflow/example_dags/example_subdag_operator.py
[2026-05-09T19:30:45.620+0000] {logging_mixin.py:188} INFO - [2026-05-09T19:30:45.620+0000] {dag.py:3096} INFO - Sync 3 DAGs
[2026-05-09T19:30:45.641+0000] {logging_mixin.py:188} INFO - [2026-05-09T19:30:45.640+0000] {dag.py:3954} INFO - Setting next_dagrun for example_subdag_operator to 2022-01-01 00:00:00+00:00, run_after=2022-01-01 00:00:00+00:00
[2026-05-09T19:30:45.645+0000] {logging_mixin.py:188} INFO - [2026-05-09T19:30:45.644+0000] {dag.py:3954} INFO - Setting next_dagrun for example_subdag_operator.section-1 to None, run_after=None
[2026-05-09T19:30:45.647+0000] {logging_mixin.py:188} INFO - [2026-05-09T19:30:45.646+0000] {dag.py:3954} INFO - Setting next_dagrun for example_subdag_operator.section-2 to None, run_after=None
[2026-05-09T19:30:45.656+0000] {logging_mixin.py:188} INFO - [2026-05-09T19:30:45.655+0000] {dag.py:3096} INFO - Sync 2 DAGs
[2026-05-09T19:30:45.662+0000] {logging_mixin.py:188} INFO - [2026-05-09T19:30:45.662+0000] {dag.py:3954} INFO - Setting next_dagrun for example_subdag_operator.section-1 to None, run_after=None
[2026-05-09T19:30:45.663+0000] {logging_mixin.py:188} INFO - [2026-05-09T19:30:45.663+0000] {dag.py:3954} INFO - Setting next_dagrun for example_subdag_operator.section-2 to None, run_after=None
[2026-05-09T19:30:45.678+0000] {processor.py:183} INFO - Processing /home/airflow/.local/lib/python3.12/site-packages/airflow/example_dags/example_subdag_operator.py took 0.104 seconds
[2026-05-09T19:31:16.485+0000] {processor.py:161} INFO - Started process (PID=4605) to work on /home/airflow/.local/lib/python3.12/site-packages/airflow/example_dags/example_subdag_operator.py
[2026-05-09T19:31:16.486+0000] {processor.py:830} INFO - Processing file /home/airflow/.local/lib/python3.12/site-packages/airflow/example_dags/example_subdag_operator.py for tasks to queue
[2026-05-09T19:31:16.488+0000] {logging_mixin.py:188} INFO - [2026-05-09T19:31:16.487+0000] {dagbag.py:545} INFO - Filling up the DagBag from /home/airflow/.local/lib/python3.12/site-packages/airflow/example_dags/example_subdag_operator.py
[2026-05-09T19:31:16.517+0000] {processor.py:840} INFO - DAG(s) 'example_subdag_operator.section-1', 'example_subdag_operator.section-2', 'example_subdag_operator' retrieved from /home/airflow/.local/lib/python3.12/site-packages/airflow/example_dags/example_subdag_operator.py
[2026-05-09T19:31:16.535+0000] {logging_mixin.py:188} INFO - [2026-05-09T19:31:16.535+0000] {dag.py:3096} INFO - Sync 3 DAGs
[2026-05-09T19:31:16.560+0000] {logging_mixin.py:188} INFO - [2026-05-09T19:31:16.560+0000] {dag.py:3954} INFO - Setting next_dagrun for example_subdag_operator to 2022-01-01 00:00:00+00:00, run_after=2022-01-01 00:00:00+00:00
[2026-05-09T19:31:16.565+0000] {logging_mixin.py:188} INFO - [2026-05-09T19:31:16.565+0000] {dag.py:3954} INFO - Setting next_dagrun for example_subdag_operator.section-1 to None, run_after=None
[2026-05-09T19:31:16.567+0000] {logging_mixin.py:188} INFO - [2026-05-09T19:31:16.567+0000] {dag.py:3954} INFO - Setting next_dagrun for example_subdag_operator.section-2 to None, run_after=None
[2026-05-09T19:31:16.577+0000] {logging_mixin.py:188} INFO - [2026-05-09T19:31:16.577+0000] {dag.py:3096} INFO - Sync 2 DAGs
[2026-05-09T19:31:16.583+0000] {logging_mixin.py:188} INFO - [2026-05-09T19:31:16.583+0000] {dag.py:3954} INFO - Setting next_dagrun for example_subdag_operator.section-1 to None, run_after=None
[2026-05-09T19:31:16.584+0000] {logging_mixin.py:188} INFO - [2026-05-09T19:31:16.584+0000] {dag.py:3954} INFO - Setting next_dagrun for example_subdag_operator.section-2 to None, run_after=None
[2026-05-09T19:31:16.600+0000] {processor.py:183} INFO - Processing /home/airflow/.local/lib/python3.12/site-packages/airflow/example_dags/example_subdag_operator.py took 0.121 seconds
[2026-05-09T19:31:47.085+0000] {processor.py:161} INFO - Started process (PID=4664) to work on /home/airflow/.local/lib/python3.12/site-packages/airflow/example_dags/example_subdag_operator.py
[2026-05-09T19:31:47.086+0000] {processor.py:830} INFO - Processing file /home/airflow/.local/lib/python3.12/site-packages/airflow/example_dags/example_subdag_operator.py for tasks to queue
[2026-05-09T19:31:47.089+0000] {logging_mixin.py:188} INFO - [2026-05-09T19:31:47.088+0000] {dagbag.py:545} INFO - Filling up the DagBag from /home/airflow/.local/lib/python3.12/site-packages/airflow/example_dags/example_subdag_operator.py
[2026-05-09T19:31:47.116+0000] {processor.py:840} INFO - DAG(s) 'example_subdag_operator.section-1', 'example_subdag_operator.section-2', 'example_subdag_operator' retrieved from /home/airflow/.local/lib/python3.12/site-packages/airflow/example_dags/example_subdag_operator.py
[2026-05-09T19:31:47.132+0000] {logging_mixin.py:188} INFO - [2026-05-09T19:31:47.132+0000] {dag.py:3096} INFO - Sync 3 DAGs
[2026-05-09T19:31:47.159+0000] {logging_mixin.py:188} INFO - [2026-05-09T19:31:47.158+0000] {dag.py:3954} INFO - Setting next_dagrun for example_subdag_operator to 2022-01-01 00:00:00+00:00, run_after=2022-01-01 00:00:00+00:00
[2026-05-09T19:31:47.163+0000] {logging_mixin.py:188} INFO - [2026-05-09T19:31:47.163+0000] {dag.py:3954} INFO - Setting next_dagrun for example_subdag_operator.section-1 to None, run_after=None
[2026-05-09T19:31:47.166+0000] {logging_mixin.py:188} INFO - [2026-05-09T19:31:47.165+0000] {dag.py:3954} INFO - Setting next_dagrun for example_subdag_operator.section-2 to None, run_after=None
[2026-05-09T19:31:47.175+0000] {logging_mixin.py:188} INFO - [2026-05-09T19:31:47.175+0000] {dag.py:3096} INFO - Sync 2 DAGs
[2026-05-09T19:31:47.182+0000] {logging_mixin.py:188} INFO - [2026-05-09T19:31:47.182+0000] {dag.py:3954} INFO - Setting next_dagrun for example_subdag_operator.section-1 to None, run_after=None
[2026-05-09T19:31:47.184+0000] {logging_mixin.py:188} INFO - [2026-05-09T19:31:47.183+0000] {dag.py:3954} INFO - Setting next_dagrun for example_subdag_operator.section-2 to None, run_after=None
[2026-05-09T19:31:47.203+0000] {processor.py:183} INFO - Processing /home/airflow/.local/lib/python3.12/site-packages/airflow/example_dags/example_subdag_operator.py took 0.123 seconds
[2026-05-09T19:32:18.164+0000] {processor.py:161} INFO - Started process (PID=4723) to work on /home/airflow/.local/lib/python3.12/site-packages/airflow/example_dags/example_subdag_operator.py
[2026-05-09T19:32:18.165+0000] {processor.py:830} INFO - Processing file /home/airflow/.local/lib/python3.12/site-packages/airflow/example_dags/example_subdag_operator.py for tasks to queue
[2026-05-09T19:32:18.169+0000] {logging_mixin.py:188} INFO - [2026-05-09T19:32:18.168+0000] {dagbag.py:545} INFO - Filling up the DagBag from /home/airflow/.local/lib/python3.12/site-packages/airflow/example_dags/example_subdag_operator.py
[2026-05-09T19:32:18.208+0000] {processor.py:840} INFO - DAG(s) 'example_subdag_operator.section-1', 'example_subdag_operator.section-2', 'example_subdag_operator' retrieved from /home/airflow/.local/lib/python3.12/site-packages/airflow/example_dags/example_subdag_operator.py
[2026-05-09T19:32:18.231+0000] {logging_mixin.py:188} INFO - [2026-05-09T19:32:18.230+0000] {dag.py:3096} INFO - Sync 3 DAGs
[2026-05-09T19:32:18.280+0000] {logging_mixin.py:188} INFO - [2026-05-09T19:32:18.279+0000] {dag.py:3954} INFO - Setting next_dagrun for example_subdag_operator to 2022-01-01 00:00:00+00:00, run_after=2022-01-01 00:00:00+00:00
[2026-05-09T19:32:18.287+0000] {logging_mixin.py:188} INFO - [2026-05-09T19:32:18.286+0000] {dag.py:3954} INFO - Setting next_dagrun for example_subdag_operator.section-1 to None, run_after=None
[2026-05-09T19:32:18.291+0000] {logging_mixin.py:188} INFO - [2026-05-09T19:32:18.290+0000] {dag.py:3954} INFO - Setting next_dagrun for example_subdag_operator.section-2 to None, run_after=None
[2026-05-09T19:32:18.306+0000] {logging_mixin.py:188} INFO - [2026-05-09T19:32:18.305+0000] {dag.py:3096} INFO - Sync 2 DAGs
[2026-05-09T19:32:18.316+0000] {logging_mixin.py:188} INFO - [2026-05-09T19:32:18.316+0000] {dag.py:3954} INFO - Setting next_dagrun for example_subdag_operator.section-1 to None, run_after=None
[2026-05-09T19:32:18.317+0000] {logging_mixin.py:188} INFO - [2026-05-09T19:32:18.317+0000] {dag.py:3954} INFO - Setting next_dagrun for example_subdag_operator.section-2 to None, run_after=None
[2026-05-09T19:32:18.370+0000] {processor.py:183} INFO - Processing /home/airflow/.local/lib/python3.12/site-packages/airflow/example_dags/example_subdag_operator.py took 0.213 seconds
[2026-05-09T19:32:49.447+0000] {processor.py:161} INFO - Started process (PID=4783) to work on /home/airflow/.local/lib/python3.12/site-packages/airflow/example_dags/example_subdag_operator.py
[2026-05-09T19:32:49.448+0000] {processor.py:830} INFO - Processing file /home/airflow/.local/lib/python3.12/site-packages/airflow/example_dags/example_subdag_operator.py for tasks to queue
[2026-05-09T19:32:49.451+0000] {logging_mixin.py:188} INFO - [2026-05-09T19:32:49.450+0000] {dagbag.py:545} INFO - Filling up the DagBag from /home/airflow/.local/lib/python3.12/site-packages/airflow/example_dags/example_subdag_operator.py
[2026-05-09T19:32:49.477+0000] {processor.py:840} INFO - DAG(s) 'example_subdag_operator.section-1', 'example_subdag_operator.section-2', 'example_subdag_operator' retrieved from /home/airflow/.local/lib/python3.12/site-packages/airflow/example_dags/example_subdag_operator.py
[2026-05-09T19:32:49.494+0000] {logging_mixin.py:188} INFO - [2026-05-09T19:32:49.494+0000] {dag.py:3096} INFO - Sync 3 DAGs
[2026-05-09T19:32:49.518+0000] {logging_mixin.py:188} INFO - [2026-05-09T19:32:49.518+0000] {dag.py:3954} INFO - Setting next_dagrun for example_subdag_operator to 2022-01-01 00:00:00+00:00, run_after=2022-01-01 00:00:00+00:00
[2026-05-09T19:32:49.523+0000] {logging_mixin.py:188} INFO - [2026-05-09T19:32:49.522+0000] {dag.py:3954} INFO - Setting next_dagrun for example_subdag_operator.section-1 to None, run_after=None
[2026-05-09T19:32:49.526+0000] {logging_mixin.py:188} INFO - [2026-05-09T19:32:49.526+0000] {dag.py:3954} INFO - Setting next_dagrun for example_subdag_operator.section-2 to None, run_after=None
[2026-05-09T19:32:49.534+0000] {logging_mixin.py:188} INFO - [2026-05-09T19:32:49.534+0000] {dag.py:3096} INFO - Sync 2 DAGs
[2026-05-09T19:32:49.540+0000] {logging_mixin.py:188} INFO - [2026-05-09T19:32:49.540+0000] {dag.py:3954} INFO - Setting next_dagrun for example_subdag_operator.section-1 to None, run_after=None
[2026-05-09T19:32:49.541+0000] {logging_mixin.py:188} INFO - [2026-05-09T19:32:49.541+0000] {dag.py:3954} INFO - Setting next_dagrun for example_subdag_operator.section-2 to None, run_after=None
[2026-05-09T19:32:49.556+0000] {processor.py:183} INFO - Processing /home/airflow/.local/lib/python3.12/site-packages/airflow/example_dags/example_subdag_operator.py took 0.115 seconds
[2026-05-09T19:33:20.637+0000] {processor.py:161} INFO - Started process (PID=4842) to work on /home/airflow/.local/lib/python3.12/site-packages/airflow/example_dags/example_subdag_operator.py
[2026-05-09T19:33:20.639+0000] {processor.py:830} INFO - Processing file /home/airflow/.local/lib/python3.12/site-packages/airflow/example_dags/example_subdag_operator.py for tasks to queue
[2026-05-09T19:33:20.641+0000] {logging_mixin.py:188} INFO - [2026-05-09T19:33:20.641+0000] {dagbag.py:545} INFO - Filling up the DagBag from /home/airflow/.local/lib/python3.12/site-packages/airflow/example_dags/example_subdag_operator.py
[2026-05-09T19:33:20.666+0000] {processor.py:840} INFO - DAG(s) 'example_subdag_operator.section-1', 'example_subdag_operator.section-2', 'example_subdag_operator' retrieved from /home/airflow/.local/lib/python3.12/site-packages/airflow/example_dags/example_subdag_operator.py
[2026-05-09T19:33:20.688+0000] {logging_mixin.py:188} INFO - [2026-05-09T19:33:20.688+0000] {dag.py:3096} INFO - Sync 3 DAGs
[2026-05-09T19:33:20.716+0000] {logging_mixin.py:188} INFO - [2026-05-09T19:33:20.715+0000] {dag.py:3954} INFO - Setting next_dagrun for example_subdag_operator to 2022-01-01 00:00:00+00:00, run_after=2022-01-01 00:00:00+00:00
[2026-05-09T19:33:20.721+0000] {logging_mixin.py:188} INFO - [2026-05-09T19:33:20.720+0000] {dag.py:3954} INFO - Setting next_dagrun for example_subdag_operator.section-1 to None, run_after=None
[2026-05-09T19:33:20.723+0000] {logging_mixin.py:188} INFO - [2026-05-09T19:33:20.723+0000] {dag.py:3954} INFO - Setting next_dagrun for example_subdag_operator.section-2 to None, run_after=None
[2026-05-09T19:33:20.733+0000] {logging_mixin.py:188} INFO - [2026-05-09T19:33:20.733+0000] {dag.py:3096} INFO - Sync 2 DAGs
[2026-05-09T19:33:20.741+0000] {logging_mixin.py:188} INFO - [2026-05-09T19:33:20.740+0000] {dag.py:3954} INFO - Setting next_dagrun for example_subdag_operator.section-1 to None, run_after=None
[2026-05-09T19:33:20.741+0000] {logging_mixin.py:188} INFO - [2026-05-09T19:33:20.741+0000] {dag.py:3954} INFO - Setting next_dagrun for example_subdag_operator.section-2 to None, run_after=None
[2026-05-09T19:33:20.761+0000] {processor.py:183} INFO - Processing /home/airflow/.local/lib/python3.12/site-packages/airflow/example_dags/example_subdag_operator.py took 0.130 seconds
[2026-05-09T19:33:50.904+0000] {processor.py:161} INFO - Started process (PID=4901) to work on /home/airflow/.local/lib/python3.12/site-packages/airflow/example_dags/example_subdag_operator.py
[2026-05-09T19:33:50.905+0000] {processor.py:830} INFO - Processing file /home/airflow/.local/lib/python3.12/site-packages/airflow/example_dags/example_subdag_operator.py for tasks to queue
[2026-05-09T19:33:50.907+0000] {logging_mixin.py:188} INFO - [2026-05-09T19:33:50.906+0000] {dagbag.py:545} INFO - Filling up the DagBag from /home/airflow/.local/lib/python3.12/site-packages/airflow/example_dags/example_subdag_operator.py
[2026-05-09T19:33:50.930+0000] {processor.py:840} INFO - DAG(s) 'example_subdag_operator.section-1', 'example_subdag_operator.section-2', 'example_subdag_operator' retrieved from /home/airflow/.local/lib/python3.12/site-packages/airflow/example_dags/example_subdag_operator.py
[2026-05-09T19:33:50.948+0000] {logging_mixin.py:188} INFO - [2026-05-09T19:33:50.947+0000] {dag.py:3096} INFO - Sync 3 DAGs
[2026-05-09T19:33:50.971+0000] {logging_mixin.py:188} INFO - [2026-05-09T19:33:50.971+0000] {dag.py:3954} INFO - Setting next_dagrun for example_subdag_operator to 2022-01-01 00:00:00+00:00, run_after=2022-01-01 00:00:00+00:00
[2026-05-09T19:33:50.976+0000] {logging_mixin.py:188} INFO - [2026-05-09T19:33:50.976+0000] {dag.py:3954} INFO - Setting next_dagrun for example_subdag_operator.section-1 to None, run_after=None
[2026-05-09T19:33:50.978+0000] {logging_mixin.py:188} INFO - [2026-05-09T19:33:50.978+0000] {dag.py:3954} INFO - Setting next_dagrun for example_subdag_operator.section-2 to None, run_after=None
[2026-05-09T19:33:50.988+0000] {logging_mixin.py:188} INFO - [2026-05-09T19:33:50.987+0000] {dag.py:3096} INFO - Sync 2 DAGs
[2026-05-09T19:33:50.994+0000] {logging_mixin.py:188} INFO - [2026-05-09T19:33:50.993+0000] {dag.py:3954} INFO - Setting next_dagrun for example_subdag_operator.section-1 to None, run_after=None
[2026-05-09T19:33:50.995+0000] {logging_mixin.py:188} INFO - [2026-05-09T19:33:50.994+0000] {dag.py:3954} INFO - Setting next_dagrun for example_subdag_operator.section-2 to None, run_after=None
[2026-05-09T19:33:51.013+0000] {processor.py:183} INFO - Processing /home/airflow/.local/lib/python3.12/site-packages/airflow/example_dags/example_subdag_operator.py took 0.115 seconds
[2026-05-09T19:34:21.423+0000] {processor.py:161} INFO - Started process (PID=4961) to work on /home/airflow/.local/lib/python3.12/site-packages/airflow/example_dags/example_subdag_operator.py
[2026-05-09T19:34:21.425+0000] {processor.py:830} INFO - Processing file /home/airflow/.local/lib/python3.12/site-packages/airflow/example_dags/example_subdag_operator.py for tasks to queue
[2026-05-09T19:34:21.427+0000] {logging_mixin.py:188} INFO - [2026-05-09T19:34:21.426+0000] {dagbag.py:545} INFO - Filling up the DagBag from /home/airflow/.local/lib/python3.12/site-packages/airflow/example_dags/example_subdag_operator.py
[2026-05-09T19:34:21.451+0000] {processor.py:840} INFO - DAG(s) 'example_subdag_operator.section-1', 'example_subdag_operator.section-2', 'example_subdag_operator' retrieved from /home/airflow/.local/lib/python3.12/site-packages/airflow/example_dags/example_subdag_operator.py
[2026-05-09T19:34:21.467+0000] {logging_mixin.py:188} INFO - [2026-05-09T19:34:21.467+0000] {dag.py:3096} INFO - Sync 3 DAGs
[2026-05-09T19:34:21.497+0000] {logging_mixin.py:188} INFO - [2026-05-09T19:34:21.497+0000] {dag.py:3954} INFO - Setting next_dagrun for example_subdag_operator to 2022-01-01 00:00:00+00:00, run_after=2022-01-01 00:00:00+00:00
[2026-05-09T19:34:21.503+0000] {logging_mixin.py:188} INFO - [2026-05-09T19:34:21.502+0000] {dag.py:3954} INFO - Setting next_dagrun for example_subdag_operator.section-1 to None, run_after=None
[2026-05-09T19:34:21.506+0000] {logging_mixin.py:188} INFO - [2026-05-09T19:34:21.506+0000] {dag.py:3954} INFO - Setting next_dagrun for example_subdag_operator.section-2 to None, run_after=None
[2026-05-09T19:34:21.520+0000] {logging_mixin.py:188} INFO - [2026-05-09T19:34:21.520+0000] {dag.py:3096} INFO - Sync 2 DAGs
[2026-05-09T19:34:21.529+0000] {logging_mixin.py:188} INFO - [2026-05-09T19:34:21.529+0000] {dag.py:3954} INFO - Setting next_dagrun for example_subdag_operator.section-1 to None, run_after=None
[2026-05-09T19:34:21.530+0000] {logging_mixin.py:188} INFO - [2026-05-09T19:34:21.530+0000] {dag.py:3954} INFO - Setting next_dagrun for example_subdag_operator.section-2 to None, run_after=None
[2026-05-09T19:34:21.552+0000] {processor.py:183} INFO - Processing /home/airflow/.local/lib/python3.12/site-packages/airflow/example_dags/example_subdag_operator.py took 0.134 seconds
[2026-05-09T19:34:52.109+0000] {processor.py:161} INFO - Started process (PID=5019) to work on /home/airflow/.local/lib/python3.12/site-packages/airflow/example_dags/example_subdag_operator.py
[2026-05-09T19:34:52.111+0000] {processor.py:830} INFO - Processing file /home/airflow/.local/lib/python3.12/site-packages/airflow/example_dags/example_subdag_operator.py for tasks to queue
[2026-05-09T19:34:52.114+0000] {logging_mixin.py:188} INFO - [2026-05-09T19:34:52.113+0000] {dagbag.py:545} INFO - Filling up the DagBag from /home/airflow/.local/lib/python3.12/site-packages/airflow/example_dags/example_subdag_operator.py
[2026-05-09T19:34:52.153+0000] {processor.py:840} INFO - DAG(s) 'example_subdag_operator.section-1', 'example_subdag_operator.section-2', 'example_subdag_operator' retrieved from /home/airflow/.local/lib/python3.12/site-packages/airflow/example_dags/example_subdag_operator.py
[2026-05-09T19:34:52.181+0000] {logging_mixin.py:188} INFO - [2026-05-09T19:34:52.181+0000] {dag.py:3096} INFO - Sync 3 DAGs
[2026-05-09T19:34:52.213+0000] {logging_mixin.py:188} INFO - [2026-05-09T19:34:52.212+0000] {dag.py:3954} INFO - Setting next_dagrun for example_subdag_operator to 2022-01-01 00:00:00+00:00, run_after=2022-01-01 00:00:00+00:00
[2026-05-09T19:34:52.219+0000] {logging_mixin.py:188} INFO - [2026-05-09T19:34:52.218+0000] {dag.py:3954} INFO - Setting next_dagrun for example_subdag_operator.section-1 to None, run_after=None
[2026-05-09T19:34:52.222+0000] {logging_mixin.py:188} INFO - [2026-05-09T19:34:52.221+0000] {dag.py:3954} INFO - Setting next_dagrun for example_subdag_operator.section-2 to None, run_after=None
[2026-05-09T19:34:52.233+0000] {logging_mixin.py:188} INFO - [2026-05-09T19:34:52.233+0000] {dag.py:3096} INFO - Sync 2 DAGs
[2026-05-09T19:34:52.243+0000] {logging_mixin.py:188} INFO - [2026-05-09T19:34:52.243+0000] {dag.py:3954} INFO - Setting next_dagrun for example_subdag_operator.section-1 to None, run_after=None
[2026-05-09T19:34:52.245+0000] {logging_mixin.py:188} INFO - [2026-05-09T19:34:52.244+0000] {dag.py:3954} INFO - Setting next_dagrun for example_subdag_operator.section-2 to None, run_after=None
[2026-05-09T19:34:52.268+0000] {processor.py:183} INFO - Processing /home/airflow/.local/lib/python3.12/site-packages/airflow/example_dags/example_subdag_operator.py took 0.167 seconds
[2026-05-09T19:35:23.552+0000] {processor.py:161} INFO - Started process (PID=5078) to work on /home/airflow/.local/lib/python3.12/site-packages/airflow/example_dags/example_subdag_operator.py
[2026-05-09T19:35:23.553+0000] {processor.py:830} INFO - Processing file /home/airflow/.local/lib/python3.12/site-packages/airflow/example_dags/example_subdag_operator.py for tasks to queue
[2026-05-09T19:35:23.556+0000] {logging_mixin.py:188} INFO - [2026-05-09T19:35:23.555+0000] {dagbag.py:545} INFO - Filling up the DagBag from /home/airflow/.local/lib/python3.12/site-packages/airflow/example_dags/example_subdag_operator.py
[2026-05-09T19:35:23.582+0000] {processor.py:840} INFO - DAG(s) 'example_subdag_operator.section-1', 'example_subdag_operator.section-2', 'example_subdag_operator' retrieved from /home/airflow/.local/lib/python3.12/site-packages/airflow/example_dags/example_subdag_operator.py
[2026-05-09T19:35:23.599+0000] {logging_mixin.py:188} INFO - [2026-05-09T19:35:23.598+0000] {dag.py:3096} INFO - Sync 3 DAGs
[2026-05-09T19:35:23.623+0000] {logging_mixin.py:188} INFO - [2026-05-09T19:35:23.622+0000] {dag.py:3954} INFO - Setting next_dagrun for example_subdag_operator to 2022-01-01 00:00:00+00:00, run_after=2022-01-01 00:00:00+00:00
[2026-05-09T19:35:23.627+0000] {logging_mixin.py:188} INFO - [2026-05-09T19:35:23.627+0000] {dag.py:3954} INFO - Setting next_dagrun for example_subdag_operator.section-1 to None, run_after=None
[2026-05-09T19:35:23.630+0000] {logging_mixin.py:188} INFO - [2026-05-09T19:35:23.629+0000] {dag.py:3954} INFO - Setting next_dagrun for example_subdag_operator.section-2 to None, run_after=None
[2026-05-09T19:35:23.640+0000] {logging_mixin.py:188} INFO - [2026-05-09T19:35:23.640+0000] {dag.py:3096} INFO - Sync 2 DAGs
[2026-05-09T19:35:23.651+0000] {logging_mixin.py:188} INFO - [2026-05-09T19:35:23.651+0000] {dag.py:3954} INFO - Setting next_dagrun for example_subdag_operator.section-1 to None, run_after=None
[2026-05-09T19:35:23.652+0000] {logging_mixin.py:188} INFO - [2026-05-09T19:35:23.652+0000] {dag.py:3954} INFO - Setting next_dagrun for example_subdag_operator.section-2 to None, run_after=None
[2026-05-09T19:35:23.680+0000] {processor.py:183} INFO - Processing /home/airflow/.local/lib/python3.12/site-packages/airflow/example_dags/example_subdag_operator.py took 0.134 seconds
[2026-05-09T19:35:54.013+0000] {processor.py:161} INFO - Started process (PID=5137) to work on /home/airflow/.local/lib/python3.12/site-packages/airflow/example_dags/example_subdag_operator.py
[2026-05-09T19:35:54.014+0000] {processor.py:830} INFO - Processing file /home/airflow/.local/lib/python3.12/site-packages/airflow/example_dags/example_subdag_operator.py for tasks to queue
[2026-05-09T19:35:54.017+0000] {logging_mixin.py:188} INFO - [2026-05-09T19:35:54.016+0000] {dagbag.py:545} INFO - Filling up the DagBag from /home/airflow/.local/lib/python3.12/site-packages/airflow/example_dags/example_subdag_operator.py
[2026-05-09T19:35:54.045+0000] {processor.py:840} INFO - DAG(s) 'example_subdag_operator.section-1', 'example_subdag_operator.section-2', 'example_subdag_operator' retrieved from /home/airflow/.local/lib/python3.12/site-packages/airflow/example_dags/example_subdag_operator.py
[2026-05-09T19:35:54.064+0000] {logging_mixin.py:188} INFO - [2026-05-09T19:35:54.064+0000] {dag.py:3096} INFO - Sync 3 DAGs
[2026-05-09T19:35:54.092+0000] {logging_mixin.py:188} INFO - [2026-05-09T19:35:54.092+0000] {dag.py:3954} INFO - Setting next_dagrun for example_subdag_operator to 2022-01-01 00:00:00+00:00, run_after=2022-01-01 00:00:00+00:00
[2026-05-09T19:35:54.097+0000] {logging_mixin.py:188} INFO - [2026-05-09T19:35:54.096+0000] {dag.py:3954} INFO - Setting next_dagrun for example_subdag_operator.section-1 to None, run_after=None
[2026-05-09T19:35:54.099+0000] {logging_mixin.py:188} INFO - [2026-05-09T19:35:54.099+0000] {dag.py:3954} INFO - Setting next_dagrun for example_subdag_operator.section-2 to None, run_after=None
[2026-05-09T19:35:54.108+0000] {logging_mixin.py:188} INFO - [2026-05-09T19:35:54.108+0000] {dag.py:3096} INFO - Sync 2 DAGs
[2026-05-09T19:35:54.115+0000] {logging_mixin.py:188} INFO - [2026-05-09T19:35:54.115+0000] {dag.py:3954} INFO - Setting next_dagrun for example_subdag_operator.section-1 to None, run_after=None
[2026-05-09T19:35:54.116+0000] {logging_mixin.py:188} INFO - [2026-05-09T19:35:54.116+0000] {dag.py:3954} INFO - Setting next_dagrun for example_subdag_operator.section-2 to None, run_after=None
[2026-05-09T19:35:54.133+0000] {processor.py:183} INFO - Processing /home/airflow/.local/lib/python3.12/site-packages/airflow/example_dags/example_subdag_operator.py took 0.125 seconds
[2026-05-09T19:36:24.776+0000] {processor.py:161} INFO - Started process (PID=5196) to work on /home/airflow/.local/lib/python3.12/site-packages/airflow/example_dags/example_subdag_operator.py
[2026-05-09T19:36:24.778+0000] {processor.py:830} INFO - Processing file /home/airflow/.local/lib/python3.12/site-packages/airflow/example_dags/example_subdag_operator.py for tasks to queue
[2026-05-09T19:36:24.780+0000] {logging_mixin.py:188} INFO - [2026-05-09T19:36:24.780+0000] {dagbag.py:545} INFO - Filling up the DagBag from /home/airflow/.local/lib/python3.12/site-packages/airflow/example_dags/example_subdag_operator.py
[2026-05-09T19:36:24.813+0000] {processor.py:840} INFO - DAG(s) 'example_subdag_operator.section-1', 'example_subdag_operator.section-2', 'example_subdag_operator' retrieved from /home/airflow/.local/lib/python3.12/site-packages/airflow/example_dags/example_subdag_operator.py
[2026-05-09T19:36:24.833+0000] {logging_mixin.py:188} INFO - [2026-05-09T19:36:24.833+0000] {dag.py:3096} INFO - Sync 3 DAGs
[2026-05-09T19:36:24.861+0000] {logging_mixin.py:188} INFO - [2026-05-09T19:36:24.861+0000] {dag.py:3954} INFO - Setting next_dagrun for example_subdag_operator to 2022-01-01 00:00:00+00:00, run_after=2022-01-01 00:00:00+00:00
[2026-05-09T19:36:24.866+0000] {logging_mixin.py:188} INFO - [2026-05-09T19:36:24.866+0000] {dag.py:3954} INFO - Setting next_dagrun for example_subdag_operator.section-1 to None, run_after=None
[2026-05-09T19:36:24.868+0000] {logging_mixin.py:188} INFO - [2026-05-09T19:36:24.868+0000] {dag.py:3954} INFO - Setting next_dagrun for example_subdag_operator.section-2 to None, run_after=None
[2026-05-09T19:36:24.881+0000] {logging_mixin.py:188} INFO - [2026-05-09T19:36:24.881+0000] {dag.py:3096} INFO - Sync 2 DAGs
[2026-05-09T19:36:24.891+0000] {logging_mixin.py:188} INFO - [2026-05-09T19:36:24.890+0000] {dag.py:3954} INFO - Setting next_dagrun for example_subdag_operator.section-1 to None, run_after=None
[2026-05-09T19:36:24.892+0000] {logging_mixin.py:188} INFO - [2026-05-09T19:36:24.892+0000] {dag.py:3954} INFO - Setting next_dagrun for example_subdag_operator.section-2 to None, run_after=None
[2026-05-09T19:36:24.918+0000] {processor.py:183} INFO - Processing /home/airflow/.local/lib/python3.12/site-packages/airflow/example_dags/example_subdag_operator.py took 0.148 seconds
[2026-05-09T19:36:56.003+0000] {processor.py:161} INFO - Started process (PID=5255) to work on /home/airflow/.local/lib/python3.12/site-packages/airflow/example_dags/example_subdag_operator.py
[2026-05-09T19:36:56.004+0000] {processor.py:830} INFO - Processing file /home/airflow/.local/lib/python3.12/site-packages/airflow/example_dags/example_subdag_operator.py for tasks to queue
[2026-05-09T19:36:56.006+0000] {logging_mixin.py:188} INFO - [2026-05-09T19:36:56.006+0000] {dagbag.py:545} INFO - Filling up the DagBag from /home/airflow/.local/lib/python3.12/site-packages/airflow/example_dags/example_subdag_operator.py
[2026-05-09T19:36:56.034+0000] {processor.py:840} INFO - DAG(s) 'example_subdag_operator.section-1', 'example_subdag_operator.section-2', 'example_subdag_operator' retrieved from /home/airflow/.local/lib/python3.12/site-packages/airflow/example_dags/example_subdag_operator.py
[2026-05-09T19:36:56.055+0000] {logging_mixin.py:188} INFO - [2026-05-09T19:36:56.055+0000] {dag.py:3096} INFO - Sync 3 DAGs
[2026-05-09T19:36:56.081+0000] {logging_mixin.py:188} INFO - [2026-05-09T19:36:56.081+0000] {dag.py:3954} INFO - Setting next_dagrun for example_subdag_operator to 2022-01-01 00:00:00+00:00, run_after=2022-01-01 00:00:00+00:00
[2026-05-09T19:36:56.086+0000] {logging_mixin.py:188} INFO - [2026-05-09T19:36:56.086+0000] {dag.py:3954} INFO - Setting next_dagrun for example_subdag_operator.section-1 to None, run_after=None
[2026-05-09T19:36:56.088+0000] {logging_mixin.py:188} INFO - [2026-05-09T19:36:56.088+0000] {dag.py:3954} INFO - Setting next_dagrun for example_subdag_operator.section-2 to None, run_after=None
[2026-05-09T19:36:56.098+0000] {logging_mixin.py:188} INFO - [2026-05-09T19:36:56.098+0000] {dag.py:3096} INFO - Sync 2 DAGs
[2026-05-09T19:36:56.107+0000] {logging_mixin.py:188} INFO - [2026-05-09T19:36:56.106+0000] {dag.py:3954} INFO - Setting next_dagrun for example_subdag_operator.section-1 to None, run_after=None
[2026-05-09T19:36:56.108+0000] {logging_mixin.py:188} INFO - [2026-05-09T19:36:56.107+0000] {dag.py:3954} INFO - Setting next_dagrun for example_subdag_operator.section-2 to None, run_after=None
[2026-05-09T19:36:56.126+0000] {processor.py:183} INFO - Processing /home/airflow/.local/lib/python3.12/site-packages/airflow/example_dags/example_subdag_operator.py took 0.128 seconds
[2026-05-09T19:37:26.402+0000] {processor.py:161} INFO - Started process (PID=5314) to work on /home/airflow/.local/lib/python3.12/site-packages/airflow/example_dags/example_subdag_operator.py
[2026-05-09T19:37:26.403+0000] {processor.py:830} INFO - Processing file /home/airflow/.local/lib/python3.12/site-packages/airflow/example_dags/example_subdag_operator.py for tasks to queue
[2026-05-09T19:37:26.405+0000] {logging_mixin.py:188} INFO - [2026-05-09T19:37:26.405+0000] {dagbag.py:545} INFO - Filling up the DagBag from /home/airflow/.local/lib/python3.12/site-packages/airflow/example_dags/example_subdag_operator.py
[2026-05-09T19:37:26.430+0000] {processor.py:840} INFO - DAG(s) 'example_subdag_operator.section-1', 'example_subdag_operator.section-2', 'example_subdag_operator' retrieved from /home/airflow/.local/lib/python3.12/site-packages/airflow/example_dags/example_subdag_operator.py
[2026-05-09T19:37:26.448+0000] {logging_mixin.py:188} INFO - [2026-05-09T19:37:26.448+0000] {dag.py:3096} INFO - Sync 3 DAGs
[2026-05-09T19:37:26.475+0000] {logging_mixin.py:188} INFO - [2026-05-09T19:37:26.474+0000] {dag.py:3954} INFO - Setting next_dagrun for example_subdag_operator to 2022-01-01 00:00:00+00:00, run_after=2022-01-01 00:00:00+00:00
[2026-05-09T19:37:26.479+0000] {logging_mixin.py:188} INFO - [2026-05-09T19:37:26.479+0000] {dag.py:3954} INFO - Setting next_dagrun for example_subdag_operator.section-1 to None, run_after=None
[2026-05-09T19:37:26.481+0000] {logging_mixin.py:188} INFO - [2026-05-09T19:37:26.481+0000] {dag.py:3954} INFO - Setting next_dagrun for example_subdag_operator.section-2 to None, run_after=None
[2026-05-09T19:37:26.490+0000] {logging_mixin.py:188} INFO - [2026-05-09T19:37:26.490+0000] {dag.py:3096} INFO - Sync 2 DAGs
[2026-05-09T19:37:26.497+0000] {logging_mixin.py:188} INFO - [2026-05-09T19:37:26.497+0000] {dag.py:3954} INFO - Setting next_dagrun for example_subdag_operator.section-1 to None, run_after=None
[2026-05-09T19:37:26.498+0000] {logging_mixin.py:188} INFO - [2026-05-09T19:37:26.498+0000] {dag.py:3954} INFO - Setting next_dagrun for example_subdag_operator.section-2 to None, run_after=None
[2026-05-09T19:37:26.514+0000] {processor.py:183} INFO - Processing /home/airflow/.local/lib/python3.12/site-packages/airflow/example_dags/example_subdag_operator.py took 0.118 seconds
[2026-05-09T19:37:57.176+0000] {processor.py:161} INFO - Started process (PID=5373) to work on /home/airflow/.local/lib/python3.12/site-packages/airflow/example_dags/example_subdag_operator.py
[2026-05-09T19:37:57.178+0000] {processor.py:830} INFO - Processing file /home/airflow/.local/lib/python3.12/site-packages/airflow/example_dags/example_subdag_operator.py for tasks to queue
[2026-05-09T19:37:57.179+0000] {logging_mixin.py:188} INFO - [2026-05-09T19:37:57.179+0000] {dagbag.py:545} INFO - Filling up the DagBag from /home/airflow/.local/lib/python3.12/site-packages/airflow/example_dags/example_subdag_operator.py
[2026-05-09T19:37:57.203+0000] {processor.py:840} INFO - DAG(s) 'example_subdag_operator.section-1', 'example_subdag_operator.section-2', 'example_subdag_operator' retrieved from /home/airflow/.local/lib/python3.12/site-packages/airflow/example_dags/example_subdag_operator.py
[2026-05-09T19:37:57.219+0000] {logging_mixin.py:188} INFO - [2026-05-09T19:37:57.218+0000] {dag.py:3096} INFO - Sync 3 DAGs
[2026-05-09T19:37:57.241+0000] {logging_mixin.py:188} INFO - [2026-05-09T19:37:57.240+0000] {dag.py:3954} INFO - Setting next_dagrun for example_subdag_operator to 2022-01-01 00:00:00+00:00, run_after=2022-01-01 00:00:00+00:00
[2026-05-09T19:37:57.245+0000] {logging_mixin.py:188} INFO - [2026-05-09T19:37:57.245+0000] {dag.py:3954} INFO - Setting next_dagrun for example_subdag_operator.section-1 to None, run_after=None
[2026-05-09T19:37:57.247+0000] {logging_mixin.py:188} INFO - [2026-05-09T19:37:57.247+0000] {dag.py:3954} INFO - Setting next_dagrun for example_subdag_operator.section-2 to None, run_after=None
[2026-05-09T19:37:57.255+0000] {logging_mixin.py:188} INFO - [2026-05-09T19:37:57.255+0000] {dag.py:3096} INFO - Sync 2 DAGs
[2026-05-09T19:37:57.262+0000] {logging_mixin.py:188} INFO - [2026-05-09T19:37:57.262+0000] {dag.py:3954} INFO - Setting next_dagrun for example_subdag_operator.section-1 to None, run_after=None
[2026-05-09T19:37:57.263+0000] {logging_mixin.py:188} INFO - [2026-05-09T19:37:57.263+0000] {dag.py:3954} INFO - Setting next_dagrun for example_subdag_operator.section-2 to None, run_after=None
[2026-05-09T19:37:57.281+0000] {processor.py:183} INFO - Processing /home/airflow/.local/lib/python3.12/site-packages/airflow/example_dags/example_subdag_operator.py took 0.110 seconds
[2026-05-09T19:38:27.847+0000] {processor.py:161} INFO - Started process (PID=5432) to work on /home/airflow/.local/lib/python3.12/site-packages/airflow/example_dags/example_subdag_operator.py
[2026-05-09T19:38:27.849+0000] {processor.py:830} INFO - Processing file /home/airflow/.local/lib/python3.12/site-packages/airflow/example_dags/example_subdag_operator.py for tasks to queue
[2026-05-09T19:38:27.851+0000] {logging_mixin.py:188} INFO - [2026-05-09T19:38:27.850+0000] {dagbag.py:545} INFO - Filling up the DagBag from /home/airflow/.local/lib/python3.12/site-packages/airflow/example_dags/example_subdag_operator.py
[2026-05-09T19:38:27.875+0000] {processor.py:840} INFO - DAG(s) 'example_subdag_operator.section-1', 'example_subdag_operator.section-2', 'example_subdag_operator' retrieved from /home/airflow/.local/lib/python3.12/site-packages/airflow/example_dags/example_subdag_operator.py
[2026-05-09T19:38:27.891+0000] {logging_mixin.py:188} INFO - [2026-05-09T19:38:27.891+0000] {dag.py:3096} INFO - Sync 3 DAGs
[2026-05-09T19:38:27.914+0000] {logging_mixin.py:188} INFO - [2026-05-09T19:38:27.913+0000] {dag.py:3954} INFO - Setting next_dagrun for example_subdag_operator to 2022-01-01 00:00:00+00:00, run_after=2022-01-01 00:00:00+00:00
[2026-05-09T19:38:27.918+0000] {logging_mixin.py:188} INFO - [2026-05-09T19:38:27.917+0000] {dag.py:3954} INFO - Setting next_dagrun for example_subdag_operator.section-1 to None, run_after=None
[2026-05-09T19:38:27.919+0000] {logging_mixin.py:188} INFO - [2026-05-09T19:38:27.919+0000] {dag.py:3954} INFO - Setting next_dagrun for example_subdag_operator.section-2 to None, run_after=None
[2026-05-09T19:38:27.927+0000] {logging_mixin.py:188} INFO - [2026-05-09T19:38:27.927+0000] {dag.py:3096} INFO - Sync 2 DAGs
[2026-05-09T19:38:27.933+0000] {logging_mixin.py:188} INFO - [2026-05-09T19:38:27.932+0000] {dag.py:3954} INFO - Setting next_dagrun for example_subdag_operator.section-1 to None, run_after=None
[2026-05-09T19:38:27.933+0000] {logging_mixin.py:188} INFO - [2026-05-09T19:38:27.933+0000] {dag.py:3954} INFO - Setting next_dagrun for example_subdag_operator.section-2 to None, run_after=None
[2026-05-09T19:38:27.948+0000] {processor.py:183} INFO - Processing /home/airflow/.local/lib/python3.12/site-packages/airflow/example_dags/example_subdag_operator.py took 0.106 seconds
[2026-05-09T19:38:59.111+0000] {processor.py:161} INFO - Started process (PID=5491) to work on /home/airflow/.local/lib/python3.12/site-packages/airflow/example_dags/example_subdag_operator.py
[2026-05-09T19:38:59.113+0000] {processor.py:830} INFO - Processing file /home/airflow/.local/lib/python3.12/site-packages/airflow/example_dags/example_subdag_operator.py for tasks to queue
[2026-05-09T19:38:59.115+0000] {logging_mixin.py:188} INFO - [2026-05-09T19:38:59.115+0000] {dagbag.py:545} INFO - Filling up the DagBag from /home/airflow/.local/lib/python3.12/site-packages/airflow/example_dags/example_subdag_operator.py
[2026-05-09T19:38:59.138+0000] {processor.py:840} INFO - DAG(s) 'example_subdag_operator.section-1', 'example_subdag_operator.section-2', 'example_subdag_operator' retrieved from /home/airflow/.local/lib/python3.12/site-packages/airflow/example_dags/example_subdag_operator.py
[2026-05-09T19:38:59.153+0000] {logging_mixin.py:188} INFO - [2026-05-09T19:38:59.153+0000] {dag.py:3096} INFO - Sync 3 DAGs
[2026-05-09T19:38:59.174+0000] {logging_mixin.py:188} INFO - [2026-05-09T19:38:59.174+0000] {dag.py:3954} INFO - Setting next_dagrun for example_subdag_operator to 2022-01-01 00:00:00+00:00, run_after=2022-01-01 00:00:00+00:00
[2026-05-09T19:38:59.178+0000] {logging_mixin.py:188} INFO - [2026-05-09T19:38:59.177+0000] {dag.py:3954} INFO - Setting next_dagrun for example_subdag_operator.section-1 to None, run_after=None
[2026-05-09T19:38:59.180+0000] {logging_mixin.py:188} INFO - [2026-05-09T19:38:59.179+0000] {dag.py:3954} INFO - Setting next_dagrun for example_subdag_operator.section-2 to None, run_after=None
[2026-05-09T19:38:59.188+0000] {logging_mixin.py:188} INFO - [2026-05-09T19:38:59.188+0000] {dag.py:3096} INFO - Sync 2 DAGs
[2026-05-09T19:38:59.194+0000] {logging_mixin.py:188} INFO - [2026-05-09T19:38:59.194+0000] {dag.py:3954} INFO - Setting next_dagrun for example_subdag_operator.section-1 to None, run_after=None
[2026-05-09T19:38:59.195+0000] {logging_mixin.py:188} INFO - [2026-05-09T19:38:59.195+0000] {dag.py:3954} INFO - Setting next_dagrun for example_subdag_operator.section-2 to None, run_after=None
[2026-05-09T19:38:59.209+0000] {processor.py:183} INFO - Processing /home/airflow/.local/lib/python3.12/site-packages/airflow/example_dags/example_subdag_operator.py took 0.103 seconds
[2026-05-09T19:39:30.182+0000] {processor.py:161} INFO - Started process (PID=5550) to work on /home/airflow/.local/lib/python3.12/site-packages/airflow/example_dags/example_subdag_operator.py
[2026-05-09T19:39:30.184+0000] {processor.py:830} INFO - Processing file /home/airflow/.local/lib/python3.12/site-packages/airflow/example_dags/example_subdag_operator.py for tasks to queue
[2026-05-09T19:39:30.186+0000] {logging_mixin.py:188} INFO - [2026-05-09T19:39:30.185+0000] {dagbag.py:545} INFO - Filling up the DagBag from /home/airflow/.local/lib/python3.12/site-packages/airflow/example_dags/example_subdag_operator.py
[2026-05-09T19:39:30.209+0000] {processor.py:840} INFO - DAG(s) 'example_subdag_operator.section-1', 'example_subdag_operator.section-2', 'example_subdag_operator' retrieved from /home/airflow/.local/lib/python3.12/site-packages/airflow/example_dags/example_subdag_operator.py
[2026-05-09T19:39:30.225+0000] {logging_mixin.py:188} INFO - [2026-05-09T19:39:30.224+0000] {dag.py:3096} INFO - Sync 3 DAGs
[2026-05-09T19:39:30.246+0000] {logging_mixin.py:188} INFO - [2026-05-09T19:39:30.246+0000] {dag.py:3954} INFO - Setting next_dagrun for example_subdag_operator to 2022-01-01 00:00:00+00:00, run_after=2022-01-01 00:00:00+00:00
[2026-05-09T19:39:30.250+0000] {logging_mixin.py:188} INFO - [2026-05-09T19:39:30.250+0000] {dag.py:3954} INFO - Setting next_dagrun for example_subdag_operator.section-1 to None, run_after=None
[2026-05-09T19:39:30.253+0000] {logging_mixin.py:188} INFO - [2026-05-09T19:39:30.253+0000] {dag.py:3954} INFO - Setting next_dagrun for example_subdag_operator.section-2 to None, run_after=None
[2026-05-09T19:39:30.262+0000] {logging_mixin.py:188} INFO - [2026-05-09T19:39:30.262+0000] {dag.py:3096} INFO - Sync 2 DAGs
[2026-05-09T19:39:30.269+0000] {logging_mixin.py:188} INFO - [2026-05-09T19:39:30.268+0000] {dag.py:3954} INFO - Setting next_dagrun for example_subdag_operator.section-1 to None, run_after=None
[2026-05-09T19:39:30.269+0000] {logging_mixin.py:188} INFO - [2026-05-09T19:39:30.269+0000] {dag.py:3954} INFO - Setting next_dagrun for example_subdag_operator.section-2 to None, run_after=None
[2026-05-09T19:39:30.287+0000] {processor.py:183} INFO - Processing /home/airflow/.local/lib/python3.12/site-packages/airflow/example_dags/example_subdag_operator.py took 0.110 seconds
[2026-05-09T19:40:00.344+0000] {processor.py:161} INFO - Started process (PID=5609) to work on /home/airflow/.local/lib/python3.12/site-packages/airflow/example_dags/example_subdag_operator.py
[2026-05-09T19:40:00.345+0000] {processor.py:830} INFO - Processing file /home/airflow/.local/lib/python3.12/site-packages/airflow/example_dags/example_subdag_operator.py for tasks to queue
[2026-05-09T19:40:00.347+0000] {logging_mixin.py:188} INFO - [2026-05-09T19:40:00.347+0000] {dagbag.py:545} INFO - Filling up the DagBag from /home/airflow/.local/lib/python3.12/site-packages/airflow/example_dags/example_subdag_operator.py
[2026-05-09T19:40:00.370+0000] {processor.py:840} INFO - DAG(s) 'example_subdag_operator.section-1', 'example_subdag_operator.section-2', 'example_subdag_operator' retrieved from /home/airflow/.local/lib/python3.12/site-packages/airflow/example_dags/example_subdag_operator.py
[2026-05-09T19:40:00.386+0000] {logging_mixin.py:188} INFO - [2026-05-09T19:40:00.385+0000] {dag.py:3096} INFO - Sync 3 DAGs
[2026-05-09T19:40:00.408+0000] {logging_mixin.py:188} INFO - [2026-05-09T19:40:00.408+0000] {dag.py:3954} INFO - Setting next_dagrun for example_subdag_operator to 2022-01-01 00:00:00+00:00, run_after=2022-01-01 00:00:00+00:00
[2026-05-09T19:40:00.412+0000] {logging_mixin.py:188} INFO - [2026-05-09T19:40:00.411+0000] {dag.py:3954} INFO - Setting next_dagrun for example_subdag_operator.section-1 to None, run_after=None
[2026-05-09T19:40:00.414+0000] {logging_mixin.py:188} INFO - [2026-05-09T19:40:00.413+0000] {dag.py:3954} INFO - Setting next_dagrun for example_subdag_operator.section-2 to None, run_after=None
[2026-05-09T19:40:00.422+0000] {logging_mixin.py:188} INFO - [2026-05-09T19:40:00.422+0000] {dag.py:3096} INFO - Sync 2 DAGs
[2026-05-09T19:40:00.428+0000] {logging_mixin.py:188} INFO - [2026-05-09T19:40:00.428+0000] {dag.py:3954} INFO - Setting next_dagrun for example_subdag_operator.section-1 to None, run_after=None
[2026-05-09T19:40:00.429+0000] {logging_mixin.py:188} INFO - [2026-05-09T19:40:00.428+0000] {dag.py:3954} INFO - Setting next_dagrun for example_subdag_operator.section-2 to None, run_after=None
[2026-05-09T19:40:00.443+0000] {processor.py:183} INFO - Processing /home/airflow/.local/lib/python3.12/site-packages/airflow/example_dags/example_subdag_operator.py took 0.104 seconds
[2026-05-09T19:40:31.741+0000] {processor.py:161} INFO - Started process (PID=5668) to work on /home/airflow/.local/lib/python3.12/site-packages/airflow/example_dags/example_subdag_operator.py
[2026-05-09T19:40:31.743+0000] {processor.py:830} INFO - Processing file /home/airflow/.local/lib/python3.12/site-packages/airflow/example_dags/example_subdag_operator.py for tasks to queue
[2026-05-09T19:40:31.745+0000] {logging_mixin.py:188} INFO - [2026-05-09T19:40:31.744+0000] {dagbag.py:545} INFO - Filling up the DagBag from /home/airflow/.local/lib/python3.12/site-packages/airflow/example_dags/example_subdag_operator.py
[2026-05-09T19:40:31.768+0000] {processor.py:840} INFO - DAG(s) 'example_subdag_operator.section-1', 'example_subdag_operator.section-2', 'example_subdag_operator' retrieved from /home/airflow/.local/lib/python3.12/site-packages/airflow/example_dags/example_subdag_operator.py
[2026-05-09T19:40:31.784+0000] {logging_mixin.py:188} INFO - [2026-05-09T19:40:31.784+0000] {dag.py:3096} INFO - Sync 3 DAGs
[2026-05-09T19:40:31.808+0000] {logging_mixin.py:188} INFO - [2026-05-09T19:40:31.807+0000] {dag.py:3954} INFO - Setting next_dagrun for example_subdag_operator to 2022-01-01 00:00:00+00:00, run_after=2022-01-01 00:00:00+00:00
[2026-05-09T19:40:31.812+0000] {logging_mixin.py:188} INFO - [2026-05-09T19:40:31.812+0000] {dag.py:3954} INFO - Setting next_dagrun for example_subdag_operator.section-1 to None, run_after=None
[2026-05-09T19:40:31.815+0000] {logging_mixin.py:188} INFO - [2026-05-09T19:40:31.814+0000] {dag.py:3954} INFO - Setting next_dagrun for example_subdag_operator.section-2 to None, run_after=None
[2026-05-09T19:40:31.823+0000] {logging_mixin.py:188} INFO - [2026-05-09T19:40:31.822+0000] {dag.py:3096} INFO - Sync 2 DAGs
[2026-05-09T19:40:31.829+0000] {logging_mixin.py:188} INFO - [2026-05-09T19:40:31.829+0000] {dag.py:3954} INFO - Setting next_dagrun for example_subdag_operator.section-1 to None, run_after=None
[2026-05-09T19:40:31.830+0000] {logging_mixin.py:188} INFO - [2026-05-09T19:40:31.830+0000] {dag.py:3954} INFO - Setting next_dagrun for example_subdag_operator.section-2 to None, run_after=None
[2026-05-09T19:40:31.850+0000] {processor.py:183} INFO - Processing /home/airflow/.local/lib/python3.12/site-packages/airflow/example_dags/example_subdag_operator.py took 0.114 seconds
[2026-05-09T19:41:02.916+0000] {processor.py:161} INFO - Started process (PID=5728) to work on /home/airflow/.local/lib/python3.12/site-packages/airflow/example_dags/example_subdag_operator.py
[2026-05-09T19:41:02.917+0000] {processor.py:830} INFO - Processing file /home/airflow/.local/lib/python3.12/site-packages/airflow/example_dags/example_subdag_operator.py for tasks to queue
[2026-05-09T19:41:02.919+0000] {logging_mixin.py:188} INFO - [2026-05-09T19:41:02.919+0000] {dagbag.py:545} INFO - Filling up the DagBag from /home/airflow/.local/lib/python3.12/site-packages/airflow/example_dags/example_subdag_operator.py
[2026-05-09T19:41:02.943+0000] {processor.py:840} INFO - DAG(s) 'example_subdag_operator.section-1', 'example_subdag_operator.section-2', 'example_subdag_operator' retrieved from /home/airflow/.local/lib/python3.12/site-packages/airflow/example_dags/example_subdag_operator.py
[2026-05-09T19:41:02.958+0000] {logging_mixin.py:188} INFO - [2026-05-09T19:41:02.958+0000] {dag.py:3096} INFO - Sync 3 DAGs
[2026-05-09T19:41:02.979+0000] {logging_mixin.py:188} INFO - [2026-05-09T19:41:02.979+0000] {dag.py:3954} INFO - Setting next_dagrun for example_subdag_operator to 2022-01-01 00:00:00+00:00, run_after=2022-01-01 00:00:00+00:00
[2026-05-09T19:41:02.983+0000] {logging_mixin.py:188} INFO - [2026-05-09T19:41:02.983+0000] {dag.py:3954} INFO - Setting next_dagrun for example_subdag_operator.section-1 to None, run_after=None
[2026-05-09T19:41:02.985+0000] {logging_mixin.py:188} INFO - [2026-05-09T19:41:02.985+0000] {dag.py:3954} INFO - Setting next_dagrun for example_subdag_operator.section-2 to None, run_after=None
[2026-05-09T19:41:02.993+0000] {logging_mixin.py:188} INFO - [2026-05-09T19:41:02.993+0000] {dag.py:3096} INFO - Sync 2 DAGs
[2026-05-09T19:41:02.999+0000] {logging_mixin.py:188} INFO - [2026-05-09T19:41:02.999+0000] {dag.py:3954} INFO - Setting next_dagrun for example_subdag_operator.section-1 to None, run_after=None
[2026-05-09T19:41:03.000+0000] {logging_mixin.py:188} INFO - [2026-05-09T19:41:02.999+0000] {dag.py:3954} INFO - Setting next_dagrun for example_subdag_operator.section-2 to None, run_after=None
[2026-05-09T19:41:03.013+0000] {processor.py:183} INFO - Processing /home/airflow/.local/lib/python3.12/site-packages/airflow/example_dags/example_subdag_operator.py took 0.102 seconds
[2026-05-09T19:41:33.634+0000] {processor.py:161} INFO - Started process (PID=5787) to work on /home/airflow/.local/lib/python3.12/site-packages/airflow/example_dags/example_subdag_operator.py
[2026-05-09T19:41:33.636+0000] {processor.py:830} INFO - Processing file /home/airflow/.local/lib/python3.12/site-packages/airflow/example_dags/example_subdag_operator.py for tasks to queue
[2026-05-09T19:41:33.638+0000] {logging_mixin.py:188} INFO - [2026-05-09T19:41:33.637+0000] {dagbag.py:545} INFO - Filling up the DagBag from /home/airflow/.local/lib/python3.12/site-packages/airflow/example_dags/example_subdag_operator.py
[2026-05-09T19:41:33.662+0000] {processor.py:840} INFO - DAG(s) 'example_subdag_operator.section-1', 'example_subdag_operator.section-2', 'example_subdag_operator' retrieved from /home/airflow/.local/lib/python3.12/site-packages/airflow/example_dags/example_subdag_operator.py
[2026-05-09T19:41:33.678+0000] {logging_mixin.py:188} INFO - [2026-05-09T19:41:33.677+0000] {dag.py:3096} INFO - Sync 3 DAGs
[2026-05-09T19:41:33.701+0000] {logging_mixin.py:188} INFO - [2026-05-09T19:41:33.701+0000] {dag.py:3954} INFO - Setting next_dagrun for example_subdag_operator to 2022-01-01 00:00:00+00:00, run_after=2022-01-01 00:00:00+00:00
[2026-05-09T19:41:33.706+0000] {logging_mixin.py:188} INFO - [2026-05-09T19:41:33.706+0000] {dag.py:3954} INFO - Setting next_dagrun for example_subdag_operator.section-1 to None, run_after=None
[2026-05-09T19:41:33.708+0000] {logging_mixin.py:188} INFO - [2026-05-09T19:41:33.708+0000] {dag.py:3954} INFO - Setting next_dagrun for example_subdag_operator.section-2 to None, run_after=None
[2026-05-09T19:41:33.716+0000] {logging_mixin.py:188} INFO - [2026-05-09T19:41:33.716+0000] {dag.py:3096} INFO - Sync 2 DAGs
[2026-05-09T19:41:33.723+0000] {logging_mixin.py:188} INFO - [2026-05-09T19:41:33.722+0000] {dag.py:3954} INFO - Setting next_dagrun for example_subdag_operator.section-1 to None, run_after=None
[2026-05-09T19:41:33.723+0000] {logging_mixin.py:188} INFO - [2026-05-09T19:41:33.723+0000] {dag.py:3954} INFO - Setting next_dagrun for example_subdag_operator.section-2 to None, run_after=None
[2026-05-09T19:41:33.740+0000] {processor.py:183} INFO - Processing /home/airflow/.local/lib/python3.12/site-packages/airflow/example_dags/example_subdag_operator.py took 0.112 seconds
[2026-05-09T19:42:04.272+0000] {processor.py:161} INFO - Started process (PID=5846) to work on /home/airflow/.local/lib/python3.12/site-packages/airflow/example_dags/example_subdag_operator.py
[2026-05-09T19:42:04.273+0000] {processor.py:830} INFO - Processing file /home/airflow/.local/lib/python3.12/site-packages/airflow/example_dags/example_subdag_operator.py for tasks to queue
[2026-05-09T19:42:04.275+0000] {logging_mixin.py:188} INFO - [2026-05-09T19:42:04.275+0000] {dagbag.py:545} INFO - Filling up the DagBag from /home/airflow/.local/lib/python3.12/site-packages/airflow/example_dags/example_subdag_operator.py
[2026-05-09T19:42:04.302+0000] {processor.py:840} INFO - DAG(s) 'example_subdag_operator.section-1', 'example_subdag_operator.section-2', 'example_subdag_operator' retrieved from /home/airflow/.local/lib/python3.12/site-packages/airflow/example_dags/example_subdag_operator.py
[2026-05-09T19:42:04.322+0000] {logging_mixin.py:188} INFO - [2026-05-09T19:42:04.321+0000] {dag.py:3096} INFO - Sync 3 DAGs
[2026-05-09T19:42:04.345+0000] {logging_mixin.py:188} INFO - [2026-05-09T19:42:04.345+0000] {dag.py:3954} INFO - Setting next_dagrun for example_subdag_operator to 2022-01-01 00:00:00+00:00, run_after=2022-01-01 00:00:00+00:00
[2026-05-09T19:42:04.350+0000] {logging_mixin.py:188} INFO - [2026-05-09T19:42:04.350+0000] {dag.py:3954} INFO - Setting next_dagrun for example_subdag_operator.section-1 to None, run_after=None
[2026-05-09T19:42:04.353+0000] {logging_mixin.py:188} INFO - [2026-05-09T19:42:04.352+0000] {dag.py:3954} INFO - Setting next_dagrun for example_subdag_operator.section-2 to None, run_after=None
[2026-05-09T19:42:04.361+0000] {logging_mixin.py:188} INFO - [2026-05-09T19:42:04.361+0000] {dag.py:3096} INFO - Sync 2 DAGs
[2026-05-09T19:42:04.368+0000] {logging_mixin.py:188} INFO - [2026-05-09T19:42:04.367+0000] {dag.py:3954} INFO - Setting next_dagrun for example_subdag_operator.section-1 to None, run_after=None
[2026-05-09T19:42:04.368+0000] {logging_mixin.py:188} INFO - [2026-05-09T19:42:04.368+0000] {dag.py:3954} INFO - Setting next_dagrun for example_subdag_operator.section-2 to None, run_after=None
[2026-05-09T19:42:04.383+0000] {processor.py:183} INFO - Processing /home/airflow/.local/lib/python3.12/site-packages/airflow/example_dags/example_subdag_operator.py took 0.117 seconds
[2026-05-09T19:42:36.530+0000] {processor.py:161} INFO - Started process (PID=5905) to work on /home/airflow/.local/lib/python3.12/site-packages/airflow/example_dags/example_subdag_operator.py
[2026-05-09T19:42:36.532+0000] {processor.py:830} INFO - Processing file /home/airflow/.local/lib/python3.12/site-packages/airflow/example_dags/example_subdag_operator.py for tasks to queue
[2026-05-09T19:42:36.535+0000] {logging_mixin.py:188} INFO - [2026-05-09T19:42:36.534+0000] {dagbag.py:545} INFO - Filling up the DagBag from /home/airflow/.local/lib/python3.12/site-packages/airflow/example_dags/example_subdag_operator.py
[2026-05-09T19:42:36.564+0000] {processor.py:840} INFO - DAG(s) 'example_subdag_operator.section-1', 'example_subdag_operator.section-2', 'example_subdag_operator' retrieved from /home/airflow/.local/lib/python3.12/site-packages/airflow/example_dags/example_subdag_operator.py
[2026-05-09T19:42:36.754+0000] {logging_mixin.py:188} INFO - [2026-05-09T19:42:36.754+0000] {dag.py:3096} INFO - Sync 3 DAGs
[2026-05-09T19:42:36.780+0000] {logging_mixin.py:188} INFO - [2026-05-09T19:42:36.780+0000] {dag.py:3954} INFO - Setting next_dagrun for example_subdag_operator to 2022-01-01 00:00:00+00:00, run_after=2022-01-01 00:00:00+00:00
[2026-05-09T19:42:36.785+0000] {logging_mixin.py:188} INFO - [2026-05-09T19:42:36.785+0000] {dag.py:3954} INFO - Setting next_dagrun for example_subdag_operator.section-1 to None, run_after=None
[2026-05-09T19:42:36.788+0000] {logging_mixin.py:188} INFO - [2026-05-09T19:42:36.787+0000] {dag.py:3954} INFO - Setting next_dagrun for example_subdag_operator.section-2 to None, run_after=None
[2026-05-09T19:42:36.799+0000] {logging_mixin.py:188} INFO - [2026-05-09T19:42:36.799+0000] {dag.py:3096} INFO - Sync 2 DAGs
[2026-05-09T19:42:36.807+0000] {logging_mixin.py:188} INFO - [2026-05-09T19:42:36.807+0000] {dag.py:3954} INFO - Setting next_dagrun for example_subdag_operator.section-1 to None, run_after=None
[2026-05-09T19:42:36.808+0000] {logging_mixin.py:188} INFO - [2026-05-09T19:42:36.808+0000] {dag.py:3954} INFO - Setting next_dagrun for example_subdag_operator.section-2 to None, run_after=None
[2026-05-09T19:42:36.827+0000] {processor.py:183} INFO - Processing /home/airflow/.local/lib/python3.12/site-packages/airflow/example_dags/example_subdag_operator.py took 0.303 seconds
[2026-05-09T19:43:06.917+0000] {processor.py:161} INFO - Started process (PID=5964) to work on /home/airflow/.local/lib/python3.12/site-packages/airflow/example_dags/example_subdag_operator.py
[2026-05-09T19:43:06.918+0000] {processor.py:830} INFO - Processing file /home/airflow/.local/lib/python3.12/site-packages/airflow/example_dags/example_subdag_operator.py for tasks to queue
[2026-05-09T19:43:06.920+0000] {logging_mixin.py:188} INFO - [2026-05-09T19:43:06.920+0000] {dagbag.py:545} INFO - Filling up the DagBag from /home/airflow/.local/lib/python3.12/site-packages/airflow/example_dags/example_subdag_operator.py
[2026-05-09T19:43:06.944+0000] {processor.py:840} INFO - DAG(s) 'example_subdag_operator.section-1', 'example_subdag_operator.section-2', 'example_subdag_operator' retrieved from /home/airflow/.local/lib/python3.12/site-packages/airflow/example_dags/example_subdag_operator.py
[2026-05-09T19:43:06.959+0000] {logging_mixin.py:188} INFO - [2026-05-09T19:43:06.959+0000] {dag.py:3096} INFO - Sync 3 DAGs
[2026-05-09T19:43:06.979+0000] {logging_mixin.py:188} INFO - [2026-05-09T19:43:06.979+0000] {dag.py:3954} INFO - Setting next_dagrun for example_subdag_operator to 2022-01-01 00:00:00+00:00, run_after=2022-01-01 00:00:00+00:00
[2026-05-09T19:43:06.983+0000] {logging_mixin.py:188} INFO - [2026-05-09T19:43:06.983+0000] {dag.py:3954} INFO - Setting next_dagrun for example_subdag_operator.section-1 to None, run_after=None
[2026-05-09T19:43:06.985+0000] {logging_mixin.py:188} INFO - [2026-05-09T19:43:06.985+0000] {dag.py:3954} INFO - Setting next_dagrun for example_subdag_operator.section-2 to None, run_after=None
[2026-05-09T19:43:06.992+0000] {logging_mixin.py:188} INFO - [2026-05-09T19:43:06.992+0000] {dag.py:3096} INFO - Sync 2 DAGs
[2026-05-09T19:43:06.999+0000] {logging_mixin.py:188} INFO - [2026-05-09T19:43:06.998+0000] {dag.py:3954} INFO - Setting next_dagrun for example_subdag_operator.section-1 to None, run_after=None
[2026-05-09T19:43:06.999+0000] {logging_mixin.py:188} INFO - [2026-05-09T19:43:06.999+0000] {dag.py:3954} INFO - Setting next_dagrun for example_subdag_operator.section-2 to None, run_after=None
[2026-05-09T19:43:07.014+0000] {processor.py:183} INFO - Processing /home/airflow/.local/lib/python3.12/site-packages/airflow/example_dags/example_subdag_operator.py took 0.102 seconds
[2026-05-09T19:43:37.463+0000] {processor.py:161} INFO - Started process (PID=6024) to work on /home/airflow/.local/lib/python3.12/site-packages/airflow/example_dags/example_subdag_operator.py
[2026-05-09T19:43:37.464+0000] {processor.py:830} INFO - Processing file /home/airflow/.local/lib/python3.12/site-packages/airflow/example_dags/example_subdag_operator.py for tasks to queue
[2026-05-09T19:43:37.467+0000] {logging_mixin.py:188} INFO - [2026-05-09T19:43:37.467+0000] {dagbag.py:545} INFO - Filling up the DagBag from /home/airflow/.local/lib/python3.12/site-packages/airflow/example_dags/example_subdag_operator.py
[2026-05-09T19:43:37.497+0000] {processor.py:840} INFO - DAG(s) 'example_subdag_operator.section-1', 'example_subdag_operator.section-2', 'example_subdag_operator' retrieved from /home/airflow/.local/lib/python3.12/site-packages/airflow/example_dags/example_subdag_operator.py
[2026-05-09T19:43:37.517+0000] {logging_mixin.py:188} INFO - [2026-05-09T19:43:37.516+0000] {dag.py:3096} INFO - Sync 3 DAGs
[2026-05-09T19:43:37.547+0000] {logging_mixin.py:188} INFO - [2026-05-09T19:43:37.547+0000] {dag.py:3954} INFO - Setting next_dagrun for example_subdag_operator to 2022-01-01 00:00:00+00:00, run_after=2022-01-01 00:00:00+00:00
[2026-05-09T19:43:37.552+0000] {logging_mixin.py:188} INFO - [2026-05-09T19:43:37.552+0000] {dag.py:3954} INFO - Setting next_dagrun for example_subdag_operator.section-1 to None, run_after=None
[2026-05-09T19:43:37.554+0000] {logging_mixin.py:188} INFO - [2026-05-09T19:43:37.554+0000] {dag.py:3954} INFO - Setting next_dagrun for example_subdag_operator.section-2 to None, run_after=None
[2026-05-09T19:43:37.565+0000] {logging_mixin.py:188} INFO - [2026-05-09T19:43:37.565+0000] {dag.py:3096} INFO - Sync 2 DAGs
[2026-05-09T19:43:37.573+0000] {logging_mixin.py:188} INFO - [2026-05-09T19:43:37.572+0000] {dag.py:3954} INFO - Setting next_dagrun for example_subdag_operator.section-1 to None, run_after=None
[2026-05-09T19:43:37.574+0000] {logging_mixin.py:188} INFO - [2026-05-09T19:43:37.573+0000] {dag.py:3954} INFO - Setting next_dagrun for example_subdag_operator.section-2 to None, run_after=None
[2026-05-09T19:43:37.594+0000] {processor.py:183} INFO - Processing /home/airflow/.local/lib/python3.12/site-packages/airflow/example_dags/example_subdag_operator.py took 0.137 seconds
[2026-05-09T19:44:08.293+0000] {processor.py:161} INFO - Started process (PID=6084) to work on /home/airflow/.local/lib/python3.12/site-packages/airflow/example_dags/example_subdag_operator.py
[2026-05-09T19:44:08.294+0000] {processor.py:830} INFO - Processing file /home/airflow/.local/lib/python3.12/site-packages/airflow/example_dags/example_subdag_operator.py for tasks to queue
[2026-05-09T19:44:08.296+0000] {logging_mixin.py:188} INFO - [2026-05-09T19:44:08.296+0000] {dagbag.py:545} INFO - Filling up the DagBag from /home/airflow/.local/lib/python3.12/site-packages/airflow/example_dags/example_subdag_operator.py
[2026-05-09T19:44:08.319+0000] {processor.py:840} INFO - DAG(s) 'example_subdag_operator.section-1', 'example_subdag_operator.section-2', 'example_subdag_operator' retrieved from /home/airflow/.local/lib/python3.12/site-packages/airflow/example_dags/example_subdag_operator.py
[2026-05-09T19:44:08.333+0000] {logging_mixin.py:188} INFO - [2026-05-09T19:44:08.333+0000] {dag.py:3096} INFO - Sync 3 DAGs
[2026-05-09T19:44:08.354+0000] {logging_mixin.py:188} INFO - [2026-05-09T19:44:08.353+0000] {dag.py:3954} INFO - Setting next_dagrun for example_subdag_operator to 2022-01-01 00:00:00+00:00, run_after=2022-01-01 00:00:00+00:00
[2026-05-09T19:44:08.358+0000] {logging_mixin.py:188} INFO - [2026-05-09T19:44:08.357+0000] {dag.py:3954} INFO - Setting next_dagrun for example_subdag_operator.section-1 to None, run_after=None
[2026-05-09T19:44:08.360+0000] {logging_mixin.py:188} INFO - [2026-05-09T19:44:08.359+0000] {dag.py:3954} INFO - Setting next_dagrun for example_subdag_operator.section-2 to None, run_after=None
[2026-05-09T19:44:08.367+0000] {logging_mixin.py:188} INFO - [2026-05-09T19:44:08.366+0000] {dag.py:3096} INFO - Sync 2 DAGs
[2026-05-09T19:44:08.372+0000] {logging_mixin.py:188} INFO - [2026-05-09T19:44:08.372+0000] {dag.py:3954} INFO - Setting next_dagrun for example_subdag_operator.section-1 to None, run_after=None
[2026-05-09T19:44:08.372+0000] {logging_mixin.py:188} INFO - [2026-05-09T19:44:08.372+0000] {dag.py:3954} INFO - Setting next_dagrun for example_subdag_operator.section-2 to None, run_after=None
[2026-05-09T19:44:08.386+0000] {processor.py:183} INFO - Processing /home/airflow/.local/lib/python3.12/site-packages/airflow/example_dags/example_subdag_operator.py took 0.098 seconds
[2026-05-09T19:44:39.206+0000] {processor.py:161} INFO - Started process (PID=6142) to work on /home/airflow/.local/lib/python3.12/site-packages/airflow/example_dags/example_subdag_operator.py
[2026-05-09T19:44:39.207+0000] {processor.py:830} INFO - Processing file /home/airflow/.local/lib/python3.12/site-packages/airflow/example_dags/example_subdag_operator.py for tasks to queue
[2026-05-09T19:44:39.210+0000] {logging_mixin.py:188} INFO - [2026-05-09T19:44:39.209+0000] {dagbag.py:545} INFO - Filling up the DagBag from /home/airflow/.local/lib/python3.12/site-packages/airflow/example_dags/example_subdag_operator.py
[2026-05-09T19:44:39.234+0000] {processor.py:840} INFO - DAG(s) 'example_subdag_operator.section-1', 'example_subdag_operator.section-2', 'example_subdag_operator' retrieved from /home/airflow/.local/lib/python3.12/site-packages/airflow/example_dags/example_subdag_operator.py
[2026-05-09T19:44:39.252+0000] {logging_mixin.py:188} INFO - [2026-05-09T19:44:39.251+0000] {dag.py:3096} INFO - Sync 3 DAGs
[2026-05-09T19:44:39.279+0000] {logging_mixin.py:188} INFO - [2026-05-09T19:44:39.279+0000] {dag.py:3954} INFO - Setting next_dagrun for example_subdag_operator to 2022-01-01 00:00:00+00:00, run_after=2022-01-01 00:00:00+00:00
[2026-05-09T19:44:39.284+0000] {logging_mixin.py:188} INFO - [2026-05-09T19:44:39.284+0000] {dag.py:3954} INFO - Setting next_dagrun for example_subdag_operator.section-1 to None, run_after=None
[2026-05-09T19:44:39.287+0000] {logging_mixin.py:188} INFO - [2026-05-09T19:44:39.286+0000] {dag.py:3954} INFO - Setting next_dagrun for example_subdag_operator.section-2 to None, run_after=None
[2026-05-09T19:44:39.297+0000] {logging_mixin.py:188} INFO - [2026-05-09T19:44:39.296+0000] {dag.py:3096} INFO - Sync 2 DAGs
[2026-05-09T19:44:39.303+0000] {logging_mixin.py:188} INFO - [2026-05-09T19:44:39.303+0000] {dag.py:3954} INFO - Setting next_dagrun for example_subdag_operator.section-1 to None, run_after=None
[2026-05-09T19:44:39.304+0000] {logging_mixin.py:188} INFO - [2026-05-09T19:44:39.303+0000] {dag.py:3954} INFO - Setting next_dagrun for example_subdag_operator.section-2 to None, run_after=None
[2026-05-09T19:44:39.321+0000] {processor.py:183} INFO - Processing /home/airflow/.local/lib/python3.12/site-packages/airflow/example_dags/example_subdag_operator.py took 0.121 seconds
[2026-05-09T19:45:09.912+0000] {processor.py:161} INFO - Started process (PID=6202) to work on /home/airflow/.local/lib/python3.12/site-packages/airflow/example_dags/example_subdag_operator.py
[2026-05-09T19:45:09.913+0000] {processor.py:830} INFO - Processing file /home/airflow/.local/lib/python3.12/site-packages/airflow/example_dags/example_subdag_operator.py for tasks to queue
[2026-05-09T19:45:09.916+0000] {logging_mixin.py:188} INFO - [2026-05-09T19:45:09.915+0000] {dagbag.py:545} INFO - Filling up the DagBag from /home/airflow/.local/lib/python3.12/site-packages/airflow/example_dags/example_subdag_operator.py
[2026-05-09T19:45:09.944+0000] {processor.py:840} INFO - DAG(s) 'example_subdag_operator.section-1', 'example_subdag_operator.section-2', 'example_subdag_operator' retrieved from /home/airflow/.local/lib/python3.12/site-packages/airflow/example_dags/example_subdag_operator.py
[2026-05-09T19:45:09.968+0000] {logging_mixin.py:188} INFO - [2026-05-09T19:45:09.967+0000] {dag.py:3096} INFO - Sync 3 DAGs
[2026-05-09T19:45:09.997+0000] {logging_mixin.py:188} INFO - [2026-05-09T19:45:09.997+0000] {dag.py:3954} INFO - Setting next_dagrun for example_subdag_operator to 2022-01-01 00:00:00+00:00, run_after=2022-01-01 00:00:00+00:00
[2026-05-09T19:45:10.004+0000] {logging_mixin.py:188} INFO - [2026-05-09T19:45:10.004+0000] {dag.py:3954} INFO - Setting next_dagrun for example_subdag_operator.section-1 to None, run_after=None
[2026-05-09T19:45:10.006+0000] {logging_mixin.py:188} INFO - [2026-05-09T19:45:10.006+0000] {dag.py:3954} INFO - Setting next_dagrun for example_subdag_operator.section-2 to None, run_after=None
[2026-05-09T19:45:10.018+0000] {logging_mixin.py:188} INFO - [2026-05-09T19:45:10.018+0000] {dag.py:3096} INFO - Sync 2 DAGs
[2026-05-09T19:45:10.026+0000] {logging_mixin.py:188} INFO - [2026-05-09T19:45:10.026+0000] {dag.py:3954} INFO - Setting next_dagrun for example_subdag_operator.section-1 to None, run_after=None
[2026-05-09T19:45:10.027+0000] {logging_mixin.py:188} INFO - [2026-05-09T19:45:10.027+0000] {dag.py:3954} INFO - Setting next_dagrun for example_subdag_operator.section-2 to None, run_after=None
[2026-05-09T19:45:10.046+0000] {processor.py:183} INFO - Processing /home/airflow/.local/lib/python3.12/site-packages/airflow/example_dags/example_subdag_operator.py took 0.140 seconds
[2026-05-09T19:45:40.738+0000] {processor.py:161} INFO - Started process (PID=6261) to work on /home/airflow/.local/lib/python3.12/site-packages/airflow/example_dags/example_subdag_operator.py
[2026-05-09T19:45:40.740+0000] {processor.py:830} INFO - Processing file /home/airflow/.local/lib/python3.12/site-packages/airflow/example_dags/example_subdag_operator.py for tasks to queue
[2026-05-09T19:45:40.742+0000] {logging_mixin.py:188} INFO - [2026-05-09T19:45:40.741+0000] {dagbag.py:545} INFO - Filling up the DagBag from /home/airflow/.local/lib/python3.12/site-packages/airflow/example_dags/example_subdag_operator.py
[2026-05-09T19:45:40.767+0000] {processor.py:840} INFO - DAG(s) 'example_subdag_operator.section-1', 'example_subdag_operator.section-2', 'example_subdag_operator' retrieved from /home/airflow/.local/lib/python3.12/site-packages/airflow/example_dags/example_subdag_operator.py
[2026-05-09T19:45:40.783+0000] {logging_mixin.py:188} INFO - [2026-05-09T19:45:40.783+0000] {dag.py:3096} INFO - Sync 3 DAGs
[2026-05-09T19:45:40.806+0000] {logging_mixin.py:188} INFO - [2026-05-09T19:45:40.806+0000] {dag.py:3954} INFO - Setting next_dagrun for example_subdag_operator to 2022-01-01 00:00:00+00:00, run_after=2022-01-01 00:00:00+00:00
[2026-05-09T19:45:40.811+0000] {logging_mixin.py:188} INFO - [2026-05-09T19:45:40.810+0000] {dag.py:3954} INFO - Setting next_dagrun for example_subdag_operator.section-1 to None, run_after=None
[2026-05-09T19:45:40.813+0000] {logging_mixin.py:188} INFO - [2026-05-09T19:45:40.812+0000] {dag.py:3954} INFO - Setting next_dagrun for example_subdag_operator.section-2 to None, run_after=None
[2026-05-09T19:45:40.821+0000] {logging_mixin.py:188} INFO - [2026-05-09T19:45:40.821+0000] {dag.py:3096} INFO - Sync 2 DAGs
[2026-05-09T19:45:40.828+0000] {logging_mixin.py:188} INFO - [2026-05-09T19:45:40.828+0000] {dag.py:3954} INFO - Setting next_dagrun for example_subdag_operator.section-1 to None, run_after=None
[2026-05-09T19:45:40.829+0000] {logging_mixin.py:188} INFO - [2026-05-09T19:45:40.829+0000] {dag.py:3954} INFO - Setting next_dagrun for example_subdag_operator.section-2 to None, run_after=None
[2026-05-09T19:45:40.843+0000] {processor.py:183} INFO - Processing /home/airflow/.local/lib/python3.12/site-packages/airflow/example_dags/example_subdag_operator.py took 0.110 seconds
[2026-05-09T19:46:11.638+0000] {processor.py:161} INFO - Started process (PID=6320) to work on /home/airflow/.local/lib/python3.12/site-packages/airflow/example_dags/example_subdag_operator.py
[2026-05-09T19:46:11.639+0000] {processor.py:830} INFO - Processing file /home/airflow/.local/lib/python3.12/site-packages/airflow/example_dags/example_subdag_operator.py for tasks to queue
[2026-05-09T19:46:11.641+0000] {logging_mixin.py:188} INFO - [2026-05-09T19:46:11.640+0000] {dagbag.py:545} INFO - Filling up the DagBag from /home/airflow/.local/lib/python3.12/site-packages/airflow/example_dags/example_subdag_operator.py
[2026-05-09T19:46:11.667+0000] {processor.py:840} INFO - DAG(s) 'example_subdag_operator.section-1', 'example_subdag_operator.section-2', 'example_subdag_operator' retrieved from /home/airflow/.local/lib/python3.12/site-packages/airflow/example_dags/example_subdag_operator.py
[2026-05-09T19:46:11.682+0000] {logging_mixin.py:188} INFO - [2026-05-09T19:46:11.682+0000] {dag.py:3096} INFO - Sync 3 DAGs
[2026-05-09T19:46:11.707+0000] {logging_mixin.py:188} INFO - [2026-05-09T19:46:11.707+0000] {dag.py:3954} INFO - Setting next_dagrun for example_subdag_operator to 2022-01-01 00:00:00+00:00, run_after=2022-01-01 00:00:00+00:00
[2026-05-09T19:46:11.712+0000] {logging_mixin.py:188} INFO - [2026-05-09T19:46:11.712+0000] {dag.py:3954} INFO - Setting next_dagrun for example_subdag_operator.section-1 to None, run_after=None
[2026-05-09T19:46:11.714+0000] {logging_mixin.py:188} INFO - [2026-05-09T19:46:11.714+0000] {dag.py:3954} INFO - Setting next_dagrun for example_subdag_operator.section-2 to None, run_after=None
[2026-05-09T19:46:11.722+0000] {logging_mixin.py:188} INFO - [2026-05-09T19:46:11.722+0000] {dag.py:3096} INFO - Sync 2 DAGs
[2026-05-09T19:46:11.729+0000] {logging_mixin.py:188} INFO - [2026-05-09T19:46:11.728+0000] {dag.py:3954} INFO - Setting next_dagrun for example_subdag_operator.section-1 to None, run_after=None
[2026-05-09T19:46:11.729+0000] {logging_mixin.py:188} INFO - [2026-05-09T19:46:11.729+0000] {dag.py:3954} INFO - Setting next_dagrun for example_subdag_operator.section-2 to None, run_after=None
[2026-05-09T19:46:11.744+0000] {processor.py:183} INFO - Processing /home/airflow/.local/lib/python3.12/site-packages/airflow/example_dags/example_subdag_operator.py took 0.112 seconds
[2026-05-09T19:46:41.962+0000] {processor.py:161} INFO - Started process (PID=6379) to work on /home/airflow/.local/lib/python3.12/site-packages/airflow/example_dags/example_subdag_operator.py
[2026-05-09T19:46:41.963+0000] {processor.py:830} INFO - Processing file /home/airflow/.local/lib/python3.12/site-packages/airflow/example_dags/example_subdag_operator.py for tasks to queue
[2026-05-09T19:46:41.966+0000] {logging_mixin.py:188} INFO - [2026-05-09T19:46:41.966+0000] {dagbag.py:545} INFO - Filling up the DagBag from /home/airflow/.local/lib/python3.12/site-packages/airflow/example_dags/example_subdag_operator.py
[2026-05-09T19:46:41.999+0000] {processor.py:840} INFO - DAG(s) 'example_subdag_operator.section-1', 'example_subdag_operator.section-2', 'example_subdag_operator' retrieved from /home/airflow/.local/lib/python3.12/site-packages/airflow/example_dags/example_subdag_operator.py
[2026-05-09T19:46:42.024+0000] {logging_mixin.py:188} INFO - [2026-05-09T19:46:42.024+0000] {dag.py:3096} INFO - Sync 3 DAGs
[2026-05-09T19:46:42.050+0000] {logging_mixin.py:188} INFO - [2026-05-09T19:46:42.050+0000] {dag.py:3954} INFO - Setting next_dagrun for example_subdag_operator to 2022-01-01 00:00:00+00:00, run_after=2022-01-01 00:00:00+00:00
[2026-05-09T19:46:42.055+0000] {logging_mixin.py:188} INFO - [2026-05-09T19:46:42.055+0000] {dag.py:3954} INFO - Setting next_dagrun for example_subdag_operator.section-1 to None, run_after=None
[2026-05-09T19:46:42.058+0000] {logging_mixin.py:188} INFO - [2026-05-09T19:46:42.057+0000] {dag.py:3954} INFO - Setting next_dagrun for example_subdag_operator.section-2 to None, run_after=None
[2026-05-09T19:46:42.067+0000] {logging_mixin.py:188} INFO - [2026-05-09T19:46:42.067+0000] {dag.py:3096} INFO - Sync 2 DAGs
[2026-05-09T19:46:42.074+0000] {logging_mixin.py:188} INFO - [2026-05-09T19:46:42.074+0000] {dag.py:3954} INFO - Setting next_dagrun for example_subdag_operator.section-1 to None, run_after=None
[2026-05-09T19:46:42.075+0000] {logging_mixin.py:188} INFO - [2026-05-09T19:46:42.075+0000] {dag.py:3954} INFO - Setting next_dagrun for example_subdag_operator.section-2 to None, run_after=None
[2026-05-09T19:46:42.098+0000] {processor.py:183} INFO - Processing /home/airflow/.local/lib/python3.12/site-packages/airflow/example_dags/example_subdag_operator.py took 0.143 seconds
[2026-05-09T19:47:12.760+0000] {processor.py:161} INFO - Started process (PID=6438) to work on /home/airflow/.local/lib/python3.12/site-packages/airflow/example_dags/example_subdag_operator.py
[2026-05-09T19:47:12.762+0000] {processor.py:830} INFO - Processing file /home/airflow/.local/lib/python3.12/site-packages/airflow/example_dags/example_subdag_operator.py for tasks to queue
[2026-05-09T19:47:12.764+0000] {logging_mixin.py:188} INFO - [2026-05-09T19:47:12.763+0000] {dagbag.py:545} INFO - Filling up the DagBag from /home/airflow/.local/lib/python3.12/site-packages/airflow/example_dags/example_subdag_operator.py
[2026-05-09T19:47:12.786+0000] {processor.py:840} INFO - DAG(s) 'example_subdag_operator.section-1', 'example_subdag_operator.section-2', 'example_subdag_operator' retrieved from /home/airflow/.local/lib/python3.12/site-packages/airflow/example_dags/example_subdag_operator.py
[2026-05-09T19:47:12.801+0000] {logging_mixin.py:188} INFO - [2026-05-09T19:47:12.800+0000] {dag.py:3096} INFO - Sync 3 DAGs
[2026-05-09T19:47:12.823+0000] {logging_mixin.py:188} INFO - [2026-05-09T19:47:12.822+0000] {dag.py:3954} INFO - Setting next_dagrun for example_subdag_operator to 2022-01-01 00:00:00+00:00, run_after=2022-01-01 00:00:00+00:00
[2026-05-09T19:47:12.827+0000] {logging_mixin.py:188} INFO - [2026-05-09T19:47:12.827+0000] {dag.py:3954} INFO - Setting next_dagrun for example_subdag_operator.section-1 to None, run_after=None
[2026-05-09T19:47:12.829+0000] {logging_mixin.py:188} INFO - [2026-05-09T19:47:12.829+0000] {dag.py:3954} INFO - Setting next_dagrun for example_subdag_operator.section-2 to None, run_after=None
[2026-05-09T19:47:12.838+0000] {logging_mixin.py:188} INFO - [2026-05-09T19:47:12.837+0000] {dag.py:3096} INFO - Sync 2 DAGs
[2026-05-09T19:47:12.844+0000] {logging_mixin.py:188} INFO - [2026-05-09T19:47:12.844+0000] {dag.py:3954} INFO - Setting next_dagrun for example_subdag_operator.section-1 to None, run_after=None
[2026-05-09T19:47:12.845+0000] {logging_mixin.py:188} INFO - [2026-05-09T19:47:12.845+0000] {dag.py:3954} INFO - Setting next_dagrun for example_subdag_operator.section-2 to None, run_after=None
[2026-05-09T19:47:12.860+0000] {processor.py:183} INFO - Processing /home/airflow/.local/lib/python3.12/site-packages/airflow/example_dags/example_subdag_operator.py took 0.105 seconds
[2026-05-09T19:47:43.951+0000] {processor.py:161} INFO - Started process (PID=6497) to work on /home/airflow/.local/lib/python3.12/site-packages/airflow/example_dags/example_subdag_operator.py
[2026-05-09T19:47:43.952+0000] {processor.py:830} INFO - Processing file /home/airflow/.local/lib/python3.12/site-packages/airflow/example_dags/example_subdag_operator.py for tasks to queue
[2026-05-09T19:47:43.954+0000] {logging_mixin.py:188} INFO - [2026-05-09T19:47:43.954+0000] {dagbag.py:545} INFO - Filling up the DagBag from /home/airflow/.local/lib/python3.12/site-packages/airflow/example_dags/example_subdag_operator.py
[2026-05-09T19:47:43.982+0000] {processor.py:840} INFO - DAG(s) 'example_subdag_operator.section-1', 'example_subdag_operator.section-2', 'example_subdag_operator' retrieved from /home/airflow/.local/lib/python3.12/site-packages/airflow/example_dags/example_subdag_operator.py
[2026-05-09T19:47:44.002+0000] {logging_mixin.py:188} INFO - [2026-05-09T19:47:44.002+0000] {dag.py:3096} INFO - Sync 3 DAGs
[2026-05-09T19:47:44.029+0000] {logging_mixin.py:188} INFO - [2026-05-09T19:47:44.029+0000] {dag.py:3954} INFO - Setting next_dagrun for example_subdag_operator to 2022-01-01 00:00:00+00:00, run_after=2022-01-01 00:00:00+00:00
[2026-05-09T19:47:44.034+0000] {logging_mixin.py:188} INFO - [2026-05-09T19:47:44.033+0000] {dag.py:3954} INFO - Setting next_dagrun for example_subdag_operator.section-1 to None, run_after=None
[2026-05-09T19:47:44.036+0000] {logging_mixin.py:188} INFO - [2026-05-09T19:47:44.036+0000] {dag.py:3954} INFO - Setting next_dagrun for example_subdag_operator.section-2 to None, run_after=None
[2026-05-09T19:47:44.046+0000] {logging_mixin.py:188} INFO - [2026-05-09T19:47:44.046+0000] {dag.py:3096} INFO - Sync 2 DAGs
[2026-05-09T19:47:44.054+0000] {logging_mixin.py:188} INFO - [2026-05-09T19:47:44.054+0000] {dag.py:3954} INFO - Setting next_dagrun for example_subdag_operator.section-1 to None, run_after=None
[2026-05-09T19:47:44.055+0000] {logging_mixin.py:188} INFO - [2026-05-09T19:47:44.055+0000] {dag.py:3954} INFO - Setting next_dagrun for example_subdag_operator.section-2 to None, run_after=None
[2026-05-09T19:47:44.074+0000] {processor.py:183} INFO - Processing /home/airflow/.local/lib/python3.12/site-packages/airflow/example_dags/example_subdag_operator.py took 0.129 seconds
[2026-05-09T19:48:14.399+0000] {processor.py:161} INFO - Started process (PID=6556) to work on /home/airflow/.local/lib/python3.12/site-packages/airflow/example_dags/example_subdag_operator.py
[2026-05-09T19:48:14.400+0000] {processor.py:830} INFO - Processing file /home/airflow/.local/lib/python3.12/site-packages/airflow/example_dags/example_subdag_operator.py for tasks to queue
[2026-05-09T19:48:14.403+0000] {logging_mixin.py:188} INFO - [2026-05-09T19:48:14.402+0000] {dagbag.py:545} INFO - Filling up the DagBag from /home/airflow/.local/lib/python3.12/site-packages/airflow/example_dags/example_subdag_operator.py
[2026-05-09T19:48:14.427+0000] {processor.py:840} INFO - DAG(s) 'example_subdag_operator.section-1', 'example_subdag_operator.section-2', 'example_subdag_operator' retrieved from /home/airflow/.local/lib/python3.12/site-packages/airflow/example_dags/example_subdag_operator.py
[2026-05-09T19:48:14.442+0000] {logging_mixin.py:188} INFO - [2026-05-09T19:48:14.442+0000] {dag.py:3096} INFO - Sync 3 DAGs
[2026-05-09T19:48:14.464+0000] {logging_mixin.py:188} INFO - [2026-05-09T19:48:14.464+0000] {dag.py:3954} INFO - Setting next_dagrun for example_subdag_operator to 2022-01-01 00:00:00+00:00, run_after=2022-01-01 00:00:00+00:00
[2026-05-09T19:48:14.468+0000] {logging_mixin.py:188} INFO - [2026-05-09T19:48:14.468+0000] {dag.py:3954} INFO - Setting next_dagrun for example_subdag_operator.section-1 to None, run_after=None
[2026-05-09T19:48:14.470+0000] {logging_mixin.py:188} INFO - [2026-05-09T19:48:14.470+0000] {dag.py:3954} INFO - Setting next_dagrun for example_subdag_operator.section-2 to None, run_after=None
[2026-05-09T19:48:14.478+0000] {logging_mixin.py:188} INFO - [2026-05-09T19:48:14.477+0000] {dag.py:3096} INFO - Sync 2 DAGs
[2026-05-09T19:48:14.484+0000] {logging_mixin.py:188} INFO - [2026-05-09T19:48:14.484+0000] {dag.py:3954} INFO - Setting next_dagrun for example_subdag_operator.section-1 to None, run_after=None
[2026-05-09T19:48:14.485+0000] {logging_mixin.py:188} INFO - [2026-05-09T19:48:14.485+0000] {dag.py:3954} INFO - Setting next_dagrun for example_subdag_operator.section-2 to None, run_after=None
[2026-05-09T19:48:14.502+0000] {processor.py:183} INFO - Processing /home/airflow/.local/lib/python3.12/site-packages/airflow/example_dags/example_subdag_operator.py took 0.108 seconds
[2026-05-09T19:48:45.327+0000] {processor.py:161} INFO - Started process (PID=6615) to work on /home/airflow/.local/lib/python3.12/site-packages/airflow/example_dags/example_subdag_operator.py
[2026-05-09T19:48:45.329+0000] {processor.py:830} INFO - Processing file /home/airflow/.local/lib/python3.12/site-packages/airflow/example_dags/example_subdag_operator.py for tasks to queue
[2026-05-09T19:48:45.331+0000] {logging_mixin.py:188} INFO - [2026-05-09T19:48:45.331+0000] {dagbag.py:545} INFO - Filling up the DagBag from /home/airflow/.local/lib/python3.12/site-packages/airflow/example_dags/example_subdag_operator.py
[2026-05-09T19:48:45.362+0000] {processor.py:840} INFO - DAG(s) 'example_subdag_operator.section-1', 'example_subdag_operator.section-2', 'example_subdag_operator' retrieved from /home/airflow/.local/lib/python3.12/site-packages/airflow/example_dags/example_subdag_operator.py
[2026-05-09T19:48:45.384+0000] {logging_mixin.py:188} INFO - [2026-05-09T19:48:45.383+0000] {dag.py:3096} INFO - Sync 3 DAGs
[2026-05-09T19:48:45.411+0000] {logging_mixin.py:188} INFO - [2026-05-09T19:48:45.411+0000] {dag.py:3954} INFO - Setting next_dagrun for example_subdag_operator to 2022-01-01 00:00:00+00:00, run_after=2022-01-01 00:00:00+00:00
[2026-05-09T19:48:45.415+0000] {logging_mixin.py:188} INFO - [2026-05-09T19:48:45.415+0000] {dag.py:3954} INFO - Setting next_dagrun for example_subdag_operator.section-1 to None, run_after=None
[2026-05-09T19:48:45.419+0000] {logging_mixin.py:188} INFO - [2026-05-09T19:48:45.419+0000] {dag.py:3954} INFO - Setting next_dagrun for example_subdag_operator.section-2 to None, run_after=None
[2026-05-09T19:48:45.431+0000] {logging_mixin.py:188} INFO - [2026-05-09T19:48:45.430+0000] {dag.py:3096} INFO - Sync 2 DAGs
[2026-05-09T19:48:45.439+0000] {logging_mixin.py:188} INFO - [2026-05-09T19:48:45.438+0000] {dag.py:3954} INFO - Setting next_dagrun for example_subdag_operator.section-1 to None, run_after=None
[2026-05-09T19:48:45.440+0000] {logging_mixin.py:188} INFO - [2026-05-09T19:48:45.439+0000] {dag.py:3954} INFO - Setting next_dagrun for example_subdag_operator.section-2 to None, run_after=None
[2026-05-09T19:48:45.463+0000] {processor.py:183} INFO - Processing /home/airflow/.local/lib/python3.12/site-packages/airflow/example_dags/example_subdag_operator.py took 0.143 seconds
[2026-05-09T19:49:16.544+0000] {processor.py:161} INFO - Started process (PID=6675) to work on /home/airflow/.local/lib/python3.12/site-packages/airflow/example_dags/example_subdag_operator.py
[2026-05-09T19:49:16.545+0000] {processor.py:830} INFO - Processing file /home/airflow/.local/lib/python3.12/site-packages/airflow/example_dags/example_subdag_operator.py for tasks to queue
[2026-05-09T19:49:16.548+0000] {logging_mixin.py:188} INFO - [2026-05-09T19:49:16.547+0000] {dagbag.py:545} INFO - Filling up the DagBag from /home/airflow/.local/lib/python3.12/site-packages/airflow/example_dags/example_subdag_operator.py
[2026-05-09T19:49:16.572+0000] {processor.py:840} INFO - DAG(s) 'example_subdag_operator.section-1', 'example_subdag_operator.section-2', 'example_subdag_operator' retrieved from /home/airflow/.local/lib/python3.12/site-packages/airflow/example_dags/example_subdag_operator.py
[2026-05-09T19:49:16.588+0000] {logging_mixin.py:188} INFO - [2026-05-09T19:49:16.587+0000] {dag.py:3096} INFO - Sync 3 DAGs
[2026-05-09T19:49:16.610+0000] {logging_mixin.py:188} INFO - [2026-05-09T19:49:16.610+0000] {dag.py:3954} INFO - Setting next_dagrun for example_subdag_operator to 2022-01-01 00:00:00+00:00, run_after=2022-01-01 00:00:00+00:00
[2026-05-09T19:49:16.615+0000] {logging_mixin.py:188} INFO - [2026-05-09T19:49:16.614+0000] {dag.py:3954} INFO - Setting next_dagrun for example_subdag_operator.section-1 to None, run_after=None
[2026-05-09T19:49:16.617+0000] {logging_mixin.py:188} INFO - [2026-05-09T19:49:16.617+0000] {dag.py:3954} INFO - Setting next_dagrun for example_subdag_operator.section-2 to None, run_after=None
[2026-05-09T19:49:16.627+0000] {logging_mixin.py:188} INFO - [2026-05-09T19:49:16.627+0000] {dag.py:3096} INFO - Sync 2 DAGs
[2026-05-09T19:49:16.634+0000] {logging_mixin.py:188} INFO - [2026-05-09T19:49:16.634+0000] {dag.py:3954} INFO - Setting next_dagrun for example_subdag_operator.section-1 to None, run_after=None
[2026-05-09T19:49:16.635+0000] {logging_mixin.py:188} INFO - [2026-05-09T19:49:16.635+0000] {dag.py:3954} INFO - Setting next_dagrun for example_subdag_operator.section-2 to None, run_after=None
[2026-05-09T19:49:16.653+0000] {processor.py:183} INFO - Processing /home/airflow/.local/lib/python3.12/site-packages/airflow/example_dags/example_subdag_operator.py took 0.114 seconds
[2026-05-09T19:49:47.195+0000] {processor.py:161} INFO - Started process (PID=6735) to work on /home/airflow/.local/lib/python3.12/site-packages/airflow/example_dags/example_subdag_operator.py
[2026-05-09T19:49:47.197+0000] {processor.py:830} INFO - Processing file /home/airflow/.local/lib/python3.12/site-packages/airflow/example_dags/example_subdag_operator.py for tasks to queue
[2026-05-09T19:49:47.200+0000] {logging_mixin.py:188} INFO - [2026-05-09T19:49:47.199+0000] {dagbag.py:545} INFO - Filling up the DagBag from /home/airflow/.local/lib/python3.12/site-packages/airflow/example_dags/example_subdag_operator.py
[2026-05-09T19:49:47.234+0000] {processor.py:840} INFO - DAG(s) 'example_subdag_operator.section-1', 'example_subdag_operator.section-2', 'example_subdag_operator' retrieved from /home/airflow/.local/lib/python3.12/site-packages/airflow/example_dags/example_subdag_operator.py
[2026-05-09T19:49:47.259+0000] {logging_mixin.py:188} INFO - [2026-05-09T19:49:47.259+0000] {dag.py:3096} INFO - Sync 3 DAGs
[2026-05-09T19:49:47.288+0000] {logging_mixin.py:188} INFO - [2026-05-09T19:49:47.288+0000] {dag.py:3954} INFO - Setting next_dagrun for example_subdag_operator to 2022-01-01 00:00:00+00:00, run_after=2022-01-01 00:00:00+00:00
[2026-05-09T19:49:47.294+0000] {logging_mixin.py:188} INFO - [2026-05-09T19:49:47.294+0000] {dag.py:3954} INFO - Setting next_dagrun for example_subdag_operator.section-1 to None, run_after=None
[2026-05-09T19:49:47.297+0000] {logging_mixin.py:188} INFO - [2026-05-09T19:49:47.296+0000] {dag.py:3954} INFO - Setting next_dagrun for example_subdag_operator.section-2 to None, run_after=None
[2026-05-09T19:49:47.308+0000] {logging_mixin.py:188} INFO - [2026-05-09T19:49:47.308+0000] {dag.py:3096} INFO - Sync 2 DAGs
[2026-05-09T19:49:47.317+0000] {logging_mixin.py:188} INFO - [2026-05-09T19:49:47.316+0000] {dag.py:3954} INFO - Setting next_dagrun for example_subdag_operator.section-1 to None, run_after=None
[2026-05-09T19:49:47.318+0000] {logging_mixin.py:188} INFO - [2026-05-09T19:49:47.317+0000] {dag.py:3954} INFO - Setting next_dagrun for example_subdag_operator.section-2 to None, run_after=None
[2026-05-09T19:49:47.338+0000] {processor.py:183} INFO - Processing /home/airflow/.local/lib/python3.12/site-packages/airflow/example_dags/example_subdag_operator.py took 0.149 seconds
[2026-05-09T19:50:17.932+0000] {processor.py:161} INFO - Started process (PID=6794) to work on /home/airflow/.local/lib/python3.12/site-packages/airflow/example_dags/example_subdag_operator.py
[2026-05-09T19:50:17.934+0000] {processor.py:830} INFO - Processing file /home/airflow/.local/lib/python3.12/site-packages/airflow/example_dags/example_subdag_operator.py for tasks to queue
[2026-05-09T19:50:17.936+0000] {logging_mixin.py:188} INFO - [2026-05-09T19:50:17.935+0000] {dagbag.py:545} INFO - Filling up the DagBag from /home/airflow/.local/lib/python3.12/site-packages/airflow/example_dags/example_subdag_operator.py
[2026-05-09T19:50:17.959+0000] {processor.py:840} INFO - DAG(s) 'example_subdag_operator.section-1', 'example_subdag_operator.section-2', 'example_subdag_operator' retrieved from /home/airflow/.local/lib/python3.12/site-packages/airflow/example_dags/example_subdag_operator.py
[2026-05-09T19:50:17.975+0000] {logging_mixin.py:188} INFO - [2026-05-09T19:50:17.975+0000] {dag.py:3096} INFO - Sync 3 DAGs
[2026-05-09T19:50:17.997+0000] {logging_mixin.py:188} INFO - [2026-05-09T19:50:17.996+0000] {dag.py:3954} INFO - Setting next_dagrun for example_subdag_operator to 2022-01-01 00:00:00+00:00, run_after=2022-01-01 00:00:00+00:00
[2026-05-09T19:50:18.001+0000] {logging_mixin.py:188} INFO - [2026-05-09T19:50:18.000+0000] {dag.py:3954} INFO - Setting next_dagrun for example_subdag_operator.section-1 to None, run_after=None
[2026-05-09T19:50:18.003+0000] {logging_mixin.py:188} INFO - [2026-05-09T19:50:18.002+0000] {dag.py:3954} INFO - Setting next_dagrun for example_subdag_operator.section-2 to None, run_after=None
[2026-05-09T19:50:18.011+0000] {logging_mixin.py:188} INFO - [2026-05-09T19:50:18.011+0000] {dag.py:3096} INFO - Sync 2 DAGs
[2026-05-09T19:50:18.017+0000] {logging_mixin.py:188} INFO - [2026-05-09T19:50:18.017+0000] {dag.py:3954} INFO - Setting next_dagrun for example_subdag_operator.section-1 to None, run_after=None
[2026-05-09T19:50:18.018+0000] {logging_mixin.py:188} INFO - [2026-05-09T19:50:18.018+0000] {dag.py:3954} INFO - Setting next_dagrun for example_subdag_operator.section-2 to None, run_after=None
[2026-05-09T19:50:18.035+0000] {processor.py:183} INFO - Processing /home/airflow/.local/lib/python3.12/site-packages/airflow/example_dags/example_subdag_operator.py took 0.108 seconds
[2026-05-09T19:50:49.026+0000] {processor.py:161} INFO - Started process (PID=6853) to work on /home/airflow/.local/lib/python3.12/site-packages/airflow/example_dags/example_subdag_operator.py
[2026-05-09T19:50:49.027+0000] {processor.py:830} INFO - Processing file /home/airflow/.local/lib/python3.12/site-packages/airflow/example_dags/example_subdag_operator.py for tasks to queue
[2026-05-09T19:50:49.029+0000] {logging_mixin.py:188} INFO - [2026-05-09T19:50:49.029+0000] {dagbag.py:545} INFO - Filling up the DagBag from /home/airflow/.local/lib/python3.12/site-packages/airflow/example_dags/example_subdag_operator.py
[2026-05-09T19:50:49.056+0000] {processor.py:840} INFO - DAG(s) 'example_subdag_operator.section-1', 'example_subdag_operator.section-2', 'example_subdag_operator' retrieved from /home/airflow/.local/lib/python3.12/site-packages/airflow/example_dags/example_subdag_operator.py
[2026-05-09T19:50:49.080+0000] {logging_mixin.py:188} INFO - [2026-05-09T19:50:49.080+0000] {dag.py:3096} INFO - Sync 3 DAGs
[2026-05-09T19:50:49.110+0000] {logging_mixin.py:188} INFO - [2026-05-09T19:50:49.109+0000] {dag.py:3954} INFO - Setting next_dagrun for example_subdag_operator to 2022-01-01 00:00:00+00:00, run_after=2022-01-01 00:00:00+00:00
[2026-05-09T19:50:49.115+0000] {logging_mixin.py:188} INFO - [2026-05-09T19:50:49.115+0000] {dag.py:3954} INFO - Setting next_dagrun for example_subdag_operator.section-1 to None, run_after=None
[2026-05-09T19:50:49.117+0000] {logging_mixin.py:188} INFO - [2026-05-09T19:50:49.117+0000] {dag.py:3954} INFO - Setting next_dagrun for example_subdag_operator.section-2 to None, run_after=None
[2026-05-09T19:50:49.127+0000] {logging_mixin.py:188} INFO - [2026-05-09T19:50:49.127+0000] {dag.py:3096} INFO - Sync 2 DAGs
[2026-05-09T19:50:49.133+0000] {logging_mixin.py:188} INFO - [2026-05-09T19:50:49.133+0000] {dag.py:3954} INFO - Setting next_dagrun for example_subdag_operator.section-1 to None, run_after=None
[2026-05-09T19:50:49.134+0000] {logging_mixin.py:188} INFO - [2026-05-09T19:50:49.133+0000] {dag.py:3954} INFO - Setting next_dagrun for example_subdag_operator.section-2 to None, run_after=None
[2026-05-09T19:50:49.151+0000] {processor.py:183} INFO - Processing /home/airflow/.local/lib/python3.12/site-packages/airflow/example_dags/example_subdag_operator.py took 0.131 seconds
[2026-05-09T19:51:20.206+0000] {processor.py:161} INFO - Started process (PID=6912) to work on /home/airflow/.local/lib/python3.12/site-packages/airflow/example_dags/example_subdag_operator.py
[2026-05-09T19:51:20.207+0000] {processor.py:830} INFO - Processing file /home/airflow/.local/lib/python3.12/site-packages/airflow/example_dags/example_subdag_operator.py for tasks to queue
[2026-05-09T19:51:20.210+0000] {logging_mixin.py:188} INFO - [2026-05-09T19:51:20.210+0000] {dagbag.py:545} INFO - Filling up the DagBag from /home/airflow/.local/lib/python3.12/site-packages/airflow/example_dags/example_subdag_operator.py
[2026-05-09T19:51:20.245+0000] {processor.py:840} INFO - DAG(s) 'example_subdag_operator.section-1', 'example_subdag_operator.section-2', 'example_subdag_operator' retrieved from /home/airflow/.local/lib/python3.12/site-packages/airflow/example_dags/example_subdag_operator.py
[2026-05-09T19:51:20.272+0000] {logging_mixin.py:188} INFO - [2026-05-09T19:51:20.271+0000] {dag.py:3096} INFO - Sync 3 DAGs
[2026-05-09T19:51:20.302+0000] {logging_mixin.py:188} INFO - [2026-05-09T19:51:20.301+0000] {dag.py:3954} INFO - Setting next_dagrun for example_subdag_operator to 2022-01-01 00:00:00+00:00, run_after=2022-01-01 00:00:00+00:00
[2026-05-09T19:51:20.308+0000] {logging_mixin.py:188} INFO - [2026-05-09T19:51:20.308+0000] {dag.py:3954} INFO - Setting next_dagrun for example_subdag_operator.section-1 to None, run_after=None
[2026-05-09T19:51:20.313+0000] {logging_mixin.py:188} INFO - [2026-05-09T19:51:20.312+0000] {dag.py:3954} INFO - Setting next_dagrun for example_subdag_operator.section-2 to None, run_after=None
[2026-05-09T19:51:20.324+0000] {logging_mixin.py:188} INFO - [2026-05-09T19:51:20.324+0000] {dag.py:3096} INFO - Sync 2 DAGs
[2026-05-09T19:51:20.333+0000] {logging_mixin.py:188} INFO - [2026-05-09T19:51:20.333+0000] {dag.py:3954} INFO - Setting next_dagrun for example_subdag_operator.section-1 to None, run_after=None
[2026-05-09T19:51:20.334+0000] {logging_mixin.py:188} INFO - [2026-05-09T19:51:20.334+0000] {dag.py:3954} INFO - Setting next_dagrun for example_subdag_operator.section-2 to None, run_after=None
[2026-05-09T19:51:20.358+0000] {processor.py:183} INFO - Processing /home/airflow/.local/lib/python3.12/site-packages/airflow/example_dags/example_subdag_operator.py took 0.159 seconds
[2026-05-09T19:51:50.567+0000] {processor.py:161} INFO - Started process (PID=6971) to work on /home/airflow/.local/lib/python3.12/site-packages/airflow/example_dags/example_subdag_operator.py
[2026-05-09T19:51:50.568+0000] {processor.py:830} INFO - Processing file /home/airflow/.local/lib/python3.12/site-packages/airflow/example_dags/example_subdag_operator.py for tasks to queue
[2026-05-09T19:51:50.571+0000] {logging_mixin.py:188} INFO - [2026-05-09T19:51:50.570+0000] {dagbag.py:545} INFO - Filling up the DagBag from /home/airflow/.local/lib/python3.12/site-packages/airflow/example_dags/example_subdag_operator.py
[2026-05-09T19:51:50.596+0000] {processor.py:840} INFO - DAG(s) 'example_subdag_operator.section-1', 'example_subdag_operator.section-2', 'example_subdag_operator' retrieved from /home/airflow/.local/lib/python3.12/site-packages/airflow/example_dags/example_subdag_operator.py
[2026-05-09T19:51:50.612+0000] {logging_mixin.py:188} INFO - [2026-05-09T19:51:50.612+0000] {dag.py:3096} INFO - Sync 3 DAGs
[2026-05-09T19:51:50.634+0000] {logging_mixin.py:188} INFO - [2026-05-09T19:51:50.634+0000] {dag.py:3954} INFO - Setting next_dagrun for example_subdag_operator to 2022-01-01 00:00:00+00:00, run_after=2022-01-01 00:00:00+00:00
[2026-05-09T19:51:50.638+0000] {logging_mixin.py:188} INFO - [2026-05-09T19:51:50.638+0000] {dag.py:3954} INFO - Setting next_dagrun for example_subdag_operator.section-1 to None, run_after=None
[2026-05-09T19:51:50.640+0000] {logging_mixin.py:188} INFO - [2026-05-09T19:51:50.639+0000] {dag.py:3954} INFO - Setting next_dagrun for example_subdag_operator.section-2 to None, run_after=None
[2026-05-09T19:51:50.648+0000] {logging_mixin.py:188} INFO - [2026-05-09T19:51:50.648+0000] {dag.py:3096} INFO - Sync 2 DAGs
[2026-05-09T19:51:50.654+0000] {logging_mixin.py:188} INFO - [2026-05-09T19:51:50.654+0000] {dag.py:3954} INFO - Setting next_dagrun for example_subdag_operator.section-1 to None, run_after=None
[2026-05-09T19:51:50.655+0000] {logging_mixin.py:188} INFO - [2026-05-09T19:51:50.655+0000] {dag.py:3954} INFO - Setting next_dagrun for example_subdag_operator.section-2 to None, run_after=None
[2026-05-09T19:51:50.671+0000] {processor.py:183} INFO - Processing /home/airflow/.local/lib/python3.12/site-packages/airflow/example_dags/example_subdag_operator.py took 0.110 seconds
[2026-05-09T19:52:21.409+0000] {processor.py:161} INFO - Started process (PID=7030) to work on /home/airflow/.local/lib/python3.12/site-packages/airflow/example_dags/example_subdag_operator.py
[2026-05-09T19:52:21.410+0000] {processor.py:830} INFO - Processing file /home/airflow/.local/lib/python3.12/site-packages/airflow/example_dags/example_subdag_operator.py for tasks to queue
[2026-05-09T19:52:21.412+0000] {logging_mixin.py:188} INFO - [2026-05-09T19:52:21.412+0000] {dagbag.py:545} INFO - Filling up the DagBag from /home/airflow/.local/lib/python3.12/site-packages/airflow/example_dags/example_subdag_operator.py
[2026-05-09T19:52:21.436+0000] {processor.py:840} INFO - DAG(s) 'example_subdag_operator.section-1', 'example_subdag_operator.section-2', 'example_subdag_operator' retrieved from /home/airflow/.local/lib/python3.12/site-packages/airflow/example_dags/example_subdag_operator.py
[2026-05-09T19:52:21.451+0000] {logging_mixin.py:188} INFO - [2026-05-09T19:52:21.451+0000] {dag.py:3096} INFO - Sync 3 DAGs
[2026-05-09T19:52:21.473+0000] {logging_mixin.py:188} INFO - [2026-05-09T19:52:21.473+0000] {dag.py:3954} INFO - Setting next_dagrun for example_subdag_operator to 2022-01-01 00:00:00+00:00, run_after=2022-01-01 00:00:00+00:00
[2026-05-09T19:52:21.477+0000] {logging_mixin.py:188} INFO - [2026-05-09T19:52:21.477+0000] {dag.py:3954} INFO - Setting next_dagrun for example_subdag_operator.section-1 to None, run_after=None
[2026-05-09T19:52:21.479+0000] {logging_mixin.py:188} INFO - [2026-05-09T19:52:21.479+0000] {dag.py:3954} INFO - Setting next_dagrun for example_subdag_operator.section-2 to None, run_after=None
[2026-05-09T19:52:21.486+0000] {logging_mixin.py:188} INFO - [2026-05-09T19:52:21.486+0000] {dag.py:3096} INFO - Sync 2 DAGs
[2026-05-09T19:52:21.494+0000] {logging_mixin.py:188} INFO - [2026-05-09T19:52:21.494+0000] {dag.py:3954} INFO - Setting next_dagrun for example_subdag_operator.section-1 to None, run_after=None
[2026-05-09T19:52:21.495+0000] {logging_mixin.py:188} INFO - [2026-05-09T19:52:21.495+0000] {dag.py:3954} INFO - Setting next_dagrun for example_subdag_operator.section-2 to None, run_after=None
[2026-05-09T19:52:21.512+0000] {processor.py:183} INFO - Processing /home/airflow/.local/lib/python3.12/site-packages/airflow/example_dags/example_subdag_operator.py took 0.108 seconds
[2026-05-09T19:52:52.786+0000] {processor.py:161} INFO - Started process (PID=7089) to work on /home/airflow/.local/lib/python3.12/site-packages/airflow/example_dags/example_subdag_operator.py
[2026-05-09T19:52:52.788+0000] {processor.py:830} INFO - Processing file /home/airflow/.local/lib/python3.12/site-packages/airflow/example_dags/example_subdag_operator.py for tasks to queue
[2026-05-09T19:52:52.791+0000] {logging_mixin.py:188} INFO - [2026-05-09T19:52:52.791+0000] {dagbag.py:545} INFO - Filling up the DagBag from /home/airflow/.local/lib/python3.12/site-packages/airflow/example_dags/example_subdag_operator.py
[2026-05-09T19:52:52.824+0000] {processor.py:840} INFO - DAG(s) 'example_subdag_operator.section-1', 'example_subdag_operator.section-2', 'example_subdag_operator' retrieved from /home/airflow/.local/lib/python3.12/site-packages/airflow/example_dags/example_subdag_operator.py
[2026-05-09T19:52:52.843+0000] {logging_mixin.py:188} INFO - [2026-05-09T19:52:52.843+0000] {dag.py:3096} INFO - Sync 3 DAGs
[2026-05-09T19:52:52.872+0000] {logging_mixin.py:188} INFO - [2026-05-09T19:52:52.872+0000] {dag.py:3954} INFO - Setting next_dagrun for example_subdag_operator to 2022-01-01 00:00:00+00:00, run_after=2022-01-01 00:00:00+00:00
[2026-05-09T19:52:52.877+0000] {logging_mixin.py:188} INFO - [2026-05-09T19:52:52.877+0000] {dag.py:3954} INFO - Setting next_dagrun for example_subdag_operator.section-1 to None, run_after=None
[2026-05-09T19:52:52.880+0000] {logging_mixin.py:188} INFO - [2026-05-09T19:52:52.879+0000] {dag.py:3954} INFO - Setting next_dagrun for example_subdag_operator.section-2 to None, run_after=None
[2026-05-09T19:52:52.889+0000] {logging_mixin.py:188} INFO - [2026-05-09T19:52:52.888+0000] {dag.py:3096} INFO - Sync 2 DAGs
[2026-05-09T19:52:52.896+0000] {logging_mixin.py:188} INFO - [2026-05-09T19:52:52.896+0000] {dag.py:3954} INFO - Setting next_dagrun for example_subdag_operator.section-1 to None, run_after=None
[2026-05-09T19:52:52.898+0000] {logging_mixin.py:188} INFO - [2026-05-09T19:52:52.897+0000] {dag.py:3954} INFO - Setting next_dagrun for example_subdag_operator.section-2 to None, run_after=None
[2026-05-09T19:52:52.918+0000] {processor.py:183} INFO - Processing /home/airflow/.local/lib/python3.12/site-packages/airflow/example_dags/example_subdag_operator.py took 0.142 seconds
[2026-05-09T19:53:23.715+0000] {processor.py:161} INFO - Started process (PID=7148) to work on /home/airflow/.local/lib/python3.12/site-packages/airflow/example_dags/example_subdag_operator.py
[2026-05-09T19:53:23.716+0000] {processor.py:830} INFO - Processing file /home/airflow/.local/lib/python3.12/site-packages/airflow/example_dags/example_subdag_operator.py for tasks to queue
[2026-05-09T19:53:23.719+0000] {logging_mixin.py:188} INFO - [2026-05-09T19:53:23.718+0000] {dagbag.py:545} INFO - Filling up the DagBag from /home/airflow/.local/lib/python3.12/site-packages/airflow/example_dags/example_subdag_operator.py
[2026-05-09T19:53:23.746+0000] {processor.py:840} INFO - DAG(s) 'example_subdag_operator.section-1', 'example_subdag_operator.section-2', 'example_subdag_operator' retrieved from /home/airflow/.local/lib/python3.12/site-packages/airflow/example_dags/example_subdag_operator.py
[2026-05-09T19:53:23.764+0000] {logging_mixin.py:188} INFO - [2026-05-09T19:53:23.763+0000] {dag.py:3096} INFO - Sync 3 DAGs
[2026-05-09T19:53:23.788+0000] {logging_mixin.py:188} INFO - [2026-05-09T19:53:23.788+0000] {dag.py:3954} INFO - Setting next_dagrun for example_subdag_operator to 2022-01-01 00:00:00+00:00, run_after=2022-01-01 00:00:00+00:00
[2026-05-09T19:53:23.793+0000] {logging_mixin.py:188} INFO - [2026-05-09T19:53:23.793+0000] {dag.py:3954} INFO - Setting next_dagrun for example_subdag_operator.section-1 to None, run_after=None
[2026-05-09T19:53:23.796+0000] {logging_mixin.py:188} INFO - [2026-05-09T19:53:23.795+0000] {dag.py:3954} INFO - Setting next_dagrun for example_subdag_operator.section-2 to None, run_after=None
[2026-05-09T19:53:23.806+0000] {logging_mixin.py:188} INFO - [2026-05-09T19:53:23.805+0000] {dag.py:3096} INFO - Sync 2 DAGs
[2026-05-09T19:53:23.812+0000] {logging_mixin.py:188} INFO - [2026-05-09T19:53:23.812+0000] {dag.py:3954} INFO - Setting next_dagrun for example_subdag_operator.section-1 to None, run_after=None
[2026-05-09T19:53:23.813+0000] {logging_mixin.py:188} INFO - [2026-05-09T19:53:23.813+0000] {dag.py:3954} INFO - Setting next_dagrun for example_subdag_operator.section-2 to None, run_after=None
[2026-05-09T19:53:23.833+0000] {processor.py:183} INFO - Processing /home/airflow/.local/lib/python3.12/site-packages/airflow/example_dags/example_subdag_operator.py took 0.124 seconds
[2026-05-09T19:53:54.524+0000] {processor.py:161} INFO - Started process (PID=7207) to work on /home/airflow/.local/lib/python3.12/site-packages/airflow/example_dags/example_subdag_operator.py
[2026-05-09T19:53:54.526+0000] {processor.py:830} INFO - Processing file /home/airflow/.local/lib/python3.12/site-packages/airflow/example_dags/example_subdag_operator.py for tasks to queue
[2026-05-09T19:53:54.528+0000] {logging_mixin.py:188} INFO - [2026-05-09T19:53:54.527+0000] {dagbag.py:545} INFO - Filling up the DagBag from /home/airflow/.local/lib/python3.12/site-packages/airflow/example_dags/example_subdag_operator.py
[2026-05-09T19:53:54.553+0000] {processor.py:840} INFO - DAG(s) 'example_subdag_operator.section-1', 'example_subdag_operator.section-2', 'example_subdag_operator' retrieved from /home/airflow/.local/lib/python3.12/site-packages/airflow/example_dags/example_subdag_operator.py
[2026-05-09T19:53:54.569+0000] {logging_mixin.py:188} INFO - [2026-05-09T19:53:54.569+0000] {dag.py:3096} INFO - Sync 3 DAGs
[2026-05-09T19:53:54.590+0000] {logging_mixin.py:188} INFO - [2026-05-09T19:53:54.590+0000] {dag.py:3954} INFO - Setting next_dagrun for example_subdag_operator to 2022-01-01 00:00:00+00:00, run_after=2022-01-01 00:00:00+00:00
[2026-05-09T19:53:54.594+0000] {logging_mixin.py:188} INFO - [2026-05-09T19:53:54.594+0000] {dag.py:3954} INFO - Setting next_dagrun for example_subdag_operator.section-1 to None, run_after=None
[2026-05-09T19:53:54.596+0000] {logging_mixin.py:188} INFO - [2026-05-09T19:53:54.596+0000] {dag.py:3954} INFO - Setting next_dagrun for example_subdag_operator.section-2 to None, run_after=None
[2026-05-09T19:53:54.604+0000] {logging_mixin.py:188} INFO - [2026-05-09T19:53:54.604+0000] {dag.py:3096} INFO - Sync 2 DAGs
[2026-05-09T19:53:54.609+0000] {logging_mixin.py:188} INFO - [2026-05-09T19:53:54.609+0000] {dag.py:3954} INFO - Setting next_dagrun for example_subdag_operator.section-1 to None, run_after=None
[2026-05-09T19:53:54.610+0000] {logging_mixin.py:188} INFO - [2026-05-09T19:53:54.610+0000] {dag.py:3954} INFO - Setting next_dagrun for example_subdag_operator.section-2 to None, run_after=None
[2026-05-09T19:53:54.624+0000] {processor.py:183} INFO - Processing /home/airflow/.local/lib/python3.12/site-packages/airflow/example_dags/example_subdag_operator.py took 0.105 seconds
[2026-05-09T19:54:24.935+0000] {processor.py:161} INFO - Started process (PID=7266) to work on /home/airflow/.local/lib/python3.12/site-packages/airflow/example_dags/example_subdag_operator.py
[2026-05-09T19:54:24.936+0000] {processor.py:830} INFO - Processing file /home/airflow/.local/lib/python3.12/site-packages/airflow/example_dags/example_subdag_operator.py for tasks to queue
[2026-05-09T19:54:24.938+0000] {logging_mixin.py:188} INFO - [2026-05-09T19:54:24.937+0000] {dagbag.py:545} INFO - Filling up the DagBag from /home/airflow/.local/lib/python3.12/site-packages/airflow/example_dags/example_subdag_operator.py
[2026-05-09T19:54:24.968+0000] {processor.py:840} INFO - DAG(s) 'example_subdag_operator.section-1', 'example_subdag_operator.section-2', 'example_subdag_operator' retrieved from /home/airflow/.local/lib/python3.12/site-packages/airflow/example_dags/example_subdag_operator.py
[2026-05-09T19:54:24.983+0000] {logging_mixin.py:188} INFO - [2026-05-09T19:54:24.983+0000] {dag.py:3096} INFO - Sync 3 DAGs
[2026-05-09T19:54:25.004+0000] {logging_mixin.py:188} INFO - [2026-05-09T19:54:25.004+0000] {dag.py:3954} INFO - Setting next_dagrun for example_subdag_operator to 2022-01-01 00:00:00+00:00, run_after=2022-01-01 00:00:00+00:00
[2026-05-09T19:54:25.008+0000] {logging_mixin.py:188} INFO - [2026-05-09T19:54:25.008+0000] {dag.py:3954} INFO - Setting next_dagrun for example_subdag_operator.section-1 to None, run_after=None
[2026-05-09T19:54:25.010+0000] {logging_mixin.py:188} INFO - [2026-05-09T19:54:25.010+0000] {dag.py:3954} INFO - Setting next_dagrun for example_subdag_operator.section-2 to None, run_after=None
[2026-05-09T19:54:25.018+0000] {logging_mixin.py:188} INFO - [2026-05-09T19:54:25.017+0000] {dag.py:3096} INFO - Sync 2 DAGs
[2026-05-09T19:54:25.023+0000] {logging_mixin.py:188} INFO - [2026-05-09T19:54:25.023+0000] {dag.py:3954} INFO - Setting next_dagrun for example_subdag_operator.section-1 to None, run_after=None
[2026-05-09T19:54:25.024+0000] {logging_mixin.py:188} INFO - [2026-05-09T19:54:25.023+0000] {dag.py:3954} INFO - Setting next_dagrun for example_subdag_operator.section-2 to None, run_after=None
[2026-05-09T19:54:25.038+0000] {processor.py:183} INFO - Processing /home/airflow/.local/lib/python3.12/site-packages/airflow/example_dags/example_subdag_operator.py took 0.109 seconds
