[2026-05-09T18:42:20.590+0000] {processor.py:161} INFO - Started process (PID=110) to work on /home/airflow/.local/lib/python3.12/site-packages/airflow/example_dags/example_dynamic_task_mapping_with_no_taskflow_operators.py
[2026-05-09T18:42:20.592+0000] {processor.py:830} INFO - Processing file /home/airflow/.local/lib/python3.12/site-packages/airflow/example_dags/example_dynamic_task_mapping_with_no_taskflow_operators.py for tasks to queue
[2026-05-09T18:42:20.595+0000] {logging_mixin.py:188} INFO - [2026-05-09T18:42:20.595+0000] {dagbag.py:545} INFO - Filling up the DagBag from /home/airflow/.local/lib/python3.12/site-packages/airflow/example_dags/example_dynamic_task_mapping_with_no_taskflow_operators.py
[2026-05-09T18:42:20.601+0000] {processor.py:840} INFO - DAG(s) 'example_dynamic_task_mapping_with_no_taskflow_operators' retrieved from /home/airflow/.local/lib/python3.12/site-packages/airflow/example_dags/example_dynamic_task_mapping_with_no_taskflow_operators.py
[2026-05-09T18:42:20.714+0000] {logging_mixin.py:188} INFO - [2026-05-09T18:42:20.713+0000] {dag.py:3096} INFO - Sync 1 DAGs
[2026-05-09T18:42:20.735+0000] {logging_mixin.py:188} INFO - [2026-05-09T18:42:20.735+0000] {dag.py:3954} INFO - Setting next_dagrun for example_dynamic_task_mapping_with_no_taskflow_operators to 2026-05-08 00:00:00+00:00, run_after=2026-05-09 00:00:00+00:00
[2026-05-09T18:42:20.764+0000] {processor.py:183} INFO - Processing /home/airflow/.local/lib/python3.12/site-packages/airflow/example_dags/example_dynamic_task_mapping_with_no_taskflow_operators.py took 0.179 seconds
[2026-05-09T18:42:51.050+0000] {processor.py:161} INFO - Started process (PID=168) to work on /home/airflow/.local/lib/python3.12/site-packages/airflow/example_dags/example_dynamic_task_mapping_with_no_taskflow_operators.py
[2026-05-09T18:42:51.052+0000] {processor.py:830} INFO - Processing file /home/airflow/.local/lib/python3.12/site-packages/airflow/example_dags/example_dynamic_task_mapping_with_no_taskflow_operators.py for tasks to queue
[2026-05-09T18:42:51.055+0000] {logging_mixin.py:188} INFO - [2026-05-09T18:42:51.054+0000] {dagbag.py:545} INFO - Filling up the DagBag from /home/airflow/.local/lib/python3.12/site-packages/airflow/example_dags/example_dynamic_task_mapping_with_no_taskflow_operators.py
[2026-05-09T18:42:51.065+0000] {processor.py:840} INFO - DAG(s) 'example_dynamic_task_mapping_with_no_taskflow_operators' retrieved from /home/airflow/.local/lib/python3.12/site-packages/airflow/example_dags/example_dynamic_task_mapping_with_no_taskflow_operators.py
[2026-05-09T18:42:51.093+0000] {logging_mixin.py:188} INFO - [2026-05-09T18:42:51.093+0000] {dag.py:3096} INFO - Sync 1 DAGs
[2026-05-09T18:42:51.122+0000] {logging_mixin.py:188} INFO - [2026-05-09T18:42:51.121+0000] {dag.py:3954} INFO - Setting next_dagrun for example_dynamic_task_mapping_with_no_taskflow_operators to 2026-05-08 00:00:00+00:00, run_after=2026-05-09 00:00:00+00:00
[2026-05-09T18:42:51.153+0000] {processor.py:183} INFO - Processing /home/airflow/.local/lib/python3.12/site-packages/airflow/example_dags/example_dynamic_task_mapping_with_no_taskflow_operators.py took 0.111 seconds
[2026-05-09T18:43:23.859+0000] {processor.py:161} INFO - Started process (PID=226) to work on /home/airflow/.local/lib/python3.12/site-packages/airflow/example_dags/example_dynamic_task_mapping_with_no_taskflow_operators.py
[2026-05-09T18:43:23.861+0000] {processor.py:830} INFO - Processing file /home/airflow/.local/lib/python3.12/site-packages/airflow/example_dags/example_dynamic_task_mapping_with_no_taskflow_operators.py for tasks to queue
[2026-05-09T18:43:23.863+0000] {logging_mixin.py:188} INFO - [2026-05-09T18:43:23.863+0000] {dagbag.py:545} INFO - Filling up the DagBag from /home/airflow/.local/lib/python3.12/site-packages/airflow/example_dags/example_dynamic_task_mapping_with_no_taskflow_operators.py
[2026-05-09T18:43:23.871+0000] {processor.py:840} INFO - DAG(s) 'example_dynamic_task_mapping_with_no_taskflow_operators' retrieved from /home/airflow/.local/lib/python3.12/site-packages/airflow/example_dags/example_dynamic_task_mapping_with_no_taskflow_operators.py
[2026-05-09T18:43:23.895+0000] {logging_mixin.py:188} INFO - [2026-05-09T18:43:23.895+0000] {dag.py:3096} INFO - Sync 1 DAGs
[2026-05-09T18:43:23.921+0000] {logging_mixin.py:188} INFO - [2026-05-09T18:43:23.921+0000] {dag.py:3954} INFO - Setting next_dagrun for example_dynamic_task_mapping_with_no_taskflow_operators to 2026-05-08 00:00:00+00:00, run_after=2026-05-09 00:00:00+00:00
[2026-05-09T18:43:23.954+0000] {processor.py:183} INFO - Processing /home/airflow/.local/lib/python3.12/site-packages/airflow/example_dags/example_dynamic_task_mapping_with_no_taskflow_operators.py took 0.102 seconds
[2026-05-09T18:43:56.949+0000] {processor.py:161} INFO - Started process (PID=284) to work on /home/airflow/.local/lib/python3.12/site-packages/airflow/example_dags/example_dynamic_task_mapping_with_no_taskflow_operators.py
[2026-05-09T18:43:56.950+0000] {processor.py:830} INFO - Processing file /home/airflow/.local/lib/python3.12/site-packages/airflow/example_dags/example_dynamic_task_mapping_with_no_taskflow_operators.py for tasks to queue
[2026-05-09T18:43:56.953+0000] {logging_mixin.py:188} INFO - [2026-05-09T18:43:56.952+0000] {dagbag.py:545} INFO - Filling up the DagBag from /home/airflow/.local/lib/python3.12/site-packages/airflow/example_dags/example_dynamic_task_mapping_with_no_taskflow_operators.py
[2026-05-09T18:43:56.961+0000] {processor.py:840} INFO - DAG(s) 'example_dynamic_task_mapping_with_no_taskflow_operators' retrieved from /home/airflow/.local/lib/python3.12/site-packages/airflow/example_dags/example_dynamic_task_mapping_with_no_taskflow_operators.py
[2026-05-09T18:43:56.996+0000] {logging_mixin.py:188} INFO - [2026-05-09T18:43:56.996+0000] {dag.py:3096} INFO - Sync 1 DAGs
[2026-05-09T18:43:57.032+0000] {logging_mixin.py:188} INFO - [2026-05-09T18:43:57.032+0000] {dag.py:3954} INFO - Setting next_dagrun for example_dynamic_task_mapping_with_no_taskflow_operators to 2026-05-08 00:00:00+00:00, run_after=2026-05-09 00:00:00+00:00
[2026-05-09T18:43:57.072+0000] {processor.py:183} INFO - Processing /home/airflow/.local/lib/python3.12/site-packages/airflow/example_dags/example_dynamic_task_mapping_with_no_taskflow_operators.py took 0.130 seconds
[2026-05-09T18:44:27.569+0000] {processor.py:161} INFO - Started process (PID=342) to work on /home/airflow/.local/lib/python3.12/site-packages/airflow/example_dags/example_dynamic_task_mapping_with_no_taskflow_operators.py
[2026-05-09T18:44:27.570+0000] {processor.py:830} INFO - Processing file /home/airflow/.local/lib/python3.12/site-packages/airflow/example_dags/example_dynamic_task_mapping_with_no_taskflow_operators.py for tasks to queue
[2026-05-09T18:44:27.572+0000] {logging_mixin.py:188} INFO - [2026-05-09T18:44:27.572+0000] {dagbag.py:545} INFO - Filling up the DagBag from /home/airflow/.local/lib/python3.12/site-packages/airflow/example_dags/example_dynamic_task_mapping_with_no_taskflow_operators.py
[2026-05-09T18:44:27.579+0000] {processor.py:840} INFO - DAG(s) 'example_dynamic_task_mapping_with_no_taskflow_operators' retrieved from /home/airflow/.local/lib/python3.12/site-packages/airflow/example_dags/example_dynamic_task_mapping_with_no_taskflow_operators.py
[2026-05-09T18:44:27.602+0000] {logging_mixin.py:188} INFO - [2026-05-09T18:44:27.602+0000] {dag.py:3096} INFO - Sync 1 DAGs
[2026-05-09T18:44:27.628+0000] {logging_mixin.py:188} INFO - [2026-05-09T18:44:27.627+0000] {dag.py:3954} INFO - Setting next_dagrun for example_dynamic_task_mapping_with_no_taskflow_operators to 2026-05-08 00:00:00+00:00, run_after=2026-05-09 00:00:00+00:00
[2026-05-09T18:44:27.654+0000] {processor.py:183} INFO - Processing /home/airflow/.local/lib/python3.12/site-packages/airflow/example_dags/example_dynamic_task_mapping_with_no_taskflow_operators.py took 0.092 seconds
[2026-05-09T18:44:58.330+0000] {processor.py:161} INFO - Started process (PID=400) to work on /home/airflow/.local/lib/python3.12/site-packages/airflow/example_dags/example_dynamic_task_mapping_with_no_taskflow_operators.py
[2026-05-09T18:44:58.332+0000] {processor.py:830} INFO - Processing file /home/airflow/.local/lib/python3.12/site-packages/airflow/example_dags/example_dynamic_task_mapping_with_no_taskflow_operators.py for tasks to queue
[2026-05-09T18:44:58.334+0000] {logging_mixin.py:188} INFO - [2026-05-09T18:44:58.334+0000] {dagbag.py:545} INFO - Filling up the DagBag from /home/airflow/.local/lib/python3.12/site-packages/airflow/example_dags/example_dynamic_task_mapping_with_no_taskflow_operators.py
[2026-05-09T18:44:58.341+0000] {processor.py:840} INFO - DAG(s) 'example_dynamic_task_mapping_with_no_taskflow_operators' retrieved from /home/airflow/.local/lib/python3.12/site-packages/airflow/example_dags/example_dynamic_task_mapping_with_no_taskflow_operators.py
[2026-05-09T18:44:58.364+0000] {logging_mixin.py:188} INFO - [2026-05-09T18:44:58.363+0000] {dag.py:3096} INFO - Sync 1 DAGs
[2026-05-09T18:44:58.387+0000] {logging_mixin.py:188} INFO - [2026-05-09T18:44:58.386+0000] {dag.py:3954} INFO - Setting next_dagrun for example_dynamic_task_mapping_with_no_taskflow_operators to 2026-05-08 00:00:00+00:00, run_after=2026-05-09 00:00:00+00:00
[2026-05-09T18:44:58.415+0000] {processor.py:183} INFO - Processing /home/airflow/.local/lib/python3.12/site-packages/airflow/example_dags/example_dynamic_task_mapping_with_no_taskflow_operators.py took 0.090 seconds
[2026-05-09T18:45:29.145+0000] {processor.py:161} INFO - Started process (PID=458) to work on /home/airflow/.local/lib/python3.12/site-packages/airflow/example_dags/example_dynamic_task_mapping_with_no_taskflow_operators.py
[2026-05-09T18:45:29.146+0000] {processor.py:830} INFO - Processing file /home/airflow/.local/lib/python3.12/site-packages/airflow/example_dags/example_dynamic_task_mapping_with_no_taskflow_operators.py for tasks to queue
[2026-05-09T18:45:29.148+0000] {logging_mixin.py:188} INFO - [2026-05-09T18:45:29.148+0000] {dagbag.py:545} INFO - Filling up the DagBag from /home/airflow/.local/lib/python3.12/site-packages/airflow/example_dags/example_dynamic_task_mapping_with_no_taskflow_operators.py
[2026-05-09T18:45:29.155+0000] {processor.py:840} INFO - DAG(s) 'example_dynamic_task_mapping_with_no_taskflow_operators' retrieved from /home/airflow/.local/lib/python3.12/site-packages/airflow/example_dags/example_dynamic_task_mapping_with_no_taskflow_operators.py
[2026-05-09T18:45:29.176+0000] {logging_mixin.py:188} INFO - [2026-05-09T18:45:29.176+0000] {dag.py:3096} INFO - Sync 1 DAGs
[2026-05-09T18:45:29.200+0000] {logging_mixin.py:188} INFO - [2026-05-09T18:45:29.200+0000] {dag.py:3954} INFO - Setting next_dagrun for example_dynamic_task_mapping_with_no_taskflow_operators to 2026-05-08 00:00:00+00:00, run_after=2026-05-09 00:00:00+00:00
[2026-05-09T18:45:29.224+0000] {processor.py:183} INFO - Processing /home/airflow/.local/lib/python3.12/site-packages/airflow/example_dags/example_dynamic_task_mapping_with_no_taskflow_operators.py took 0.085 seconds
[2026-05-09T18:45:59.876+0000] {processor.py:161} INFO - Started process (PID=516) to work on /home/airflow/.local/lib/python3.12/site-packages/airflow/example_dags/example_dynamic_task_mapping_with_no_taskflow_operators.py
[2026-05-09T18:45:59.877+0000] {processor.py:830} INFO - Processing file /home/airflow/.local/lib/python3.12/site-packages/airflow/example_dags/example_dynamic_task_mapping_with_no_taskflow_operators.py for tasks to queue
[2026-05-09T18:45:59.879+0000] {logging_mixin.py:188} INFO - [2026-05-09T18:45:59.879+0000] {dagbag.py:545} INFO - Filling up the DagBag from /home/airflow/.local/lib/python3.12/site-packages/airflow/example_dags/example_dynamic_task_mapping_with_no_taskflow_operators.py
[2026-05-09T18:45:59.886+0000] {processor.py:840} INFO - DAG(s) 'example_dynamic_task_mapping_with_no_taskflow_operators' retrieved from /home/airflow/.local/lib/python3.12/site-packages/airflow/example_dags/example_dynamic_task_mapping_with_no_taskflow_operators.py
[2026-05-09T18:45:59.909+0000] {logging_mixin.py:188} INFO - [2026-05-09T18:45:59.909+0000] {dag.py:3096} INFO - Sync 1 DAGs
[2026-05-09T18:45:59.936+0000] {logging_mixin.py:188} INFO - [2026-05-09T18:45:59.936+0000] {dag.py:3954} INFO - Setting next_dagrun for example_dynamic_task_mapping_with_no_taskflow_operators to 2026-05-08 00:00:00+00:00, run_after=2026-05-09 00:00:00+00:00
[2026-05-09T18:45:59.981+0000] {processor.py:183} INFO - Processing /home/airflow/.local/lib/python3.12/site-packages/airflow/example_dags/example_dynamic_task_mapping_with_no_taskflow_operators.py took 0.111 seconds
[2026-05-09T18:46:31.481+0000] {processor.py:161} INFO - Started process (PID=574) to work on /home/airflow/.local/lib/python3.12/site-packages/airflow/example_dags/example_dynamic_task_mapping_with_no_taskflow_operators.py
[2026-05-09T18:46:31.482+0000] {processor.py:830} INFO - Processing file /home/airflow/.local/lib/python3.12/site-packages/airflow/example_dags/example_dynamic_task_mapping_with_no_taskflow_operators.py for tasks to queue
[2026-05-09T18:46:31.485+0000] {logging_mixin.py:188} INFO - [2026-05-09T18:46:31.484+0000] {dagbag.py:545} INFO - Filling up the DagBag from /home/airflow/.local/lib/python3.12/site-packages/airflow/example_dags/example_dynamic_task_mapping_with_no_taskflow_operators.py
[2026-05-09T18:46:31.493+0000] {processor.py:840} INFO - DAG(s) 'example_dynamic_task_mapping_with_no_taskflow_operators' retrieved from /home/airflow/.local/lib/python3.12/site-packages/airflow/example_dags/example_dynamic_task_mapping_with_no_taskflow_operators.py
[2026-05-09T18:46:31.519+0000] {logging_mixin.py:188} INFO - [2026-05-09T18:46:31.519+0000] {dag.py:3096} INFO - Sync 1 DAGs
[2026-05-09T18:46:31.549+0000] {logging_mixin.py:188} INFO - [2026-05-09T18:46:31.549+0000] {dag.py:3954} INFO - Setting next_dagrun for example_dynamic_task_mapping_with_no_taskflow_operators to 2026-05-08 00:00:00+00:00, run_after=2026-05-09 00:00:00+00:00
[2026-05-09T18:46:31.578+0000] {processor.py:183} INFO - Processing /home/airflow/.local/lib/python3.12/site-packages/airflow/example_dags/example_dynamic_task_mapping_with_no_taskflow_operators.py took 0.105 seconds
[2026-05-09T18:51:09.488+0000] {processor.py:161} INFO - Started process (PID=123) to work on /home/airflow/.local/lib/python3.12/site-packages/airflow/example_dags/example_dynamic_task_mapping_with_no_taskflow_operators.py
[2026-05-09T18:51:09.491+0000] {processor.py:830} INFO - Processing file /home/airflow/.local/lib/python3.12/site-packages/airflow/example_dags/example_dynamic_task_mapping_with_no_taskflow_operators.py for tasks to queue
[2026-05-09T18:51:09.493+0000] {logging_mixin.py:188} INFO - [2026-05-09T18:51:09.493+0000] {dagbag.py:545} INFO - Filling up the DagBag from /home/airflow/.local/lib/python3.12/site-packages/airflow/example_dags/example_dynamic_task_mapping_with_no_taskflow_operators.py
[2026-05-09T18:51:09.502+0000] {processor.py:840} INFO - DAG(s) 'example_dynamic_task_mapping_with_no_taskflow_operators' retrieved from /home/airflow/.local/lib/python3.12/site-packages/airflow/example_dags/example_dynamic_task_mapping_with_no_taskflow_operators.py
[2026-05-09T18:51:09.638+0000] {logging_mixin.py:188} INFO - [2026-05-09T18:51:09.637+0000] {dag.py:3096} INFO - Sync 1 DAGs
[2026-05-09T18:51:09.660+0000] {logging_mixin.py:188} INFO - [2026-05-09T18:51:09.659+0000] {dag.py:3954} INFO - Setting next_dagrun for example_dynamic_task_mapping_with_no_taskflow_operators to 2026-05-08 00:00:00+00:00, run_after=2026-05-09 00:00:00+00:00
[2026-05-09T18:51:09.687+0000] {processor.py:183} INFO - Processing /home/airflow/.local/lib/python3.12/site-packages/airflow/example_dags/example_dynamic_task_mapping_with_no_taskflow_operators.py took 0.205 seconds
[2026-05-09T18:51:54.185+0000] {processor.py:161} INFO - Started process (PID=98) to work on /home/airflow/.local/lib/python3.12/site-packages/airflow/example_dags/example_dynamic_task_mapping_with_no_taskflow_operators.py
[2026-05-09T18:51:54.186+0000] {processor.py:830} INFO - Processing file /home/airflow/.local/lib/python3.12/site-packages/airflow/example_dags/example_dynamic_task_mapping_with_no_taskflow_operators.py for tasks to queue
[2026-05-09T18:51:54.188+0000] {logging_mixin.py:188} INFO - [2026-05-09T18:51:54.188+0000] {dagbag.py:545} INFO - Filling up the DagBag from /home/airflow/.local/lib/python3.12/site-packages/airflow/example_dags/example_dynamic_task_mapping_with_no_taskflow_operators.py
[2026-05-09T18:51:54.195+0000] {processor.py:840} INFO - DAG(s) 'example_dynamic_task_mapping_with_no_taskflow_operators' retrieved from /home/airflow/.local/lib/python3.12/site-packages/airflow/example_dags/example_dynamic_task_mapping_with_no_taskflow_operators.py
[2026-05-09T18:51:54.215+0000] {logging_mixin.py:188} INFO - [2026-05-09T18:51:54.215+0000] {dag.py:3096} INFO - Sync 1 DAGs
[2026-05-09T18:51:54.238+0000] {logging_mixin.py:188} INFO - [2026-05-09T18:51:54.238+0000] {dag.py:3954} INFO - Setting next_dagrun for example_dynamic_task_mapping_with_no_taskflow_operators to 2026-05-08 00:00:00+00:00, run_after=2026-05-09 00:00:00+00:00
[2026-05-09T18:51:54.263+0000] {processor.py:183} INFO - Processing /home/airflow/.local/lib/python3.12/site-packages/airflow/example_dags/example_dynamic_task_mapping_with_no_taskflow_operators.py took 0.083 seconds
[2026-05-09T18:52:24.579+0000] {processor.py:161} INFO - Started process (PID=156) to work on /home/airflow/.local/lib/python3.12/site-packages/airflow/example_dags/example_dynamic_task_mapping_with_no_taskflow_operators.py
[2026-05-09T18:52:24.580+0000] {processor.py:830} INFO - Processing file /home/airflow/.local/lib/python3.12/site-packages/airflow/example_dags/example_dynamic_task_mapping_with_no_taskflow_operators.py for tasks to queue
[2026-05-09T18:52:24.583+0000] {logging_mixin.py:188} INFO - [2026-05-09T18:52:24.582+0000] {dagbag.py:545} INFO - Filling up the DagBag from /home/airflow/.local/lib/python3.12/site-packages/airflow/example_dags/example_dynamic_task_mapping_with_no_taskflow_operators.py
[2026-05-09T18:52:24.588+0000] {processor.py:840} INFO - DAG(s) 'example_dynamic_task_mapping_with_no_taskflow_operators' retrieved from /home/airflow/.local/lib/python3.12/site-packages/airflow/example_dags/example_dynamic_task_mapping_with_no_taskflow_operators.py
[2026-05-09T18:52:24.608+0000] {logging_mixin.py:188} INFO - [2026-05-09T18:52:24.608+0000] {dag.py:3096} INFO - Sync 1 DAGs
[2026-05-09T18:52:24.630+0000] {logging_mixin.py:188} INFO - [2026-05-09T18:52:24.630+0000] {dag.py:3954} INFO - Setting next_dagrun for example_dynamic_task_mapping_with_no_taskflow_operators to 2026-05-08 00:00:00+00:00, run_after=2026-05-09 00:00:00+00:00
[2026-05-09T18:52:24.656+0000] {processor.py:183} INFO - Processing /home/airflow/.local/lib/python3.12/site-packages/airflow/example_dags/example_dynamic_task_mapping_with_no_taskflow_operators.py took 0.082 seconds
[2026-05-09T18:53:01.067+0000] {processor.py:161} INFO - Started process (PID=214) to work on /home/airflow/.local/lib/python3.12/site-packages/airflow/example_dags/example_dynamic_task_mapping_with_no_taskflow_operators.py
[2026-05-09T18:53:01.068+0000] {processor.py:830} INFO - Processing file /home/airflow/.local/lib/python3.12/site-packages/airflow/example_dags/example_dynamic_task_mapping_with_no_taskflow_operators.py for tasks to queue
[2026-05-09T18:53:01.070+0000] {logging_mixin.py:188} INFO - [2026-05-09T18:53:01.070+0000] {dagbag.py:545} INFO - Filling up the DagBag from /home/airflow/.local/lib/python3.12/site-packages/airflow/example_dags/example_dynamic_task_mapping_with_no_taskflow_operators.py
[2026-05-09T18:53:01.077+0000] {processor.py:840} INFO - DAG(s) 'example_dynamic_task_mapping_with_no_taskflow_operators' retrieved from /home/airflow/.local/lib/python3.12/site-packages/airflow/example_dags/example_dynamic_task_mapping_with_no_taskflow_operators.py
[2026-05-09T18:53:01.097+0000] {logging_mixin.py:188} INFO - [2026-05-09T18:53:01.096+0000] {dag.py:3096} INFO - Sync 1 DAGs
[2026-05-09T18:53:01.122+0000] {logging_mixin.py:188} INFO - [2026-05-09T18:53:01.121+0000] {dag.py:3954} INFO - Setting next_dagrun for example_dynamic_task_mapping_with_no_taskflow_operators to 2026-05-08 00:00:00+00:00, run_after=2026-05-09 00:00:00+00:00
[2026-05-09T18:53:01.148+0000] {processor.py:183} INFO - Processing /home/airflow/.local/lib/python3.12/site-packages/airflow/example_dags/example_dynamic_task_mapping_with_no_taskflow_operators.py took 0.086 seconds
[2026-05-09T18:53:31.385+0000] {processor.py:161} INFO - Started process (PID=272) to work on /home/airflow/.local/lib/python3.12/site-packages/airflow/example_dags/example_dynamic_task_mapping_with_no_taskflow_operators.py
[2026-05-09T18:53:31.387+0000] {processor.py:830} INFO - Processing file /home/airflow/.local/lib/python3.12/site-packages/airflow/example_dags/example_dynamic_task_mapping_with_no_taskflow_operators.py for tasks to queue
[2026-05-09T18:53:31.389+0000] {logging_mixin.py:188} INFO - [2026-05-09T18:53:31.388+0000] {dagbag.py:545} INFO - Filling up the DagBag from /home/airflow/.local/lib/python3.12/site-packages/airflow/example_dags/example_dynamic_task_mapping_with_no_taskflow_operators.py
[2026-05-09T18:53:31.396+0000] {processor.py:840} INFO - DAG(s) 'example_dynamic_task_mapping_with_no_taskflow_operators' retrieved from /home/airflow/.local/lib/python3.12/site-packages/airflow/example_dags/example_dynamic_task_mapping_with_no_taskflow_operators.py
[2026-05-09T18:53:31.416+0000] {logging_mixin.py:188} INFO - [2026-05-09T18:53:31.415+0000] {dag.py:3096} INFO - Sync 1 DAGs
[2026-05-09T18:53:31.437+0000] {logging_mixin.py:188} INFO - [2026-05-09T18:53:31.437+0000] {dag.py:3954} INFO - Setting next_dagrun for example_dynamic_task_mapping_with_no_taskflow_operators to 2026-05-08 00:00:00+00:00, run_after=2026-05-09 00:00:00+00:00
[2026-05-09T18:53:31.460+0000] {processor.py:183} INFO - Processing /home/airflow/.local/lib/python3.12/site-packages/airflow/example_dags/example_dynamic_task_mapping_with_no_taskflow_operators.py took 0.081 seconds
[2026-05-09T18:54:03.145+0000] {processor.py:161} INFO - Started process (PID=330) to work on /home/airflow/.local/lib/python3.12/site-packages/airflow/example_dags/example_dynamic_task_mapping_with_no_taskflow_operators.py
[2026-05-09T18:54:03.146+0000] {processor.py:830} INFO - Processing file /home/airflow/.local/lib/python3.12/site-packages/airflow/example_dags/example_dynamic_task_mapping_with_no_taskflow_operators.py for tasks to queue
[2026-05-09T18:54:03.149+0000] {logging_mixin.py:188} INFO - [2026-05-09T18:54:03.148+0000] {dagbag.py:545} INFO - Filling up the DagBag from /home/airflow/.local/lib/python3.12/site-packages/airflow/example_dags/example_dynamic_task_mapping_with_no_taskflow_operators.py
[2026-05-09T18:54:03.156+0000] {processor.py:840} INFO - DAG(s) 'example_dynamic_task_mapping_with_no_taskflow_operators' retrieved from /home/airflow/.local/lib/python3.12/site-packages/airflow/example_dags/example_dynamic_task_mapping_with_no_taskflow_operators.py
[2026-05-09T18:54:03.178+0000] {logging_mixin.py:188} INFO - [2026-05-09T18:54:03.178+0000] {dag.py:3096} INFO - Sync 1 DAGs
[2026-05-09T18:54:03.207+0000] {logging_mixin.py:188} INFO - [2026-05-09T18:54:03.207+0000] {dag.py:3954} INFO - Setting next_dagrun for example_dynamic_task_mapping_with_no_taskflow_operators to 2026-05-08 00:00:00+00:00, run_after=2026-05-09 00:00:00+00:00
[2026-05-09T18:54:03.240+0000] {processor.py:183} INFO - Processing /home/airflow/.local/lib/python3.12/site-packages/airflow/example_dags/example_dynamic_task_mapping_with_no_taskflow_operators.py took 0.102 seconds
[2026-05-09T18:54:33.773+0000] {processor.py:161} INFO - Started process (PID=388) to work on /home/airflow/.local/lib/python3.12/site-packages/airflow/example_dags/example_dynamic_task_mapping_with_no_taskflow_operators.py
[2026-05-09T18:54:33.775+0000] {processor.py:830} INFO - Processing file /home/airflow/.local/lib/python3.12/site-packages/airflow/example_dags/example_dynamic_task_mapping_with_no_taskflow_operators.py for tasks to queue
[2026-05-09T18:54:33.777+0000] {logging_mixin.py:188} INFO - [2026-05-09T18:54:33.776+0000] {dagbag.py:545} INFO - Filling up the DagBag from /home/airflow/.local/lib/python3.12/site-packages/airflow/example_dags/example_dynamic_task_mapping_with_no_taskflow_operators.py
[2026-05-09T18:54:33.783+0000] {processor.py:840} INFO - DAG(s) 'example_dynamic_task_mapping_with_no_taskflow_operators' retrieved from /home/airflow/.local/lib/python3.12/site-packages/airflow/example_dags/example_dynamic_task_mapping_with_no_taskflow_operators.py
[2026-05-09T18:54:33.802+0000] {logging_mixin.py:188} INFO - [2026-05-09T18:54:33.802+0000] {dag.py:3096} INFO - Sync 1 DAGs
[2026-05-09T18:54:33.823+0000] {logging_mixin.py:188} INFO - [2026-05-09T18:54:33.823+0000] {dag.py:3954} INFO - Setting next_dagrun for example_dynamic_task_mapping_with_no_taskflow_operators to 2026-05-08 00:00:00+00:00, run_after=2026-05-09 00:00:00+00:00
[2026-05-09T18:54:33.845+0000] {processor.py:183} INFO - Processing /home/airflow/.local/lib/python3.12/site-packages/airflow/example_dags/example_dynamic_task_mapping_with_no_taskflow_operators.py took 0.077 seconds
[2026-05-09T18:55:03.976+0000] {processor.py:161} INFO - Started process (PID=446) to work on /home/airflow/.local/lib/python3.12/site-packages/airflow/example_dags/example_dynamic_task_mapping_with_no_taskflow_operators.py
[2026-05-09T18:55:03.978+0000] {processor.py:830} INFO - Processing file /home/airflow/.local/lib/python3.12/site-packages/airflow/example_dags/example_dynamic_task_mapping_with_no_taskflow_operators.py for tasks to queue
[2026-05-09T18:55:03.980+0000] {logging_mixin.py:188} INFO - [2026-05-09T18:55:03.980+0000] {dagbag.py:545} INFO - Filling up the DagBag from /home/airflow/.local/lib/python3.12/site-packages/airflow/example_dags/example_dynamic_task_mapping_with_no_taskflow_operators.py
[2026-05-09T18:55:03.987+0000] {processor.py:840} INFO - DAG(s) 'example_dynamic_task_mapping_with_no_taskflow_operators' retrieved from /home/airflow/.local/lib/python3.12/site-packages/airflow/example_dags/example_dynamic_task_mapping_with_no_taskflow_operators.py
[2026-05-09T18:55:04.007+0000] {logging_mixin.py:188} INFO - [2026-05-09T18:55:04.007+0000] {dag.py:3096} INFO - Sync 1 DAGs
[2026-05-09T18:55:04.029+0000] {logging_mixin.py:188} INFO - [2026-05-09T18:55:04.029+0000] {dag.py:3954} INFO - Setting next_dagrun for example_dynamic_task_mapping_with_no_taskflow_operators to 2026-05-08 00:00:00+00:00, run_after=2026-05-09 00:00:00+00:00
[2026-05-09T18:55:04.068+0000] {processor.py:183} INFO - Processing /home/airflow/.local/lib/python3.12/site-packages/airflow/example_dags/example_dynamic_task_mapping_with_no_taskflow_operators.py took 0.097 seconds
[2026-05-09T18:55:34.439+0000] {processor.py:161} INFO - Started process (PID=504) to work on /home/airflow/.local/lib/python3.12/site-packages/airflow/example_dags/example_dynamic_task_mapping_with_no_taskflow_operators.py
[2026-05-09T18:55:34.440+0000] {processor.py:830} INFO - Processing file /home/airflow/.local/lib/python3.12/site-packages/airflow/example_dags/example_dynamic_task_mapping_with_no_taskflow_operators.py for tasks to queue
[2026-05-09T18:55:34.442+0000] {logging_mixin.py:188} INFO - [2026-05-09T18:55:34.441+0000] {dagbag.py:545} INFO - Filling up the DagBag from /home/airflow/.local/lib/python3.12/site-packages/airflow/example_dags/example_dynamic_task_mapping_with_no_taskflow_operators.py
[2026-05-09T18:55:34.447+0000] {processor.py:840} INFO - DAG(s) 'example_dynamic_task_mapping_with_no_taskflow_operators' retrieved from /home/airflow/.local/lib/python3.12/site-packages/airflow/example_dags/example_dynamic_task_mapping_with_no_taskflow_operators.py
[2026-05-09T18:55:34.467+0000] {logging_mixin.py:188} INFO - [2026-05-09T18:55:34.466+0000] {dag.py:3096} INFO - Sync 1 DAGs
[2026-05-09T18:55:34.487+0000] {logging_mixin.py:188} INFO - [2026-05-09T18:55:34.487+0000] {dag.py:3954} INFO - Setting next_dagrun for example_dynamic_task_mapping_with_no_taskflow_operators to 2026-05-08 00:00:00+00:00, run_after=2026-05-09 00:00:00+00:00
[2026-05-09T18:55:34.509+0000] {processor.py:183} INFO - Processing /home/airflow/.local/lib/python3.12/site-packages/airflow/example_dags/example_dynamic_task_mapping_with_no_taskflow_operators.py took 0.075 seconds
[2026-05-09T18:56:05.279+0000] {processor.py:161} INFO - Started process (PID=562) to work on /home/airflow/.local/lib/python3.12/site-packages/airflow/example_dags/example_dynamic_task_mapping_with_no_taskflow_operators.py
[2026-05-09T18:56:05.281+0000] {processor.py:830} INFO - Processing file /home/airflow/.local/lib/python3.12/site-packages/airflow/example_dags/example_dynamic_task_mapping_with_no_taskflow_operators.py for tasks to queue
[2026-05-09T18:56:05.283+0000] {logging_mixin.py:188} INFO - [2026-05-09T18:56:05.283+0000] {dagbag.py:545} INFO - Filling up the DagBag from /home/airflow/.local/lib/python3.12/site-packages/airflow/example_dags/example_dynamic_task_mapping_with_no_taskflow_operators.py
[2026-05-09T18:56:05.290+0000] {processor.py:840} INFO - DAG(s) 'example_dynamic_task_mapping_with_no_taskflow_operators' retrieved from /home/airflow/.local/lib/python3.12/site-packages/airflow/example_dags/example_dynamic_task_mapping_with_no_taskflow_operators.py
[2026-05-09T18:56:05.312+0000] {logging_mixin.py:188} INFO - [2026-05-09T18:56:05.312+0000] {dag.py:3096} INFO - Sync 1 DAGs
[2026-05-09T18:56:05.335+0000] {logging_mixin.py:188} INFO - [2026-05-09T18:56:05.335+0000] {dag.py:3954} INFO - Setting next_dagrun for example_dynamic_task_mapping_with_no_taskflow_operators to 2026-05-08 00:00:00+00:00, run_after=2026-05-09 00:00:00+00:00
[2026-05-09T18:56:05.360+0000] {processor.py:183} INFO - Processing /home/airflow/.local/lib/python3.12/site-packages/airflow/example_dags/example_dynamic_task_mapping_with_no_taskflow_operators.py took 0.086 seconds
[2026-05-09T18:56:35.594+0000] {processor.py:161} INFO - Started process (PID=620) to work on /home/airflow/.local/lib/python3.12/site-packages/airflow/example_dags/example_dynamic_task_mapping_with_no_taskflow_operators.py
[2026-05-09T18:56:35.595+0000] {processor.py:830} INFO - Processing file /home/airflow/.local/lib/python3.12/site-packages/airflow/example_dags/example_dynamic_task_mapping_with_no_taskflow_operators.py for tasks to queue
[2026-05-09T18:56:35.597+0000] {logging_mixin.py:188} INFO - [2026-05-09T18:56:35.596+0000] {dagbag.py:545} INFO - Filling up the DagBag from /home/airflow/.local/lib/python3.12/site-packages/airflow/example_dags/example_dynamic_task_mapping_with_no_taskflow_operators.py
[2026-05-09T18:56:35.602+0000] {processor.py:840} INFO - DAG(s) 'example_dynamic_task_mapping_with_no_taskflow_operators' retrieved from /home/airflow/.local/lib/python3.12/site-packages/airflow/example_dags/example_dynamic_task_mapping_with_no_taskflow_operators.py
[2026-05-09T18:56:35.622+0000] {logging_mixin.py:188} INFO - [2026-05-09T18:56:35.621+0000] {dag.py:3096} INFO - Sync 1 DAGs
[2026-05-09T18:56:35.642+0000] {logging_mixin.py:188} INFO - [2026-05-09T18:56:35.642+0000] {dag.py:3954} INFO - Setting next_dagrun for example_dynamic_task_mapping_with_no_taskflow_operators to 2026-05-08 00:00:00+00:00, run_after=2026-05-09 00:00:00+00:00
[2026-05-09T18:56:35.666+0000] {processor.py:183} INFO - Processing /home/airflow/.local/lib/python3.12/site-packages/airflow/example_dags/example_dynamic_task_mapping_with_no_taskflow_operators.py took 0.076 seconds
[2026-05-09T18:57:06.191+0000] {processor.py:161} INFO - Started process (PID=679) to work on /home/airflow/.local/lib/python3.12/site-packages/airflow/example_dags/example_dynamic_task_mapping_with_no_taskflow_operators.py
[2026-05-09T18:57:06.192+0000] {processor.py:830} INFO - Processing file /home/airflow/.local/lib/python3.12/site-packages/airflow/example_dags/example_dynamic_task_mapping_with_no_taskflow_operators.py for tasks to queue
[2026-05-09T18:57:06.194+0000] {logging_mixin.py:188} INFO - [2026-05-09T18:57:06.194+0000] {dagbag.py:545} INFO - Filling up the DagBag from /home/airflow/.local/lib/python3.12/site-packages/airflow/example_dags/example_dynamic_task_mapping_with_no_taskflow_operators.py
[2026-05-09T18:57:06.200+0000] {processor.py:840} INFO - DAG(s) 'example_dynamic_task_mapping_with_no_taskflow_operators' retrieved from /home/airflow/.local/lib/python3.12/site-packages/airflow/example_dags/example_dynamic_task_mapping_with_no_taskflow_operators.py
[2026-05-09T18:57:06.222+0000] {logging_mixin.py:188} INFO - [2026-05-09T18:57:06.221+0000] {dag.py:3096} INFO - Sync 1 DAGs
[2026-05-09T18:57:06.245+0000] {logging_mixin.py:188} INFO - [2026-05-09T18:57:06.244+0000] {dag.py:3954} INFO - Setting next_dagrun for example_dynamic_task_mapping_with_no_taskflow_operators to 2026-05-08 00:00:00+00:00, run_after=2026-05-09 00:00:00+00:00
[2026-05-09T18:57:06.271+0000] {processor.py:183} INFO - Processing /home/airflow/.local/lib/python3.12/site-packages/airflow/example_dags/example_dynamic_task_mapping_with_no_taskflow_operators.py took 0.085 seconds
[2026-05-09T18:57:36.786+0000] {processor.py:161} INFO - Started process (PID=738) to work on /home/airflow/.local/lib/python3.12/site-packages/airflow/example_dags/example_dynamic_task_mapping_with_no_taskflow_operators.py
[2026-05-09T18:57:36.787+0000] {processor.py:830} INFO - Processing file /home/airflow/.local/lib/python3.12/site-packages/airflow/example_dags/example_dynamic_task_mapping_with_no_taskflow_operators.py for tasks to queue
[2026-05-09T18:57:36.789+0000] {logging_mixin.py:188} INFO - [2026-05-09T18:57:36.789+0000] {dagbag.py:545} INFO - Filling up the DagBag from /home/airflow/.local/lib/python3.12/site-packages/airflow/example_dags/example_dynamic_task_mapping_with_no_taskflow_operators.py
[2026-05-09T18:57:36.795+0000] {processor.py:840} INFO - DAG(s) 'example_dynamic_task_mapping_with_no_taskflow_operators' retrieved from /home/airflow/.local/lib/python3.12/site-packages/airflow/example_dags/example_dynamic_task_mapping_with_no_taskflow_operators.py
[2026-05-09T18:57:36.818+0000] {logging_mixin.py:188} INFO - [2026-05-09T18:57:36.817+0000] {dag.py:3096} INFO - Sync 1 DAGs
[2026-05-09T18:57:36.839+0000] {logging_mixin.py:188} INFO - [2026-05-09T18:57:36.839+0000] {dag.py:3954} INFO - Setting next_dagrun for example_dynamic_task_mapping_with_no_taskflow_operators to 2026-05-08 00:00:00+00:00, run_after=2026-05-09 00:00:00+00:00
[2026-05-09T18:57:36.863+0000] {processor.py:183} INFO - Processing /home/airflow/.local/lib/python3.12/site-packages/airflow/example_dags/example_dynamic_task_mapping_with_no_taskflow_operators.py took 0.083 seconds
[2026-05-09T18:58:07.857+0000] {processor.py:161} INFO - Started process (PID=798) to work on /home/airflow/.local/lib/python3.12/site-packages/airflow/example_dags/example_dynamic_task_mapping_with_no_taskflow_operators.py
[2026-05-09T18:58:07.858+0000] {processor.py:830} INFO - Processing file /home/airflow/.local/lib/python3.12/site-packages/airflow/example_dags/example_dynamic_task_mapping_with_no_taskflow_operators.py for tasks to queue
[2026-05-09T18:58:07.861+0000] {logging_mixin.py:188} INFO - [2026-05-09T18:58:07.860+0000] {dagbag.py:545} INFO - Filling up the DagBag from /home/airflow/.local/lib/python3.12/site-packages/airflow/example_dags/example_dynamic_task_mapping_with_no_taskflow_operators.py
[2026-05-09T18:58:07.868+0000] {processor.py:840} INFO - DAG(s) 'example_dynamic_task_mapping_with_no_taskflow_operators' retrieved from /home/airflow/.local/lib/python3.12/site-packages/airflow/example_dags/example_dynamic_task_mapping_with_no_taskflow_operators.py
[2026-05-09T18:58:07.892+0000] {logging_mixin.py:188} INFO - [2026-05-09T18:58:07.891+0000] {dag.py:3096} INFO - Sync 1 DAGs
[2026-05-09T18:58:07.920+0000] {logging_mixin.py:188} INFO - [2026-05-09T18:58:07.919+0000] {dag.py:3954} INFO - Setting next_dagrun for example_dynamic_task_mapping_with_no_taskflow_operators to 2026-05-08 00:00:00+00:00, run_after=2026-05-09 00:00:00+00:00
[2026-05-09T18:58:07.953+0000] {processor.py:183} INFO - Processing /home/airflow/.local/lib/python3.12/site-packages/airflow/example_dags/example_dynamic_task_mapping_with_no_taskflow_operators.py took 0.101 seconds
[2026-05-09T18:58:38.488+0000] {processor.py:161} INFO - Started process (PID=857) to work on /home/airflow/.local/lib/python3.12/site-packages/airflow/example_dags/example_dynamic_task_mapping_with_no_taskflow_operators.py
[2026-05-09T18:58:38.490+0000] {processor.py:830} INFO - Processing file /home/airflow/.local/lib/python3.12/site-packages/airflow/example_dags/example_dynamic_task_mapping_with_no_taskflow_operators.py for tasks to queue
[2026-05-09T18:58:38.492+0000] {logging_mixin.py:188} INFO - [2026-05-09T18:58:38.491+0000] {dagbag.py:545} INFO - Filling up the DagBag from /home/airflow/.local/lib/python3.12/site-packages/airflow/example_dags/example_dynamic_task_mapping_with_no_taskflow_operators.py
[2026-05-09T18:58:38.498+0000] {processor.py:840} INFO - DAG(s) 'example_dynamic_task_mapping_with_no_taskflow_operators' retrieved from /home/airflow/.local/lib/python3.12/site-packages/airflow/example_dags/example_dynamic_task_mapping_with_no_taskflow_operators.py
[2026-05-09T18:58:38.517+0000] {logging_mixin.py:188} INFO - [2026-05-09T18:58:38.516+0000] {dag.py:3096} INFO - Sync 1 DAGs
[2026-05-09T18:58:38.538+0000] {logging_mixin.py:188} INFO - [2026-05-09T18:58:38.538+0000] {dag.py:3954} INFO - Setting next_dagrun for example_dynamic_task_mapping_with_no_taskflow_operators to 2026-05-08 00:00:00+00:00, run_after=2026-05-09 00:00:00+00:00
[2026-05-09T18:58:38.563+0000] {processor.py:183} INFO - Processing /home/airflow/.local/lib/python3.12/site-packages/airflow/example_dags/example_dynamic_task_mapping_with_no_taskflow_operators.py took 0.080 seconds
[2026-05-09T18:59:08.985+0000] {processor.py:161} INFO - Started process (PID=916) to work on /home/airflow/.local/lib/python3.12/site-packages/airflow/example_dags/example_dynamic_task_mapping_with_no_taskflow_operators.py
[2026-05-09T18:59:08.986+0000] {processor.py:830} INFO - Processing file /home/airflow/.local/lib/python3.12/site-packages/airflow/example_dags/example_dynamic_task_mapping_with_no_taskflow_operators.py for tasks to queue
[2026-05-09T18:59:08.988+0000] {logging_mixin.py:188} INFO - [2026-05-09T18:59:08.988+0000] {dagbag.py:545} INFO - Filling up the DagBag from /home/airflow/.local/lib/python3.12/site-packages/airflow/example_dags/example_dynamic_task_mapping_with_no_taskflow_operators.py
[2026-05-09T18:59:08.995+0000] {processor.py:840} INFO - DAG(s) 'example_dynamic_task_mapping_with_no_taskflow_operators' retrieved from /home/airflow/.local/lib/python3.12/site-packages/airflow/example_dags/example_dynamic_task_mapping_with_no_taskflow_operators.py
[2026-05-09T18:59:09.021+0000] {logging_mixin.py:188} INFO - [2026-05-09T18:59:09.021+0000] {dag.py:3096} INFO - Sync 1 DAGs
[2026-05-09T18:59:09.051+0000] {logging_mixin.py:188} INFO - [2026-05-09T18:59:09.051+0000] {dag.py:3954} INFO - Setting next_dagrun for example_dynamic_task_mapping_with_no_taskflow_operators to 2026-05-08 00:00:00+00:00, run_after=2026-05-09 00:00:00+00:00
[2026-05-09T18:59:09.081+0000] {processor.py:183} INFO - Processing /home/airflow/.local/lib/python3.12/site-packages/airflow/example_dags/example_dynamic_task_mapping_with_no_taskflow_operators.py took 0.102 seconds
[2026-05-09T18:59:39.899+0000] {processor.py:161} INFO - Started process (PID=975) to work on /home/airflow/.local/lib/python3.12/site-packages/airflow/example_dags/example_dynamic_task_mapping_with_no_taskflow_operators.py
[2026-05-09T18:59:39.900+0000] {processor.py:830} INFO - Processing file /home/airflow/.local/lib/python3.12/site-packages/airflow/example_dags/example_dynamic_task_mapping_with_no_taskflow_operators.py for tasks to queue
[2026-05-09T18:59:39.902+0000] {logging_mixin.py:188} INFO - [2026-05-09T18:59:39.902+0000] {dagbag.py:545} INFO - Filling up the DagBag from /home/airflow/.local/lib/python3.12/site-packages/airflow/example_dags/example_dynamic_task_mapping_with_no_taskflow_operators.py
[2026-05-09T18:59:39.908+0000] {processor.py:840} INFO - DAG(s) 'example_dynamic_task_mapping_with_no_taskflow_operators' retrieved from /home/airflow/.local/lib/python3.12/site-packages/airflow/example_dags/example_dynamic_task_mapping_with_no_taskflow_operators.py
[2026-05-09T18:59:39.928+0000] {logging_mixin.py:188} INFO - [2026-05-09T18:59:39.928+0000] {dag.py:3096} INFO - Sync 1 DAGs
[2026-05-09T18:59:39.950+0000] {logging_mixin.py:188} INFO - [2026-05-09T18:59:39.949+0000] {dag.py:3954} INFO - Setting next_dagrun for example_dynamic_task_mapping_with_no_taskflow_operators to 2026-05-08 00:00:00+00:00, run_after=2026-05-09 00:00:00+00:00
[2026-05-09T18:59:39.974+0000] {processor.py:183} INFO - Processing /home/airflow/.local/lib/python3.12/site-packages/airflow/example_dags/example_dynamic_task_mapping_with_no_taskflow_operators.py took 0.081 seconds
[2026-05-09T19:00:11.041+0000] {processor.py:161} INFO - Started process (PID=1034) to work on /home/airflow/.local/lib/python3.12/site-packages/airflow/example_dags/example_dynamic_task_mapping_with_no_taskflow_operators.py
[2026-05-09T19:00:11.042+0000] {processor.py:830} INFO - Processing file /home/airflow/.local/lib/python3.12/site-packages/airflow/example_dags/example_dynamic_task_mapping_with_no_taskflow_operators.py for tasks to queue
[2026-05-09T19:00:11.045+0000] {logging_mixin.py:188} INFO - [2026-05-09T19:00:11.044+0000] {dagbag.py:545} INFO - Filling up the DagBag from /home/airflow/.local/lib/python3.12/site-packages/airflow/example_dags/example_dynamic_task_mapping_with_no_taskflow_operators.py
[2026-05-09T19:00:11.052+0000] {processor.py:840} INFO - DAG(s) 'example_dynamic_task_mapping_with_no_taskflow_operators' retrieved from /home/airflow/.local/lib/python3.12/site-packages/airflow/example_dags/example_dynamic_task_mapping_with_no_taskflow_operators.py
[2026-05-09T19:00:11.074+0000] {logging_mixin.py:188} INFO - [2026-05-09T19:00:11.074+0000] {dag.py:3096} INFO - Sync 1 DAGs
[2026-05-09T19:00:11.097+0000] {logging_mixin.py:188} INFO - [2026-05-09T19:00:11.097+0000] {dag.py:3954} INFO - Setting next_dagrun for example_dynamic_task_mapping_with_no_taskflow_operators to 2026-05-08 00:00:00+00:00, run_after=2026-05-09 00:00:00+00:00
[2026-05-09T19:00:11.125+0000] {processor.py:183} INFO - Processing /home/airflow/.local/lib/python3.12/site-packages/airflow/example_dags/example_dynamic_task_mapping_with_no_taskflow_operators.py took 0.090 seconds
[2026-05-09T19:00:41.637+0000] {processor.py:161} INFO - Started process (PID=1093) to work on /home/airflow/.local/lib/python3.12/site-packages/airflow/example_dags/example_dynamic_task_mapping_with_no_taskflow_operators.py
[2026-05-09T19:00:41.639+0000] {processor.py:830} INFO - Processing file /home/airflow/.local/lib/python3.12/site-packages/airflow/example_dags/example_dynamic_task_mapping_with_no_taskflow_operators.py for tasks to queue
[2026-05-09T19:00:41.641+0000] {logging_mixin.py:188} INFO - [2026-05-09T19:00:41.640+0000] {dagbag.py:545} INFO - Filling up the DagBag from /home/airflow/.local/lib/python3.12/site-packages/airflow/example_dags/example_dynamic_task_mapping_with_no_taskflow_operators.py
[2026-05-09T19:00:41.647+0000] {processor.py:840} INFO - DAG(s) 'example_dynamic_task_mapping_with_no_taskflow_operators' retrieved from /home/airflow/.local/lib/python3.12/site-packages/airflow/example_dags/example_dynamic_task_mapping_with_no_taskflow_operators.py
[2026-05-09T19:00:41.669+0000] {logging_mixin.py:188} INFO - [2026-05-09T19:00:41.668+0000] {dag.py:3096} INFO - Sync 1 DAGs
[2026-05-09T19:00:41.693+0000] {logging_mixin.py:188} INFO - [2026-05-09T19:00:41.692+0000] {dag.py:3954} INFO - Setting next_dagrun for example_dynamic_task_mapping_with_no_taskflow_operators to 2026-05-08 00:00:00+00:00, run_after=2026-05-09 00:00:00+00:00
[2026-05-09T19:00:41.718+0000] {processor.py:183} INFO - Processing /home/airflow/.local/lib/python3.12/site-packages/airflow/example_dags/example_dynamic_task_mapping_with_no_taskflow_operators.py took 0.085 seconds
[2026-05-09T19:01:12.543+0000] {processor.py:161} INFO - Started process (PID=1152) to work on /home/airflow/.local/lib/python3.12/site-packages/airflow/example_dags/example_dynamic_task_mapping_with_no_taskflow_operators.py
[2026-05-09T19:01:12.544+0000] {processor.py:830} INFO - Processing file /home/airflow/.local/lib/python3.12/site-packages/airflow/example_dags/example_dynamic_task_mapping_with_no_taskflow_operators.py for tasks to queue
[2026-05-09T19:01:12.546+0000] {logging_mixin.py:188} INFO - [2026-05-09T19:01:12.546+0000] {dagbag.py:545} INFO - Filling up the DagBag from /home/airflow/.local/lib/python3.12/site-packages/airflow/example_dags/example_dynamic_task_mapping_with_no_taskflow_operators.py
[2026-05-09T19:01:12.552+0000] {processor.py:840} INFO - DAG(s) 'example_dynamic_task_mapping_with_no_taskflow_operators' retrieved from /home/airflow/.local/lib/python3.12/site-packages/airflow/example_dags/example_dynamic_task_mapping_with_no_taskflow_operators.py
[2026-05-09T19:01:12.571+0000] {logging_mixin.py:188} INFO - [2026-05-09T19:01:12.571+0000] {dag.py:3096} INFO - Sync 1 DAGs
[2026-05-09T19:01:12.593+0000] {logging_mixin.py:188} INFO - [2026-05-09T19:01:12.593+0000] {dag.py:3954} INFO - Setting next_dagrun for example_dynamic_task_mapping_with_no_taskflow_operators to 2026-05-08 00:00:00+00:00, run_after=2026-05-09 00:00:00+00:00
[2026-05-09T19:01:12.616+0000] {processor.py:183} INFO - Processing /home/airflow/.local/lib/python3.12/site-packages/airflow/example_dags/example_dynamic_task_mapping_with_no_taskflow_operators.py took 0.078 seconds
[2026-05-09T19:01:43.616+0000] {processor.py:161} INFO - Started process (PID=1211) to work on /home/airflow/.local/lib/python3.12/site-packages/airflow/example_dags/example_dynamic_task_mapping_with_no_taskflow_operators.py
[2026-05-09T19:01:43.618+0000] {processor.py:830} INFO - Processing file /home/airflow/.local/lib/python3.12/site-packages/airflow/example_dags/example_dynamic_task_mapping_with_no_taskflow_operators.py for tasks to queue
[2026-05-09T19:01:43.620+0000] {logging_mixin.py:188} INFO - [2026-05-09T19:01:43.620+0000] {dagbag.py:545} INFO - Filling up the DagBag from /home/airflow/.local/lib/python3.12/site-packages/airflow/example_dags/example_dynamic_task_mapping_with_no_taskflow_operators.py
[2026-05-09T19:01:43.630+0000] {processor.py:840} INFO - DAG(s) 'example_dynamic_task_mapping_with_no_taskflow_operators' retrieved from /home/airflow/.local/lib/python3.12/site-packages/airflow/example_dags/example_dynamic_task_mapping_with_no_taskflow_operators.py
[2026-05-09T19:01:43.659+0000] {logging_mixin.py:188} INFO - [2026-05-09T19:01:43.658+0000] {dag.py:3096} INFO - Sync 1 DAGs
[2026-05-09T19:01:43.687+0000] {logging_mixin.py:188} INFO - [2026-05-09T19:01:43.687+0000] {dag.py:3954} INFO - Setting next_dagrun for example_dynamic_task_mapping_with_no_taskflow_operators to 2026-05-08 00:00:00+00:00, run_after=2026-05-09 00:00:00+00:00
[2026-05-09T19:01:43.919+0000] {processor.py:183} INFO - Processing /home/airflow/.local/lib/python3.12/site-packages/airflow/example_dags/example_dynamic_task_mapping_with_no_taskflow_operators.py took 0.312 seconds
[2026-05-09T19:02:14.275+0000] {processor.py:161} INFO - Started process (PID=1270) to work on /home/airflow/.local/lib/python3.12/site-packages/airflow/example_dags/example_dynamic_task_mapping_with_no_taskflow_operators.py
[2026-05-09T19:02:14.276+0000] {processor.py:830} INFO - Processing file /home/airflow/.local/lib/python3.12/site-packages/airflow/example_dags/example_dynamic_task_mapping_with_no_taskflow_operators.py for tasks to queue
[2026-05-09T19:02:14.278+0000] {logging_mixin.py:188} INFO - [2026-05-09T19:02:14.278+0000] {dagbag.py:545} INFO - Filling up the DagBag from /home/airflow/.local/lib/python3.12/site-packages/airflow/example_dags/example_dynamic_task_mapping_with_no_taskflow_operators.py
[2026-05-09T19:02:14.285+0000] {processor.py:840} INFO - DAG(s) 'example_dynamic_task_mapping_with_no_taskflow_operators' retrieved from /home/airflow/.local/lib/python3.12/site-packages/airflow/example_dags/example_dynamic_task_mapping_with_no_taskflow_operators.py
[2026-05-09T19:02:14.307+0000] {logging_mixin.py:188} INFO - [2026-05-09T19:02:14.307+0000] {dag.py:3096} INFO - Sync 1 DAGs
[2026-05-09T19:02:14.332+0000] {logging_mixin.py:188} INFO - [2026-05-09T19:02:14.332+0000] {dag.py:3954} INFO - Setting next_dagrun for example_dynamic_task_mapping_with_no_taskflow_operators to 2026-05-08 00:00:00+00:00, run_after=2026-05-09 00:00:00+00:00
[2026-05-09T19:02:14.490+0000] {processor.py:183} INFO - Processing /home/airflow/.local/lib/python3.12/site-packages/airflow/example_dags/example_dynamic_task_mapping_with_no_taskflow_operators.py took 0.221 seconds
[2026-05-09T19:02:44.954+0000] {processor.py:161} INFO - Started process (PID=1329) to work on /home/airflow/.local/lib/python3.12/site-packages/airflow/example_dags/example_dynamic_task_mapping_with_no_taskflow_operators.py
[2026-05-09T19:02:44.956+0000] {processor.py:830} INFO - Processing file /home/airflow/.local/lib/python3.12/site-packages/airflow/example_dags/example_dynamic_task_mapping_with_no_taskflow_operators.py for tasks to queue
[2026-05-09T19:02:44.958+0000] {logging_mixin.py:188} INFO - [2026-05-09T19:02:44.957+0000] {dagbag.py:545} INFO - Filling up the DagBag from /home/airflow/.local/lib/python3.12/site-packages/airflow/example_dags/example_dynamic_task_mapping_with_no_taskflow_operators.py
[2026-05-09T19:02:44.963+0000] {processor.py:840} INFO - DAG(s) 'example_dynamic_task_mapping_with_no_taskflow_operators' retrieved from /home/airflow/.local/lib/python3.12/site-packages/airflow/example_dags/example_dynamic_task_mapping_with_no_taskflow_operators.py
[2026-05-09T19:02:44.982+0000] {logging_mixin.py:188} INFO - [2026-05-09T19:02:44.982+0000] {dag.py:3096} INFO - Sync 1 DAGs
[2026-05-09T19:02:45.004+0000] {logging_mixin.py:188} INFO - [2026-05-09T19:02:45.004+0000] {dag.py:3954} INFO - Setting next_dagrun for example_dynamic_task_mapping_with_no_taskflow_operators to 2026-05-08 00:00:00+00:00, run_after=2026-05-09 00:00:00+00:00
[2026-05-09T19:02:45.151+0000] {processor.py:183} INFO - Processing /home/airflow/.local/lib/python3.12/site-packages/airflow/example_dags/example_dynamic_task_mapping_with_no_taskflow_operators.py took 0.201 seconds
[2026-05-09T19:03:15.271+0000] {processor.py:161} INFO - Started process (PID=1388) to work on /home/airflow/.local/lib/python3.12/site-packages/airflow/example_dags/example_dynamic_task_mapping_with_no_taskflow_operators.py
[2026-05-09T19:03:15.272+0000] {processor.py:830} INFO - Processing file /home/airflow/.local/lib/python3.12/site-packages/airflow/example_dags/example_dynamic_task_mapping_with_no_taskflow_operators.py for tasks to queue
[2026-05-09T19:03:15.274+0000] {logging_mixin.py:188} INFO - [2026-05-09T19:03:15.274+0000] {dagbag.py:545} INFO - Filling up the DagBag from /home/airflow/.local/lib/python3.12/site-packages/airflow/example_dags/example_dynamic_task_mapping_with_no_taskflow_operators.py
[2026-05-09T19:03:15.280+0000] {processor.py:840} INFO - DAG(s) 'example_dynamic_task_mapping_with_no_taskflow_operators' retrieved from /home/airflow/.local/lib/python3.12/site-packages/airflow/example_dags/example_dynamic_task_mapping_with_no_taskflow_operators.py
[2026-05-09T19:03:15.301+0000] {logging_mixin.py:188} INFO - [2026-05-09T19:03:15.301+0000] {dag.py:3096} INFO - Sync 1 DAGs
[2026-05-09T19:03:15.322+0000] {logging_mixin.py:188} INFO - [2026-05-09T19:03:15.322+0000] {dag.py:3954} INFO - Setting next_dagrun for example_dynamic_task_mapping_with_no_taskflow_operators to 2026-05-08 00:00:00+00:00, run_after=2026-05-09 00:00:00+00:00
[2026-05-09T19:03:15.466+0000] {processor.py:183} INFO - Processing /home/airflow/.local/lib/python3.12/site-packages/airflow/example_dags/example_dynamic_task_mapping_with_no_taskflow_operators.py took 0.200 seconds
[2026-05-09T19:03:46.316+0000] {processor.py:161} INFO - Started process (PID=1447) to work on /home/airflow/.local/lib/python3.12/site-packages/airflow/example_dags/example_dynamic_task_mapping_with_no_taskflow_operators.py
[2026-05-09T19:03:46.317+0000] {processor.py:830} INFO - Processing file /home/airflow/.local/lib/python3.12/site-packages/airflow/example_dags/example_dynamic_task_mapping_with_no_taskflow_operators.py for tasks to queue
[2026-05-09T19:03:46.319+0000] {logging_mixin.py:188} INFO - [2026-05-09T19:03:46.318+0000] {dagbag.py:545} INFO - Filling up the DagBag from /home/airflow/.local/lib/python3.12/site-packages/airflow/example_dags/example_dynamic_task_mapping_with_no_taskflow_operators.py
[2026-05-09T19:03:46.324+0000] {processor.py:840} INFO - DAG(s) 'example_dynamic_task_mapping_with_no_taskflow_operators' retrieved from /home/airflow/.local/lib/python3.12/site-packages/airflow/example_dags/example_dynamic_task_mapping_with_no_taskflow_operators.py
[2026-05-09T19:03:46.347+0000] {logging_mixin.py:188} INFO - [2026-05-09T19:03:46.347+0000] {dag.py:3096} INFO - Sync 1 DAGs
[2026-05-09T19:03:46.370+0000] {logging_mixin.py:188} INFO - [2026-05-09T19:03:46.369+0000] {dag.py:3954} INFO - Setting next_dagrun for example_dynamic_task_mapping_with_no_taskflow_operators to 2026-05-08 00:00:00+00:00, run_after=2026-05-09 00:00:00+00:00
[2026-05-09T19:03:46.394+0000] {processor.py:183} INFO - Processing /home/airflow/.local/lib/python3.12/site-packages/airflow/example_dags/example_dynamic_task_mapping_with_no_taskflow_operators.py took 0.083 seconds
[2026-05-09T19:04:16.896+0000] {processor.py:161} INFO - Started process (PID=1506) to work on /home/airflow/.local/lib/python3.12/site-packages/airflow/example_dags/example_dynamic_task_mapping_with_no_taskflow_operators.py
[2026-05-09T19:04:16.898+0000] {processor.py:830} INFO - Processing file /home/airflow/.local/lib/python3.12/site-packages/airflow/example_dags/example_dynamic_task_mapping_with_no_taskflow_operators.py for tasks to queue
[2026-05-09T19:04:16.900+0000] {logging_mixin.py:188} INFO - [2026-05-09T19:04:16.900+0000] {dagbag.py:545} INFO - Filling up the DagBag from /home/airflow/.local/lib/python3.12/site-packages/airflow/example_dags/example_dynamic_task_mapping_with_no_taskflow_operators.py
[2026-05-09T19:04:16.907+0000] {processor.py:840} INFO - DAG(s) 'example_dynamic_task_mapping_with_no_taskflow_operators' retrieved from /home/airflow/.local/lib/python3.12/site-packages/airflow/example_dags/example_dynamic_task_mapping_with_no_taskflow_operators.py
[2026-05-09T19:04:16.931+0000] {logging_mixin.py:188} INFO - [2026-05-09T19:04:16.930+0000] {dag.py:3096} INFO - Sync 1 DAGs
[2026-05-09T19:04:16.957+0000] {logging_mixin.py:188} INFO - [2026-05-09T19:04:16.956+0000] {dag.py:3954} INFO - Setting next_dagrun for example_dynamic_task_mapping_with_no_taskflow_operators to 2026-05-08 00:00:00+00:00, run_after=2026-05-09 00:00:00+00:00
[2026-05-09T19:04:16.984+0000] {processor.py:183} INFO - Processing /home/airflow/.local/lib/python3.12/site-packages/airflow/example_dags/example_dynamic_task_mapping_with_no_taskflow_operators.py took 0.094 seconds
[2026-05-09T19:04:47.353+0000] {processor.py:161} INFO - Started process (PID=1565) to work on /home/airflow/.local/lib/python3.12/site-packages/airflow/example_dags/example_dynamic_task_mapping_with_no_taskflow_operators.py
[2026-05-09T19:04:47.354+0000] {processor.py:830} INFO - Processing file /home/airflow/.local/lib/python3.12/site-packages/airflow/example_dags/example_dynamic_task_mapping_with_no_taskflow_operators.py for tasks to queue
[2026-05-09T19:04:47.355+0000] {logging_mixin.py:188} INFO - [2026-05-09T19:04:47.355+0000] {dagbag.py:545} INFO - Filling up the DagBag from /home/airflow/.local/lib/python3.12/site-packages/airflow/example_dags/example_dynamic_task_mapping_with_no_taskflow_operators.py
[2026-05-09T19:04:47.361+0000] {processor.py:840} INFO - DAG(s) 'example_dynamic_task_mapping_with_no_taskflow_operators' retrieved from /home/airflow/.local/lib/python3.12/site-packages/airflow/example_dags/example_dynamic_task_mapping_with_no_taskflow_operators.py
[2026-05-09T19:04:47.382+0000] {logging_mixin.py:188} INFO - [2026-05-09T19:04:47.382+0000] {dag.py:3096} INFO - Sync 1 DAGs
[2026-05-09T19:04:47.403+0000] {logging_mixin.py:188} INFO - [2026-05-09T19:04:47.403+0000] {dag.py:3954} INFO - Setting next_dagrun for example_dynamic_task_mapping_with_no_taskflow_operators to 2026-05-08 00:00:00+00:00, run_after=2026-05-09 00:00:00+00:00
[2026-05-09T19:04:47.424+0000] {processor.py:183} INFO - Processing /home/airflow/.local/lib/python3.12/site-packages/airflow/example_dags/example_dynamic_task_mapping_with_no_taskflow_operators.py took 0.077 seconds
[2026-05-09T19:05:17.778+0000] {processor.py:161} INFO - Started process (PID=1624) to work on /home/airflow/.local/lib/python3.12/site-packages/airflow/example_dags/example_dynamic_task_mapping_with_no_taskflow_operators.py
[2026-05-09T19:05:17.779+0000] {processor.py:830} INFO - Processing file /home/airflow/.local/lib/python3.12/site-packages/airflow/example_dags/example_dynamic_task_mapping_with_no_taskflow_operators.py for tasks to queue
[2026-05-09T19:05:17.781+0000] {logging_mixin.py:188} INFO - [2026-05-09T19:05:17.781+0000] {dagbag.py:545} INFO - Filling up the DagBag from /home/airflow/.local/lib/python3.12/site-packages/airflow/example_dags/example_dynamic_task_mapping_with_no_taskflow_operators.py
[2026-05-09T19:05:17.790+0000] {processor.py:840} INFO - DAG(s) 'example_dynamic_task_mapping_with_no_taskflow_operators' retrieved from /home/airflow/.local/lib/python3.12/site-packages/airflow/example_dags/example_dynamic_task_mapping_with_no_taskflow_operators.py
[2026-05-09T19:05:17.816+0000] {logging_mixin.py:188} INFO - [2026-05-09T19:05:17.816+0000] {dag.py:3096} INFO - Sync 1 DAGs
[2026-05-09T19:05:17.843+0000] {logging_mixin.py:188} INFO - [2026-05-09T19:05:17.843+0000] {dag.py:3954} INFO - Setting next_dagrun for example_dynamic_task_mapping_with_no_taskflow_operators to 2026-05-08 00:00:00+00:00, run_after=2026-05-09 00:00:00+00:00
[2026-05-09T19:05:17.868+0000] {processor.py:183} INFO - Processing /home/airflow/.local/lib/python3.12/site-packages/airflow/example_dags/example_dynamic_task_mapping_with_no_taskflow_operators.py took 0.095 seconds
[2026-05-09T19:05:48.371+0000] {processor.py:161} INFO - Started process (PID=1683) to work on /home/airflow/.local/lib/python3.12/site-packages/airflow/example_dags/example_dynamic_task_mapping_with_no_taskflow_operators.py
[2026-05-09T19:05:48.372+0000] {processor.py:830} INFO - Processing file /home/airflow/.local/lib/python3.12/site-packages/airflow/example_dags/example_dynamic_task_mapping_with_no_taskflow_operators.py for tasks to queue
[2026-05-09T19:05:48.375+0000] {logging_mixin.py:188} INFO - [2026-05-09T19:05:48.375+0000] {dagbag.py:545} INFO - Filling up the DagBag from /home/airflow/.local/lib/python3.12/site-packages/airflow/example_dags/example_dynamic_task_mapping_with_no_taskflow_operators.py
[2026-05-09T19:05:48.384+0000] {processor.py:840} INFO - DAG(s) 'example_dynamic_task_mapping_with_no_taskflow_operators' retrieved from /home/airflow/.local/lib/python3.12/site-packages/airflow/example_dags/example_dynamic_task_mapping_with_no_taskflow_operators.py
[2026-05-09T19:05:48.412+0000] {logging_mixin.py:188} INFO - [2026-05-09T19:05:48.411+0000] {dag.py:3096} INFO - Sync 1 DAGs
[2026-05-09T19:05:48.445+0000] {logging_mixin.py:188} INFO - [2026-05-09T19:05:48.445+0000] {dag.py:3954} INFO - Setting next_dagrun for example_dynamic_task_mapping_with_no_taskflow_operators to 2026-05-08 00:00:00+00:00, run_after=2026-05-09 00:00:00+00:00
[2026-05-09T19:05:48.478+0000] {processor.py:183} INFO - Processing /home/airflow/.local/lib/python3.12/site-packages/airflow/example_dags/example_dynamic_task_mapping_with_no_taskflow_operators.py took 0.114 seconds
[2026-05-09T19:06:18.919+0000] {processor.py:161} INFO - Started process (PID=1742) to work on /home/airflow/.local/lib/python3.12/site-packages/airflow/example_dags/example_dynamic_task_mapping_with_no_taskflow_operators.py
[2026-05-09T19:06:18.920+0000] {processor.py:830} INFO - Processing file /home/airflow/.local/lib/python3.12/site-packages/airflow/example_dags/example_dynamic_task_mapping_with_no_taskflow_operators.py for tasks to queue
[2026-05-09T19:06:18.924+0000] {logging_mixin.py:188} INFO - [2026-05-09T19:06:18.923+0000] {dagbag.py:545} INFO - Filling up the DagBag from /home/airflow/.local/lib/python3.12/site-packages/airflow/example_dags/example_dynamic_task_mapping_with_no_taskflow_operators.py
[2026-05-09T19:06:18.932+0000] {processor.py:840} INFO - DAG(s) 'example_dynamic_task_mapping_with_no_taskflow_operators' retrieved from /home/airflow/.local/lib/python3.12/site-packages/airflow/example_dags/example_dynamic_task_mapping_with_no_taskflow_operators.py
[2026-05-09T19:06:18.956+0000] {logging_mixin.py:188} INFO - [2026-05-09T19:06:18.956+0000] {dag.py:3096} INFO - Sync 1 DAGs
[2026-05-09T19:06:18.982+0000] {logging_mixin.py:188} INFO - [2026-05-09T19:06:18.982+0000] {dag.py:3954} INFO - Setting next_dagrun for example_dynamic_task_mapping_with_no_taskflow_operators to 2026-05-08 00:00:00+00:00, run_after=2026-05-09 00:00:00+00:00
[2026-05-09T19:06:19.015+0000] {processor.py:183} INFO - Processing /home/airflow/.local/lib/python3.12/site-packages/airflow/example_dags/example_dynamic_task_mapping_with_no_taskflow_operators.py took 0.102 seconds
[2026-05-09T19:06:49.346+0000] {processor.py:161} INFO - Started process (PID=1801) to work on /home/airflow/.local/lib/python3.12/site-packages/airflow/example_dags/example_dynamic_task_mapping_with_no_taskflow_operators.py
[2026-05-09T19:06:49.347+0000] {processor.py:830} INFO - Processing file /home/airflow/.local/lib/python3.12/site-packages/airflow/example_dags/example_dynamic_task_mapping_with_no_taskflow_operators.py for tasks to queue
[2026-05-09T19:06:49.349+0000] {logging_mixin.py:188} INFO - [2026-05-09T19:06:49.349+0000] {dagbag.py:545} INFO - Filling up the DagBag from /home/airflow/.local/lib/python3.12/site-packages/airflow/example_dags/example_dynamic_task_mapping_with_no_taskflow_operators.py
[2026-05-09T19:06:49.355+0000] {processor.py:840} INFO - DAG(s) 'example_dynamic_task_mapping_with_no_taskflow_operators' retrieved from /home/airflow/.local/lib/python3.12/site-packages/airflow/example_dags/example_dynamic_task_mapping_with_no_taskflow_operators.py
[2026-05-09T19:06:49.375+0000] {logging_mixin.py:188} INFO - [2026-05-09T19:06:49.375+0000] {dag.py:3096} INFO - Sync 1 DAGs
[2026-05-09T19:06:49.397+0000] {logging_mixin.py:188} INFO - [2026-05-09T19:06:49.397+0000] {dag.py:3954} INFO - Setting next_dagrun for example_dynamic_task_mapping_with_no_taskflow_operators to 2026-05-08 00:00:00+00:00, run_after=2026-05-09 00:00:00+00:00
[2026-05-09T19:06:49.423+0000] {processor.py:183} INFO - Processing /home/airflow/.local/lib/python3.12/site-packages/airflow/example_dags/example_dynamic_task_mapping_with_no_taskflow_operators.py took 0.082 seconds
[2026-05-09T19:07:19.842+0000] {processor.py:161} INFO - Started process (PID=1860) to work on /home/airflow/.local/lib/python3.12/site-packages/airflow/example_dags/example_dynamic_task_mapping_with_no_taskflow_operators.py
[2026-05-09T19:07:19.844+0000] {processor.py:830} INFO - Processing file /home/airflow/.local/lib/python3.12/site-packages/airflow/example_dags/example_dynamic_task_mapping_with_no_taskflow_operators.py for tasks to queue
[2026-05-09T19:07:19.847+0000] {logging_mixin.py:188} INFO - [2026-05-09T19:07:19.846+0000] {dagbag.py:545} INFO - Filling up the DagBag from /home/airflow/.local/lib/python3.12/site-packages/airflow/example_dags/example_dynamic_task_mapping_with_no_taskflow_operators.py
[2026-05-09T19:07:19.855+0000] {processor.py:840} INFO - DAG(s) 'example_dynamic_task_mapping_with_no_taskflow_operators' retrieved from /home/airflow/.local/lib/python3.12/site-packages/airflow/example_dags/example_dynamic_task_mapping_with_no_taskflow_operators.py
[2026-05-09T19:07:19.882+0000] {logging_mixin.py:188} INFO - [2026-05-09T19:07:19.881+0000] {dag.py:3096} INFO - Sync 1 DAGs
[2026-05-09T19:07:19.907+0000] {logging_mixin.py:188} INFO - [2026-05-09T19:07:19.907+0000] {dag.py:3954} INFO - Setting next_dagrun for example_dynamic_task_mapping_with_no_taskflow_operators to 2026-05-08 00:00:00+00:00, run_after=2026-05-09 00:00:00+00:00
[2026-05-09T19:07:19.932+0000] {processor.py:183} INFO - Processing /home/airflow/.local/lib/python3.12/site-packages/airflow/example_dags/example_dynamic_task_mapping_with_no_taskflow_operators.py took 0.096 seconds
[2026-05-09T19:07:50.294+0000] {processor.py:161} INFO - Started process (PID=1919) to work on /home/airflow/.local/lib/python3.12/site-packages/airflow/example_dags/example_dynamic_task_mapping_with_no_taskflow_operators.py
[2026-05-09T19:07:50.295+0000] {processor.py:830} INFO - Processing file /home/airflow/.local/lib/python3.12/site-packages/airflow/example_dags/example_dynamic_task_mapping_with_no_taskflow_operators.py for tasks to queue
[2026-05-09T19:07:50.298+0000] {logging_mixin.py:188} INFO - [2026-05-09T19:07:50.297+0000] {dagbag.py:545} INFO - Filling up the DagBag from /home/airflow/.local/lib/python3.12/site-packages/airflow/example_dags/example_dynamic_task_mapping_with_no_taskflow_operators.py
[2026-05-09T19:07:50.304+0000] {processor.py:840} INFO - DAG(s) 'example_dynamic_task_mapping_with_no_taskflow_operators' retrieved from /home/airflow/.local/lib/python3.12/site-packages/airflow/example_dags/example_dynamic_task_mapping_with_no_taskflow_operators.py
[2026-05-09T19:07:50.323+0000] {logging_mixin.py:188} INFO - [2026-05-09T19:07:50.323+0000] {dag.py:3096} INFO - Sync 1 DAGs
[2026-05-09T19:07:50.347+0000] {logging_mixin.py:188} INFO - [2026-05-09T19:07:50.346+0000] {dag.py:3954} INFO - Setting next_dagrun for example_dynamic_task_mapping_with_no_taskflow_operators to 2026-05-08 00:00:00+00:00, run_after=2026-05-09 00:00:00+00:00
[2026-05-09T19:07:50.369+0000] {processor.py:183} INFO - Processing /home/airflow/.local/lib/python3.12/site-packages/airflow/example_dags/example_dynamic_task_mapping_with_no_taskflow_operators.py took 0.081 seconds
[2026-05-09T19:08:20.801+0000] {processor.py:161} INFO - Started process (PID=1978) to work on /home/airflow/.local/lib/python3.12/site-packages/airflow/example_dags/example_dynamic_task_mapping_with_no_taskflow_operators.py
[2026-05-09T19:08:20.802+0000] {processor.py:830} INFO - Processing file /home/airflow/.local/lib/python3.12/site-packages/airflow/example_dags/example_dynamic_task_mapping_with_no_taskflow_operators.py for tasks to queue
[2026-05-09T19:08:20.804+0000] {logging_mixin.py:188} INFO - [2026-05-09T19:08:20.804+0000] {dagbag.py:545} INFO - Filling up the DagBag from /home/airflow/.local/lib/python3.12/site-packages/airflow/example_dags/example_dynamic_task_mapping_with_no_taskflow_operators.py
[2026-05-09T19:08:20.811+0000] {processor.py:840} INFO - DAG(s) 'example_dynamic_task_mapping_with_no_taskflow_operators' retrieved from /home/airflow/.local/lib/python3.12/site-packages/airflow/example_dags/example_dynamic_task_mapping_with_no_taskflow_operators.py
[2026-05-09T19:08:20.831+0000] {logging_mixin.py:188} INFO - [2026-05-09T19:08:20.831+0000] {dag.py:3096} INFO - Sync 1 DAGs
[2026-05-09T19:08:20.854+0000] {logging_mixin.py:188} INFO - [2026-05-09T19:08:20.853+0000] {dag.py:3954} INFO - Setting next_dagrun for example_dynamic_task_mapping_with_no_taskflow_operators to 2026-05-08 00:00:00+00:00, run_after=2026-05-09 00:00:00+00:00
[2026-05-09T19:08:20.875+0000] {processor.py:183} INFO - Processing /home/airflow/.local/lib/python3.12/site-packages/airflow/example_dags/example_dynamic_task_mapping_with_no_taskflow_operators.py took 0.078 seconds
[2026-05-09T19:08:51.076+0000] {processor.py:161} INFO - Started process (PID=2037) to work on /home/airflow/.local/lib/python3.12/site-packages/airflow/example_dags/example_dynamic_task_mapping_with_no_taskflow_operators.py
[2026-05-09T19:08:51.078+0000] {processor.py:830} INFO - Processing file /home/airflow/.local/lib/python3.12/site-packages/airflow/example_dags/example_dynamic_task_mapping_with_no_taskflow_operators.py for tasks to queue
[2026-05-09T19:08:51.081+0000] {logging_mixin.py:188} INFO - [2026-05-09T19:08:51.080+0000] {dagbag.py:545} INFO - Filling up the DagBag from /home/airflow/.local/lib/python3.12/site-packages/airflow/example_dags/example_dynamic_task_mapping_with_no_taskflow_operators.py
[2026-05-09T19:08:51.090+0000] {processor.py:840} INFO - DAG(s) 'example_dynamic_task_mapping_with_no_taskflow_operators' retrieved from /home/airflow/.local/lib/python3.12/site-packages/airflow/example_dags/example_dynamic_task_mapping_with_no_taskflow_operators.py
[2026-05-09T19:08:51.116+0000] {logging_mixin.py:188} INFO - [2026-05-09T19:08:51.116+0000] {dag.py:3096} INFO - Sync 1 DAGs
[2026-05-09T19:08:51.146+0000] {logging_mixin.py:188} INFO - [2026-05-09T19:08:51.146+0000] {dag.py:3954} INFO - Setting next_dagrun for example_dynamic_task_mapping_with_no_taskflow_operators to 2026-05-08 00:00:00+00:00, run_after=2026-05-09 00:00:00+00:00
[2026-05-09T19:08:51.174+0000] {processor.py:183} INFO - Processing /home/airflow/.local/lib/python3.12/site-packages/airflow/example_dags/example_dynamic_task_mapping_with_no_taskflow_operators.py took 0.104 seconds
[2026-05-09T19:09:21.260+0000] {processor.py:161} INFO - Started process (PID=2096) to work on /home/airflow/.local/lib/python3.12/site-packages/airflow/example_dags/example_dynamic_task_mapping_with_no_taskflow_operators.py
[2026-05-09T19:09:21.261+0000] {processor.py:830} INFO - Processing file /home/airflow/.local/lib/python3.12/site-packages/airflow/example_dags/example_dynamic_task_mapping_with_no_taskflow_operators.py for tasks to queue
[2026-05-09T19:09:21.263+0000] {logging_mixin.py:188} INFO - [2026-05-09T19:09:21.263+0000] {dagbag.py:545} INFO - Filling up the DagBag from /home/airflow/.local/lib/python3.12/site-packages/airflow/example_dags/example_dynamic_task_mapping_with_no_taskflow_operators.py
[2026-05-09T19:09:21.269+0000] {processor.py:840} INFO - DAG(s) 'example_dynamic_task_mapping_with_no_taskflow_operators' retrieved from /home/airflow/.local/lib/python3.12/site-packages/airflow/example_dags/example_dynamic_task_mapping_with_no_taskflow_operators.py
[2026-05-09T19:09:21.290+0000] {logging_mixin.py:188} INFO - [2026-05-09T19:09:21.290+0000] {dag.py:3096} INFO - Sync 1 DAGs
[2026-05-09T19:09:21.313+0000] {logging_mixin.py:188} INFO - [2026-05-09T19:09:21.313+0000] {dag.py:3954} INFO - Setting next_dagrun for example_dynamic_task_mapping_with_no_taskflow_operators to 2026-05-08 00:00:00+00:00, run_after=2026-05-09 00:00:00+00:00
[2026-05-09T19:09:21.334+0000] {processor.py:183} INFO - Processing /home/airflow/.local/lib/python3.12/site-packages/airflow/example_dags/example_dynamic_task_mapping_with_no_taskflow_operators.py took 0.080 seconds
[2026-05-09T19:09:52.014+0000] {processor.py:161} INFO - Started process (PID=2155) to work on /home/airflow/.local/lib/python3.12/site-packages/airflow/example_dags/example_dynamic_task_mapping_with_no_taskflow_operators.py
[2026-05-09T19:09:52.015+0000] {processor.py:830} INFO - Processing file /home/airflow/.local/lib/python3.12/site-packages/airflow/example_dags/example_dynamic_task_mapping_with_no_taskflow_operators.py for tasks to queue
[2026-05-09T19:09:52.018+0000] {logging_mixin.py:188} INFO - [2026-05-09T19:09:52.017+0000] {dagbag.py:545} INFO - Filling up the DagBag from /home/airflow/.local/lib/python3.12/site-packages/airflow/example_dags/example_dynamic_task_mapping_with_no_taskflow_operators.py
[2026-05-09T19:09:52.027+0000] {processor.py:840} INFO - DAG(s) 'example_dynamic_task_mapping_with_no_taskflow_operators' retrieved from /home/airflow/.local/lib/python3.12/site-packages/airflow/example_dags/example_dynamic_task_mapping_with_no_taskflow_operators.py
[2026-05-09T19:09:52.055+0000] {logging_mixin.py:188} INFO - [2026-05-09T19:09:52.055+0000] {dag.py:3096} INFO - Sync 1 DAGs
[2026-05-09T19:09:52.080+0000] {logging_mixin.py:188} INFO - [2026-05-09T19:09:52.080+0000] {dag.py:3954} INFO - Setting next_dagrun for example_dynamic_task_mapping_with_no_taskflow_operators to 2026-05-08 00:00:00+00:00, run_after=2026-05-09 00:00:00+00:00
[2026-05-09T19:09:52.104+0000] {processor.py:183} INFO - Processing /home/airflow/.local/lib/python3.12/site-packages/airflow/example_dags/example_dynamic_task_mapping_with_no_taskflow_operators.py took 0.095 seconds
[2026-05-09T19:10:22.447+0000] {processor.py:161} INFO - Started process (PID=2214) to work on /home/airflow/.local/lib/python3.12/site-packages/airflow/example_dags/example_dynamic_task_mapping_with_no_taskflow_operators.py
[2026-05-09T19:10:22.448+0000] {processor.py:830} INFO - Processing file /home/airflow/.local/lib/python3.12/site-packages/airflow/example_dags/example_dynamic_task_mapping_with_no_taskflow_operators.py for tasks to queue
[2026-05-09T19:10:22.451+0000] {logging_mixin.py:188} INFO - [2026-05-09T19:10:22.450+0000] {dagbag.py:545} INFO - Filling up the DagBag from /home/airflow/.local/lib/python3.12/site-packages/airflow/example_dags/example_dynamic_task_mapping_with_no_taskflow_operators.py
[2026-05-09T19:10:22.458+0000] {processor.py:840} INFO - DAG(s) 'example_dynamic_task_mapping_with_no_taskflow_operators' retrieved from /home/airflow/.local/lib/python3.12/site-packages/airflow/example_dags/example_dynamic_task_mapping_with_no_taskflow_operators.py
[2026-05-09T19:10:22.482+0000] {logging_mixin.py:188} INFO - [2026-05-09T19:10:22.482+0000] {dag.py:3096} INFO - Sync 1 DAGs
[2026-05-09T19:10:22.506+0000] {logging_mixin.py:188} INFO - [2026-05-09T19:10:22.506+0000] {dag.py:3954} INFO - Setting next_dagrun for example_dynamic_task_mapping_with_no_taskflow_operators to 2026-05-08 00:00:00+00:00, run_after=2026-05-09 00:00:00+00:00
[2026-05-09T19:10:22.534+0000] {processor.py:183} INFO - Processing /home/airflow/.local/lib/python3.12/site-packages/airflow/example_dags/example_dynamic_task_mapping_with_no_taskflow_operators.py took 0.092 seconds
[2026-05-09T19:10:52.754+0000] {processor.py:161} INFO - Started process (PID=2267) to work on /home/airflow/.local/lib/python3.12/site-packages/airflow/example_dags/example_dynamic_task_mapping_with_no_taskflow_operators.py
[2026-05-09T19:10:52.756+0000] {processor.py:830} INFO - Processing file /home/airflow/.local/lib/python3.12/site-packages/airflow/example_dags/example_dynamic_task_mapping_with_no_taskflow_operators.py for tasks to queue
[2026-05-09T19:10:52.760+0000] {logging_mixin.py:188} INFO - [2026-05-09T19:10:52.759+0000] {dagbag.py:545} INFO - Filling up the DagBag from /home/airflow/.local/lib/python3.12/site-packages/airflow/example_dags/example_dynamic_task_mapping_with_no_taskflow_operators.py
[2026-05-09T19:10:52.772+0000] {processor.py:840} INFO - DAG(s) 'example_dynamic_task_mapping_with_no_taskflow_operators' retrieved from /home/airflow/.local/lib/python3.12/site-packages/airflow/example_dags/example_dynamic_task_mapping_with_no_taskflow_operators.py
[2026-05-09T19:10:52.806+0000] {logging_mixin.py:188} INFO - [2026-05-09T19:10:52.806+0000] {dag.py:3096} INFO - Sync 1 DAGs
[2026-05-09T19:10:52.847+0000] {logging_mixin.py:188} INFO - [2026-05-09T19:10:52.847+0000] {dag.py:3954} INFO - Setting next_dagrun for example_dynamic_task_mapping_with_no_taskflow_operators to 2026-05-08 00:00:00+00:00, run_after=2026-05-09 00:00:00+00:00
[2026-05-09T19:10:52.889+0000] {processor.py:183} INFO - Processing /home/airflow/.local/lib/python3.12/site-packages/airflow/example_dags/example_dynamic_task_mapping_with_no_taskflow_operators.py took 0.145 seconds
[2026-05-09T19:11:23.527+0000] {processor.py:161} INFO - Started process (PID=2326) to work on /home/airflow/.local/lib/python3.12/site-packages/airflow/example_dags/example_dynamic_task_mapping_with_no_taskflow_operators.py
[2026-05-09T19:11:23.529+0000] {processor.py:830} INFO - Processing file /home/airflow/.local/lib/python3.12/site-packages/airflow/example_dags/example_dynamic_task_mapping_with_no_taskflow_operators.py for tasks to queue
[2026-05-09T19:11:23.531+0000] {logging_mixin.py:188} INFO - [2026-05-09T19:11:23.530+0000] {dagbag.py:545} INFO - Filling up the DagBag from /home/airflow/.local/lib/python3.12/site-packages/airflow/example_dags/example_dynamic_task_mapping_with_no_taskflow_operators.py
[2026-05-09T19:11:23.537+0000] {processor.py:840} INFO - DAG(s) 'example_dynamic_task_mapping_with_no_taskflow_operators' retrieved from /home/airflow/.local/lib/python3.12/site-packages/airflow/example_dags/example_dynamic_task_mapping_with_no_taskflow_operators.py
[2026-05-09T19:11:23.558+0000] {logging_mixin.py:188} INFO - [2026-05-09T19:11:23.558+0000] {dag.py:3096} INFO - Sync 1 DAGs
[2026-05-09T19:11:23.581+0000] {logging_mixin.py:188} INFO - [2026-05-09T19:11:23.581+0000] {dag.py:3954} INFO - Setting next_dagrun for example_dynamic_task_mapping_with_no_taskflow_operators to 2026-05-08 00:00:00+00:00, run_after=2026-05-09 00:00:00+00:00
[2026-05-09T19:11:23.604+0000] {processor.py:183} INFO - Processing /home/airflow/.local/lib/python3.12/site-packages/airflow/example_dags/example_dynamic_task_mapping_with_no_taskflow_operators.py took 0.082 seconds
[2026-05-09T19:11:54.550+0000] {processor.py:161} INFO - Started process (PID=2385) to work on /home/airflow/.local/lib/python3.12/site-packages/airflow/example_dags/example_dynamic_task_mapping_with_no_taskflow_operators.py
[2026-05-09T19:11:54.552+0000] {processor.py:830} INFO - Processing file /home/airflow/.local/lib/python3.12/site-packages/airflow/example_dags/example_dynamic_task_mapping_with_no_taskflow_operators.py for tasks to queue
[2026-05-09T19:11:54.554+0000] {logging_mixin.py:188} INFO - [2026-05-09T19:11:54.553+0000] {dagbag.py:545} INFO - Filling up the DagBag from /home/airflow/.local/lib/python3.12/site-packages/airflow/example_dags/example_dynamic_task_mapping_with_no_taskflow_operators.py
[2026-05-09T19:11:54.563+0000] {processor.py:840} INFO - DAG(s) 'example_dynamic_task_mapping_with_no_taskflow_operators' retrieved from /home/airflow/.local/lib/python3.12/site-packages/airflow/example_dags/example_dynamic_task_mapping_with_no_taskflow_operators.py
[2026-05-09T19:11:54.585+0000] {logging_mixin.py:188} INFO - [2026-05-09T19:11:54.585+0000] {dag.py:3096} INFO - Sync 1 DAGs
[2026-05-09T19:11:54.611+0000] {logging_mixin.py:188} INFO - [2026-05-09T19:11:54.611+0000] {dag.py:3954} INFO - Setting next_dagrun for example_dynamic_task_mapping_with_no_taskflow_operators to 2026-05-08 00:00:00+00:00, run_after=2026-05-09 00:00:00+00:00
[2026-05-09T19:11:54.637+0000] {processor.py:183} INFO - Processing /home/airflow/.local/lib/python3.12/site-packages/airflow/example_dags/example_dynamic_task_mapping_with_no_taskflow_operators.py took 0.092 seconds
[2026-05-09T19:12:25.016+0000] {processor.py:161} INFO - Started process (PID=2444) to work on /home/airflow/.local/lib/python3.12/site-packages/airflow/example_dags/example_dynamic_task_mapping_with_no_taskflow_operators.py
[2026-05-09T19:12:25.017+0000] {processor.py:830} INFO - Processing file /home/airflow/.local/lib/python3.12/site-packages/airflow/example_dags/example_dynamic_task_mapping_with_no_taskflow_operators.py for tasks to queue
[2026-05-09T19:12:25.019+0000] {logging_mixin.py:188} INFO - [2026-05-09T19:12:25.019+0000] {dagbag.py:545} INFO - Filling up the DagBag from /home/airflow/.local/lib/python3.12/site-packages/airflow/example_dags/example_dynamic_task_mapping_with_no_taskflow_operators.py
[2026-05-09T19:12:25.026+0000] {processor.py:840} INFO - DAG(s) 'example_dynamic_task_mapping_with_no_taskflow_operators' retrieved from /home/airflow/.local/lib/python3.12/site-packages/airflow/example_dags/example_dynamic_task_mapping_with_no_taskflow_operators.py
[2026-05-09T19:12:25.048+0000] {logging_mixin.py:188} INFO - [2026-05-09T19:12:25.048+0000] {dag.py:3096} INFO - Sync 1 DAGs
[2026-05-09T19:12:25.071+0000] {logging_mixin.py:188} INFO - [2026-05-09T19:12:25.071+0000] {dag.py:3954} INFO - Setting next_dagrun for example_dynamic_task_mapping_with_no_taskflow_operators to 2026-05-08 00:00:00+00:00, run_after=2026-05-09 00:00:00+00:00
[2026-05-09T19:12:25.095+0000] {processor.py:183} INFO - Processing /home/airflow/.local/lib/python3.12/site-packages/airflow/example_dags/example_dynamic_task_mapping_with_no_taskflow_operators.py took 0.085 seconds
[2026-05-09T19:12:55.432+0000] {processor.py:161} INFO - Started process (PID=2503) to work on /home/airflow/.local/lib/python3.12/site-packages/airflow/example_dags/example_dynamic_task_mapping_with_no_taskflow_operators.py
[2026-05-09T19:12:55.433+0000] {processor.py:830} INFO - Processing file /home/airflow/.local/lib/python3.12/site-packages/airflow/example_dags/example_dynamic_task_mapping_with_no_taskflow_operators.py for tasks to queue
[2026-05-09T19:12:55.435+0000] {logging_mixin.py:188} INFO - [2026-05-09T19:12:55.435+0000] {dagbag.py:545} INFO - Filling up the DagBag from /home/airflow/.local/lib/python3.12/site-packages/airflow/example_dags/example_dynamic_task_mapping_with_no_taskflow_operators.py
[2026-05-09T19:12:55.442+0000] {processor.py:840} INFO - DAG(s) 'example_dynamic_task_mapping_with_no_taskflow_operators' retrieved from /home/airflow/.local/lib/python3.12/site-packages/airflow/example_dags/example_dynamic_task_mapping_with_no_taskflow_operators.py
[2026-05-09T19:12:55.463+0000] {logging_mixin.py:188} INFO - [2026-05-09T19:12:55.463+0000] {dag.py:3096} INFO - Sync 1 DAGs
[2026-05-09T19:12:55.486+0000] {logging_mixin.py:188} INFO - [2026-05-09T19:12:55.486+0000] {dag.py:3954} INFO - Setting next_dagrun for example_dynamic_task_mapping_with_no_taskflow_operators to 2026-05-08 00:00:00+00:00, run_after=2026-05-09 00:00:00+00:00
[2026-05-09T19:12:55.511+0000] {processor.py:183} INFO - Processing /home/airflow/.local/lib/python3.12/site-packages/airflow/example_dags/example_dynamic_task_mapping_with_no_taskflow_operators.py took 0.084 seconds
[2026-05-09T19:13:25.799+0000] {processor.py:161} INFO - Started process (PID=2562) to work on /home/airflow/.local/lib/python3.12/site-packages/airflow/example_dags/example_dynamic_task_mapping_with_no_taskflow_operators.py
[2026-05-09T19:13:25.800+0000] {processor.py:830} INFO - Processing file /home/airflow/.local/lib/python3.12/site-packages/airflow/example_dags/example_dynamic_task_mapping_with_no_taskflow_operators.py for tasks to queue
[2026-05-09T19:13:25.802+0000] {logging_mixin.py:188} INFO - [2026-05-09T19:13:25.802+0000] {dagbag.py:545} INFO - Filling up the DagBag from /home/airflow/.local/lib/python3.12/site-packages/airflow/example_dags/example_dynamic_task_mapping_with_no_taskflow_operators.py
[2026-05-09T19:13:25.808+0000] {processor.py:840} INFO - DAG(s) 'example_dynamic_task_mapping_with_no_taskflow_operators' retrieved from /home/airflow/.local/lib/python3.12/site-packages/airflow/example_dags/example_dynamic_task_mapping_with_no_taskflow_operators.py
[2026-05-09T19:13:25.828+0000] {logging_mixin.py:188} INFO - [2026-05-09T19:13:25.827+0000] {dag.py:3096} INFO - Sync 1 DAGs
[2026-05-09T19:13:25.848+0000] {logging_mixin.py:188} INFO - [2026-05-09T19:13:25.848+0000] {dag.py:3954} INFO - Setting next_dagrun for example_dynamic_task_mapping_with_no_taskflow_operators to 2026-05-08 00:00:00+00:00, run_after=2026-05-09 00:00:00+00:00
[2026-05-09T19:13:25.871+0000] {processor.py:183} INFO - Processing /home/airflow/.local/lib/python3.12/site-packages/airflow/example_dags/example_dynamic_task_mapping_with_no_taskflow_operators.py took 0.077 seconds
[2026-05-09T19:13:56.467+0000] {processor.py:161} INFO - Started process (PID=2621) to work on /home/airflow/.local/lib/python3.12/site-packages/airflow/example_dags/example_dynamic_task_mapping_with_no_taskflow_operators.py
[2026-05-09T19:13:56.469+0000] {processor.py:830} INFO - Processing file /home/airflow/.local/lib/python3.12/site-packages/airflow/example_dags/example_dynamic_task_mapping_with_no_taskflow_operators.py for tasks to queue
[2026-05-09T19:13:56.472+0000] {logging_mixin.py:188} INFO - [2026-05-09T19:13:56.471+0000] {dagbag.py:545} INFO - Filling up the DagBag from /home/airflow/.local/lib/python3.12/site-packages/airflow/example_dags/example_dynamic_task_mapping_with_no_taskflow_operators.py
[2026-05-09T19:13:56.479+0000] {processor.py:840} INFO - DAG(s) 'example_dynamic_task_mapping_with_no_taskflow_operators' retrieved from /home/airflow/.local/lib/python3.12/site-packages/airflow/example_dags/example_dynamic_task_mapping_with_no_taskflow_operators.py
[2026-05-09T19:13:56.503+0000] {logging_mixin.py:188} INFO - [2026-05-09T19:13:56.503+0000] {dag.py:3096} INFO - Sync 1 DAGs
[2026-05-09T19:13:56.528+0000] {logging_mixin.py:188} INFO - [2026-05-09T19:13:56.528+0000] {dag.py:3954} INFO - Setting next_dagrun for example_dynamic_task_mapping_with_no_taskflow_operators to 2026-05-08 00:00:00+00:00, run_after=2026-05-09 00:00:00+00:00
[2026-05-09T19:13:56.555+0000] {processor.py:183} INFO - Processing /home/airflow/.local/lib/python3.12/site-packages/airflow/example_dags/example_dynamic_task_mapping_with_no_taskflow_operators.py took 0.093 seconds
[2026-05-09T19:14:27.023+0000] {processor.py:161} INFO - Started process (PID=2680) to work on /home/airflow/.local/lib/python3.12/site-packages/airflow/example_dags/example_dynamic_task_mapping_with_no_taskflow_operators.py
[2026-05-09T19:14:27.025+0000] {processor.py:830} INFO - Processing file /home/airflow/.local/lib/python3.12/site-packages/airflow/example_dags/example_dynamic_task_mapping_with_no_taskflow_operators.py for tasks to queue
[2026-05-09T19:14:27.027+0000] {logging_mixin.py:188} INFO - [2026-05-09T19:14:27.026+0000] {dagbag.py:545} INFO - Filling up the DagBag from /home/airflow/.local/lib/python3.12/site-packages/airflow/example_dags/example_dynamic_task_mapping_with_no_taskflow_operators.py
[2026-05-09T19:14:27.033+0000] {processor.py:840} INFO - DAG(s) 'example_dynamic_task_mapping_with_no_taskflow_operators' retrieved from /home/airflow/.local/lib/python3.12/site-packages/airflow/example_dags/example_dynamic_task_mapping_with_no_taskflow_operators.py
[2026-05-09T19:14:27.055+0000] {logging_mixin.py:188} INFO - [2026-05-09T19:14:27.054+0000] {dag.py:3096} INFO - Sync 1 DAGs
[2026-05-09T19:14:27.078+0000] {logging_mixin.py:188} INFO - [2026-05-09T19:14:27.077+0000] {dag.py:3954} INFO - Setting next_dagrun for example_dynamic_task_mapping_with_no_taskflow_operators to 2026-05-08 00:00:00+00:00, run_after=2026-05-09 00:00:00+00:00
[2026-05-09T19:14:27.101+0000] {processor.py:183} INFO - Processing /home/airflow/.local/lib/python3.12/site-packages/airflow/example_dags/example_dynamic_task_mapping_with_no_taskflow_operators.py took 0.082 seconds
[2026-05-09T19:14:57.616+0000] {processor.py:161} INFO - Started process (PID=2739) to work on /home/airflow/.local/lib/python3.12/site-packages/airflow/example_dags/example_dynamic_task_mapping_with_no_taskflow_operators.py
[2026-05-09T19:14:57.617+0000] {processor.py:830} INFO - Processing file /home/airflow/.local/lib/python3.12/site-packages/airflow/example_dags/example_dynamic_task_mapping_with_no_taskflow_operators.py for tasks to queue
[2026-05-09T19:14:57.619+0000] {logging_mixin.py:188} INFO - [2026-05-09T19:14:57.619+0000] {dagbag.py:545} INFO - Filling up the DagBag from /home/airflow/.local/lib/python3.12/site-packages/airflow/example_dags/example_dynamic_task_mapping_with_no_taskflow_operators.py
[2026-05-09T19:14:57.624+0000] {processor.py:840} INFO - DAG(s) 'example_dynamic_task_mapping_with_no_taskflow_operators' retrieved from /home/airflow/.local/lib/python3.12/site-packages/airflow/example_dags/example_dynamic_task_mapping_with_no_taskflow_operators.py
[2026-05-09T19:14:57.646+0000] {logging_mixin.py:188} INFO - [2026-05-09T19:14:57.645+0000] {dag.py:3096} INFO - Sync 1 DAGs
[2026-05-09T19:14:57.669+0000] {logging_mixin.py:188} INFO - [2026-05-09T19:14:57.668+0000] {dag.py:3954} INFO - Setting next_dagrun for example_dynamic_task_mapping_with_no_taskflow_operators to 2026-05-08 00:00:00+00:00, run_after=2026-05-09 00:00:00+00:00
[2026-05-09T19:14:57.692+0000] {processor.py:183} INFO - Processing /home/airflow/.local/lib/python3.12/site-packages/airflow/example_dags/example_dynamic_task_mapping_with_no_taskflow_operators.py took 0.081 seconds
[2026-05-09T19:15:28.504+0000] {processor.py:161} INFO - Started process (PID=2798) to work on /home/airflow/.local/lib/python3.12/site-packages/airflow/example_dags/example_dynamic_task_mapping_with_no_taskflow_operators.py
[2026-05-09T19:15:28.506+0000] {processor.py:830} INFO - Processing file /home/airflow/.local/lib/python3.12/site-packages/airflow/example_dags/example_dynamic_task_mapping_with_no_taskflow_operators.py for tasks to queue
[2026-05-09T19:15:28.508+0000] {logging_mixin.py:188} INFO - [2026-05-09T19:15:28.507+0000] {dagbag.py:545} INFO - Filling up the DagBag from /home/airflow/.local/lib/python3.12/site-packages/airflow/example_dags/example_dynamic_task_mapping_with_no_taskflow_operators.py
[2026-05-09T19:15:28.514+0000] {processor.py:840} INFO - DAG(s) 'example_dynamic_task_mapping_with_no_taskflow_operators' retrieved from /home/airflow/.local/lib/python3.12/site-packages/airflow/example_dags/example_dynamic_task_mapping_with_no_taskflow_operators.py
[2026-05-09T19:15:28.535+0000] {logging_mixin.py:188} INFO - [2026-05-09T19:15:28.535+0000] {dag.py:3096} INFO - Sync 1 DAGs
[2026-05-09T19:15:28.558+0000] {logging_mixin.py:188} INFO - [2026-05-09T19:15:28.557+0000] {dag.py:3954} INFO - Setting next_dagrun for example_dynamic_task_mapping_with_no_taskflow_operators to 2026-05-08 00:00:00+00:00, run_after=2026-05-09 00:00:00+00:00
[2026-05-09T19:15:28.581+0000] {processor.py:183} INFO - Processing /home/airflow/.local/lib/python3.12/site-packages/airflow/example_dags/example_dynamic_task_mapping_with_no_taskflow_operators.py took 0.082 seconds
[2026-05-09T19:15:58.865+0000] {processor.py:161} INFO - Started process (PID=2857) to work on /home/airflow/.local/lib/python3.12/site-packages/airflow/example_dags/example_dynamic_task_mapping_with_no_taskflow_operators.py
[2026-05-09T19:15:58.866+0000] {processor.py:830} INFO - Processing file /home/airflow/.local/lib/python3.12/site-packages/airflow/example_dags/example_dynamic_task_mapping_with_no_taskflow_operators.py for tasks to queue
[2026-05-09T19:15:58.868+0000] {logging_mixin.py:188} INFO - [2026-05-09T19:15:58.867+0000] {dagbag.py:545} INFO - Filling up the DagBag from /home/airflow/.local/lib/python3.12/site-packages/airflow/example_dags/example_dynamic_task_mapping_with_no_taskflow_operators.py
[2026-05-09T19:15:58.874+0000] {processor.py:840} INFO - DAG(s) 'example_dynamic_task_mapping_with_no_taskflow_operators' retrieved from /home/airflow/.local/lib/python3.12/site-packages/airflow/example_dags/example_dynamic_task_mapping_with_no_taskflow_operators.py
[2026-05-09T19:15:58.894+0000] {logging_mixin.py:188} INFO - [2026-05-09T19:15:58.894+0000] {dag.py:3096} INFO - Sync 1 DAGs
[2026-05-09T19:15:58.915+0000] {logging_mixin.py:188} INFO - [2026-05-09T19:15:58.915+0000] {dag.py:3954} INFO - Setting next_dagrun for example_dynamic_task_mapping_with_no_taskflow_operators to 2026-05-08 00:00:00+00:00, run_after=2026-05-09 00:00:00+00:00
[2026-05-09T19:15:58.937+0000] {processor.py:183} INFO - Processing /home/airflow/.local/lib/python3.12/site-packages/airflow/example_dags/example_dynamic_task_mapping_with_no_taskflow_operators.py took 0.078 seconds
[2026-05-09T19:16:29.250+0000] {processor.py:161} INFO - Started process (PID=2916) to work on /home/airflow/.local/lib/python3.12/site-packages/airflow/example_dags/example_dynamic_task_mapping_with_no_taskflow_operators.py
[2026-05-09T19:16:29.251+0000] {processor.py:830} INFO - Processing file /home/airflow/.local/lib/python3.12/site-packages/airflow/example_dags/example_dynamic_task_mapping_with_no_taskflow_operators.py for tasks to queue
[2026-05-09T19:16:29.253+0000] {logging_mixin.py:188} INFO - [2026-05-09T19:16:29.253+0000] {dagbag.py:545} INFO - Filling up the DagBag from /home/airflow/.local/lib/python3.12/site-packages/airflow/example_dags/example_dynamic_task_mapping_with_no_taskflow_operators.py
[2026-05-09T19:16:29.259+0000] {processor.py:840} INFO - DAG(s) 'example_dynamic_task_mapping_with_no_taskflow_operators' retrieved from /home/airflow/.local/lib/python3.12/site-packages/airflow/example_dags/example_dynamic_task_mapping_with_no_taskflow_operators.py
[2026-05-09T19:16:29.281+0000] {logging_mixin.py:188} INFO - [2026-05-09T19:16:29.281+0000] {dag.py:3096} INFO - Sync 1 DAGs
[2026-05-09T19:16:29.303+0000] {logging_mixin.py:188} INFO - [2026-05-09T19:16:29.303+0000] {dag.py:3954} INFO - Setting next_dagrun for example_dynamic_task_mapping_with_no_taskflow_operators to 2026-05-08 00:00:00+00:00, run_after=2026-05-09 00:00:00+00:00
[2026-05-09T19:16:29.325+0000] {processor.py:183} INFO - Processing /home/airflow/.local/lib/python3.12/site-packages/airflow/example_dags/example_dynamic_task_mapping_with_no_taskflow_operators.py took 0.079 seconds
[2026-05-09T19:16:59.839+0000] {processor.py:161} INFO - Started process (PID=2975) to work on /home/airflow/.local/lib/python3.12/site-packages/airflow/example_dags/example_dynamic_task_mapping_with_no_taskflow_operators.py
[2026-05-09T19:16:59.841+0000] {processor.py:830} INFO - Processing file /home/airflow/.local/lib/python3.12/site-packages/airflow/example_dags/example_dynamic_task_mapping_with_no_taskflow_operators.py for tasks to queue
[2026-05-09T19:16:59.844+0000] {logging_mixin.py:188} INFO - [2026-05-09T19:16:59.844+0000] {dagbag.py:545} INFO - Filling up the DagBag from /home/airflow/.local/lib/python3.12/site-packages/airflow/example_dags/example_dynamic_task_mapping_with_no_taskflow_operators.py
[2026-05-09T19:16:59.853+0000] {processor.py:840} INFO - DAG(s) 'example_dynamic_task_mapping_with_no_taskflow_operators' retrieved from /home/airflow/.local/lib/python3.12/site-packages/airflow/example_dags/example_dynamic_task_mapping_with_no_taskflow_operators.py
[2026-05-09T19:16:59.879+0000] {logging_mixin.py:188} INFO - [2026-05-09T19:16:59.879+0000] {dag.py:3096} INFO - Sync 1 DAGs
[2026-05-09T19:16:59.906+0000] {logging_mixin.py:188} INFO - [2026-05-09T19:16:59.905+0000] {dag.py:3954} INFO - Setting next_dagrun for example_dynamic_task_mapping_with_no_taskflow_operators to 2026-05-08 00:00:00+00:00, run_after=2026-05-09 00:00:00+00:00
[2026-05-09T19:16:59.932+0000] {processor.py:183} INFO - Processing /home/airflow/.local/lib/python3.12/site-packages/airflow/example_dags/example_dynamic_task_mapping_with_no_taskflow_operators.py took 0.099 seconds
[2026-05-09T19:17:30.769+0000] {processor.py:161} INFO - Started process (PID=3034) to work on /home/airflow/.local/lib/python3.12/site-packages/airflow/example_dags/example_dynamic_task_mapping_with_no_taskflow_operators.py
[2026-05-09T19:17:30.770+0000] {processor.py:830} INFO - Processing file /home/airflow/.local/lib/python3.12/site-packages/airflow/example_dags/example_dynamic_task_mapping_with_no_taskflow_operators.py for tasks to queue
[2026-05-09T19:17:30.777+0000] {logging_mixin.py:188} INFO - [2026-05-09T19:17:30.776+0000] {dagbag.py:545} INFO - Filling up the DagBag from /home/airflow/.local/lib/python3.12/site-packages/airflow/example_dags/example_dynamic_task_mapping_with_no_taskflow_operators.py
[2026-05-09T19:17:30.784+0000] {processor.py:840} INFO - DAG(s) 'example_dynamic_task_mapping_with_no_taskflow_operators' retrieved from /home/airflow/.local/lib/python3.12/site-packages/airflow/example_dags/example_dynamic_task_mapping_with_no_taskflow_operators.py
[2026-05-09T19:17:30.803+0000] {logging_mixin.py:188} INFO - [2026-05-09T19:17:30.802+0000] {dag.py:3096} INFO - Sync 1 DAGs
[2026-05-09T19:17:30.824+0000] {logging_mixin.py:188} INFO - [2026-05-09T19:17:30.824+0000] {dag.py:3954} INFO - Setting next_dagrun for example_dynamic_task_mapping_with_no_taskflow_operators to 2026-05-08 00:00:00+00:00, run_after=2026-05-09 00:00:00+00:00
[2026-05-09T19:17:30.845+0000] {processor.py:183} INFO - Processing /home/airflow/.local/lib/python3.12/site-packages/airflow/example_dags/example_dynamic_task_mapping_with_no_taskflow_operators.py took 0.081 seconds
[2026-05-09T19:18:01.110+0000] {processor.py:161} INFO - Started process (PID=3093) to work on /home/airflow/.local/lib/python3.12/site-packages/airflow/example_dags/example_dynamic_task_mapping_with_no_taskflow_operators.py
[2026-05-09T19:18:01.111+0000] {processor.py:830} INFO - Processing file /home/airflow/.local/lib/python3.12/site-packages/airflow/example_dags/example_dynamic_task_mapping_with_no_taskflow_operators.py for tasks to queue
[2026-05-09T19:18:01.113+0000] {logging_mixin.py:188} INFO - [2026-05-09T19:18:01.113+0000] {dagbag.py:545} INFO - Filling up the DagBag from /home/airflow/.local/lib/python3.12/site-packages/airflow/example_dags/example_dynamic_task_mapping_with_no_taskflow_operators.py
[2026-05-09T19:18:01.120+0000] {processor.py:840} INFO - DAG(s) 'example_dynamic_task_mapping_with_no_taskflow_operators' retrieved from /home/airflow/.local/lib/python3.12/site-packages/airflow/example_dags/example_dynamic_task_mapping_with_no_taskflow_operators.py
[2026-05-09T19:18:01.141+0000] {logging_mixin.py:188} INFO - [2026-05-09T19:18:01.141+0000] {dag.py:3096} INFO - Sync 1 DAGs
[2026-05-09T19:18:01.162+0000] {logging_mixin.py:188} INFO - [2026-05-09T19:18:01.162+0000] {dag.py:3954} INFO - Setting next_dagrun for example_dynamic_task_mapping_with_no_taskflow_operators to 2026-05-08 00:00:00+00:00, run_after=2026-05-09 00:00:00+00:00
[2026-05-09T19:18:01.185+0000] {processor.py:183} INFO - Processing /home/airflow/.local/lib/python3.12/site-packages/airflow/example_dags/example_dynamic_task_mapping_with_no_taskflow_operators.py took 0.080 seconds
[2026-05-09T19:18:31.357+0000] {processor.py:161} INFO - Started process (PID=3152) to work on /home/airflow/.local/lib/python3.12/site-packages/airflow/example_dags/example_dynamic_task_mapping_with_no_taskflow_operators.py
[2026-05-09T19:18:31.359+0000] {processor.py:830} INFO - Processing file /home/airflow/.local/lib/python3.12/site-packages/airflow/example_dags/example_dynamic_task_mapping_with_no_taskflow_operators.py for tasks to queue
[2026-05-09T19:18:31.362+0000] {logging_mixin.py:188} INFO - [2026-05-09T19:18:31.361+0000] {dagbag.py:545} INFO - Filling up the DagBag from /home/airflow/.local/lib/python3.12/site-packages/airflow/example_dags/example_dynamic_task_mapping_with_no_taskflow_operators.py
[2026-05-09T19:18:31.371+0000] {processor.py:840} INFO - DAG(s) 'example_dynamic_task_mapping_with_no_taskflow_operators' retrieved from /home/airflow/.local/lib/python3.12/site-packages/airflow/example_dags/example_dynamic_task_mapping_with_no_taskflow_operators.py
[2026-05-09T19:18:31.398+0000] {logging_mixin.py:188} INFO - [2026-05-09T19:18:31.397+0000] {dag.py:3096} INFO - Sync 1 DAGs
[2026-05-09T19:18:31.428+0000] {logging_mixin.py:188} INFO - [2026-05-09T19:18:31.427+0000] {dag.py:3954} INFO - Setting next_dagrun for example_dynamic_task_mapping_with_no_taskflow_operators to 2026-05-08 00:00:00+00:00, run_after=2026-05-09 00:00:00+00:00
[2026-05-09T19:18:31.456+0000] {processor.py:183} INFO - Processing /home/airflow/.local/lib/python3.12/site-packages/airflow/example_dags/example_dynamic_task_mapping_with_no_taskflow_operators.py took 0.106 seconds
[2026-05-09T19:19:02.270+0000] {processor.py:161} INFO - Started process (PID=3211) to work on /home/airflow/.local/lib/python3.12/site-packages/airflow/example_dags/example_dynamic_task_mapping_with_no_taskflow_operators.py
[2026-05-09T19:19:02.271+0000] {processor.py:830} INFO - Processing file /home/airflow/.local/lib/python3.12/site-packages/airflow/example_dags/example_dynamic_task_mapping_with_no_taskflow_operators.py for tasks to queue
[2026-05-09T19:19:02.273+0000] {logging_mixin.py:188} INFO - [2026-05-09T19:19:02.273+0000] {dagbag.py:545} INFO - Filling up the DagBag from /home/airflow/.local/lib/python3.12/site-packages/airflow/example_dags/example_dynamic_task_mapping_with_no_taskflow_operators.py
[2026-05-09T19:19:02.279+0000] {processor.py:840} INFO - DAG(s) 'example_dynamic_task_mapping_with_no_taskflow_operators' retrieved from /home/airflow/.local/lib/python3.12/site-packages/airflow/example_dags/example_dynamic_task_mapping_with_no_taskflow_operators.py
[2026-05-09T19:19:02.299+0000] {logging_mixin.py:188} INFO - [2026-05-09T19:19:02.298+0000] {dag.py:3096} INFO - Sync 1 DAGs
[2026-05-09T19:19:02.321+0000] {logging_mixin.py:188} INFO - [2026-05-09T19:19:02.321+0000] {dag.py:3954} INFO - Setting next_dagrun for example_dynamic_task_mapping_with_no_taskflow_operators to 2026-05-08 00:00:00+00:00, run_after=2026-05-09 00:00:00+00:00
[2026-05-09T19:19:02.342+0000] {processor.py:183} INFO - Processing /home/airflow/.local/lib/python3.12/site-packages/airflow/example_dags/example_dynamic_task_mapping_with_no_taskflow_operators.py took 0.078 seconds
[2026-05-09T19:19:32.751+0000] {processor.py:161} INFO - Started process (PID=3270) to work on /home/airflow/.local/lib/python3.12/site-packages/airflow/example_dags/example_dynamic_task_mapping_with_no_taskflow_operators.py
[2026-05-09T19:19:32.752+0000] {processor.py:830} INFO - Processing file /home/airflow/.local/lib/python3.12/site-packages/airflow/example_dags/example_dynamic_task_mapping_with_no_taskflow_operators.py for tasks to queue
[2026-05-09T19:19:32.754+0000] {logging_mixin.py:188} INFO - [2026-05-09T19:19:32.753+0000] {dagbag.py:545} INFO - Filling up the DagBag from /home/airflow/.local/lib/python3.12/site-packages/airflow/example_dags/example_dynamic_task_mapping_with_no_taskflow_operators.py
[2026-05-09T19:19:32.760+0000] {processor.py:840} INFO - DAG(s) 'example_dynamic_task_mapping_with_no_taskflow_operators' retrieved from /home/airflow/.local/lib/python3.12/site-packages/airflow/example_dags/example_dynamic_task_mapping_with_no_taskflow_operators.py
[2026-05-09T19:19:32.780+0000] {logging_mixin.py:188} INFO - [2026-05-09T19:19:32.780+0000] {dag.py:3096} INFO - Sync 1 DAGs
[2026-05-09T19:19:32.801+0000] {logging_mixin.py:188} INFO - [2026-05-09T19:19:32.801+0000] {dag.py:3954} INFO - Setting next_dagrun for example_dynamic_task_mapping_with_no_taskflow_operators to 2026-05-08 00:00:00+00:00, run_after=2026-05-09 00:00:00+00:00
[2026-05-09T19:19:32.824+0000] {processor.py:183} INFO - Processing /home/airflow/.local/lib/python3.12/site-packages/airflow/example_dags/example_dynamic_task_mapping_with_no_taskflow_operators.py took 0.078 seconds
[2026-05-09T19:20:03.262+0000] {processor.py:161} INFO - Started process (PID=3329) to work on /home/airflow/.local/lib/python3.12/site-packages/airflow/example_dags/example_dynamic_task_mapping_with_no_taskflow_operators.py
[2026-05-09T19:20:03.263+0000] {processor.py:830} INFO - Processing file /home/airflow/.local/lib/python3.12/site-packages/airflow/example_dags/example_dynamic_task_mapping_with_no_taskflow_operators.py for tasks to queue
[2026-05-09T19:20:03.266+0000] {logging_mixin.py:188} INFO - [2026-05-09T19:20:03.265+0000] {dagbag.py:545} INFO - Filling up the DagBag from /home/airflow/.local/lib/python3.12/site-packages/airflow/example_dags/example_dynamic_task_mapping_with_no_taskflow_operators.py
[2026-05-09T19:20:03.272+0000] {processor.py:840} INFO - DAG(s) 'example_dynamic_task_mapping_with_no_taskflow_operators' retrieved from /home/airflow/.local/lib/python3.12/site-packages/airflow/example_dags/example_dynamic_task_mapping_with_no_taskflow_operators.py
[2026-05-09T19:20:03.292+0000] {logging_mixin.py:188} INFO - [2026-05-09T19:20:03.291+0000] {dag.py:3096} INFO - Sync 1 DAGs
[2026-05-09T19:20:03.312+0000] {logging_mixin.py:188} INFO - [2026-05-09T19:20:03.312+0000] {dag.py:3954} INFO - Setting next_dagrun for example_dynamic_task_mapping_with_no_taskflow_operators to 2026-05-08 00:00:00+00:00, run_after=2026-05-09 00:00:00+00:00
[2026-05-09T19:20:03.336+0000] {processor.py:183} INFO - Processing /home/airflow/.local/lib/python3.12/site-packages/airflow/example_dags/example_dynamic_task_mapping_with_no_taskflow_operators.py took 0.078 seconds
[2026-05-09T19:20:34.251+0000] {processor.py:161} INFO - Started process (PID=3388) to work on /home/airflow/.local/lib/python3.12/site-packages/airflow/example_dags/example_dynamic_task_mapping_with_no_taskflow_operators.py
[2026-05-09T19:20:34.252+0000] {processor.py:830} INFO - Processing file /home/airflow/.local/lib/python3.12/site-packages/airflow/example_dags/example_dynamic_task_mapping_with_no_taskflow_operators.py for tasks to queue
[2026-05-09T19:20:34.254+0000] {logging_mixin.py:188} INFO - [2026-05-09T19:20:34.254+0000] {dagbag.py:545} INFO - Filling up the DagBag from /home/airflow/.local/lib/python3.12/site-packages/airflow/example_dags/example_dynamic_task_mapping_with_no_taskflow_operators.py
[2026-05-09T19:20:34.261+0000] {processor.py:840} INFO - DAG(s) 'example_dynamic_task_mapping_with_no_taskflow_operators' retrieved from /home/airflow/.local/lib/python3.12/site-packages/airflow/example_dags/example_dynamic_task_mapping_with_no_taskflow_operators.py
[2026-05-09T19:20:34.281+0000] {logging_mixin.py:188} INFO - [2026-05-09T19:20:34.281+0000] {dag.py:3096} INFO - Sync 1 DAGs
[2026-05-09T19:20:34.302+0000] {logging_mixin.py:188} INFO - [2026-05-09T19:20:34.302+0000] {dag.py:3954} INFO - Setting next_dagrun for example_dynamic_task_mapping_with_no_taskflow_operators to 2026-05-08 00:00:00+00:00, run_after=2026-05-09 00:00:00+00:00
[2026-05-09T19:20:34.329+0000] {processor.py:183} INFO - Processing /home/airflow/.local/lib/python3.12/site-packages/airflow/example_dags/example_dynamic_task_mapping_with_no_taskflow_operators.py took 0.084 seconds
[2026-05-09T19:21:04.902+0000] {processor.py:161} INFO - Started process (PID=3447) to work on /home/airflow/.local/lib/python3.12/site-packages/airflow/example_dags/example_dynamic_task_mapping_with_no_taskflow_operators.py
[2026-05-09T19:21:04.903+0000] {processor.py:830} INFO - Processing file /home/airflow/.local/lib/python3.12/site-packages/airflow/example_dags/example_dynamic_task_mapping_with_no_taskflow_operators.py for tasks to queue
[2026-05-09T19:21:04.905+0000] {logging_mixin.py:188} INFO - [2026-05-09T19:21:04.905+0000] {dagbag.py:545} INFO - Filling up the DagBag from /home/airflow/.local/lib/python3.12/site-packages/airflow/example_dags/example_dynamic_task_mapping_with_no_taskflow_operators.py
[2026-05-09T19:21:04.911+0000] {processor.py:840} INFO - DAG(s) 'example_dynamic_task_mapping_with_no_taskflow_operators' retrieved from /home/airflow/.local/lib/python3.12/site-packages/airflow/example_dags/example_dynamic_task_mapping_with_no_taskflow_operators.py
[2026-05-09T19:21:04.931+0000] {logging_mixin.py:188} INFO - [2026-05-09T19:21:04.930+0000] {dag.py:3096} INFO - Sync 1 DAGs
[2026-05-09T19:21:04.951+0000] {logging_mixin.py:188} INFO - [2026-05-09T19:21:04.951+0000] {dag.py:3954} INFO - Setting next_dagrun for example_dynamic_task_mapping_with_no_taskflow_operators to 2026-05-08 00:00:00+00:00, run_after=2026-05-09 00:00:00+00:00
[2026-05-09T19:21:04.973+0000] {processor.py:183} INFO - Processing /home/airflow/.local/lib/python3.12/site-packages/airflow/example_dags/example_dynamic_task_mapping_with_no_taskflow_operators.py took 0.076 seconds
[2026-05-09T19:21:35.163+0000] {processor.py:161} INFO - Started process (PID=3506) to work on /home/airflow/.local/lib/python3.12/site-packages/airflow/example_dags/example_dynamic_task_mapping_with_no_taskflow_operators.py
[2026-05-09T19:21:35.164+0000] {processor.py:830} INFO - Processing file /home/airflow/.local/lib/python3.12/site-packages/airflow/example_dags/example_dynamic_task_mapping_with_no_taskflow_operators.py for tasks to queue
[2026-05-09T19:21:35.167+0000] {logging_mixin.py:188} INFO - [2026-05-09T19:21:35.166+0000] {dagbag.py:545} INFO - Filling up the DagBag from /home/airflow/.local/lib/python3.12/site-packages/airflow/example_dags/example_dynamic_task_mapping_with_no_taskflow_operators.py
[2026-05-09T19:21:35.177+0000] {processor.py:840} INFO - DAG(s) 'example_dynamic_task_mapping_with_no_taskflow_operators' retrieved from /home/airflow/.local/lib/python3.12/site-packages/airflow/example_dags/example_dynamic_task_mapping_with_no_taskflow_operators.py
[2026-05-09T19:21:35.198+0000] {logging_mixin.py:188} INFO - [2026-05-09T19:21:35.198+0000] {dag.py:3096} INFO - Sync 1 DAGs
[2026-05-09T19:21:35.222+0000] {logging_mixin.py:188} INFO - [2026-05-09T19:21:35.222+0000] {dag.py:3954} INFO - Setting next_dagrun for example_dynamic_task_mapping_with_no_taskflow_operators to 2026-05-08 00:00:00+00:00, run_after=2026-05-09 00:00:00+00:00
[2026-05-09T19:21:35.246+0000] {processor.py:183} INFO - Processing /home/airflow/.local/lib/python3.12/site-packages/airflow/example_dags/example_dynamic_task_mapping_with_no_taskflow_operators.py took 0.088 seconds
[2026-05-09T19:22:05.992+0000] {processor.py:161} INFO - Started process (PID=3565) to work on /home/airflow/.local/lib/python3.12/site-packages/airflow/example_dags/example_dynamic_task_mapping_with_no_taskflow_operators.py
[2026-05-09T19:22:05.993+0000] {processor.py:830} INFO - Processing file /home/airflow/.local/lib/python3.12/site-packages/airflow/example_dags/example_dynamic_task_mapping_with_no_taskflow_operators.py for tasks to queue
[2026-05-09T19:22:05.995+0000] {logging_mixin.py:188} INFO - [2026-05-09T19:22:05.994+0000] {dagbag.py:545} INFO - Filling up the DagBag from /home/airflow/.local/lib/python3.12/site-packages/airflow/example_dags/example_dynamic_task_mapping_with_no_taskflow_operators.py
[2026-05-09T19:22:06.001+0000] {processor.py:840} INFO - DAG(s) 'example_dynamic_task_mapping_with_no_taskflow_operators' retrieved from /home/airflow/.local/lib/python3.12/site-packages/airflow/example_dags/example_dynamic_task_mapping_with_no_taskflow_operators.py
[2026-05-09T19:22:06.022+0000] {logging_mixin.py:188} INFO - [2026-05-09T19:22:06.021+0000] {dag.py:3096} INFO - Sync 1 DAGs
[2026-05-09T19:22:06.043+0000] {logging_mixin.py:188} INFO - [2026-05-09T19:22:06.043+0000] {dag.py:3954} INFO - Setting next_dagrun for example_dynamic_task_mapping_with_no_taskflow_operators to 2026-05-08 00:00:00+00:00, run_after=2026-05-09 00:00:00+00:00
[2026-05-09T19:22:06.066+0000] {processor.py:183} INFO - Processing /home/airflow/.local/lib/python3.12/site-packages/airflow/example_dags/example_dynamic_task_mapping_with_no_taskflow_operators.py took 0.080 seconds
[2026-05-09T19:22:36.921+0000] {processor.py:161} INFO - Started process (PID=3624) to work on /home/airflow/.local/lib/python3.12/site-packages/airflow/example_dags/example_dynamic_task_mapping_with_no_taskflow_operators.py
[2026-05-09T19:22:36.922+0000] {processor.py:830} INFO - Processing file /home/airflow/.local/lib/python3.12/site-packages/airflow/example_dags/example_dynamic_task_mapping_with_no_taskflow_operators.py for tasks to queue
[2026-05-09T19:22:36.925+0000] {logging_mixin.py:188} INFO - [2026-05-09T19:22:36.924+0000] {dagbag.py:545} INFO - Filling up the DagBag from /home/airflow/.local/lib/python3.12/site-packages/airflow/example_dags/example_dynamic_task_mapping_with_no_taskflow_operators.py
[2026-05-09T19:22:36.931+0000] {processor.py:840} INFO - DAG(s) 'example_dynamic_task_mapping_with_no_taskflow_operators' retrieved from /home/airflow/.local/lib/python3.12/site-packages/airflow/example_dags/example_dynamic_task_mapping_with_no_taskflow_operators.py
[2026-05-09T19:22:36.951+0000] {logging_mixin.py:188} INFO - [2026-05-09T19:22:36.950+0000] {dag.py:3096} INFO - Sync 1 DAGs
[2026-05-09T19:22:36.971+0000] {logging_mixin.py:188} INFO - [2026-05-09T19:22:36.971+0000] {dag.py:3954} INFO - Setting next_dagrun for example_dynamic_task_mapping_with_no_taskflow_operators to 2026-05-08 00:00:00+00:00, run_after=2026-05-09 00:00:00+00:00
[2026-05-09T19:22:36.992+0000] {processor.py:183} INFO - Processing /home/airflow/.local/lib/python3.12/site-packages/airflow/example_dags/example_dynamic_task_mapping_with_no_taskflow_operators.py took 0.076 seconds
[2026-05-09T19:23:07.190+0000] {processor.py:161} INFO - Started process (PID=3683) to work on /home/airflow/.local/lib/python3.12/site-packages/airflow/example_dags/example_dynamic_task_mapping_with_no_taskflow_operators.py
[2026-05-09T19:23:07.191+0000] {processor.py:830} INFO - Processing file /home/airflow/.local/lib/python3.12/site-packages/airflow/example_dags/example_dynamic_task_mapping_with_no_taskflow_operators.py for tasks to queue
[2026-05-09T19:23:07.194+0000] {logging_mixin.py:188} INFO - [2026-05-09T19:23:07.193+0000] {dagbag.py:545} INFO - Filling up the DagBag from /home/airflow/.local/lib/python3.12/site-packages/airflow/example_dags/example_dynamic_task_mapping_with_no_taskflow_operators.py
[2026-05-09T19:23:07.203+0000] {processor.py:840} INFO - DAG(s) 'example_dynamic_task_mapping_with_no_taskflow_operators' retrieved from /home/airflow/.local/lib/python3.12/site-packages/airflow/example_dags/example_dynamic_task_mapping_with_no_taskflow_operators.py
[2026-05-09T19:23:07.229+0000] {logging_mixin.py:188} INFO - [2026-05-09T19:23:07.228+0000] {dag.py:3096} INFO - Sync 1 DAGs
[2026-05-09T19:23:07.253+0000] {logging_mixin.py:188} INFO - [2026-05-09T19:23:07.253+0000] {dag.py:3954} INFO - Setting next_dagrun for example_dynamic_task_mapping_with_no_taskflow_operators to 2026-05-08 00:00:00+00:00, run_after=2026-05-09 00:00:00+00:00
[2026-05-09T19:23:07.278+0000] {processor.py:183} INFO - Processing /home/airflow/.local/lib/python3.12/site-packages/airflow/example_dags/example_dynamic_task_mapping_with_no_taskflow_operators.py took 0.093 seconds
[2026-05-09T19:23:37.722+0000] {processor.py:161} INFO - Started process (PID=3742) to work on /home/airflow/.local/lib/python3.12/site-packages/airflow/example_dags/example_dynamic_task_mapping_with_no_taskflow_operators.py
[2026-05-09T19:23:37.723+0000] {processor.py:830} INFO - Processing file /home/airflow/.local/lib/python3.12/site-packages/airflow/example_dags/example_dynamic_task_mapping_with_no_taskflow_operators.py for tasks to queue
[2026-05-09T19:23:37.725+0000] {logging_mixin.py:188} INFO - [2026-05-09T19:23:37.725+0000] {dagbag.py:545} INFO - Filling up the DagBag from /home/airflow/.local/lib/python3.12/site-packages/airflow/example_dags/example_dynamic_task_mapping_with_no_taskflow_operators.py
[2026-05-09T19:23:37.732+0000] {processor.py:840} INFO - DAG(s) 'example_dynamic_task_mapping_with_no_taskflow_operators' retrieved from /home/airflow/.local/lib/python3.12/site-packages/airflow/example_dags/example_dynamic_task_mapping_with_no_taskflow_operators.py
[2026-05-09T19:23:37.753+0000] {logging_mixin.py:188} INFO - [2026-05-09T19:23:37.752+0000] {dag.py:3096} INFO - Sync 1 DAGs
[2026-05-09T19:23:37.776+0000] {logging_mixin.py:188} INFO - [2026-05-09T19:23:37.776+0000] {dag.py:3954} INFO - Setting next_dagrun for example_dynamic_task_mapping_with_no_taskflow_operators to 2026-05-08 00:00:00+00:00, run_after=2026-05-09 00:00:00+00:00
[2026-05-09T19:23:37.796+0000] {processor.py:183} INFO - Processing /home/airflow/.local/lib/python3.12/site-packages/airflow/example_dags/example_dynamic_task_mapping_with_no_taskflow_operators.py took 0.079 seconds
[2026-05-09T19:24:08.676+0000] {processor.py:161} INFO - Started process (PID=3801) to work on /home/airflow/.local/lib/python3.12/site-packages/airflow/example_dags/example_dynamic_task_mapping_with_no_taskflow_operators.py
[2026-05-09T19:24:08.678+0000] {processor.py:830} INFO - Processing file /home/airflow/.local/lib/python3.12/site-packages/airflow/example_dags/example_dynamic_task_mapping_with_no_taskflow_operators.py for tasks to queue
[2026-05-09T19:24:08.680+0000] {logging_mixin.py:188} INFO - [2026-05-09T19:24:08.680+0000] {dagbag.py:545} INFO - Filling up the DagBag from /home/airflow/.local/lib/python3.12/site-packages/airflow/example_dags/example_dynamic_task_mapping_with_no_taskflow_operators.py
[2026-05-09T19:24:08.687+0000] {processor.py:840} INFO - DAG(s) 'example_dynamic_task_mapping_with_no_taskflow_operators' retrieved from /home/airflow/.local/lib/python3.12/site-packages/airflow/example_dags/example_dynamic_task_mapping_with_no_taskflow_operators.py
[2026-05-09T19:24:08.711+0000] {logging_mixin.py:188} INFO - [2026-05-09T19:24:08.710+0000] {dag.py:3096} INFO - Sync 1 DAGs
[2026-05-09T19:24:08.740+0000] {logging_mixin.py:188} INFO - [2026-05-09T19:24:08.740+0000] {dag.py:3954} INFO - Setting next_dagrun for example_dynamic_task_mapping_with_no_taskflow_operators to 2026-05-08 00:00:00+00:00, run_after=2026-05-09 00:00:00+00:00
[2026-05-09T19:24:08.765+0000] {processor.py:183} INFO - Processing /home/airflow/.local/lib/python3.12/site-packages/airflow/example_dags/example_dynamic_task_mapping_with_no_taskflow_operators.py took 0.094 seconds
[2026-05-09T19:24:39.432+0000] {processor.py:161} INFO - Started process (PID=3860) to work on /home/airflow/.local/lib/python3.12/site-packages/airflow/example_dags/example_dynamic_task_mapping_with_no_taskflow_operators.py
[2026-05-09T19:24:39.433+0000] {processor.py:830} INFO - Processing file /home/airflow/.local/lib/python3.12/site-packages/airflow/example_dags/example_dynamic_task_mapping_with_no_taskflow_operators.py for tasks to queue
[2026-05-09T19:24:39.435+0000] {logging_mixin.py:188} INFO - [2026-05-09T19:24:39.435+0000] {dagbag.py:545} INFO - Filling up the DagBag from /home/airflow/.local/lib/python3.12/site-packages/airflow/example_dags/example_dynamic_task_mapping_with_no_taskflow_operators.py
[2026-05-09T19:24:39.443+0000] {processor.py:840} INFO - DAG(s) 'example_dynamic_task_mapping_with_no_taskflow_operators' retrieved from /home/airflow/.local/lib/python3.12/site-packages/airflow/example_dags/example_dynamic_task_mapping_with_no_taskflow_operators.py
[2026-05-09T19:24:39.464+0000] {logging_mixin.py:188} INFO - [2026-05-09T19:24:39.464+0000] {dag.py:3096} INFO - Sync 1 DAGs
[2026-05-09T19:24:39.488+0000] {logging_mixin.py:188} INFO - [2026-05-09T19:24:39.488+0000] {dag.py:3954} INFO - Setting next_dagrun for example_dynamic_task_mapping_with_no_taskflow_operators to 2026-05-08 00:00:00+00:00, run_after=2026-05-09 00:00:00+00:00
[2026-05-09T19:24:39.513+0000] {processor.py:183} INFO - Processing /home/airflow/.local/lib/python3.12/site-packages/airflow/example_dags/example_dynamic_task_mapping_with_no_taskflow_operators.py took 0.087 seconds
[2026-05-09T19:25:09.832+0000] {processor.py:161} INFO - Started process (PID=3919) to work on /home/airflow/.local/lib/python3.12/site-packages/airflow/example_dags/example_dynamic_task_mapping_with_no_taskflow_operators.py
[2026-05-09T19:25:09.833+0000] {processor.py:830} INFO - Processing file /home/airflow/.local/lib/python3.12/site-packages/airflow/example_dags/example_dynamic_task_mapping_with_no_taskflow_operators.py for tasks to queue
[2026-05-09T19:25:09.836+0000] {logging_mixin.py:188} INFO - [2026-05-09T19:25:09.835+0000] {dagbag.py:545} INFO - Filling up the DagBag from /home/airflow/.local/lib/python3.12/site-packages/airflow/example_dags/example_dynamic_task_mapping_with_no_taskflow_operators.py
[2026-05-09T19:25:09.842+0000] {processor.py:840} INFO - DAG(s) 'example_dynamic_task_mapping_with_no_taskflow_operators' retrieved from /home/airflow/.local/lib/python3.12/site-packages/airflow/example_dags/example_dynamic_task_mapping_with_no_taskflow_operators.py
[2026-05-09T19:25:09.862+0000] {logging_mixin.py:188} INFO - [2026-05-09T19:25:09.862+0000] {dag.py:3096} INFO - Sync 1 DAGs
[2026-05-09T19:25:09.884+0000] {logging_mixin.py:188} INFO - [2026-05-09T19:25:09.883+0000] {dag.py:3954} INFO - Setting next_dagrun for example_dynamic_task_mapping_with_no_taskflow_operators to 2026-05-08 00:00:00+00:00, run_after=2026-05-09 00:00:00+00:00
[2026-05-09T19:25:09.907+0000] {processor.py:183} INFO - Processing /home/airflow/.local/lib/python3.12/site-packages/airflow/example_dags/example_dynamic_task_mapping_with_no_taskflow_operators.py took 0.081 seconds
[2026-05-09T19:25:40.728+0000] {processor.py:161} INFO - Started process (PID=3978) to work on /home/airflow/.local/lib/python3.12/site-packages/airflow/example_dags/example_dynamic_task_mapping_with_no_taskflow_operators.py
[2026-05-09T19:25:40.729+0000] {processor.py:830} INFO - Processing file /home/airflow/.local/lib/python3.12/site-packages/airflow/example_dags/example_dynamic_task_mapping_with_no_taskflow_operators.py for tasks to queue
[2026-05-09T19:25:40.732+0000] {logging_mixin.py:188} INFO - [2026-05-09T19:25:40.731+0000] {dagbag.py:545} INFO - Filling up the DagBag from /home/airflow/.local/lib/python3.12/site-packages/airflow/example_dags/example_dynamic_task_mapping_with_no_taskflow_operators.py
[2026-05-09T19:25:40.739+0000] {processor.py:840} INFO - DAG(s) 'example_dynamic_task_mapping_with_no_taskflow_operators' retrieved from /home/airflow/.local/lib/python3.12/site-packages/airflow/example_dags/example_dynamic_task_mapping_with_no_taskflow_operators.py
[2026-05-09T19:25:40.764+0000] {logging_mixin.py:188} INFO - [2026-05-09T19:25:40.764+0000] {dag.py:3096} INFO - Sync 1 DAGs
[2026-05-09T19:25:40.790+0000] {logging_mixin.py:188} INFO - [2026-05-09T19:25:40.789+0000] {dag.py:3954} INFO - Setting next_dagrun for example_dynamic_task_mapping_with_no_taskflow_operators to 2026-05-08 00:00:00+00:00, run_after=2026-05-09 00:00:00+00:00
[2026-05-09T19:25:40.816+0000] {processor.py:183} INFO - Processing /home/airflow/.local/lib/python3.12/site-packages/airflow/example_dags/example_dynamic_task_mapping_with_no_taskflow_operators.py took 0.094 seconds
[2026-05-09T19:26:10.865+0000] {processor.py:161} INFO - Started process (PID=4036) to work on /home/airflow/.local/lib/python3.12/site-packages/airflow/example_dags/example_dynamic_task_mapping_with_no_taskflow_operators.py
[2026-05-09T19:26:10.866+0000] {processor.py:830} INFO - Processing file /home/airflow/.local/lib/python3.12/site-packages/airflow/example_dags/example_dynamic_task_mapping_with_no_taskflow_operators.py for tasks to queue
[2026-05-09T19:26:10.868+0000] {logging_mixin.py:188} INFO - [2026-05-09T19:26:10.868+0000] {dagbag.py:545} INFO - Filling up the DagBag from /home/airflow/.local/lib/python3.12/site-packages/airflow/example_dags/example_dynamic_task_mapping_with_no_taskflow_operators.py
[2026-05-09T19:26:10.874+0000] {processor.py:840} INFO - DAG(s) 'example_dynamic_task_mapping_with_no_taskflow_operators' retrieved from /home/airflow/.local/lib/python3.12/site-packages/airflow/example_dags/example_dynamic_task_mapping_with_no_taskflow_operators.py
[2026-05-09T19:26:10.893+0000] {logging_mixin.py:188} INFO - [2026-05-09T19:26:10.892+0000] {dag.py:3096} INFO - Sync 1 DAGs
[2026-05-09T19:26:10.914+0000] {logging_mixin.py:188} INFO - [2026-05-09T19:26:10.914+0000] {dag.py:3954} INFO - Setting next_dagrun for example_dynamic_task_mapping_with_no_taskflow_operators to 2026-05-08 00:00:00+00:00, run_after=2026-05-09 00:00:00+00:00
[2026-05-09T19:26:10.936+0000] {processor.py:183} INFO - Processing /home/airflow/.local/lib/python3.12/site-packages/airflow/example_dags/example_dynamic_task_mapping_with_no_taskflow_operators.py took 0.076 seconds
[2026-05-09T19:26:41.814+0000] {processor.py:161} INFO - Started process (PID=4096) to work on /home/airflow/.local/lib/python3.12/site-packages/airflow/example_dags/example_dynamic_task_mapping_with_no_taskflow_operators.py
[2026-05-09T19:26:41.815+0000] {processor.py:830} INFO - Processing file /home/airflow/.local/lib/python3.12/site-packages/airflow/example_dags/example_dynamic_task_mapping_with_no_taskflow_operators.py for tasks to queue
[2026-05-09T19:26:41.818+0000] {logging_mixin.py:188} INFO - [2026-05-09T19:26:41.817+0000] {dagbag.py:545} INFO - Filling up the DagBag from /home/airflow/.local/lib/python3.12/site-packages/airflow/example_dags/example_dynamic_task_mapping_with_no_taskflow_operators.py
[2026-05-09T19:26:41.824+0000] {processor.py:840} INFO - DAG(s) 'example_dynamic_task_mapping_with_no_taskflow_operators' retrieved from /home/airflow/.local/lib/python3.12/site-packages/airflow/example_dags/example_dynamic_task_mapping_with_no_taskflow_operators.py
[2026-05-09T19:26:41.844+0000] {logging_mixin.py:188} INFO - [2026-05-09T19:26:41.843+0000] {dag.py:3096} INFO - Sync 1 DAGs
[2026-05-09T19:26:41.864+0000] {logging_mixin.py:188} INFO - [2026-05-09T19:26:41.864+0000] {dag.py:3954} INFO - Setting next_dagrun for example_dynamic_task_mapping_with_no_taskflow_operators to 2026-05-08 00:00:00+00:00, run_after=2026-05-09 00:00:00+00:00
[2026-05-09T19:26:41.892+0000] {processor.py:183} INFO - Processing /home/airflow/.local/lib/python3.12/site-packages/airflow/example_dags/example_dynamic_task_mapping_with_no_taskflow_operators.py took 0.083 seconds
[2026-05-09T19:27:12.154+0000] {processor.py:161} INFO - Started process (PID=4155) to work on /home/airflow/.local/lib/python3.12/site-packages/airflow/example_dags/example_dynamic_task_mapping_with_no_taskflow_operators.py
[2026-05-09T19:27:12.155+0000] {processor.py:830} INFO - Processing file /home/airflow/.local/lib/python3.12/site-packages/airflow/example_dags/example_dynamic_task_mapping_with_no_taskflow_operators.py for tasks to queue
[2026-05-09T19:27:12.158+0000] {logging_mixin.py:188} INFO - [2026-05-09T19:27:12.157+0000] {dagbag.py:545} INFO - Filling up the DagBag from /home/airflow/.local/lib/python3.12/site-packages/airflow/example_dags/example_dynamic_task_mapping_with_no_taskflow_operators.py
[2026-05-09T19:27:12.164+0000] {processor.py:840} INFO - DAG(s) 'example_dynamic_task_mapping_with_no_taskflow_operators' retrieved from /home/airflow/.local/lib/python3.12/site-packages/airflow/example_dags/example_dynamic_task_mapping_with_no_taskflow_operators.py
[2026-05-09T19:27:12.185+0000] {logging_mixin.py:188} INFO - [2026-05-09T19:27:12.185+0000] {dag.py:3096} INFO - Sync 1 DAGs
[2026-05-09T19:27:12.208+0000] {logging_mixin.py:188} INFO - [2026-05-09T19:27:12.207+0000] {dag.py:3954} INFO - Setting next_dagrun for example_dynamic_task_mapping_with_no_taskflow_operators to 2026-05-08 00:00:00+00:00, run_after=2026-05-09 00:00:00+00:00
[2026-05-09T19:27:12.230+0000] {processor.py:183} INFO - Processing /home/airflow/.local/lib/python3.12/site-packages/airflow/example_dags/example_dynamic_task_mapping_with_no_taskflow_operators.py took 0.082 seconds
[2026-05-09T19:27:43.079+0000] {processor.py:161} INFO - Started process (PID=4214) to work on /home/airflow/.local/lib/python3.12/site-packages/airflow/example_dags/example_dynamic_task_mapping_with_no_taskflow_operators.py
[2026-05-09T19:27:43.080+0000] {processor.py:830} INFO - Processing file /home/airflow/.local/lib/python3.12/site-packages/airflow/example_dags/example_dynamic_task_mapping_with_no_taskflow_operators.py for tasks to queue
[2026-05-09T19:27:43.082+0000] {logging_mixin.py:188} INFO - [2026-05-09T19:27:43.081+0000] {dagbag.py:545} INFO - Filling up the DagBag from /home/airflow/.local/lib/python3.12/site-packages/airflow/example_dags/example_dynamic_task_mapping_with_no_taskflow_operators.py
[2026-05-09T19:27:43.088+0000] {processor.py:840} INFO - DAG(s) 'example_dynamic_task_mapping_with_no_taskflow_operators' retrieved from /home/airflow/.local/lib/python3.12/site-packages/airflow/example_dags/example_dynamic_task_mapping_with_no_taskflow_operators.py
[2026-05-09T19:27:43.107+0000] {logging_mixin.py:188} INFO - [2026-05-09T19:27:43.107+0000] {dag.py:3096} INFO - Sync 1 DAGs
[2026-05-09T19:27:43.130+0000] {logging_mixin.py:188} INFO - [2026-05-09T19:27:43.129+0000] {dag.py:3954} INFO - Setting next_dagrun for example_dynamic_task_mapping_with_no_taskflow_operators to 2026-05-08 00:00:00+00:00, run_after=2026-05-09 00:00:00+00:00
[2026-05-09T19:27:43.152+0000] {processor.py:183} INFO - Processing /home/airflow/.local/lib/python3.12/site-packages/airflow/example_dags/example_dynamic_task_mapping_with_no_taskflow_operators.py took 0.078 seconds
[2026-05-09T19:28:13.318+0000] {processor.py:161} INFO - Started process (PID=4273) to work on /home/airflow/.local/lib/python3.12/site-packages/airflow/example_dags/example_dynamic_task_mapping_with_no_taskflow_operators.py
[2026-05-09T19:28:13.319+0000] {processor.py:830} INFO - Processing file /home/airflow/.local/lib/python3.12/site-packages/airflow/example_dags/example_dynamic_task_mapping_with_no_taskflow_operators.py for tasks to queue
[2026-05-09T19:28:13.321+0000] {logging_mixin.py:188} INFO - [2026-05-09T19:28:13.321+0000] {dagbag.py:545} INFO - Filling up the DagBag from /home/airflow/.local/lib/python3.12/site-packages/airflow/example_dags/example_dynamic_task_mapping_with_no_taskflow_operators.py
[2026-05-09T19:28:13.328+0000] {processor.py:840} INFO - DAG(s) 'example_dynamic_task_mapping_with_no_taskflow_operators' retrieved from /home/airflow/.local/lib/python3.12/site-packages/airflow/example_dags/example_dynamic_task_mapping_with_no_taskflow_operators.py
[2026-05-09T19:28:13.348+0000] {logging_mixin.py:188} INFO - [2026-05-09T19:28:13.348+0000] {dag.py:3096} INFO - Sync 1 DAGs
[2026-05-09T19:28:13.370+0000] {logging_mixin.py:188} INFO - [2026-05-09T19:28:13.370+0000] {dag.py:3954} INFO - Setting next_dagrun for example_dynamic_task_mapping_with_no_taskflow_operators to 2026-05-08 00:00:00+00:00, run_after=2026-05-09 00:00:00+00:00
[2026-05-09T19:28:13.393+0000] {processor.py:183} INFO - Processing /home/airflow/.local/lib/python3.12/site-packages/airflow/example_dags/example_dynamic_task_mapping_with_no_taskflow_operators.py took 0.081 seconds
[2026-05-09T19:28:43.894+0000] {processor.py:161} INFO - Started process (PID=4332) to work on /home/airflow/.local/lib/python3.12/site-packages/airflow/example_dags/example_dynamic_task_mapping_with_no_taskflow_operators.py
[2026-05-09T19:28:43.895+0000] {processor.py:830} INFO - Processing file /home/airflow/.local/lib/python3.12/site-packages/airflow/example_dags/example_dynamic_task_mapping_with_no_taskflow_operators.py for tasks to queue
[2026-05-09T19:28:43.898+0000] {logging_mixin.py:188} INFO - [2026-05-09T19:28:43.897+0000] {dagbag.py:545} INFO - Filling up the DagBag from /home/airflow/.local/lib/python3.12/site-packages/airflow/example_dags/example_dynamic_task_mapping_with_no_taskflow_operators.py
[2026-05-09T19:28:43.905+0000] {processor.py:840} INFO - DAG(s) 'example_dynamic_task_mapping_with_no_taskflow_operators' retrieved from /home/airflow/.local/lib/python3.12/site-packages/airflow/example_dags/example_dynamic_task_mapping_with_no_taskflow_operators.py
[2026-05-09T19:28:43.926+0000] {logging_mixin.py:188} INFO - [2026-05-09T19:28:43.926+0000] {dag.py:3096} INFO - Sync 1 DAGs
[2026-05-09T19:28:43.949+0000] {logging_mixin.py:188} INFO - [2026-05-09T19:28:43.949+0000] {dag.py:3954} INFO - Setting next_dagrun for example_dynamic_task_mapping_with_no_taskflow_operators to 2026-05-08 00:00:00+00:00, run_after=2026-05-09 00:00:00+00:00
[2026-05-09T19:28:43.972+0000] {processor.py:183} INFO - Processing /home/airflow/.local/lib/python3.12/site-packages/airflow/example_dags/example_dynamic_task_mapping_with_no_taskflow_operators.py took 0.083 seconds
[2026-05-09T19:29:14.722+0000] {processor.py:161} INFO - Started process (PID=4391) to work on /home/airflow/.local/lib/python3.12/site-packages/airflow/example_dags/example_dynamic_task_mapping_with_no_taskflow_operators.py
[2026-05-09T19:29:14.723+0000] {processor.py:830} INFO - Processing file /home/airflow/.local/lib/python3.12/site-packages/airflow/example_dags/example_dynamic_task_mapping_with_no_taskflow_operators.py for tasks to queue
[2026-05-09T19:29:14.725+0000] {logging_mixin.py:188} INFO - [2026-05-09T19:29:14.725+0000] {dagbag.py:545} INFO - Filling up the DagBag from /home/airflow/.local/lib/python3.12/site-packages/airflow/example_dags/example_dynamic_task_mapping_with_no_taskflow_operators.py
[2026-05-09T19:29:14.732+0000] {processor.py:840} INFO - DAG(s) 'example_dynamic_task_mapping_with_no_taskflow_operators' retrieved from /home/airflow/.local/lib/python3.12/site-packages/airflow/example_dags/example_dynamic_task_mapping_with_no_taskflow_operators.py
[2026-05-09T19:29:14.752+0000] {logging_mixin.py:188} INFO - [2026-05-09T19:29:14.752+0000] {dag.py:3096} INFO - Sync 1 DAGs
[2026-05-09T19:29:14.776+0000] {logging_mixin.py:188} INFO - [2026-05-09T19:29:14.776+0000] {dag.py:3954} INFO - Setting next_dagrun for example_dynamic_task_mapping_with_no_taskflow_operators to 2026-05-08 00:00:00+00:00, run_after=2026-05-09 00:00:00+00:00
[2026-05-09T19:29:14.798+0000] {processor.py:183} INFO - Processing /home/airflow/.local/lib/python3.12/site-packages/airflow/example_dags/example_dynamic_task_mapping_with_no_taskflow_operators.py took 0.082 seconds
[2026-05-09T19:29:45.477+0000] {processor.py:161} INFO - Started process (PID=4450) to work on /home/airflow/.local/lib/python3.12/site-packages/airflow/example_dags/example_dynamic_task_mapping_with_no_taskflow_operators.py
[2026-05-09T19:29:45.478+0000] {processor.py:830} INFO - Processing file /home/airflow/.local/lib/python3.12/site-packages/airflow/example_dags/example_dynamic_task_mapping_with_no_taskflow_operators.py for tasks to queue
[2026-05-09T19:29:45.480+0000] {logging_mixin.py:188} INFO - [2026-05-09T19:29:45.480+0000] {dagbag.py:545} INFO - Filling up the DagBag from /home/airflow/.local/lib/python3.12/site-packages/airflow/example_dags/example_dynamic_task_mapping_with_no_taskflow_operators.py
[2026-05-09T19:29:45.487+0000] {processor.py:840} INFO - DAG(s) 'example_dynamic_task_mapping_with_no_taskflow_operators' retrieved from /home/airflow/.local/lib/python3.12/site-packages/airflow/example_dags/example_dynamic_task_mapping_with_no_taskflow_operators.py
[2026-05-09T19:29:45.506+0000] {logging_mixin.py:188} INFO - [2026-05-09T19:29:45.506+0000] {dag.py:3096} INFO - Sync 1 DAGs
[2026-05-09T19:29:45.528+0000] {logging_mixin.py:188} INFO - [2026-05-09T19:29:45.528+0000] {dag.py:3954} INFO - Setting next_dagrun for example_dynamic_task_mapping_with_no_taskflow_operators to 2026-05-08 00:00:00+00:00, run_after=2026-05-09 00:00:00+00:00
[2026-05-09T19:29:45.551+0000] {processor.py:183} INFO - Processing /home/airflow/.local/lib/python3.12/site-packages/airflow/example_dags/example_dynamic_task_mapping_with_no_taskflow_operators.py took 0.080 seconds
[2026-05-09T19:30:16.615+0000] {processor.py:161} INFO - Started process (PID=4509) to work on /home/airflow/.local/lib/python3.12/site-packages/airflow/example_dags/example_dynamic_task_mapping_with_no_taskflow_operators.py
[2026-05-09T19:30:16.616+0000] {processor.py:830} INFO - Processing file /home/airflow/.local/lib/python3.12/site-packages/airflow/example_dags/example_dynamic_task_mapping_with_no_taskflow_operators.py for tasks to queue
[2026-05-09T19:30:16.619+0000] {logging_mixin.py:188} INFO - [2026-05-09T19:30:16.618+0000] {dagbag.py:545} INFO - Filling up the DagBag from /home/airflow/.local/lib/python3.12/site-packages/airflow/example_dags/example_dynamic_task_mapping_with_no_taskflow_operators.py
[2026-05-09T19:30:16.627+0000] {processor.py:840} INFO - DAG(s) 'example_dynamic_task_mapping_with_no_taskflow_operators' retrieved from /home/airflow/.local/lib/python3.12/site-packages/airflow/example_dags/example_dynamic_task_mapping_with_no_taskflow_operators.py
[2026-05-09T19:30:16.651+0000] {logging_mixin.py:188} INFO - [2026-05-09T19:30:16.651+0000] {dag.py:3096} INFO - Sync 1 DAGs
[2026-05-09T19:30:16.676+0000] {logging_mixin.py:188} INFO - [2026-05-09T19:30:16.675+0000] {dag.py:3954} INFO - Setting next_dagrun for example_dynamic_task_mapping_with_no_taskflow_operators to 2026-05-08 00:00:00+00:00, run_after=2026-05-09 00:00:00+00:00
[2026-05-09T19:30:16.703+0000] {processor.py:183} INFO - Processing /home/airflow/.local/lib/python3.12/site-packages/airflow/example_dags/example_dynamic_task_mapping_with_no_taskflow_operators.py took 0.094 seconds
[2026-05-09T19:30:46.999+0000] {processor.py:161} INFO - Started process (PID=4568) to work on /home/airflow/.local/lib/python3.12/site-packages/airflow/example_dags/example_dynamic_task_mapping_with_no_taskflow_operators.py
[2026-05-09T19:30:47.000+0000] {processor.py:830} INFO - Processing file /home/airflow/.local/lib/python3.12/site-packages/airflow/example_dags/example_dynamic_task_mapping_with_no_taskflow_operators.py for tasks to queue
[2026-05-09T19:30:47.002+0000] {logging_mixin.py:188} INFO - [2026-05-09T19:30:47.002+0000] {dagbag.py:545} INFO - Filling up the DagBag from /home/airflow/.local/lib/python3.12/site-packages/airflow/example_dags/example_dynamic_task_mapping_with_no_taskflow_operators.py
[2026-05-09T19:30:47.008+0000] {processor.py:840} INFO - DAG(s) 'example_dynamic_task_mapping_with_no_taskflow_operators' retrieved from /home/airflow/.local/lib/python3.12/site-packages/airflow/example_dags/example_dynamic_task_mapping_with_no_taskflow_operators.py
[2026-05-09T19:30:47.027+0000] {logging_mixin.py:188} INFO - [2026-05-09T19:30:47.027+0000] {dag.py:3096} INFO - Sync 1 DAGs
[2026-05-09T19:30:47.050+0000] {logging_mixin.py:188} INFO - [2026-05-09T19:30:47.050+0000] {dag.py:3954} INFO - Setting next_dagrun for example_dynamic_task_mapping_with_no_taskflow_operators to 2026-05-08 00:00:00+00:00, run_after=2026-05-09 00:00:00+00:00
[2026-05-09T19:30:47.072+0000] {processor.py:183} INFO - Processing /home/airflow/.local/lib/python3.12/site-packages/airflow/example_dags/example_dynamic_task_mapping_with_no_taskflow_operators.py took 0.078 seconds
[2026-05-09T19:31:18.135+0000] {processor.py:161} INFO - Started process (PID=4627) to work on /home/airflow/.local/lib/python3.12/site-packages/airflow/example_dags/example_dynamic_task_mapping_with_no_taskflow_operators.py
[2026-05-09T19:31:18.136+0000] {processor.py:830} INFO - Processing file /home/airflow/.local/lib/python3.12/site-packages/airflow/example_dags/example_dynamic_task_mapping_with_no_taskflow_operators.py for tasks to queue
[2026-05-09T19:31:18.138+0000] {logging_mixin.py:188} INFO - [2026-05-09T19:31:18.138+0000] {dagbag.py:545} INFO - Filling up the DagBag from /home/airflow/.local/lib/python3.12/site-packages/airflow/example_dags/example_dynamic_task_mapping_with_no_taskflow_operators.py
[2026-05-09T19:31:18.144+0000] {processor.py:840} INFO - DAG(s) 'example_dynamic_task_mapping_with_no_taskflow_operators' retrieved from /home/airflow/.local/lib/python3.12/site-packages/airflow/example_dags/example_dynamic_task_mapping_with_no_taskflow_operators.py
[2026-05-09T19:31:18.164+0000] {logging_mixin.py:188} INFO - [2026-05-09T19:31:18.164+0000] {dag.py:3096} INFO - Sync 1 DAGs
[2026-05-09T19:31:18.188+0000] {logging_mixin.py:188} INFO - [2026-05-09T19:31:18.188+0000] {dag.py:3954} INFO - Setting next_dagrun for example_dynamic_task_mapping_with_no_taskflow_operators to 2026-05-08 00:00:00+00:00, run_after=2026-05-09 00:00:00+00:00
[2026-05-09T19:31:18.213+0000] {processor.py:183} INFO - Processing /home/airflow/.local/lib/python3.12/site-packages/airflow/example_dags/example_dynamic_task_mapping_with_no_taskflow_operators.py took 0.083 seconds
[2026-05-09T19:31:49.046+0000] {processor.py:161} INFO - Started process (PID=4686) to work on /home/airflow/.local/lib/python3.12/site-packages/airflow/example_dags/example_dynamic_task_mapping_with_no_taskflow_operators.py
[2026-05-09T19:31:49.047+0000] {processor.py:830} INFO - Processing file /home/airflow/.local/lib/python3.12/site-packages/airflow/example_dags/example_dynamic_task_mapping_with_no_taskflow_operators.py for tasks to queue
[2026-05-09T19:31:49.049+0000] {logging_mixin.py:188} INFO - [2026-05-09T19:31:49.049+0000] {dagbag.py:545} INFO - Filling up the DagBag from /home/airflow/.local/lib/python3.12/site-packages/airflow/example_dags/example_dynamic_task_mapping_with_no_taskflow_operators.py
[2026-05-09T19:31:49.056+0000] {processor.py:840} INFO - DAG(s) 'example_dynamic_task_mapping_with_no_taskflow_operators' retrieved from /home/airflow/.local/lib/python3.12/site-packages/airflow/example_dags/example_dynamic_task_mapping_with_no_taskflow_operators.py
[2026-05-09T19:31:49.077+0000] {logging_mixin.py:188} INFO - [2026-05-09T19:31:49.077+0000] {dag.py:3096} INFO - Sync 1 DAGs
[2026-05-09T19:31:49.099+0000] {logging_mixin.py:188} INFO - [2026-05-09T19:31:49.099+0000] {dag.py:3954} INFO - Setting next_dagrun for example_dynamic_task_mapping_with_no_taskflow_operators to 2026-05-08 00:00:00+00:00, run_after=2026-05-09 00:00:00+00:00
[2026-05-09T19:31:49.122+0000] {processor.py:183} INFO - Processing /home/airflow/.local/lib/python3.12/site-packages/airflow/example_dags/example_dynamic_task_mapping_with_no_taskflow_operators.py took 0.082 seconds
[2026-05-09T19:32:20.101+0000] {processor.py:161} INFO - Started process (PID=4745) to work on /home/airflow/.local/lib/python3.12/site-packages/airflow/example_dags/example_dynamic_task_mapping_with_no_taskflow_operators.py
[2026-05-09T19:32:20.102+0000] {processor.py:830} INFO - Processing file /home/airflow/.local/lib/python3.12/site-packages/airflow/example_dags/example_dynamic_task_mapping_with_no_taskflow_operators.py for tasks to queue
[2026-05-09T19:32:20.104+0000] {logging_mixin.py:188} INFO - [2026-05-09T19:32:20.104+0000] {dagbag.py:545} INFO - Filling up the DagBag from /home/airflow/.local/lib/python3.12/site-packages/airflow/example_dags/example_dynamic_task_mapping_with_no_taskflow_operators.py
[2026-05-09T19:32:20.111+0000] {processor.py:840} INFO - DAG(s) 'example_dynamic_task_mapping_with_no_taskflow_operators' retrieved from /home/airflow/.local/lib/python3.12/site-packages/airflow/example_dags/example_dynamic_task_mapping_with_no_taskflow_operators.py
[2026-05-09T19:32:20.133+0000] {logging_mixin.py:188} INFO - [2026-05-09T19:32:20.133+0000] {dag.py:3096} INFO - Sync 1 DAGs
[2026-05-09T19:32:20.155+0000] {logging_mixin.py:188} INFO - [2026-05-09T19:32:20.155+0000] {dag.py:3954} INFO - Setting next_dagrun for example_dynamic_task_mapping_with_no_taskflow_operators to 2026-05-08 00:00:00+00:00, run_after=2026-05-09 00:00:00+00:00
[2026-05-09T19:32:20.181+0000] {processor.py:183} INFO - Processing /home/airflow/.local/lib/python3.12/site-packages/airflow/example_dags/example_dynamic_task_mapping_with_no_taskflow_operators.py took 0.085 seconds
[2026-05-09T19:32:50.932+0000] {processor.py:161} INFO - Started process (PID=4805) to work on /home/airflow/.local/lib/python3.12/site-packages/airflow/example_dags/example_dynamic_task_mapping_with_no_taskflow_operators.py
[2026-05-09T19:32:50.933+0000] {processor.py:830} INFO - Processing file /home/airflow/.local/lib/python3.12/site-packages/airflow/example_dags/example_dynamic_task_mapping_with_no_taskflow_operators.py for tasks to queue
[2026-05-09T19:32:50.935+0000] {logging_mixin.py:188} INFO - [2026-05-09T19:32:50.935+0000] {dagbag.py:545} INFO - Filling up the DagBag from /home/airflow/.local/lib/python3.12/site-packages/airflow/example_dags/example_dynamic_task_mapping_with_no_taskflow_operators.py
[2026-05-09T19:32:50.941+0000] {processor.py:840} INFO - DAG(s) 'example_dynamic_task_mapping_with_no_taskflow_operators' retrieved from /home/airflow/.local/lib/python3.12/site-packages/airflow/example_dags/example_dynamic_task_mapping_with_no_taskflow_operators.py
[2026-05-09T19:32:50.963+0000] {logging_mixin.py:188} INFO - [2026-05-09T19:32:50.962+0000] {dag.py:3096} INFO - Sync 1 DAGs
[2026-05-09T19:32:50.983+0000] {logging_mixin.py:188} INFO - [2026-05-09T19:32:50.983+0000] {dag.py:3954} INFO - Setting next_dagrun for example_dynamic_task_mapping_with_no_taskflow_operators to 2026-05-08 00:00:00+00:00, run_after=2026-05-09 00:00:00+00:00
[2026-05-09T19:32:51.005+0000] {processor.py:183} INFO - Processing /home/airflow/.local/lib/python3.12/site-packages/airflow/example_dags/example_dynamic_task_mapping_with_no_taskflow_operators.py took 0.079 seconds
[2026-05-09T19:33:22.850+0000] {processor.py:161} INFO - Started process (PID=4864) to work on /home/airflow/.local/lib/python3.12/site-packages/airflow/example_dags/example_dynamic_task_mapping_with_no_taskflow_operators.py
[2026-05-09T19:33:22.852+0000] {processor.py:830} INFO - Processing file /home/airflow/.local/lib/python3.12/site-packages/airflow/example_dags/example_dynamic_task_mapping_with_no_taskflow_operators.py for tasks to queue
[2026-05-09T19:33:22.854+0000] {logging_mixin.py:188} INFO - [2026-05-09T19:33:22.854+0000] {dagbag.py:545} INFO - Filling up the DagBag from /home/airflow/.local/lib/python3.12/site-packages/airflow/example_dags/example_dynamic_task_mapping_with_no_taskflow_operators.py
[2026-05-09T19:33:22.862+0000] {processor.py:840} INFO - DAG(s) 'example_dynamic_task_mapping_with_no_taskflow_operators' retrieved from /home/airflow/.local/lib/python3.12/site-packages/airflow/example_dags/example_dynamic_task_mapping_with_no_taskflow_operators.py
[2026-05-09T19:33:22.892+0000] {logging_mixin.py:188} INFO - [2026-05-09T19:33:22.891+0000] {dag.py:3096} INFO - Sync 1 DAGs
[2026-05-09T19:33:22.926+0000] {logging_mixin.py:188} INFO - [2026-05-09T19:33:22.925+0000] {dag.py:3954} INFO - Setting next_dagrun for example_dynamic_task_mapping_with_no_taskflow_operators to 2026-05-08 00:00:00+00:00, run_after=2026-05-09 00:00:00+00:00
[2026-05-09T19:33:22.965+0000] {processor.py:183} INFO - Processing /home/airflow/.local/lib/python3.12/site-packages/airflow/example_dags/example_dynamic_task_mapping_with_no_taskflow_operators.py took 0.121 seconds
[2026-05-09T19:33:53.276+0000] {processor.py:161} INFO - Started process (PID=4923) to work on /home/airflow/.local/lib/python3.12/site-packages/airflow/example_dags/example_dynamic_task_mapping_with_no_taskflow_operators.py
[2026-05-09T19:33:53.277+0000] {processor.py:830} INFO - Processing file /home/airflow/.local/lib/python3.12/site-packages/airflow/example_dags/example_dynamic_task_mapping_with_no_taskflow_operators.py for tasks to queue
[2026-05-09T19:33:53.279+0000] {logging_mixin.py:188} INFO - [2026-05-09T19:33:53.279+0000] {dagbag.py:545} INFO - Filling up the DagBag from /home/airflow/.local/lib/python3.12/site-packages/airflow/example_dags/example_dynamic_task_mapping_with_no_taskflow_operators.py
[2026-05-09T19:33:53.285+0000] {processor.py:840} INFO - DAG(s) 'example_dynamic_task_mapping_with_no_taskflow_operators' retrieved from /home/airflow/.local/lib/python3.12/site-packages/airflow/example_dags/example_dynamic_task_mapping_with_no_taskflow_operators.py
[2026-05-09T19:33:53.309+0000] {logging_mixin.py:188} INFO - [2026-05-09T19:33:53.308+0000] {dag.py:3096} INFO - Sync 1 DAGs
[2026-05-09T19:33:53.338+0000] {logging_mixin.py:188} INFO - [2026-05-09T19:33:53.337+0000] {dag.py:3954} INFO - Setting next_dagrun for example_dynamic_task_mapping_with_no_taskflow_operators to 2026-05-08 00:00:00+00:00, run_after=2026-05-09 00:00:00+00:00
[2026-05-09T19:33:53.370+0000] {processor.py:183} INFO - Processing /home/airflow/.local/lib/python3.12/site-packages/airflow/example_dags/example_dynamic_task_mapping_with_no_taskflow_operators.py took 0.099 seconds
[2026-05-09T19:34:24.081+0000] {processor.py:161} INFO - Started process (PID=4982) to work on /home/airflow/.local/lib/python3.12/site-packages/airflow/example_dags/example_dynamic_task_mapping_with_no_taskflow_operators.py
[2026-05-09T19:34:24.082+0000] {processor.py:830} INFO - Processing file /home/airflow/.local/lib/python3.12/site-packages/airflow/example_dags/example_dynamic_task_mapping_with_no_taskflow_operators.py for tasks to queue
[2026-05-09T19:34:24.084+0000] {logging_mixin.py:188} INFO - [2026-05-09T19:34:24.083+0000] {dagbag.py:545} INFO - Filling up the DagBag from /home/airflow/.local/lib/python3.12/site-packages/airflow/example_dags/example_dynamic_task_mapping_with_no_taskflow_operators.py
[2026-05-09T19:34:24.090+0000] {processor.py:840} INFO - DAG(s) 'example_dynamic_task_mapping_with_no_taskflow_operators' retrieved from /home/airflow/.local/lib/python3.12/site-packages/airflow/example_dags/example_dynamic_task_mapping_with_no_taskflow_operators.py
[2026-05-09T19:34:24.110+0000] {logging_mixin.py:188} INFO - [2026-05-09T19:34:24.110+0000] {dag.py:3096} INFO - Sync 1 DAGs
[2026-05-09T19:34:24.131+0000] {logging_mixin.py:188} INFO - [2026-05-09T19:34:24.131+0000] {dag.py:3954} INFO - Setting next_dagrun for example_dynamic_task_mapping_with_no_taskflow_operators to 2026-05-08 00:00:00+00:00, run_after=2026-05-09 00:00:00+00:00
[2026-05-09T19:34:24.154+0000] {processor.py:183} INFO - Processing /home/airflow/.local/lib/python3.12/site-packages/airflow/example_dags/example_dynamic_task_mapping_with_no_taskflow_operators.py took 0.079 seconds
[2026-05-09T19:34:54.325+0000] {processor.py:161} INFO - Started process (PID=5041) to work on /home/airflow/.local/lib/python3.12/site-packages/airflow/example_dags/example_dynamic_task_mapping_with_no_taskflow_operators.py
[2026-05-09T19:34:54.326+0000] {processor.py:830} INFO - Processing file /home/airflow/.local/lib/python3.12/site-packages/airflow/example_dags/example_dynamic_task_mapping_with_no_taskflow_operators.py for tasks to queue
[2026-05-09T19:34:54.329+0000] {logging_mixin.py:188} INFO - [2026-05-09T19:34:54.328+0000] {dagbag.py:545} INFO - Filling up the DagBag from /home/airflow/.local/lib/python3.12/site-packages/airflow/example_dags/example_dynamic_task_mapping_with_no_taskflow_operators.py
[2026-05-09T19:34:54.337+0000] {processor.py:840} INFO - DAG(s) 'example_dynamic_task_mapping_with_no_taskflow_operators' retrieved from /home/airflow/.local/lib/python3.12/site-packages/airflow/example_dags/example_dynamic_task_mapping_with_no_taskflow_operators.py
[2026-05-09T19:34:54.365+0000] {logging_mixin.py:188} INFO - [2026-05-09T19:34:54.364+0000] {dag.py:3096} INFO - Sync 1 DAGs
[2026-05-09T19:34:54.396+0000] {logging_mixin.py:188} INFO - [2026-05-09T19:34:54.396+0000] {dag.py:3954} INFO - Setting next_dagrun for example_dynamic_task_mapping_with_no_taskflow_operators to 2026-05-08 00:00:00+00:00, run_after=2026-05-09 00:00:00+00:00
[2026-05-09T19:34:54.431+0000] {processor.py:183} INFO - Processing /home/airflow/.local/lib/python3.12/site-packages/airflow/example_dags/example_dynamic_task_mapping_with_no_taskflow_operators.py took 0.114 seconds
[2026-05-09T19:35:25.849+0000] {processor.py:161} INFO - Started process (PID=5101) to work on /home/airflow/.local/lib/python3.12/site-packages/airflow/example_dags/example_dynamic_task_mapping_with_no_taskflow_operators.py
[2026-05-09T19:35:25.850+0000] {processor.py:830} INFO - Processing file /home/airflow/.local/lib/python3.12/site-packages/airflow/example_dags/example_dynamic_task_mapping_with_no_taskflow_operators.py for tasks to queue
[2026-05-09T19:35:25.852+0000] {logging_mixin.py:188} INFO - [2026-05-09T19:35:25.852+0000] {dagbag.py:545} INFO - Filling up the DagBag from /home/airflow/.local/lib/python3.12/site-packages/airflow/example_dags/example_dynamic_task_mapping_with_no_taskflow_operators.py
[2026-05-09T19:35:25.859+0000] {processor.py:840} INFO - DAG(s) 'example_dynamic_task_mapping_with_no_taskflow_operators' retrieved from /home/airflow/.local/lib/python3.12/site-packages/airflow/example_dags/example_dynamic_task_mapping_with_no_taskflow_operators.py
[2026-05-09T19:35:25.880+0000] {logging_mixin.py:188} INFO - [2026-05-09T19:35:25.880+0000] {dag.py:3096} INFO - Sync 1 DAGs
[2026-05-09T19:35:25.904+0000] {logging_mixin.py:188} INFO - [2026-05-09T19:35:25.904+0000] {dag.py:3954} INFO - Setting next_dagrun for example_dynamic_task_mapping_with_no_taskflow_operators to 2026-05-08 00:00:00+00:00, run_after=2026-05-09 00:00:00+00:00
[2026-05-09T19:35:25.928+0000] {processor.py:183} INFO - Processing /home/airflow/.local/lib/python3.12/site-packages/airflow/example_dags/example_dynamic_task_mapping_with_no_taskflow_operators.py took 0.084 seconds
[2026-05-09T19:35:56.229+0000] {processor.py:161} INFO - Started process (PID=5160) to work on /home/airflow/.local/lib/python3.12/site-packages/airflow/example_dags/example_dynamic_task_mapping_with_no_taskflow_operators.py
[2026-05-09T19:35:56.230+0000] {processor.py:830} INFO - Processing file /home/airflow/.local/lib/python3.12/site-packages/airflow/example_dags/example_dynamic_task_mapping_with_no_taskflow_operators.py for tasks to queue
[2026-05-09T19:35:56.232+0000] {logging_mixin.py:188} INFO - [2026-05-09T19:35:56.231+0000] {dagbag.py:545} INFO - Filling up the DagBag from /home/airflow/.local/lib/python3.12/site-packages/airflow/example_dags/example_dynamic_task_mapping_with_no_taskflow_operators.py
[2026-05-09T19:35:56.238+0000] {processor.py:840} INFO - DAG(s) 'example_dynamic_task_mapping_with_no_taskflow_operators' retrieved from /home/airflow/.local/lib/python3.12/site-packages/airflow/example_dags/example_dynamic_task_mapping_with_no_taskflow_operators.py
[2026-05-09T19:35:56.257+0000] {logging_mixin.py:188} INFO - [2026-05-09T19:35:56.257+0000] {dag.py:3096} INFO - Sync 1 DAGs
[2026-05-09T19:35:56.280+0000] {logging_mixin.py:188} INFO - [2026-05-09T19:35:56.279+0000] {dag.py:3954} INFO - Setting next_dagrun for example_dynamic_task_mapping_with_no_taskflow_operators to 2026-05-08 00:00:00+00:00, run_after=2026-05-09 00:00:00+00:00
[2026-05-09T19:35:56.303+0000] {processor.py:183} INFO - Processing /home/airflow/.local/lib/python3.12/site-packages/airflow/example_dags/example_dynamic_task_mapping_with_no_taskflow_operators.py took 0.079 seconds
[2026-05-09T19:36:27.023+0000] {processor.py:161} INFO - Started process (PID=5219) to work on /home/airflow/.local/lib/python3.12/site-packages/airflow/example_dags/example_dynamic_task_mapping_with_no_taskflow_operators.py
[2026-05-09T19:36:27.024+0000] {processor.py:830} INFO - Processing file /home/airflow/.local/lib/python3.12/site-packages/airflow/example_dags/example_dynamic_task_mapping_with_no_taskflow_operators.py for tasks to queue
[2026-05-09T19:36:27.026+0000] {logging_mixin.py:188} INFO - [2026-05-09T19:36:27.025+0000] {dagbag.py:545} INFO - Filling up the DagBag from /home/airflow/.local/lib/python3.12/site-packages/airflow/example_dags/example_dynamic_task_mapping_with_no_taskflow_operators.py
[2026-05-09T19:36:27.033+0000] {processor.py:840} INFO - DAG(s) 'example_dynamic_task_mapping_with_no_taskflow_operators' retrieved from /home/airflow/.local/lib/python3.12/site-packages/airflow/example_dags/example_dynamic_task_mapping_with_no_taskflow_operators.py
[2026-05-09T19:36:27.054+0000] {logging_mixin.py:188} INFO - [2026-05-09T19:36:27.054+0000] {dag.py:3096} INFO - Sync 1 DAGs
[2026-05-09T19:36:27.076+0000] {logging_mixin.py:188} INFO - [2026-05-09T19:36:27.076+0000] {dag.py:3954} INFO - Setting next_dagrun for example_dynamic_task_mapping_with_no_taskflow_operators to 2026-05-08 00:00:00+00:00, run_after=2026-05-09 00:00:00+00:00
[2026-05-09T19:36:27.100+0000] {processor.py:183} INFO - Processing /home/airflow/.local/lib/python3.12/site-packages/airflow/example_dags/example_dynamic_task_mapping_with_no_taskflow_operators.py took 0.084 seconds
[2026-05-09T19:36:58.209+0000] {processor.py:161} INFO - Started process (PID=5278) to work on /home/airflow/.local/lib/python3.12/site-packages/airflow/example_dags/example_dynamic_task_mapping_with_no_taskflow_operators.py
[2026-05-09T19:36:58.210+0000] {processor.py:830} INFO - Processing file /home/airflow/.local/lib/python3.12/site-packages/airflow/example_dags/example_dynamic_task_mapping_with_no_taskflow_operators.py for tasks to queue
[2026-05-09T19:36:58.213+0000] {logging_mixin.py:188} INFO - [2026-05-09T19:36:58.212+0000] {dagbag.py:545} INFO - Filling up the DagBag from /home/airflow/.local/lib/python3.12/site-packages/airflow/example_dags/example_dynamic_task_mapping_with_no_taskflow_operators.py
[2026-05-09T19:36:58.222+0000] {processor.py:840} INFO - DAG(s) 'example_dynamic_task_mapping_with_no_taskflow_operators' retrieved from /home/airflow/.local/lib/python3.12/site-packages/airflow/example_dags/example_dynamic_task_mapping_with_no_taskflow_operators.py
[2026-05-09T19:36:58.248+0000] {logging_mixin.py:188} INFO - [2026-05-09T19:36:58.247+0000] {dag.py:3096} INFO - Sync 1 DAGs
[2026-05-09T19:36:58.275+0000] {logging_mixin.py:188} INFO - [2026-05-09T19:36:58.274+0000] {dag.py:3954} INFO - Setting next_dagrun for example_dynamic_task_mapping_with_no_taskflow_operators to 2026-05-08 00:00:00+00:00, run_after=2026-05-09 00:00:00+00:00
[2026-05-09T19:36:58.311+0000] {processor.py:183} INFO - Processing /home/airflow/.local/lib/python3.12/site-packages/airflow/example_dags/example_dynamic_task_mapping_with_no_taskflow_operators.py took 0.109 seconds
[2026-05-09T19:37:29.035+0000] {processor.py:161} INFO - Started process (PID=5337) to work on /home/airflow/.local/lib/python3.12/site-packages/airflow/example_dags/example_dynamic_task_mapping_with_no_taskflow_operators.py
[2026-05-09T19:37:29.036+0000] {processor.py:830} INFO - Processing file /home/airflow/.local/lib/python3.12/site-packages/airflow/example_dags/example_dynamic_task_mapping_with_no_taskflow_operators.py for tasks to queue
[2026-05-09T19:37:29.039+0000] {logging_mixin.py:188} INFO - [2026-05-09T19:37:29.038+0000] {dagbag.py:545} INFO - Filling up the DagBag from /home/airflow/.local/lib/python3.12/site-packages/airflow/example_dags/example_dynamic_task_mapping_with_no_taskflow_operators.py
[2026-05-09T19:37:29.044+0000] {processor.py:840} INFO - DAG(s) 'example_dynamic_task_mapping_with_no_taskflow_operators' retrieved from /home/airflow/.local/lib/python3.12/site-packages/airflow/example_dags/example_dynamic_task_mapping_with_no_taskflow_operators.py
[2026-05-09T19:37:29.064+0000] {logging_mixin.py:188} INFO - [2026-05-09T19:37:29.063+0000] {dag.py:3096} INFO - Sync 1 DAGs
[2026-05-09T19:37:29.086+0000] {logging_mixin.py:188} INFO - [2026-05-09T19:37:29.085+0000] {dag.py:3954} INFO - Setting next_dagrun for example_dynamic_task_mapping_with_no_taskflow_operators to 2026-05-08 00:00:00+00:00, run_after=2026-05-09 00:00:00+00:00
[2026-05-09T19:37:29.111+0000] {processor.py:183} INFO - Processing /home/airflow/.local/lib/python3.12/site-packages/airflow/example_dags/example_dynamic_task_mapping_with_no_taskflow_operators.py took 0.081 seconds
[2026-05-09T19:38:00.002+0000] {processor.py:161} INFO - Started process (PID=5396) to work on /home/airflow/.local/lib/python3.12/site-packages/airflow/example_dags/example_dynamic_task_mapping_with_no_taskflow_operators.py
[2026-05-09T19:38:00.003+0000] {processor.py:830} INFO - Processing file /home/airflow/.local/lib/python3.12/site-packages/airflow/example_dags/example_dynamic_task_mapping_with_no_taskflow_operators.py for tasks to queue
[2026-05-09T19:38:00.005+0000] {logging_mixin.py:188} INFO - [2026-05-09T19:38:00.005+0000] {dagbag.py:545} INFO - Filling up the DagBag from /home/airflow/.local/lib/python3.12/site-packages/airflow/example_dags/example_dynamic_task_mapping_with_no_taskflow_operators.py
[2026-05-09T19:38:00.013+0000] {processor.py:840} INFO - DAG(s) 'example_dynamic_task_mapping_with_no_taskflow_operators' retrieved from /home/airflow/.local/lib/python3.12/site-packages/airflow/example_dags/example_dynamic_task_mapping_with_no_taskflow_operators.py
[2026-05-09T19:38:00.034+0000] {logging_mixin.py:188} INFO - [2026-05-09T19:38:00.034+0000] {dag.py:3096} INFO - Sync 1 DAGs
[2026-05-09T19:38:00.055+0000] {logging_mixin.py:188} INFO - [2026-05-09T19:38:00.055+0000] {dag.py:3954} INFO - Setting next_dagrun for example_dynamic_task_mapping_with_no_taskflow_operators to 2026-05-08 00:00:00+00:00, run_after=2026-05-09 00:00:00+00:00
[2026-05-09T19:38:00.078+0000] {processor.py:183} INFO - Processing /home/airflow/.local/lib/python3.12/site-packages/airflow/example_dags/example_dynamic_task_mapping_with_no_taskflow_operators.py took 0.081 seconds
[2026-05-09T19:38:30.377+0000] {processor.py:161} INFO - Started process (PID=5455) to work on /home/airflow/.local/lib/python3.12/site-packages/airflow/example_dags/example_dynamic_task_mapping_with_no_taskflow_operators.py
[2026-05-09T19:38:30.379+0000] {processor.py:830} INFO - Processing file /home/airflow/.local/lib/python3.12/site-packages/airflow/example_dags/example_dynamic_task_mapping_with_no_taskflow_operators.py for tasks to queue
[2026-05-09T19:38:30.380+0000] {logging_mixin.py:188} INFO - [2026-05-09T19:38:30.380+0000] {dagbag.py:545} INFO - Filling up the DagBag from /home/airflow/.local/lib/python3.12/site-packages/airflow/example_dags/example_dynamic_task_mapping_with_no_taskflow_operators.py
[2026-05-09T19:38:30.386+0000] {processor.py:840} INFO - DAG(s) 'example_dynamic_task_mapping_with_no_taskflow_operators' retrieved from /home/airflow/.local/lib/python3.12/site-packages/airflow/example_dags/example_dynamic_task_mapping_with_no_taskflow_operators.py
[2026-05-09T19:38:30.407+0000] {logging_mixin.py:188} INFO - [2026-05-09T19:38:30.407+0000] {dag.py:3096} INFO - Sync 1 DAGs
[2026-05-09T19:38:30.429+0000] {logging_mixin.py:188} INFO - [2026-05-09T19:38:30.429+0000] {dag.py:3954} INFO - Setting next_dagrun for example_dynamic_task_mapping_with_no_taskflow_operators to 2026-05-08 00:00:00+00:00, run_after=2026-05-09 00:00:00+00:00
[2026-05-09T19:38:30.452+0000] {processor.py:183} INFO - Processing /home/airflow/.local/lib/python3.12/site-packages/airflow/example_dags/example_dynamic_task_mapping_with_no_taskflow_operators.py took 0.080 seconds
[2026-05-09T19:39:01.132+0000] {processor.py:161} INFO - Started process (PID=5514) to work on /home/airflow/.local/lib/python3.12/site-packages/airflow/example_dags/example_dynamic_task_mapping_with_no_taskflow_operators.py
[2026-05-09T19:39:01.133+0000] {processor.py:830} INFO - Processing file /home/airflow/.local/lib/python3.12/site-packages/airflow/example_dags/example_dynamic_task_mapping_with_no_taskflow_operators.py for tasks to queue
[2026-05-09T19:39:01.135+0000] {logging_mixin.py:188} INFO - [2026-05-09T19:39:01.134+0000] {dagbag.py:545} INFO - Filling up the DagBag from /home/airflow/.local/lib/python3.12/site-packages/airflow/example_dags/example_dynamic_task_mapping_with_no_taskflow_operators.py
[2026-05-09T19:39:01.141+0000] {processor.py:840} INFO - DAG(s) 'example_dynamic_task_mapping_with_no_taskflow_operators' retrieved from /home/airflow/.local/lib/python3.12/site-packages/airflow/example_dags/example_dynamic_task_mapping_with_no_taskflow_operators.py
[2026-05-09T19:39:01.160+0000] {logging_mixin.py:188} INFO - [2026-05-09T19:39:01.160+0000] {dag.py:3096} INFO - Sync 1 DAGs
[2026-05-09T19:39:01.181+0000] {logging_mixin.py:188} INFO - [2026-05-09T19:39:01.180+0000] {dag.py:3954} INFO - Setting next_dagrun for example_dynamic_task_mapping_with_no_taskflow_operators to 2026-05-08 00:00:00+00:00, run_after=2026-05-09 00:00:00+00:00
[2026-05-09T19:39:01.202+0000] {processor.py:183} INFO - Processing /home/airflow/.local/lib/python3.12/site-packages/airflow/example_dags/example_dynamic_task_mapping_with_no_taskflow_operators.py took 0.076 seconds
[2026-05-09T19:39:31.879+0000] {processor.py:161} INFO - Started process (PID=5573) to work on /home/airflow/.local/lib/python3.12/site-packages/airflow/example_dags/example_dynamic_task_mapping_with_no_taskflow_operators.py
[2026-05-09T19:39:31.880+0000] {processor.py:830} INFO - Processing file /home/airflow/.local/lib/python3.12/site-packages/airflow/example_dags/example_dynamic_task_mapping_with_no_taskflow_operators.py for tasks to queue
[2026-05-09T19:39:31.883+0000] {logging_mixin.py:188} INFO - [2026-05-09T19:39:31.882+0000] {dagbag.py:545} INFO - Filling up the DagBag from /home/airflow/.local/lib/python3.12/site-packages/airflow/example_dags/example_dynamic_task_mapping_with_no_taskflow_operators.py
[2026-05-09T19:39:31.888+0000] {processor.py:840} INFO - DAG(s) 'example_dynamic_task_mapping_with_no_taskflow_operators' retrieved from /home/airflow/.local/lib/python3.12/site-packages/airflow/example_dags/example_dynamic_task_mapping_with_no_taskflow_operators.py
[2026-05-09T19:39:31.907+0000] {logging_mixin.py:188} INFO - [2026-05-09T19:39:31.907+0000] {dag.py:3096} INFO - Sync 1 DAGs
[2026-05-09T19:39:31.931+0000] {logging_mixin.py:188} INFO - [2026-05-09T19:39:31.930+0000] {dag.py:3954} INFO - Setting next_dagrun for example_dynamic_task_mapping_with_no_taskflow_operators to 2026-05-08 00:00:00+00:00, run_after=2026-05-09 00:00:00+00:00
[2026-05-09T19:39:31.956+0000] {processor.py:183} INFO - Processing /home/airflow/.local/lib/python3.12/site-packages/airflow/example_dags/example_dynamic_task_mapping_with_no_taskflow_operators.py took 0.082 seconds
[2026-05-09T19:40:03.748+0000] {processor.py:161} INFO - Started process (PID=5632) to work on /home/airflow/.local/lib/python3.12/site-packages/airflow/example_dags/example_dynamic_task_mapping_with_no_taskflow_operators.py
[2026-05-09T19:40:03.749+0000] {processor.py:830} INFO - Processing file /home/airflow/.local/lib/python3.12/site-packages/airflow/example_dags/example_dynamic_task_mapping_with_no_taskflow_operators.py for tasks to queue
[2026-05-09T19:40:03.751+0000] {logging_mixin.py:188} INFO - [2026-05-09T19:40:03.751+0000] {dagbag.py:545} INFO - Filling up the DagBag from /home/airflow/.local/lib/python3.12/site-packages/airflow/example_dags/example_dynamic_task_mapping_with_no_taskflow_operators.py
[2026-05-09T19:40:03.759+0000] {processor.py:840} INFO - DAG(s) 'example_dynamic_task_mapping_with_no_taskflow_operators' retrieved from /home/airflow/.local/lib/python3.12/site-packages/airflow/example_dags/example_dynamic_task_mapping_with_no_taskflow_operators.py
[2026-05-09T19:40:03.780+0000] {logging_mixin.py:188} INFO - [2026-05-09T19:40:03.779+0000] {dag.py:3096} INFO - Sync 1 DAGs
[2026-05-09T19:40:03.802+0000] {logging_mixin.py:188} INFO - [2026-05-09T19:40:03.802+0000] {dag.py:3954} INFO - Setting next_dagrun for example_dynamic_task_mapping_with_no_taskflow_operators to 2026-05-08 00:00:00+00:00, run_after=2026-05-09 00:00:00+00:00
[2026-05-09T19:40:03.822+0000] {processor.py:183} INFO - Processing /home/airflow/.local/lib/python3.12/site-packages/airflow/example_dags/example_dynamic_task_mapping_with_no_taskflow_operators.py took 0.080 seconds
[2026-05-09T19:40:34.636+0000] {processor.py:161} INFO - Started process (PID=5691) to work on /home/airflow/.local/lib/python3.12/site-packages/airflow/example_dags/example_dynamic_task_mapping_with_no_taskflow_operators.py
[2026-05-09T19:40:34.637+0000] {processor.py:830} INFO - Processing file /home/airflow/.local/lib/python3.12/site-packages/airflow/example_dags/example_dynamic_task_mapping_with_no_taskflow_operators.py for tasks to queue
[2026-05-09T19:40:34.640+0000] {logging_mixin.py:188} INFO - [2026-05-09T19:40:34.640+0000] {dagbag.py:545} INFO - Filling up the DagBag from /home/airflow/.local/lib/python3.12/site-packages/airflow/example_dags/example_dynamic_task_mapping_with_no_taskflow_operators.py
[2026-05-09T19:40:34.648+0000] {processor.py:840} INFO - DAG(s) 'example_dynamic_task_mapping_with_no_taskflow_operators' retrieved from /home/airflow/.local/lib/python3.12/site-packages/airflow/example_dags/example_dynamic_task_mapping_with_no_taskflow_operators.py
[2026-05-09T19:40:34.670+0000] {logging_mixin.py:188} INFO - [2026-05-09T19:40:34.670+0000] {dag.py:3096} INFO - Sync 1 DAGs
[2026-05-09T19:40:34.694+0000] {logging_mixin.py:188} INFO - [2026-05-09T19:40:34.694+0000] {dag.py:3954} INFO - Setting next_dagrun for example_dynamic_task_mapping_with_no_taskflow_operators to 2026-05-08 00:00:00+00:00, run_after=2026-05-09 00:00:00+00:00
[2026-05-09T19:40:34.850+0000] {processor.py:183} INFO - Processing /home/airflow/.local/lib/python3.12/site-packages/airflow/example_dags/example_dynamic_task_mapping_with_no_taskflow_operators.py took 0.220 seconds
[2026-05-09T19:41:04.916+0000] {processor.py:161} INFO - Started process (PID=5750) to work on /home/airflow/.local/lib/python3.12/site-packages/airflow/example_dags/example_dynamic_task_mapping_with_no_taskflow_operators.py
[2026-05-09T19:41:04.918+0000] {processor.py:830} INFO - Processing file /home/airflow/.local/lib/python3.12/site-packages/airflow/example_dags/example_dynamic_task_mapping_with_no_taskflow_operators.py for tasks to queue
[2026-05-09T19:41:04.920+0000] {logging_mixin.py:188} INFO - [2026-05-09T19:41:04.919+0000] {dagbag.py:545} INFO - Filling up the DagBag from /home/airflow/.local/lib/python3.12/site-packages/airflow/example_dags/example_dynamic_task_mapping_with_no_taskflow_operators.py
[2026-05-09T19:41:04.925+0000] {processor.py:840} INFO - DAG(s) 'example_dynamic_task_mapping_with_no_taskflow_operators' retrieved from /home/airflow/.local/lib/python3.12/site-packages/airflow/example_dags/example_dynamic_task_mapping_with_no_taskflow_operators.py
[2026-05-09T19:41:04.945+0000] {logging_mixin.py:188} INFO - [2026-05-09T19:41:04.945+0000] {dag.py:3096} INFO - Sync 1 DAGs
[2026-05-09T19:41:04.966+0000] {logging_mixin.py:188} INFO - [2026-05-09T19:41:04.965+0000] {dag.py:3954} INFO - Setting next_dagrun for example_dynamic_task_mapping_with_no_taskflow_operators to 2026-05-08 00:00:00+00:00, run_after=2026-05-09 00:00:00+00:00
[2026-05-09T19:41:04.987+0000] {processor.py:183} INFO - Processing /home/airflow/.local/lib/python3.12/site-packages/airflow/example_dags/example_dynamic_task_mapping_with_no_taskflow_operators.py took 0.076 seconds
[2026-05-09T19:41:35.353+0000] {processor.py:161} INFO - Started process (PID=5809) to work on /home/airflow/.local/lib/python3.12/site-packages/airflow/example_dags/example_dynamic_task_mapping_with_no_taskflow_operators.py
[2026-05-09T19:41:35.355+0000] {processor.py:830} INFO - Processing file /home/airflow/.local/lib/python3.12/site-packages/airflow/example_dags/example_dynamic_task_mapping_with_no_taskflow_operators.py for tasks to queue
[2026-05-09T19:41:35.357+0000] {logging_mixin.py:188} INFO - [2026-05-09T19:41:35.356+0000] {dagbag.py:545} INFO - Filling up the DagBag from /home/airflow/.local/lib/python3.12/site-packages/airflow/example_dags/example_dynamic_task_mapping_with_no_taskflow_operators.py
[2026-05-09T19:41:35.363+0000] {processor.py:840} INFO - DAG(s) 'example_dynamic_task_mapping_with_no_taskflow_operators' retrieved from /home/airflow/.local/lib/python3.12/site-packages/airflow/example_dags/example_dynamic_task_mapping_with_no_taskflow_operators.py
[2026-05-09T19:41:35.384+0000] {logging_mixin.py:188} INFO - [2026-05-09T19:41:35.383+0000] {dag.py:3096} INFO - Sync 1 DAGs
[2026-05-09T19:41:35.406+0000] {logging_mixin.py:188} INFO - [2026-05-09T19:41:35.406+0000] {dag.py:3954} INFO - Setting next_dagrun for example_dynamic_task_mapping_with_no_taskflow_operators to 2026-05-08 00:00:00+00:00, run_after=2026-05-09 00:00:00+00:00
[2026-05-09T19:41:35.429+0000] {processor.py:183} INFO - Processing /home/airflow/.local/lib/python3.12/site-packages/airflow/example_dags/example_dynamic_task_mapping_with_no_taskflow_operators.py took 0.081 seconds
[2026-05-09T19:42:05.975+0000] {processor.py:161} INFO - Started process (PID=5868) to work on /home/airflow/.local/lib/python3.12/site-packages/airflow/example_dags/example_dynamic_task_mapping_with_no_taskflow_operators.py
[2026-05-09T19:42:05.977+0000] {processor.py:830} INFO - Processing file /home/airflow/.local/lib/python3.12/site-packages/airflow/example_dags/example_dynamic_task_mapping_with_no_taskflow_operators.py for tasks to queue
[2026-05-09T19:42:05.979+0000] {logging_mixin.py:188} INFO - [2026-05-09T19:42:05.978+0000] {dagbag.py:545} INFO - Filling up the DagBag from /home/airflow/.local/lib/python3.12/site-packages/airflow/example_dags/example_dynamic_task_mapping_with_no_taskflow_operators.py
[2026-05-09T19:42:05.988+0000] {processor.py:840} INFO - DAG(s) 'example_dynamic_task_mapping_with_no_taskflow_operators' retrieved from /home/airflow/.local/lib/python3.12/site-packages/airflow/example_dags/example_dynamic_task_mapping_with_no_taskflow_operators.py
[2026-05-09T19:42:06.013+0000] {logging_mixin.py:188} INFO - [2026-05-09T19:42:06.013+0000] {dag.py:3096} INFO - Sync 1 DAGs
[2026-05-09T19:42:06.037+0000] {logging_mixin.py:188} INFO - [2026-05-09T19:42:06.037+0000] {dag.py:3954} INFO - Setting next_dagrun for example_dynamic_task_mapping_with_no_taskflow_operators to 2026-05-08 00:00:00+00:00, run_after=2026-05-09 00:00:00+00:00
[2026-05-09T19:42:06.061+0000] {processor.py:183} INFO - Processing /home/airflow/.local/lib/python3.12/site-packages/airflow/example_dags/example_dynamic_task_mapping_with_no_taskflow_operators.py took 0.091 seconds
[2026-05-09T19:42:38.838+0000] {processor.py:161} INFO - Started process (PID=5927) to work on /home/airflow/.local/lib/python3.12/site-packages/airflow/example_dags/example_dynamic_task_mapping_with_no_taskflow_operators.py
[2026-05-09T19:42:38.839+0000] {processor.py:830} INFO - Processing file /home/airflow/.local/lib/python3.12/site-packages/airflow/example_dags/example_dynamic_task_mapping_with_no_taskflow_operators.py for tasks to queue
[2026-05-09T19:42:38.841+0000] {logging_mixin.py:188} INFO - [2026-05-09T19:42:38.841+0000] {dagbag.py:545} INFO - Filling up the DagBag from /home/airflow/.local/lib/python3.12/site-packages/airflow/example_dags/example_dynamic_task_mapping_with_no_taskflow_operators.py
[2026-05-09T19:42:38.849+0000] {processor.py:840} INFO - DAG(s) 'example_dynamic_task_mapping_with_no_taskflow_operators' retrieved from /home/airflow/.local/lib/python3.12/site-packages/airflow/example_dags/example_dynamic_task_mapping_with_no_taskflow_operators.py
[2026-05-09T19:42:38.874+0000] {logging_mixin.py:188} INFO - [2026-05-09T19:42:38.874+0000] {dag.py:3096} INFO - Sync 1 DAGs
[2026-05-09T19:42:38.902+0000] {logging_mixin.py:188} INFO - [2026-05-09T19:42:38.902+0000] {dag.py:3954} INFO - Setting next_dagrun for example_dynamic_task_mapping_with_no_taskflow_operators to 2026-05-08 00:00:00+00:00, run_after=2026-05-09 00:00:00+00:00
[2026-05-09T19:42:38.932+0000] {processor.py:183} INFO - Processing /home/airflow/.local/lib/python3.12/site-packages/airflow/example_dags/example_dynamic_task_mapping_with_no_taskflow_operators.py took 0.100 seconds
[2026-05-09T19:43:09.368+0000] {processor.py:161} INFO - Started process (PID=5986) to work on /home/airflow/.local/lib/python3.12/site-packages/airflow/example_dags/example_dynamic_task_mapping_with_no_taskflow_operators.py
[2026-05-09T19:43:09.370+0000] {processor.py:830} INFO - Processing file /home/airflow/.local/lib/python3.12/site-packages/airflow/example_dags/example_dynamic_task_mapping_with_no_taskflow_operators.py for tasks to queue
[2026-05-09T19:43:09.372+0000] {logging_mixin.py:188} INFO - [2026-05-09T19:43:09.372+0000] {dagbag.py:545} INFO - Filling up the DagBag from /home/airflow/.local/lib/python3.12/site-packages/airflow/example_dags/example_dynamic_task_mapping_with_no_taskflow_operators.py
[2026-05-09T19:43:09.380+0000] {processor.py:840} INFO - DAG(s) 'example_dynamic_task_mapping_with_no_taskflow_operators' retrieved from /home/airflow/.local/lib/python3.12/site-packages/airflow/example_dags/example_dynamic_task_mapping_with_no_taskflow_operators.py
[2026-05-09T19:43:09.402+0000] {logging_mixin.py:188} INFO - [2026-05-09T19:43:09.402+0000] {dag.py:3096} INFO - Sync 1 DAGs
[2026-05-09T19:43:09.426+0000] {logging_mixin.py:188} INFO - [2026-05-09T19:43:09.425+0000] {dag.py:3954} INFO - Setting next_dagrun for example_dynamic_task_mapping_with_no_taskflow_operators to 2026-05-08 00:00:00+00:00, run_after=2026-05-09 00:00:00+00:00
[2026-05-09T19:43:09.450+0000] {processor.py:183} INFO - Processing /home/airflow/.local/lib/python3.12/site-packages/airflow/example_dags/example_dynamic_task_mapping_with_no_taskflow_operators.py took 0.087 seconds
[2026-05-09T19:43:40.071+0000] {processor.py:161} INFO - Started process (PID=6046) to work on /home/airflow/.local/lib/python3.12/site-packages/airflow/example_dags/example_dynamic_task_mapping_with_no_taskflow_operators.py
[2026-05-09T19:43:40.072+0000] {processor.py:830} INFO - Processing file /home/airflow/.local/lib/python3.12/site-packages/airflow/example_dags/example_dynamic_task_mapping_with_no_taskflow_operators.py for tasks to queue
[2026-05-09T19:43:40.075+0000] {logging_mixin.py:188} INFO - [2026-05-09T19:43:40.074+0000] {dagbag.py:545} INFO - Filling up the DagBag from /home/airflow/.local/lib/python3.12/site-packages/airflow/example_dags/example_dynamic_task_mapping_with_no_taskflow_operators.py
[2026-05-09T19:43:40.083+0000] {processor.py:840} INFO - DAG(s) 'example_dynamic_task_mapping_with_no_taskflow_operators' retrieved from /home/airflow/.local/lib/python3.12/site-packages/airflow/example_dags/example_dynamic_task_mapping_with_no_taskflow_operators.py
[2026-05-09T19:43:40.108+0000] {logging_mixin.py:188} INFO - [2026-05-09T19:43:40.108+0000] {dag.py:3096} INFO - Sync 1 DAGs
[2026-05-09T19:43:40.137+0000] {logging_mixin.py:188} INFO - [2026-05-09T19:43:40.136+0000] {dag.py:3954} INFO - Setting next_dagrun for example_dynamic_task_mapping_with_no_taskflow_operators to 2026-05-08 00:00:00+00:00, run_after=2026-05-09 00:00:00+00:00
[2026-05-09T19:43:40.163+0000] {processor.py:183} INFO - Processing /home/airflow/.local/lib/python3.12/site-packages/airflow/example_dags/example_dynamic_task_mapping_with_no_taskflow_operators.py took 0.098 seconds
[2026-05-09T19:44:10.514+0000] {processor.py:161} INFO - Started process (PID=6105) to work on /home/airflow/.local/lib/python3.12/site-packages/airflow/example_dags/example_dynamic_task_mapping_with_no_taskflow_operators.py
[2026-05-09T19:44:10.515+0000] {processor.py:830} INFO - Processing file /home/airflow/.local/lib/python3.12/site-packages/airflow/example_dags/example_dynamic_task_mapping_with_no_taskflow_operators.py for tasks to queue
[2026-05-09T19:44:10.517+0000] {logging_mixin.py:188} INFO - [2026-05-09T19:44:10.517+0000] {dagbag.py:545} INFO - Filling up the DagBag from /home/airflow/.local/lib/python3.12/site-packages/airflow/example_dags/example_dynamic_task_mapping_with_no_taskflow_operators.py
[2026-05-09T19:44:10.523+0000] {processor.py:840} INFO - DAG(s) 'example_dynamic_task_mapping_with_no_taskflow_operators' retrieved from /home/airflow/.local/lib/python3.12/site-packages/airflow/example_dags/example_dynamic_task_mapping_with_no_taskflow_operators.py
[2026-05-09T19:44:10.544+0000] {logging_mixin.py:188} INFO - [2026-05-09T19:44:10.544+0000] {dag.py:3096} INFO - Sync 1 DAGs
[2026-05-09T19:44:10.565+0000] {logging_mixin.py:188} INFO - [2026-05-09T19:44:10.564+0000] {dag.py:3954} INFO - Setting next_dagrun for example_dynamic_task_mapping_with_no_taskflow_operators to 2026-05-08 00:00:00+00:00, run_after=2026-05-09 00:00:00+00:00
[2026-05-09T19:44:10.588+0000] {processor.py:183} INFO - Processing /home/airflow/.local/lib/python3.12/site-packages/airflow/example_dags/example_dynamic_task_mapping_with_no_taskflow_operators.py took 0.080 seconds
[2026-05-09T19:44:41.654+0000] {processor.py:161} INFO - Started process (PID=6164) to work on /home/airflow/.local/lib/python3.12/site-packages/airflow/example_dags/example_dynamic_task_mapping_with_no_taskflow_operators.py
[2026-05-09T19:44:41.655+0000] {processor.py:830} INFO - Processing file /home/airflow/.local/lib/python3.12/site-packages/airflow/example_dags/example_dynamic_task_mapping_with_no_taskflow_operators.py for tasks to queue
[2026-05-09T19:44:41.657+0000] {logging_mixin.py:188} INFO - [2026-05-09T19:44:41.657+0000] {dagbag.py:545} INFO - Filling up the DagBag from /home/airflow/.local/lib/python3.12/site-packages/airflow/example_dags/example_dynamic_task_mapping_with_no_taskflow_operators.py
[2026-05-09T19:44:41.665+0000] {processor.py:840} INFO - DAG(s) 'example_dynamic_task_mapping_with_no_taskflow_operators' retrieved from /home/airflow/.local/lib/python3.12/site-packages/airflow/example_dags/example_dynamic_task_mapping_with_no_taskflow_operators.py
[2026-05-09T19:44:41.701+0000] {logging_mixin.py:188} INFO - [2026-05-09T19:44:41.700+0000] {dag.py:3096} INFO - Sync 1 DAGs
[2026-05-09T19:44:41.737+0000] {logging_mixin.py:188} INFO - [2026-05-09T19:44:41.737+0000] {dag.py:3954} INFO - Setting next_dagrun for example_dynamic_task_mapping_with_no_taskflow_operators to 2026-05-08 00:00:00+00:00, run_after=2026-05-09 00:00:00+00:00
[2026-05-09T19:44:41.773+0000] {processor.py:183} INFO - Processing /home/airflow/.local/lib/python3.12/site-packages/airflow/example_dags/example_dynamic_task_mapping_with_no_taskflow_operators.py took 0.124 seconds
[2026-05-09T19:45:12.643+0000] {processor.py:161} INFO - Started process (PID=6224) to work on /home/airflow/.local/lib/python3.12/site-packages/airflow/example_dags/example_dynamic_task_mapping_with_no_taskflow_operators.py
[2026-05-09T19:45:12.644+0000] {processor.py:830} INFO - Processing file /home/airflow/.local/lib/python3.12/site-packages/airflow/example_dags/example_dynamic_task_mapping_with_no_taskflow_operators.py for tasks to queue
[2026-05-09T19:45:12.646+0000] {logging_mixin.py:188} INFO - [2026-05-09T19:45:12.645+0000] {dagbag.py:545} INFO - Filling up the DagBag from /home/airflow/.local/lib/python3.12/site-packages/airflow/example_dags/example_dynamic_task_mapping_with_no_taskflow_operators.py
[2026-05-09T19:45:12.653+0000] {processor.py:840} INFO - DAG(s) 'example_dynamic_task_mapping_with_no_taskflow_operators' retrieved from /home/airflow/.local/lib/python3.12/site-packages/airflow/example_dags/example_dynamic_task_mapping_with_no_taskflow_operators.py
[2026-05-09T19:45:12.677+0000] {logging_mixin.py:188} INFO - [2026-05-09T19:45:12.676+0000] {dag.py:3096} INFO - Sync 1 DAGs
[2026-05-09T19:45:12.699+0000] {logging_mixin.py:188} INFO - [2026-05-09T19:45:12.699+0000] {dag.py:3954} INFO - Setting next_dagrun for example_dynamic_task_mapping_with_no_taskflow_operators to 2026-05-08 00:00:00+00:00, run_after=2026-05-09 00:00:00+00:00
[2026-05-09T19:45:12.728+0000] {processor.py:183} INFO - Processing /home/airflow/.local/lib/python3.12/site-packages/airflow/example_dags/example_dynamic_task_mapping_with_no_taskflow_operators.py took 0.091 seconds
[2026-05-09T19:45:43.436+0000] {processor.py:161} INFO - Started process (PID=6283) to work on /home/airflow/.local/lib/python3.12/site-packages/airflow/example_dags/example_dynamic_task_mapping_with_no_taskflow_operators.py
[2026-05-09T19:45:43.437+0000] {processor.py:830} INFO - Processing file /home/airflow/.local/lib/python3.12/site-packages/airflow/example_dags/example_dynamic_task_mapping_with_no_taskflow_operators.py for tasks to queue
[2026-05-09T19:45:43.440+0000] {logging_mixin.py:188} INFO - [2026-05-09T19:45:43.440+0000] {dagbag.py:545} INFO - Filling up the DagBag from /home/airflow/.local/lib/python3.12/site-packages/airflow/example_dags/example_dynamic_task_mapping_with_no_taskflow_operators.py
[2026-05-09T19:45:43.449+0000] {processor.py:840} INFO - DAG(s) 'example_dynamic_task_mapping_with_no_taskflow_operators' retrieved from /home/airflow/.local/lib/python3.12/site-packages/airflow/example_dags/example_dynamic_task_mapping_with_no_taskflow_operators.py
[2026-05-09T19:45:43.473+0000] {logging_mixin.py:188} INFO - [2026-05-09T19:45:43.473+0000] {dag.py:3096} INFO - Sync 1 DAGs
[2026-05-09T19:45:43.497+0000] {logging_mixin.py:188} INFO - [2026-05-09T19:45:43.497+0000] {dag.py:3954} INFO - Setting next_dagrun for example_dynamic_task_mapping_with_no_taskflow_operators to 2026-05-08 00:00:00+00:00, run_after=2026-05-09 00:00:00+00:00
[2026-05-09T19:45:43.520+0000] {processor.py:183} INFO - Processing /home/airflow/.local/lib/python3.12/site-packages/airflow/example_dags/example_dynamic_task_mapping_with_no_taskflow_operators.py took 0.094 seconds
[2026-05-09T19:46:14.059+0000] {processor.py:161} INFO - Started process (PID=6342) to work on /home/airflow/.local/lib/python3.12/site-packages/airflow/example_dags/example_dynamic_task_mapping_with_no_taskflow_operators.py
[2026-05-09T19:46:14.060+0000] {processor.py:830} INFO - Processing file /home/airflow/.local/lib/python3.12/site-packages/airflow/example_dags/example_dynamic_task_mapping_with_no_taskflow_operators.py for tasks to queue
[2026-05-09T19:46:14.062+0000] {logging_mixin.py:188} INFO - [2026-05-09T19:46:14.062+0000] {dagbag.py:545} INFO - Filling up the DagBag from /home/airflow/.local/lib/python3.12/site-packages/airflow/example_dags/example_dynamic_task_mapping_with_no_taskflow_operators.py
[2026-05-09T19:46:14.069+0000] {processor.py:840} INFO - DAG(s) 'example_dynamic_task_mapping_with_no_taskflow_operators' retrieved from /home/airflow/.local/lib/python3.12/site-packages/airflow/example_dags/example_dynamic_task_mapping_with_no_taskflow_operators.py
[2026-05-09T19:46:14.090+0000] {logging_mixin.py:188} INFO - [2026-05-09T19:46:14.089+0000] {dag.py:3096} INFO - Sync 1 DAGs
[2026-05-09T19:46:14.112+0000] {logging_mixin.py:188} INFO - [2026-05-09T19:46:14.112+0000] {dag.py:3954} INFO - Setting next_dagrun for example_dynamic_task_mapping_with_no_taskflow_operators to 2026-05-08 00:00:00+00:00, run_after=2026-05-09 00:00:00+00:00
[2026-05-09T19:46:14.138+0000] {processor.py:183} INFO - Processing /home/airflow/.local/lib/python3.12/site-packages/airflow/example_dags/example_dynamic_task_mapping_with_no_taskflow_operators.py took 0.085 seconds
[2026-05-09T19:46:44.489+0000] {processor.py:161} INFO - Started process (PID=6401) to work on /home/airflow/.local/lib/python3.12/site-packages/airflow/example_dags/example_dynamic_task_mapping_with_no_taskflow_operators.py
[2026-05-09T19:46:44.491+0000] {processor.py:830} INFO - Processing file /home/airflow/.local/lib/python3.12/site-packages/airflow/example_dags/example_dynamic_task_mapping_with_no_taskflow_operators.py for tasks to queue
[2026-05-09T19:46:44.493+0000] {logging_mixin.py:188} INFO - [2026-05-09T19:46:44.493+0000] {dagbag.py:545} INFO - Filling up the DagBag from /home/airflow/.local/lib/python3.12/site-packages/airflow/example_dags/example_dynamic_task_mapping_with_no_taskflow_operators.py
[2026-05-09T19:46:44.500+0000] {processor.py:840} INFO - DAG(s) 'example_dynamic_task_mapping_with_no_taskflow_operators' retrieved from /home/airflow/.local/lib/python3.12/site-packages/airflow/example_dags/example_dynamic_task_mapping_with_no_taskflow_operators.py
[2026-05-09T19:46:44.521+0000] {logging_mixin.py:188} INFO - [2026-05-09T19:46:44.520+0000] {dag.py:3096} INFO - Sync 1 DAGs
[2026-05-09T19:46:44.546+0000] {logging_mixin.py:188} INFO - [2026-05-09T19:46:44.546+0000] {dag.py:3954} INFO - Setting next_dagrun for example_dynamic_task_mapping_with_no_taskflow_operators to 2026-05-08 00:00:00+00:00, run_after=2026-05-09 00:00:00+00:00
[2026-05-09T19:46:44.573+0000] {processor.py:183} INFO - Processing /home/airflow/.local/lib/python3.12/site-packages/airflow/example_dags/example_dynamic_task_mapping_with_no_taskflow_operators.py took 0.090 seconds
[2026-05-09T19:47:15.157+0000] {processor.py:161} INFO - Started process (PID=6460) to work on /home/airflow/.local/lib/python3.12/site-packages/airflow/example_dags/example_dynamic_task_mapping_with_no_taskflow_operators.py
[2026-05-09T19:47:15.158+0000] {processor.py:830} INFO - Processing file /home/airflow/.local/lib/python3.12/site-packages/airflow/example_dags/example_dynamic_task_mapping_with_no_taskflow_operators.py for tasks to queue
[2026-05-09T19:47:15.160+0000] {logging_mixin.py:188} INFO - [2026-05-09T19:47:15.160+0000] {dagbag.py:545} INFO - Filling up the DagBag from /home/airflow/.local/lib/python3.12/site-packages/airflow/example_dags/example_dynamic_task_mapping_with_no_taskflow_operators.py
[2026-05-09T19:47:15.166+0000] {processor.py:840} INFO - DAG(s) 'example_dynamic_task_mapping_with_no_taskflow_operators' retrieved from /home/airflow/.local/lib/python3.12/site-packages/airflow/example_dags/example_dynamic_task_mapping_with_no_taskflow_operators.py
[2026-05-09T19:47:15.187+0000] {logging_mixin.py:188} INFO - [2026-05-09T19:47:15.187+0000] {dag.py:3096} INFO - Sync 1 DAGs
[2026-05-09T19:47:15.211+0000] {logging_mixin.py:188} INFO - [2026-05-09T19:47:15.211+0000] {dag.py:3954} INFO - Setting next_dagrun for example_dynamic_task_mapping_with_no_taskflow_operators to 2026-05-08 00:00:00+00:00, run_after=2026-05-09 00:00:00+00:00
[2026-05-09T19:47:15.233+0000] {processor.py:183} INFO - Processing /home/airflow/.local/lib/python3.12/site-packages/airflow/example_dags/example_dynamic_task_mapping_with_no_taskflow_operators.py took 0.082 seconds
[2026-05-09T19:47:45.564+0000] {processor.py:161} INFO - Started process (PID=6519) to work on /home/airflow/.local/lib/python3.12/site-packages/airflow/example_dags/example_dynamic_task_mapping_with_no_taskflow_operators.py
[2026-05-09T19:47:45.565+0000] {processor.py:830} INFO - Processing file /home/airflow/.local/lib/python3.12/site-packages/airflow/example_dags/example_dynamic_task_mapping_with_no_taskflow_operators.py for tasks to queue
[2026-05-09T19:47:45.568+0000] {logging_mixin.py:188} INFO - [2026-05-09T19:47:45.567+0000] {dagbag.py:545} INFO - Filling up the DagBag from /home/airflow/.local/lib/python3.12/site-packages/airflow/example_dags/example_dynamic_task_mapping_with_no_taskflow_operators.py
[2026-05-09T19:47:45.574+0000] {processor.py:840} INFO - DAG(s) 'example_dynamic_task_mapping_with_no_taskflow_operators' retrieved from /home/airflow/.local/lib/python3.12/site-packages/airflow/example_dags/example_dynamic_task_mapping_with_no_taskflow_operators.py
[2026-05-09T19:47:45.601+0000] {logging_mixin.py:188} INFO - [2026-05-09T19:47:45.600+0000] {dag.py:3096} INFO - Sync 1 DAGs
[2026-05-09T19:47:45.627+0000] {logging_mixin.py:188} INFO - [2026-05-09T19:47:45.626+0000] {dag.py:3954} INFO - Setting next_dagrun for example_dynamic_task_mapping_with_no_taskflow_operators to 2026-05-08 00:00:00+00:00, run_after=2026-05-09 00:00:00+00:00
[2026-05-09T19:47:45.654+0000] {processor.py:183} INFO - Processing /home/airflow/.local/lib/python3.12/site-packages/airflow/example_dags/example_dynamic_task_mapping_with_no_taskflow_operators.py took 0.095 seconds
[2026-05-09T19:48:15.992+0000] {processor.py:161} INFO - Started process (PID=6578) to work on /home/airflow/.local/lib/python3.12/site-packages/airflow/example_dags/example_dynamic_task_mapping_with_no_taskflow_operators.py
[2026-05-09T19:48:15.993+0000] {processor.py:830} INFO - Processing file /home/airflow/.local/lib/python3.12/site-packages/airflow/example_dags/example_dynamic_task_mapping_with_no_taskflow_operators.py for tasks to queue
[2026-05-09T19:48:15.995+0000] {logging_mixin.py:188} INFO - [2026-05-09T19:48:15.994+0000] {dagbag.py:545} INFO - Filling up the DagBag from /home/airflow/.local/lib/python3.12/site-packages/airflow/example_dags/example_dynamic_task_mapping_with_no_taskflow_operators.py
[2026-05-09T19:48:16.001+0000] {processor.py:840} INFO - DAG(s) 'example_dynamic_task_mapping_with_no_taskflow_operators' retrieved from /home/airflow/.local/lib/python3.12/site-packages/airflow/example_dags/example_dynamic_task_mapping_with_no_taskflow_operators.py
[2026-05-09T19:48:16.022+0000] {logging_mixin.py:188} INFO - [2026-05-09T19:48:16.022+0000] {dag.py:3096} INFO - Sync 1 DAGs
[2026-05-09T19:48:16.047+0000] {logging_mixin.py:188} INFO - [2026-05-09T19:48:16.047+0000] {dag.py:3954} INFO - Setting next_dagrun for example_dynamic_task_mapping_with_no_taskflow_operators to 2026-05-08 00:00:00+00:00, run_after=2026-05-09 00:00:00+00:00
[2026-05-09T19:48:16.071+0000] {processor.py:183} INFO - Processing /home/airflow/.local/lib/python3.12/site-packages/airflow/example_dags/example_dynamic_task_mapping_with_no_taskflow_operators.py took 0.086 seconds
[2026-05-09T19:48:46.812+0000] {processor.py:161} INFO - Started process (PID=6637) to work on /home/airflow/.local/lib/python3.12/site-packages/airflow/example_dags/example_dynamic_task_mapping_with_no_taskflow_operators.py
[2026-05-09T19:48:46.813+0000] {processor.py:830} INFO - Processing file /home/airflow/.local/lib/python3.12/site-packages/airflow/example_dags/example_dynamic_task_mapping_with_no_taskflow_operators.py for tasks to queue
[2026-05-09T19:48:46.815+0000] {logging_mixin.py:188} INFO - [2026-05-09T19:48:46.815+0000] {dagbag.py:545} INFO - Filling up the DagBag from /home/airflow/.local/lib/python3.12/site-packages/airflow/example_dags/example_dynamic_task_mapping_with_no_taskflow_operators.py
[2026-05-09T19:48:46.821+0000] {processor.py:840} INFO - DAG(s) 'example_dynamic_task_mapping_with_no_taskflow_operators' retrieved from /home/airflow/.local/lib/python3.12/site-packages/airflow/example_dags/example_dynamic_task_mapping_with_no_taskflow_operators.py
[2026-05-09T19:48:46.840+0000] {logging_mixin.py:188} INFO - [2026-05-09T19:48:46.840+0000] {dag.py:3096} INFO - Sync 1 DAGs
[2026-05-09T19:48:46.863+0000] {logging_mixin.py:188} INFO - [2026-05-09T19:48:46.863+0000] {dag.py:3954} INFO - Setting next_dagrun for example_dynamic_task_mapping_with_no_taskflow_operators to 2026-05-08 00:00:00+00:00, run_after=2026-05-09 00:00:00+00:00
[2026-05-09T19:48:46.884+0000] {processor.py:183} INFO - Processing /home/airflow/.local/lib/python3.12/site-packages/airflow/example_dags/example_dynamic_task_mapping_with_no_taskflow_operators.py took 0.077 seconds
[2026-05-09T19:49:18.650+0000] {processor.py:161} INFO - Started process (PID=6697) to work on /home/airflow/.local/lib/python3.12/site-packages/airflow/example_dags/example_dynamic_task_mapping_with_no_taskflow_operators.py
[2026-05-09T19:49:18.651+0000] {processor.py:830} INFO - Processing file /home/airflow/.local/lib/python3.12/site-packages/airflow/example_dags/example_dynamic_task_mapping_with_no_taskflow_operators.py for tasks to queue
[2026-05-09T19:49:18.653+0000] {logging_mixin.py:188} INFO - [2026-05-09T19:49:18.653+0000] {dagbag.py:545} INFO - Filling up the DagBag from /home/airflow/.local/lib/python3.12/site-packages/airflow/example_dags/example_dynamic_task_mapping_with_no_taskflow_operators.py
[2026-05-09T19:49:18.659+0000] {processor.py:840} INFO - DAG(s) 'example_dynamic_task_mapping_with_no_taskflow_operators' retrieved from /home/airflow/.local/lib/python3.12/site-packages/airflow/example_dags/example_dynamic_task_mapping_with_no_taskflow_operators.py
[2026-05-09T19:49:18.681+0000] {logging_mixin.py:188} INFO - [2026-05-09T19:49:18.681+0000] {dag.py:3096} INFO - Sync 1 DAGs
[2026-05-09T19:49:18.703+0000] {logging_mixin.py:188} INFO - [2026-05-09T19:49:18.702+0000] {dag.py:3954} INFO - Setting next_dagrun for example_dynamic_task_mapping_with_no_taskflow_operators to 2026-05-08 00:00:00+00:00, run_after=2026-05-09 00:00:00+00:00
[2026-05-09T19:49:18.727+0000] {processor.py:183} INFO - Processing /home/airflow/.local/lib/python3.12/site-packages/airflow/example_dags/example_dynamic_task_mapping_with_no_taskflow_operators.py took 0.083 seconds
[2026-05-09T19:49:48.942+0000] {processor.py:161} INFO - Started process (PID=6756) to work on /home/airflow/.local/lib/python3.12/site-packages/airflow/example_dags/example_dynamic_task_mapping_with_no_taskflow_operators.py
[2026-05-09T19:49:48.944+0000] {processor.py:830} INFO - Processing file /home/airflow/.local/lib/python3.12/site-packages/airflow/example_dags/example_dynamic_task_mapping_with_no_taskflow_operators.py for tasks to queue
[2026-05-09T19:49:48.946+0000] {logging_mixin.py:188} INFO - [2026-05-09T19:49:48.945+0000] {dagbag.py:545} INFO - Filling up the DagBag from /home/airflow/.local/lib/python3.12/site-packages/airflow/example_dags/example_dynamic_task_mapping_with_no_taskflow_operators.py
[2026-05-09T19:49:48.953+0000] {processor.py:840} INFO - DAG(s) 'example_dynamic_task_mapping_with_no_taskflow_operators' retrieved from /home/airflow/.local/lib/python3.12/site-packages/airflow/example_dags/example_dynamic_task_mapping_with_no_taskflow_operators.py
[2026-05-09T19:49:48.974+0000] {logging_mixin.py:188} INFO - [2026-05-09T19:49:48.974+0000] {dag.py:3096} INFO - Sync 1 DAGs
[2026-05-09T19:49:48.997+0000] {logging_mixin.py:188} INFO - [2026-05-09T19:49:48.997+0000] {dag.py:3954} INFO - Setting next_dagrun for example_dynamic_task_mapping_with_no_taskflow_operators to 2026-05-08 00:00:00+00:00, run_after=2026-05-09 00:00:00+00:00
[2026-05-09T19:49:49.027+0000] {processor.py:183} INFO - Processing /home/airflow/.local/lib/python3.12/site-packages/airflow/example_dags/example_dynamic_task_mapping_with_no_taskflow_operators.py took 0.091 seconds
[2026-05-09T19:50:19.490+0000] {processor.py:161} INFO - Started process (PID=6816) to work on /home/airflow/.local/lib/python3.12/site-packages/airflow/example_dags/example_dynamic_task_mapping_with_no_taskflow_operators.py
[2026-05-09T19:50:19.491+0000] {processor.py:830} INFO - Processing file /home/airflow/.local/lib/python3.12/site-packages/airflow/example_dags/example_dynamic_task_mapping_with_no_taskflow_operators.py for tasks to queue
[2026-05-09T19:50:19.494+0000] {logging_mixin.py:188} INFO - [2026-05-09T19:50:19.494+0000] {dagbag.py:545} INFO - Filling up the DagBag from /home/airflow/.local/lib/python3.12/site-packages/airflow/example_dags/example_dynamic_task_mapping_with_no_taskflow_operators.py
[2026-05-09T19:50:19.501+0000] {processor.py:840} INFO - DAG(s) 'example_dynamic_task_mapping_with_no_taskflow_operators' retrieved from /home/airflow/.local/lib/python3.12/site-packages/airflow/example_dags/example_dynamic_task_mapping_with_no_taskflow_operators.py
[2026-05-09T19:50:19.525+0000] {logging_mixin.py:188} INFO - [2026-05-09T19:50:19.524+0000] {dag.py:3096} INFO - Sync 1 DAGs
[2026-05-09T19:50:19.551+0000] {logging_mixin.py:188} INFO - [2026-05-09T19:50:19.551+0000] {dag.py:3954} INFO - Setting next_dagrun for example_dynamic_task_mapping_with_no_taskflow_operators to 2026-05-08 00:00:00+00:00, run_after=2026-05-09 00:00:00+00:00
[2026-05-09T19:50:19.574+0000] {processor.py:183} INFO - Processing /home/airflow/.local/lib/python3.12/site-packages/airflow/example_dags/example_dynamic_task_mapping_with_no_taskflow_operators.py took 0.089 seconds
[2026-05-09T19:50:50.946+0000] {processor.py:161} INFO - Started process (PID=6875) to work on /home/airflow/.local/lib/python3.12/site-packages/airflow/example_dags/example_dynamic_task_mapping_with_no_taskflow_operators.py
[2026-05-09T19:50:50.947+0000] {processor.py:830} INFO - Processing file /home/airflow/.local/lib/python3.12/site-packages/airflow/example_dags/example_dynamic_task_mapping_with_no_taskflow_operators.py for tasks to queue
[2026-05-09T19:50:50.949+0000] {logging_mixin.py:188} INFO - [2026-05-09T19:50:50.949+0000] {dagbag.py:545} INFO - Filling up the DagBag from /home/airflow/.local/lib/python3.12/site-packages/airflow/example_dags/example_dynamic_task_mapping_with_no_taskflow_operators.py
[2026-05-09T19:50:50.955+0000] {processor.py:840} INFO - DAG(s) 'example_dynamic_task_mapping_with_no_taskflow_operators' retrieved from /home/airflow/.local/lib/python3.12/site-packages/airflow/example_dags/example_dynamic_task_mapping_with_no_taskflow_operators.py
[2026-05-09T19:50:50.978+0000] {logging_mixin.py:188} INFO - [2026-05-09T19:50:50.977+0000] {dag.py:3096} INFO - Sync 1 DAGs
[2026-05-09T19:50:51.001+0000] {logging_mixin.py:188} INFO - [2026-05-09T19:50:51.001+0000] {dag.py:3954} INFO - Setting next_dagrun for example_dynamic_task_mapping_with_no_taskflow_operators to 2026-05-08 00:00:00+00:00, run_after=2026-05-09 00:00:00+00:00
[2026-05-09T19:50:51.028+0000] {processor.py:183} INFO - Processing /home/airflow/.local/lib/python3.12/site-packages/airflow/example_dags/example_dynamic_task_mapping_with_no_taskflow_operators.py took 0.088 seconds
[2026-05-09T19:51:22.149+0000] {processor.py:161} INFO - Started process (PID=6934) to work on /home/airflow/.local/lib/python3.12/site-packages/airflow/example_dags/example_dynamic_task_mapping_with_no_taskflow_operators.py
[2026-05-09T19:51:22.151+0000] {processor.py:830} INFO - Processing file /home/airflow/.local/lib/python3.12/site-packages/airflow/example_dags/example_dynamic_task_mapping_with_no_taskflow_operators.py for tasks to queue
[2026-05-09T19:51:22.154+0000] {logging_mixin.py:188} INFO - [2026-05-09T19:51:22.153+0000] {dagbag.py:545} INFO - Filling up the DagBag from /home/airflow/.local/lib/python3.12/site-packages/airflow/example_dags/example_dynamic_task_mapping_with_no_taskflow_operators.py
[2026-05-09T19:51:22.164+0000] {processor.py:840} INFO - DAG(s) 'example_dynamic_task_mapping_with_no_taskflow_operators' retrieved from /home/airflow/.local/lib/python3.12/site-packages/airflow/example_dags/example_dynamic_task_mapping_with_no_taskflow_operators.py
[2026-05-09T19:51:22.199+0000] {logging_mixin.py:188} INFO - [2026-05-09T19:51:22.198+0000] {dag.py:3096} INFO - Sync 1 DAGs
[2026-05-09T19:51:22.233+0000] {logging_mixin.py:188} INFO - [2026-05-09T19:51:22.233+0000] {dag.py:3954} INFO - Setting next_dagrun for example_dynamic_task_mapping_with_no_taskflow_operators to 2026-05-08 00:00:00+00:00, run_after=2026-05-09 00:00:00+00:00
[2026-05-09T19:51:22.270+0000] {processor.py:183} INFO - Processing /home/airflow/.local/lib/python3.12/site-packages/airflow/example_dags/example_dynamic_task_mapping_with_no_taskflow_operators.py took 0.127 seconds
[2026-05-09T19:51:52.465+0000] {processor.py:161} INFO - Started process (PID=6993) to work on /home/airflow/.local/lib/python3.12/site-packages/airflow/example_dags/example_dynamic_task_mapping_with_no_taskflow_operators.py
[2026-05-09T19:51:52.466+0000] {processor.py:830} INFO - Processing file /home/airflow/.local/lib/python3.12/site-packages/airflow/example_dags/example_dynamic_task_mapping_with_no_taskflow_operators.py for tasks to queue
[2026-05-09T19:51:52.468+0000] {logging_mixin.py:188} INFO - [2026-05-09T19:51:52.468+0000] {dagbag.py:545} INFO - Filling up the DagBag from /home/airflow/.local/lib/python3.12/site-packages/airflow/example_dags/example_dynamic_task_mapping_with_no_taskflow_operators.py
[2026-05-09T19:51:52.475+0000] {processor.py:840} INFO - DAG(s) 'example_dynamic_task_mapping_with_no_taskflow_operators' retrieved from /home/airflow/.local/lib/python3.12/site-packages/airflow/example_dags/example_dynamic_task_mapping_with_no_taskflow_operators.py
[2026-05-09T19:51:52.495+0000] {logging_mixin.py:188} INFO - [2026-05-09T19:51:52.495+0000] {dag.py:3096} INFO - Sync 1 DAGs
[2026-05-09T19:51:52.520+0000] {logging_mixin.py:188} INFO - [2026-05-09T19:51:52.520+0000] {dag.py:3954} INFO - Setting next_dagrun for example_dynamic_task_mapping_with_no_taskflow_operators to 2026-05-08 00:00:00+00:00, run_after=2026-05-09 00:00:00+00:00
[2026-05-09T19:51:52.546+0000] {processor.py:183} INFO - Processing /home/airflow/.local/lib/python3.12/site-packages/airflow/example_dags/example_dynamic_task_mapping_with_no_taskflow_operators.py took 0.087 seconds
[2026-05-09T19:52:22.957+0000] {processor.py:161} INFO - Started process (PID=7052) to work on /home/airflow/.local/lib/python3.12/site-packages/airflow/example_dags/example_dynamic_task_mapping_with_no_taskflow_operators.py
[2026-05-09T19:52:22.958+0000] {processor.py:830} INFO - Processing file /home/airflow/.local/lib/python3.12/site-packages/airflow/example_dags/example_dynamic_task_mapping_with_no_taskflow_operators.py for tasks to queue
[2026-05-09T19:52:22.960+0000] {logging_mixin.py:188} INFO - [2026-05-09T19:52:22.959+0000] {dagbag.py:545} INFO - Filling up the DagBag from /home/airflow/.local/lib/python3.12/site-packages/airflow/example_dags/example_dynamic_task_mapping_with_no_taskflow_operators.py
[2026-05-09T19:52:22.966+0000] {processor.py:840} INFO - DAG(s) 'example_dynamic_task_mapping_with_no_taskflow_operators' retrieved from /home/airflow/.local/lib/python3.12/site-packages/airflow/example_dags/example_dynamic_task_mapping_with_no_taskflow_operators.py
[2026-05-09T19:52:22.986+0000] {logging_mixin.py:188} INFO - [2026-05-09T19:52:22.986+0000] {dag.py:3096} INFO - Sync 1 DAGs
[2026-05-09T19:52:23.007+0000] {logging_mixin.py:188} INFO - [2026-05-09T19:52:23.007+0000] {dag.py:3954} INFO - Setting next_dagrun for example_dynamic_task_mapping_with_no_taskflow_operators to 2026-05-08 00:00:00+00:00, run_after=2026-05-09 00:00:00+00:00
[2026-05-09T19:52:23.032+0000] {processor.py:183} INFO - Processing /home/airflow/.local/lib/python3.12/site-packages/airflow/example_dags/example_dynamic_task_mapping_with_no_taskflow_operators.py took 0.081 seconds
[2026-05-09T19:52:54.572+0000] {processor.py:161} INFO - Started process (PID=7111) to work on /home/airflow/.local/lib/python3.12/site-packages/airflow/example_dags/example_dynamic_task_mapping_with_no_taskflow_operators.py
[2026-05-09T19:52:54.574+0000] {processor.py:830} INFO - Processing file /home/airflow/.local/lib/python3.12/site-packages/airflow/example_dags/example_dynamic_task_mapping_with_no_taskflow_operators.py for tasks to queue
[2026-05-09T19:52:54.576+0000] {logging_mixin.py:188} INFO - [2026-05-09T19:52:54.576+0000] {dagbag.py:545} INFO - Filling up the DagBag from /home/airflow/.local/lib/python3.12/site-packages/airflow/example_dags/example_dynamic_task_mapping_with_no_taskflow_operators.py
[2026-05-09T19:52:54.583+0000] {processor.py:840} INFO - DAG(s) 'example_dynamic_task_mapping_with_no_taskflow_operators' retrieved from /home/airflow/.local/lib/python3.12/site-packages/airflow/example_dags/example_dynamic_task_mapping_with_no_taskflow_operators.py
[2026-05-09T19:52:54.604+0000] {logging_mixin.py:188} INFO - [2026-05-09T19:52:54.604+0000] {dag.py:3096} INFO - Sync 1 DAGs
[2026-05-09T19:52:54.626+0000] {logging_mixin.py:188} INFO - [2026-05-09T19:52:54.626+0000] {dag.py:3954} INFO - Setting next_dagrun for example_dynamic_task_mapping_with_no_taskflow_operators to 2026-05-08 00:00:00+00:00, run_after=2026-05-09 00:00:00+00:00
[2026-05-09T19:52:54.647+0000] {processor.py:183} INFO - Processing /home/airflow/.local/lib/python3.12/site-packages/airflow/example_dags/example_dynamic_task_mapping_with_no_taskflow_operators.py took 0.081 seconds
[2026-05-09T19:53:25.559+0000] {processor.py:161} INFO - Started process (PID=7170) to work on /home/airflow/.local/lib/python3.12/site-packages/airflow/example_dags/example_dynamic_task_mapping_with_no_taskflow_operators.py
[2026-05-09T19:53:25.560+0000] {processor.py:830} INFO - Processing file /home/airflow/.local/lib/python3.12/site-packages/airflow/example_dags/example_dynamic_task_mapping_with_no_taskflow_operators.py for tasks to queue
[2026-05-09T19:53:25.562+0000] {logging_mixin.py:188} INFO - [2026-05-09T19:53:25.562+0000] {dagbag.py:545} INFO - Filling up the DagBag from /home/airflow/.local/lib/python3.12/site-packages/airflow/example_dags/example_dynamic_task_mapping_with_no_taskflow_operators.py
[2026-05-09T19:53:25.568+0000] {processor.py:840} INFO - DAG(s) 'example_dynamic_task_mapping_with_no_taskflow_operators' retrieved from /home/airflow/.local/lib/python3.12/site-packages/airflow/example_dags/example_dynamic_task_mapping_with_no_taskflow_operators.py
[2026-05-09T19:53:25.592+0000] {logging_mixin.py:188} INFO - [2026-05-09T19:53:25.591+0000] {dag.py:3096} INFO - Sync 1 DAGs
[2026-05-09T19:53:25.619+0000] {logging_mixin.py:188} INFO - [2026-05-09T19:53:25.619+0000] {dag.py:3954} INFO - Setting next_dagrun for example_dynamic_task_mapping_with_no_taskflow_operators to 2026-05-08 00:00:00+00:00, run_after=2026-05-09 00:00:00+00:00
[2026-05-09T19:53:25.646+0000] {processor.py:183} INFO - Processing /home/airflow/.local/lib/python3.12/site-packages/airflow/example_dags/example_dynamic_task_mapping_with_no_taskflow_operators.py took 0.094 seconds
[2026-05-09T19:53:56.038+0000] {processor.py:161} INFO - Started process (PID=7229) to work on /home/airflow/.local/lib/python3.12/site-packages/airflow/example_dags/example_dynamic_task_mapping_with_no_taskflow_operators.py
[2026-05-09T19:53:56.039+0000] {processor.py:830} INFO - Processing file /home/airflow/.local/lib/python3.12/site-packages/airflow/example_dags/example_dynamic_task_mapping_with_no_taskflow_operators.py for tasks to queue
[2026-05-09T19:53:56.041+0000] {logging_mixin.py:188} INFO - [2026-05-09T19:53:56.041+0000] {dagbag.py:545} INFO - Filling up the DagBag from /home/airflow/.local/lib/python3.12/site-packages/airflow/example_dags/example_dynamic_task_mapping_with_no_taskflow_operators.py
[2026-05-09T19:53:56.047+0000] {processor.py:840} INFO - DAG(s) 'example_dynamic_task_mapping_with_no_taskflow_operators' retrieved from /home/airflow/.local/lib/python3.12/site-packages/airflow/example_dags/example_dynamic_task_mapping_with_no_taskflow_operators.py
[2026-05-09T19:53:56.068+0000] {logging_mixin.py:188} INFO - [2026-05-09T19:53:56.068+0000] {dag.py:3096} INFO - Sync 1 DAGs
[2026-05-09T19:53:56.090+0000] {logging_mixin.py:188} INFO - [2026-05-09T19:53:56.089+0000] {dag.py:3954} INFO - Setting next_dagrun for example_dynamic_task_mapping_with_no_taskflow_operators to 2026-05-08 00:00:00+00:00, run_after=2026-05-09 00:00:00+00:00
[2026-05-09T19:53:56.115+0000] {processor.py:183} INFO - Processing /home/airflow/.local/lib/python3.12/site-packages/airflow/example_dags/example_dynamic_task_mapping_with_no_taskflow_operators.py took 0.082 seconds
[2026-05-09T19:54:26.731+0000] {processor.py:161} INFO - Started process (PID=7288) to work on /home/airflow/.local/lib/python3.12/site-packages/airflow/example_dags/example_dynamic_task_mapping_with_no_taskflow_operators.py
[2026-05-09T19:54:26.733+0000] {processor.py:830} INFO - Processing file /home/airflow/.local/lib/python3.12/site-packages/airflow/example_dags/example_dynamic_task_mapping_with_no_taskflow_operators.py for tasks to queue
[2026-05-09T19:54:26.735+0000] {logging_mixin.py:188} INFO - [2026-05-09T19:54:26.735+0000] {dagbag.py:545} INFO - Filling up the DagBag from /home/airflow/.local/lib/python3.12/site-packages/airflow/example_dags/example_dynamic_task_mapping_with_no_taskflow_operators.py
[2026-05-09T19:54:26.741+0000] {processor.py:840} INFO - DAG(s) 'example_dynamic_task_mapping_with_no_taskflow_operators' retrieved from /home/airflow/.local/lib/python3.12/site-packages/airflow/example_dags/example_dynamic_task_mapping_with_no_taskflow_operators.py
[2026-05-09T19:54:26.763+0000] {logging_mixin.py:188} INFO - [2026-05-09T19:54:26.762+0000] {dag.py:3096} INFO - Sync 1 DAGs
[2026-05-09T19:54:26.784+0000] {logging_mixin.py:188} INFO - [2026-05-09T19:54:26.784+0000] {dag.py:3954} INFO - Setting next_dagrun for example_dynamic_task_mapping_with_no_taskflow_operators to 2026-05-08 00:00:00+00:00, run_after=2026-05-09 00:00:00+00:00
[2026-05-09T19:54:26.809+0000] {processor.py:183} INFO - Processing /home/airflow/.local/lib/python3.12/site-packages/airflow/example_dags/example_dynamic_task_mapping_with_no_taskflow_operators.py took 0.084 seconds
