[2026-05-09T18:42:19.855+0000] {processor.py:161} INFO - Started process (PID=104) to work on /home/airflow/.local/lib/python3.12/site-packages/airflow/example_dags/example_trigger_controller_dag.py
[2026-05-09T18:42:19.857+0000] {processor.py:830} INFO - Processing file /home/airflow/.local/lib/python3.12/site-packages/airflow/example_dags/example_trigger_controller_dag.py for tasks to queue
[2026-05-09T18:42:19.859+0000] {logging_mixin.py:188} INFO - [2026-05-09T18:42:19.859+0000] {dagbag.py:545} INFO - Filling up the DagBag from /home/airflow/.local/lib/python3.12/site-packages/airflow/example_dags/example_trigger_controller_dag.py
[2026-05-09T18:42:19.866+0000] {processor.py:840} INFO - DAG(s) 'example_trigger_controller_dag' retrieved from /home/airflow/.local/lib/python3.12/site-packages/airflow/example_dags/example_trigger_controller_dag.py
[2026-05-09T18:42:19.989+0000] {logging_mixin.py:188} INFO - [2026-05-09T18:42:19.989+0000] {dag.py:3096} INFO - Sync 1 DAGs
[2026-05-09T18:42:20.011+0000] {logging_mixin.py:188} INFO - [2026-05-09T18:42:20.010+0000] {dag.py:3954} INFO - Setting next_dagrun for example_trigger_controller_dag to 2021-01-01 00:00:00+00:00, run_after=2021-01-01 00:00:00+00:00
[2026-05-09T18:42:20.039+0000] {processor.py:183} INFO - Processing /home/airflow/.local/lib/python3.12/site-packages/airflow/example_dags/example_trigger_controller_dag.py took 0.191 seconds
[2026-05-09T18:42:50.526+0000] {processor.py:161} INFO - Started process (PID=162) to work on /home/airflow/.local/lib/python3.12/site-packages/airflow/example_dags/example_trigger_controller_dag.py
[2026-05-09T18:42:50.528+0000] {processor.py:830} INFO - Processing file /home/airflow/.local/lib/python3.12/site-packages/airflow/example_dags/example_trigger_controller_dag.py for tasks to queue
[2026-05-09T18:42:50.531+0000] {logging_mixin.py:188} INFO - [2026-05-09T18:42:50.531+0000] {dagbag.py:545} INFO - Filling up the DagBag from /home/airflow/.local/lib/python3.12/site-packages/airflow/example_dags/example_trigger_controller_dag.py
[2026-05-09T18:42:50.539+0000] {processor.py:840} INFO - DAG(s) 'example_trigger_controller_dag' retrieved from /home/airflow/.local/lib/python3.12/site-packages/airflow/example_dags/example_trigger_controller_dag.py
[2026-05-09T18:42:50.569+0000] {logging_mixin.py:188} INFO - [2026-05-09T18:42:50.568+0000] {dag.py:3096} INFO - Sync 1 DAGs
[2026-05-09T18:42:50.601+0000] {logging_mixin.py:188} INFO - [2026-05-09T18:42:50.601+0000] {dag.py:3954} INFO - Setting next_dagrun for example_trigger_controller_dag to 2021-01-01 00:00:00+00:00, run_after=2021-01-01 00:00:00+00:00
[2026-05-09T18:42:50.640+0000] {processor.py:183} INFO - Processing /home/airflow/.local/lib/python3.12/site-packages/airflow/example_dags/example_trigger_controller_dag.py took 0.122 seconds
[2026-05-09T18:43:23.240+0000] {processor.py:161} INFO - Started process (PID=220) to work on /home/airflow/.local/lib/python3.12/site-packages/airflow/example_dags/example_trigger_controller_dag.py
[2026-05-09T18:43:23.242+0000] {processor.py:830} INFO - Processing file /home/airflow/.local/lib/python3.12/site-packages/airflow/example_dags/example_trigger_controller_dag.py for tasks to queue
[2026-05-09T18:43:23.245+0000] {logging_mixin.py:188} INFO - [2026-05-09T18:43:23.244+0000] {dagbag.py:545} INFO - Filling up the DagBag from /home/airflow/.local/lib/python3.12/site-packages/airflow/example_dags/example_trigger_controller_dag.py
[2026-05-09T18:43:23.252+0000] {processor.py:840} INFO - DAG(s) 'example_trigger_controller_dag' retrieved from /home/airflow/.local/lib/python3.12/site-packages/airflow/example_dags/example_trigger_controller_dag.py
[2026-05-09T18:43:23.281+0000] {logging_mixin.py:188} INFO - [2026-05-09T18:43:23.280+0000] {dag.py:3096} INFO - Sync 1 DAGs
[2026-05-09T18:43:23.308+0000] {logging_mixin.py:188} INFO - [2026-05-09T18:43:23.308+0000] {dag.py:3954} INFO - Setting next_dagrun for example_trigger_controller_dag to 2021-01-01 00:00:00+00:00, run_after=2021-01-01 00:00:00+00:00
[2026-05-09T18:43:23.339+0000] {processor.py:183} INFO - Processing /home/airflow/.local/lib/python3.12/site-packages/airflow/example_dags/example_trigger_controller_dag.py took 0.104 seconds
[2026-05-09T18:43:56.493+0000] {processor.py:161} INFO - Started process (PID=278) to work on /home/airflow/.local/lib/python3.12/site-packages/airflow/example_dags/example_trigger_controller_dag.py
[2026-05-09T18:43:56.495+0000] {processor.py:830} INFO - Processing file /home/airflow/.local/lib/python3.12/site-packages/airflow/example_dags/example_trigger_controller_dag.py for tasks to queue
[2026-05-09T18:43:56.497+0000] {logging_mixin.py:188} INFO - [2026-05-09T18:43:56.497+0000] {dagbag.py:545} INFO - Filling up the DagBag from /home/airflow/.local/lib/python3.12/site-packages/airflow/example_dags/example_trigger_controller_dag.py
[2026-05-09T18:43:56.503+0000] {processor.py:840} INFO - DAG(s) 'example_trigger_controller_dag' retrieved from /home/airflow/.local/lib/python3.12/site-packages/airflow/example_dags/example_trigger_controller_dag.py
[2026-05-09T18:43:56.526+0000] {logging_mixin.py:188} INFO - [2026-05-09T18:43:56.525+0000] {dag.py:3096} INFO - Sync 1 DAGs
[2026-05-09T18:43:56.555+0000] {logging_mixin.py:188} INFO - [2026-05-09T18:43:56.554+0000] {dag.py:3954} INFO - Setting next_dagrun for example_trigger_controller_dag to 2021-01-01 00:00:00+00:00, run_after=2021-01-01 00:00:00+00:00
[2026-05-09T18:43:56.587+0000] {processor.py:183} INFO - Processing /home/airflow/.local/lib/python3.12/site-packages/airflow/example_dags/example_trigger_controller_dag.py took 0.099 seconds
[2026-05-09T18:44:27.126+0000] {processor.py:161} INFO - Started process (PID=336) to work on /home/airflow/.local/lib/python3.12/site-packages/airflow/example_dags/example_trigger_controller_dag.py
[2026-05-09T18:44:27.128+0000] {processor.py:830} INFO - Processing file /home/airflow/.local/lib/python3.12/site-packages/airflow/example_dags/example_trigger_controller_dag.py for tasks to queue
[2026-05-09T18:44:27.131+0000] {logging_mixin.py:188} INFO - [2026-05-09T18:44:27.131+0000] {dagbag.py:545} INFO - Filling up the DagBag from /home/airflow/.local/lib/python3.12/site-packages/airflow/example_dags/example_trigger_controller_dag.py
[2026-05-09T18:44:27.137+0000] {processor.py:840} INFO - DAG(s) 'example_trigger_controller_dag' retrieved from /home/airflow/.local/lib/python3.12/site-packages/airflow/example_dags/example_trigger_controller_dag.py
[2026-05-09T18:44:27.163+0000] {logging_mixin.py:188} INFO - [2026-05-09T18:44:27.162+0000] {dag.py:3096} INFO - Sync 1 DAGs
[2026-05-09T18:44:27.185+0000] {logging_mixin.py:188} INFO - [2026-05-09T18:44:27.185+0000] {dag.py:3954} INFO - Setting next_dagrun for example_trigger_controller_dag to 2021-01-01 00:00:00+00:00, run_after=2021-01-01 00:00:00+00:00
[2026-05-09T18:44:27.210+0000] {processor.py:183} INFO - Processing /home/airflow/.local/lib/python3.12/site-packages/airflow/example_dags/example_trigger_controller_dag.py took 0.090 seconds
[2026-05-09T18:44:57.918+0000] {processor.py:161} INFO - Started process (PID=394) to work on /home/airflow/.local/lib/python3.12/site-packages/airflow/example_dags/example_trigger_controller_dag.py
[2026-05-09T18:44:57.920+0000] {processor.py:830} INFO - Processing file /home/airflow/.local/lib/python3.12/site-packages/airflow/example_dags/example_trigger_controller_dag.py for tasks to queue
[2026-05-09T18:44:57.922+0000] {logging_mixin.py:188} INFO - [2026-05-09T18:44:57.922+0000] {dagbag.py:545} INFO - Filling up the DagBag from /home/airflow/.local/lib/python3.12/site-packages/airflow/example_dags/example_trigger_controller_dag.py
[2026-05-09T18:44:57.927+0000] {processor.py:840} INFO - DAG(s) 'example_trigger_controller_dag' retrieved from /home/airflow/.local/lib/python3.12/site-packages/airflow/example_dags/example_trigger_controller_dag.py
[2026-05-09T18:44:57.950+0000] {logging_mixin.py:188} INFO - [2026-05-09T18:44:57.949+0000] {dag.py:3096} INFO - Sync 1 DAGs
[2026-05-09T18:44:57.975+0000] {logging_mixin.py:188} INFO - [2026-05-09T18:44:57.975+0000] {dag.py:3954} INFO - Setting next_dagrun for example_trigger_controller_dag to 2021-01-01 00:00:00+00:00, run_after=2021-01-01 00:00:00+00:00
[2026-05-09T18:44:58.000+0000] {processor.py:183} INFO - Processing /home/airflow/.local/lib/python3.12/site-packages/airflow/example_dags/example_trigger_controller_dag.py took 0.088 seconds
[2026-05-09T18:45:28.746+0000] {processor.py:161} INFO - Started process (PID=452) to work on /home/airflow/.local/lib/python3.12/site-packages/airflow/example_dags/example_trigger_controller_dag.py
[2026-05-09T18:45:28.747+0000] {processor.py:830} INFO - Processing file /home/airflow/.local/lib/python3.12/site-packages/airflow/example_dags/example_trigger_controller_dag.py for tasks to queue
[2026-05-09T18:45:28.749+0000] {logging_mixin.py:188} INFO - [2026-05-09T18:45:28.749+0000] {dagbag.py:545} INFO - Filling up the DagBag from /home/airflow/.local/lib/python3.12/site-packages/airflow/example_dags/example_trigger_controller_dag.py
[2026-05-09T18:45:28.754+0000] {processor.py:840} INFO - DAG(s) 'example_trigger_controller_dag' retrieved from /home/airflow/.local/lib/python3.12/site-packages/airflow/example_dags/example_trigger_controller_dag.py
[2026-05-09T18:45:28.774+0000] {logging_mixin.py:188} INFO - [2026-05-09T18:45:28.774+0000] {dag.py:3096} INFO - Sync 1 DAGs
[2026-05-09T18:45:28.797+0000] {logging_mixin.py:188} INFO - [2026-05-09T18:45:28.797+0000] {dag.py:3954} INFO - Setting next_dagrun for example_trigger_controller_dag to 2021-01-01 00:00:00+00:00, run_after=2021-01-01 00:00:00+00:00
[2026-05-09T18:45:28.823+0000] {processor.py:183} INFO - Processing /home/airflow/.local/lib/python3.12/site-packages/airflow/example_dags/example_trigger_controller_dag.py took 0.083 seconds
[2026-05-09T18:45:59.506+0000] {processor.py:161} INFO - Started process (PID=510) to work on /home/airflow/.local/lib/python3.12/site-packages/airflow/example_dags/example_trigger_controller_dag.py
[2026-05-09T18:45:59.507+0000] {processor.py:830} INFO - Processing file /home/airflow/.local/lib/python3.12/site-packages/airflow/example_dags/example_trigger_controller_dag.py for tasks to queue
[2026-05-09T18:45:59.510+0000] {logging_mixin.py:188} INFO - [2026-05-09T18:45:59.509+0000] {dagbag.py:545} INFO - Filling up the DagBag from /home/airflow/.local/lib/python3.12/site-packages/airflow/example_dags/example_trigger_controller_dag.py
[2026-05-09T18:45:59.514+0000] {processor.py:840} INFO - DAG(s) 'example_trigger_controller_dag' retrieved from /home/airflow/.local/lib/python3.12/site-packages/airflow/example_dags/example_trigger_controller_dag.py
[2026-05-09T18:45:59.536+0000] {logging_mixin.py:188} INFO - [2026-05-09T18:45:59.535+0000] {dag.py:3096} INFO - Sync 1 DAGs
[2026-05-09T18:45:59.563+0000] {logging_mixin.py:188} INFO - [2026-05-09T18:45:59.563+0000] {dag.py:3954} INFO - Setting next_dagrun for example_trigger_controller_dag to 2021-01-01 00:00:00+00:00, run_after=2021-01-01 00:00:00+00:00
[2026-05-09T18:45:59.590+0000] {processor.py:183} INFO - Processing /home/airflow/.local/lib/python3.12/site-packages/airflow/example_dags/example_trigger_controller_dag.py took 0.090 seconds
[2026-05-09T18:46:30.926+0000] {processor.py:161} INFO - Started process (PID=568) to work on /home/airflow/.local/lib/python3.12/site-packages/airflow/example_dags/example_trigger_controller_dag.py
[2026-05-09T18:46:30.927+0000] {processor.py:830} INFO - Processing file /home/airflow/.local/lib/python3.12/site-packages/airflow/example_dags/example_trigger_controller_dag.py for tasks to queue
[2026-05-09T18:46:30.930+0000] {logging_mixin.py:188} INFO - [2026-05-09T18:46:30.929+0000] {dagbag.py:545} INFO - Filling up the DagBag from /home/airflow/.local/lib/python3.12/site-packages/airflow/example_dags/example_trigger_controller_dag.py
[2026-05-09T18:46:30.936+0000] {processor.py:840} INFO - DAG(s) 'example_trigger_controller_dag' retrieved from /home/airflow/.local/lib/python3.12/site-packages/airflow/example_dags/example_trigger_controller_dag.py
[2026-05-09T18:46:30.966+0000] {logging_mixin.py:188} INFO - [2026-05-09T18:46:30.966+0000] {dag.py:3096} INFO - Sync 1 DAGs
[2026-05-09T18:46:31.007+0000] {logging_mixin.py:188} INFO - [2026-05-09T18:46:31.006+0000] {dag.py:3954} INFO - Setting next_dagrun for example_trigger_controller_dag to 2021-01-01 00:00:00+00:00, run_after=2021-01-01 00:00:00+00:00
[2026-05-09T18:46:31.053+0000] {processor.py:183} INFO - Processing /home/airflow/.local/lib/python3.12/site-packages/airflow/example_dags/example_trigger_controller_dag.py took 0.134 seconds
[2026-05-09T18:51:08.587+0000] {processor.py:161} INFO - Started process (PID=117) to work on /home/airflow/.local/lib/python3.12/site-packages/airflow/example_dags/example_trigger_controller_dag.py
[2026-05-09T18:51:08.589+0000] {processor.py:830} INFO - Processing file /home/airflow/.local/lib/python3.12/site-packages/airflow/example_dags/example_trigger_controller_dag.py for tasks to queue
[2026-05-09T18:51:08.591+0000] {logging_mixin.py:188} INFO - [2026-05-09T18:51:08.591+0000] {dagbag.py:545} INFO - Filling up the DagBag from /home/airflow/.local/lib/python3.12/site-packages/airflow/example_dags/example_trigger_controller_dag.py
[2026-05-09T18:51:08.600+0000] {processor.py:840} INFO - DAG(s) 'example_trigger_controller_dag' retrieved from /home/airflow/.local/lib/python3.12/site-packages/airflow/example_dags/example_trigger_controller_dag.py
[2026-05-09T18:51:08.758+0000] {logging_mixin.py:188} INFO - [2026-05-09T18:51:08.758+0000] {dag.py:3096} INFO - Sync 1 DAGs
[2026-05-09T18:51:08.790+0000] {logging_mixin.py:188} INFO - [2026-05-09T18:51:08.789+0000] {dag.py:3954} INFO - Setting next_dagrun for example_trigger_controller_dag to 2021-01-01 00:00:00+00:00, run_after=2021-01-01 00:00:00+00:00
[2026-05-09T18:51:08.832+0000] {processor.py:183} INFO - Processing /home/airflow/.local/lib/python3.12/site-packages/airflow/example_dags/example_trigger_controller_dag.py took 0.252 seconds
[2026-05-09T18:51:53.743+0000] {processor.py:161} INFO - Started process (PID=92) to work on /home/airflow/.local/lib/python3.12/site-packages/airflow/example_dags/example_trigger_controller_dag.py
[2026-05-09T18:51:53.745+0000] {processor.py:830} INFO - Processing file /home/airflow/.local/lib/python3.12/site-packages/airflow/example_dags/example_trigger_controller_dag.py for tasks to queue
[2026-05-09T18:51:53.747+0000] {logging_mixin.py:188} INFO - [2026-05-09T18:51:53.747+0000] {dagbag.py:545} INFO - Filling up the DagBag from /home/airflow/.local/lib/python3.12/site-packages/airflow/example_dags/example_trigger_controller_dag.py
[2026-05-09T18:51:53.754+0000] {processor.py:840} INFO - DAG(s) 'example_trigger_controller_dag' retrieved from /home/airflow/.local/lib/python3.12/site-packages/airflow/example_dags/example_trigger_controller_dag.py
[2026-05-09T18:51:53.777+0000] {logging_mixin.py:188} INFO - [2026-05-09T18:51:53.777+0000] {dag.py:3096} INFO - Sync 1 DAGs
[2026-05-09T18:51:53.798+0000] {logging_mixin.py:188} INFO - [2026-05-09T18:51:53.798+0000] {dag.py:3954} INFO - Setting next_dagrun for example_trigger_controller_dag to 2021-01-01 00:00:00+00:00, run_after=2021-01-01 00:00:00+00:00
[2026-05-09T18:51:53.824+0000] {processor.py:183} INFO - Processing /home/airflow/.local/lib/python3.12/site-packages/airflow/example_dags/example_trigger_controller_dag.py took 0.086 seconds
[2026-05-09T18:52:24.200+0000] {processor.py:161} INFO - Started process (PID=144) to work on /home/airflow/.local/lib/python3.12/site-packages/airflow/example_dags/example_trigger_controller_dag.py
[2026-05-09T18:52:24.201+0000] {processor.py:830} INFO - Processing file /home/airflow/.local/lib/python3.12/site-packages/airflow/example_dags/example_trigger_controller_dag.py for tasks to queue
[2026-05-09T18:52:24.203+0000] {logging_mixin.py:188} INFO - [2026-05-09T18:52:24.203+0000] {dagbag.py:545} INFO - Filling up the DagBag from /home/airflow/.local/lib/python3.12/site-packages/airflow/example_dags/example_trigger_controller_dag.py
[2026-05-09T18:52:24.208+0000] {processor.py:840} INFO - DAG(s) 'example_trigger_controller_dag' retrieved from /home/airflow/.local/lib/python3.12/site-packages/airflow/example_dags/example_trigger_controller_dag.py
[2026-05-09T18:52:24.228+0000] {logging_mixin.py:188} INFO - [2026-05-09T18:52:24.228+0000] {dag.py:3096} INFO - Sync 1 DAGs
[2026-05-09T18:52:24.252+0000] {logging_mixin.py:188} INFO - [2026-05-09T18:52:24.252+0000] {dag.py:3954} INFO - Setting next_dagrun for example_trigger_controller_dag to 2021-01-01 00:00:00+00:00, run_after=2021-01-01 00:00:00+00:00
[2026-05-09T18:52:24.275+0000] {processor.py:183} INFO - Processing /home/airflow/.local/lib/python3.12/site-packages/airflow/example_dags/example_trigger_controller_dag.py took 0.083 seconds
[2026-05-09T18:53:00.666+0000] {processor.py:161} INFO - Started process (PID=208) to work on /home/airflow/.local/lib/python3.12/site-packages/airflow/example_dags/example_trigger_controller_dag.py
[2026-05-09T18:53:00.668+0000] {processor.py:830} INFO - Processing file /home/airflow/.local/lib/python3.12/site-packages/airflow/example_dags/example_trigger_controller_dag.py for tasks to queue
[2026-05-09T18:53:00.670+0000] {logging_mixin.py:188} INFO - [2026-05-09T18:53:00.669+0000] {dagbag.py:545} INFO - Filling up the DagBag from /home/airflow/.local/lib/python3.12/site-packages/airflow/example_dags/example_trigger_controller_dag.py
[2026-05-09T18:53:00.675+0000] {processor.py:840} INFO - DAG(s) 'example_trigger_controller_dag' retrieved from /home/airflow/.local/lib/python3.12/site-packages/airflow/example_dags/example_trigger_controller_dag.py
[2026-05-09T18:53:00.696+0000] {logging_mixin.py:188} INFO - [2026-05-09T18:53:00.696+0000] {dag.py:3096} INFO - Sync 1 DAGs
[2026-05-09T18:53:00.720+0000] {logging_mixin.py:188} INFO - [2026-05-09T18:53:00.719+0000] {dag.py:3954} INFO - Setting next_dagrun for example_trigger_controller_dag to 2021-01-01 00:00:00+00:00, run_after=2021-01-01 00:00:00+00:00
[2026-05-09T18:53:00.748+0000] {processor.py:183} INFO - Processing /home/airflow/.local/lib/python3.12/site-packages/airflow/example_dags/example_trigger_controller_dag.py took 0.088 seconds
[2026-05-09T18:53:30.934+0000] {processor.py:161} INFO - Started process (PID=266) to work on /home/airflow/.local/lib/python3.12/site-packages/airflow/example_dags/example_trigger_controller_dag.py
[2026-05-09T18:53:30.936+0000] {processor.py:830} INFO - Processing file /home/airflow/.local/lib/python3.12/site-packages/airflow/example_dags/example_trigger_controller_dag.py for tasks to queue
[2026-05-09T18:53:30.938+0000] {logging_mixin.py:188} INFO - [2026-05-09T18:53:30.937+0000] {dagbag.py:545} INFO - Filling up the DagBag from /home/airflow/.local/lib/python3.12/site-packages/airflow/example_dags/example_trigger_controller_dag.py
[2026-05-09T18:53:30.942+0000] {processor.py:840} INFO - DAG(s) 'example_trigger_controller_dag' retrieved from /home/airflow/.local/lib/python3.12/site-packages/airflow/example_dags/example_trigger_controller_dag.py
[2026-05-09T18:53:30.965+0000] {logging_mixin.py:188} INFO - [2026-05-09T18:53:30.964+0000] {dag.py:3096} INFO - Sync 1 DAGs
[2026-05-09T18:53:30.993+0000] {logging_mixin.py:188} INFO - [2026-05-09T18:53:30.993+0000] {dag.py:3954} INFO - Setting next_dagrun for example_trigger_controller_dag to 2021-01-01 00:00:00+00:00, run_after=2021-01-01 00:00:00+00:00
[2026-05-09T18:53:31.022+0000] {processor.py:183} INFO - Processing /home/airflow/.local/lib/python3.12/site-packages/airflow/example_dags/example_trigger_controller_dag.py took 0.093 seconds
[2026-05-09T18:54:02.714+0000] {processor.py:161} INFO - Started process (PID=324) to work on /home/airflow/.local/lib/python3.12/site-packages/airflow/example_dags/example_trigger_controller_dag.py
[2026-05-09T18:54:02.715+0000] {processor.py:830} INFO - Processing file /home/airflow/.local/lib/python3.12/site-packages/airflow/example_dags/example_trigger_controller_dag.py for tasks to queue
[2026-05-09T18:54:02.717+0000] {logging_mixin.py:188} INFO - [2026-05-09T18:54:02.717+0000] {dagbag.py:545} INFO - Filling up the DagBag from /home/airflow/.local/lib/python3.12/site-packages/airflow/example_dags/example_trigger_controller_dag.py
[2026-05-09T18:54:02.722+0000] {processor.py:840} INFO - DAG(s) 'example_trigger_controller_dag' retrieved from /home/airflow/.local/lib/python3.12/site-packages/airflow/example_dags/example_trigger_controller_dag.py
[2026-05-09T18:54:02.744+0000] {logging_mixin.py:188} INFO - [2026-05-09T18:54:02.744+0000] {dag.py:3096} INFO - Sync 1 DAGs
[2026-05-09T18:54:02.768+0000] {logging_mixin.py:188} INFO - [2026-05-09T18:54:02.768+0000] {dag.py:3954} INFO - Setting next_dagrun for example_trigger_controller_dag to 2021-01-01 00:00:00+00:00, run_after=2021-01-01 00:00:00+00:00
[2026-05-09T18:54:02.795+0000] {processor.py:183} INFO - Processing /home/airflow/.local/lib/python3.12/site-packages/airflow/example_dags/example_trigger_controller_dag.py took 0.087 seconds
[2026-05-09T18:54:33.305+0000] {processor.py:161} INFO - Started process (PID=382) to work on /home/airflow/.local/lib/python3.12/site-packages/airflow/example_dags/example_trigger_controller_dag.py
[2026-05-09T18:54:33.306+0000] {processor.py:830} INFO - Processing file /home/airflow/.local/lib/python3.12/site-packages/airflow/example_dags/example_trigger_controller_dag.py for tasks to queue
[2026-05-09T18:54:33.307+0000] {logging_mixin.py:188} INFO - [2026-05-09T18:54:33.307+0000] {dagbag.py:545} INFO - Filling up the DagBag from /home/airflow/.local/lib/python3.12/site-packages/airflow/example_dags/example_trigger_controller_dag.py
[2026-05-09T18:54:33.312+0000] {processor.py:840} INFO - DAG(s) 'example_trigger_controller_dag' retrieved from /home/airflow/.local/lib/python3.12/site-packages/airflow/example_dags/example_trigger_controller_dag.py
[2026-05-09T18:54:33.330+0000] {logging_mixin.py:188} INFO - [2026-05-09T18:54:33.330+0000] {dag.py:3096} INFO - Sync 1 DAGs
[2026-05-09T18:54:33.351+0000] {logging_mixin.py:188} INFO - [2026-05-09T18:54:33.351+0000] {dag.py:3954} INFO - Setting next_dagrun for example_trigger_controller_dag to 2021-01-01 00:00:00+00:00, run_after=2021-01-01 00:00:00+00:00
[2026-05-09T18:54:33.374+0000] {processor.py:183} INFO - Processing /home/airflow/.local/lib/python3.12/site-packages/airflow/example_dags/example_trigger_controller_dag.py took 0.074 seconds
[2026-05-09T18:55:03.446+0000] {processor.py:161} INFO - Started process (PID=440) to work on /home/airflow/.local/lib/python3.12/site-packages/airflow/example_dags/example_trigger_controller_dag.py
[2026-05-09T18:55:03.448+0000] {processor.py:830} INFO - Processing file /home/airflow/.local/lib/python3.12/site-packages/airflow/example_dags/example_trigger_controller_dag.py for tasks to queue
[2026-05-09T18:55:03.450+0000] {logging_mixin.py:188} INFO - [2026-05-09T18:55:03.449+0000] {dagbag.py:545} INFO - Filling up the DagBag from /home/airflow/.local/lib/python3.12/site-packages/airflow/example_dags/example_trigger_controller_dag.py
[2026-05-09T18:55:03.455+0000] {processor.py:840} INFO - DAG(s) 'example_trigger_controller_dag' retrieved from /home/airflow/.local/lib/python3.12/site-packages/airflow/example_dags/example_trigger_controller_dag.py
[2026-05-09T18:55:03.477+0000] {logging_mixin.py:188} INFO - [2026-05-09T18:55:03.476+0000] {dag.py:3096} INFO - Sync 1 DAGs
[2026-05-09T18:55:03.500+0000] {logging_mixin.py:188} INFO - [2026-05-09T18:55:03.500+0000] {dag.py:3954} INFO - Setting next_dagrun for example_trigger_controller_dag to 2021-01-01 00:00:00+00:00, run_after=2021-01-01 00:00:00+00:00
[2026-05-09T18:55:03.526+0000] {processor.py:183} INFO - Processing /home/airflow/.local/lib/python3.12/site-packages/airflow/example_dags/example_trigger_controller_dag.py took 0.086 seconds
[2026-05-09T18:55:33.963+0000] {processor.py:161} INFO - Started process (PID=498) to work on /home/airflow/.local/lib/python3.12/site-packages/airflow/example_dags/example_trigger_controller_dag.py
[2026-05-09T18:55:33.964+0000] {processor.py:830} INFO - Processing file /home/airflow/.local/lib/python3.12/site-packages/airflow/example_dags/example_trigger_controller_dag.py for tasks to queue
[2026-05-09T18:55:33.966+0000] {logging_mixin.py:188} INFO - [2026-05-09T18:55:33.966+0000] {dagbag.py:545} INFO - Filling up the DagBag from /home/airflow/.local/lib/python3.12/site-packages/airflow/example_dags/example_trigger_controller_dag.py
[2026-05-09T18:55:33.971+0000] {processor.py:840} INFO - DAG(s) 'example_trigger_controller_dag' retrieved from /home/airflow/.local/lib/python3.12/site-packages/airflow/example_dags/example_trigger_controller_dag.py
[2026-05-09T18:55:33.990+0000] {logging_mixin.py:188} INFO - [2026-05-09T18:55:33.990+0000] {dag.py:3096} INFO - Sync 1 DAGs
[2026-05-09T18:55:34.012+0000] {logging_mixin.py:188} INFO - [2026-05-09T18:55:34.012+0000] {dag.py:3954} INFO - Setting next_dagrun for example_trigger_controller_dag to 2021-01-01 00:00:00+00:00, run_after=2021-01-01 00:00:00+00:00
[2026-05-09T18:55:34.035+0000] {processor.py:183} INFO - Processing /home/airflow/.local/lib/python3.12/site-packages/airflow/example_dags/example_trigger_controller_dag.py took 0.077 seconds
[2026-05-09T18:56:04.880+0000] {processor.py:161} INFO - Started process (PID=556) to work on /home/airflow/.local/lib/python3.12/site-packages/airflow/example_dags/example_trigger_controller_dag.py
[2026-05-09T18:56:04.881+0000] {processor.py:830} INFO - Processing file /home/airflow/.local/lib/python3.12/site-packages/airflow/example_dags/example_trigger_controller_dag.py for tasks to queue
[2026-05-09T18:56:04.884+0000] {logging_mixin.py:188} INFO - [2026-05-09T18:56:04.883+0000] {dagbag.py:545} INFO - Filling up the DagBag from /home/airflow/.local/lib/python3.12/site-packages/airflow/example_dags/example_trigger_controller_dag.py
[2026-05-09T18:56:04.889+0000] {processor.py:840} INFO - DAG(s) 'example_trigger_controller_dag' retrieved from /home/airflow/.local/lib/python3.12/site-packages/airflow/example_dags/example_trigger_controller_dag.py
[2026-05-09T18:56:04.912+0000] {logging_mixin.py:188} INFO - [2026-05-09T18:56:04.912+0000] {dag.py:3096} INFO - Sync 1 DAGs
[2026-05-09T18:56:04.936+0000] {logging_mixin.py:188} INFO - [2026-05-09T18:56:04.936+0000] {dag.py:3954} INFO - Setting next_dagrun for example_trigger_controller_dag to 2021-01-01 00:00:00+00:00, run_after=2021-01-01 00:00:00+00:00
[2026-05-09T18:56:04.964+0000] {processor.py:183} INFO - Processing /home/airflow/.local/lib/python3.12/site-packages/airflow/example_dags/example_trigger_controller_dag.py took 0.089 seconds
[2026-05-09T18:56:35.235+0000] {processor.py:161} INFO - Started process (PID=614) to work on /home/airflow/.local/lib/python3.12/site-packages/airflow/example_dags/example_trigger_controller_dag.py
[2026-05-09T18:56:35.236+0000] {processor.py:830} INFO - Processing file /home/airflow/.local/lib/python3.12/site-packages/airflow/example_dags/example_trigger_controller_dag.py for tasks to queue
[2026-05-09T18:56:35.238+0000] {logging_mixin.py:188} INFO - [2026-05-09T18:56:35.237+0000] {dagbag.py:545} INFO - Filling up the DagBag from /home/airflow/.local/lib/python3.12/site-packages/airflow/example_dags/example_trigger_controller_dag.py
[2026-05-09T18:56:35.244+0000] {processor.py:840} INFO - DAG(s) 'example_trigger_controller_dag' retrieved from /home/airflow/.local/lib/python3.12/site-packages/airflow/example_dags/example_trigger_controller_dag.py
[2026-05-09T18:56:35.266+0000] {logging_mixin.py:188} INFO - [2026-05-09T18:56:35.266+0000] {dag.py:3096} INFO - Sync 1 DAGs
[2026-05-09T18:56:35.288+0000] {logging_mixin.py:188} INFO - [2026-05-09T18:56:35.288+0000] {dag.py:3954} INFO - Setting next_dagrun for example_trigger_controller_dag to 2021-01-01 00:00:00+00:00, run_after=2021-01-01 00:00:00+00:00
[2026-05-09T18:56:35.315+0000] {processor.py:183} INFO - Processing /home/airflow/.local/lib/python3.12/site-packages/airflow/example_dags/example_trigger_controller_dag.py took 0.085 seconds
[2026-05-09T18:57:05.781+0000] {processor.py:161} INFO - Started process (PID=673) to work on /home/airflow/.local/lib/python3.12/site-packages/airflow/example_dags/example_trigger_controller_dag.py
[2026-05-09T18:57:05.783+0000] {processor.py:830} INFO - Processing file /home/airflow/.local/lib/python3.12/site-packages/airflow/example_dags/example_trigger_controller_dag.py for tasks to queue
[2026-05-09T18:57:05.785+0000] {logging_mixin.py:188} INFO - [2026-05-09T18:57:05.784+0000] {dagbag.py:545} INFO - Filling up the DagBag from /home/airflow/.local/lib/python3.12/site-packages/airflow/example_dags/example_trigger_controller_dag.py
[2026-05-09T18:57:05.790+0000] {processor.py:840} INFO - DAG(s) 'example_trigger_controller_dag' retrieved from /home/airflow/.local/lib/python3.12/site-packages/airflow/example_dags/example_trigger_controller_dag.py
[2026-05-09T18:57:05.815+0000] {logging_mixin.py:188} INFO - [2026-05-09T18:57:05.814+0000] {dag.py:3096} INFO - Sync 1 DAGs
[2026-05-09T18:57:05.839+0000] {logging_mixin.py:188} INFO - [2026-05-09T18:57:05.839+0000] {dag.py:3954} INFO - Setting next_dagrun for example_trigger_controller_dag to 2021-01-01 00:00:00+00:00, run_after=2021-01-01 00:00:00+00:00
[2026-05-09T18:57:05.883+0000] {processor.py:183} INFO - Processing /home/airflow/.local/lib/python3.12/site-packages/airflow/example_dags/example_trigger_controller_dag.py took 0.108 seconds
[2026-05-09T18:57:36.433+0000] {processor.py:161} INFO - Started process (PID=732) to work on /home/airflow/.local/lib/python3.12/site-packages/airflow/example_dags/example_trigger_controller_dag.py
[2026-05-09T18:57:36.435+0000] {processor.py:830} INFO - Processing file /home/airflow/.local/lib/python3.12/site-packages/airflow/example_dags/example_trigger_controller_dag.py for tasks to queue
[2026-05-09T18:57:36.437+0000] {logging_mixin.py:188} INFO - [2026-05-09T18:57:36.436+0000] {dagbag.py:545} INFO - Filling up the DagBag from /home/airflow/.local/lib/python3.12/site-packages/airflow/example_dags/example_trigger_controller_dag.py
[2026-05-09T18:57:36.441+0000] {processor.py:840} INFO - DAG(s) 'example_trigger_controller_dag' retrieved from /home/airflow/.local/lib/python3.12/site-packages/airflow/example_dags/example_trigger_controller_dag.py
[2026-05-09T18:57:36.461+0000] {logging_mixin.py:188} INFO - [2026-05-09T18:57:36.460+0000] {dag.py:3096} INFO - Sync 1 DAGs
[2026-05-09T18:57:36.482+0000] {logging_mixin.py:188} INFO - [2026-05-09T18:57:36.482+0000] {dag.py:3954} INFO - Setting next_dagrun for example_trigger_controller_dag to 2021-01-01 00:00:00+00:00, run_after=2021-01-01 00:00:00+00:00
[2026-05-09T18:57:36.507+0000] {processor.py:183} INFO - Processing /home/airflow/.local/lib/python3.12/site-packages/airflow/example_dags/example_trigger_controller_dag.py took 0.078 seconds
[2026-05-09T18:58:07.420+0000] {processor.py:161} INFO - Started process (PID=792) to work on /home/airflow/.local/lib/python3.12/site-packages/airflow/example_dags/example_trigger_controller_dag.py
[2026-05-09T18:58:07.422+0000] {processor.py:830} INFO - Processing file /home/airflow/.local/lib/python3.12/site-packages/airflow/example_dags/example_trigger_controller_dag.py for tasks to queue
[2026-05-09T18:58:07.424+0000] {logging_mixin.py:188} INFO - [2026-05-09T18:58:07.424+0000] {dagbag.py:545} INFO - Filling up the DagBag from /home/airflow/.local/lib/python3.12/site-packages/airflow/example_dags/example_trigger_controller_dag.py
[2026-05-09T18:58:07.429+0000] {processor.py:840} INFO - DAG(s) 'example_trigger_controller_dag' retrieved from /home/airflow/.local/lib/python3.12/site-packages/airflow/example_dags/example_trigger_controller_dag.py
[2026-05-09T18:58:07.454+0000] {logging_mixin.py:188} INFO - [2026-05-09T18:58:07.453+0000] {dag.py:3096} INFO - Sync 1 DAGs
[2026-05-09T18:58:07.476+0000] {logging_mixin.py:188} INFO - [2026-05-09T18:58:07.476+0000] {dag.py:3954} INFO - Setting next_dagrun for example_trigger_controller_dag to 2021-01-01 00:00:00+00:00, run_after=2021-01-01 00:00:00+00:00
[2026-05-09T18:58:07.508+0000] {processor.py:183} INFO - Processing /home/airflow/.local/lib/python3.12/site-packages/airflow/example_dags/example_trigger_controller_dag.py took 0.094 seconds
[2026-05-09T18:58:38.094+0000] {processor.py:161} INFO - Started process (PID=851) to work on /home/airflow/.local/lib/python3.12/site-packages/airflow/example_dags/example_trigger_controller_dag.py
[2026-05-09T18:58:38.095+0000] {processor.py:830} INFO - Processing file /home/airflow/.local/lib/python3.12/site-packages/airflow/example_dags/example_trigger_controller_dag.py for tasks to queue
[2026-05-09T18:58:38.097+0000] {logging_mixin.py:188} INFO - [2026-05-09T18:58:38.097+0000] {dagbag.py:545} INFO - Filling up the DagBag from /home/airflow/.local/lib/python3.12/site-packages/airflow/example_dags/example_trigger_controller_dag.py
[2026-05-09T18:58:38.101+0000] {processor.py:840} INFO - DAG(s) 'example_trigger_controller_dag' retrieved from /home/airflow/.local/lib/python3.12/site-packages/airflow/example_dags/example_trigger_controller_dag.py
[2026-05-09T18:58:38.123+0000] {logging_mixin.py:188} INFO - [2026-05-09T18:58:38.123+0000] {dag.py:3096} INFO - Sync 1 DAGs
[2026-05-09T18:58:38.145+0000] {logging_mixin.py:188} INFO - [2026-05-09T18:58:38.144+0000] {dag.py:3954} INFO - Setting next_dagrun for example_trigger_controller_dag to 2021-01-01 00:00:00+00:00, run_after=2021-01-01 00:00:00+00:00
[2026-05-09T18:58:38.175+0000] {processor.py:183} INFO - Processing /home/airflow/.local/lib/python3.12/site-packages/airflow/example_dags/example_trigger_controller_dag.py took 0.086 seconds
[2026-05-09T18:59:08.598+0000] {processor.py:161} INFO - Started process (PID=910) to work on /home/airflow/.local/lib/python3.12/site-packages/airflow/example_dags/example_trigger_controller_dag.py
[2026-05-09T18:59:08.599+0000] {processor.py:830} INFO - Processing file /home/airflow/.local/lib/python3.12/site-packages/airflow/example_dags/example_trigger_controller_dag.py for tasks to queue
[2026-05-09T18:59:08.601+0000] {logging_mixin.py:188} INFO - [2026-05-09T18:59:08.601+0000] {dagbag.py:545} INFO - Filling up the DagBag from /home/airflow/.local/lib/python3.12/site-packages/airflow/example_dags/example_trigger_controller_dag.py
[2026-05-09T18:59:08.606+0000] {processor.py:840} INFO - DAG(s) 'example_trigger_controller_dag' retrieved from /home/airflow/.local/lib/python3.12/site-packages/airflow/example_dags/example_trigger_controller_dag.py
[2026-05-09T18:59:08.628+0000] {logging_mixin.py:188} INFO - [2026-05-09T18:59:08.628+0000] {dag.py:3096} INFO - Sync 1 DAGs
[2026-05-09T18:59:08.651+0000] {logging_mixin.py:188} INFO - [2026-05-09T18:59:08.651+0000] {dag.py:3954} INFO - Setting next_dagrun for example_trigger_controller_dag to 2021-01-01 00:00:00+00:00, run_after=2021-01-01 00:00:00+00:00
[2026-05-09T18:59:08.678+0000] {processor.py:183} INFO - Processing /home/airflow/.local/lib/python3.12/site-packages/airflow/example_dags/example_trigger_controller_dag.py took 0.086 seconds
[2026-05-09T18:59:39.543+0000] {processor.py:161} INFO - Started process (PID=969) to work on /home/airflow/.local/lib/python3.12/site-packages/airflow/example_dags/example_trigger_controller_dag.py
[2026-05-09T18:59:39.544+0000] {processor.py:830} INFO - Processing file /home/airflow/.local/lib/python3.12/site-packages/airflow/example_dags/example_trigger_controller_dag.py for tasks to queue
[2026-05-09T18:59:39.546+0000] {logging_mixin.py:188} INFO - [2026-05-09T18:59:39.545+0000] {dagbag.py:545} INFO - Filling up the DagBag from /home/airflow/.local/lib/python3.12/site-packages/airflow/example_dags/example_trigger_controller_dag.py
[2026-05-09T18:59:39.550+0000] {processor.py:840} INFO - DAG(s) 'example_trigger_controller_dag' retrieved from /home/airflow/.local/lib/python3.12/site-packages/airflow/example_dags/example_trigger_controller_dag.py
[2026-05-09T18:59:39.571+0000] {logging_mixin.py:188} INFO - [2026-05-09T18:59:39.570+0000] {dag.py:3096} INFO - Sync 1 DAGs
[2026-05-09T18:59:39.593+0000] {logging_mixin.py:188} INFO - [2026-05-09T18:59:39.592+0000] {dag.py:3954} INFO - Setting next_dagrun for example_trigger_controller_dag to 2021-01-01 00:00:00+00:00, run_after=2021-01-01 00:00:00+00:00
[2026-05-09T18:59:39.617+0000] {processor.py:183} INFO - Processing /home/airflow/.local/lib/python3.12/site-packages/airflow/example_dags/example_trigger_controller_dag.py took 0.080 seconds
[2026-05-09T19:00:10.514+0000] {processor.py:161} INFO - Started process (PID=1028) to work on /home/airflow/.local/lib/python3.12/site-packages/airflow/example_dags/example_trigger_controller_dag.py
[2026-05-09T19:00:10.515+0000] {processor.py:830} INFO - Processing file /home/airflow/.local/lib/python3.12/site-packages/airflow/example_dags/example_trigger_controller_dag.py for tasks to queue
[2026-05-09T19:00:10.517+0000] {logging_mixin.py:188} INFO - [2026-05-09T19:00:10.517+0000] {dagbag.py:545} INFO - Filling up the DagBag from /home/airflow/.local/lib/python3.12/site-packages/airflow/example_dags/example_trigger_controller_dag.py
[2026-05-09T19:00:10.521+0000] {processor.py:840} INFO - DAG(s) 'example_trigger_controller_dag' retrieved from /home/airflow/.local/lib/python3.12/site-packages/airflow/example_dags/example_trigger_controller_dag.py
[2026-05-09T19:00:10.548+0000] {logging_mixin.py:188} INFO - [2026-05-09T19:00:10.548+0000] {dag.py:3096} INFO - Sync 1 DAGs
[2026-05-09T19:00:10.574+0000] {logging_mixin.py:188} INFO - [2026-05-09T19:00:10.574+0000] {dag.py:3954} INFO - Setting next_dagrun for example_trigger_controller_dag to 2021-01-01 00:00:00+00:00, run_after=2021-01-01 00:00:00+00:00
[2026-05-09T19:00:10.602+0000] {processor.py:183} INFO - Processing /home/airflow/.local/lib/python3.12/site-packages/airflow/example_dags/example_trigger_controller_dag.py took 0.095 seconds
[2026-05-09T19:00:41.287+0000] {processor.py:161} INFO - Started process (PID=1087) to work on /home/airflow/.local/lib/python3.12/site-packages/airflow/example_dags/example_trigger_controller_dag.py
[2026-05-09T19:00:41.288+0000] {processor.py:830} INFO - Processing file /home/airflow/.local/lib/python3.12/site-packages/airflow/example_dags/example_trigger_controller_dag.py for tasks to queue
[2026-05-09T19:00:41.290+0000] {logging_mixin.py:188} INFO - [2026-05-09T19:00:41.290+0000] {dagbag.py:545} INFO - Filling up the DagBag from /home/airflow/.local/lib/python3.12/site-packages/airflow/example_dags/example_trigger_controller_dag.py
[2026-05-09T19:00:41.295+0000] {processor.py:840} INFO - DAG(s) 'example_trigger_controller_dag' retrieved from /home/airflow/.local/lib/python3.12/site-packages/airflow/example_dags/example_trigger_controller_dag.py
[2026-05-09T19:00:41.313+0000] {logging_mixin.py:188} INFO - [2026-05-09T19:00:41.313+0000] {dag.py:3096} INFO - Sync 1 DAGs
[2026-05-09T19:00:41.334+0000] {logging_mixin.py:188} INFO - [2026-05-09T19:00:41.334+0000] {dag.py:3954} INFO - Setting next_dagrun for example_trigger_controller_dag to 2021-01-01 00:00:00+00:00, run_after=2021-01-01 00:00:00+00:00
[2026-05-09T19:00:41.357+0000] {processor.py:183} INFO - Processing /home/airflow/.local/lib/python3.12/site-packages/airflow/example_dags/example_trigger_controller_dag.py took 0.075 seconds
[2026-05-09T19:01:12.185+0000] {processor.py:161} INFO - Started process (PID=1146) to work on /home/airflow/.local/lib/python3.12/site-packages/airflow/example_dags/example_trigger_controller_dag.py
[2026-05-09T19:01:12.186+0000] {processor.py:830} INFO - Processing file /home/airflow/.local/lib/python3.12/site-packages/airflow/example_dags/example_trigger_controller_dag.py for tasks to queue
[2026-05-09T19:01:12.188+0000] {logging_mixin.py:188} INFO - [2026-05-09T19:01:12.188+0000] {dagbag.py:545} INFO - Filling up the DagBag from /home/airflow/.local/lib/python3.12/site-packages/airflow/example_dags/example_trigger_controller_dag.py
[2026-05-09T19:01:12.194+0000] {processor.py:840} INFO - DAG(s) 'example_trigger_controller_dag' retrieved from /home/airflow/.local/lib/python3.12/site-packages/airflow/example_dags/example_trigger_controller_dag.py
[2026-05-09T19:01:12.215+0000] {logging_mixin.py:188} INFO - [2026-05-09T19:01:12.215+0000] {dag.py:3096} INFO - Sync 1 DAGs
[2026-05-09T19:01:12.237+0000] {logging_mixin.py:188} INFO - [2026-05-09T19:01:12.237+0000] {dag.py:3954} INFO - Setting next_dagrun for example_trigger_controller_dag to 2021-01-01 00:00:00+00:00, run_after=2021-01-01 00:00:00+00:00
[2026-05-09T19:01:12.262+0000] {processor.py:183} INFO - Processing /home/airflow/.local/lib/python3.12/site-packages/airflow/example_dags/example_trigger_controller_dag.py took 0.084 seconds
[2026-05-09T19:01:42.455+0000] {processor.py:161} INFO - Started process (PID=1205) to work on /home/airflow/.local/lib/python3.12/site-packages/airflow/example_dags/example_trigger_controller_dag.py
[2026-05-09T19:01:42.457+0000] {processor.py:830} INFO - Processing file /home/airflow/.local/lib/python3.12/site-packages/airflow/example_dags/example_trigger_controller_dag.py for tasks to queue
[2026-05-09T19:01:42.460+0000] {logging_mixin.py:188} INFO - [2026-05-09T19:01:42.460+0000] {dagbag.py:545} INFO - Filling up the DagBag from /home/airflow/.local/lib/python3.12/site-packages/airflow/example_dags/example_trigger_controller_dag.py
[2026-05-09T19:01:42.467+0000] {processor.py:840} INFO - DAG(s) 'example_trigger_controller_dag' retrieved from /home/airflow/.local/lib/python3.12/site-packages/airflow/example_dags/example_trigger_controller_dag.py
[2026-05-09T19:01:42.497+0000] {logging_mixin.py:188} INFO - [2026-05-09T19:01:42.497+0000] {dag.py:3096} INFO - Sync 1 DAGs
[2026-05-09T19:01:42.529+0000] {logging_mixin.py:188} INFO - [2026-05-09T19:01:42.528+0000] {dag.py:3954} INFO - Setting next_dagrun for example_trigger_controller_dag to 2021-01-01 00:00:00+00:00, run_after=2021-01-01 00:00:00+00:00
[2026-05-09T19:01:42.824+0000] {processor.py:183} INFO - Processing /home/airflow/.local/lib/python3.12/site-packages/airflow/example_dags/example_trigger_controller_dag.py took 0.377 seconds
[2026-05-09T19:02:13.494+0000] {processor.py:161} INFO - Started process (PID=1264) to work on /home/airflow/.local/lib/python3.12/site-packages/airflow/example_dags/example_trigger_controller_dag.py
[2026-05-09T19:02:13.495+0000] {processor.py:830} INFO - Processing file /home/airflow/.local/lib/python3.12/site-packages/airflow/example_dags/example_trigger_controller_dag.py for tasks to queue
[2026-05-09T19:02:13.497+0000] {logging_mixin.py:188} INFO - [2026-05-09T19:02:13.497+0000] {dagbag.py:545} INFO - Filling up the DagBag from /home/airflow/.local/lib/python3.12/site-packages/airflow/example_dags/example_trigger_controller_dag.py
[2026-05-09T19:02:13.501+0000] {processor.py:840} INFO - DAG(s) 'example_trigger_controller_dag' retrieved from /home/airflow/.local/lib/python3.12/site-packages/airflow/example_dags/example_trigger_controller_dag.py
[2026-05-09T19:02:13.522+0000] {logging_mixin.py:188} INFO - [2026-05-09T19:02:13.521+0000] {dag.py:3096} INFO - Sync 1 DAGs
[2026-05-09T19:02:13.542+0000] {logging_mixin.py:188} INFO - [2026-05-09T19:02:13.542+0000] {dag.py:3954} INFO - Setting next_dagrun for example_trigger_controller_dag to 2021-01-01 00:00:00+00:00, run_after=2021-01-01 00:00:00+00:00
[2026-05-09T19:02:13.690+0000] {processor.py:183} INFO - Processing /home/airflow/.local/lib/python3.12/site-packages/airflow/example_dags/example_trigger_controller_dag.py took 0.201 seconds
[2026-05-09T19:02:43.947+0000] {processor.py:161} INFO - Started process (PID=1323) to work on /home/airflow/.local/lib/python3.12/site-packages/airflow/example_dags/example_trigger_controller_dag.py
[2026-05-09T19:02:43.948+0000] {processor.py:830} INFO - Processing file /home/airflow/.local/lib/python3.12/site-packages/airflow/example_dags/example_trigger_controller_dag.py for tasks to queue
[2026-05-09T19:02:43.950+0000] {logging_mixin.py:188} INFO - [2026-05-09T19:02:43.950+0000] {dagbag.py:545} INFO - Filling up the DagBag from /home/airflow/.local/lib/python3.12/site-packages/airflow/example_dags/example_trigger_controller_dag.py
[2026-05-09T19:02:43.954+0000] {processor.py:840} INFO - DAG(s) 'example_trigger_controller_dag' retrieved from /home/airflow/.local/lib/python3.12/site-packages/airflow/example_dags/example_trigger_controller_dag.py
[2026-05-09T19:02:43.975+0000] {logging_mixin.py:188} INFO - [2026-05-09T19:02:43.975+0000] {dag.py:3096} INFO - Sync 1 DAGs
[2026-05-09T19:02:43.997+0000] {logging_mixin.py:188} INFO - [2026-05-09T19:02:43.996+0000] {dag.py:3954} INFO - Setting next_dagrun for example_trigger_controller_dag to 2021-01-01 00:00:00+00:00, run_after=2021-01-01 00:00:00+00:00
[2026-05-09T19:02:44.166+0000] {processor.py:183} INFO - Processing /home/airflow/.local/lib/python3.12/site-packages/airflow/example_dags/example_trigger_controller_dag.py took 0.223 seconds
[2026-05-09T19:03:14.261+0000] {processor.py:161} INFO - Started process (PID=1382) to work on /home/airflow/.local/lib/python3.12/site-packages/airflow/example_dags/example_trigger_controller_dag.py
[2026-05-09T19:03:14.262+0000] {processor.py:830} INFO - Processing file /home/airflow/.local/lib/python3.12/site-packages/airflow/example_dags/example_trigger_controller_dag.py for tasks to queue
[2026-05-09T19:03:14.264+0000] {logging_mixin.py:188} INFO - [2026-05-09T19:03:14.264+0000] {dagbag.py:545} INFO - Filling up the DagBag from /home/airflow/.local/lib/python3.12/site-packages/airflow/example_dags/example_trigger_controller_dag.py
[2026-05-09T19:03:14.269+0000] {processor.py:840} INFO - DAG(s) 'example_trigger_controller_dag' retrieved from /home/airflow/.local/lib/python3.12/site-packages/airflow/example_dags/example_trigger_controller_dag.py
[2026-05-09T19:03:14.290+0000] {logging_mixin.py:188} INFO - [2026-05-09T19:03:14.289+0000] {dag.py:3096} INFO - Sync 1 DAGs
[2026-05-09T19:03:14.311+0000] {logging_mixin.py:188} INFO - [2026-05-09T19:03:14.310+0000] {dag.py:3954} INFO - Setting next_dagrun for example_trigger_controller_dag to 2021-01-01 00:00:00+00:00, run_after=2021-01-01 00:00:00+00:00
[2026-05-09T19:03:14.468+0000] {processor.py:183} INFO - Processing /home/airflow/.local/lib/python3.12/site-packages/airflow/example_dags/example_trigger_controller_dag.py took 0.213 seconds
[2026-05-09T19:03:44.947+0000] {processor.py:161} INFO - Started process (PID=1441) to work on /home/airflow/.local/lib/python3.12/site-packages/airflow/example_dags/example_trigger_controller_dag.py
[2026-05-09T19:03:44.948+0000] {processor.py:830} INFO - Processing file /home/airflow/.local/lib/python3.12/site-packages/airflow/example_dags/example_trigger_controller_dag.py for tasks to queue
[2026-05-09T19:03:44.950+0000] {logging_mixin.py:188} INFO - [2026-05-09T19:03:44.950+0000] {dagbag.py:545} INFO - Filling up the DagBag from /home/airflow/.local/lib/python3.12/site-packages/airflow/example_dags/example_trigger_controller_dag.py
[2026-05-09T19:03:44.954+0000] {processor.py:840} INFO - DAG(s) 'example_trigger_controller_dag' retrieved from /home/airflow/.local/lib/python3.12/site-packages/airflow/example_dags/example_trigger_controller_dag.py
[2026-05-09T19:03:44.974+0000] {logging_mixin.py:188} INFO - [2026-05-09T19:03:44.974+0000] {dag.py:3096} INFO - Sync 1 DAGs
[2026-05-09T19:03:44.996+0000] {logging_mixin.py:188} INFO - [2026-05-09T19:03:44.996+0000] {dag.py:3954} INFO - Setting next_dagrun for example_trigger_controller_dag to 2021-01-01 00:00:00+00:00, run_after=2021-01-01 00:00:00+00:00
[2026-05-09T19:03:45.019+0000] {processor.py:183} INFO - Processing /home/airflow/.local/lib/python3.12/site-packages/airflow/example_dags/example_trigger_controller_dag.py took 0.079 seconds
[2026-05-09T19:04:15.505+0000] {processor.py:161} INFO - Started process (PID=1500) to work on /home/airflow/.local/lib/python3.12/site-packages/airflow/example_dags/example_trigger_controller_dag.py
[2026-05-09T19:04:15.506+0000] {processor.py:830} INFO - Processing file /home/airflow/.local/lib/python3.12/site-packages/airflow/example_dags/example_trigger_controller_dag.py for tasks to queue
[2026-05-09T19:04:15.508+0000] {logging_mixin.py:188} INFO - [2026-05-09T19:04:15.508+0000] {dagbag.py:545} INFO - Filling up the DagBag from /home/airflow/.local/lib/python3.12/site-packages/airflow/example_dags/example_trigger_controller_dag.py
[2026-05-09T19:04:15.512+0000] {processor.py:840} INFO - DAG(s) 'example_trigger_controller_dag' retrieved from /home/airflow/.local/lib/python3.12/site-packages/airflow/example_dags/example_trigger_controller_dag.py
[2026-05-09T19:04:15.534+0000] {logging_mixin.py:188} INFO - [2026-05-09T19:04:15.534+0000] {dag.py:3096} INFO - Sync 1 DAGs
[2026-05-09T19:04:15.557+0000] {logging_mixin.py:188} INFO - [2026-05-09T19:04:15.557+0000] {dag.py:3954} INFO - Setting next_dagrun for example_trigger_controller_dag to 2021-01-01 00:00:00+00:00, run_after=2021-01-01 00:00:00+00:00
[2026-05-09T19:04:15.584+0000] {processor.py:183} INFO - Processing /home/airflow/.local/lib/python3.12/site-packages/airflow/example_dags/example_trigger_controller_dag.py took 0.084 seconds
[2026-05-09T19:04:45.985+0000] {processor.py:161} INFO - Started process (PID=1559) to work on /home/airflow/.local/lib/python3.12/site-packages/airflow/example_dags/example_trigger_controller_dag.py
[2026-05-09T19:04:45.986+0000] {processor.py:830} INFO - Processing file /home/airflow/.local/lib/python3.12/site-packages/airflow/example_dags/example_trigger_controller_dag.py for tasks to queue
[2026-05-09T19:04:45.988+0000] {logging_mixin.py:188} INFO - [2026-05-09T19:04:45.988+0000] {dagbag.py:545} INFO - Filling up the DagBag from /home/airflow/.local/lib/python3.12/site-packages/airflow/example_dags/example_trigger_controller_dag.py
[2026-05-09T19:04:45.993+0000] {processor.py:840} INFO - DAG(s) 'example_trigger_controller_dag' retrieved from /home/airflow/.local/lib/python3.12/site-packages/airflow/example_dags/example_trigger_controller_dag.py
[2026-05-09T19:04:46.015+0000] {logging_mixin.py:188} INFO - [2026-05-09T19:04:46.015+0000] {dag.py:3096} INFO - Sync 1 DAGs
[2026-05-09T19:04:46.042+0000] {logging_mixin.py:188} INFO - [2026-05-09T19:04:46.042+0000] {dag.py:3954} INFO - Setting next_dagrun for example_trigger_controller_dag to 2021-01-01 00:00:00+00:00, run_after=2021-01-01 00:00:00+00:00
[2026-05-09T19:04:46.069+0000] {processor.py:183} INFO - Processing /home/airflow/.local/lib/python3.12/site-packages/airflow/example_dags/example_trigger_controller_dag.py took 0.090 seconds
[2026-05-09T19:05:16.339+0000] {processor.py:161} INFO - Started process (PID=1618) to work on /home/airflow/.local/lib/python3.12/site-packages/airflow/example_dags/example_trigger_controller_dag.py
[2026-05-09T19:05:16.340+0000] {processor.py:830} INFO - Processing file /home/airflow/.local/lib/python3.12/site-packages/airflow/example_dags/example_trigger_controller_dag.py for tasks to queue
[2026-05-09T19:05:16.344+0000] {logging_mixin.py:188} INFO - [2026-05-09T19:05:16.343+0000] {dagbag.py:545} INFO - Filling up the DagBag from /home/airflow/.local/lib/python3.12/site-packages/airflow/example_dags/example_trigger_controller_dag.py
[2026-05-09T19:05:16.351+0000] {processor.py:840} INFO - DAG(s) 'example_trigger_controller_dag' retrieved from /home/airflow/.local/lib/python3.12/site-packages/airflow/example_dags/example_trigger_controller_dag.py
[2026-05-09T19:05:16.377+0000] {logging_mixin.py:188} INFO - [2026-05-09T19:05:16.376+0000] {dag.py:3096} INFO - Sync 1 DAGs
[2026-05-09T19:05:16.409+0000] {logging_mixin.py:188} INFO - [2026-05-09T19:05:16.408+0000] {dag.py:3954} INFO - Setting next_dagrun for example_trigger_controller_dag to 2021-01-01 00:00:00+00:00, run_after=2021-01-01 00:00:00+00:00
[2026-05-09T19:05:16.440+0000] {processor.py:183} INFO - Processing /home/airflow/.local/lib/python3.12/site-packages/airflow/example_dags/example_trigger_controller_dag.py took 0.112 seconds
[2026-05-09T19:05:46.724+0000] {processor.py:161} INFO - Started process (PID=1677) to work on /home/airflow/.local/lib/python3.12/site-packages/airflow/example_dags/example_trigger_controller_dag.py
[2026-05-09T19:05:46.726+0000] {processor.py:830} INFO - Processing file /home/airflow/.local/lib/python3.12/site-packages/airflow/example_dags/example_trigger_controller_dag.py for tasks to queue
[2026-05-09T19:05:46.729+0000] {logging_mixin.py:188} INFO - [2026-05-09T19:05:46.728+0000] {dagbag.py:545} INFO - Filling up the DagBag from /home/airflow/.local/lib/python3.12/site-packages/airflow/example_dags/example_trigger_controller_dag.py
[2026-05-09T19:05:46.737+0000] {processor.py:840} INFO - DAG(s) 'example_trigger_controller_dag' retrieved from /home/airflow/.local/lib/python3.12/site-packages/airflow/example_dags/example_trigger_controller_dag.py
[2026-05-09T19:05:46.778+0000] {logging_mixin.py:188} INFO - [2026-05-09T19:05:46.777+0000] {dag.py:3096} INFO - Sync 1 DAGs
[2026-05-09T19:05:46.820+0000] {logging_mixin.py:188} INFO - [2026-05-09T19:05:46.820+0000] {dag.py:3954} INFO - Setting next_dagrun for example_trigger_controller_dag to 2021-01-01 00:00:00+00:00, run_after=2021-01-01 00:00:00+00:00
[2026-05-09T19:05:46.865+0000] {processor.py:183} INFO - Processing /home/airflow/.local/lib/python3.12/site-packages/airflow/example_dags/example_trigger_controller_dag.py took 0.150 seconds
[2026-05-09T19:06:17.429+0000] {processor.py:161} INFO - Started process (PID=1736) to work on /home/airflow/.local/lib/python3.12/site-packages/airflow/example_dags/example_trigger_controller_dag.py
[2026-05-09T19:06:17.431+0000] {processor.py:830} INFO - Processing file /home/airflow/.local/lib/python3.12/site-packages/airflow/example_dags/example_trigger_controller_dag.py for tasks to queue
[2026-05-09T19:06:17.434+0000] {logging_mixin.py:188} INFO - [2026-05-09T19:06:17.433+0000] {dagbag.py:545} INFO - Filling up the DagBag from /home/airflow/.local/lib/python3.12/site-packages/airflow/example_dags/example_trigger_controller_dag.py
[2026-05-09T19:06:17.439+0000] {processor.py:840} INFO - DAG(s) 'example_trigger_controller_dag' retrieved from /home/airflow/.local/lib/python3.12/site-packages/airflow/example_dags/example_trigger_controller_dag.py
[2026-05-09T19:06:17.467+0000] {logging_mixin.py:188} INFO - [2026-05-09T19:06:17.467+0000] {dag.py:3096} INFO - Sync 1 DAGs
[2026-05-09T19:06:17.491+0000] {logging_mixin.py:188} INFO - [2026-05-09T19:06:17.491+0000] {dag.py:3954} INFO - Setting next_dagrun for example_trigger_controller_dag to 2021-01-01 00:00:00+00:00, run_after=2021-01-01 00:00:00+00:00
[2026-05-09T19:06:17.524+0000] {processor.py:183} INFO - Processing /home/airflow/.local/lib/python3.12/site-packages/airflow/example_dags/example_trigger_controller_dag.py took 0.102 seconds
[2026-05-09T19:06:47.978+0000] {processor.py:161} INFO - Started process (PID=1795) to work on /home/airflow/.local/lib/python3.12/site-packages/airflow/example_dags/example_trigger_controller_dag.py
[2026-05-09T19:06:47.980+0000] {processor.py:830} INFO - Processing file /home/airflow/.local/lib/python3.12/site-packages/airflow/example_dags/example_trigger_controller_dag.py for tasks to queue
[2026-05-09T19:06:47.981+0000] {logging_mixin.py:188} INFO - [2026-05-09T19:06:47.981+0000] {dagbag.py:545} INFO - Filling up the DagBag from /home/airflow/.local/lib/python3.12/site-packages/airflow/example_dags/example_trigger_controller_dag.py
[2026-05-09T19:06:47.986+0000] {processor.py:840} INFO - DAG(s) 'example_trigger_controller_dag' retrieved from /home/airflow/.local/lib/python3.12/site-packages/airflow/example_dags/example_trigger_controller_dag.py
[2026-05-09T19:06:48.008+0000] {logging_mixin.py:188} INFO - [2026-05-09T19:06:48.008+0000] {dag.py:3096} INFO - Sync 1 DAGs
[2026-05-09T19:06:48.034+0000] {logging_mixin.py:188} INFO - [2026-05-09T19:06:48.033+0000] {dag.py:3954} INFO - Setting next_dagrun for example_trigger_controller_dag to 2021-01-01 00:00:00+00:00, run_after=2021-01-01 00:00:00+00:00
[2026-05-09T19:06:48.061+0000] {processor.py:183} INFO - Processing /home/airflow/.local/lib/python3.12/site-packages/airflow/example_dags/example_trigger_controller_dag.py took 0.087 seconds
[2026-05-09T19:07:18.481+0000] {processor.py:161} INFO - Started process (PID=1854) to work on /home/airflow/.local/lib/python3.12/site-packages/airflow/example_dags/example_trigger_controller_dag.py
[2026-05-09T19:07:18.482+0000] {processor.py:830} INFO - Processing file /home/airflow/.local/lib/python3.12/site-packages/airflow/example_dags/example_trigger_controller_dag.py for tasks to queue
[2026-05-09T19:07:18.484+0000] {logging_mixin.py:188} INFO - [2026-05-09T19:07:18.484+0000] {dagbag.py:545} INFO - Filling up the DagBag from /home/airflow/.local/lib/python3.12/site-packages/airflow/example_dags/example_trigger_controller_dag.py
[2026-05-09T19:07:18.488+0000] {processor.py:840} INFO - DAG(s) 'example_trigger_controller_dag' retrieved from /home/airflow/.local/lib/python3.12/site-packages/airflow/example_dags/example_trigger_controller_dag.py
[2026-05-09T19:07:18.509+0000] {logging_mixin.py:188} INFO - [2026-05-09T19:07:18.509+0000] {dag.py:3096} INFO - Sync 1 DAGs
[2026-05-09T19:07:18.532+0000] {logging_mixin.py:188} INFO - [2026-05-09T19:07:18.532+0000] {dag.py:3954} INFO - Setting next_dagrun for example_trigger_controller_dag to 2021-01-01 00:00:00+00:00, run_after=2021-01-01 00:00:00+00:00
[2026-05-09T19:07:18.556+0000] {processor.py:183} INFO - Processing /home/airflow/.local/lib/python3.12/site-packages/airflow/example_dags/example_trigger_controller_dag.py took 0.080 seconds
[2026-05-09T19:07:48.829+0000] {processor.py:161} INFO - Started process (PID=1913) to work on /home/airflow/.local/lib/python3.12/site-packages/airflow/example_dags/example_trigger_controller_dag.py
[2026-05-09T19:07:48.830+0000] {processor.py:830} INFO - Processing file /home/airflow/.local/lib/python3.12/site-packages/airflow/example_dags/example_trigger_controller_dag.py for tasks to queue
[2026-05-09T19:07:48.833+0000] {logging_mixin.py:188} INFO - [2026-05-09T19:07:48.833+0000] {dagbag.py:545} INFO - Filling up the DagBag from /home/airflow/.local/lib/python3.12/site-packages/airflow/example_dags/example_trigger_controller_dag.py
[2026-05-09T19:07:48.840+0000] {processor.py:840} INFO - DAG(s) 'example_trigger_controller_dag' retrieved from /home/airflow/.local/lib/python3.12/site-packages/airflow/example_dags/example_trigger_controller_dag.py
[2026-05-09T19:07:48.866+0000] {logging_mixin.py:188} INFO - [2026-05-09T19:07:48.865+0000] {dag.py:3096} INFO - Sync 1 DAGs
[2026-05-09T19:07:48.894+0000] {logging_mixin.py:188} INFO - [2026-05-09T19:07:48.894+0000] {dag.py:3954} INFO - Setting next_dagrun for example_trigger_controller_dag to 2021-01-01 00:00:00+00:00, run_after=2021-01-01 00:00:00+00:00
[2026-05-09T19:07:48.929+0000] {processor.py:183} INFO - Processing /home/airflow/.local/lib/python3.12/site-packages/airflow/example_dags/example_trigger_controller_dag.py took 0.106 seconds
[2026-05-09T19:08:19.451+0000] {processor.py:161} INFO - Started process (PID=1972) to work on /home/airflow/.local/lib/python3.12/site-packages/airflow/example_dags/example_trigger_controller_dag.py
[2026-05-09T19:08:19.452+0000] {processor.py:830} INFO - Processing file /home/airflow/.local/lib/python3.12/site-packages/airflow/example_dags/example_trigger_controller_dag.py for tasks to queue
[2026-05-09T19:08:19.454+0000] {logging_mixin.py:188} INFO - [2026-05-09T19:08:19.453+0000] {dagbag.py:545} INFO - Filling up the DagBag from /home/airflow/.local/lib/python3.12/site-packages/airflow/example_dags/example_trigger_controller_dag.py
[2026-05-09T19:08:19.458+0000] {processor.py:840} INFO - DAG(s) 'example_trigger_controller_dag' retrieved from /home/airflow/.local/lib/python3.12/site-packages/airflow/example_dags/example_trigger_controller_dag.py
[2026-05-09T19:08:19.477+0000] {logging_mixin.py:188} INFO - [2026-05-09T19:08:19.477+0000] {dag.py:3096} INFO - Sync 1 DAGs
[2026-05-09T19:08:19.499+0000] {logging_mixin.py:188} INFO - [2026-05-09T19:08:19.498+0000] {dag.py:3954} INFO - Setting next_dagrun for example_trigger_controller_dag to 2021-01-01 00:00:00+00:00, run_after=2021-01-01 00:00:00+00:00
[2026-05-09T19:08:19.522+0000] {processor.py:183} INFO - Processing /home/airflow/.local/lib/python3.12/site-packages/airflow/example_dags/example_trigger_controller_dag.py took 0.077 seconds
[2026-05-09T19:08:49.691+0000] {processor.py:161} INFO - Started process (PID=2025) to work on /home/airflow/.local/lib/python3.12/site-packages/airflow/example_dags/example_trigger_controller_dag.py
[2026-05-09T19:08:49.693+0000] {processor.py:830} INFO - Processing file /home/airflow/.local/lib/python3.12/site-packages/airflow/example_dags/example_trigger_controller_dag.py for tasks to queue
[2026-05-09T19:08:49.694+0000] {logging_mixin.py:188} INFO - [2026-05-09T19:08:49.694+0000] {dagbag.py:545} INFO - Filling up the DagBag from /home/airflow/.local/lib/python3.12/site-packages/airflow/example_dags/example_trigger_controller_dag.py
[2026-05-09T19:08:49.699+0000] {processor.py:840} INFO - DAG(s) 'example_trigger_controller_dag' retrieved from /home/airflow/.local/lib/python3.12/site-packages/airflow/example_dags/example_trigger_controller_dag.py
[2026-05-09T19:08:49.718+0000] {logging_mixin.py:188} INFO - [2026-05-09T19:08:49.718+0000] {dag.py:3096} INFO - Sync 1 DAGs
[2026-05-09T19:08:49.739+0000] {logging_mixin.py:188} INFO - [2026-05-09T19:08:49.739+0000] {dag.py:3954} INFO - Setting next_dagrun for example_trigger_controller_dag to 2021-01-01 00:00:00+00:00, run_after=2021-01-01 00:00:00+00:00
[2026-05-09T19:08:49.771+0000] {processor.py:183} INFO - Processing /home/airflow/.local/lib/python3.12/site-packages/airflow/example_dags/example_trigger_controller_dag.py took 0.086 seconds
[2026-05-09T19:09:19.913+0000] {processor.py:161} INFO - Started process (PID=2084) to work on /home/airflow/.local/lib/python3.12/site-packages/airflow/example_dags/example_trigger_controller_dag.py
[2026-05-09T19:09:19.914+0000] {processor.py:830} INFO - Processing file /home/airflow/.local/lib/python3.12/site-packages/airflow/example_dags/example_trigger_controller_dag.py for tasks to queue
[2026-05-09T19:09:19.916+0000] {logging_mixin.py:188} INFO - [2026-05-09T19:09:19.916+0000] {dagbag.py:545} INFO - Filling up the DagBag from /home/airflow/.local/lib/python3.12/site-packages/airflow/example_dags/example_trigger_controller_dag.py
[2026-05-09T19:09:19.921+0000] {processor.py:840} INFO - DAG(s) 'example_trigger_controller_dag' retrieved from /home/airflow/.local/lib/python3.12/site-packages/airflow/example_dags/example_trigger_controller_dag.py
[2026-05-09T19:09:19.942+0000] {logging_mixin.py:188} INFO - [2026-05-09T19:09:19.942+0000] {dag.py:3096} INFO - Sync 1 DAGs
[2026-05-09T19:09:19.962+0000] {logging_mixin.py:188} INFO - [2026-05-09T19:09:19.962+0000] {dag.py:3954} INFO - Setting next_dagrun for example_trigger_controller_dag to 2021-01-01 00:00:00+00:00, run_after=2021-01-01 00:00:00+00:00
[2026-05-09T19:09:19.988+0000] {processor.py:183} INFO - Processing /home/airflow/.local/lib/python3.12/site-packages/airflow/example_dags/example_trigger_controller_dag.py took 0.080 seconds
[2026-05-09T19:09:50.469+0000] {processor.py:161} INFO - Started process (PID=2143) to work on /home/airflow/.local/lib/python3.12/site-packages/airflow/example_dags/example_trigger_controller_dag.py
[2026-05-09T19:09:50.470+0000] {processor.py:830} INFO - Processing file /home/airflow/.local/lib/python3.12/site-packages/airflow/example_dags/example_trigger_controller_dag.py for tasks to queue
[2026-05-09T19:09:50.473+0000] {logging_mixin.py:188} INFO - [2026-05-09T19:09:50.472+0000] {dagbag.py:545} INFO - Filling up the DagBag from /home/airflow/.local/lib/python3.12/site-packages/airflow/example_dags/example_trigger_controller_dag.py
[2026-05-09T19:09:50.478+0000] {processor.py:840} INFO - DAG(s) 'example_trigger_controller_dag' retrieved from /home/airflow/.local/lib/python3.12/site-packages/airflow/example_dags/example_trigger_controller_dag.py
[2026-05-09T19:09:50.505+0000] {logging_mixin.py:188} INFO - [2026-05-09T19:09:50.505+0000] {dag.py:3096} INFO - Sync 1 DAGs
[2026-05-09T19:09:50.569+0000] {logging_mixin.py:188} INFO - [2026-05-09T19:09:50.568+0000] {dag.py:3954} INFO - Setting next_dagrun for example_trigger_controller_dag to 2021-01-01 00:00:00+00:00, run_after=2021-01-01 00:00:00+00:00
[2026-05-09T19:09:50.637+0000] {processor.py:183} INFO - Processing /home/airflow/.local/lib/python3.12/site-packages/airflow/example_dags/example_trigger_controller_dag.py took 0.174 seconds
[2026-05-09T19:10:21.067+0000] {processor.py:161} INFO - Started process (PID=2202) to work on /home/airflow/.local/lib/python3.12/site-packages/airflow/example_dags/example_trigger_controller_dag.py
[2026-05-09T19:10:21.068+0000] {processor.py:830} INFO - Processing file /home/airflow/.local/lib/python3.12/site-packages/airflow/example_dags/example_trigger_controller_dag.py for tasks to queue
[2026-05-09T19:10:21.071+0000] {logging_mixin.py:188} INFO - [2026-05-09T19:10:21.070+0000] {dagbag.py:545} INFO - Filling up the DagBag from /home/airflow/.local/lib/python3.12/site-packages/airflow/example_dags/example_trigger_controller_dag.py
[2026-05-09T19:10:21.075+0000] {processor.py:840} INFO - DAG(s) 'example_trigger_controller_dag' retrieved from /home/airflow/.local/lib/python3.12/site-packages/airflow/example_dags/example_trigger_controller_dag.py
[2026-05-09T19:10:21.095+0000] {logging_mixin.py:188} INFO - [2026-05-09T19:10:21.095+0000] {dag.py:3096} INFO - Sync 1 DAGs
[2026-05-09T19:10:21.117+0000] {logging_mixin.py:188} INFO - [2026-05-09T19:10:21.116+0000] {dag.py:3954} INFO - Setting next_dagrun for example_trigger_controller_dag to 2021-01-01 00:00:00+00:00, run_after=2021-01-01 00:00:00+00:00
[2026-05-09T19:10:21.143+0000] {processor.py:183} INFO - Processing /home/airflow/.local/lib/python3.12/site-packages/airflow/example_dags/example_trigger_controller_dag.py took 0.082 seconds
[2026-05-09T19:10:51.363+0000] {processor.py:161} INFO - Started process (PID=2261) to work on /home/airflow/.local/lib/python3.12/site-packages/airflow/example_dags/example_trigger_controller_dag.py
[2026-05-09T19:10:51.365+0000] {processor.py:830} INFO - Processing file /home/airflow/.local/lib/python3.12/site-packages/airflow/example_dags/example_trigger_controller_dag.py for tasks to queue
[2026-05-09T19:10:51.367+0000] {logging_mixin.py:188} INFO - [2026-05-09T19:10:51.367+0000] {dagbag.py:545} INFO - Filling up the DagBag from /home/airflow/.local/lib/python3.12/site-packages/airflow/example_dags/example_trigger_controller_dag.py
[2026-05-09T19:10:51.372+0000] {processor.py:840} INFO - DAG(s) 'example_trigger_controller_dag' retrieved from /home/airflow/.local/lib/python3.12/site-packages/airflow/example_dags/example_trigger_controller_dag.py
[2026-05-09T19:10:51.394+0000] {logging_mixin.py:188} INFO - [2026-05-09T19:10:51.394+0000] {dag.py:3096} INFO - Sync 1 DAGs
[2026-05-09T19:10:51.417+0000] {logging_mixin.py:188} INFO - [2026-05-09T19:10:51.417+0000] {dag.py:3954} INFO - Setting next_dagrun for example_trigger_controller_dag to 2021-01-01 00:00:00+00:00, run_after=2021-01-01 00:00:00+00:00
[2026-05-09T19:10:51.445+0000] {processor.py:183} INFO - Processing /home/airflow/.local/lib/python3.12/site-packages/airflow/example_dags/example_trigger_controller_dag.py took 0.087 seconds
[2026-05-09T19:11:22.140+0000] {processor.py:161} INFO - Started process (PID=2320) to work on /home/airflow/.local/lib/python3.12/site-packages/airflow/example_dags/example_trigger_controller_dag.py
[2026-05-09T19:11:22.141+0000] {processor.py:830} INFO - Processing file /home/airflow/.local/lib/python3.12/site-packages/airflow/example_dags/example_trigger_controller_dag.py for tasks to queue
[2026-05-09T19:11:22.143+0000] {logging_mixin.py:188} INFO - [2026-05-09T19:11:22.143+0000] {dagbag.py:545} INFO - Filling up the DagBag from /home/airflow/.local/lib/python3.12/site-packages/airflow/example_dags/example_trigger_controller_dag.py
[2026-05-09T19:11:22.149+0000] {processor.py:840} INFO - DAG(s) 'example_trigger_controller_dag' retrieved from /home/airflow/.local/lib/python3.12/site-packages/airflow/example_dags/example_trigger_controller_dag.py
[2026-05-09T19:11:22.170+0000] {logging_mixin.py:188} INFO - [2026-05-09T19:11:22.170+0000] {dag.py:3096} INFO - Sync 1 DAGs
[2026-05-09T19:11:22.193+0000] {logging_mixin.py:188} INFO - [2026-05-09T19:11:22.193+0000] {dag.py:3954} INFO - Setting next_dagrun for example_trigger_controller_dag to 2021-01-01 00:00:00+00:00, run_after=2021-01-01 00:00:00+00:00
[2026-05-09T19:11:22.218+0000] {processor.py:183} INFO - Processing /home/airflow/.local/lib/python3.12/site-packages/airflow/example_dags/example_trigger_controller_dag.py took 0.084 seconds
[2026-05-09T19:11:53.132+0000] {processor.py:161} INFO - Started process (PID=2379) to work on /home/airflow/.local/lib/python3.12/site-packages/airflow/example_dags/example_trigger_controller_dag.py
[2026-05-09T19:11:53.133+0000] {processor.py:830} INFO - Processing file /home/airflow/.local/lib/python3.12/site-packages/airflow/example_dags/example_trigger_controller_dag.py for tasks to queue
[2026-05-09T19:11:53.136+0000] {logging_mixin.py:188} INFO - [2026-05-09T19:11:53.135+0000] {dagbag.py:545} INFO - Filling up the DagBag from /home/airflow/.local/lib/python3.12/site-packages/airflow/example_dags/example_trigger_controller_dag.py
[2026-05-09T19:11:53.142+0000] {processor.py:840} INFO - DAG(s) 'example_trigger_controller_dag' retrieved from /home/airflow/.local/lib/python3.12/site-packages/airflow/example_dags/example_trigger_controller_dag.py
[2026-05-09T19:11:53.166+0000] {logging_mixin.py:188} INFO - [2026-05-09T19:11:53.165+0000] {dag.py:3096} INFO - Sync 1 DAGs
[2026-05-09T19:11:53.195+0000] {logging_mixin.py:188} INFO - [2026-05-09T19:11:53.195+0000] {dag.py:3954} INFO - Setting next_dagrun for example_trigger_controller_dag to 2021-01-01 00:00:00+00:00, run_after=2021-01-01 00:00:00+00:00
[2026-05-09T19:11:53.225+0000] {processor.py:183} INFO - Processing /home/airflow/.local/lib/python3.12/site-packages/airflow/example_dags/example_trigger_controller_dag.py took 0.101 seconds
[2026-05-09T19:12:23.646+0000] {processor.py:161} INFO - Started process (PID=2438) to work on /home/airflow/.local/lib/python3.12/site-packages/airflow/example_dags/example_trigger_controller_dag.py
[2026-05-09T19:12:23.648+0000] {processor.py:830} INFO - Processing file /home/airflow/.local/lib/python3.12/site-packages/airflow/example_dags/example_trigger_controller_dag.py for tasks to queue
[2026-05-09T19:12:23.650+0000] {logging_mixin.py:188} INFO - [2026-05-09T19:12:23.650+0000] {dagbag.py:545} INFO - Filling up the DagBag from /home/airflow/.local/lib/python3.12/site-packages/airflow/example_dags/example_trigger_controller_dag.py
[2026-05-09T19:12:23.656+0000] {processor.py:840} INFO - DAG(s) 'example_trigger_controller_dag' retrieved from /home/airflow/.local/lib/python3.12/site-packages/airflow/example_dags/example_trigger_controller_dag.py
[2026-05-09T19:12:23.680+0000] {logging_mixin.py:188} INFO - [2026-05-09T19:12:23.679+0000] {dag.py:3096} INFO - Sync 1 DAGs
[2026-05-09T19:12:23.705+0000] {logging_mixin.py:188} INFO - [2026-05-09T19:12:23.705+0000] {dag.py:3954} INFO - Setting next_dagrun for example_trigger_controller_dag to 2021-01-01 00:00:00+00:00, run_after=2021-01-01 00:00:00+00:00
[2026-05-09T19:12:23.730+0000] {processor.py:183} INFO - Processing /home/airflow/.local/lib/python3.12/site-packages/airflow/example_dags/example_trigger_controller_dag.py took 0.092 seconds
[2026-05-09T19:12:54.051+0000] {processor.py:161} INFO - Started process (PID=2497) to work on /home/airflow/.local/lib/python3.12/site-packages/airflow/example_dags/example_trigger_controller_dag.py
[2026-05-09T19:12:54.052+0000] {processor.py:830} INFO - Processing file /home/airflow/.local/lib/python3.12/site-packages/airflow/example_dags/example_trigger_controller_dag.py for tasks to queue
[2026-05-09T19:12:54.054+0000] {logging_mixin.py:188} INFO - [2026-05-09T19:12:54.053+0000] {dagbag.py:545} INFO - Filling up the DagBag from /home/airflow/.local/lib/python3.12/site-packages/airflow/example_dags/example_trigger_controller_dag.py
[2026-05-09T19:12:54.058+0000] {processor.py:840} INFO - DAG(s) 'example_trigger_controller_dag' retrieved from /home/airflow/.local/lib/python3.12/site-packages/airflow/example_dags/example_trigger_controller_dag.py
[2026-05-09T19:12:54.078+0000] {logging_mixin.py:188} INFO - [2026-05-09T19:12:54.078+0000] {dag.py:3096} INFO - Sync 1 DAGs
[2026-05-09T19:12:54.099+0000] {logging_mixin.py:188} INFO - [2026-05-09T19:12:54.098+0000] {dag.py:3954} INFO - Setting next_dagrun for example_trigger_controller_dag to 2021-01-01 00:00:00+00:00, run_after=2021-01-01 00:00:00+00:00
[2026-05-09T19:12:54.120+0000] {processor.py:183} INFO - Processing /home/airflow/.local/lib/python3.12/site-packages/airflow/example_dags/example_trigger_controller_dag.py took 0.075 seconds
[2026-05-09T19:13:24.462+0000] {processor.py:161} INFO - Started process (PID=2556) to work on /home/airflow/.local/lib/python3.12/site-packages/airflow/example_dags/example_trigger_controller_dag.py
[2026-05-09T19:13:24.464+0000] {processor.py:830} INFO - Processing file /home/airflow/.local/lib/python3.12/site-packages/airflow/example_dags/example_trigger_controller_dag.py for tasks to queue
[2026-05-09T19:13:24.465+0000] {logging_mixin.py:188} INFO - [2026-05-09T19:13:24.465+0000] {dagbag.py:545} INFO - Filling up the DagBag from /home/airflow/.local/lib/python3.12/site-packages/airflow/example_dags/example_trigger_controller_dag.py
[2026-05-09T19:13:24.470+0000] {processor.py:840} INFO - DAG(s) 'example_trigger_controller_dag' retrieved from /home/airflow/.local/lib/python3.12/site-packages/airflow/example_dags/example_trigger_controller_dag.py
[2026-05-09T19:13:24.489+0000] {logging_mixin.py:188} INFO - [2026-05-09T19:13:24.488+0000] {dag.py:3096} INFO - Sync 1 DAGs
[2026-05-09T19:13:24.509+0000] {logging_mixin.py:188} INFO - [2026-05-09T19:13:24.509+0000] {dag.py:3954} INFO - Setting next_dagrun for example_trigger_controller_dag to 2021-01-01 00:00:00+00:00, run_after=2021-01-01 00:00:00+00:00
[2026-05-09T19:13:24.531+0000] {processor.py:183} INFO - Processing /home/airflow/.local/lib/python3.12/site-packages/airflow/example_dags/example_trigger_controller_dag.py took 0.073 seconds
[2026-05-09T19:13:55.024+0000] {processor.py:161} INFO - Started process (PID=2615) to work on /home/airflow/.local/lib/python3.12/site-packages/airflow/example_dags/example_trigger_controller_dag.py
[2026-05-09T19:13:55.026+0000] {processor.py:830} INFO - Processing file /home/airflow/.local/lib/python3.12/site-packages/airflow/example_dags/example_trigger_controller_dag.py for tasks to queue
[2026-05-09T19:13:55.028+0000] {logging_mixin.py:188} INFO - [2026-05-09T19:13:55.027+0000] {dagbag.py:545} INFO - Filling up the DagBag from /home/airflow/.local/lib/python3.12/site-packages/airflow/example_dags/example_trigger_controller_dag.py
[2026-05-09T19:13:55.033+0000] {processor.py:840} INFO - DAG(s) 'example_trigger_controller_dag' retrieved from /home/airflow/.local/lib/python3.12/site-packages/airflow/example_dags/example_trigger_controller_dag.py
[2026-05-09T19:13:55.057+0000] {logging_mixin.py:188} INFO - [2026-05-09T19:13:55.056+0000] {dag.py:3096} INFO - Sync 1 DAGs
[2026-05-09T19:13:55.081+0000] {logging_mixin.py:188} INFO - [2026-05-09T19:13:55.081+0000] {dag.py:3954} INFO - Setting next_dagrun for example_trigger_controller_dag to 2021-01-01 00:00:00+00:00, run_after=2021-01-01 00:00:00+00:00
[2026-05-09T19:13:55.110+0000] {processor.py:183} INFO - Processing /home/airflow/.local/lib/python3.12/site-packages/airflow/example_dags/example_trigger_controller_dag.py took 0.091 seconds
[2026-05-09T19:14:25.660+0000] {processor.py:161} INFO - Started process (PID=2674) to work on /home/airflow/.local/lib/python3.12/site-packages/airflow/example_dags/example_trigger_controller_dag.py
[2026-05-09T19:14:25.661+0000] {processor.py:830} INFO - Processing file /home/airflow/.local/lib/python3.12/site-packages/airflow/example_dags/example_trigger_controller_dag.py for tasks to queue
[2026-05-09T19:14:25.662+0000] {logging_mixin.py:188} INFO - [2026-05-09T19:14:25.662+0000] {dagbag.py:545} INFO - Filling up the DagBag from /home/airflow/.local/lib/python3.12/site-packages/airflow/example_dags/example_trigger_controller_dag.py
[2026-05-09T19:14:25.667+0000] {processor.py:840} INFO - DAG(s) 'example_trigger_controller_dag' retrieved from /home/airflow/.local/lib/python3.12/site-packages/airflow/example_dags/example_trigger_controller_dag.py
[2026-05-09T19:14:25.689+0000] {logging_mixin.py:188} INFO - [2026-05-09T19:14:25.689+0000] {dag.py:3096} INFO - Sync 1 DAGs
[2026-05-09T19:14:25.712+0000] {logging_mixin.py:188} INFO - [2026-05-09T19:14:25.712+0000] {dag.py:3954} INFO - Setting next_dagrun for example_trigger_controller_dag to 2021-01-01 00:00:00+00:00, run_after=2021-01-01 00:00:00+00:00
[2026-05-09T19:14:25.734+0000] {processor.py:183} INFO - Processing /home/airflow/.local/lib/python3.12/site-packages/airflow/example_dags/example_trigger_controller_dag.py took 0.079 seconds
[2026-05-09T19:14:56.282+0000] {processor.py:161} INFO - Started process (PID=2733) to work on /home/airflow/.local/lib/python3.12/site-packages/airflow/example_dags/example_trigger_controller_dag.py
[2026-05-09T19:14:56.284+0000] {processor.py:830} INFO - Processing file /home/airflow/.local/lib/python3.12/site-packages/airflow/example_dags/example_trigger_controller_dag.py for tasks to queue
[2026-05-09T19:14:56.286+0000] {logging_mixin.py:188} INFO - [2026-05-09T19:14:56.285+0000] {dagbag.py:545} INFO - Filling up the DagBag from /home/airflow/.local/lib/python3.12/site-packages/airflow/example_dags/example_trigger_controller_dag.py
[2026-05-09T19:14:56.290+0000] {processor.py:840} INFO - DAG(s) 'example_trigger_controller_dag' retrieved from /home/airflow/.local/lib/python3.12/site-packages/airflow/example_dags/example_trigger_controller_dag.py
[2026-05-09T19:14:56.310+0000] {logging_mixin.py:188} INFO - [2026-05-09T19:14:56.310+0000] {dag.py:3096} INFO - Sync 1 DAGs
[2026-05-09T19:14:56.331+0000] {logging_mixin.py:188} INFO - [2026-05-09T19:14:56.330+0000] {dag.py:3954} INFO - Setting next_dagrun for example_trigger_controller_dag to 2021-01-01 00:00:00+00:00, run_after=2021-01-01 00:00:00+00:00
[2026-05-09T19:14:56.352+0000] {processor.py:183} INFO - Processing /home/airflow/.local/lib/python3.12/site-packages/airflow/example_dags/example_trigger_controller_dag.py took 0.075 seconds
[2026-05-09T19:15:27.117+0000] {processor.py:161} INFO - Started process (PID=2792) to work on /home/airflow/.local/lib/python3.12/site-packages/airflow/example_dags/example_trigger_controller_dag.py
[2026-05-09T19:15:27.119+0000] {processor.py:830} INFO - Processing file /home/airflow/.local/lib/python3.12/site-packages/airflow/example_dags/example_trigger_controller_dag.py for tasks to queue
[2026-05-09T19:15:27.121+0000] {logging_mixin.py:188} INFO - [2026-05-09T19:15:27.120+0000] {dagbag.py:545} INFO - Filling up the DagBag from /home/airflow/.local/lib/python3.12/site-packages/airflow/example_dags/example_trigger_controller_dag.py
[2026-05-09T19:15:27.124+0000] {processor.py:840} INFO - DAG(s) 'example_trigger_controller_dag' retrieved from /home/airflow/.local/lib/python3.12/site-packages/airflow/example_dags/example_trigger_controller_dag.py
[2026-05-09T19:15:27.144+0000] {logging_mixin.py:188} INFO - [2026-05-09T19:15:27.144+0000] {dag.py:3096} INFO - Sync 1 DAGs
[2026-05-09T19:15:27.165+0000] {logging_mixin.py:188} INFO - [2026-05-09T19:15:27.165+0000] {dag.py:3954} INFO - Setting next_dagrun for example_trigger_controller_dag to 2021-01-01 00:00:00+00:00, run_after=2021-01-01 00:00:00+00:00
[2026-05-09T19:15:27.187+0000] {processor.py:183} INFO - Processing /home/airflow/.local/lib/python3.12/site-packages/airflow/example_dags/example_trigger_controller_dag.py took 0.075 seconds
[2026-05-09T19:15:57.521+0000] {processor.py:161} INFO - Started process (PID=2851) to work on /home/airflow/.local/lib/python3.12/site-packages/airflow/example_dags/example_trigger_controller_dag.py
[2026-05-09T19:15:57.523+0000] {processor.py:830} INFO - Processing file /home/airflow/.local/lib/python3.12/site-packages/airflow/example_dags/example_trigger_controller_dag.py for tasks to queue
[2026-05-09T19:15:57.525+0000] {logging_mixin.py:188} INFO - [2026-05-09T19:15:57.524+0000] {dagbag.py:545} INFO - Filling up the DagBag from /home/airflow/.local/lib/python3.12/site-packages/airflow/example_dags/example_trigger_controller_dag.py
[2026-05-09T19:15:57.529+0000] {processor.py:840} INFO - DAG(s) 'example_trigger_controller_dag' retrieved from /home/airflow/.local/lib/python3.12/site-packages/airflow/example_dags/example_trigger_controller_dag.py
[2026-05-09T19:15:57.549+0000] {logging_mixin.py:188} INFO - [2026-05-09T19:15:57.549+0000] {dag.py:3096} INFO - Sync 1 DAGs
[2026-05-09T19:15:57.570+0000] {logging_mixin.py:188} INFO - [2026-05-09T19:15:57.570+0000] {dag.py:3954} INFO - Setting next_dagrun for example_trigger_controller_dag to 2021-01-01 00:00:00+00:00, run_after=2021-01-01 00:00:00+00:00
[2026-05-09T19:15:57.593+0000] {processor.py:183} INFO - Processing /home/airflow/.local/lib/python3.12/site-packages/airflow/example_dags/example_trigger_controller_dag.py took 0.076 seconds
[2026-05-09T19:16:27.886+0000] {processor.py:161} INFO - Started process (PID=2910) to work on /home/airflow/.local/lib/python3.12/site-packages/airflow/example_dags/example_trigger_controller_dag.py
[2026-05-09T19:16:27.887+0000] {processor.py:830} INFO - Processing file /home/airflow/.local/lib/python3.12/site-packages/airflow/example_dags/example_trigger_controller_dag.py for tasks to queue
[2026-05-09T19:16:27.889+0000] {logging_mixin.py:188} INFO - [2026-05-09T19:16:27.889+0000] {dagbag.py:545} INFO - Filling up the DagBag from /home/airflow/.local/lib/python3.12/site-packages/airflow/example_dags/example_trigger_controller_dag.py
[2026-05-09T19:16:27.893+0000] {processor.py:840} INFO - DAG(s) 'example_trigger_controller_dag' retrieved from /home/airflow/.local/lib/python3.12/site-packages/airflow/example_dags/example_trigger_controller_dag.py
[2026-05-09T19:16:27.914+0000] {logging_mixin.py:188} INFO - [2026-05-09T19:16:27.914+0000] {dag.py:3096} INFO - Sync 1 DAGs
[2026-05-09T19:16:27.941+0000] {logging_mixin.py:188} INFO - [2026-05-09T19:16:27.941+0000] {dag.py:3954} INFO - Setting next_dagrun for example_trigger_controller_dag to 2021-01-01 00:00:00+00:00, run_after=2021-01-01 00:00:00+00:00
[2026-05-09T19:16:27.967+0000] {processor.py:183} INFO - Processing /home/airflow/.local/lib/python3.12/site-packages/airflow/example_dags/example_trigger_controller_dag.py took 0.087 seconds
[2026-05-09T19:16:58.470+0000] {processor.py:161} INFO - Started process (PID=2969) to work on /home/airflow/.local/lib/python3.12/site-packages/airflow/example_dags/example_trigger_controller_dag.py
[2026-05-09T19:16:58.471+0000] {processor.py:830} INFO - Processing file /home/airflow/.local/lib/python3.12/site-packages/airflow/example_dags/example_trigger_controller_dag.py for tasks to queue
[2026-05-09T19:16:58.473+0000] {logging_mixin.py:188} INFO - [2026-05-09T19:16:58.473+0000] {dagbag.py:545} INFO - Filling up the DagBag from /home/airflow/.local/lib/python3.12/site-packages/airflow/example_dags/example_trigger_controller_dag.py
[2026-05-09T19:16:58.477+0000] {processor.py:840} INFO - DAG(s) 'example_trigger_controller_dag' retrieved from /home/airflow/.local/lib/python3.12/site-packages/airflow/example_dags/example_trigger_controller_dag.py
[2026-05-09T19:16:58.497+0000] {logging_mixin.py:188} INFO - [2026-05-09T19:16:58.497+0000] {dag.py:3096} INFO - Sync 1 DAGs
[2026-05-09T19:16:58.518+0000] {logging_mixin.py:188} INFO - [2026-05-09T19:16:58.517+0000] {dag.py:3954} INFO - Setting next_dagrun for example_trigger_controller_dag to 2021-01-01 00:00:00+00:00, run_after=2021-01-01 00:00:00+00:00
[2026-05-09T19:16:58.540+0000] {processor.py:183} INFO - Processing /home/airflow/.local/lib/python3.12/site-packages/airflow/example_dags/example_trigger_controller_dag.py took 0.075 seconds
[2026-05-09T19:17:29.417+0000] {processor.py:161} INFO - Started process (PID=3028) to work on /home/airflow/.local/lib/python3.12/site-packages/airflow/example_dags/example_trigger_controller_dag.py
[2026-05-09T19:17:29.418+0000] {processor.py:830} INFO - Processing file /home/airflow/.local/lib/python3.12/site-packages/airflow/example_dags/example_trigger_controller_dag.py for tasks to queue
[2026-05-09T19:17:29.420+0000] {logging_mixin.py:188} INFO - [2026-05-09T19:17:29.420+0000] {dagbag.py:545} INFO - Filling up the DagBag from /home/airflow/.local/lib/python3.12/site-packages/airflow/example_dags/example_trigger_controller_dag.py
[2026-05-09T19:17:29.424+0000] {processor.py:840} INFO - DAG(s) 'example_trigger_controller_dag' retrieved from /home/airflow/.local/lib/python3.12/site-packages/airflow/example_dags/example_trigger_controller_dag.py
[2026-05-09T19:17:29.444+0000] {logging_mixin.py:188} INFO - [2026-05-09T19:17:29.443+0000] {dag.py:3096} INFO - Sync 1 DAGs
[2026-05-09T19:17:29.466+0000] {logging_mixin.py:188} INFO - [2026-05-09T19:17:29.465+0000] {dag.py:3954} INFO - Setting next_dagrun for example_trigger_controller_dag to 2021-01-01 00:00:00+00:00, run_after=2021-01-01 00:00:00+00:00
[2026-05-09T19:17:29.487+0000] {processor.py:183} INFO - Processing /home/airflow/.local/lib/python3.12/site-packages/airflow/example_dags/example_trigger_controller_dag.py took 0.075 seconds
[2026-05-09T19:17:59.766+0000] {processor.py:161} INFO - Started process (PID=3087) to work on /home/airflow/.local/lib/python3.12/site-packages/airflow/example_dags/example_trigger_controller_dag.py
[2026-05-09T19:17:59.767+0000] {processor.py:830} INFO - Processing file /home/airflow/.local/lib/python3.12/site-packages/airflow/example_dags/example_trigger_controller_dag.py for tasks to queue
[2026-05-09T19:17:59.769+0000] {logging_mixin.py:188} INFO - [2026-05-09T19:17:59.769+0000] {dagbag.py:545} INFO - Filling up the DagBag from /home/airflow/.local/lib/python3.12/site-packages/airflow/example_dags/example_trigger_controller_dag.py
[2026-05-09T19:17:59.773+0000] {processor.py:840} INFO - DAG(s) 'example_trigger_controller_dag' retrieved from /home/airflow/.local/lib/python3.12/site-packages/airflow/example_dags/example_trigger_controller_dag.py
[2026-05-09T19:17:59.793+0000] {logging_mixin.py:188} INFO - [2026-05-09T19:17:59.793+0000] {dag.py:3096} INFO - Sync 1 DAGs
[2026-05-09T19:17:59.814+0000] {logging_mixin.py:188} INFO - [2026-05-09T19:17:59.814+0000] {dag.py:3954} INFO - Setting next_dagrun for example_trigger_controller_dag to 2021-01-01 00:00:00+00:00, run_after=2021-01-01 00:00:00+00:00
[2026-05-09T19:17:59.836+0000] {processor.py:183} INFO - Processing /home/airflow/.local/lib/python3.12/site-packages/airflow/example_dags/example_trigger_controller_dag.py took 0.076 seconds
[2026-05-09T19:18:29.961+0000] {processor.py:161} INFO - Started process (PID=3146) to work on /home/airflow/.local/lib/python3.12/site-packages/airflow/example_dags/example_trigger_controller_dag.py
[2026-05-09T19:18:29.962+0000] {processor.py:830} INFO - Processing file /home/airflow/.local/lib/python3.12/site-packages/airflow/example_dags/example_trigger_controller_dag.py for tasks to queue
[2026-05-09T19:18:29.964+0000] {logging_mixin.py:188} INFO - [2026-05-09T19:18:29.963+0000] {dagbag.py:545} INFO - Filling up the DagBag from /home/airflow/.local/lib/python3.12/site-packages/airflow/example_dags/example_trigger_controller_dag.py
[2026-05-09T19:18:29.968+0000] {processor.py:840} INFO - DAG(s) 'example_trigger_controller_dag' retrieved from /home/airflow/.local/lib/python3.12/site-packages/airflow/example_dags/example_trigger_controller_dag.py
[2026-05-09T19:18:29.990+0000] {logging_mixin.py:188} INFO - [2026-05-09T19:18:29.989+0000] {dag.py:3096} INFO - Sync 1 DAGs
[2026-05-09T19:18:30.022+0000] {logging_mixin.py:188} INFO - [2026-05-09T19:18:30.022+0000] {dag.py:3954} INFO - Setting next_dagrun for example_trigger_controller_dag to 2021-01-01 00:00:00+00:00, run_after=2021-01-01 00:00:00+00:00
[2026-05-09T19:18:30.047+0000] {processor.py:183} INFO - Processing /home/airflow/.local/lib/python3.12/site-packages/airflow/example_dags/example_trigger_controller_dag.py took 0.092 seconds
[2026-05-09T19:19:00.917+0000] {processor.py:161} INFO - Started process (PID=3205) to work on /home/airflow/.local/lib/python3.12/site-packages/airflow/example_dags/example_trigger_controller_dag.py
[2026-05-09T19:19:00.918+0000] {processor.py:830} INFO - Processing file /home/airflow/.local/lib/python3.12/site-packages/airflow/example_dags/example_trigger_controller_dag.py for tasks to queue
[2026-05-09T19:19:00.920+0000] {logging_mixin.py:188} INFO - [2026-05-09T19:19:00.919+0000] {dagbag.py:545} INFO - Filling up the DagBag from /home/airflow/.local/lib/python3.12/site-packages/airflow/example_dags/example_trigger_controller_dag.py
[2026-05-09T19:19:00.924+0000] {processor.py:840} INFO - DAG(s) 'example_trigger_controller_dag' retrieved from /home/airflow/.local/lib/python3.12/site-packages/airflow/example_dags/example_trigger_controller_dag.py
[2026-05-09T19:19:00.944+0000] {logging_mixin.py:188} INFO - [2026-05-09T19:19:00.944+0000] {dag.py:3096} INFO - Sync 1 DAGs
[2026-05-09T19:19:00.965+0000] {logging_mixin.py:188} INFO - [2026-05-09T19:19:00.965+0000] {dag.py:3954} INFO - Setting next_dagrun for example_trigger_controller_dag to 2021-01-01 00:00:00+00:00, run_after=2021-01-01 00:00:00+00:00
[2026-05-09T19:19:00.991+0000] {processor.py:183} INFO - Processing /home/airflow/.local/lib/python3.12/site-packages/airflow/example_dags/example_trigger_controller_dag.py took 0.079 seconds
[2026-05-09T19:19:31.397+0000] {processor.py:161} INFO - Started process (PID=3264) to work on /home/airflow/.local/lib/python3.12/site-packages/airflow/example_dags/example_trigger_controller_dag.py
[2026-05-09T19:19:31.399+0000] {processor.py:830} INFO - Processing file /home/airflow/.local/lib/python3.12/site-packages/airflow/example_dags/example_trigger_controller_dag.py for tasks to queue
[2026-05-09T19:19:31.401+0000] {logging_mixin.py:188} INFO - [2026-05-09T19:19:31.400+0000] {dagbag.py:545} INFO - Filling up the DagBag from /home/airflow/.local/lib/python3.12/site-packages/airflow/example_dags/example_trigger_controller_dag.py
[2026-05-09T19:19:31.405+0000] {processor.py:840} INFO - DAG(s) 'example_trigger_controller_dag' retrieved from /home/airflow/.local/lib/python3.12/site-packages/airflow/example_dags/example_trigger_controller_dag.py
[2026-05-09T19:19:31.427+0000] {logging_mixin.py:188} INFO - [2026-05-09T19:19:31.427+0000] {dag.py:3096} INFO - Sync 1 DAGs
[2026-05-09T19:19:31.449+0000] {logging_mixin.py:188} INFO - [2026-05-09T19:19:31.449+0000] {dag.py:3954} INFO - Setting next_dagrun for example_trigger_controller_dag to 2021-01-01 00:00:00+00:00, run_after=2021-01-01 00:00:00+00:00
[2026-05-09T19:19:31.472+0000] {processor.py:183} INFO - Processing /home/airflow/.local/lib/python3.12/site-packages/airflow/example_dags/example_trigger_controller_dag.py took 0.080 seconds
[2026-05-09T19:20:01.919+0000] {processor.py:161} INFO - Started process (PID=3323) to work on /home/airflow/.local/lib/python3.12/site-packages/airflow/example_dags/example_trigger_controller_dag.py
[2026-05-09T19:20:01.920+0000] {processor.py:830} INFO - Processing file /home/airflow/.local/lib/python3.12/site-packages/airflow/example_dags/example_trigger_controller_dag.py for tasks to queue
[2026-05-09T19:20:01.922+0000] {logging_mixin.py:188} INFO - [2026-05-09T19:20:01.922+0000] {dagbag.py:545} INFO - Filling up the DagBag from /home/airflow/.local/lib/python3.12/site-packages/airflow/example_dags/example_trigger_controller_dag.py
[2026-05-09T19:20:01.927+0000] {processor.py:840} INFO - DAG(s) 'example_trigger_controller_dag' retrieved from /home/airflow/.local/lib/python3.12/site-packages/airflow/example_dags/example_trigger_controller_dag.py
[2026-05-09T19:20:01.947+0000] {logging_mixin.py:188} INFO - [2026-05-09T19:20:01.947+0000] {dag.py:3096} INFO - Sync 1 DAGs
[2026-05-09T19:20:01.968+0000] {logging_mixin.py:188} INFO - [2026-05-09T19:20:01.967+0000] {dag.py:3954} INFO - Setting next_dagrun for example_trigger_controller_dag to 2021-01-01 00:00:00+00:00, run_after=2021-01-01 00:00:00+00:00
[2026-05-09T19:20:01.991+0000] {processor.py:183} INFO - Processing /home/airflow/.local/lib/python3.12/site-packages/airflow/example_dags/example_trigger_controller_dag.py took 0.078 seconds
[2026-05-09T19:20:32.910+0000] {processor.py:161} INFO - Started process (PID=3382) to work on /home/airflow/.local/lib/python3.12/site-packages/airflow/example_dags/example_trigger_controller_dag.py
[2026-05-09T19:20:32.911+0000] {processor.py:830} INFO - Processing file /home/airflow/.local/lib/python3.12/site-packages/airflow/example_dags/example_trigger_controller_dag.py for tasks to queue
[2026-05-09T19:20:32.914+0000] {logging_mixin.py:188} INFO - [2026-05-09T19:20:32.913+0000] {dagbag.py:545} INFO - Filling up the DagBag from /home/airflow/.local/lib/python3.12/site-packages/airflow/example_dags/example_trigger_controller_dag.py
[2026-05-09T19:20:32.918+0000] {processor.py:840} INFO - DAG(s) 'example_trigger_controller_dag' retrieved from /home/airflow/.local/lib/python3.12/site-packages/airflow/example_dags/example_trigger_controller_dag.py
[2026-05-09T19:20:32.938+0000] {logging_mixin.py:188} INFO - [2026-05-09T19:20:32.938+0000] {dag.py:3096} INFO - Sync 1 DAGs
[2026-05-09T19:20:32.958+0000] {logging_mixin.py:188} INFO - [2026-05-09T19:20:32.958+0000] {dag.py:3954} INFO - Setting next_dagrun for example_trigger_controller_dag to 2021-01-01 00:00:00+00:00, run_after=2021-01-01 00:00:00+00:00
[2026-05-09T19:20:32.980+0000] {processor.py:183} INFO - Processing /home/airflow/.local/lib/python3.12/site-packages/airflow/example_dags/example_trigger_controller_dag.py took 0.075 seconds
[2026-05-09T19:21:03.529+0000] {processor.py:161} INFO - Started process (PID=3441) to work on /home/airflow/.local/lib/python3.12/site-packages/airflow/example_dags/example_trigger_controller_dag.py
[2026-05-09T19:21:03.530+0000] {processor.py:830} INFO - Processing file /home/airflow/.local/lib/python3.12/site-packages/airflow/example_dags/example_trigger_controller_dag.py for tasks to queue
[2026-05-09T19:21:03.533+0000] {logging_mixin.py:188} INFO - [2026-05-09T19:21:03.532+0000] {dagbag.py:545} INFO - Filling up the DagBag from /home/airflow/.local/lib/python3.12/site-packages/airflow/example_dags/example_trigger_controller_dag.py
[2026-05-09T19:21:03.538+0000] {processor.py:840} INFO - DAG(s) 'example_trigger_controller_dag' retrieved from /home/airflow/.local/lib/python3.12/site-packages/airflow/example_dags/example_trigger_controller_dag.py
[2026-05-09T19:21:03.566+0000] {logging_mixin.py:188} INFO - [2026-05-09T19:21:03.566+0000] {dag.py:3096} INFO - Sync 1 DAGs
[2026-05-09T19:21:03.594+0000] {logging_mixin.py:188} INFO - [2026-05-09T19:21:03.594+0000] {dag.py:3954} INFO - Setting next_dagrun for example_trigger_controller_dag to 2021-01-01 00:00:00+00:00, run_after=2021-01-01 00:00:00+00:00
[2026-05-09T19:21:03.624+0000] {processor.py:183} INFO - Processing /home/airflow/.local/lib/python3.12/site-packages/airflow/example_dags/example_trigger_controller_dag.py took 0.101 seconds
[2026-05-09T19:21:33.779+0000] {processor.py:161} INFO - Started process (PID=3500) to work on /home/airflow/.local/lib/python3.12/site-packages/airflow/example_dags/example_trigger_controller_dag.py
[2026-05-09T19:21:33.780+0000] {processor.py:830} INFO - Processing file /home/airflow/.local/lib/python3.12/site-packages/airflow/example_dags/example_trigger_controller_dag.py for tasks to queue
[2026-05-09T19:21:33.782+0000] {logging_mixin.py:188} INFO - [2026-05-09T19:21:33.782+0000] {dagbag.py:545} INFO - Filling up the DagBag from /home/airflow/.local/lib/python3.12/site-packages/airflow/example_dags/example_trigger_controller_dag.py
[2026-05-09T19:21:33.787+0000] {processor.py:840} INFO - DAG(s) 'example_trigger_controller_dag' retrieved from /home/airflow/.local/lib/python3.12/site-packages/airflow/example_dags/example_trigger_controller_dag.py
[2026-05-09T19:21:33.807+0000] {logging_mixin.py:188} INFO - [2026-05-09T19:21:33.807+0000] {dag.py:3096} INFO - Sync 1 DAGs
[2026-05-09T19:21:33.828+0000] {logging_mixin.py:188} INFO - [2026-05-09T19:21:33.828+0000] {dag.py:3954} INFO - Setting next_dagrun for example_trigger_controller_dag to 2021-01-01 00:00:00+00:00, run_after=2021-01-01 00:00:00+00:00
[2026-05-09T19:21:33.851+0000] {processor.py:183} INFO - Processing /home/airflow/.local/lib/python3.12/site-packages/airflow/example_dags/example_trigger_controller_dag.py took 0.079 seconds
[2026-05-09T19:22:04.631+0000] {processor.py:161} INFO - Started process (PID=3559) to work on /home/airflow/.local/lib/python3.12/site-packages/airflow/example_dags/example_trigger_controller_dag.py
[2026-05-09T19:22:04.633+0000] {processor.py:830} INFO - Processing file /home/airflow/.local/lib/python3.12/site-packages/airflow/example_dags/example_trigger_controller_dag.py for tasks to queue
[2026-05-09T19:22:04.635+0000] {logging_mixin.py:188} INFO - [2026-05-09T19:22:04.635+0000] {dagbag.py:545} INFO - Filling up the DagBag from /home/airflow/.local/lib/python3.12/site-packages/airflow/example_dags/example_trigger_controller_dag.py
[2026-05-09T19:22:04.639+0000] {processor.py:840} INFO - DAG(s) 'example_trigger_controller_dag' retrieved from /home/airflow/.local/lib/python3.12/site-packages/airflow/example_dags/example_trigger_controller_dag.py
[2026-05-09T19:22:04.658+0000] {logging_mixin.py:188} INFO - [2026-05-09T19:22:04.658+0000] {dag.py:3096} INFO - Sync 1 DAGs
[2026-05-09T19:22:04.680+0000] {logging_mixin.py:188} INFO - [2026-05-09T19:22:04.680+0000] {dag.py:3954} INFO - Setting next_dagrun for example_trigger_controller_dag to 2021-01-01 00:00:00+00:00, run_after=2021-01-01 00:00:00+00:00
[2026-05-09T19:22:04.702+0000] {processor.py:183} INFO - Processing /home/airflow/.local/lib/python3.12/site-packages/airflow/example_dags/example_trigger_controller_dag.py took 0.076 seconds
[2026-05-09T19:22:35.528+0000] {processor.py:161} INFO - Started process (PID=3618) to work on /home/airflow/.local/lib/python3.12/site-packages/airflow/example_dags/example_trigger_controller_dag.py
[2026-05-09T19:22:35.530+0000] {processor.py:830} INFO - Processing file /home/airflow/.local/lib/python3.12/site-packages/airflow/example_dags/example_trigger_controller_dag.py for tasks to queue
[2026-05-09T19:22:35.531+0000] {logging_mixin.py:188} INFO - [2026-05-09T19:22:35.531+0000] {dagbag.py:545} INFO - Filling up the DagBag from /home/airflow/.local/lib/python3.12/site-packages/airflow/example_dags/example_trigger_controller_dag.py
[2026-05-09T19:22:35.536+0000] {processor.py:840} INFO - DAG(s) 'example_trigger_controller_dag' retrieved from /home/airflow/.local/lib/python3.12/site-packages/airflow/example_dags/example_trigger_controller_dag.py
[2026-05-09T19:22:35.555+0000] {logging_mixin.py:188} INFO - [2026-05-09T19:22:35.555+0000] {dag.py:3096} INFO - Sync 1 DAGs
[2026-05-09T19:22:35.577+0000] {logging_mixin.py:188} INFO - [2026-05-09T19:22:35.577+0000] {dag.py:3954} INFO - Setting next_dagrun for example_trigger_controller_dag to 2021-01-01 00:00:00+00:00, run_after=2021-01-01 00:00:00+00:00
[2026-05-09T19:22:35.599+0000] {processor.py:183} INFO - Processing /home/airflow/.local/lib/python3.12/site-packages/airflow/example_dags/example_trigger_controller_dag.py took 0.076 seconds
[2026-05-09T19:23:05.823+0000] {processor.py:161} INFO - Started process (PID=3677) to work on /home/airflow/.local/lib/python3.12/site-packages/airflow/example_dags/example_trigger_controller_dag.py
[2026-05-09T19:23:05.824+0000] {processor.py:830} INFO - Processing file /home/airflow/.local/lib/python3.12/site-packages/airflow/example_dags/example_trigger_controller_dag.py for tasks to queue
[2026-05-09T19:23:05.826+0000] {logging_mixin.py:188} INFO - [2026-05-09T19:23:05.826+0000] {dagbag.py:545} INFO - Filling up the DagBag from /home/airflow/.local/lib/python3.12/site-packages/airflow/example_dags/example_trigger_controller_dag.py
[2026-05-09T19:23:05.831+0000] {processor.py:840} INFO - DAG(s) 'example_trigger_controller_dag' retrieved from /home/airflow/.local/lib/python3.12/site-packages/airflow/example_dags/example_trigger_controller_dag.py
[2026-05-09T19:23:05.851+0000] {logging_mixin.py:188} INFO - [2026-05-09T19:23:05.851+0000] {dag.py:3096} INFO - Sync 1 DAGs
[2026-05-09T19:23:05.872+0000] {logging_mixin.py:188} INFO - [2026-05-09T19:23:05.872+0000] {dag.py:3954} INFO - Setting next_dagrun for example_trigger_controller_dag to 2021-01-01 00:00:00+00:00, run_after=2021-01-01 00:00:00+00:00
[2026-05-09T19:23:05.895+0000] {processor.py:183} INFO - Processing /home/airflow/.local/lib/python3.12/site-packages/airflow/example_dags/example_trigger_controller_dag.py took 0.077 seconds
[2026-05-09T19:23:36.327+0000] {processor.py:161} INFO - Started process (PID=3736) to work on /home/airflow/.local/lib/python3.12/site-packages/airflow/example_dags/example_trigger_controller_dag.py
[2026-05-09T19:23:36.328+0000] {processor.py:830} INFO - Processing file /home/airflow/.local/lib/python3.12/site-packages/airflow/example_dags/example_trigger_controller_dag.py for tasks to queue
[2026-05-09T19:23:36.330+0000] {logging_mixin.py:188} INFO - [2026-05-09T19:23:36.330+0000] {dagbag.py:545} INFO - Filling up the DagBag from /home/airflow/.local/lib/python3.12/site-packages/airflow/example_dags/example_trigger_controller_dag.py
[2026-05-09T19:23:36.335+0000] {processor.py:840} INFO - DAG(s) 'example_trigger_controller_dag' retrieved from /home/airflow/.local/lib/python3.12/site-packages/airflow/example_dags/example_trigger_controller_dag.py
[2026-05-09T19:23:36.354+0000] {logging_mixin.py:188} INFO - [2026-05-09T19:23:36.354+0000] {dag.py:3096} INFO - Sync 1 DAGs
[2026-05-09T19:23:36.376+0000] {logging_mixin.py:188} INFO - [2026-05-09T19:23:36.376+0000] {dag.py:3954} INFO - Setting next_dagrun for example_trigger_controller_dag to 2021-01-01 00:00:00+00:00, run_after=2021-01-01 00:00:00+00:00
[2026-05-09T19:23:36.405+0000] {processor.py:183} INFO - Processing /home/airflow/.local/lib/python3.12/site-packages/airflow/example_dags/example_trigger_controller_dag.py took 0.083 seconds
[2026-05-09T19:24:07.265+0000] {processor.py:161} INFO - Started process (PID=3795) to work on /home/airflow/.local/lib/python3.12/site-packages/airflow/example_dags/example_trigger_controller_dag.py
[2026-05-09T19:24:07.266+0000] {processor.py:830} INFO - Processing file /home/airflow/.local/lib/python3.12/site-packages/airflow/example_dags/example_trigger_controller_dag.py for tasks to queue
[2026-05-09T19:24:07.269+0000] {logging_mixin.py:188} INFO - [2026-05-09T19:24:07.268+0000] {dagbag.py:545} INFO - Filling up the DagBag from /home/airflow/.local/lib/python3.12/site-packages/airflow/example_dags/example_trigger_controller_dag.py
[2026-05-09T19:24:07.274+0000] {processor.py:840} INFO - DAG(s) 'example_trigger_controller_dag' retrieved from /home/airflow/.local/lib/python3.12/site-packages/airflow/example_dags/example_trigger_controller_dag.py
[2026-05-09T19:24:07.297+0000] {logging_mixin.py:188} INFO - [2026-05-09T19:24:07.296+0000] {dag.py:3096} INFO - Sync 1 DAGs
[2026-05-09T19:24:07.327+0000] {logging_mixin.py:188} INFO - [2026-05-09T19:24:07.326+0000] {dag.py:3954} INFO - Setting next_dagrun for example_trigger_controller_dag to 2021-01-01 00:00:00+00:00, run_after=2021-01-01 00:00:00+00:00
[2026-05-09T19:24:07.359+0000] {processor.py:183} INFO - Processing /home/airflow/.local/lib/python3.12/site-packages/airflow/example_dags/example_trigger_controller_dag.py took 0.100 seconds
[2026-05-09T19:24:38.054+0000] {processor.py:161} INFO - Started process (PID=3854) to work on /home/airflow/.local/lib/python3.12/site-packages/airflow/example_dags/example_trigger_controller_dag.py
[2026-05-09T19:24:38.055+0000] {processor.py:830} INFO - Processing file /home/airflow/.local/lib/python3.12/site-packages/airflow/example_dags/example_trigger_controller_dag.py for tasks to queue
[2026-05-09T19:24:38.057+0000] {logging_mixin.py:188} INFO - [2026-05-09T19:24:38.057+0000] {dagbag.py:545} INFO - Filling up the DagBag from /home/airflow/.local/lib/python3.12/site-packages/airflow/example_dags/example_trigger_controller_dag.py
[2026-05-09T19:24:38.062+0000] {processor.py:840} INFO - DAG(s) 'example_trigger_controller_dag' retrieved from /home/airflow/.local/lib/python3.12/site-packages/airflow/example_dags/example_trigger_controller_dag.py
[2026-05-09T19:24:38.082+0000] {logging_mixin.py:188} INFO - [2026-05-09T19:24:38.081+0000] {dag.py:3096} INFO - Sync 1 DAGs
[2026-05-09T19:24:38.102+0000] {logging_mixin.py:188} INFO - [2026-05-09T19:24:38.101+0000] {dag.py:3954} INFO - Setting next_dagrun for example_trigger_controller_dag to 2021-01-01 00:00:00+00:00, run_after=2021-01-01 00:00:00+00:00
[2026-05-09T19:24:38.123+0000] {processor.py:183} INFO - Processing /home/airflow/.local/lib/python3.12/site-packages/airflow/example_dags/example_trigger_controller_dag.py took 0.074 seconds
[2026-05-09T19:25:08.544+0000] {processor.py:161} INFO - Started process (PID=3913) to work on /home/airflow/.local/lib/python3.12/site-packages/airflow/example_dags/example_trigger_controller_dag.py
[2026-05-09T19:25:08.546+0000] {processor.py:830} INFO - Processing file /home/airflow/.local/lib/python3.12/site-packages/airflow/example_dags/example_trigger_controller_dag.py for tasks to queue
[2026-05-09T19:25:08.548+0000] {logging_mixin.py:188} INFO - [2026-05-09T19:25:08.548+0000] {dagbag.py:545} INFO - Filling up the DagBag from /home/airflow/.local/lib/python3.12/site-packages/airflow/example_dags/example_trigger_controller_dag.py
[2026-05-09T19:25:08.553+0000] {processor.py:840} INFO - DAG(s) 'example_trigger_controller_dag' retrieved from /home/airflow/.local/lib/python3.12/site-packages/airflow/example_dags/example_trigger_controller_dag.py
[2026-05-09T19:25:08.574+0000] {logging_mixin.py:188} INFO - [2026-05-09T19:25:08.574+0000] {dag.py:3096} INFO - Sync 1 DAGs
[2026-05-09T19:25:08.595+0000] {logging_mixin.py:188} INFO - [2026-05-09T19:25:08.595+0000] {dag.py:3954} INFO - Setting next_dagrun for example_trigger_controller_dag to 2021-01-01 00:00:00+00:00, run_after=2021-01-01 00:00:00+00:00
[2026-05-09T19:25:08.617+0000] {processor.py:183} INFO - Processing /home/airflow/.local/lib/python3.12/site-packages/airflow/example_dags/example_trigger_controller_dag.py took 0.078 seconds
[2026-05-09T19:25:39.412+0000] {processor.py:161} INFO - Started process (PID=3972) to work on /home/airflow/.local/lib/python3.12/site-packages/airflow/example_dags/example_trigger_controller_dag.py
[2026-05-09T19:25:39.414+0000] {processor.py:830} INFO - Processing file /home/airflow/.local/lib/python3.12/site-packages/airflow/example_dags/example_trigger_controller_dag.py for tasks to queue
[2026-05-09T19:25:39.416+0000] {logging_mixin.py:188} INFO - [2026-05-09T19:25:39.415+0000] {dagbag.py:545} INFO - Filling up the DagBag from /home/airflow/.local/lib/python3.12/site-packages/airflow/example_dags/example_trigger_controller_dag.py
[2026-05-09T19:25:39.420+0000] {processor.py:840} INFO - DAG(s) 'example_trigger_controller_dag' retrieved from /home/airflow/.local/lib/python3.12/site-packages/airflow/example_dags/example_trigger_controller_dag.py
[2026-05-09T19:25:39.442+0000] {logging_mixin.py:188} INFO - [2026-05-09T19:25:39.441+0000] {dag.py:3096} INFO - Sync 1 DAGs
[2026-05-09T19:25:39.465+0000] {logging_mixin.py:188} INFO - [2026-05-09T19:25:39.465+0000] {dag.py:3954} INFO - Setting next_dagrun for example_trigger_controller_dag to 2021-01-01 00:00:00+00:00, run_after=2021-01-01 00:00:00+00:00
[2026-05-09T19:25:39.492+0000] {processor.py:183} INFO - Processing /home/airflow/.local/lib/python3.12/site-packages/airflow/example_dags/example_trigger_controller_dag.py took 0.085 seconds
[2026-05-09T19:26:10.507+0000] {processor.py:161} INFO - Started process (PID=4031) to work on /home/airflow/.local/lib/python3.12/site-packages/airflow/example_dags/example_trigger_controller_dag.py
[2026-05-09T19:26:10.508+0000] {processor.py:830} INFO - Processing file /home/airflow/.local/lib/python3.12/site-packages/airflow/example_dags/example_trigger_controller_dag.py for tasks to queue
[2026-05-09T19:26:10.510+0000] {logging_mixin.py:188} INFO - [2026-05-09T19:26:10.510+0000] {dagbag.py:545} INFO - Filling up the DagBag from /home/airflow/.local/lib/python3.12/site-packages/airflow/example_dags/example_trigger_controller_dag.py
[2026-05-09T19:26:10.514+0000] {processor.py:840} INFO - DAG(s) 'example_trigger_controller_dag' retrieved from /home/airflow/.local/lib/python3.12/site-packages/airflow/example_dags/example_trigger_controller_dag.py
[2026-05-09T19:26:10.534+0000] {logging_mixin.py:188} INFO - [2026-05-09T19:26:10.534+0000] {dag.py:3096} INFO - Sync 1 DAGs
[2026-05-09T19:26:10.556+0000] {logging_mixin.py:188} INFO - [2026-05-09T19:26:10.556+0000] {dag.py:3954} INFO - Setting next_dagrun for example_trigger_controller_dag to 2021-01-01 00:00:00+00:00, run_after=2021-01-01 00:00:00+00:00
[2026-05-09T19:26:10.580+0000] {processor.py:183} INFO - Processing /home/airflow/.local/lib/python3.12/site-packages/airflow/example_dags/example_trigger_controller_dag.py took 0.079 seconds
[2026-05-09T19:26:41.452+0000] {processor.py:161} INFO - Started process (PID=4090) to work on /home/airflow/.local/lib/python3.12/site-packages/airflow/example_dags/example_trigger_controller_dag.py
[2026-05-09T19:26:41.454+0000] {processor.py:830} INFO - Processing file /home/airflow/.local/lib/python3.12/site-packages/airflow/example_dags/example_trigger_controller_dag.py for tasks to queue
[2026-05-09T19:26:41.456+0000] {logging_mixin.py:188} INFO - [2026-05-09T19:26:41.456+0000] {dagbag.py:545} INFO - Filling up the DagBag from /home/airflow/.local/lib/python3.12/site-packages/airflow/example_dags/example_trigger_controller_dag.py
[2026-05-09T19:26:41.461+0000] {processor.py:840} INFO - DAG(s) 'example_trigger_controller_dag' retrieved from /home/airflow/.local/lib/python3.12/site-packages/airflow/example_dags/example_trigger_controller_dag.py
[2026-05-09T19:26:41.481+0000] {logging_mixin.py:188} INFO - [2026-05-09T19:26:41.480+0000] {dag.py:3096} INFO - Sync 1 DAGs
[2026-05-09T19:26:41.501+0000] {logging_mixin.py:188} INFO - [2026-05-09T19:26:41.501+0000] {dag.py:3954} INFO - Setting next_dagrun for example_trigger_controller_dag to 2021-01-01 00:00:00+00:00, run_after=2021-01-01 00:00:00+00:00
[2026-05-09T19:26:41.524+0000] {processor.py:183} INFO - Processing /home/airflow/.local/lib/python3.12/site-packages/airflow/example_dags/example_trigger_controller_dag.py took 0.077 seconds
[2026-05-09T19:27:11.785+0000] {processor.py:161} INFO - Started process (PID=4149) to work on /home/airflow/.local/lib/python3.12/site-packages/airflow/example_dags/example_trigger_controller_dag.py
[2026-05-09T19:27:11.786+0000] {processor.py:830} INFO - Processing file /home/airflow/.local/lib/python3.12/site-packages/airflow/example_dags/example_trigger_controller_dag.py for tasks to queue
[2026-05-09T19:27:11.788+0000] {logging_mixin.py:188} INFO - [2026-05-09T19:27:11.788+0000] {dagbag.py:545} INFO - Filling up the DagBag from /home/airflow/.local/lib/python3.12/site-packages/airflow/example_dags/example_trigger_controller_dag.py
[2026-05-09T19:27:11.793+0000] {processor.py:840} INFO - DAG(s) 'example_trigger_controller_dag' retrieved from /home/airflow/.local/lib/python3.12/site-packages/airflow/example_dags/example_trigger_controller_dag.py
[2026-05-09T19:27:11.813+0000] {logging_mixin.py:188} INFO - [2026-05-09T19:27:11.813+0000] {dag.py:3096} INFO - Sync 1 DAGs
[2026-05-09T19:27:11.838+0000] {logging_mixin.py:188} INFO - [2026-05-09T19:27:11.838+0000] {dag.py:3954} INFO - Setting next_dagrun for example_trigger_controller_dag to 2021-01-01 00:00:00+00:00, run_after=2021-01-01 00:00:00+00:00
[2026-05-09T19:27:11.862+0000] {processor.py:183} INFO - Processing /home/airflow/.local/lib/python3.12/site-packages/airflow/example_dags/example_trigger_controller_dag.py took 0.082 seconds
[2026-05-09T19:27:42.585+0000] {processor.py:161} INFO - Started process (PID=4208) to work on /home/airflow/.local/lib/python3.12/site-packages/airflow/example_dags/example_trigger_controller_dag.py
[2026-05-09T19:27:42.586+0000] {processor.py:830} INFO - Processing file /home/airflow/.local/lib/python3.12/site-packages/airflow/example_dags/example_trigger_controller_dag.py for tasks to queue
[2026-05-09T19:27:42.588+0000] {logging_mixin.py:188} INFO - [2026-05-09T19:27:42.588+0000] {dagbag.py:545} INFO - Filling up the DagBag from /home/airflow/.local/lib/python3.12/site-packages/airflow/example_dags/example_trigger_controller_dag.py
[2026-05-09T19:27:42.593+0000] {processor.py:840} INFO - DAG(s) 'example_trigger_controller_dag' retrieved from /home/airflow/.local/lib/python3.12/site-packages/airflow/example_dags/example_trigger_controller_dag.py
[2026-05-09T19:27:42.613+0000] {logging_mixin.py:188} INFO - [2026-05-09T19:27:42.613+0000] {dag.py:3096} INFO - Sync 1 DAGs
[2026-05-09T19:27:42.637+0000] {logging_mixin.py:188} INFO - [2026-05-09T19:27:42.637+0000] {dag.py:3954} INFO - Setting next_dagrun for example_trigger_controller_dag to 2021-01-01 00:00:00+00:00, run_after=2021-01-01 00:00:00+00:00
[2026-05-09T19:27:42.664+0000] {processor.py:183} INFO - Processing /home/airflow/.local/lib/python3.12/site-packages/airflow/example_dags/example_trigger_controller_dag.py took 0.085 seconds
[2026-05-09T19:28:12.849+0000] {processor.py:161} INFO - Started process (PID=4267) to work on /home/airflow/.local/lib/python3.12/site-packages/airflow/example_dags/example_trigger_controller_dag.py
[2026-05-09T19:28:12.850+0000] {processor.py:830} INFO - Processing file /home/airflow/.local/lib/python3.12/site-packages/airflow/example_dags/example_trigger_controller_dag.py for tasks to queue
[2026-05-09T19:28:12.852+0000] {logging_mixin.py:188} INFO - [2026-05-09T19:28:12.852+0000] {dagbag.py:545} INFO - Filling up the DagBag from /home/airflow/.local/lib/python3.12/site-packages/airflow/example_dags/example_trigger_controller_dag.py
[2026-05-09T19:28:12.857+0000] {processor.py:840} INFO - DAG(s) 'example_trigger_controller_dag' retrieved from /home/airflow/.local/lib/python3.12/site-packages/airflow/example_dags/example_trigger_controller_dag.py
[2026-05-09T19:28:12.876+0000] {logging_mixin.py:188} INFO - [2026-05-09T19:28:12.875+0000] {dag.py:3096} INFO - Sync 1 DAGs
[2026-05-09T19:28:12.895+0000] {logging_mixin.py:188} INFO - [2026-05-09T19:28:12.895+0000] {dag.py:3954} INFO - Setting next_dagrun for example_trigger_controller_dag to 2021-01-01 00:00:00+00:00, run_after=2021-01-01 00:00:00+00:00
[2026-05-09T19:28:12.918+0000] {processor.py:183} INFO - Processing /home/airflow/.local/lib/python3.12/site-packages/airflow/example_dags/example_trigger_controller_dag.py took 0.074 seconds
[2026-05-09T19:28:43.533+0000] {processor.py:161} INFO - Started process (PID=4326) to work on /home/airflow/.local/lib/python3.12/site-packages/airflow/example_dags/example_trigger_controller_dag.py
[2026-05-09T19:28:43.534+0000] {processor.py:830} INFO - Processing file /home/airflow/.local/lib/python3.12/site-packages/airflow/example_dags/example_trigger_controller_dag.py for tasks to queue
[2026-05-09T19:28:43.536+0000] {logging_mixin.py:188} INFO - [2026-05-09T19:28:43.536+0000] {dagbag.py:545} INFO - Filling up the DagBag from /home/airflow/.local/lib/python3.12/site-packages/airflow/example_dags/example_trigger_controller_dag.py
[2026-05-09T19:28:43.540+0000] {processor.py:840} INFO - DAG(s) 'example_trigger_controller_dag' retrieved from /home/airflow/.local/lib/python3.12/site-packages/airflow/example_dags/example_trigger_controller_dag.py
[2026-05-09T19:28:43.561+0000] {logging_mixin.py:188} INFO - [2026-05-09T19:28:43.560+0000] {dag.py:3096} INFO - Sync 1 DAGs
[2026-05-09T19:28:43.584+0000] {logging_mixin.py:188} INFO - [2026-05-09T19:28:43.583+0000] {dag.py:3954} INFO - Setting next_dagrun for example_trigger_controller_dag to 2021-01-01 00:00:00+00:00, run_after=2021-01-01 00:00:00+00:00
[2026-05-09T19:28:43.606+0000] {processor.py:183} INFO - Processing /home/airflow/.local/lib/python3.12/site-packages/airflow/example_dags/example_trigger_controller_dag.py took 0.079 seconds
[2026-05-09T19:29:14.341+0000] {processor.py:161} INFO - Started process (PID=4385) to work on /home/airflow/.local/lib/python3.12/site-packages/airflow/example_dags/example_trigger_controller_dag.py
[2026-05-09T19:29:14.342+0000] {processor.py:830} INFO - Processing file /home/airflow/.local/lib/python3.12/site-packages/airflow/example_dags/example_trigger_controller_dag.py for tasks to queue
[2026-05-09T19:29:14.344+0000] {logging_mixin.py:188} INFO - [2026-05-09T19:29:14.344+0000] {dagbag.py:545} INFO - Filling up the DagBag from /home/airflow/.local/lib/python3.12/site-packages/airflow/example_dags/example_trigger_controller_dag.py
[2026-05-09T19:29:14.348+0000] {processor.py:840} INFO - DAG(s) 'example_trigger_controller_dag' retrieved from /home/airflow/.local/lib/python3.12/site-packages/airflow/example_dags/example_trigger_controller_dag.py
[2026-05-09T19:29:14.371+0000] {logging_mixin.py:188} INFO - [2026-05-09T19:29:14.371+0000] {dag.py:3096} INFO - Sync 1 DAGs
[2026-05-09T19:29:14.396+0000] {logging_mixin.py:188} INFO - [2026-05-09T19:29:14.396+0000] {dag.py:3954} INFO - Setting next_dagrun for example_trigger_controller_dag to 2021-01-01 00:00:00+00:00, run_after=2021-01-01 00:00:00+00:00
[2026-05-09T19:29:14.422+0000] {processor.py:183} INFO - Processing /home/airflow/.local/lib/python3.12/site-packages/airflow/example_dags/example_trigger_controller_dag.py took 0.086 seconds
[2026-05-09T19:29:45.120+0000] {processor.py:161} INFO - Started process (PID=4444) to work on /home/airflow/.local/lib/python3.12/site-packages/airflow/example_dags/example_trigger_controller_dag.py
[2026-05-09T19:29:45.122+0000] {processor.py:830} INFO - Processing file /home/airflow/.local/lib/python3.12/site-packages/airflow/example_dags/example_trigger_controller_dag.py for tasks to queue
[2026-05-09T19:29:45.124+0000] {logging_mixin.py:188} INFO - [2026-05-09T19:29:45.124+0000] {dagbag.py:545} INFO - Filling up the DagBag from /home/airflow/.local/lib/python3.12/site-packages/airflow/example_dags/example_trigger_controller_dag.py
[2026-05-09T19:29:45.128+0000] {processor.py:840} INFO - DAG(s) 'example_trigger_controller_dag' retrieved from /home/airflow/.local/lib/python3.12/site-packages/airflow/example_dags/example_trigger_controller_dag.py
[2026-05-09T19:29:45.150+0000] {logging_mixin.py:188} INFO - [2026-05-09T19:29:45.149+0000] {dag.py:3096} INFO - Sync 1 DAGs
[2026-05-09T19:29:45.173+0000] {logging_mixin.py:188} INFO - [2026-05-09T19:29:45.173+0000] {dag.py:3954} INFO - Setting next_dagrun for example_trigger_controller_dag to 2021-01-01 00:00:00+00:00, run_after=2021-01-01 00:00:00+00:00
[2026-05-09T19:29:45.195+0000] {processor.py:183} INFO - Processing /home/airflow/.local/lib/python3.12/site-packages/airflow/example_dags/example_trigger_controller_dag.py took 0.080 seconds
[2026-05-09T19:30:16.087+0000] {processor.py:161} INFO - Started process (PID=4503) to work on /home/airflow/.local/lib/python3.12/site-packages/airflow/example_dags/example_trigger_controller_dag.py
[2026-05-09T19:30:16.088+0000] {processor.py:830} INFO - Processing file /home/airflow/.local/lib/python3.12/site-packages/airflow/example_dags/example_trigger_controller_dag.py for tasks to queue
[2026-05-09T19:30:16.090+0000] {logging_mixin.py:188} INFO - [2026-05-09T19:30:16.090+0000] {dagbag.py:545} INFO - Filling up the DagBag from /home/airflow/.local/lib/python3.12/site-packages/airflow/example_dags/example_trigger_controller_dag.py
[2026-05-09T19:30:16.095+0000] {processor.py:840} INFO - DAG(s) 'example_trigger_controller_dag' retrieved from /home/airflow/.local/lib/python3.12/site-packages/airflow/example_dags/example_trigger_controller_dag.py
[2026-05-09T19:30:16.114+0000] {logging_mixin.py:188} INFO - [2026-05-09T19:30:16.114+0000] {dag.py:3096} INFO - Sync 1 DAGs
[2026-05-09T19:30:16.136+0000] {logging_mixin.py:188} INFO - [2026-05-09T19:30:16.136+0000] {dag.py:3954} INFO - Setting next_dagrun for example_trigger_controller_dag to 2021-01-01 00:00:00+00:00, run_after=2021-01-01 00:00:00+00:00
[2026-05-09T19:30:16.161+0000] {processor.py:183} INFO - Processing /home/airflow/.local/lib/python3.12/site-packages/airflow/example_dags/example_trigger_controller_dag.py took 0.080 seconds
[2026-05-09T19:30:46.617+0000] {processor.py:161} INFO - Started process (PID=4562) to work on /home/airflow/.local/lib/python3.12/site-packages/airflow/example_dags/example_trigger_controller_dag.py
[2026-05-09T19:30:46.618+0000] {processor.py:830} INFO - Processing file /home/airflow/.local/lib/python3.12/site-packages/airflow/example_dags/example_trigger_controller_dag.py for tasks to queue
[2026-05-09T19:30:46.620+0000] {logging_mixin.py:188} INFO - [2026-05-09T19:30:46.620+0000] {dagbag.py:545} INFO - Filling up the DagBag from /home/airflow/.local/lib/python3.12/site-packages/airflow/example_dags/example_trigger_controller_dag.py
[2026-05-09T19:30:46.624+0000] {processor.py:840} INFO - DAG(s) 'example_trigger_controller_dag' retrieved from /home/airflow/.local/lib/python3.12/site-packages/airflow/example_dags/example_trigger_controller_dag.py
[2026-05-09T19:30:46.643+0000] {logging_mixin.py:188} INFO - [2026-05-09T19:30:46.643+0000] {dag.py:3096} INFO - Sync 1 DAGs
[2026-05-09T19:30:46.665+0000] {logging_mixin.py:188} INFO - [2026-05-09T19:30:46.664+0000] {dag.py:3954} INFO - Setting next_dagrun for example_trigger_controller_dag to 2021-01-01 00:00:00+00:00, run_after=2021-01-01 00:00:00+00:00
[2026-05-09T19:30:46.691+0000] {processor.py:183} INFO - Processing /home/airflow/.local/lib/python3.12/site-packages/airflow/example_dags/example_trigger_controller_dag.py took 0.079 seconds
[2026-05-09T19:31:17.742+0000] {processor.py:161} INFO - Started process (PID=4621) to work on /home/airflow/.local/lib/python3.12/site-packages/airflow/example_dags/example_trigger_controller_dag.py
[2026-05-09T19:31:17.744+0000] {processor.py:830} INFO - Processing file /home/airflow/.local/lib/python3.12/site-packages/airflow/example_dags/example_trigger_controller_dag.py for tasks to queue
[2026-05-09T19:31:17.746+0000] {logging_mixin.py:188} INFO - [2026-05-09T19:31:17.746+0000] {dagbag.py:545} INFO - Filling up the DagBag from /home/airflow/.local/lib/python3.12/site-packages/airflow/example_dags/example_trigger_controller_dag.py
[2026-05-09T19:31:17.751+0000] {processor.py:840} INFO - DAG(s) 'example_trigger_controller_dag' retrieved from /home/airflow/.local/lib/python3.12/site-packages/airflow/example_dags/example_trigger_controller_dag.py
[2026-05-09T19:31:17.770+0000] {logging_mixin.py:188} INFO - [2026-05-09T19:31:17.770+0000] {dag.py:3096} INFO - Sync 1 DAGs
[2026-05-09T19:31:17.792+0000] {logging_mixin.py:188} INFO - [2026-05-09T19:31:17.791+0000] {dag.py:3954} INFO - Setting next_dagrun for example_trigger_controller_dag to 2021-01-01 00:00:00+00:00, run_after=2021-01-01 00:00:00+00:00
[2026-05-09T19:31:17.815+0000] {processor.py:183} INFO - Processing /home/airflow/.local/lib/python3.12/site-packages/airflow/example_dags/example_trigger_controller_dag.py took 0.080 seconds
[2026-05-09T19:31:48.499+0000] {processor.py:161} INFO - Started process (PID=4680) to work on /home/airflow/.local/lib/python3.12/site-packages/airflow/example_dags/example_trigger_controller_dag.py
[2026-05-09T19:31:48.500+0000] {processor.py:830} INFO - Processing file /home/airflow/.local/lib/python3.12/site-packages/airflow/example_dags/example_trigger_controller_dag.py for tasks to queue
[2026-05-09T19:31:48.502+0000] {logging_mixin.py:188} INFO - [2026-05-09T19:31:48.501+0000] {dagbag.py:545} INFO - Filling up the DagBag from /home/airflow/.local/lib/python3.12/site-packages/airflow/example_dags/example_trigger_controller_dag.py
[2026-05-09T19:31:48.507+0000] {processor.py:840} INFO - DAG(s) 'example_trigger_controller_dag' retrieved from /home/airflow/.local/lib/python3.12/site-packages/airflow/example_dags/example_trigger_controller_dag.py
[2026-05-09T19:31:48.527+0000] {logging_mixin.py:188} INFO - [2026-05-09T19:31:48.527+0000] {dag.py:3096} INFO - Sync 1 DAGs
[2026-05-09T19:31:48.551+0000] {logging_mixin.py:188} INFO - [2026-05-09T19:31:48.551+0000] {dag.py:3954} INFO - Setting next_dagrun for example_trigger_controller_dag to 2021-01-01 00:00:00+00:00, run_after=2021-01-01 00:00:00+00:00
[2026-05-09T19:31:48.573+0000] {processor.py:183} INFO - Processing /home/airflow/.local/lib/python3.12/site-packages/airflow/example_dags/example_trigger_controller_dag.py took 0.080 seconds
[2026-05-09T19:32:19.736+0000] {processor.py:161} INFO - Started process (PID=4739) to work on /home/airflow/.local/lib/python3.12/site-packages/airflow/example_dags/example_trigger_controller_dag.py
[2026-05-09T19:32:19.737+0000] {processor.py:830} INFO - Processing file /home/airflow/.local/lib/python3.12/site-packages/airflow/example_dags/example_trigger_controller_dag.py for tasks to queue
[2026-05-09T19:32:19.739+0000] {logging_mixin.py:188} INFO - [2026-05-09T19:32:19.738+0000] {dagbag.py:545} INFO - Filling up the DagBag from /home/airflow/.local/lib/python3.12/site-packages/airflow/example_dags/example_trigger_controller_dag.py
[2026-05-09T19:32:19.744+0000] {processor.py:840} INFO - DAG(s) 'example_trigger_controller_dag' retrieved from /home/airflow/.local/lib/python3.12/site-packages/airflow/example_dags/example_trigger_controller_dag.py
[2026-05-09T19:32:19.765+0000] {logging_mixin.py:188} INFO - [2026-05-09T19:32:19.765+0000] {dag.py:3096} INFO - Sync 1 DAGs
[2026-05-09T19:32:19.791+0000] {logging_mixin.py:188} INFO - [2026-05-09T19:32:19.790+0000] {dag.py:3954} INFO - Setting next_dagrun for example_trigger_controller_dag to 2021-01-01 00:00:00+00:00, run_after=2021-01-01 00:00:00+00:00
[2026-05-09T19:32:19.815+0000] {processor.py:183} INFO - Processing /home/airflow/.local/lib/python3.12/site-packages/airflow/example_dags/example_trigger_controller_dag.py took 0.086 seconds
[2026-05-09T19:32:50.557+0000] {processor.py:161} INFO - Started process (PID=4799) to work on /home/airflow/.local/lib/python3.12/site-packages/airflow/example_dags/example_trigger_controller_dag.py
[2026-05-09T19:32:50.559+0000] {processor.py:830} INFO - Processing file /home/airflow/.local/lib/python3.12/site-packages/airflow/example_dags/example_trigger_controller_dag.py for tasks to queue
[2026-05-09T19:32:50.561+0000] {logging_mixin.py:188} INFO - [2026-05-09T19:32:50.561+0000] {dagbag.py:545} INFO - Filling up the DagBag from /home/airflow/.local/lib/python3.12/site-packages/airflow/example_dags/example_trigger_controller_dag.py
[2026-05-09T19:32:50.566+0000] {processor.py:840} INFO - DAG(s) 'example_trigger_controller_dag' retrieved from /home/airflow/.local/lib/python3.12/site-packages/airflow/example_dags/example_trigger_controller_dag.py
[2026-05-09T19:32:50.587+0000] {logging_mixin.py:188} INFO - [2026-05-09T19:32:50.587+0000] {dag.py:3096} INFO - Sync 1 DAGs
[2026-05-09T19:32:50.613+0000] {logging_mixin.py:188} INFO - [2026-05-09T19:32:50.613+0000] {dag.py:3954} INFO - Setting next_dagrun for example_trigger_controller_dag to 2021-01-01 00:00:00+00:00, run_after=2021-01-01 00:00:00+00:00
[2026-05-09T19:32:50.638+0000] {processor.py:183} INFO - Processing /home/airflow/.local/lib/python3.12/site-packages/airflow/example_dags/example_trigger_controller_dag.py took 0.086 seconds
[2026-05-09T19:33:22.331+0000] {processor.py:161} INFO - Started process (PID=4858) to work on /home/airflow/.local/lib/python3.12/site-packages/airflow/example_dags/example_trigger_controller_dag.py
[2026-05-09T19:33:22.332+0000] {processor.py:830} INFO - Processing file /home/airflow/.local/lib/python3.12/site-packages/airflow/example_dags/example_trigger_controller_dag.py for tasks to queue
[2026-05-09T19:33:22.335+0000] {logging_mixin.py:188} INFO - [2026-05-09T19:33:22.335+0000] {dagbag.py:545} INFO - Filling up the DagBag from /home/airflow/.local/lib/python3.12/site-packages/airflow/example_dags/example_trigger_controller_dag.py
[2026-05-09T19:33:22.341+0000] {processor.py:840} INFO - DAG(s) 'example_trigger_controller_dag' retrieved from /home/airflow/.local/lib/python3.12/site-packages/airflow/example_dags/example_trigger_controller_dag.py
[2026-05-09T19:33:22.368+0000] {logging_mixin.py:188} INFO - [2026-05-09T19:33:22.367+0000] {dag.py:3096} INFO - Sync 1 DAGs
[2026-05-09T19:33:22.397+0000] {logging_mixin.py:188} INFO - [2026-05-09T19:33:22.396+0000] {dag.py:3954} INFO - Setting next_dagrun for example_trigger_controller_dag to 2021-01-01 00:00:00+00:00, run_after=2021-01-01 00:00:00+00:00
[2026-05-09T19:33:22.427+0000] {processor.py:183} INFO - Processing /home/airflow/.local/lib/python3.12/site-packages/airflow/example_dags/example_trigger_controller_dag.py took 0.103 seconds
[2026-05-09T19:33:52.648+0000] {processor.py:161} INFO - Started process (PID=4917) to work on /home/airflow/.local/lib/python3.12/site-packages/airflow/example_dags/example_trigger_controller_dag.py
[2026-05-09T19:33:52.650+0000] {processor.py:830} INFO - Processing file /home/airflow/.local/lib/python3.12/site-packages/airflow/example_dags/example_trigger_controller_dag.py for tasks to queue
[2026-05-09T19:33:52.652+0000] {logging_mixin.py:188} INFO - [2026-05-09T19:33:52.652+0000] {dagbag.py:545} INFO - Filling up the DagBag from /home/airflow/.local/lib/python3.12/site-packages/airflow/example_dags/example_trigger_controller_dag.py
[2026-05-09T19:33:52.658+0000] {processor.py:840} INFO - DAG(s) 'example_trigger_controller_dag' retrieved from /home/airflow/.local/lib/python3.12/site-packages/airflow/example_dags/example_trigger_controller_dag.py
[2026-05-09T19:33:52.683+0000] {logging_mixin.py:188} INFO - [2026-05-09T19:33:52.683+0000] {dag.py:3096} INFO - Sync 1 DAGs
[2026-05-09T19:33:52.709+0000] {logging_mixin.py:188} INFO - [2026-05-09T19:33:52.709+0000] {dag.py:3954} INFO - Setting next_dagrun for example_trigger_controller_dag to 2021-01-01 00:00:00+00:00, run_after=2021-01-01 00:00:00+00:00
[2026-05-09T19:33:52.738+0000] {processor.py:183} INFO - Processing /home/airflow/.local/lib/python3.12/site-packages/airflow/example_dags/example_trigger_controller_dag.py took 0.095 seconds
[2026-05-09T19:34:22.801+0000] {processor.py:161} INFO - Started process (PID=4976) to work on /home/airflow/.local/lib/python3.12/site-packages/airflow/example_dags/example_trigger_controller_dag.py
[2026-05-09T19:34:22.802+0000] {processor.py:830} INFO - Processing file /home/airflow/.local/lib/python3.12/site-packages/airflow/example_dags/example_trigger_controller_dag.py for tasks to queue
[2026-05-09T19:34:22.805+0000] {logging_mixin.py:188} INFO - [2026-05-09T19:34:22.804+0000] {dagbag.py:545} INFO - Filling up the DagBag from /home/airflow/.local/lib/python3.12/site-packages/airflow/example_dags/example_trigger_controller_dag.py
[2026-05-09T19:34:22.809+0000] {processor.py:840} INFO - DAG(s) 'example_trigger_controller_dag' retrieved from /home/airflow/.local/lib/python3.12/site-packages/airflow/example_dags/example_trigger_controller_dag.py
[2026-05-09T19:34:22.833+0000] {logging_mixin.py:188} INFO - [2026-05-09T19:34:22.833+0000] {dag.py:3096} INFO - Sync 1 DAGs
[2026-05-09T19:34:22.857+0000] {logging_mixin.py:188} INFO - [2026-05-09T19:34:22.856+0000] {dag.py:3954} INFO - Setting next_dagrun for example_trigger_controller_dag to 2021-01-01 00:00:00+00:00, run_after=2021-01-01 00:00:00+00:00
[2026-05-09T19:34:22.881+0000] {processor.py:183} INFO - Processing /home/airflow/.local/lib/python3.12/site-packages/airflow/example_dags/example_trigger_controller_dag.py took 0.086 seconds
[2026-05-09T19:34:53.884+0000] {processor.py:161} INFO - Started process (PID=5035) to work on /home/airflow/.local/lib/python3.12/site-packages/airflow/example_dags/example_trigger_controller_dag.py
[2026-05-09T19:34:53.885+0000] {processor.py:830} INFO - Processing file /home/airflow/.local/lib/python3.12/site-packages/airflow/example_dags/example_trigger_controller_dag.py for tasks to queue
[2026-05-09T19:34:53.887+0000] {logging_mixin.py:188} INFO - [2026-05-09T19:34:53.887+0000] {dagbag.py:545} INFO - Filling up the DagBag from /home/airflow/.local/lib/python3.12/site-packages/airflow/example_dags/example_trigger_controller_dag.py
[2026-05-09T19:34:53.892+0000] {processor.py:840} INFO - DAG(s) 'example_trigger_controller_dag' retrieved from /home/airflow/.local/lib/python3.12/site-packages/airflow/example_dags/example_trigger_controller_dag.py
[2026-05-09T19:34:53.914+0000] {logging_mixin.py:188} INFO - [2026-05-09T19:34:53.914+0000] {dag.py:3096} INFO - Sync 1 DAGs
[2026-05-09T19:34:53.937+0000] {logging_mixin.py:188} INFO - [2026-05-09T19:34:53.937+0000] {dag.py:3954} INFO - Setting next_dagrun for example_trigger_controller_dag to 2021-01-01 00:00:00+00:00, run_after=2021-01-01 00:00:00+00:00
[2026-05-09T19:34:53.965+0000] {processor.py:183} INFO - Processing /home/airflow/.local/lib/python3.12/site-packages/airflow/example_dags/example_trigger_controller_dag.py took 0.087 seconds
[2026-05-09T19:35:25.175+0000] {processor.py:161} INFO - Started process (PID=5095) to work on /home/airflow/.local/lib/python3.12/site-packages/airflow/example_dags/example_trigger_controller_dag.py
[2026-05-09T19:35:25.177+0000] {processor.py:830} INFO - Processing file /home/airflow/.local/lib/python3.12/site-packages/airflow/example_dags/example_trigger_controller_dag.py for tasks to queue
[2026-05-09T19:35:25.180+0000] {logging_mixin.py:188} INFO - [2026-05-09T19:35:25.179+0000] {dagbag.py:545} INFO - Filling up the DagBag from /home/airflow/.local/lib/python3.12/site-packages/airflow/example_dags/example_trigger_controller_dag.py
[2026-05-09T19:35:25.186+0000] {processor.py:840} INFO - DAG(s) 'example_trigger_controller_dag' retrieved from /home/airflow/.local/lib/python3.12/site-packages/airflow/example_dags/example_trigger_controller_dag.py
[2026-05-09T19:35:25.219+0000] {logging_mixin.py:188} INFO - [2026-05-09T19:35:25.219+0000] {dag.py:3096} INFO - Sync 1 DAGs
[2026-05-09T19:35:25.253+0000] {logging_mixin.py:188} INFO - [2026-05-09T19:35:25.252+0000] {dag.py:3954} INFO - Setting next_dagrun for example_trigger_controller_dag to 2021-01-01 00:00:00+00:00, run_after=2021-01-01 00:00:00+00:00
[2026-05-09T19:35:25.282+0000] {processor.py:183} INFO - Processing /home/airflow/.local/lib/python3.12/site-packages/airflow/example_dags/example_trigger_controller_dag.py took 0.115 seconds
[2026-05-09T19:35:55.750+0000] {processor.py:161} INFO - Started process (PID=5154) to work on /home/airflow/.local/lib/python3.12/site-packages/airflow/example_dags/example_trigger_controller_dag.py
[2026-05-09T19:35:55.751+0000] {processor.py:830} INFO - Processing file /home/airflow/.local/lib/python3.12/site-packages/airflow/example_dags/example_trigger_controller_dag.py for tasks to queue
[2026-05-09T19:35:55.753+0000] {logging_mixin.py:188} INFO - [2026-05-09T19:35:55.753+0000] {dagbag.py:545} INFO - Filling up the DagBag from /home/airflow/.local/lib/python3.12/site-packages/airflow/example_dags/example_trigger_controller_dag.py
[2026-05-09T19:35:55.757+0000] {processor.py:840} INFO - DAG(s) 'example_trigger_controller_dag' retrieved from /home/airflow/.local/lib/python3.12/site-packages/airflow/example_dags/example_trigger_controller_dag.py
[2026-05-09T19:35:55.776+0000] {logging_mixin.py:188} INFO - [2026-05-09T19:35:55.776+0000] {dag.py:3096} INFO - Sync 1 DAGs
[2026-05-09T19:35:55.796+0000] {logging_mixin.py:188} INFO - [2026-05-09T19:35:55.796+0000] {dag.py:3954} INFO - Setting next_dagrun for example_trigger_controller_dag to 2021-01-01 00:00:00+00:00, run_after=2021-01-01 00:00:00+00:00
[2026-05-09T19:35:55.817+0000] {processor.py:183} INFO - Processing /home/airflow/.local/lib/python3.12/site-packages/airflow/example_dags/example_trigger_controller_dag.py took 0.072 seconds
[2026-05-09T19:36:26.627+0000] {processor.py:161} INFO - Started process (PID=5213) to work on /home/airflow/.local/lib/python3.12/site-packages/airflow/example_dags/example_trigger_controller_dag.py
[2026-05-09T19:36:26.629+0000] {processor.py:830} INFO - Processing file /home/airflow/.local/lib/python3.12/site-packages/airflow/example_dags/example_trigger_controller_dag.py for tasks to queue
[2026-05-09T19:36:26.631+0000] {logging_mixin.py:188} INFO - [2026-05-09T19:36:26.631+0000] {dagbag.py:545} INFO - Filling up the DagBag from /home/airflow/.local/lib/python3.12/site-packages/airflow/example_dags/example_trigger_controller_dag.py
[2026-05-09T19:36:26.636+0000] {processor.py:840} INFO - DAG(s) 'example_trigger_controller_dag' retrieved from /home/airflow/.local/lib/python3.12/site-packages/airflow/example_dags/example_trigger_controller_dag.py
[2026-05-09T19:36:26.659+0000] {logging_mixin.py:188} INFO - [2026-05-09T19:36:26.659+0000] {dag.py:3096} INFO - Sync 1 DAGs
[2026-05-09T19:36:26.683+0000] {logging_mixin.py:188} INFO - [2026-05-09T19:36:26.683+0000] {dag.py:3954} INFO - Setting next_dagrun for example_trigger_controller_dag to 2021-01-01 00:00:00+00:00, run_after=2021-01-01 00:00:00+00:00
[2026-05-09T19:36:26.709+0000] {processor.py:183} INFO - Processing /home/airflow/.local/lib/python3.12/site-packages/airflow/example_dags/example_trigger_controller_dag.py took 0.090 seconds
[2026-05-09T19:36:57.740+0000] {processor.py:161} INFO - Started process (PID=5272) to work on /home/airflow/.local/lib/python3.12/site-packages/airflow/example_dags/example_trigger_controller_dag.py
[2026-05-09T19:36:57.741+0000] {processor.py:830} INFO - Processing file /home/airflow/.local/lib/python3.12/site-packages/airflow/example_dags/example_trigger_controller_dag.py for tasks to queue
[2026-05-09T19:36:57.744+0000] {logging_mixin.py:188} INFO - [2026-05-09T19:36:57.744+0000] {dagbag.py:545} INFO - Filling up the DagBag from /home/airflow/.local/lib/python3.12/site-packages/airflow/example_dags/example_trigger_controller_dag.py
[2026-05-09T19:36:57.749+0000] {processor.py:840} INFO - DAG(s) 'example_trigger_controller_dag' retrieved from /home/airflow/.local/lib/python3.12/site-packages/airflow/example_dags/example_trigger_controller_dag.py
[2026-05-09T19:36:57.775+0000] {logging_mixin.py:188} INFO - [2026-05-09T19:36:57.774+0000] {dag.py:3096} INFO - Sync 1 DAGs
[2026-05-09T19:36:57.805+0000] {logging_mixin.py:188} INFO - [2026-05-09T19:36:57.804+0000] {dag.py:3954} INFO - Setting next_dagrun for example_trigger_controller_dag to 2021-01-01 00:00:00+00:00, run_after=2021-01-01 00:00:00+00:00
[2026-05-09T19:36:57.838+0000] {processor.py:183} INFO - Processing /home/airflow/.local/lib/python3.12/site-packages/airflow/example_dags/example_trigger_controller_dag.py took 0.105 seconds
[2026-05-09T19:37:28.677+0000] {processor.py:161} INFO - Started process (PID=5331) to work on /home/airflow/.local/lib/python3.12/site-packages/airflow/example_dags/example_trigger_controller_dag.py
[2026-05-09T19:37:28.678+0000] {processor.py:830} INFO - Processing file /home/airflow/.local/lib/python3.12/site-packages/airflow/example_dags/example_trigger_controller_dag.py for tasks to queue
[2026-05-09T19:37:28.680+0000] {logging_mixin.py:188} INFO - [2026-05-09T19:37:28.680+0000] {dagbag.py:545} INFO - Filling up the DagBag from /home/airflow/.local/lib/python3.12/site-packages/airflow/example_dags/example_trigger_controller_dag.py
[2026-05-09T19:37:28.684+0000] {processor.py:840} INFO - DAG(s) 'example_trigger_controller_dag' retrieved from /home/airflow/.local/lib/python3.12/site-packages/airflow/example_dags/example_trigger_controller_dag.py
[2026-05-09T19:37:28.703+0000] {logging_mixin.py:188} INFO - [2026-05-09T19:37:28.703+0000] {dag.py:3096} INFO - Sync 1 DAGs
[2026-05-09T19:37:28.725+0000] {logging_mixin.py:188} INFO - [2026-05-09T19:37:28.724+0000] {dag.py:3954} INFO - Setting next_dagrun for example_trigger_controller_dag to 2021-01-01 00:00:00+00:00, run_after=2021-01-01 00:00:00+00:00
[2026-05-09T19:37:28.749+0000] {processor.py:183} INFO - Processing /home/airflow/.local/lib/python3.12/site-packages/airflow/example_dags/example_trigger_controller_dag.py took 0.078 seconds
[2026-05-09T19:37:59.507+0000] {processor.py:161} INFO - Started process (PID=5390) to work on /home/airflow/.local/lib/python3.12/site-packages/airflow/example_dags/example_trigger_controller_dag.py
[2026-05-09T19:37:59.508+0000] {processor.py:830} INFO - Processing file /home/airflow/.local/lib/python3.12/site-packages/airflow/example_dags/example_trigger_controller_dag.py for tasks to queue
[2026-05-09T19:37:59.511+0000] {logging_mixin.py:188} INFO - [2026-05-09T19:37:59.510+0000] {dagbag.py:545} INFO - Filling up the DagBag from /home/airflow/.local/lib/python3.12/site-packages/airflow/example_dags/example_trigger_controller_dag.py
[2026-05-09T19:37:59.515+0000] {processor.py:840} INFO - DAG(s) 'example_trigger_controller_dag' retrieved from /home/airflow/.local/lib/python3.12/site-packages/airflow/example_dags/example_trigger_controller_dag.py
[2026-05-09T19:37:59.534+0000] {logging_mixin.py:188} INFO - [2026-05-09T19:37:59.534+0000] {dag.py:3096} INFO - Sync 1 DAGs
[2026-05-09T19:37:59.554+0000] {logging_mixin.py:188} INFO - [2026-05-09T19:37:59.554+0000] {dag.py:3954} INFO - Setting next_dagrun for example_trigger_controller_dag to 2021-01-01 00:00:00+00:00, run_after=2021-01-01 00:00:00+00:00
[2026-05-09T19:37:59.578+0000] {processor.py:183} INFO - Processing /home/airflow/.local/lib/python3.12/site-packages/airflow/example_dags/example_trigger_controller_dag.py took 0.076 seconds
[2026-05-09T19:38:30.014+0000] {processor.py:161} INFO - Started process (PID=5449) to work on /home/airflow/.local/lib/python3.12/site-packages/airflow/example_dags/example_trigger_controller_dag.py
[2026-05-09T19:38:30.015+0000] {processor.py:830} INFO - Processing file /home/airflow/.local/lib/python3.12/site-packages/airflow/example_dags/example_trigger_controller_dag.py for tasks to queue
[2026-05-09T19:38:30.017+0000] {logging_mixin.py:188} INFO - [2026-05-09T19:38:30.017+0000] {dagbag.py:545} INFO - Filling up the DagBag from /home/airflow/.local/lib/python3.12/site-packages/airflow/example_dags/example_trigger_controller_dag.py
[2026-05-09T19:38:30.021+0000] {processor.py:840} INFO - DAG(s) 'example_trigger_controller_dag' retrieved from /home/airflow/.local/lib/python3.12/site-packages/airflow/example_dags/example_trigger_controller_dag.py
[2026-05-09T19:38:30.042+0000] {logging_mixin.py:188} INFO - [2026-05-09T19:38:30.041+0000] {dag.py:3096} INFO - Sync 1 DAGs
[2026-05-09T19:38:30.067+0000] {logging_mixin.py:188} INFO - [2026-05-09T19:38:30.067+0000] {dag.py:3954} INFO - Setting next_dagrun for example_trigger_controller_dag to 2021-01-01 00:00:00+00:00, run_after=2021-01-01 00:00:00+00:00
[2026-05-09T19:38:30.092+0000] {processor.py:183} INFO - Processing /home/airflow/.local/lib/python3.12/site-packages/airflow/example_dags/example_trigger_controller_dag.py took 0.084 seconds
[2026-05-09T19:39:00.760+0000] {processor.py:161} INFO - Started process (PID=5508) to work on /home/airflow/.local/lib/python3.12/site-packages/airflow/example_dags/example_trigger_controller_dag.py
[2026-05-09T19:39:00.761+0000] {processor.py:830} INFO - Processing file /home/airflow/.local/lib/python3.12/site-packages/airflow/example_dags/example_trigger_controller_dag.py for tasks to queue
[2026-05-09T19:39:00.763+0000] {logging_mixin.py:188} INFO - [2026-05-09T19:39:00.763+0000] {dagbag.py:545} INFO - Filling up the DagBag from /home/airflow/.local/lib/python3.12/site-packages/airflow/example_dags/example_trigger_controller_dag.py
[2026-05-09T19:39:00.767+0000] {processor.py:840} INFO - DAG(s) 'example_trigger_controller_dag' retrieved from /home/airflow/.local/lib/python3.12/site-packages/airflow/example_dags/example_trigger_controller_dag.py
[2026-05-09T19:39:00.787+0000] {logging_mixin.py:188} INFO - [2026-05-09T19:39:00.787+0000] {dag.py:3096} INFO - Sync 1 DAGs
[2026-05-09T19:39:00.811+0000] {logging_mixin.py:188} INFO - [2026-05-09T19:39:00.810+0000] {dag.py:3954} INFO - Setting next_dagrun for example_trigger_controller_dag to 2021-01-01 00:00:00+00:00, run_after=2021-01-01 00:00:00+00:00
[2026-05-09T19:39:00.834+0000] {processor.py:183} INFO - Processing /home/airflow/.local/lib/python3.12/site-packages/airflow/example_dags/example_trigger_controller_dag.py took 0.079 seconds
[2026-05-09T19:39:31.502+0000] {processor.py:161} INFO - Started process (PID=5567) to work on /home/airflow/.local/lib/python3.12/site-packages/airflow/example_dags/example_trigger_controller_dag.py
[2026-05-09T19:39:31.504+0000] {processor.py:830} INFO - Processing file /home/airflow/.local/lib/python3.12/site-packages/airflow/example_dags/example_trigger_controller_dag.py for tasks to queue
[2026-05-09T19:39:31.506+0000] {logging_mixin.py:188} INFO - [2026-05-09T19:39:31.506+0000] {dagbag.py:545} INFO - Filling up the DagBag from /home/airflow/.local/lib/python3.12/site-packages/airflow/example_dags/example_trigger_controller_dag.py
[2026-05-09T19:39:31.511+0000] {processor.py:840} INFO - DAG(s) 'example_trigger_controller_dag' retrieved from /home/airflow/.local/lib/python3.12/site-packages/airflow/example_dags/example_trigger_controller_dag.py
[2026-05-09T19:39:31.529+0000] {logging_mixin.py:188} INFO - [2026-05-09T19:39:31.529+0000] {dag.py:3096} INFO - Sync 1 DAGs
[2026-05-09T19:39:31.552+0000] {logging_mixin.py:188} INFO - [2026-05-09T19:39:31.552+0000] {dag.py:3954} INFO - Setting next_dagrun for example_trigger_controller_dag to 2021-01-01 00:00:00+00:00, run_after=2021-01-01 00:00:00+00:00
[2026-05-09T19:39:31.576+0000] {processor.py:183} INFO - Processing /home/airflow/.local/lib/python3.12/site-packages/airflow/example_dags/example_trigger_controller_dag.py took 0.079 seconds
[2026-05-09T19:40:03.000+0000] {processor.py:161} INFO - Started process (PID=5626) to work on /home/airflow/.local/lib/python3.12/site-packages/airflow/example_dags/example_trigger_controller_dag.py
[2026-05-09T19:40:03.001+0000] {processor.py:830} INFO - Processing file /home/airflow/.local/lib/python3.12/site-packages/airflow/example_dags/example_trigger_controller_dag.py for tasks to queue
[2026-05-09T19:40:03.003+0000] {logging_mixin.py:188} INFO - [2026-05-09T19:40:03.003+0000] {dagbag.py:545} INFO - Filling up the DagBag from /home/airflow/.local/lib/python3.12/site-packages/airflow/example_dags/example_trigger_controller_dag.py
[2026-05-09T19:40:03.008+0000] {processor.py:840} INFO - DAG(s) 'example_trigger_controller_dag' retrieved from /home/airflow/.local/lib/python3.12/site-packages/airflow/example_dags/example_trigger_controller_dag.py
[2026-05-09T19:40:03.028+0000] {logging_mixin.py:188} INFO - [2026-05-09T19:40:03.028+0000] {dag.py:3096} INFO - Sync 1 DAGs
[2026-05-09T19:40:03.049+0000] {logging_mixin.py:188} INFO - [2026-05-09T19:40:03.049+0000] {dag.py:3954} INFO - Setting next_dagrun for example_trigger_controller_dag to 2021-01-01 00:00:00+00:00, run_after=2021-01-01 00:00:00+00:00
[2026-05-09T19:40:03.207+0000] {processor.py:183} INFO - Processing /home/airflow/.local/lib/python3.12/site-packages/airflow/example_dags/example_trigger_controller_dag.py took 0.213 seconds
[2026-05-09T19:40:34.115+0000] {processor.py:161} INFO - Started process (PID=5685) to work on /home/airflow/.local/lib/python3.12/site-packages/airflow/example_dags/example_trigger_controller_dag.py
[2026-05-09T19:40:34.116+0000] {processor.py:830} INFO - Processing file /home/airflow/.local/lib/python3.12/site-packages/airflow/example_dags/example_trigger_controller_dag.py for tasks to queue
[2026-05-09T19:40:34.118+0000] {logging_mixin.py:188} INFO - [2026-05-09T19:40:34.117+0000] {dagbag.py:545} INFO - Filling up the DagBag from /home/airflow/.local/lib/python3.12/site-packages/airflow/example_dags/example_trigger_controller_dag.py
[2026-05-09T19:40:34.122+0000] {processor.py:840} INFO - DAG(s) 'example_trigger_controller_dag' retrieved from /home/airflow/.local/lib/python3.12/site-packages/airflow/example_dags/example_trigger_controller_dag.py
[2026-05-09T19:40:34.143+0000] {logging_mixin.py:188} INFO - [2026-05-09T19:40:34.143+0000] {dag.py:3096} INFO - Sync 1 DAGs
[2026-05-09T19:40:34.164+0000] {logging_mixin.py:188} INFO - [2026-05-09T19:40:34.164+0000] {dag.py:3954} INFO - Setting next_dagrun for example_trigger_controller_dag to 2021-01-01 00:00:00+00:00, run_after=2021-01-01 00:00:00+00:00
[2026-05-09T19:40:34.189+0000] {processor.py:183} INFO - Processing /home/airflow/.local/lib/python3.12/site-packages/airflow/example_dags/example_trigger_controller_dag.py took 0.079 seconds
[2026-05-09T19:41:04.380+0000] {processor.py:161} INFO - Started process (PID=5744) to work on /home/airflow/.local/lib/python3.12/site-packages/airflow/example_dags/example_trigger_controller_dag.py
[2026-05-09T19:41:04.381+0000] {processor.py:830} INFO - Processing file /home/airflow/.local/lib/python3.12/site-packages/airflow/example_dags/example_trigger_controller_dag.py for tasks to queue
[2026-05-09T19:41:04.383+0000] {logging_mixin.py:188} INFO - [2026-05-09T19:41:04.383+0000] {dagbag.py:545} INFO - Filling up the DagBag from /home/airflow/.local/lib/python3.12/site-packages/airflow/example_dags/example_trigger_controller_dag.py
[2026-05-09T19:41:04.388+0000] {processor.py:840} INFO - DAG(s) 'example_trigger_controller_dag' retrieved from /home/airflow/.local/lib/python3.12/site-packages/airflow/example_dags/example_trigger_controller_dag.py
[2026-05-09T19:41:04.407+0000] {logging_mixin.py:188} INFO - [2026-05-09T19:41:04.407+0000] {dag.py:3096} INFO - Sync 1 DAGs
[2026-05-09T19:41:04.429+0000] {logging_mixin.py:188} INFO - [2026-05-09T19:41:04.428+0000] {dag.py:3954} INFO - Setting next_dagrun for example_trigger_controller_dag to 2021-01-01 00:00:00+00:00, run_after=2021-01-01 00:00:00+00:00
[2026-05-09T19:41:04.452+0000] {processor.py:183} INFO - Processing /home/airflow/.local/lib/python3.12/site-packages/airflow/example_dags/example_trigger_controller_dag.py took 0.077 seconds
[2026-05-09T19:41:34.973+0000] {processor.py:161} INFO - Started process (PID=5803) to work on /home/airflow/.local/lib/python3.12/site-packages/airflow/example_dags/example_trigger_controller_dag.py
[2026-05-09T19:41:34.975+0000] {processor.py:830} INFO - Processing file /home/airflow/.local/lib/python3.12/site-packages/airflow/example_dags/example_trigger_controller_dag.py for tasks to queue
[2026-05-09T19:41:34.977+0000] {logging_mixin.py:188} INFO - [2026-05-09T19:41:34.977+0000] {dagbag.py:545} INFO - Filling up the DagBag from /home/airflow/.local/lib/python3.12/site-packages/airflow/example_dags/example_trigger_controller_dag.py
[2026-05-09T19:41:34.982+0000] {processor.py:840} INFO - DAG(s) 'example_trigger_controller_dag' retrieved from /home/airflow/.local/lib/python3.12/site-packages/airflow/example_dags/example_trigger_controller_dag.py
[2026-05-09T19:41:35.005+0000] {logging_mixin.py:188} INFO - [2026-05-09T19:41:35.004+0000] {dag.py:3096} INFO - Sync 1 DAGs
[2026-05-09T19:41:35.029+0000] {logging_mixin.py:188} INFO - [2026-05-09T19:41:35.029+0000] {dag.py:3954} INFO - Setting next_dagrun for example_trigger_controller_dag to 2021-01-01 00:00:00+00:00, run_after=2021-01-01 00:00:00+00:00
[2026-05-09T19:41:35.056+0000] {processor.py:183} INFO - Processing /home/airflow/.local/lib/python3.12/site-packages/airflow/example_dags/example_trigger_controller_dag.py took 0.088 seconds
[2026-05-09T19:42:05.510+0000] {processor.py:161} INFO - Started process (PID=5862) to work on /home/airflow/.local/lib/python3.12/site-packages/airflow/example_dags/example_trigger_controller_dag.py
[2026-05-09T19:42:05.511+0000] {processor.py:830} INFO - Processing file /home/airflow/.local/lib/python3.12/site-packages/airflow/example_dags/example_trigger_controller_dag.py for tasks to queue
[2026-05-09T19:42:05.514+0000] {logging_mixin.py:188} INFO - [2026-05-09T19:42:05.513+0000] {dagbag.py:545} INFO - Filling up the DagBag from /home/airflow/.local/lib/python3.12/site-packages/airflow/example_dags/example_trigger_controller_dag.py
[2026-05-09T19:42:05.519+0000] {processor.py:840} INFO - DAG(s) 'example_trigger_controller_dag' retrieved from /home/airflow/.local/lib/python3.12/site-packages/airflow/example_dags/example_trigger_controller_dag.py
[2026-05-09T19:42:05.540+0000] {logging_mixin.py:188} INFO - [2026-05-09T19:42:05.540+0000] {dag.py:3096} INFO - Sync 1 DAGs
[2026-05-09T19:42:05.562+0000] {logging_mixin.py:188} INFO - [2026-05-09T19:42:05.562+0000] {dag.py:3954} INFO - Setting next_dagrun for example_trigger_controller_dag to 2021-01-01 00:00:00+00:00, run_after=2021-01-01 00:00:00+00:00
[2026-05-09T19:42:05.588+0000] {processor.py:183} INFO - Processing /home/airflow/.local/lib/python3.12/site-packages/airflow/example_dags/example_trigger_controller_dag.py took 0.084 seconds
[2026-05-09T19:42:38.374+0000] {processor.py:161} INFO - Started process (PID=5921) to work on /home/airflow/.local/lib/python3.12/site-packages/airflow/example_dags/example_trigger_controller_dag.py
[2026-05-09T19:42:38.376+0000] {processor.py:830} INFO - Processing file /home/airflow/.local/lib/python3.12/site-packages/airflow/example_dags/example_trigger_controller_dag.py for tasks to queue
[2026-05-09T19:42:38.378+0000] {logging_mixin.py:188} INFO - [2026-05-09T19:42:38.378+0000] {dagbag.py:545} INFO - Filling up the DagBag from /home/airflow/.local/lib/python3.12/site-packages/airflow/example_dags/example_trigger_controller_dag.py
[2026-05-09T19:42:38.384+0000] {processor.py:840} INFO - DAG(s) 'example_trigger_controller_dag' retrieved from /home/airflow/.local/lib/python3.12/site-packages/airflow/example_dags/example_trigger_controller_dag.py
[2026-05-09T19:42:38.409+0000] {logging_mixin.py:188} INFO - [2026-05-09T19:42:38.408+0000] {dag.py:3096} INFO - Sync 1 DAGs
[2026-05-09T19:42:38.439+0000] {logging_mixin.py:188} INFO - [2026-05-09T19:42:38.439+0000] {dag.py:3954} INFO - Setting next_dagrun for example_trigger_controller_dag to 2021-01-01 00:00:00+00:00, run_after=2021-01-01 00:00:00+00:00
[2026-05-09T19:42:38.467+0000] {processor.py:183} INFO - Processing /home/airflow/.local/lib/python3.12/site-packages/airflow/example_dags/example_trigger_controller_dag.py took 0.097 seconds
[2026-05-09T19:43:08.965+0000] {processor.py:161} INFO - Started process (PID=5980) to work on /home/airflow/.local/lib/python3.12/site-packages/airflow/example_dags/example_trigger_controller_dag.py
[2026-05-09T19:43:08.966+0000] {processor.py:830} INFO - Processing file /home/airflow/.local/lib/python3.12/site-packages/airflow/example_dags/example_trigger_controller_dag.py for tasks to queue
[2026-05-09T19:43:08.969+0000] {logging_mixin.py:188} INFO - [2026-05-09T19:43:08.968+0000] {dagbag.py:545} INFO - Filling up the DagBag from /home/airflow/.local/lib/python3.12/site-packages/airflow/example_dags/example_trigger_controller_dag.py
[2026-05-09T19:43:08.975+0000] {processor.py:840} INFO - DAG(s) 'example_trigger_controller_dag' retrieved from /home/airflow/.local/lib/python3.12/site-packages/airflow/example_dags/example_trigger_controller_dag.py
[2026-05-09T19:43:09.003+0000] {logging_mixin.py:188} INFO - [2026-05-09T19:43:09.003+0000] {dag.py:3096} INFO - Sync 1 DAGs
[2026-05-09T19:43:09.030+0000] {logging_mixin.py:188} INFO - [2026-05-09T19:43:09.030+0000] {dag.py:3954} INFO - Setting next_dagrun for example_trigger_controller_dag to 2021-01-01 00:00:00+00:00, run_after=2021-01-01 00:00:00+00:00
[2026-05-09T19:43:09.064+0000] {processor.py:183} INFO - Processing /home/airflow/.local/lib/python3.12/site-packages/airflow/example_dags/example_trigger_controller_dag.py took 0.105 seconds
[2026-05-09T19:43:39.645+0000] {processor.py:161} INFO - Started process (PID=6040) to work on /home/airflow/.local/lib/python3.12/site-packages/airflow/example_dags/example_trigger_controller_dag.py
[2026-05-09T19:43:39.646+0000] {processor.py:830} INFO - Processing file /home/airflow/.local/lib/python3.12/site-packages/airflow/example_dags/example_trigger_controller_dag.py for tasks to queue
[2026-05-09T19:43:39.649+0000] {logging_mixin.py:188} INFO - [2026-05-09T19:43:39.649+0000] {dagbag.py:545} INFO - Filling up the DagBag from /home/airflow/.local/lib/python3.12/site-packages/airflow/example_dags/example_trigger_controller_dag.py
[2026-05-09T19:43:39.654+0000] {processor.py:840} INFO - DAG(s) 'example_trigger_controller_dag' retrieved from /home/airflow/.local/lib/python3.12/site-packages/airflow/example_dags/example_trigger_controller_dag.py
[2026-05-09T19:43:39.678+0000] {logging_mixin.py:188} INFO - [2026-05-09T19:43:39.678+0000] {dag.py:3096} INFO - Sync 1 DAGs
[2026-05-09T19:43:39.700+0000] {logging_mixin.py:188} INFO - [2026-05-09T19:43:39.700+0000] {dag.py:3954} INFO - Setting next_dagrun for example_trigger_controller_dag to 2021-01-01 00:00:00+00:00, run_after=2021-01-01 00:00:00+00:00
[2026-05-09T19:43:39.725+0000] {processor.py:183} INFO - Processing /home/airflow/.local/lib/python3.12/site-packages/airflow/example_dags/example_trigger_controller_dag.py took 0.087 seconds
[2026-05-09T19:44:10.156+0000] {processor.py:161} INFO - Started process (PID=6099) to work on /home/airflow/.local/lib/python3.12/site-packages/airflow/example_dags/example_trigger_controller_dag.py
[2026-05-09T19:44:10.157+0000] {processor.py:830} INFO - Processing file /home/airflow/.local/lib/python3.12/site-packages/airflow/example_dags/example_trigger_controller_dag.py for tasks to queue
[2026-05-09T19:44:10.159+0000] {logging_mixin.py:188} INFO - [2026-05-09T19:44:10.159+0000] {dagbag.py:545} INFO - Filling up the DagBag from /home/airflow/.local/lib/python3.12/site-packages/airflow/example_dags/example_trigger_controller_dag.py
[2026-05-09T19:44:10.163+0000] {processor.py:840} INFO - DAG(s) 'example_trigger_controller_dag' retrieved from /home/airflow/.local/lib/python3.12/site-packages/airflow/example_dags/example_trigger_controller_dag.py
[2026-05-09T19:44:10.184+0000] {logging_mixin.py:188} INFO - [2026-05-09T19:44:10.183+0000] {dag.py:3096} INFO - Sync 1 DAGs
[2026-05-09T19:44:10.206+0000] {logging_mixin.py:188} INFO - [2026-05-09T19:44:10.206+0000] {dag.py:3954} INFO - Setting next_dagrun for example_trigger_controller_dag to 2021-01-01 00:00:00+00:00, run_after=2021-01-01 00:00:00+00:00
[2026-05-09T19:44:10.229+0000] {processor.py:183} INFO - Processing /home/airflow/.local/lib/python3.12/site-packages/airflow/example_dags/example_trigger_controller_dag.py took 0.079 seconds
[2026-05-09T19:44:41.276+0000] {processor.py:161} INFO - Started process (PID=6158) to work on /home/airflow/.local/lib/python3.12/site-packages/airflow/example_dags/example_trigger_controller_dag.py
[2026-05-09T19:44:41.278+0000] {processor.py:830} INFO - Processing file /home/airflow/.local/lib/python3.12/site-packages/airflow/example_dags/example_trigger_controller_dag.py for tasks to queue
[2026-05-09T19:44:41.280+0000] {logging_mixin.py:188} INFO - [2026-05-09T19:44:41.280+0000] {dagbag.py:545} INFO - Filling up the DagBag from /home/airflow/.local/lib/python3.12/site-packages/airflow/example_dags/example_trigger_controller_dag.py
[2026-05-09T19:44:41.285+0000] {processor.py:840} INFO - DAG(s) 'example_trigger_controller_dag' retrieved from /home/airflow/.local/lib/python3.12/site-packages/airflow/example_dags/example_trigger_controller_dag.py
[2026-05-09T19:44:41.308+0000] {logging_mixin.py:188} INFO - [2026-05-09T19:44:41.308+0000] {dag.py:3096} INFO - Sync 1 DAGs
[2026-05-09T19:44:41.332+0000] {logging_mixin.py:188} INFO - [2026-05-09T19:44:41.332+0000] {dag.py:3954} INFO - Setting next_dagrun for example_trigger_controller_dag to 2021-01-01 00:00:00+00:00, run_after=2021-01-01 00:00:00+00:00
[2026-05-09T19:44:41.354+0000] {processor.py:183} INFO - Processing /home/airflow/.local/lib/python3.12/site-packages/airflow/example_dags/example_trigger_controller_dag.py took 0.083 seconds
[2026-05-09T19:45:12.195+0000] {processor.py:161} INFO - Started process (PID=6218) to work on /home/airflow/.local/lib/python3.12/site-packages/airflow/example_dags/example_trigger_controller_dag.py
[2026-05-09T19:45:12.196+0000] {processor.py:830} INFO - Processing file /home/airflow/.local/lib/python3.12/site-packages/airflow/example_dags/example_trigger_controller_dag.py for tasks to queue
[2026-05-09T19:45:12.200+0000] {logging_mixin.py:188} INFO - [2026-05-09T19:45:12.199+0000] {dagbag.py:545} INFO - Filling up the DagBag from /home/airflow/.local/lib/python3.12/site-packages/airflow/example_dags/example_trigger_controller_dag.py
[2026-05-09T19:45:12.206+0000] {processor.py:840} INFO - DAG(s) 'example_trigger_controller_dag' retrieved from /home/airflow/.local/lib/python3.12/site-packages/airflow/example_dags/example_trigger_controller_dag.py
[2026-05-09T19:45:12.231+0000] {logging_mixin.py:188} INFO - [2026-05-09T19:45:12.230+0000] {dag.py:3096} INFO - Sync 1 DAGs
[2026-05-09T19:45:12.265+0000] {logging_mixin.py:188} INFO - [2026-05-09T19:45:12.264+0000] {dag.py:3954} INFO - Setting next_dagrun for example_trigger_controller_dag to 2021-01-01 00:00:00+00:00, run_after=2021-01-01 00:00:00+00:00
[2026-05-09T19:45:12.298+0000] {processor.py:183} INFO - Processing /home/airflow/.local/lib/python3.12/site-packages/airflow/example_dags/example_trigger_controller_dag.py took 0.110 seconds
[2026-05-09T19:45:43.029+0000] {processor.py:161} INFO - Started process (PID=6277) to work on /home/airflow/.local/lib/python3.12/site-packages/airflow/example_dags/example_trigger_controller_dag.py
[2026-05-09T19:45:43.031+0000] {processor.py:830} INFO - Processing file /home/airflow/.local/lib/python3.12/site-packages/airflow/example_dags/example_trigger_controller_dag.py for tasks to queue
[2026-05-09T19:45:43.033+0000] {logging_mixin.py:188} INFO - [2026-05-09T19:45:43.032+0000] {dagbag.py:545} INFO - Filling up the DagBag from /home/airflow/.local/lib/python3.12/site-packages/airflow/example_dags/example_trigger_controller_dag.py
[2026-05-09T19:45:43.037+0000] {processor.py:840} INFO - DAG(s) 'example_trigger_controller_dag' retrieved from /home/airflow/.local/lib/python3.12/site-packages/airflow/example_dags/example_trigger_controller_dag.py
[2026-05-09T19:45:43.057+0000] {logging_mixin.py:188} INFO - [2026-05-09T19:45:43.057+0000] {dag.py:3096} INFO - Sync 1 DAGs
[2026-05-09T19:45:43.081+0000] {logging_mixin.py:188} INFO - [2026-05-09T19:45:43.081+0000] {dag.py:3954} INFO - Setting next_dagrun for example_trigger_controller_dag to 2021-01-01 00:00:00+00:00, run_after=2021-01-01 00:00:00+00:00
[2026-05-09T19:45:43.120+0000] {processor.py:183} INFO - Processing /home/airflow/.local/lib/python3.12/site-packages/airflow/example_dags/example_trigger_controller_dag.py took 0.096 seconds
[2026-05-09T19:46:13.693+0000] {processor.py:161} INFO - Started process (PID=6336) to work on /home/airflow/.local/lib/python3.12/site-packages/airflow/example_dags/example_trigger_controller_dag.py
[2026-05-09T19:46:13.694+0000] {processor.py:830} INFO - Processing file /home/airflow/.local/lib/python3.12/site-packages/airflow/example_dags/example_trigger_controller_dag.py for tasks to queue
[2026-05-09T19:46:13.696+0000] {logging_mixin.py:188} INFO - [2026-05-09T19:46:13.696+0000] {dagbag.py:545} INFO - Filling up the DagBag from /home/airflow/.local/lib/python3.12/site-packages/airflow/example_dags/example_trigger_controller_dag.py
[2026-05-09T19:46:13.701+0000] {processor.py:840} INFO - DAG(s) 'example_trigger_controller_dag' retrieved from /home/airflow/.local/lib/python3.12/site-packages/airflow/example_dags/example_trigger_controller_dag.py
[2026-05-09T19:46:13.721+0000] {logging_mixin.py:188} INFO - [2026-05-09T19:46:13.721+0000] {dag.py:3096} INFO - Sync 1 DAGs
[2026-05-09T19:46:13.743+0000] {logging_mixin.py:188} INFO - [2026-05-09T19:46:13.743+0000] {dag.py:3954} INFO - Setting next_dagrun for example_trigger_controller_dag to 2021-01-01 00:00:00+00:00, run_after=2021-01-01 00:00:00+00:00
[2026-05-09T19:46:13.769+0000] {processor.py:183} INFO - Processing /home/airflow/.local/lib/python3.12/site-packages/airflow/example_dags/example_trigger_controller_dag.py took 0.082 seconds
[2026-05-09T19:46:44.103+0000] {processor.py:161} INFO - Started process (PID=6395) to work on /home/airflow/.local/lib/python3.12/site-packages/airflow/example_dags/example_trigger_controller_dag.py
[2026-05-09T19:46:44.104+0000] {processor.py:830} INFO - Processing file /home/airflow/.local/lib/python3.12/site-packages/airflow/example_dags/example_trigger_controller_dag.py for tasks to queue
[2026-05-09T19:46:44.107+0000] {logging_mixin.py:188} INFO - [2026-05-09T19:46:44.106+0000] {dagbag.py:545} INFO - Filling up the DagBag from /home/airflow/.local/lib/python3.12/site-packages/airflow/example_dags/example_trigger_controller_dag.py
[2026-05-09T19:46:44.111+0000] {processor.py:840} INFO - DAG(s) 'example_trigger_controller_dag' retrieved from /home/airflow/.local/lib/python3.12/site-packages/airflow/example_dags/example_trigger_controller_dag.py
[2026-05-09T19:46:44.132+0000] {logging_mixin.py:188} INFO - [2026-05-09T19:46:44.132+0000] {dag.py:3096} INFO - Sync 1 DAGs
[2026-05-09T19:46:44.156+0000] {logging_mixin.py:188} INFO - [2026-05-09T19:46:44.156+0000] {dag.py:3954} INFO - Setting next_dagrun for example_trigger_controller_dag to 2021-01-01 00:00:00+00:00, run_after=2021-01-01 00:00:00+00:00
[2026-05-09T19:46:44.182+0000] {processor.py:183} INFO - Processing /home/airflow/.local/lib/python3.12/site-packages/airflow/example_dags/example_trigger_controller_dag.py took 0.085 seconds
[2026-05-09T19:47:14.789+0000] {processor.py:161} INFO - Started process (PID=6454) to work on /home/airflow/.local/lib/python3.12/site-packages/airflow/example_dags/example_trigger_controller_dag.py
[2026-05-09T19:47:14.790+0000] {processor.py:830} INFO - Processing file /home/airflow/.local/lib/python3.12/site-packages/airflow/example_dags/example_trigger_controller_dag.py for tasks to queue
[2026-05-09T19:47:14.793+0000] {logging_mixin.py:188} INFO - [2026-05-09T19:47:14.792+0000] {dagbag.py:545} INFO - Filling up the DagBag from /home/airflow/.local/lib/python3.12/site-packages/airflow/example_dags/example_trigger_controller_dag.py
[2026-05-09T19:47:14.797+0000] {processor.py:840} INFO - DAG(s) 'example_trigger_controller_dag' retrieved from /home/airflow/.local/lib/python3.12/site-packages/airflow/example_dags/example_trigger_controller_dag.py
[2026-05-09T19:47:14.816+0000] {logging_mixin.py:188} INFO - [2026-05-09T19:47:14.816+0000] {dag.py:3096} INFO - Sync 1 DAGs
[2026-05-09T19:47:14.839+0000] {logging_mixin.py:188} INFO - [2026-05-09T19:47:14.839+0000] {dag.py:3954} INFO - Setting next_dagrun for example_trigger_controller_dag to 2021-01-01 00:00:00+00:00, run_after=2021-01-01 00:00:00+00:00
[2026-05-09T19:47:14.864+0000] {processor.py:183} INFO - Processing /home/airflow/.local/lib/python3.12/site-packages/airflow/example_dags/example_trigger_controller_dag.py took 0.079 seconds
[2026-05-09T19:47:45.154+0000] {processor.py:161} INFO - Started process (PID=6513) to work on /home/airflow/.local/lib/python3.12/site-packages/airflow/example_dags/example_trigger_controller_dag.py
[2026-05-09T19:47:45.156+0000] {processor.py:830} INFO - Processing file /home/airflow/.local/lib/python3.12/site-packages/airflow/example_dags/example_trigger_controller_dag.py for tasks to queue
[2026-05-09T19:47:45.159+0000] {logging_mixin.py:188} INFO - [2026-05-09T19:47:45.158+0000] {dagbag.py:545} INFO - Filling up the DagBag from /home/airflow/.local/lib/python3.12/site-packages/airflow/example_dags/example_trigger_controller_dag.py
[2026-05-09T19:47:45.164+0000] {processor.py:840} INFO - DAG(s) 'example_trigger_controller_dag' retrieved from /home/airflow/.local/lib/python3.12/site-packages/airflow/example_dags/example_trigger_controller_dag.py
[2026-05-09T19:47:45.186+0000] {logging_mixin.py:188} INFO - [2026-05-09T19:47:45.186+0000] {dag.py:3096} INFO - Sync 1 DAGs
[2026-05-09T19:47:45.211+0000] {logging_mixin.py:188} INFO - [2026-05-09T19:47:45.211+0000] {dag.py:3954} INFO - Setting next_dagrun for example_trigger_controller_dag to 2021-01-01 00:00:00+00:00, run_after=2021-01-01 00:00:00+00:00
[2026-05-09T19:47:45.242+0000] {processor.py:183} INFO - Processing /home/airflow/.local/lib/python3.12/site-packages/airflow/example_dags/example_trigger_controller_dag.py took 0.093 seconds
[2026-05-09T19:48:15.596+0000] {processor.py:161} INFO - Started process (PID=6572) to work on /home/airflow/.local/lib/python3.12/site-packages/airflow/example_dags/example_trigger_controller_dag.py
[2026-05-09T19:48:15.597+0000] {processor.py:830} INFO - Processing file /home/airflow/.local/lib/python3.12/site-packages/airflow/example_dags/example_trigger_controller_dag.py for tasks to queue
[2026-05-09T19:48:15.599+0000] {logging_mixin.py:188} INFO - [2026-05-09T19:48:15.599+0000] {dagbag.py:545} INFO - Filling up the DagBag from /home/airflow/.local/lib/python3.12/site-packages/airflow/example_dags/example_trigger_controller_dag.py
[2026-05-09T19:48:15.604+0000] {processor.py:840} INFO - DAG(s) 'example_trigger_controller_dag' retrieved from /home/airflow/.local/lib/python3.12/site-packages/airflow/example_dags/example_trigger_controller_dag.py
[2026-05-09T19:48:15.625+0000] {logging_mixin.py:188} INFO - [2026-05-09T19:48:15.624+0000] {dag.py:3096} INFO - Sync 1 DAGs
[2026-05-09T19:48:15.649+0000] {logging_mixin.py:188} INFO - [2026-05-09T19:48:15.649+0000] {dag.py:3954} INFO - Setting next_dagrun for example_trigger_controller_dag to 2021-01-01 00:00:00+00:00, run_after=2021-01-01 00:00:00+00:00
[2026-05-09T19:48:15.673+0000] {processor.py:183} INFO - Processing /home/airflow/.local/lib/python3.12/site-packages/airflow/example_dags/example_trigger_controller_dag.py took 0.082 seconds
[2026-05-09T19:48:46.447+0000] {processor.py:161} INFO - Started process (PID=6631) to work on /home/airflow/.local/lib/python3.12/site-packages/airflow/example_dags/example_trigger_controller_dag.py
[2026-05-09T19:48:46.448+0000] {processor.py:830} INFO - Processing file /home/airflow/.local/lib/python3.12/site-packages/airflow/example_dags/example_trigger_controller_dag.py for tasks to queue
[2026-05-09T19:48:46.451+0000] {logging_mixin.py:188} INFO - [2026-05-09T19:48:46.450+0000] {dagbag.py:545} INFO - Filling up the DagBag from /home/airflow/.local/lib/python3.12/site-packages/airflow/example_dags/example_trigger_controller_dag.py
[2026-05-09T19:48:46.455+0000] {processor.py:840} INFO - DAG(s) 'example_trigger_controller_dag' retrieved from /home/airflow/.local/lib/python3.12/site-packages/airflow/example_dags/example_trigger_controller_dag.py
[2026-05-09T19:48:46.476+0000] {logging_mixin.py:188} INFO - [2026-05-09T19:48:46.475+0000] {dag.py:3096} INFO - Sync 1 DAGs
[2026-05-09T19:48:46.499+0000] {logging_mixin.py:188} INFO - [2026-05-09T19:48:46.499+0000] {dag.py:3954} INFO - Setting next_dagrun for example_trigger_controller_dag to 2021-01-01 00:00:00+00:00, run_after=2021-01-01 00:00:00+00:00
[2026-05-09T19:48:46.524+0000] {processor.py:183} INFO - Processing /home/airflow/.local/lib/python3.12/site-packages/airflow/example_dags/example_trigger_controller_dag.py took 0.082 seconds
[2026-05-09T19:49:18.058+0000] {processor.py:161} INFO - Started process (PID=6691) to work on /home/airflow/.local/lib/python3.12/site-packages/airflow/example_dags/example_trigger_controller_dag.py
[2026-05-09T19:49:18.060+0000] {processor.py:830} INFO - Processing file /home/airflow/.local/lib/python3.12/site-packages/airflow/example_dags/example_trigger_controller_dag.py for tasks to queue
[2026-05-09T19:49:18.063+0000] {logging_mixin.py:188} INFO - [2026-05-09T19:49:18.063+0000] {dagbag.py:545} INFO - Filling up the DagBag from /home/airflow/.local/lib/python3.12/site-packages/airflow/example_dags/example_trigger_controller_dag.py
[2026-05-09T19:49:18.069+0000] {processor.py:840} INFO - DAG(s) 'example_trigger_controller_dag' retrieved from /home/airflow/.local/lib/python3.12/site-packages/airflow/example_dags/example_trigger_controller_dag.py
[2026-05-09T19:49:18.099+0000] {logging_mixin.py:188} INFO - [2026-05-09T19:49:18.098+0000] {dag.py:3096} INFO - Sync 1 DAGs
[2026-05-09T19:49:18.139+0000] {logging_mixin.py:188} INFO - [2026-05-09T19:49:18.138+0000] {dag.py:3954} INFO - Setting next_dagrun for example_trigger_controller_dag to 2021-01-01 00:00:00+00:00, run_after=2021-01-01 00:00:00+00:00
[2026-05-09T19:49:18.170+0000] {processor.py:183} INFO - Processing /home/airflow/.local/lib/python3.12/site-packages/airflow/example_dags/example_trigger_controller_dag.py took 0.119 seconds
[2026-05-09T19:49:48.409+0000] {processor.py:161} INFO - Started process (PID=6750) to work on /home/airflow/.local/lib/python3.12/site-packages/airflow/example_dags/example_trigger_controller_dag.py
[2026-05-09T19:49:48.410+0000] {processor.py:830} INFO - Processing file /home/airflow/.local/lib/python3.12/site-packages/airflow/example_dags/example_trigger_controller_dag.py for tasks to queue
[2026-05-09T19:49:48.412+0000] {logging_mixin.py:188} INFO - [2026-05-09T19:49:48.411+0000] {dagbag.py:545} INFO - Filling up the DagBag from /home/airflow/.local/lib/python3.12/site-packages/airflow/example_dags/example_trigger_controller_dag.py
[2026-05-09T19:49:48.418+0000] {processor.py:840} INFO - DAG(s) 'example_trigger_controller_dag' retrieved from /home/airflow/.local/lib/python3.12/site-packages/airflow/example_dags/example_trigger_controller_dag.py
[2026-05-09T19:49:48.442+0000] {logging_mixin.py:188} INFO - [2026-05-09T19:49:48.442+0000] {dag.py:3096} INFO - Sync 1 DAGs
[2026-05-09T19:49:48.473+0000] {logging_mixin.py:188} INFO - [2026-05-09T19:49:48.473+0000] {dag.py:3954} INFO - Setting next_dagrun for example_trigger_controller_dag to 2021-01-01 00:00:00+00:00, run_after=2021-01-01 00:00:00+00:00
[2026-05-09T19:49:48.507+0000] {processor.py:183} INFO - Processing /home/airflow/.local/lib/python3.12/site-packages/airflow/example_dags/example_trigger_controller_dag.py took 0.105 seconds
[2026-05-09T19:50:19.105+0000] {processor.py:161} INFO - Started process (PID=6810) to work on /home/airflow/.local/lib/python3.12/site-packages/airflow/example_dags/example_trigger_controller_dag.py
[2026-05-09T19:50:19.106+0000] {processor.py:830} INFO - Processing file /home/airflow/.local/lib/python3.12/site-packages/airflow/example_dags/example_trigger_controller_dag.py for tasks to queue
[2026-05-09T19:50:19.108+0000] {logging_mixin.py:188} INFO - [2026-05-09T19:50:19.108+0000] {dagbag.py:545} INFO - Filling up the DagBag from /home/airflow/.local/lib/python3.12/site-packages/airflow/example_dags/example_trigger_controller_dag.py
[2026-05-09T19:50:19.115+0000] {processor.py:840} INFO - DAG(s) 'example_trigger_controller_dag' retrieved from /home/airflow/.local/lib/python3.12/site-packages/airflow/example_dags/example_trigger_controller_dag.py
[2026-05-09T19:50:19.142+0000] {logging_mixin.py:188} INFO - [2026-05-09T19:50:19.142+0000] {dag.py:3096} INFO - Sync 1 DAGs
[2026-05-09T19:50:19.168+0000] {logging_mixin.py:188} INFO - [2026-05-09T19:50:19.167+0000] {dag.py:3954} INFO - Setting next_dagrun for example_trigger_controller_dag to 2021-01-01 00:00:00+00:00, run_after=2021-01-01 00:00:00+00:00
[2026-05-09T19:50:19.192+0000] {processor.py:183} INFO - Processing /home/airflow/.local/lib/python3.12/site-packages/airflow/example_dags/example_trigger_controller_dag.py took 0.093 seconds
[2026-05-09T19:50:50.510+0000] {processor.py:161} INFO - Started process (PID=6869) to work on /home/airflow/.local/lib/python3.12/site-packages/airflow/example_dags/example_trigger_controller_dag.py
[2026-05-09T19:50:50.512+0000] {processor.py:830} INFO - Processing file /home/airflow/.local/lib/python3.12/site-packages/airflow/example_dags/example_trigger_controller_dag.py for tasks to queue
[2026-05-09T19:50:50.514+0000] {logging_mixin.py:188} INFO - [2026-05-09T19:50:50.514+0000] {dagbag.py:545} INFO - Filling up the DagBag from /home/airflow/.local/lib/python3.12/site-packages/airflow/example_dags/example_trigger_controller_dag.py
[2026-05-09T19:50:50.521+0000] {processor.py:840} INFO - DAG(s) 'example_trigger_controller_dag' retrieved from /home/airflow/.local/lib/python3.12/site-packages/airflow/example_dags/example_trigger_controller_dag.py
[2026-05-09T19:50:50.546+0000] {logging_mixin.py:188} INFO - [2026-05-09T19:50:50.546+0000] {dag.py:3096} INFO - Sync 1 DAGs
[2026-05-09T19:50:50.581+0000] {logging_mixin.py:188} INFO - [2026-05-09T19:50:50.580+0000] {dag.py:3954} INFO - Setting next_dagrun for example_trigger_controller_dag to 2021-01-01 00:00:00+00:00, run_after=2021-01-01 00:00:00+00:00
[2026-05-09T19:50:50.611+0000] {processor.py:183} INFO - Processing /home/airflow/.local/lib/python3.12/site-packages/airflow/example_dags/example_trigger_controller_dag.py took 0.108 seconds
[2026-05-09T19:51:21.657+0000] {processor.py:161} INFO - Started process (PID=6928) to work on /home/airflow/.local/lib/python3.12/site-packages/airflow/example_dags/example_trigger_controller_dag.py
[2026-05-09T19:51:21.659+0000] {processor.py:830} INFO - Processing file /home/airflow/.local/lib/python3.12/site-packages/airflow/example_dags/example_trigger_controller_dag.py for tasks to queue
[2026-05-09T19:51:21.662+0000] {logging_mixin.py:188} INFO - [2026-05-09T19:51:21.661+0000] {dagbag.py:545} INFO - Filling up the DagBag from /home/airflow/.local/lib/python3.12/site-packages/airflow/example_dags/example_trigger_controller_dag.py
[2026-05-09T19:51:21.667+0000] {processor.py:840} INFO - DAG(s) 'example_trigger_controller_dag' retrieved from /home/airflow/.local/lib/python3.12/site-packages/airflow/example_dags/example_trigger_controller_dag.py
[2026-05-09T19:51:21.696+0000] {logging_mixin.py:188} INFO - [2026-05-09T19:51:21.695+0000] {dag.py:3096} INFO - Sync 1 DAGs
[2026-05-09T19:51:21.728+0000] {logging_mixin.py:188} INFO - [2026-05-09T19:51:21.728+0000] {dag.py:3954} INFO - Setting next_dagrun for example_trigger_controller_dag to 2021-01-01 00:00:00+00:00, run_after=2021-01-01 00:00:00+00:00
[2026-05-09T19:51:21.762+0000] {processor.py:183} INFO - Processing /home/airflow/.local/lib/python3.12/site-packages/airflow/example_dags/example_trigger_controller_dag.py took 0.112 seconds
[2026-05-09T19:51:52.067+0000] {processor.py:161} INFO - Started process (PID=6987) to work on /home/airflow/.local/lib/python3.12/site-packages/airflow/example_dags/example_trigger_controller_dag.py
[2026-05-09T19:51:52.069+0000] {processor.py:830} INFO - Processing file /home/airflow/.local/lib/python3.12/site-packages/airflow/example_dags/example_trigger_controller_dag.py for tasks to queue
[2026-05-09T19:51:52.071+0000] {logging_mixin.py:188} INFO - [2026-05-09T19:51:52.070+0000] {dagbag.py:545} INFO - Filling up the DagBag from /home/airflow/.local/lib/python3.12/site-packages/airflow/example_dags/example_trigger_controller_dag.py
[2026-05-09T19:51:52.076+0000] {processor.py:840} INFO - DAG(s) 'example_trigger_controller_dag' retrieved from /home/airflow/.local/lib/python3.12/site-packages/airflow/example_dags/example_trigger_controller_dag.py
[2026-05-09T19:51:52.095+0000] {logging_mixin.py:188} INFO - [2026-05-09T19:51:52.095+0000] {dag.py:3096} INFO - Sync 1 DAGs
[2026-05-09T19:51:52.117+0000] {logging_mixin.py:188} INFO - [2026-05-09T19:51:52.116+0000] {dag.py:3954} INFO - Setting next_dagrun for example_trigger_controller_dag to 2021-01-01 00:00:00+00:00, run_after=2021-01-01 00:00:00+00:00
[2026-05-09T19:51:52.140+0000] {processor.py:183} INFO - Processing /home/airflow/.local/lib/python3.12/site-packages/airflow/example_dags/example_trigger_controller_dag.py took 0.078 seconds
[2026-05-09T19:52:22.592+0000] {processor.py:161} INFO - Started process (PID=7046) to work on /home/airflow/.local/lib/python3.12/site-packages/airflow/example_dags/example_trigger_controller_dag.py
[2026-05-09T19:52:22.594+0000] {processor.py:830} INFO - Processing file /home/airflow/.local/lib/python3.12/site-packages/airflow/example_dags/example_trigger_controller_dag.py for tasks to queue
[2026-05-09T19:52:22.596+0000] {logging_mixin.py:188} INFO - [2026-05-09T19:52:22.596+0000] {dagbag.py:545} INFO - Filling up the DagBag from /home/airflow/.local/lib/python3.12/site-packages/airflow/example_dags/example_trigger_controller_dag.py
[2026-05-09T19:52:22.600+0000] {processor.py:840} INFO - DAG(s) 'example_trigger_controller_dag' retrieved from /home/airflow/.local/lib/python3.12/site-packages/airflow/example_dags/example_trigger_controller_dag.py
[2026-05-09T19:52:22.620+0000] {logging_mixin.py:188} INFO - [2026-05-09T19:52:22.620+0000] {dag.py:3096} INFO - Sync 1 DAGs
[2026-05-09T19:52:22.641+0000] {logging_mixin.py:188} INFO - [2026-05-09T19:52:22.641+0000] {dag.py:3954} INFO - Setting next_dagrun for example_trigger_controller_dag to 2021-01-01 00:00:00+00:00, run_after=2021-01-01 00:00:00+00:00
[2026-05-09T19:52:22.664+0000] {processor.py:183} INFO - Processing /home/airflow/.local/lib/python3.12/site-packages/airflow/example_dags/example_trigger_controller_dag.py took 0.077 seconds
[2026-05-09T19:52:54.111+0000] {processor.py:161} INFO - Started process (PID=7105) to work on /home/airflow/.local/lib/python3.12/site-packages/airflow/example_dags/example_trigger_controller_dag.py
[2026-05-09T19:52:54.113+0000] {processor.py:830} INFO - Processing file /home/airflow/.local/lib/python3.12/site-packages/airflow/example_dags/example_trigger_controller_dag.py for tasks to queue
[2026-05-09T19:52:54.115+0000] {logging_mixin.py:188} INFO - [2026-05-09T19:52:54.115+0000] {dagbag.py:545} INFO - Filling up the DagBag from /home/airflow/.local/lib/python3.12/site-packages/airflow/example_dags/example_trigger_controller_dag.py
[2026-05-09T19:52:54.121+0000] {processor.py:840} INFO - DAG(s) 'example_trigger_controller_dag' retrieved from /home/airflow/.local/lib/python3.12/site-packages/airflow/example_dags/example_trigger_controller_dag.py
[2026-05-09T19:52:54.149+0000] {logging_mixin.py:188} INFO - [2026-05-09T19:52:54.148+0000] {dag.py:3096} INFO - Sync 1 DAGs
[2026-05-09T19:52:54.180+0000] {logging_mixin.py:188} INFO - [2026-05-09T19:52:54.180+0000] {dag.py:3954} INFO - Setting next_dagrun for example_trigger_controller_dag to 2021-01-01 00:00:00+00:00, run_after=2021-01-01 00:00:00+00:00
[2026-05-09T19:52:54.216+0000] {processor.py:183} INFO - Processing /home/airflow/.local/lib/python3.12/site-packages/airflow/example_dags/example_trigger_controller_dag.py took 0.112 seconds
[2026-05-09T19:53:25.011+0000] {processor.py:161} INFO - Started process (PID=7164) to work on /home/airflow/.local/lib/python3.12/site-packages/airflow/example_dags/example_trigger_controller_dag.py
[2026-05-09T19:53:25.012+0000] {processor.py:830} INFO - Processing file /home/airflow/.local/lib/python3.12/site-packages/airflow/example_dags/example_trigger_controller_dag.py for tasks to queue
[2026-05-09T19:53:25.014+0000] {logging_mixin.py:188} INFO - [2026-05-09T19:53:25.014+0000] {dagbag.py:545} INFO - Filling up the DagBag from /home/airflow/.local/lib/python3.12/site-packages/airflow/example_dags/example_trigger_controller_dag.py
[2026-05-09T19:53:25.019+0000] {processor.py:840} INFO - DAG(s) 'example_trigger_controller_dag' retrieved from /home/airflow/.local/lib/python3.12/site-packages/airflow/example_dags/example_trigger_controller_dag.py
[2026-05-09T19:53:25.042+0000] {logging_mixin.py:188} INFO - [2026-05-09T19:53:25.042+0000] {dag.py:3096} INFO - Sync 1 DAGs
[2026-05-09T19:53:25.069+0000] {logging_mixin.py:188} INFO - [2026-05-09T19:53:25.069+0000] {dag.py:3954} INFO - Setting next_dagrun for example_trigger_controller_dag to 2021-01-01 00:00:00+00:00, run_after=2021-01-01 00:00:00+00:00
[2026-05-09T19:53:25.097+0000] {processor.py:183} INFO - Processing /home/airflow/.local/lib/python3.12/site-packages/airflow/example_dags/example_trigger_controller_dag.py took 0.091 seconds
[2026-05-09T19:53:55.672+0000] {processor.py:161} INFO - Started process (PID=7223) to work on /home/airflow/.local/lib/python3.12/site-packages/airflow/example_dags/example_trigger_controller_dag.py
[2026-05-09T19:53:55.673+0000] {processor.py:830} INFO - Processing file /home/airflow/.local/lib/python3.12/site-packages/airflow/example_dags/example_trigger_controller_dag.py for tasks to queue
[2026-05-09T19:53:55.675+0000] {logging_mixin.py:188} INFO - [2026-05-09T19:53:55.675+0000] {dagbag.py:545} INFO - Filling up the DagBag from /home/airflow/.local/lib/python3.12/site-packages/airflow/example_dags/example_trigger_controller_dag.py
[2026-05-09T19:53:55.679+0000] {processor.py:840} INFO - DAG(s) 'example_trigger_controller_dag' retrieved from /home/airflow/.local/lib/python3.12/site-packages/airflow/example_dags/example_trigger_controller_dag.py
[2026-05-09T19:53:55.699+0000] {logging_mixin.py:188} INFO - [2026-05-09T19:53:55.699+0000] {dag.py:3096} INFO - Sync 1 DAGs
[2026-05-09T19:53:55.720+0000] {logging_mixin.py:188} INFO - [2026-05-09T19:53:55.720+0000] {dag.py:3954} INFO - Setting next_dagrun for example_trigger_controller_dag to 2021-01-01 00:00:00+00:00, run_after=2021-01-01 00:00:00+00:00
[2026-05-09T19:53:55.743+0000] {processor.py:183} INFO - Processing /home/airflow/.local/lib/python3.12/site-packages/airflow/example_dags/example_trigger_controller_dag.py took 0.077 seconds
[2026-05-09T19:54:26.311+0000] {processor.py:161} INFO - Started process (PID=7282) to work on /home/airflow/.local/lib/python3.12/site-packages/airflow/example_dags/example_trigger_controller_dag.py
[2026-05-09T19:54:26.312+0000] {processor.py:830} INFO - Processing file /home/airflow/.local/lib/python3.12/site-packages/airflow/example_dags/example_trigger_controller_dag.py for tasks to queue
[2026-05-09T19:54:26.314+0000] {logging_mixin.py:188} INFO - [2026-05-09T19:54:26.314+0000] {dagbag.py:545} INFO - Filling up the DagBag from /home/airflow/.local/lib/python3.12/site-packages/airflow/example_dags/example_trigger_controller_dag.py
[2026-05-09T19:54:26.318+0000] {processor.py:840} INFO - DAG(s) 'example_trigger_controller_dag' retrieved from /home/airflow/.local/lib/python3.12/site-packages/airflow/example_dags/example_trigger_controller_dag.py
[2026-05-09T19:54:26.340+0000] {logging_mixin.py:188} INFO - [2026-05-09T19:54:26.340+0000] {dag.py:3096} INFO - Sync 1 DAGs
[2026-05-09T19:54:26.362+0000] {logging_mixin.py:188} INFO - [2026-05-09T19:54:26.362+0000] {dag.py:3954} INFO - Setting next_dagrun for example_trigger_controller_dag to 2021-01-01 00:00:00+00:00, run_after=2021-01-01 00:00:00+00:00
[2026-05-09T19:54:26.386+0000] {processor.py:183} INFO - Processing /home/airflow/.local/lib/python3.12/site-packages/airflow/example_dags/example_trigger_controller_dag.py took 0.081 seconds
[2026-05-09T19:54:56.997+0000] {processor.py:161} INFO - Started process (PID=7341) to work on /home/airflow/.local/lib/python3.12/site-packages/airflow/example_dags/example_trigger_controller_dag.py
[2026-05-09T19:54:56.998+0000] {processor.py:830} INFO - Processing file /home/airflow/.local/lib/python3.12/site-packages/airflow/example_dags/example_trigger_controller_dag.py for tasks to queue
[2026-05-09T19:54:57.000+0000] {logging_mixin.py:188} INFO - [2026-05-09T19:54:57.000+0000] {dagbag.py:545} INFO - Filling up the DagBag from /home/airflow/.local/lib/python3.12/site-packages/airflow/example_dags/example_trigger_controller_dag.py
[2026-05-09T19:54:57.005+0000] {processor.py:840} INFO - DAG(s) 'example_trigger_controller_dag' retrieved from /home/airflow/.local/lib/python3.12/site-packages/airflow/example_dags/example_trigger_controller_dag.py
[2026-05-09T19:54:57.024+0000] {logging_mixin.py:188} INFO - [2026-05-09T19:54:57.024+0000] {dag.py:3096} INFO - Sync 1 DAGs
[2026-05-09T19:54:57.046+0000] {logging_mixin.py:188} INFO - [2026-05-09T19:54:57.046+0000] {dag.py:3954} INFO - Setting next_dagrun for example_trigger_controller_dag to 2021-01-01 00:00:00+00:00, run_after=2021-01-01 00:00:00+00:00
[2026-05-09T19:54:57.071+0000] {processor.py:183} INFO - Processing /home/airflow/.local/lib/python3.12/site-packages/airflow/example_dags/example_trigger_controller_dag.py took 0.079 seconds
[2026-05-09T19:55:27.748+0000] {processor.py:161} INFO - Started process (PID=7400) to work on /home/airflow/.local/lib/python3.12/site-packages/airflow/example_dags/example_trigger_controller_dag.py
[2026-05-09T19:55:27.749+0000] {processor.py:830} INFO - Processing file /home/airflow/.local/lib/python3.12/site-packages/airflow/example_dags/example_trigger_controller_dag.py for tasks to queue
[2026-05-09T19:55:27.751+0000] {logging_mixin.py:188} INFO - [2026-05-09T19:55:27.751+0000] {dagbag.py:545} INFO - Filling up the DagBag from /home/airflow/.local/lib/python3.12/site-packages/airflow/example_dags/example_trigger_controller_dag.py
[2026-05-09T19:55:27.756+0000] {processor.py:840} INFO - DAG(s) 'example_trigger_controller_dag' retrieved from /home/airflow/.local/lib/python3.12/site-packages/airflow/example_dags/example_trigger_controller_dag.py
[2026-05-09T19:55:27.775+0000] {logging_mixin.py:188} INFO - [2026-05-09T19:55:27.775+0000] {dag.py:3096} INFO - Sync 1 DAGs
[2026-05-09T19:55:27.797+0000] {logging_mixin.py:188} INFO - [2026-05-09T19:55:27.797+0000] {dag.py:3954} INFO - Setting next_dagrun for example_trigger_controller_dag to 2021-01-01 00:00:00+00:00, run_after=2021-01-01 00:00:00+00:00
[2026-05-09T19:55:27.822+0000] {processor.py:183} INFO - Processing /home/airflow/.local/lib/python3.12/site-packages/airflow/example_dags/example_trigger_controller_dag.py took 0.079 seconds
[2026-05-09T19:55:58.804+0000] {processor.py:161} INFO - Started process (PID=7460) to work on /home/airflow/.local/lib/python3.12/site-packages/airflow/example_dags/example_trigger_controller_dag.py
[2026-05-09T19:55:58.805+0000] {processor.py:830} INFO - Processing file /home/airflow/.local/lib/python3.12/site-packages/airflow/example_dags/example_trigger_controller_dag.py for tasks to queue
[2026-05-09T19:55:58.807+0000] {logging_mixin.py:188} INFO - [2026-05-09T19:55:58.807+0000] {dagbag.py:545} INFO - Filling up the DagBag from /home/airflow/.local/lib/python3.12/site-packages/airflow/example_dags/example_trigger_controller_dag.py
[2026-05-09T19:55:58.811+0000] {processor.py:840} INFO - DAG(s) 'example_trigger_controller_dag' retrieved from /home/airflow/.local/lib/python3.12/site-packages/airflow/example_dags/example_trigger_controller_dag.py
[2026-05-09T19:55:58.833+0000] {logging_mixin.py:188} INFO - [2026-05-09T19:55:58.833+0000] {dag.py:3096} INFO - Sync 1 DAGs
[2026-05-09T19:55:58.855+0000] {logging_mixin.py:188} INFO - [2026-05-09T19:55:58.855+0000] {dag.py:3954} INFO - Setting next_dagrun for example_trigger_controller_dag to 2021-01-01 00:00:00+00:00, run_after=2021-01-01 00:00:00+00:00
[2026-05-09T19:55:58.880+0000] {processor.py:183} INFO - Processing /home/airflow/.local/lib/python3.12/site-packages/airflow/example_dags/example_trigger_controller_dag.py took 0.082 seconds
[2026-05-09T19:56:29.185+0000] {processor.py:161} INFO - Started process (PID=7519) to work on /home/airflow/.local/lib/python3.12/site-packages/airflow/example_dags/example_trigger_controller_dag.py
[2026-05-09T19:56:29.186+0000] {processor.py:830} INFO - Processing file /home/airflow/.local/lib/python3.12/site-packages/airflow/example_dags/example_trigger_controller_dag.py for tasks to queue
[2026-05-09T19:56:29.188+0000] {logging_mixin.py:188} INFO - [2026-05-09T19:56:29.188+0000] {dagbag.py:545} INFO - Filling up the DagBag from /home/airflow/.local/lib/python3.12/site-packages/airflow/example_dags/example_trigger_controller_dag.py
[2026-05-09T19:56:29.192+0000] {processor.py:840} INFO - DAG(s) 'example_trigger_controller_dag' retrieved from /home/airflow/.local/lib/python3.12/site-packages/airflow/example_dags/example_trigger_controller_dag.py
[2026-05-09T19:56:29.211+0000] {logging_mixin.py:188} INFO - [2026-05-09T19:56:29.211+0000] {dag.py:3096} INFO - Sync 1 DAGs
[2026-05-09T19:56:29.235+0000] {logging_mixin.py:188} INFO - [2026-05-09T19:56:29.235+0000] {dag.py:3954} INFO - Setting next_dagrun for example_trigger_controller_dag to 2021-01-01 00:00:00+00:00, run_after=2021-01-01 00:00:00+00:00
[2026-05-09T19:56:29.260+0000] {processor.py:183} INFO - Processing /home/airflow/.local/lib/python3.12/site-packages/airflow/example_dags/example_trigger_controller_dag.py took 0.080 seconds
[2026-05-09T19:57:00.742+0000] {processor.py:161} INFO - Started process (PID=7578) to work on /home/airflow/.local/lib/python3.12/site-packages/airflow/example_dags/example_trigger_controller_dag.py
[2026-05-09T19:57:00.744+0000] {processor.py:830} INFO - Processing file /home/airflow/.local/lib/python3.12/site-packages/airflow/example_dags/example_trigger_controller_dag.py for tasks to queue
[2026-05-09T19:57:00.747+0000] {logging_mixin.py:188} INFO - [2026-05-09T19:57:00.746+0000] {dagbag.py:545} INFO - Filling up the DagBag from /home/airflow/.local/lib/python3.12/site-packages/airflow/example_dags/example_trigger_controller_dag.py
[2026-05-09T19:57:00.752+0000] {processor.py:840} INFO - DAG(s) 'example_trigger_controller_dag' retrieved from /home/airflow/.local/lib/python3.12/site-packages/airflow/example_dags/example_trigger_controller_dag.py
[2026-05-09T19:57:00.776+0000] {logging_mixin.py:188} INFO - [2026-05-09T19:57:00.775+0000] {dag.py:3096} INFO - Sync 1 DAGs
[2026-05-09T19:57:00.802+0000] {logging_mixin.py:188} INFO - [2026-05-09T19:57:00.801+0000] {dag.py:3954} INFO - Setting next_dagrun for example_trigger_controller_dag to 2021-01-01 00:00:00+00:00, run_after=2021-01-01 00:00:00+00:00
[2026-05-09T19:57:00.831+0000] {processor.py:183} INFO - Processing /home/airflow/.local/lib/python3.12/site-packages/airflow/example_dags/example_trigger_controller_dag.py took 0.095 seconds
