[2026-05-09T18:42:19.952+0000] {processor.py:161} INFO - Started process (PID=105) to work on /home/airflow/.local/lib/python3.12/site-packages/airflow/example_dags/example_xcom.py
[2026-05-09T18:42:19.953+0000] {processor.py:830} INFO - Processing file /home/airflow/.local/lib/python3.12/site-packages/airflow/example_dags/example_xcom.py for tasks to queue
[2026-05-09T18:42:19.956+0000] {logging_mixin.py:188} INFO - [2026-05-09T18:42:19.955+0000] {dagbag.py:545} INFO - Filling up the DagBag from /home/airflow/.local/lib/python3.12/site-packages/airflow/example_dags/example_xcom.py
[2026-05-09T18:42:19.969+0000] {processor.py:840} INFO - DAG(s) 'example_xcom' retrieved from /home/airflow/.local/lib/python3.12/site-packages/airflow/example_dags/example_xcom.py
[2026-05-09T18:42:20.087+0000] {logging_mixin.py:188} INFO - [2026-05-09T18:42:20.086+0000] {dag.py:3096} INFO - Sync 1 DAGs
[2026-05-09T18:42:20.109+0000] {logging_mixin.py:188} INFO - [2026-05-09T18:42:20.109+0000] {dag.py:3954} INFO - Setting next_dagrun for example_xcom to 2021-01-01 00:00:00+00:00, run_after=2021-01-01 00:00:00+00:00
[2026-05-09T18:42:20.137+0000] {processor.py:183} INFO - Processing /home/airflow/.local/lib/python3.12/site-packages/airflow/example_dags/example_xcom.py took 0.190 seconds
[2026-05-09T18:42:50.593+0000] {processor.py:161} INFO - Started process (PID=163) to work on /home/airflow/.local/lib/python3.12/site-packages/airflow/example_dags/example_xcom.py
[2026-05-09T18:42:50.595+0000] {processor.py:830} INFO - Processing file /home/airflow/.local/lib/python3.12/site-packages/airflow/example_dags/example_xcom.py for tasks to queue
[2026-05-09T18:42:50.597+0000] {logging_mixin.py:188} INFO - [2026-05-09T18:42:50.597+0000] {dagbag.py:545} INFO - Filling up the DagBag from /home/airflow/.local/lib/python3.12/site-packages/airflow/example_dags/example_xcom.py
[2026-05-09T18:42:50.607+0000] {processor.py:840} INFO - DAG(s) 'example_xcom' retrieved from /home/airflow/.local/lib/python3.12/site-packages/airflow/example_dags/example_xcom.py
[2026-05-09T18:42:50.642+0000] {logging_mixin.py:188} INFO - [2026-05-09T18:42:50.642+0000] {dag.py:3096} INFO - Sync 1 DAGs
[2026-05-09T18:42:50.675+0000] {logging_mixin.py:188} INFO - [2026-05-09T18:42:50.675+0000] {dag.py:3954} INFO - Setting next_dagrun for example_xcom to 2021-01-01 00:00:00+00:00, run_after=2021-01-01 00:00:00+00:00
[2026-05-09T18:42:50.706+0000] {processor.py:183} INFO - Processing /home/airflow/.local/lib/python3.12/site-packages/airflow/example_dags/example_xcom.py took 0.119 seconds
[2026-05-09T18:43:23.393+0000] {processor.py:161} INFO - Started process (PID=221) to work on /home/airflow/.local/lib/python3.12/site-packages/airflow/example_dags/example_xcom.py
[2026-05-09T18:43:23.395+0000] {processor.py:830} INFO - Processing file /home/airflow/.local/lib/python3.12/site-packages/airflow/example_dags/example_xcom.py for tasks to queue
[2026-05-09T18:43:23.398+0000] {logging_mixin.py:188} INFO - [2026-05-09T18:43:23.397+0000] {dagbag.py:545} INFO - Filling up the DagBag from /home/airflow/.local/lib/python3.12/site-packages/airflow/example_dags/example_xcom.py
[2026-05-09T18:43:23.409+0000] {processor.py:840} INFO - DAG(s) 'example_xcom' retrieved from /home/airflow/.local/lib/python3.12/site-packages/airflow/example_dags/example_xcom.py
[2026-05-09T18:43:23.440+0000] {logging_mixin.py:188} INFO - [2026-05-09T18:43:23.440+0000] {dag.py:3096} INFO - Sync 1 DAGs
[2026-05-09T18:43:23.467+0000] {logging_mixin.py:188} INFO - [2026-05-09T18:43:23.467+0000] {dag.py:3954} INFO - Setting next_dagrun for example_xcom to 2021-01-01 00:00:00+00:00, run_after=2021-01-01 00:00:00+00:00
[2026-05-09T18:43:23.499+0000] {processor.py:183} INFO - Processing /home/airflow/.local/lib/python3.12/site-packages/airflow/example_dags/example_xcom.py took 0.111 seconds
[2026-05-09T18:43:56.556+0000] {processor.py:161} INFO - Started process (PID=279) to work on /home/airflow/.local/lib/python3.12/site-packages/airflow/example_dags/example_xcom.py
[2026-05-09T18:43:56.558+0000] {processor.py:830} INFO - Processing file /home/airflow/.local/lib/python3.12/site-packages/airflow/example_dags/example_xcom.py for tasks to queue
[2026-05-09T18:43:56.561+0000] {logging_mixin.py:188} INFO - [2026-05-09T18:43:56.560+0000] {dagbag.py:545} INFO - Filling up the DagBag from /home/airflow/.local/lib/python3.12/site-packages/airflow/example_dags/example_xcom.py
[2026-05-09T18:43:56.571+0000] {processor.py:840} INFO - DAG(s) 'example_xcom' retrieved from /home/airflow/.local/lib/python3.12/site-packages/airflow/example_dags/example_xcom.py
[2026-05-09T18:43:56.598+0000] {logging_mixin.py:188} INFO - [2026-05-09T18:43:56.597+0000] {dag.py:3096} INFO - Sync 1 DAGs
[2026-05-09T18:43:56.629+0000] {logging_mixin.py:188} INFO - [2026-05-09T18:43:56.629+0000] {dag.py:3954} INFO - Setting next_dagrun for example_xcom to 2021-01-01 00:00:00+00:00, run_after=2021-01-01 00:00:00+00:00
[2026-05-09T18:43:56.665+0000] {processor.py:183} INFO - Processing /home/airflow/.local/lib/python3.12/site-packages/airflow/example_dags/example_xcom.py took 0.115 seconds
[2026-05-09T18:44:27.129+0000] {processor.py:161} INFO - Started process (PID=337) to work on /home/airflow/.local/lib/python3.12/site-packages/airflow/example_dags/example_xcom.py
[2026-05-09T18:44:27.131+0000] {processor.py:830} INFO - Processing file /home/airflow/.local/lib/python3.12/site-packages/airflow/example_dags/example_xcom.py for tasks to queue
[2026-05-09T18:44:27.133+0000] {logging_mixin.py:188} INFO - [2026-05-09T18:44:27.132+0000] {dagbag.py:545} INFO - Filling up the DagBag from /home/airflow/.local/lib/python3.12/site-packages/airflow/example_dags/example_xcom.py
[2026-05-09T18:44:27.141+0000] {processor.py:840} INFO - DAG(s) 'example_xcom' retrieved from /home/airflow/.local/lib/python3.12/site-packages/airflow/example_dags/example_xcom.py
[2026-05-09T18:44:27.168+0000] {logging_mixin.py:188} INFO - [2026-05-09T18:44:27.168+0000] {dag.py:3096} INFO - Sync 1 DAGs
[2026-05-09T18:44:27.197+0000] {logging_mixin.py:188} INFO - [2026-05-09T18:44:27.196+0000] {dag.py:3954} INFO - Setting next_dagrun for example_xcom to 2021-01-01 00:00:00+00:00, run_after=2021-01-01 00:00:00+00:00
[2026-05-09T18:44:27.224+0000] {processor.py:183} INFO - Processing /home/airflow/.local/lib/python3.12/site-packages/airflow/example_dags/example_xcom.py took 0.102 seconds
[2026-05-09T18:44:57.976+0000] {processor.py:161} INFO - Started process (PID=395) to work on /home/airflow/.local/lib/python3.12/site-packages/airflow/example_dags/example_xcom.py
[2026-05-09T18:44:57.978+0000] {processor.py:830} INFO - Processing file /home/airflow/.local/lib/python3.12/site-packages/airflow/example_dags/example_xcom.py for tasks to queue
[2026-05-09T18:44:57.980+0000] {logging_mixin.py:188} INFO - [2026-05-09T18:44:57.979+0000] {dagbag.py:545} INFO - Filling up the DagBag from /home/airflow/.local/lib/python3.12/site-packages/airflow/example_dags/example_xcom.py
[2026-05-09T18:44:57.987+0000] {processor.py:840} INFO - DAG(s) 'example_xcom' retrieved from /home/airflow/.local/lib/python3.12/site-packages/airflow/example_dags/example_xcom.py
[2026-05-09T18:44:58.011+0000] {logging_mixin.py:188} INFO - [2026-05-09T18:44:58.010+0000] {dag.py:3096} INFO - Sync 1 DAGs
[2026-05-09T18:44:58.035+0000] {logging_mixin.py:188} INFO - [2026-05-09T18:44:58.035+0000] {dag.py:3954} INFO - Setting next_dagrun for example_xcom to 2021-01-01 00:00:00+00:00, run_after=2021-01-01 00:00:00+00:00
[2026-05-09T18:44:58.062+0000] {processor.py:183} INFO - Processing /home/airflow/.local/lib/python3.12/site-packages/airflow/example_dags/example_xcom.py took 0.091 seconds
[2026-05-09T18:45:28.815+0000] {processor.py:161} INFO - Started process (PID=453) to work on /home/airflow/.local/lib/python3.12/site-packages/airflow/example_dags/example_xcom.py
[2026-05-09T18:45:28.816+0000] {processor.py:830} INFO - Processing file /home/airflow/.local/lib/python3.12/site-packages/airflow/example_dags/example_xcom.py for tasks to queue
[2026-05-09T18:45:28.819+0000] {logging_mixin.py:188} INFO - [2026-05-09T18:45:28.818+0000] {dagbag.py:545} INFO - Filling up the DagBag from /home/airflow/.local/lib/python3.12/site-packages/airflow/example_dags/example_xcom.py
[2026-05-09T18:45:28.826+0000] {processor.py:840} INFO - DAG(s) 'example_xcom' retrieved from /home/airflow/.local/lib/python3.12/site-packages/airflow/example_dags/example_xcom.py
[2026-05-09T18:45:28.850+0000] {logging_mixin.py:188} INFO - [2026-05-09T18:45:28.849+0000] {dag.py:3096} INFO - Sync 1 DAGs
[2026-05-09T18:45:28.872+0000] {logging_mixin.py:188} INFO - [2026-05-09T18:45:28.872+0000] {dag.py:3954} INFO - Setting next_dagrun for example_xcom to 2021-01-01 00:00:00+00:00, run_after=2021-01-01 00:00:00+00:00
[2026-05-09T18:45:28.898+0000] {processor.py:183} INFO - Processing /home/airflow/.local/lib/python3.12/site-packages/airflow/example_dags/example_xcom.py took 0.088 seconds
[2026-05-09T18:45:59.597+0000] {processor.py:161} INFO - Started process (PID=511) to work on /home/airflow/.local/lib/python3.12/site-packages/airflow/example_dags/example_xcom.py
[2026-05-09T18:45:59.598+0000] {processor.py:830} INFO - Processing file /home/airflow/.local/lib/python3.12/site-packages/airflow/example_dags/example_xcom.py for tasks to queue
[2026-05-09T18:45:59.601+0000] {logging_mixin.py:188} INFO - [2026-05-09T18:45:59.600+0000] {dagbag.py:545} INFO - Filling up the DagBag from /home/airflow/.local/lib/python3.12/site-packages/airflow/example_dags/example_xcom.py
[2026-05-09T18:45:59.608+0000] {processor.py:840} INFO - DAG(s) 'example_xcom' retrieved from /home/airflow/.local/lib/python3.12/site-packages/airflow/example_dags/example_xcom.py
[2026-05-09T18:45:59.635+0000] {logging_mixin.py:188} INFO - [2026-05-09T18:45:59.635+0000] {dag.py:3096} INFO - Sync 1 DAGs
[2026-05-09T18:45:59.656+0000] {logging_mixin.py:188} INFO - [2026-05-09T18:45:59.655+0000] {dag.py:3954} INFO - Setting next_dagrun for example_xcom to 2021-01-01 00:00:00+00:00, run_after=2021-01-01 00:00:00+00:00
[2026-05-09T18:45:59.679+0000] {processor.py:183} INFO - Processing /home/airflow/.local/lib/python3.12/site-packages/airflow/example_dags/example_xcom.py took 0.087 seconds
[2026-05-09T18:46:31.032+0000] {processor.py:161} INFO - Started process (PID=569) to work on /home/airflow/.local/lib/python3.12/site-packages/airflow/example_dags/example_xcom.py
[2026-05-09T18:46:31.034+0000] {processor.py:830} INFO - Processing file /home/airflow/.local/lib/python3.12/site-packages/airflow/example_dags/example_xcom.py for tasks to queue
[2026-05-09T18:46:31.038+0000] {logging_mixin.py:188} INFO - [2026-05-09T18:46:31.037+0000] {dagbag.py:545} INFO - Filling up the DagBag from /home/airflow/.local/lib/python3.12/site-packages/airflow/example_dags/example_xcom.py
[2026-05-09T18:46:31.052+0000] {processor.py:840} INFO - DAG(s) 'example_xcom' retrieved from /home/airflow/.local/lib/python3.12/site-packages/airflow/example_dags/example_xcom.py
[2026-05-09T18:46:31.098+0000] {logging_mixin.py:188} INFO - [2026-05-09T18:46:31.097+0000] {dag.py:3096} INFO - Sync 1 DAGs
[2026-05-09T18:46:31.141+0000] {logging_mixin.py:188} INFO - [2026-05-09T18:46:31.141+0000] {dag.py:3954} INFO - Setting next_dagrun for example_xcom to 2021-01-01 00:00:00+00:00, run_after=2021-01-01 00:00:00+00:00
[2026-05-09T18:46:31.187+0000] {processor.py:183} INFO - Processing /home/airflow/.local/lib/python3.12/site-packages/airflow/example_dags/example_xcom.py took 0.166 seconds
[2026-05-09T18:51:08.722+0000] {processor.py:161} INFO - Started process (PID=118) to work on /home/airflow/.local/lib/python3.12/site-packages/airflow/example_dags/example_xcom.py
[2026-05-09T18:51:08.725+0000] {processor.py:830} INFO - Processing file /home/airflow/.local/lib/python3.12/site-packages/airflow/example_dags/example_xcom.py for tasks to queue
[2026-05-09T18:51:08.730+0000] {logging_mixin.py:188} INFO - [2026-05-09T18:51:08.729+0000] {dagbag.py:545} INFO - Filling up the DagBag from /home/airflow/.local/lib/python3.12/site-packages/airflow/example_dags/example_xcom.py
[2026-05-09T18:51:08.744+0000] {processor.py:840} INFO - DAG(s) 'example_xcom' retrieved from /home/airflow/.local/lib/python3.12/site-packages/airflow/example_dags/example_xcom.py
[2026-05-09T18:51:08.927+0000] {logging_mixin.py:188} INFO - [2026-05-09T18:51:08.927+0000] {dag.py:3096} INFO - Sync 1 DAGs
[2026-05-09T18:51:08.955+0000] {logging_mixin.py:188} INFO - [2026-05-09T18:51:08.954+0000] {dag.py:3954} INFO - Setting next_dagrun for example_xcom to 2021-01-01 00:00:00+00:00, run_after=2021-01-01 00:00:00+00:00
[2026-05-09T18:51:08.997+0000] {processor.py:183} INFO - Processing /home/airflow/.local/lib/python3.12/site-packages/airflow/example_dags/example_xcom.py took 0.283 seconds
[2026-05-09T18:51:53.827+0000] {processor.py:161} INFO - Started process (PID=93) to work on /home/airflow/.local/lib/python3.12/site-packages/airflow/example_dags/example_xcom.py
[2026-05-09T18:51:53.828+0000] {processor.py:830} INFO - Processing file /home/airflow/.local/lib/python3.12/site-packages/airflow/example_dags/example_xcom.py for tasks to queue
[2026-05-09T18:51:53.830+0000] {logging_mixin.py:188} INFO - [2026-05-09T18:51:53.830+0000] {dagbag.py:545} INFO - Filling up the DagBag from /home/airflow/.local/lib/python3.12/site-packages/airflow/example_dags/example_xcom.py
[2026-05-09T18:51:53.838+0000] {processor.py:840} INFO - DAG(s) 'example_xcom' retrieved from /home/airflow/.local/lib/python3.12/site-packages/airflow/example_dags/example_xcom.py
[2026-05-09T18:51:53.861+0000] {logging_mixin.py:188} INFO - [2026-05-09T18:51:53.860+0000] {dag.py:3096} INFO - Sync 1 DAGs
[2026-05-09T18:51:53.882+0000] {logging_mixin.py:188} INFO - [2026-05-09T18:51:53.881+0000] {dag.py:3954} INFO - Setting next_dagrun for example_xcom to 2021-01-01 00:00:00+00:00, run_after=2021-01-01 00:00:00+00:00
[2026-05-09T18:51:53.905+0000] {processor.py:183} INFO - Processing /home/airflow/.local/lib/python3.12/site-packages/airflow/example_dags/example_xcom.py took 0.084 seconds
[2026-05-09T18:52:24.200+0000] {processor.py:161} INFO - Started process (PID=151) to work on /home/airflow/.local/lib/python3.12/site-packages/airflow/example_dags/example_xcom.py
[2026-05-09T18:52:24.201+0000] {processor.py:830} INFO - Processing file /home/airflow/.local/lib/python3.12/site-packages/airflow/example_dags/example_xcom.py for tasks to queue
[2026-05-09T18:52:24.203+0000] {logging_mixin.py:188} INFO - [2026-05-09T18:52:24.203+0000] {dagbag.py:545} INFO - Filling up the DagBag from /home/airflow/.local/lib/python3.12/site-packages/airflow/example_dags/example_xcom.py
[2026-05-09T18:52:24.210+0000] {processor.py:840} INFO - DAG(s) 'example_xcom' retrieved from /home/airflow/.local/lib/python3.12/site-packages/airflow/example_dags/example_xcom.py
[2026-05-09T18:52:24.233+0000] {logging_mixin.py:188} INFO - [2026-05-09T18:52:24.233+0000] {dag.py:3096} INFO - Sync 1 DAGs
[2026-05-09T18:52:24.256+0000] {logging_mixin.py:188} INFO - [2026-05-09T18:52:24.256+0000] {dag.py:3954} INFO - Setting next_dagrun for example_xcom to 2021-01-01 00:00:00+00:00, run_after=2021-01-01 00:00:00+00:00
[2026-05-09T18:52:24.278+0000] {processor.py:183} INFO - Processing /home/airflow/.local/lib/python3.12/site-packages/airflow/example_dags/example_xcom.py took 0.085 seconds
[2026-05-09T18:53:00.749+0000] {processor.py:161} INFO - Started process (PID=209) to work on /home/airflow/.local/lib/python3.12/site-packages/airflow/example_dags/example_xcom.py
[2026-05-09T18:53:00.750+0000] {processor.py:830} INFO - Processing file /home/airflow/.local/lib/python3.12/site-packages/airflow/example_dags/example_xcom.py for tasks to queue
[2026-05-09T18:53:00.753+0000] {logging_mixin.py:188} INFO - [2026-05-09T18:53:00.753+0000] {dagbag.py:545} INFO - Filling up the DagBag from /home/airflow/.local/lib/python3.12/site-packages/airflow/example_dags/example_xcom.py
[2026-05-09T18:53:00.762+0000] {processor.py:840} INFO - DAG(s) 'example_xcom' retrieved from /home/airflow/.local/lib/python3.12/site-packages/airflow/example_dags/example_xcom.py
[2026-05-09T18:53:00.786+0000] {logging_mixin.py:188} INFO - [2026-05-09T18:53:00.785+0000] {dag.py:3096} INFO - Sync 1 DAGs
[2026-05-09T18:53:00.810+0000] {logging_mixin.py:188} INFO - [2026-05-09T18:53:00.810+0000] {dag.py:3954} INFO - Setting next_dagrun for example_xcom to 2021-01-01 00:00:00+00:00, run_after=2021-01-01 00:00:00+00:00
[2026-05-09T18:53:00.840+0000] {processor.py:183} INFO - Processing /home/airflow/.local/lib/python3.12/site-packages/airflow/example_dags/example_xcom.py took 0.097 seconds
[2026-05-09T18:53:30.999+0000] {processor.py:161} INFO - Started process (PID=267) to work on /home/airflow/.local/lib/python3.12/site-packages/airflow/example_dags/example_xcom.py
[2026-05-09T18:53:31.001+0000] {processor.py:830} INFO - Processing file /home/airflow/.local/lib/python3.12/site-packages/airflow/example_dags/example_xcom.py for tasks to queue
[2026-05-09T18:53:31.003+0000] {logging_mixin.py:188} INFO - [2026-05-09T18:53:31.003+0000] {dagbag.py:545} INFO - Filling up the DagBag from /home/airflow/.local/lib/python3.12/site-packages/airflow/example_dags/example_xcom.py
[2026-05-09T18:53:31.011+0000] {processor.py:840} INFO - DAG(s) 'example_xcom' retrieved from /home/airflow/.local/lib/python3.12/site-packages/airflow/example_dags/example_xcom.py
[2026-05-09T18:53:31.037+0000] {logging_mixin.py:188} INFO - [2026-05-09T18:53:31.037+0000] {dag.py:3096} INFO - Sync 1 DAGs
[2026-05-09T18:53:31.062+0000] {logging_mixin.py:188} INFO - [2026-05-09T18:53:31.061+0000] {dag.py:3954} INFO - Setting next_dagrun for example_xcom to 2021-01-01 00:00:00+00:00, run_after=2021-01-01 00:00:00+00:00
[2026-05-09T18:53:31.089+0000] {processor.py:183} INFO - Processing /home/airflow/.local/lib/python3.12/site-packages/airflow/example_dags/example_xcom.py took 0.095 seconds
[2026-05-09T18:54:02.717+0000] {processor.py:161} INFO - Started process (PID=325) to work on /home/airflow/.local/lib/python3.12/site-packages/airflow/example_dags/example_xcom.py
[2026-05-09T18:54:02.718+0000] {processor.py:830} INFO - Processing file /home/airflow/.local/lib/python3.12/site-packages/airflow/example_dags/example_xcom.py for tasks to queue
[2026-05-09T18:54:02.720+0000] {logging_mixin.py:188} INFO - [2026-05-09T18:54:02.720+0000] {dagbag.py:545} INFO - Filling up the DagBag from /home/airflow/.local/lib/python3.12/site-packages/airflow/example_dags/example_xcom.py
[2026-05-09T18:54:02.728+0000] {processor.py:840} INFO - DAG(s) 'example_xcom' retrieved from /home/airflow/.local/lib/python3.12/site-packages/airflow/example_dags/example_xcom.py
[2026-05-09T18:54:02.752+0000] {logging_mixin.py:188} INFO - [2026-05-09T18:54:02.752+0000] {dag.py:3096} INFO - Sync 1 DAGs
[2026-05-09T18:54:02.776+0000] {logging_mixin.py:188} INFO - [2026-05-09T18:54:02.776+0000] {dag.py:3954} INFO - Setting next_dagrun for example_xcom to 2021-01-01 00:00:00+00:00, run_after=2021-01-01 00:00:00+00:00
[2026-05-09T18:54:02.805+0000] {processor.py:183} INFO - Processing /home/airflow/.local/lib/python3.12/site-packages/airflow/example_dags/example_xcom.py took 0.093 seconds
[2026-05-09T18:54:33.413+0000] {processor.py:161} INFO - Started process (PID=383) to work on /home/airflow/.local/lib/python3.12/site-packages/airflow/example_dags/example_xcom.py
[2026-05-09T18:54:33.415+0000] {processor.py:830} INFO - Processing file /home/airflow/.local/lib/python3.12/site-packages/airflow/example_dags/example_xcom.py for tasks to queue
[2026-05-09T18:54:33.417+0000] {logging_mixin.py:188} INFO - [2026-05-09T18:54:33.416+0000] {dagbag.py:545} INFO - Filling up the DagBag from /home/airflow/.local/lib/python3.12/site-packages/airflow/example_dags/example_xcom.py
[2026-05-09T18:54:33.423+0000] {processor.py:840} INFO - DAG(s) 'example_xcom' retrieved from /home/airflow/.local/lib/python3.12/site-packages/airflow/example_dags/example_xcom.py
[2026-05-09T18:54:33.444+0000] {logging_mixin.py:188} INFO - [2026-05-09T18:54:33.444+0000] {dag.py:3096} INFO - Sync 1 DAGs
[2026-05-09T18:54:33.465+0000] {logging_mixin.py:188} INFO - [2026-05-09T18:54:33.465+0000] {dag.py:3954} INFO - Setting next_dagrun for example_xcom to 2021-01-01 00:00:00+00:00, run_after=2021-01-01 00:00:00+00:00
[2026-05-09T18:54:33.491+0000] {processor.py:183} INFO - Processing /home/airflow/.local/lib/python3.12/site-packages/airflow/example_dags/example_xcom.py took 0.082 seconds
[2026-05-09T18:55:03.570+0000] {processor.py:161} INFO - Started process (PID=441) to work on /home/airflow/.local/lib/python3.12/site-packages/airflow/example_dags/example_xcom.py
[2026-05-09T18:55:03.572+0000] {processor.py:830} INFO - Processing file /home/airflow/.local/lib/python3.12/site-packages/airflow/example_dags/example_xcom.py for tasks to queue
[2026-05-09T18:55:03.574+0000] {logging_mixin.py:188} INFO - [2026-05-09T18:55:03.574+0000] {dagbag.py:545} INFO - Filling up the DagBag from /home/airflow/.local/lib/python3.12/site-packages/airflow/example_dags/example_xcom.py
[2026-05-09T18:55:03.581+0000] {processor.py:840} INFO - DAG(s) 'example_xcom' retrieved from /home/airflow/.local/lib/python3.12/site-packages/airflow/example_dags/example_xcom.py
[2026-05-09T18:55:03.604+0000] {logging_mixin.py:188} INFO - [2026-05-09T18:55:03.603+0000] {dag.py:3096} INFO - Sync 1 DAGs
[2026-05-09T18:55:03.625+0000] {logging_mixin.py:188} INFO - [2026-05-09T18:55:03.625+0000] {dag.py:3954} INFO - Setting next_dagrun for example_xcom to 2021-01-01 00:00:00+00:00, run_after=2021-01-01 00:00:00+00:00
[2026-05-09T18:55:03.650+0000] {processor.py:183} INFO - Processing /home/airflow/.local/lib/python3.12/site-packages/airflow/example_dags/example_xcom.py took 0.087 seconds
[2026-05-09T18:55:34.079+0000] {processor.py:161} INFO - Started process (PID=499) to work on /home/airflow/.local/lib/python3.12/site-packages/airflow/example_dags/example_xcom.py
[2026-05-09T18:55:34.081+0000] {processor.py:830} INFO - Processing file /home/airflow/.local/lib/python3.12/site-packages/airflow/example_dags/example_xcom.py for tasks to queue
[2026-05-09T18:55:34.083+0000] {logging_mixin.py:188} INFO - [2026-05-09T18:55:34.082+0000] {dagbag.py:545} INFO - Filling up the DagBag from /home/airflow/.local/lib/python3.12/site-packages/airflow/example_dags/example_xcom.py
[2026-05-09T18:55:34.089+0000] {processor.py:840} INFO - DAG(s) 'example_xcom' retrieved from /home/airflow/.local/lib/python3.12/site-packages/airflow/example_dags/example_xcom.py
[2026-05-09T18:55:34.110+0000] {logging_mixin.py:188} INFO - [2026-05-09T18:55:34.110+0000] {dag.py:3096} INFO - Sync 1 DAGs
[2026-05-09T18:55:34.131+0000] {logging_mixin.py:188} INFO - [2026-05-09T18:55:34.131+0000] {dag.py:3954} INFO - Setting next_dagrun for example_xcom to 2021-01-01 00:00:00+00:00, run_after=2021-01-01 00:00:00+00:00
[2026-05-09T18:55:34.154+0000] {processor.py:183} INFO - Processing /home/airflow/.local/lib/python3.12/site-packages/airflow/example_dags/example_xcom.py took 0.080 seconds
[2026-05-09T18:56:04.977+0000] {processor.py:161} INFO - Started process (PID=557) to work on /home/airflow/.local/lib/python3.12/site-packages/airflow/example_dags/example_xcom.py
[2026-05-09T18:56:04.978+0000] {processor.py:830} INFO - Processing file /home/airflow/.local/lib/python3.12/site-packages/airflow/example_dags/example_xcom.py for tasks to queue
[2026-05-09T18:56:04.980+0000] {logging_mixin.py:188} INFO - [2026-05-09T18:56:04.980+0000] {dagbag.py:545} INFO - Filling up the DagBag from /home/airflow/.local/lib/python3.12/site-packages/airflow/example_dags/example_xcom.py
[2026-05-09T18:56:04.988+0000] {processor.py:840} INFO - DAG(s) 'example_xcom' retrieved from /home/airflow/.local/lib/python3.12/site-packages/airflow/example_dags/example_xcom.py
[2026-05-09T18:56:05.011+0000] {logging_mixin.py:188} INFO - [2026-05-09T18:56:05.011+0000] {dag.py:3096} INFO - Sync 1 DAGs
[2026-05-09T18:56:05.034+0000] {logging_mixin.py:188} INFO - [2026-05-09T18:56:05.034+0000] {dag.py:3954} INFO - Setting next_dagrun for example_xcom to 2021-01-01 00:00:00+00:00, run_after=2021-01-01 00:00:00+00:00
[2026-05-09T18:56:05.060+0000] {processor.py:183} INFO - Processing /home/airflow/.local/lib/python3.12/site-packages/airflow/example_dags/example_xcom.py took 0.089 seconds
[2026-05-09T18:56:35.324+0000] {processor.py:161} INFO - Started process (PID=615) to work on /home/airflow/.local/lib/python3.12/site-packages/airflow/example_dags/example_xcom.py
[2026-05-09T18:56:35.326+0000] {processor.py:830} INFO - Processing file /home/airflow/.local/lib/python3.12/site-packages/airflow/example_dags/example_xcom.py for tasks to queue
[2026-05-09T18:56:35.328+0000] {logging_mixin.py:188} INFO - [2026-05-09T18:56:35.328+0000] {dagbag.py:545} INFO - Filling up the DagBag from /home/airflow/.local/lib/python3.12/site-packages/airflow/example_dags/example_xcom.py
[2026-05-09T18:56:35.336+0000] {processor.py:840} INFO - DAG(s) 'example_xcom' retrieved from /home/airflow/.local/lib/python3.12/site-packages/airflow/example_dags/example_xcom.py
[2026-05-09T18:56:35.359+0000] {logging_mixin.py:188} INFO - [2026-05-09T18:56:35.359+0000] {dag.py:3096} INFO - Sync 1 DAGs
[2026-05-09T18:56:35.381+0000] {logging_mixin.py:188} INFO - [2026-05-09T18:56:35.381+0000] {dag.py:3954} INFO - Setting next_dagrun for example_xcom to 2021-01-01 00:00:00+00:00, run_after=2021-01-01 00:00:00+00:00
[2026-05-09T18:56:35.403+0000] {processor.py:183} INFO - Processing /home/airflow/.local/lib/python3.12/site-packages/airflow/example_dags/example_xcom.py took 0.085 seconds
[2026-05-09T18:57:05.862+0000] {processor.py:161} INFO - Started process (PID=674) to work on /home/airflow/.local/lib/python3.12/site-packages/airflow/example_dags/example_xcom.py
[2026-05-09T18:57:05.863+0000] {processor.py:830} INFO - Processing file /home/airflow/.local/lib/python3.12/site-packages/airflow/example_dags/example_xcom.py for tasks to queue
[2026-05-09T18:57:05.865+0000] {logging_mixin.py:188} INFO - [2026-05-09T18:57:05.865+0000] {dagbag.py:545} INFO - Filling up the DagBag from /home/airflow/.local/lib/python3.12/site-packages/airflow/example_dags/example_xcom.py
[2026-05-09T18:57:05.874+0000] {processor.py:840} INFO - DAG(s) 'example_xcom' retrieved from /home/airflow/.local/lib/python3.12/site-packages/airflow/example_dags/example_xcom.py
[2026-05-09T18:57:05.906+0000] {logging_mixin.py:188} INFO - [2026-05-09T18:57:05.906+0000] {dag.py:3096} INFO - Sync 1 DAGs
[2026-05-09T18:57:05.932+0000] {logging_mixin.py:188} INFO - [2026-05-09T18:57:05.931+0000] {dag.py:3954} INFO - Setting next_dagrun for example_xcom to 2021-01-01 00:00:00+00:00, run_after=2021-01-01 00:00:00+00:00
[2026-05-09T18:57:05.958+0000] {processor.py:183} INFO - Processing /home/airflow/.local/lib/python3.12/site-packages/airflow/example_dags/example_xcom.py took 0.101 seconds
[2026-05-09T18:57:36.524+0000] {processor.py:161} INFO - Started process (PID=733) to work on /home/airflow/.local/lib/python3.12/site-packages/airflow/example_dags/example_xcom.py
[2026-05-09T18:57:36.525+0000] {processor.py:830} INFO - Processing file /home/airflow/.local/lib/python3.12/site-packages/airflow/example_dags/example_xcom.py for tasks to queue
[2026-05-09T18:57:36.528+0000] {logging_mixin.py:188} INFO - [2026-05-09T18:57:36.527+0000] {dagbag.py:545} INFO - Filling up the DagBag from /home/airflow/.local/lib/python3.12/site-packages/airflow/example_dags/example_xcom.py
[2026-05-09T18:57:36.535+0000] {processor.py:840} INFO - DAG(s) 'example_xcom' retrieved from /home/airflow/.local/lib/python3.12/site-packages/airflow/example_dags/example_xcom.py
[2026-05-09T18:57:36.555+0000] {logging_mixin.py:188} INFO - [2026-05-09T18:57:36.555+0000] {dag.py:3096} INFO - Sync 1 DAGs
[2026-05-09T18:57:36.576+0000] {logging_mixin.py:188} INFO - [2026-05-09T18:57:36.576+0000] {dag.py:3954} INFO - Setting next_dagrun for example_xcom to 2021-01-01 00:00:00+00:00, run_after=2021-01-01 00:00:00+00:00
[2026-05-09T18:57:36.598+0000] {processor.py:183} INFO - Processing /home/airflow/.local/lib/python3.12/site-packages/airflow/example_dags/example_xcom.py took 0.079 seconds
[2026-05-09T18:58:07.525+0000] {processor.py:161} INFO - Started process (PID=793) to work on /home/airflow/.local/lib/python3.12/site-packages/airflow/example_dags/example_xcom.py
[2026-05-09T18:58:07.527+0000] {processor.py:830} INFO - Processing file /home/airflow/.local/lib/python3.12/site-packages/airflow/example_dags/example_xcom.py for tasks to queue
[2026-05-09T18:58:07.529+0000] {logging_mixin.py:188} INFO - [2026-05-09T18:58:07.529+0000] {dagbag.py:545} INFO - Filling up the DagBag from /home/airflow/.local/lib/python3.12/site-packages/airflow/example_dags/example_xcom.py
[2026-05-09T18:58:07.539+0000] {processor.py:840} INFO - DAG(s) 'example_xcom' retrieved from /home/airflow/.local/lib/python3.12/site-packages/airflow/example_dags/example_xcom.py
[2026-05-09T18:58:07.565+0000] {logging_mixin.py:188} INFO - [2026-05-09T18:58:07.565+0000] {dag.py:3096} INFO - Sync 1 DAGs
[2026-05-09T18:58:07.590+0000] {logging_mixin.py:188} INFO - [2026-05-09T18:58:07.589+0000] {dag.py:3954} INFO - Setting next_dagrun for example_xcom to 2021-01-01 00:00:00+00:00, run_after=2021-01-01 00:00:00+00:00
[2026-05-09T18:58:07.620+0000] {processor.py:183} INFO - Processing /home/airflow/.local/lib/python3.12/site-packages/airflow/example_dags/example_xcom.py took 0.102 seconds
[2026-05-09T18:58:38.195+0000] {processor.py:161} INFO - Started process (PID=852) to work on /home/airflow/.local/lib/python3.12/site-packages/airflow/example_dags/example_xcom.py
[2026-05-09T18:58:38.196+0000] {processor.py:830} INFO - Processing file /home/airflow/.local/lib/python3.12/site-packages/airflow/example_dags/example_xcom.py for tasks to queue
[2026-05-09T18:58:38.199+0000] {logging_mixin.py:188} INFO - [2026-05-09T18:58:38.199+0000] {dagbag.py:545} INFO - Filling up the DagBag from /home/airflow/.local/lib/python3.12/site-packages/airflow/example_dags/example_xcom.py
[2026-05-09T18:58:38.210+0000] {processor.py:840} INFO - DAG(s) 'example_xcom' retrieved from /home/airflow/.local/lib/python3.12/site-packages/airflow/example_dags/example_xcom.py
[2026-05-09T18:58:38.242+0000] {logging_mixin.py:188} INFO - [2026-05-09T18:58:38.242+0000] {dag.py:3096} INFO - Sync 1 DAGs
[2026-05-09T18:58:38.270+0000] {logging_mixin.py:188} INFO - [2026-05-09T18:58:38.270+0000] {dag.py:3954} INFO - Setting next_dagrun for example_xcom to 2021-01-01 00:00:00+00:00, run_after=2021-01-01 00:00:00+00:00
[2026-05-09T18:58:38.294+0000] {processor.py:183} INFO - Processing /home/airflow/.local/lib/python3.12/site-packages/airflow/example_dags/example_xcom.py took 0.106 seconds
[2026-05-09T18:59:08.687+0000] {processor.py:161} INFO - Started process (PID=911) to work on /home/airflow/.local/lib/python3.12/site-packages/airflow/example_dags/example_xcom.py
[2026-05-09T18:59:08.689+0000] {processor.py:830} INFO - Processing file /home/airflow/.local/lib/python3.12/site-packages/airflow/example_dags/example_xcom.py for tasks to queue
[2026-05-09T18:59:08.691+0000] {logging_mixin.py:188} INFO - [2026-05-09T18:59:08.690+0000] {dagbag.py:545} INFO - Filling up the DagBag from /home/airflow/.local/lib/python3.12/site-packages/airflow/example_dags/example_xcom.py
[2026-05-09T18:59:08.698+0000] {processor.py:840} INFO - DAG(s) 'example_xcom' retrieved from /home/airflow/.local/lib/python3.12/site-packages/airflow/example_dags/example_xcom.py
[2026-05-09T18:59:08.721+0000] {logging_mixin.py:188} INFO - [2026-05-09T18:59:08.721+0000] {dag.py:3096} INFO - Sync 1 DAGs
[2026-05-09T18:59:08.742+0000] {logging_mixin.py:188} INFO - [2026-05-09T18:59:08.742+0000] {dag.py:3954} INFO - Setting next_dagrun for example_xcom to 2021-01-01 00:00:00+00:00, run_after=2021-01-01 00:00:00+00:00
[2026-05-09T18:59:08.766+0000] {processor.py:183} INFO - Processing /home/airflow/.local/lib/python3.12/site-packages/airflow/example_dags/example_xcom.py took 0.084 seconds
[2026-05-09T18:59:39.630+0000] {processor.py:161} INFO - Started process (PID=970) to work on /home/airflow/.local/lib/python3.12/site-packages/airflow/example_dags/example_xcom.py
[2026-05-09T18:59:39.631+0000] {processor.py:830} INFO - Processing file /home/airflow/.local/lib/python3.12/site-packages/airflow/example_dags/example_xcom.py for tasks to queue
[2026-05-09T18:59:39.633+0000] {logging_mixin.py:188} INFO - [2026-05-09T18:59:39.633+0000] {dagbag.py:545} INFO - Filling up the DagBag from /home/airflow/.local/lib/python3.12/site-packages/airflow/example_dags/example_xcom.py
[2026-05-09T18:59:39.640+0000] {processor.py:840} INFO - DAG(s) 'example_xcom' retrieved from /home/airflow/.local/lib/python3.12/site-packages/airflow/example_dags/example_xcom.py
[2026-05-09T18:59:39.660+0000] {logging_mixin.py:188} INFO - [2026-05-09T18:59:39.660+0000] {dag.py:3096} INFO - Sync 1 DAGs
[2026-05-09T18:59:39.681+0000] {logging_mixin.py:188} INFO - [2026-05-09T18:59:39.681+0000] {dag.py:3954} INFO - Setting next_dagrun for example_xcom to 2021-01-01 00:00:00+00:00, run_after=2021-01-01 00:00:00+00:00
[2026-05-09T18:59:39.706+0000] {processor.py:183} INFO - Processing /home/airflow/.local/lib/python3.12/site-packages/airflow/example_dags/example_xcom.py took 0.082 seconds
[2026-05-09T19:00:10.639+0000] {processor.py:161} INFO - Started process (PID=1029) to work on /home/airflow/.local/lib/python3.12/site-packages/airflow/example_dags/example_xcom.py
[2026-05-09T19:00:10.640+0000] {processor.py:830} INFO - Processing file /home/airflow/.local/lib/python3.12/site-packages/airflow/example_dags/example_xcom.py for tasks to queue
[2026-05-09T19:00:10.643+0000] {logging_mixin.py:188} INFO - [2026-05-09T19:00:10.642+0000] {dagbag.py:545} INFO - Filling up the DagBag from /home/airflow/.local/lib/python3.12/site-packages/airflow/example_dags/example_xcom.py
[2026-05-09T19:00:10.651+0000] {processor.py:840} INFO - DAG(s) 'example_xcom' retrieved from /home/airflow/.local/lib/python3.12/site-packages/airflow/example_dags/example_xcom.py
[2026-05-09T19:00:10.676+0000] {logging_mixin.py:188} INFO - [2026-05-09T19:00:10.676+0000] {dag.py:3096} INFO - Sync 1 DAGs
[2026-05-09T19:00:10.700+0000] {logging_mixin.py:188} INFO - [2026-05-09T19:00:10.700+0000] {dag.py:3954} INFO - Setting next_dagrun for example_xcom to 2021-01-01 00:00:00+00:00, run_after=2021-01-01 00:00:00+00:00
[2026-05-09T19:00:10.728+0000] {processor.py:183} INFO - Processing /home/airflow/.local/lib/python3.12/site-packages/airflow/example_dags/example_xcom.py took 0.095 seconds
[2026-05-09T19:00:41.375+0000] {processor.py:161} INFO - Started process (PID=1088) to work on /home/airflow/.local/lib/python3.12/site-packages/airflow/example_dags/example_xcom.py
[2026-05-09T19:00:41.377+0000] {processor.py:830} INFO - Processing file /home/airflow/.local/lib/python3.12/site-packages/airflow/example_dags/example_xcom.py for tasks to queue
[2026-05-09T19:00:41.379+0000] {logging_mixin.py:188} INFO - [2026-05-09T19:00:41.379+0000] {dagbag.py:545} INFO - Filling up the DagBag from /home/airflow/.local/lib/python3.12/site-packages/airflow/example_dags/example_xcom.py
[2026-05-09T19:00:41.386+0000] {processor.py:840} INFO - DAG(s) 'example_xcom' retrieved from /home/airflow/.local/lib/python3.12/site-packages/airflow/example_dags/example_xcom.py
[2026-05-09T19:00:41.408+0000] {logging_mixin.py:188} INFO - [2026-05-09T19:00:41.407+0000] {dag.py:3096} INFO - Sync 1 DAGs
[2026-05-09T19:00:41.430+0000] {logging_mixin.py:188} INFO - [2026-05-09T19:00:41.430+0000] {dag.py:3954} INFO - Setting next_dagrun for example_xcom to 2021-01-01 00:00:00+00:00, run_after=2021-01-01 00:00:00+00:00
[2026-05-09T19:00:41.454+0000] {processor.py:183} INFO - Processing /home/airflow/.local/lib/python3.12/site-packages/airflow/example_dags/example_xcom.py took 0.083 seconds
[2026-05-09T19:01:12.277+0000] {processor.py:161} INFO - Started process (PID=1147) to work on /home/airflow/.local/lib/python3.12/site-packages/airflow/example_dags/example_xcom.py
[2026-05-09T19:01:12.278+0000] {processor.py:830} INFO - Processing file /home/airflow/.local/lib/python3.12/site-packages/airflow/example_dags/example_xcom.py for tasks to queue
[2026-05-09T19:01:12.280+0000] {logging_mixin.py:188} INFO - [2026-05-09T19:01:12.280+0000] {dagbag.py:545} INFO - Filling up the DagBag from /home/airflow/.local/lib/python3.12/site-packages/airflow/example_dags/example_xcom.py
[2026-05-09T19:01:12.287+0000] {processor.py:840} INFO - DAG(s) 'example_xcom' retrieved from /home/airflow/.local/lib/python3.12/site-packages/airflow/example_dags/example_xcom.py
[2026-05-09T19:01:12.308+0000] {logging_mixin.py:188} INFO - [2026-05-09T19:01:12.308+0000] {dag.py:3096} INFO - Sync 1 DAGs
[2026-05-09T19:01:12.330+0000] {logging_mixin.py:188} INFO - [2026-05-09T19:01:12.330+0000] {dag.py:3954} INFO - Setting next_dagrun for example_xcom to 2021-01-01 00:00:00+00:00, run_after=2021-01-01 00:00:00+00:00
[2026-05-09T19:01:12.355+0000] {processor.py:183} INFO - Processing /home/airflow/.local/lib/python3.12/site-packages/airflow/example_dags/example_xcom.py took 0.084 seconds
[2026-05-09T19:01:42.709+0000] {processor.py:161} INFO - Started process (PID=1206) to work on /home/airflow/.local/lib/python3.12/site-packages/airflow/example_dags/example_xcom.py
[2026-05-09T19:01:42.711+0000] {processor.py:830} INFO - Processing file /home/airflow/.local/lib/python3.12/site-packages/airflow/example_dags/example_xcom.py for tasks to queue
[2026-05-09T19:01:42.714+0000] {logging_mixin.py:188} INFO - [2026-05-09T19:01:42.714+0000] {dagbag.py:545} INFO - Filling up the DagBag from /home/airflow/.local/lib/python3.12/site-packages/airflow/example_dags/example_xcom.py
[2026-05-09T19:01:42.726+0000] {processor.py:840} INFO - DAG(s) 'example_xcom' retrieved from /home/airflow/.local/lib/python3.12/site-packages/airflow/example_dags/example_xcom.py
[2026-05-09T19:01:42.765+0000] {logging_mixin.py:188} INFO - [2026-05-09T19:01:42.765+0000] {dag.py:3096} INFO - Sync 1 DAGs
[2026-05-09T19:01:42.801+0000] {logging_mixin.py:188} INFO - [2026-05-09T19:01:42.801+0000] {dag.py:3954} INFO - Setting next_dagrun for example_xcom to 2021-01-01 00:00:00+00:00, run_after=2021-01-01 00:00:00+00:00
[2026-05-09T19:01:43.028+0000] {processor.py:183} INFO - Processing /home/airflow/.local/lib/python3.12/site-packages/airflow/example_dags/example_xcom.py took 0.329 seconds
[2026-05-09T19:02:13.725+0000] {processor.py:161} INFO - Started process (PID=1265) to work on /home/airflow/.local/lib/python3.12/site-packages/airflow/example_dags/example_xcom.py
[2026-05-09T19:02:13.727+0000] {processor.py:830} INFO - Processing file /home/airflow/.local/lib/python3.12/site-packages/airflow/example_dags/example_xcom.py for tasks to queue
[2026-05-09T19:02:13.729+0000] {logging_mixin.py:188} INFO - [2026-05-09T19:02:13.728+0000] {dagbag.py:545} INFO - Filling up the DagBag from /home/airflow/.local/lib/python3.12/site-packages/airflow/example_dags/example_xcom.py
[2026-05-09T19:02:13.736+0000] {processor.py:840} INFO - DAG(s) 'example_xcom' retrieved from /home/airflow/.local/lib/python3.12/site-packages/airflow/example_dags/example_xcom.py
[2026-05-09T19:02:13.757+0000] {logging_mixin.py:188} INFO - [2026-05-09T19:02:13.757+0000] {dag.py:3096} INFO - Sync 1 DAGs
[2026-05-09T19:02:13.780+0000] {logging_mixin.py:188} INFO - [2026-05-09T19:02:13.780+0000] {dag.py:3954} INFO - Setting next_dagrun for example_xcom to 2021-01-01 00:00:00+00:00, run_after=2021-01-01 00:00:00+00:00
[2026-05-09T19:02:13.938+0000] {processor.py:183} INFO - Processing /home/airflow/.local/lib/python3.12/site-packages/airflow/example_dags/example_xcom.py took 0.218 seconds
[2026-05-09T19:02:44.212+0000] {processor.py:161} INFO - Started process (PID=1324) to work on /home/airflow/.local/lib/python3.12/site-packages/airflow/example_dags/example_xcom.py
[2026-05-09T19:02:44.213+0000] {processor.py:830} INFO - Processing file /home/airflow/.local/lib/python3.12/site-packages/airflow/example_dags/example_xcom.py for tasks to queue
[2026-05-09T19:02:44.216+0000] {logging_mixin.py:188} INFO - [2026-05-09T19:02:44.215+0000] {dagbag.py:545} INFO - Filling up the DagBag from /home/airflow/.local/lib/python3.12/site-packages/airflow/example_dags/example_xcom.py
[2026-05-09T19:02:44.223+0000] {processor.py:840} INFO - DAG(s) 'example_xcom' retrieved from /home/airflow/.local/lib/python3.12/site-packages/airflow/example_dags/example_xcom.py
[2026-05-09T19:02:44.244+0000] {logging_mixin.py:188} INFO - [2026-05-09T19:02:44.244+0000] {dag.py:3096} INFO - Sync 1 DAGs
[2026-05-09T19:02:44.265+0000] {logging_mixin.py:188} INFO - [2026-05-09T19:02:44.265+0000] {dag.py:3954} INFO - Setting next_dagrun for example_xcom to 2021-01-01 00:00:00+00:00, run_after=2021-01-01 00:00:00+00:00
[2026-05-09T19:02:44.400+0000] {processor.py:183} INFO - Processing /home/airflow/.local/lib/python3.12/site-packages/airflow/example_dags/example_xcom.py took 0.193 seconds
[2026-05-09T19:03:14.511+0000] {processor.py:161} INFO - Started process (PID=1383) to work on /home/airflow/.local/lib/python3.12/site-packages/airflow/example_dags/example_xcom.py
[2026-05-09T19:03:14.512+0000] {processor.py:830} INFO - Processing file /home/airflow/.local/lib/python3.12/site-packages/airflow/example_dags/example_xcom.py for tasks to queue
[2026-05-09T19:03:14.514+0000] {logging_mixin.py:188} INFO - [2026-05-09T19:03:14.514+0000] {dagbag.py:545} INFO - Filling up the DagBag from /home/airflow/.local/lib/python3.12/site-packages/airflow/example_dags/example_xcom.py
[2026-05-09T19:03:14.522+0000] {processor.py:840} INFO - DAG(s) 'example_xcom' retrieved from /home/airflow/.local/lib/python3.12/site-packages/airflow/example_dags/example_xcom.py
[2026-05-09T19:03:14.544+0000] {logging_mixin.py:188} INFO - [2026-05-09T19:03:14.544+0000] {dag.py:3096} INFO - Sync 1 DAGs
[2026-05-09T19:03:14.566+0000] {logging_mixin.py:188} INFO - [2026-05-09T19:03:14.566+0000] {dag.py:3954} INFO - Setting next_dagrun for example_xcom to 2021-01-01 00:00:00+00:00, run_after=2021-01-01 00:00:00+00:00
[2026-05-09T19:03:14.707+0000] {processor.py:183} INFO - Processing /home/airflow/.local/lib/python3.12/site-packages/airflow/example_dags/example_xcom.py took 0.202 seconds
[2026-05-09T19:03:45.052+0000] {processor.py:161} INFO - Started process (PID=1442) to work on /home/airflow/.local/lib/python3.12/site-packages/airflow/example_dags/example_xcom.py
[2026-05-09T19:03:45.053+0000] {processor.py:830} INFO - Processing file /home/airflow/.local/lib/python3.12/site-packages/airflow/example_dags/example_xcom.py for tasks to queue
[2026-05-09T19:03:45.056+0000] {logging_mixin.py:188} INFO - [2026-05-09T19:03:45.056+0000] {dagbag.py:545} INFO - Filling up the DagBag from /home/airflow/.local/lib/python3.12/site-packages/airflow/example_dags/example_xcom.py
[2026-05-09T19:03:45.064+0000] {processor.py:840} INFO - DAG(s) 'example_xcom' retrieved from /home/airflow/.local/lib/python3.12/site-packages/airflow/example_dags/example_xcom.py
[2026-05-09T19:03:45.088+0000] {logging_mixin.py:188} INFO - [2026-05-09T19:03:45.087+0000] {dag.py:3096} INFO - Sync 1 DAGs
[2026-05-09T19:03:45.111+0000] {logging_mixin.py:188} INFO - [2026-05-09T19:03:45.111+0000] {dag.py:3954} INFO - Setting next_dagrun for example_xcom to 2021-01-01 00:00:00+00:00, run_after=2021-01-01 00:00:00+00:00
[2026-05-09T19:03:45.136+0000] {processor.py:183} INFO - Processing /home/airflow/.local/lib/python3.12/site-packages/airflow/example_dags/example_xcom.py took 0.089 seconds
[2026-05-09T19:04:15.618+0000] {processor.py:161} INFO - Started process (PID=1501) to work on /home/airflow/.local/lib/python3.12/site-packages/airflow/example_dags/example_xcom.py
[2026-05-09T19:04:15.620+0000] {processor.py:830} INFO - Processing file /home/airflow/.local/lib/python3.12/site-packages/airflow/example_dags/example_xcom.py for tasks to queue
[2026-05-09T19:04:15.622+0000] {logging_mixin.py:188} INFO - [2026-05-09T19:04:15.622+0000] {dagbag.py:545} INFO - Filling up the DagBag from /home/airflow/.local/lib/python3.12/site-packages/airflow/example_dags/example_xcom.py
[2026-05-09T19:04:15.631+0000] {processor.py:840} INFO - DAG(s) 'example_xcom' retrieved from /home/airflow/.local/lib/python3.12/site-packages/airflow/example_dags/example_xcom.py
[2026-05-09T19:04:15.654+0000] {logging_mixin.py:188} INFO - [2026-05-09T19:04:15.654+0000] {dag.py:3096} INFO - Sync 1 DAGs
[2026-05-09T19:04:15.680+0000] {logging_mixin.py:188} INFO - [2026-05-09T19:04:15.680+0000] {dag.py:3954} INFO - Setting next_dagrun for example_xcom to 2021-01-01 00:00:00+00:00, run_after=2021-01-01 00:00:00+00:00
[2026-05-09T19:04:15.704+0000] {processor.py:183} INFO - Processing /home/airflow/.local/lib/python3.12/site-packages/airflow/example_dags/example_xcom.py took 0.092 seconds
[2026-05-09T19:04:46.103+0000] {processor.py:161} INFO - Started process (PID=1560) to work on /home/airflow/.local/lib/python3.12/site-packages/airflow/example_dags/example_xcom.py
[2026-05-09T19:04:46.104+0000] {processor.py:830} INFO - Processing file /home/airflow/.local/lib/python3.12/site-packages/airflow/example_dags/example_xcom.py for tasks to queue
[2026-05-09T19:04:46.106+0000] {logging_mixin.py:188} INFO - [2026-05-09T19:04:46.106+0000] {dagbag.py:545} INFO - Filling up the DagBag from /home/airflow/.local/lib/python3.12/site-packages/airflow/example_dags/example_xcom.py
[2026-05-09T19:04:46.113+0000] {processor.py:840} INFO - DAG(s) 'example_xcom' retrieved from /home/airflow/.local/lib/python3.12/site-packages/airflow/example_dags/example_xcom.py
[2026-05-09T19:04:46.135+0000] {logging_mixin.py:188} INFO - [2026-05-09T19:04:46.134+0000] {dag.py:3096} INFO - Sync 1 DAGs
[2026-05-09T19:04:46.157+0000] {logging_mixin.py:188} INFO - [2026-05-09T19:04:46.157+0000] {dag.py:3954} INFO - Setting next_dagrun for example_xcom to 2021-01-01 00:00:00+00:00, run_after=2021-01-01 00:00:00+00:00
[2026-05-09T19:04:46.182+0000] {processor.py:183} INFO - Processing /home/airflow/.local/lib/python3.12/site-packages/airflow/example_dags/example_xcom.py took 0.084 seconds
[2026-05-09T19:05:16.478+0000] {processor.py:161} INFO - Started process (PID=1619) to work on /home/airflow/.local/lib/python3.12/site-packages/airflow/example_dags/example_xcom.py
[2026-05-09T19:05:16.480+0000] {processor.py:830} INFO - Processing file /home/airflow/.local/lib/python3.12/site-packages/airflow/example_dags/example_xcom.py for tasks to queue
[2026-05-09T19:05:16.482+0000] {logging_mixin.py:188} INFO - [2026-05-09T19:05:16.482+0000] {dagbag.py:545} INFO - Filling up the DagBag from /home/airflow/.local/lib/python3.12/site-packages/airflow/example_dags/example_xcom.py
[2026-05-09T19:05:16.489+0000] {processor.py:840} INFO - DAG(s) 'example_xcom' retrieved from /home/airflow/.local/lib/python3.12/site-packages/airflow/example_dags/example_xcom.py
[2026-05-09T19:05:16.513+0000] {logging_mixin.py:188} INFO - [2026-05-09T19:05:16.513+0000] {dag.py:3096} INFO - Sync 1 DAGs
[2026-05-09T19:05:16.537+0000] {logging_mixin.py:188} INFO - [2026-05-09T19:05:16.537+0000] {dag.py:3954} INFO - Setting next_dagrun for example_xcom to 2021-01-01 00:00:00+00:00, run_after=2021-01-01 00:00:00+00:00
[2026-05-09T19:05:16.567+0000] {processor.py:183} INFO - Processing /home/airflow/.local/lib/python3.12/site-packages/airflow/example_dags/example_xcom.py took 0.094 seconds
[2026-05-09T19:05:46.923+0000] {processor.py:161} INFO - Started process (PID=1678) to work on /home/airflow/.local/lib/python3.12/site-packages/airflow/example_dags/example_xcom.py
[2026-05-09T19:05:46.925+0000] {processor.py:830} INFO - Processing file /home/airflow/.local/lib/python3.12/site-packages/airflow/example_dags/example_xcom.py for tasks to queue
[2026-05-09T19:05:46.929+0000] {logging_mixin.py:188} INFO - [2026-05-09T19:05:46.929+0000] {dagbag.py:545} INFO - Filling up the DagBag from /home/airflow/.local/lib/python3.12/site-packages/airflow/example_dags/example_xcom.py
[2026-05-09T19:05:46.944+0000] {processor.py:840} INFO - DAG(s) 'example_xcom' retrieved from /home/airflow/.local/lib/python3.12/site-packages/airflow/example_dags/example_xcom.py
[2026-05-09T19:05:46.978+0000] {logging_mixin.py:188} INFO - [2026-05-09T19:05:46.977+0000] {dag.py:3096} INFO - Sync 1 DAGs
[2026-05-09T19:05:47.006+0000] {logging_mixin.py:188} INFO - [2026-05-09T19:05:47.006+0000] {dag.py:3954} INFO - Setting next_dagrun for example_xcom to 2021-01-01 00:00:00+00:00, run_after=2021-01-01 00:00:00+00:00
[2026-05-09T19:05:47.045+0000] {processor.py:183} INFO - Processing /home/airflow/.local/lib/python3.12/site-packages/airflow/example_dags/example_xcom.py took 0.131 seconds
[2026-05-09T19:06:17.568+0000] {processor.py:161} INFO - Started process (PID=1737) to work on /home/airflow/.local/lib/python3.12/site-packages/airflow/example_dags/example_xcom.py
[2026-05-09T19:06:17.570+0000] {processor.py:830} INFO - Processing file /home/airflow/.local/lib/python3.12/site-packages/airflow/example_dags/example_xcom.py for tasks to queue
[2026-05-09T19:06:17.572+0000] {logging_mixin.py:188} INFO - [2026-05-09T19:06:17.572+0000] {dagbag.py:545} INFO - Filling up the DagBag from /home/airflow/.local/lib/python3.12/site-packages/airflow/example_dags/example_xcom.py
[2026-05-09T19:06:17.582+0000] {processor.py:840} INFO - DAG(s) 'example_xcom' retrieved from /home/airflow/.local/lib/python3.12/site-packages/airflow/example_dags/example_xcom.py
[2026-05-09T19:06:17.610+0000] {logging_mixin.py:188} INFO - [2026-05-09T19:06:17.610+0000] {dag.py:3096} INFO - Sync 1 DAGs
[2026-05-09T19:06:17.639+0000] {logging_mixin.py:188} INFO - [2026-05-09T19:06:17.639+0000] {dag.py:3954} INFO - Setting next_dagrun for example_xcom to 2021-01-01 00:00:00+00:00, run_after=2021-01-01 00:00:00+00:00
[2026-05-09T19:06:17.675+0000] {processor.py:183} INFO - Processing /home/airflow/.local/lib/python3.12/site-packages/airflow/example_dags/example_xcom.py took 0.113 seconds
[2026-05-09T19:06:48.097+0000] {processor.py:161} INFO - Started process (PID=1796) to work on /home/airflow/.local/lib/python3.12/site-packages/airflow/example_dags/example_xcom.py
[2026-05-09T19:06:48.098+0000] {processor.py:830} INFO - Processing file /home/airflow/.local/lib/python3.12/site-packages/airflow/example_dags/example_xcom.py for tasks to queue
[2026-05-09T19:06:48.101+0000] {logging_mixin.py:188} INFO - [2026-05-09T19:06:48.101+0000] {dagbag.py:545} INFO - Filling up the DagBag from /home/airflow/.local/lib/python3.12/site-packages/airflow/example_dags/example_xcom.py
[2026-05-09T19:06:48.109+0000] {processor.py:840} INFO - DAG(s) 'example_xcom' retrieved from /home/airflow/.local/lib/python3.12/site-packages/airflow/example_dags/example_xcom.py
[2026-05-09T19:06:48.132+0000] {logging_mixin.py:188} INFO - [2026-05-09T19:06:48.132+0000] {dag.py:3096} INFO - Sync 1 DAGs
[2026-05-09T19:06:48.154+0000] {logging_mixin.py:188} INFO - [2026-05-09T19:06:48.153+0000] {dag.py:3954} INFO - Setting next_dagrun for example_xcom to 2021-01-01 00:00:00+00:00, run_after=2021-01-01 00:00:00+00:00
[2026-05-09T19:06:48.175+0000] {processor.py:183} INFO - Processing /home/airflow/.local/lib/python3.12/site-packages/airflow/example_dags/example_xcom.py took 0.083 seconds
[2026-05-09T19:07:18.590+0000] {processor.py:161} INFO - Started process (PID=1855) to work on /home/airflow/.local/lib/python3.12/site-packages/airflow/example_dags/example_xcom.py
[2026-05-09T19:07:18.592+0000] {processor.py:830} INFO - Processing file /home/airflow/.local/lib/python3.12/site-packages/airflow/example_dags/example_xcom.py for tasks to queue
[2026-05-09T19:07:18.594+0000] {logging_mixin.py:188} INFO - [2026-05-09T19:07:18.594+0000] {dagbag.py:545} INFO - Filling up the DagBag from /home/airflow/.local/lib/python3.12/site-packages/airflow/example_dags/example_xcom.py
[2026-05-09T19:07:18.601+0000] {processor.py:840} INFO - DAG(s) 'example_xcom' retrieved from /home/airflow/.local/lib/python3.12/site-packages/airflow/example_dags/example_xcom.py
[2026-05-09T19:07:18.622+0000] {logging_mixin.py:188} INFO - [2026-05-09T19:07:18.622+0000] {dag.py:3096} INFO - Sync 1 DAGs
[2026-05-09T19:07:18.643+0000] {logging_mixin.py:188} INFO - [2026-05-09T19:07:18.643+0000] {dag.py:3954} INFO - Setting next_dagrun for example_xcom to 2021-01-01 00:00:00+00:00, run_after=2021-01-01 00:00:00+00:00
[2026-05-09T19:07:18.665+0000] {processor.py:183} INFO - Processing /home/airflow/.local/lib/python3.12/site-packages/airflow/example_dags/example_xcom.py took 0.080 seconds
[2026-05-09T19:07:48.979+0000] {processor.py:161} INFO - Started process (PID=1914) to work on /home/airflow/.local/lib/python3.12/site-packages/airflow/example_dags/example_xcom.py
[2026-05-09T19:07:48.981+0000] {processor.py:830} INFO - Processing file /home/airflow/.local/lib/python3.12/site-packages/airflow/example_dags/example_xcom.py for tasks to queue
[2026-05-09T19:07:48.984+0000] {logging_mixin.py:188} INFO - [2026-05-09T19:07:48.984+0000] {dagbag.py:545} INFO - Filling up the DagBag from /home/airflow/.local/lib/python3.12/site-packages/airflow/example_dags/example_xcom.py
[2026-05-09T19:07:48.992+0000] {processor.py:840} INFO - DAG(s) 'example_xcom' retrieved from /home/airflow/.local/lib/python3.12/site-packages/airflow/example_dags/example_xcom.py
[2026-05-09T19:07:49.020+0000] {logging_mixin.py:188} INFO - [2026-05-09T19:07:49.019+0000] {dag.py:3096} INFO - Sync 1 DAGs
[2026-05-09T19:07:49.046+0000] {logging_mixin.py:188} INFO - [2026-05-09T19:07:49.045+0000] {dag.py:3954} INFO - Setting next_dagrun for example_xcom to 2021-01-01 00:00:00+00:00, run_after=2021-01-01 00:00:00+00:00
[2026-05-09T19:07:49.085+0000] {processor.py:183} INFO - Processing /home/airflow/.local/lib/python3.12/site-packages/airflow/example_dags/example_xcom.py took 0.117 seconds
[2026-05-09T19:08:19.557+0000] {processor.py:161} INFO - Started process (PID=1973) to work on /home/airflow/.local/lib/python3.12/site-packages/airflow/example_dags/example_xcom.py
[2026-05-09T19:08:19.558+0000] {processor.py:830} INFO - Processing file /home/airflow/.local/lib/python3.12/site-packages/airflow/example_dags/example_xcom.py for tasks to queue
[2026-05-09T19:08:19.560+0000] {logging_mixin.py:188} INFO - [2026-05-09T19:08:19.560+0000] {dagbag.py:545} INFO - Filling up the DagBag from /home/airflow/.local/lib/python3.12/site-packages/airflow/example_dags/example_xcom.py
[2026-05-09T19:08:19.568+0000] {processor.py:840} INFO - DAG(s) 'example_xcom' retrieved from /home/airflow/.local/lib/python3.12/site-packages/airflow/example_dags/example_xcom.py
[2026-05-09T19:08:19.590+0000] {logging_mixin.py:188} INFO - [2026-05-09T19:08:19.590+0000] {dag.py:3096} INFO - Sync 1 DAGs
[2026-05-09T19:08:19.612+0000] {logging_mixin.py:188} INFO - [2026-05-09T19:08:19.612+0000] {dag.py:3954} INFO - Setting next_dagrun for example_xcom to 2021-01-01 00:00:00+00:00, run_after=2021-01-01 00:00:00+00:00
[2026-05-09T19:08:19.637+0000] {processor.py:183} INFO - Processing /home/airflow/.local/lib/python3.12/site-packages/airflow/example_dags/example_xcom.py took 0.085 seconds
[2026-05-09T19:08:49.806+0000] {processor.py:161} INFO - Started process (PID=2026) to work on /home/airflow/.local/lib/python3.12/site-packages/airflow/example_dags/example_xcom.py
[2026-05-09T19:08:49.807+0000] {processor.py:830} INFO - Processing file /home/airflow/.local/lib/python3.12/site-packages/airflow/example_dags/example_xcom.py for tasks to queue
[2026-05-09T19:08:49.809+0000] {logging_mixin.py:188} INFO - [2026-05-09T19:08:49.809+0000] {dagbag.py:545} INFO - Filling up the DagBag from /home/airflow/.local/lib/python3.12/site-packages/airflow/example_dags/example_xcom.py
[2026-05-09T19:08:49.816+0000] {processor.py:840} INFO - DAG(s) 'example_xcom' retrieved from /home/airflow/.local/lib/python3.12/site-packages/airflow/example_dags/example_xcom.py
[2026-05-09T19:08:49.841+0000] {logging_mixin.py:188} INFO - [2026-05-09T19:08:49.840+0000] {dag.py:3096} INFO - Sync 1 DAGs
[2026-05-09T19:08:49.868+0000] {logging_mixin.py:188} INFO - [2026-05-09T19:08:49.867+0000] {dag.py:3954} INFO - Setting next_dagrun for example_xcom to 2021-01-01 00:00:00+00:00, run_after=2021-01-01 00:00:00+00:00
[2026-05-09T19:08:49.896+0000] {processor.py:183} INFO - Processing /home/airflow/.local/lib/python3.12/site-packages/airflow/example_dags/example_xcom.py took 0.095 seconds
[2026-05-09T19:09:20.022+0000] {processor.py:161} INFO - Started process (PID=2085) to work on /home/airflow/.local/lib/python3.12/site-packages/airflow/example_dags/example_xcom.py
[2026-05-09T19:09:20.023+0000] {processor.py:830} INFO - Processing file /home/airflow/.local/lib/python3.12/site-packages/airflow/example_dags/example_xcom.py for tasks to queue
[2026-05-09T19:09:20.025+0000] {logging_mixin.py:188} INFO - [2026-05-09T19:09:20.024+0000] {dagbag.py:545} INFO - Filling up the DagBag from /home/airflow/.local/lib/python3.12/site-packages/airflow/example_dags/example_xcom.py
[2026-05-09T19:09:20.031+0000] {processor.py:840} INFO - DAG(s) 'example_xcom' retrieved from /home/airflow/.local/lib/python3.12/site-packages/airflow/example_dags/example_xcom.py
[2026-05-09T19:09:20.052+0000] {logging_mixin.py:188} INFO - [2026-05-09T19:09:20.052+0000] {dag.py:3096} INFO - Sync 1 DAGs
[2026-05-09T19:09:20.073+0000] {logging_mixin.py:188} INFO - [2026-05-09T19:09:20.073+0000] {dag.py:3954} INFO - Setting next_dagrun for example_xcom to 2021-01-01 00:00:00+00:00, run_after=2021-01-01 00:00:00+00:00
[2026-05-09T19:09:20.096+0000] {processor.py:183} INFO - Processing /home/airflow/.local/lib/python3.12/site-packages/airflow/example_dags/example_xcom.py took 0.080 seconds
[2026-05-09T19:09:50.705+0000] {processor.py:161} INFO - Started process (PID=2144) to work on /home/airflow/.local/lib/python3.12/site-packages/airflow/example_dags/example_xcom.py
[2026-05-09T19:09:50.707+0000] {processor.py:830} INFO - Processing file /home/airflow/.local/lib/python3.12/site-packages/airflow/example_dags/example_xcom.py for tasks to queue
[2026-05-09T19:09:50.711+0000] {logging_mixin.py:188} INFO - [2026-05-09T19:09:50.710+0000] {dagbag.py:545} INFO - Filling up the DagBag from /home/airflow/.local/lib/python3.12/site-packages/airflow/example_dags/example_xcom.py
[2026-05-09T19:09:50.725+0000] {processor.py:840} INFO - DAG(s) 'example_xcom' retrieved from /home/airflow/.local/lib/python3.12/site-packages/airflow/example_dags/example_xcom.py
[2026-05-09T19:09:50.759+0000] {logging_mixin.py:188} INFO - [2026-05-09T19:09:50.759+0000] {dag.py:3096} INFO - Sync 1 DAGs
[2026-05-09T19:09:50.792+0000] {logging_mixin.py:188} INFO - [2026-05-09T19:09:50.792+0000] {dag.py:3954} INFO - Setting next_dagrun for example_xcom to 2021-01-01 00:00:00+00:00, run_after=2021-01-01 00:00:00+00:00
[2026-05-09T19:09:50.825+0000] {processor.py:183} INFO - Processing /home/airflow/.local/lib/python3.12/site-packages/airflow/example_dags/example_xcom.py took 0.134 seconds
[2026-05-09T19:10:21.183+0000] {processor.py:161} INFO - Started process (PID=2203) to work on /home/airflow/.local/lib/python3.12/site-packages/airflow/example_dags/example_xcom.py
[2026-05-09T19:10:21.184+0000] {processor.py:830} INFO - Processing file /home/airflow/.local/lib/python3.12/site-packages/airflow/example_dags/example_xcom.py for tasks to queue
[2026-05-09T19:10:21.187+0000] {logging_mixin.py:188} INFO - [2026-05-09T19:10:21.186+0000] {dagbag.py:545} INFO - Filling up the DagBag from /home/airflow/.local/lib/python3.12/site-packages/airflow/example_dags/example_xcom.py
[2026-05-09T19:10:21.193+0000] {processor.py:840} INFO - DAG(s) 'example_xcom' retrieved from /home/airflow/.local/lib/python3.12/site-packages/airflow/example_dags/example_xcom.py
[2026-05-09T19:10:21.215+0000] {logging_mixin.py:188} INFO - [2026-05-09T19:10:21.214+0000] {dag.py:3096} INFO - Sync 1 DAGs
[2026-05-09T19:10:21.236+0000] {logging_mixin.py:188} INFO - [2026-05-09T19:10:21.236+0000] {dag.py:3954} INFO - Setting next_dagrun for example_xcom to 2021-01-01 00:00:00+00:00, run_after=2021-01-01 00:00:00+00:00
[2026-05-09T19:10:21.262+0000] {processor.py:183} INFO - Processing /home/airflow/.local/lib/python3.12/site-packages/airflow/example_dags/example_xcom.py took 0.085 seconds
[2026-05-09T19:10:51.481+0000] {processor.py:161} INFO - Started process (PID=2262) to work on /home/airflow/.local/lib/python3.12/site-packages/airflow/example_dags/example_xcom.py
[2026-05-09T19:10:51.482+0000] {processor.py:830} INFO - Processing file /home/airflow/.local/lib/python3.12/site-packages/airflow/example_dags/example_xcom.py for tasks to queue
[2026-05-09T19:10:51.485+0000] {logging_mixin.py:188} INFO - [2026-05-09T19:10:51.485+0000] {dagbag.py:545} INFO - Filling up the DagBag from /home/airflow/.local/lib/python3.12/site-packages/airflow/example_dags/example_xcom.py
[2026-05-09T19:10:51.492+0000] {processor.py:840} INFO - DAG(s) 'example_xcom' retrieved from /home/airflow/.local/lib/python3.12/site-packages/airflow/example_dags/example_xcom.py
[2026-05-09T19:10:51.515+0000] {logging_mixin.py:188} INFO - [2026-05-09T19:10:51.515+0000] {dag.py:3096} INFO - Sync 1 DAGs
[2026-05-09T19:10:51.536+0000] {logging_mixin.py:188} INFO - [2026-05-09T19:10:51.536+0000] {dag.py:3954} INFO - Setting next_dagrun for example_xcom to 2021-01-01 00:00:00+00:00, run_after=2021-01-01 00:00:00+00:00
[2026-05-09T19:10:51.561+0000] {processor.py:183} INFO - Processing /home/airflow/.local/lib/python3.12/site-packages/airflow/example_dags/example_xcom.py took 0.086 seconds
[2026-05-09T19:11:22.255+0000] {processor.py:161} INFO - Started process (PID=2321) to work on /home/airflow/.local/lib/python3.12/site-packages/airflow/example_dags/example_xcom.py
[2026-05-09T19:11:22.256+0000] {processor.py:830} INFO - Processing file /home/airflow/.local/lib/python3.12/site-packages/airflow/example_dags/example_xcom.py for tasks to queue
[2026-05-09T19:11:22.259+0000] {logging_mixin.py:188} INFO - [2026-05-09T19:11:22.258+0000] {dagbag.py:545} INFO - Filling up the DagBag from /home/airflow/.local/lib/python3.12/site-packages/airflow/example_dags/example_xcom.py
[2026-05-09T19:11:22.270+0000] {processor.py:840} INFO - DAG(s) 'example_xcom' retrieved from /home/airflow/.local/lib/python3.12/site-packages/airflow/example_dags/example_xcom.py
[2026-05-09T19:11:22.293+0000] {logging_mixin.py:188} INFO - [2026-05-09T19:11:22.292+0000] {dag.py:3096} INFO - Sync 1 DAGs
[2026-05-09T19:11:22.315+0000] {logging_mixin.py:188} INFO - [2026-05-09T19:11:22.314+0000] {dag.py:3954} INFO - Setting next_dagrun for example_xcom to 2021-01-01 00:00:00+00:00, run_after=2021-01-01 00:00:00+00:00
[2026-05-09T19:11:22.340+0000] {processor.py:183} INFO - Processing /home/airflow/.local/lib/python3.12/site-packages/airflow/example_dags/example_xcom.py took 0.091 seconds
[2026-05-09T19:11:53.269+0000] {processor.py:161} INFO - Started process (PID=2380) to work on /home/airflow/.local/lib/python3.12/site-packages/airflow/example_dags/example_xcom.py
[2026-05-09T19:11:53.271+0000] {processor.py:830} INFO - Processing file /home/airflow/.local/lib/python3.12/site-packages/airflow/example_dags/example_xcom.py for tasks to queue
[2026-05-09T19:11:53.274+0000] {logging_mixin.py:188} INFO - [2026-05-09T19:11:53.273+0000] {dagbag.py:545} INFO - Filling up the DagBag from /home/airflow/.local/lib/python3.12/site-packages/airflow/example_dags/example_xcom.py
[2026-05-09T19:11:53.282+0000] {processor.py:840} INFO - DAG(s) 'example_xcom' retrieved from /home/airflow/.local/lib/python3.12/site-packages/airflow/example_dags/example_xcom.py
[2026-05-09T19:11:53.309+0000] {logging_mixin.py:188} INFO - [2026-05-09T19:11:53.309+0000] {dag.py:3096} INFO - Sync 1 DAGs
[2026-05-09T19:11:53.344+0000] {logging_mixin.py:188} INFO - [2026-05-09T19:11:53.343+0000] {dag.py:3954} INFO - Setting next_dagrun for example_xcom to 2021-01-01 00:00:00+00:00, run_after=2021-01-01 00:00:00+00:00
[2026-05-09T19:11:53.376+0000] {processor.py:183} INFO - Processing /home/airflow/.local/lib/python3.12/site-packages/airflow/example_dags/example_xcom.py took 0.117 seconds
[2026-05-09T19:12:23.766+0000] {processor.py:161} INFO - Started process (PID=2439) to work on /home/airflow/.local/lib/python3.12/site-packages/airflow/example_dags/example_xcom.py
[2026-05-09T19:12:23.768+0000] {processor.py:830} INFO - Processing file /home/airflow/.local/lib/python3.12/site-packages/airflow/example_dags/example_xcom.py for tasks to queue
[2026-05-09T19:12:23.770+0000] {logging_mixin.py:188} INFO - [2026-05-09T19:12:23.770+0000] {dagbag.py:545} INFO - Filling up the DagBag from /home/airflow/.local/lib/python3.12/site-packages/airflow/example_dags/example_xcom.py
[2026-05-09T19:12:23.777+0000] {processor.py:840} INFO - DAG(s) 'example_xcom' retrieved from /home/airflow/.local/lib/python3.12/site-packages/airflow/example_dags/example_xcom.py
[2026-05-09T19:12:23.799+0000] {logging_mixin.py:188} INFO - [2026-05-09T19:12:23.798+0000] {dag.py:3096} INFO - Sync 1 DAGs
[2026-05-09T19:12:23.821+0000] {logging_mixin.py:188} INFO - [2026-05-09T19:12:23.821+0000] {dag.py:3954} INFO - Setting next_dagrun for example_xcom to 2021-01-01 00:00:00+00:00, run_after=2021-01-01 00:00:00+00:00
[2026-05-09T19:12:23.845+0000] {processor.py:183} INFO - Processing /home/airflow/.local/lib/python3.12/site-packages/airflow/example_dags/example_xcom.py took 0.085 seconds
[2026-05-09T19:12:54.162+0000] {processor.py:161} INFO - Started process (PID=2498) to work on /home/airflow/.local/lib/python3.12/site-packages/airflow/example_dags/example_xcom.py
[2026-05-09T19:12:54.163+0000] {processor.py:830} INFO - Processing file /home/airflow/.local/lib/python3.12/site-packages/airflow/example_dags/example_xcom.py for tasks to queue
[2026-05-09T19:12:54.166+0000] {logging_mixin.py:188} INFO - [2026-05-09T19:12:54.166+0000] {dagbag.py:545} INFO - Filling up the DagBag from /home/airflow/.local/lib/python3.12/site-packages/airflow/example_dags/example_xcom.py
[2026-05-09T19:12:54.175+0000] {processor.py:840} INFO - DAG(s) 'example_xcom' retrieved from /home/airflow/.local/lib/python3.12/site-packages/airflow/example_dags/example_xcom.py
[2026-05-09T19:12:54.202+0000] {logging_mixin.py:188} INFO - [2026-05-09T19:12:54.202+0000] {dag.py:3096} INFO - Sync 1 DAGs
[2026-05-09T19:12:54.228+0000] {logging_mixin.py:188} INFO - [2026-05-09T19:12:54.227+0000] {dag.py:3954} INFO - Setting next_dagrun for example_xcom to 2021-01-01 00:00:00+00:00, run_after=2021-01-01 00:00:00+00:00
[2026-05-09T19:12:54.259+0000] {processor.py:183} INFO - Processing /home/airflow/.local/lib/python3.12/site-packages/airflow/example_dags/example_xcom.py took 0.105 seconds
[2026-05-09T19:13:24.564+0000] {processor.py:161} INFO - Started process (PID=2557) to work on /home/airflow/.local/lib/python3.12/site-packages/airflow/example_dags/example_xcom.py
[2026-05-09T19:13:24.565+0000] {processor.py:830} INFO - Processing file /home/airflow/.local/lib/python3.12/site-packages/airflow/example_dags/example_xcom.py for tasks to queue
[2026-05-09T19:13:24.567+0000] {logging_mixin.py:188} INFO - [2026-05-09T19:13:24.567+0000] {dagbag.py:545} INFO - Filling up the DagBag from /home/airflow/.local/lib/python3.12/site-packages/airflow/example_dags/example_xcom.py
[2026-05-09T19:13:24.574+0000] {processor.py:840} INFO - DAG(s) 'example_xcom' retrieved from /home/airflow/.local/lib/python3.12/site-packages/airflow/example_dags/example_xcom.py
[2026-05-09T19:13:24.596+0000] {logging_mixin.py:188} INFO - [2026-05-09T19:13:24.596+0000] {dag.py:3096} INFO - Sync 1 DAGs
[2026-05-09T19:13:24.618+0000] {logging_mixin.py:188} INFO - [2026-05-09T19:13:24.618+0000] {dag.py:3954} INFO - Setting next_dagrun for example_xcom to 2021-01-01 00:00:00+00:00, run_after=2021-01-01 00:00:00+00:00
[2026-05-09T19:13:24.641+0000] {processor.py:183} INFO - Processing /home/airflow/.local/lib/python3.12/site-packages/airflow/example_dags/example_xcom.py took 0.082 seconds
[2026-05-09T19:13:55.164+0000] {processor.py:161} INFO - Started process (PID=2616) to work on /home/airflow/.local/lib/python3.12/site-packages/airflow/example_dags/example_xcom.py
[2026-05-09T19:13:55.166+0000] {processor.py:830} INFO - Processing file /home/airflow/.local/lib/python3.12/site-packages/airflow/example_dags/example_xcom.py for tasks to queue
[2026-05-09T19:13:55.169+0000] {logging_mixin.py:188} INFO - [2026-05-09T19:13:55.168+0000] {dagbag.py:545} INFO - Filling up the DagBag from /home/airflow/.local/lib/python3.12/site-packages/airflow/example_dags/example_xcom.py
[2026-05-09T19:13:55.180+0000] {processor.py:840} INFO - DAG(s) 'example_xcom' retrieved from /home/airflow/.local/lib/python3.12/site-packages/airflow/example_dags/example_xcom.py
[2026-05-09T19:13:55.208+0000] {logging_mixin.py:188} INFO - [2026-05-09T19:13:55.208+0000] {dag.py:3096} INFO - Sync 1 DAGs
[2026-05-09T19:13:55.238+0000] {logging_mixin.py:188} INFO - [2026-05-09T19:13:55.237+0000] {dag.py:3954} INFO - Setting next_dagrun for example_xcom to 2021-01-01 00:00:00+00:00, run_after=2021-01-01 00:00:00+00:00
[2026-05-09T19:13:55.271+0000] {processor.py:183} INFO - Processing /home/airflow/.local/lib/python3.12/site-packages/airflow/example_dags/example_xcom.py took 0.117 seconds
[2026-05-09T19:14:25.769+0000] {processor.py:161} INFO - Started process (PID=2675) to work on /home/airflow/.local/lib/python3.12/site-packages/airflow/example_dags/example_xcom.py
[2026-05-09T19:14:25.770+0000] {processor.py:830} INFO - Processing file /home/airflow/.local/lib/python3.12/site-packages/airflow/example_dags/example_xcom.py for tasks to queue
[2026-05-09T19:14:25.772+0000] {logging_mixin.py:188} INFO - [2026-05-09T19:14:25.772+0000] {dagbag.py:545} INFO - Filling up the DagBag from /home/airflow/.local/lib/python3.12/site-packages/airflow/example_dags/example_xcom.py
[2026-05-09T19:14:25.780+0000] {processor.py:840} INFO - DAG(s) 'example_xcom' retrieved from /home/airflow/.local/lib/python3.12/site-packages/airflow/example_dags/example_xcom.py
[2026-05-09T19:14:25.802+0000] {logging_mixin.py:188} INFO - [2026-05-09T19:14:25.801+0000] {dag.py:3096} INFO - Sync 1 DAGs
[2026-05-09T19:14:25.826+0000] {logging_mixin.py:188} INFO - [2026-05-09T19:14:25.826+0000] {dag.py:3954} INFO - Setting next_dagrun for example_xcom to 2021-01-01 00:00:00+00:00, run_after=2021-01-01 00:00:00+00:00
[2026-05-09T19:14:25.850+0000] {processor.py:183} INFO - Processing /home/airflow/.local/lib/python3.12/site-packages/airflow/example_dags/example_xcom.py took 0.086 seconds
[2026-05-09T19:14:56.386+0000] {processor.py:161} INFO - Started process (PID=2734) to work on /home/airflow/.local/lib/python3.12/site-packages/airflow/example_dags/example_xcom.py
[2026-05-09T19:14:56.387+0000] {processor.py:830} INFO - Processing file /home/airflow/.local/lib/python3.12/site-packages/airflow/example_dags/example_xcom.py for tasks to queue
[2026-05-09T19:14:56.389+0000] {logging_mixin.py:188} INFO - [2026-05-09T19:14:56.389+0000] {dagbag.py:545} INFO - Filling up the DagBag from /home/airflow/.local/lib/python3.12/site-packages/airflow/example_dags/example_xcom.py
[2026-05-09T19:14:56.395+0000] {processor.py:840} INFO - DAG(s) 'example_xcom' retrieved from /home/airflow/.local/lib/python3.12/site-packages/airflow/example_dags/example_xcom.py
[2026-05-09T19:14:56.417+0000] {logging_mixin.py:188} INFO - [2026-05-09T19:14:56.416+0000] {dag.py:3096} INFO - Sync 1 DAGs
[2026-05-09T19:14:56.437+0000] {logging_mixin.py:188} INFO - [2026-05-09T19:14:56.437+0000] {dag.py:3954} INFO - Setting next_dagrun for example_xcom to 2021-01-01 00:00:00+00:00, run_after=2021-01-01 00:00:00+00:00
[2026-05-09T19:14:56.460+0000] {processor.py:183} INFO - Processing /home/airflow/.local/lib/python3.12/site-packages/airflow/example_dags/example_xcom.py took 0.079 seconds
[2026-05-09T19:15:27.220+0000] {processor.py:161} INFO - Started process (PID=2793) to work on /home/airflow/.local/lib/python3.12/site-packages/airflow/example_dags/example_xcom.py
[2026-05-09T19:15:27.222+0000] {processor.py:830} INFO - Processing file /home/airflow/.local/lib/python3.12/site-packages/airflow/example_dags/example_xcom.py for tasks to queue
[2026-05-09T19:15:27.224+0000] {logging_mixin.py:188} INFO - [2026-05-09T19:15:27.223+0000] {dagbag.py:545} INFO - Filling up the DagBag from /home/airflow/.local/lib/python3.12/site-packages/airflow/example_dags/example_xcom.py
[2026-05-09T19:15:27.232+0000] {processor.py:840} INFO - DAG(s) 'example_xcom' retrieved from /home/airflow/.local/lib/python3.12/site-packages/airflow/example_dags/example_xcom.py
[2026-05-09T19:15:27.253+0000] {logging_mixin.py:188} INFO - [2026-05-09T19:15:27.253+0000] {dag.py:3096} INFO - Sync 1 DAGs
[2026-05-09T19:15:27.276+0000] {logging_mixin.py:188} INFO - [2026-05-09T19:15:27.276+0000] {dag.py:3954} INFO - Setting next_dagrun for example_xcom to 2021-01-01 00:00:00+00:00, run_after=2021-01-01 00:00:00+00:00
[2026-05-09T19:15:27.304+0000] {processor.py:183} INFO - Processing /home/airflow/.local/lib/python3.12/site-packages/airflow/example_dags/example_xcom.py took 0.089 seconds
[2026-05-09T19:15:57.627+0000] {processor.py:161} INFO - Started process (PID=2852) to work on /home/airflow/.local/lib/python3.12/site-packages/airflow/example_dags/example_xcom.py
[2026-05-09T19:15:57.628+0000] {processor.py:830} INFO - Processing file /home/airflow/.local/lib/python3.12/site-packages/airflow/example_dags/example_xcom.py for tasks to queue
[2026-05-09T19:15:57.631+0000] {logging_mixin.py:188} INFO - [2026-05-09T19:15:57.630+0000] {dagbag.py:545} INFO - Filling up the DagBag from /home/airflow/.local/lib/python3.12/site-packages/airflow/example_dags/example_xcom.py
[2026-05-09T19:15:57.638+0000] {processor.py:840} INFO - DAG(s) 'example_xcom' retrieved from /home/airflow/.local/lib/python3.12/site-packages/airflow/example_dags/example_xcom.py
[2026-05-09T19:15:57.660+0000] {logging_mixin.py:188} INFO - [2026-05-09T19:15:57.659+0000] {dag.py:3096} INFO - Sync 1 DAGs
[2026-05-09T19:15:57.681+0000] {logging_mixin.py:188} INFO - [2026-05-09T19:15:57.681+0000] {dag.py:3954} INFO - Setting next_dagrun for example_xcom to 2021-01-01 00:00:00+00:00, run_after=2021-01-01 00:00:00+00:00
[2026-05-09T19:15:57.704+0000] {processor.py:183} INFO - Processing /home/airflow/.local/lib/python3.12/site-packages/airflow/example_dags/example_xcom.py took 0.083 seconds
[2026-05-09T19:16:28.003+0000] {processor.py:161} INFO - Started process (PID=2911) to work on /home/airflow/.local/lib/python3.12/site-packages/airflow/example_dags/example_xcom.py
[2026-05-09T19:16:28.005+0000] {processor.py:830} INFO - Processing file /home/airflow/.local/lib/python3.12/site-packages/airflow/example_dags/example_xcom.py for tasks to queue
[2026-05-09T19:16:28.007+0000] {logging_mixin.py:188} INFO - [2026-05-09T19:16:28.007+0000] {dagbag.py:545} INFO - Filling up the DagBag from /home/airflow/.local/lib/python3.12/site-packages/airflow/example_dags/example_xcom.py
[2026-05-09T19:16:28.014+0000] {processor.py:840} INFO - DAG(s) 'example_xcom' retrieved from /home/airflow/.local/lib/python3.12/site-packages/airflow/example_dags/example_xcom.py
[2026-05-09T19:16:28.035+0000] {logging_mixin.py:188} INFO - [2026-05-09T19:16:28.035+0000] {dag.py:3096} INFO - Sync 1 DAGs
[2026-05-09T19:16:28.057+0000] {logging_mixin.py:188} INFO - [2026-05-09T19:16:28.056+0000] {dag.py:3954} INFO - Setting next_dagrun for example_xcom to 2021-01-01 00:00:00+00:00, run_after=2021-01-01 00:00:00+00:00
[2026-05-09T19:16:28.078+0000] {processor.py:183} INFO - Processing /home/airflow/.local/lib/python3.12/site-packages/airflow/example_dags/example_xcom.py took 0.080 seconds
[2026-05-09T19:16:58.579+0000] {processor.py:161} INFO - Started process (PID=2970) to work on /home/airflow/.local/lib/python3.12/site-packages/airflow/example_dags/example_xcom.py
[2026-05-09T19:16:58.580+0000] {processor.py:830} INFO - Processing file /home/airflow/.local/lib/python3.12/site-packages/airflow/example_dags/example_xcom.py for tasks to queue
[2026-05-09T19:16:58.583+0000] {logging_mixin.py:188} INFO - [2026-05-09T19:16:58.583+0000] {dagbag.py:545} INFO - Filling up the DagBag from /home/airflow/.local/lib/python3.12/site-packages/airflow/example_dags/example_xcom.py
[2026-05-09T19:16:58.593+0000] {processor.py:840} INFO - DAG(s) 'example_xcom' retrieved from /home/airflow/.local/lib/python3.12/site-packages/airflow/example_dags/example_xcom.py
[2026-05-09T19:16:58.618+0000] {logging_mixin.py:188} INFO - [2026-05-09T19:16:58.617+0000] {dag.py:3096} INFO - Sync 1 DAGs
[2026-05-09T19:16:58.641+0000] {logging_mixin.py:188} INFO - [2026-05-09T19:16:58.641+0000] {dag.py:3954} INFO - Setting next_dagrun for example_xcom to 2021-01-01 00:00:00+00:00, run_after=2021-01-01 00:00:00+00:00
[2026-05-09T19:16:58.665+0000] {processor.py:183} INFO - Processing /home/airflow/.local/lib/python3.12/site-packages/airflow/example_dags/example_xcom.py took 0.094 seconds
[2026-05-09T19:17:29.520+0000] {processor.py:161} INFO - Started process (PID=3029) to work on /home/airflow/.local/lib/python3.12/site-packages/airflow/example_dags/example_xcom.py
[2026-05-09T19:17:29.521+0000] {processor.py:830} INFO - Processing file /home/airflow/.local/lib/python3.12/site-packages/airflow/example_dags/example_xcom.py for tasks to queue
[2026-05-09T19:17:29.523+0000] {logging_mixin.py:188} INFO - [2026-05-09T19:17:29.523+0000] {dagbag.py:545} INFO - Filling up the DagBag from /home/airflow/.local/lib/python3.12/site-packages/airflow/example_dags/example_xcom.py
[2026-05-09T19:17:29.531+0000] {processor.py:840} INFO - DAG(s) 'example_xcom' retrieved from /home/airflow/.local/lib/python3.12/site-packages/airflow/example_dags/example_xcom.py
[2026-05-09T19:17:29.552+0000] {logging_mixin.py:188} INFO - [2026-05-09T19:17:29.551+0000] {dag.py:3096} INFO - Sync 1 DAGs
[2026-05-09T19:17:29.573+0000] {logging_mixin.py:188} INFO - [2026-05-09T19:17:29.572+0000] {dag.py:3954} INFO - Setting next_dagrun for example_xcom to 2021-01-01 00:00:00+00:00, run_after=2021-01-01 00:00:00+00:00
[2026-05-09T19:17:29.594+0000] {processor.py:183} INFO - Processing /home/airflow/.local/lib/python3.12/site-packages/airflow/example_dags/example_xcom.py took 0.079 seconds
[2026-05-09T19:17:59.871+0000] {processor.py:161} INFO - Started process (PID=3088) to work on /home/airflow/.local/lib/python3.12/site-packages/airflow/example_dags/example_xcom.py
[2026-05-09T19:17:59.873+0000] {processor.py:830} INFO - Processing file /home/airflow/.local/lib/python3.12/site-packages/airflow/example_dags/example_xcom.py for tasks to queue
[2026-05-09T19:17:59.875+0000] {logging_mixin.py:188} INFO - [2026-05-09T19:17:59.874+0000] {dagbag.py:545} INFO - Filling up the DagBag from /home/airflow/.local/lib/python3.12/site-packages/airflow/example_dags/example_xcom.py
[2026-05-09T19:17:59.882+0000] {processor.py:840} INFO - DAG(s) 'example_xcom' retrieved from /home/airflow/.local/lib/python3.12/site-packages/airflow/example_dags/example_xcom.py
[2026-05-09T19:17:59.902+0000] {logging_mixin.py:188} INFO - [2026-05-09T19:17:59.902+0000] {dag.py:3096} INFO - Sync 1 DAGs
[2026-05-09T19:17:59.924+0000] {logging_mixin.py:188} INFO - [2026-05-09T19:17:59.924+0000] {dag.py:3954} INFO - Setting next_dagrun for example_xcom to 2021-01-01 00:00:00+00:00, run_after=2021-01-01 00:00:00+00:00
[2026-05-09T19:17:59.950+0000] {processor.py:183} INFO - Processing /home/airflow/.local/lib/python3.12/site-packages/airflow/example_dags/example_xcom.py took 0.084 seconds
[2026-05-09T19:18:30.086+0000] {processor.py:161} INFO - Started process (PID=3147) to work on /home/airflow/.local/lib/python3.12/site-packages/airflow/example_dags/example_xcom.py
[2026-05-09T19:18:30.088+0000] {processor.py:830} INFO - Processing file /home/airflow/.local/lib/python3.12/site-packages/airflow/example_dags/example_xcom.py for tasks to queue
[2026-05-09T19:18:30.090+0000] {logging_mixin.py:188} INFO - [2026-05-09T19:18:30.089+0000] {dagbag.py:545} INFO - Filling up the DagBag from /home/airflow/.local/lib/python3.12/site-packages/airflow/example_dags/example_xcom.py
[2026-05-09T19:18:30.098+0000] {processor.py:840} INFO - DAG(s) 'example_xcom' retrieved from /home/airflow/.local/lib/python3.12/site-packages/airflow/example_dags/example_xcom.py
[2026-05-09T19:18:30.121+0000] {logging_mixin.py:188} INFO - [2026-05-09T19:18:30.121+0000] {dag.py:3096} INFO - Sync 1 DAGs
[2026-05-09T19:18:30.145+0000] {logging_mixin.py:188} INFO - [2026-05-09T19:18:30.144+0000] {dag.py:3954} INFO - Setting next_dagrun for example_xcom to 2021-01-01 00:00:00+00:00, run_after=2021-01-01 00:00:00+00:00
[2026-05-09T19:18:30.172+0000] {processor.py:183} INFO - Processing /home/airflow/.local/lib/python3.12/site-packages/airflow/example_dags/example_xcom.py took 0.092 seconds
[2026-05-09T19:19:01.025+0000] {processor.py:161} INFO - Started process (PID=3206) to work on /home/airflow/.local/lib/python3.12/site-packages/airflow/example_dags/example_xcom.py
[2026-05-09T19:19:01.027+0000] {processor.py:830} INFO - Processing file /home/airflow/.local/lib/python3.12/site-packages/airflow/example_dags/example_xcom.py for tasks to queue
[2026-05-09T19:19:01.029+0000] {logging_mixin.py:188} INFO - [2026-05-09T19:19:01.028+0000] {dagbag.py:545} INFO - Filling up the DagBag from /home/airflow/.local/lib/python3.12/site-packages/airflow/example_dags/example_xcom.py
[2026-05-09T19:19:01.036+0000] {processor.py:840} INFO - DAG(s) 'example_xcom' retrieved from /home/airflow/.local/lib/python3.12/site-packages/airflow/example_dags/example_xcom.py
[2026-05-09T19:19:01.058+0000] {logging_mixin.py:188} INFO - [2026-05-09T19:19:01.058+0000] {dag.py:3096} INFO - Sync 1 DAGs
[2026-05-09T19:19:01.078+0000] {logging_mixin.py:188} INFO - [2026-05-09T19:19:01.078+0000] {dag.py:3954} INFO - Setting next_dagrun for example_xcom to 2021-01-01 00:00:00+00:00, run_after=2021-01-01 00:00:00+00:00
[2026-05-09T19:19:01.102+0000] {processor.py:183} INFO - Processing /home/airflow/.local/lib/python3.12/site-packages/airflow/example_dags/example_xcom.py took 0.082 seconds
[2026-05-09T19:19:31.507+0000] {processor.py:161} INFO - Started process (PID=3265) to work on /home/airflow/.local/lib/python3.12/site-packages/airflow/example_dags/example_xcom.py
[2026-05-09T19:19:31.508+0000] {processor.py:830} INFO - Processing file /home/airflow/.local/lib/python3.12/site-packages/airflow/example_dags/example_xcom.py for tasks to queue
[2026-05-09T19:19:31.510+0000] {logging_mixin.py:188} INFO - [2026-05-09T19:19:31.510+0000] {dagbag.py:545} INFO - Filling up the DagBag from /home/airflow/.local/lib/python3.12/site-packages/airflow/example_dags/example_xcom.py
[2026-05-09T19:19:31.518+0000] {processor.py:840} INFO - DAG(s) 'example_xcom' retrieved from /home/airflow/.local/lib/python3.12/site-packages/airflow/example_dags/example_xcom.py
[2026-05-09T19:19:31.539+0000] {logging_mixin.py:188} INFO - [2026-05-09T19:19:31.539+0000] {dag.py:3096} INFO - Sync 1 DAGs
[2026-05-09T19:19:31.561+0000] {logging_mixin.py:188} INFO - [2026-05-09T19:19:31.561+0000] {dag.py:3954} INFO - Setting next_dagrun for example_xcom to 2021-01-01 00:00:00+00:00, run_after=2021-01-01 00:00:00+00:00
[2026-05-09T19:19:31.582+0000] {processor.py:183} INFO - Processing /home/airflow/.local/lib/python3.12/site-packages/airflow/example_dags/example_xcom.py took 0.081 seconds
[2026-05-09T19:20:02.025+0000] {processor.py:161} INFO - Started process (PID=3324) to work on /home/airflow/.local/lib/python3.12/site-packages/airflow/example_dags/example_xcom.py
[2026-05-09T19:20:02.026+0000] {processor.py:830} INFO - Processing file /home/airflow/.local/lib/python3.12/site-packages/airflow/example_dags/example_xcom.py for tasks to queue
[2026-05-09T19:20:02.028+0000] {logging_mixin.py:188} INFO - [2026-05-09T19:20:02.028+0000] {dagbag.py:545} INFO - Filling up the DagBag from /home/airflow/.local/lib/python3.12/site-packages/airflow/example_dags/example_xcom.py
[2026-05-09T19:20:02.035+0000] {processor.py:840} INFO - DAG(s) 'example_xcom' retrieved from /home/airflow/.local/lib/python3.12/site-packages/airflow/example_dags/example_xcom.py
[2026-05-09T19:20:02.057+0000] {logging_mixin.py:188} INFO - [2026-05-09T19:20:02.057+0000] {dag.py:3096} INFO - Sync 1 DAGs
[2026-05-09T19:20:02.079+0000] {logging_mixin.py:188} INFO - [2026-05-09T19:20:02.078+0000] {dag.py:3954} INFO - Setting next_dagrun for example_xcom to 2021-01-01 00:00:00+00:00, run_after=2021-01-01 00:00:00+00:00
[2026-05-09T19:20:02.104+0000] {processor.py:183} INFO - Processing /home/airflow/.local/lib/python3.12/site-packages/airflow/example_dags/example_xcom.py took 0.084 seconds
[2026-05-09T19:20:33.016+0000] {processor.py:161} INFO - Started process (PID=3383) to work on /home/airflow/.local/lib/python3.12/site-packages/airflow/example_dags/example_xcom.py
[2026-05-09T19:20:33.017+0000] {processor.py:830} INFO - Processing file /home/airflow/.local/lib/python3.12/site-packages/airflow/example_dags/example_xcom.py for tasks to queue
[2026-05-09T19:20:33.019+0000] {logging_mixin.py:188} INFO - [2026-05-09T19:20:33.019+0000] {dagbag.py:545} INFO - Filling up the DagBag from /home/airflow/.local/lib/python3.12/site-packages/airflow/example_dags/example_xcom.py
[2026-05-09T19:20:33.028+0000] {processor.py:840} INFO - DAG(s) 'example_xcom' retrieved from /home/airflow/.local/lib/python3.12/site-packages/airflow/example_dags/example_xcom.py
[2026-05-09T19:20:33.048+0000] {logging_mixin.py:188} INFO - [2026-05-09T19:20:33.048+0000] {dag.py:3096} INFO - Sync 1 DAGs
[2026-05-09T19:20:33.069+0000] {logging_mixin.py:188} INFO - [2026-05-09T19:20:33.069+0000] {dag.py:3954} INFO - Setting next_dagrun for example_xcom to 2021-01-01 00:00:00+00:00, run_after=2021-01-01 00:00:00+00:00
[2026-05-09T19:20:33.090+0000] {processor.py:183} INFO - Processing /home/airflow/.local/lib/python3.12/site-packages/airflow/example_dags/example_xcom.py took 0.080 seconds
[2026-05-09T19:21:03.665+0000] {processor.py:161} INFO - Started process (PID=3442) to work on /home/airflow/.local/lib/python3.12/site-packages/airflow/example_dags/example_xcom.py
[2026-05-09T19:21:03.666+0000] {processor.py:830} INFO - Processing file /home/airflow/.local/lib/python3.12/site-packages/airflow/example_dags/example_xcom.py for tasks to queue
[2026-05-09T19:21:03.668+0000] {logging_mixin.py:188} INFO - [2026-05-09T19:21:03.667+0000] {dagbag.py:545} INFO - Filling up the DagBag from /home/airflow/.local/lib/python3.12/site-packages/airflow/example_dags/example_xcom.py
[2026-05-09T19:21:03.675+0000] {processor.py:840} INFO - DAG(s) 'example_xcom' retrieved from /home/airflow/.local/lib/python3.12/site-packages/airflow/example_dags/example_xcom.py
[2026-05-09T19:21:03.697+0000] {logging_mixin.py:188} INFO - [2026-05-09T19:21:03.696+0000] {dag.py:3096} INFO - Sync 1 DAGs
[2026-05-09T19:21:03.718+0000] {logging_mixin.py:188} INFO - [2026-05-09T19:21:03.718+0000] {dag.py:3954} INFO - Setting next_dagrun for example_xcom to 2021-01-01 00:00:00+00:00, run_after=2021-01-01 00:00:00+00:00
[2026-05-09T19:21:03.741+0000] {processor.py:183} INFO - Processing /home/airflow/.local/lib/python3.12/site-packages/airflow/example_dags/example_xcom.py took 0.082 seconds
[2026-05-09T19:21:33.891+0000] {processor.py:161} INFO - Started process (PID=3501) to work on /home/airflow/.local/lib/python3.12/site-packages/airflow/example_dags/example_xcom.py
[2026-05-09T19:21:33.892+0000] {processor.py:830} INFO - Processing file /home/airflow/.local/lib/python3.12/site-packages/airflow/example_dags/example_xcom.py for tasks to queue
[2026-05-09T19:21:33.895+0000] {logging_mixin.py:188} INFO - [2026-05-09T19:21:33.894+0000] {dagbag.py:545} INFO - Filling up the DagBag from /home/airflow/.local/lib/python3.12/site-packages/airflow/example_dags/example_xcom.py
[2026-05-09T19:21:33.903+0000] {processor.py:840} INFO - DAG(s) 'example_xcom' retrieved from /home/airflow/.local/lib/python3.12/site-packages/airflow/example_dags/example_xcom.py
[2026-05-09T19:21:33.930+0000] {logging_mixin.py:188} INFO - [2026-05-09T19:21:33.930+0000] {dag.py:3096} INFO - Sync 1 DAGs
[2026-05-09T19:21:33.956+0000] {logging_mixin.py:188} INFO - [2026-05-09T19:21:33.956+0000] {dag.py:3954} INFO - Setting next_dagrun for example_xcom to 2021-01-01 00:00:00+00:00, run_after=2021-01-01 00:00:00+00:00
[2026-05-09T19:21:33.985+0000] {processor.py:183} INFO - Processing /home/airflow/.local/lib/python3.12/site-packages/airflow/example_dags/example_xcom.py took 0.101 seconds
[2026-05-09T19:22:04.736+0000] {processor.py:161} INFO - Started process (PID=3560) to work on /home/airflow/.local/lib/python3.12/site-packages/airflow/example_dags/example_xcom.py
[2026-05-09T19:22:04.738+0000] {processor.py:830} INFO - Processing file /home/airflow/.local/lib/python3.12/site-packages/airflow/example_dags/example_xcom.py for tasks to queue
[2026-05-09T19:22:04.740+0000] {logging_mixin.py:188} INFO - [2026-05-09T19:22:04.739+0000] {dagbag.py:545} INFO - Filling up the DagBag from /home/airflow/.local/lib/python3.12/site-packages/airflow/example_dags/example_xcom.py
[2026-05-09T19:22:04.747+0000] {processor.py:840} INFO - DAG(s) 'example_xcom' retrieved from /home/airflow/.local/lib/python3.12/site-packages/airflow/example_dags/example_xcom.py
[2026-05-09T19:22:04.770+0000] {logging_mixin.py:188} INFO - [2026-05-09T19:22:04.769+0000] {dag.py:3096} INFO - Sync 1 DAGs
[2026-05-09T19:22:04.792+0000] {logging_mixin.py:188} INFO - [2026-05-09T19:22:04.792+0000] {dag.py:3954} INFO - Setting next_dagrun for example_xcom to 2021-01-01 00:00:00+00:00, run_after=2021-01-01 00:00:00+00:00
[2026-05-09T19:22:04.816+0000] {processor.py:183} INFO - Processing /home/airflow/.local/lib/python3.12/site-packages/airflow/example_dags/example_xcom.py took 0.086 seconds
[2026-05-09T19:22:35.634+0000] {processor.py:161} INFO - Started process (PID=3619) to work on /home/airflow/.local/lib/python3.12/site-packages/airflow/example_dags/example_xcom.py
[2026-05-09T19:22:35.635+0000] {processor.py:830} INFO - Processing file /home/airflow/.local/lib/python3.12/site-packages/airflow/example_dags/example_xcom.py for tasks to queue
[2026-05-09T19:22:35.637+0000] {logging_mixin.py:188} INFO - [2026-05-09T19:22:35.637+0000] {dagbag.py:545} INFO - Filling up the DagBag from /home/airflow/.local/lib/python3.12/site-packages/airflow/example_dags/example_xcom.py
[2026-05-09T19:22:35.645+0000] {processor.py:840} INFO - DAG(s) 'example_xcom' retrieved from /home/airflow/.local/lib/python3.12/site-packages/airflow/example_dags/example_xcom.py
[2026-05-09T19:22:35.669+0000] {logging_mixin.py:188} INFO - [2026-05-09T19:22:35.668+0000] {dag.py:3096} INFO - Sync 1 DAGs
[2026-05-09T19:22:35.692+0000] {logging_mixin.py:188} INFO - [2026-05-09T19:22:35.692+0000] {dag.py:3954} INFO - Setting next_dagrun for example_xcom to 2021-01-01 00:00:00+00:00, run_after=2021-01-01 00:00:00+00:00
[2026-05-09T19:22:35.727+0000] {processor.py:183} INFO - Processing /home/airflow/.local/lib/python3.12/site-packages/airflow/example_dags/example_xcom.py took 0.098 seconds
[2026-05-09T19:23:05.936+0000] {processor.py:161} INFO - Started process (PID=3678) to work on /home/airflow/.local/lib/python3.12/site-packages/airflow/example_dags/example_xcom.py
[2026-05-09T19:23:05.938+0000] {processor.py:830} INFO - Processing file /home/airflow/.local/lib/python3.12/site-packages/airflow/example_dags/example_xcom.py for tasks to queue
[2026-05-09T19:23:05.940+0000] {logging_mixin.py:188} INFO - [2026-05-09T19:23:05.940+0000] {dagbag.py:545} INFO - Filling up the DagBag from /home/airflow/.local/lib/python3.12/site-packages/airflow/example_dags/example_xcom.py
[2026-05-09T19:23:05.949+0000] {processor.py:840} INFO - DAG(s) 'example_xcom' retrieved from /home/airflow/.local/lib/python3.12/site-packages/airflow/example_dags/example_xcom.py
[2026-05-09T19:23:05.972+0000] {logging_mixin.py:188} INFO - [2026-05-09T19:23:05.971+0000] {dag.py:3096} INFO - Sync 1 DAGs
[2026-05-09T19:23:05.995+0000] {logging_mixin.py:188} INFO - [2026-05-09T19:23:05.995+0000] {dag.py:3954} INFO - Setting next_dagrun for example_xcom to 2021-01-01 00:00:00+00:00, run_after=2021-01-01 00:00:00+00:00
[2026-05-09T19:23:06.019+0000] {processor.py:183} INFO - Processing /home/airflow/.local/lib/python3.12/site-packages/airflow/example_dags/example_xcom.py took 0.089 seconds
[2026-05-09T19:23:36.445+0000] {processor.py:161} INFO - Started process (PID=3737) to work on /home/airflow/.local/lib/python3.12/site-packages/airflow/example_dags/example_xcom.py
[2026-05-09T19:23:36.446+0000] {processor.py:830} INFO - Processing file /home/airflow/.local/lib/python3.12/site-packages/airflow/example_dags/example_xcom.py for tasks to queue
[2026-05-09T19:23:36.449+0000] {logging_mixin.py:188} INFO - [2026-05-09T19:23:36.448+0000] {dagbag.py:545} INFO - Filling up the DagBag from /home/airflow/.local/lib/python3.12/site-packages/airflow/example_dags/example_xcom.py
[2026-05-09T19:23:36.456+0000] {processor.py:840} INFO - DAG(s) 'example_xcom' retrieved from /home/airflow/.local/lib/python3.12/site-packages/airflow/example_dags/example_xcom.py
[2026-05-09T19:23:36.486+0000] {logging_mixin.py:188} INFO - [2026-05-09T19:23:36.486+0000] {dag.py:3096} INFO - Sync 1 DAGs
[2026-05-09T19:23:36.514+0000] {logging_mixin.py:188} INFO - [2026-05-09T19:23:36.513+0000] {dag.py:3954} INFO - Setting next_dagrun for example_xcom to 2021-01-01 00:00:00+00:00, run_after=2021-01-01 00:00:00+00:00
[2026-05-09T19:23:36.540+0000] {processor.py:183} INFO - Processing /home/airflow/.local/lib/python3.12/site-packages/airflow/example_dags/example_xcom.py took 0.100 seconds
[2026-05-09T19:24:07.407+0000] {processor.py:161} INFO - Started process (PID=3796) to work on /home/airflow/.local/lib/python3.12/site-packages/airflow/example_dags/example_xcom.py
[2026-05-09T19:24:07.409+0000] {processor.py:830} INFO - Processing file /home/airflow/.local/lib/python3.12/site-packages/airflow/example_dags/example_xcom.py for tasks to queue
[2026-05-09T19:24:07.411+0000] {logging_mixin.py:188} INFO - [2026-05-09T19:24:07.411+0000] {dagbag.py:545} INFO - Filling up the DagBag from /home/airflow/.local/lib/python3.12/site-packages/airflow/example_dags/example_xcom.py
[2026-05-09T19:24:07.419+0000] {processor.py:840} INFO - DAG(s) 'example_xcom' retrieved from /home/airflow/.local/lib/python3.12/site-packages/airflow/example_dags/example_xcom.py
[2026-05-09T19:24:07.447+0000] {logging_mixin.py:188} INFO - [2026-05-09T19:24:07.447+0000] {dag.py:3096} INFO - Sync 1 DAGs
[2026-05-09T19:24:07.471+0000] {logging_mixin.py:188} INFO - [2026-05-09T19:24:07.471+0000] {dag.py:3954} INFO - Setting next_dagrun for example_xcom to 2021-01-01 00:00:00+00:00, run_after=2021-01-01 00:00:00+00:00
[2026-05-09T19:24:07.500+0000] {processor.py:183} INFO - Processing /home/airflow/.local/lib/python3.12/site-packages/airflow/example_dags/example_xcom.py took 0.100 seconds
[2026-05-09T19:24:38.054+0000] {processor.py:161} INFO - Started process (PID=3855) to work on /home/airflow/.local/lib/python3.12/site-packages/airflow/example_dags/example_xcom.py
[2026-05-09T19:24:38.055+0000] {processor.py:830} INFO - Processing file /home/airflow/.local/lib/python3.12/site-packages/airflow/example_dags/example_xcom.py for tasks to queue
[2026-05-09T19:24:38.057+0000] {logging_mixin.py:188} INFO - [2026-05-09T19:24:38.057+0000] {dagbag.py:545} INFO - Filling up the DagBag from /home/airflow/.local/lib/python3.12/site-packages/airflow/example_dags/example_xcom.py
[2026-05-09T19:24:38.064+0000] {processor.py:840} INFO - DAG(s) 'example_xcom' retrieved from /home/airflow/.local/lib/python3.12/site-packages/airflow/example_dags/example_xcom.py
[2026-05-09T19:24:38.084+0000] {logging_mixin.py:188} INFO - [2026-05-09T19:24:38.083+0000] {dag.py:3096} INFO - Sync 1 DAGs
[2026-05-09T19:24:38.104+0000] {logging_mixin.py:188} INFO - [2026-05-09T19:24:38.104+0000] {dag.py:3954} INFO - Setting next_dagrun for example_xcom to 2021-01-01 00:00:00+00:00, run_after=2021-01-01 00:00:00+00:00
[2026-05-09T19:24:38.127+0000] {processor.py:183} INFO - Processing /home/airflow/.local/lib/python3.12/site-packages/airflow/example_dags/example_xcom.py took 0.078 seconds
[2026-05-09T19:25:08.590+0000] {processor.py:161} INFO - Started process (PID=3914) to work on /home/airflow/.local/lib/python3.12/site-packages/airflow/example_dags/example_xcom.py
[2026-05-09T19:25:08.591+0000] {processor.py:830} INFO - Processing file /home/airflow/.local/lib/python3.12/site-packages/airflow/example_dags/example_xcom.py for tasks to queue
[2026-05-09T19:25:08.593+0000] {logging_mixin.py:188} INFO - [2026-05-09T19:25:08.593+0000] {dagbag.py:545} INFO - Filling up the DagBag from /home/airflow/.local/lib/python3.12/site-packages/airflow/example_dags/example_xcom.py
[2026-05-09T19:25:08.600+0000] {processor.py:840} INFO - DAG(s) 'example_xcom' retrieved from /home/airflow/.local/lib/python3.12/site-packages/airflow/example_dags/example_xcom.py
[2026-05-09T19:25:08.621+0000] {logging_mixin.py:188} INFO - [2026-05-09T19:25:08.621+0000] {dag.py:3096} INFO - Sync 1 DAGs
[2026-05-09T19:25:08.643+0000] {logging_mixin.py:188} INFO - [2026-05-09T19:25:08.643+0000] {dag.py:3954} INFO - Setting next_dagrun for example_xcom to 2021-01-01 00:00:00+00:00, run_after=2021-01-01 00:00:00+00:00
[2026-05-09T19:25:08.666+0000] {processor.py:183} INFO - Processing /home/airflow/.local/lib/python3.12/site-packages/airflow/example_dags/example_xcom.py took 0.081 seconds
[2026-05-09T19:25:39.471+0000] {processor.py:161} INFO - Started process (PID=3973) to work on /home/airflow/.local/lib/python3.12/site-packages/airflow/example_dags/example_xcom.py
[2026-05-09T19:25:39.473+0000] {processor.py:830} INFO - Processing file /home/airflow/.local/lib/python3.12/site-packages/airflow/example_dags/example_xcom.py for tasks to queue
[2026-05-09T19:25:39.475+0000] {logging_mixin.py:188} INFO - [2026-05-09T19:25:39.474+0000] {dagbag.py:545} INFO - Filling up the DagBag from /home/airflow/.local/lib/python3.12/site-packages/airflow/example_dags/example_xcom.py
[2026-05-09T19:25:39.483+0000] {processor.py:840} INFO - DAG(s) 'example_xcom' retrieved from /home/airflow/.local/lib/python3.12/site-packages/airflow/example_dags/example_xcom.py
[2026-05-09T19:25:39.509+0000] {logging_mixin.py:188} INFO - [2026-05-09T19:25:39.508+0000] {dag.py:3096} INFO - Sync 1 DAGs
[2026-05-09T19:25:39.535+0000] {logging_mixin.py:188} INFO - [2026-05-09T19:25:39.534+0000] {dag.py:3954} INFO - Setting next_dagrun for example_xcom to 2021-01-01 00:00:00+00:00, run_after=2021-01-01 00:00:00+00:00
[2026-05-09T19:25:39.557+0000] {processor.py:183} INFO - Processing /home/airflow/.local/lib/python3.12/site-packages/airflow/example_dags/example_xcom.py took 0.092 seconds
[2026-05-09T19:26:10.596+0000] {processor.py:161} INFO - Started process (PID=4032) to work on /home/airflow/.local/lib/python3.12/site-packages/airflow/example_dags/example_xcom.py
[2026-05-09T19:26:10.597+0000] {processor.py:830} INFO - Processing file /home/airflow/.local/lib/python3.12/site-packages/airflow/example_dags/example_xcom.py for tasks to queue
[2026-05-09T19:26:10.599+0000] {logging_mixin.py:188} INFO - [2026-05-09T19:26:10.598+0000] {dagbag.py:545} INFO - Filling up the DagBag from /home/airflow/.local/lib/python3.12/site-packages/airflow/example_dags/example_xcom.py
[2026-05-09T19:26:10.606+0000] {processor.py:840} INFO - DAG(s) 'example_xcom' retrieved from /home/airflow/.local/lib/python3.12/site-packages/airflow/example_dags/example_xcom.py
[2026-05-09T19:26:10.628+0000] {logging_mixin.py:188} INFO - [2026-05-09T19:26:10.627+0000] {dag.py:3096} INFO - Sync 1 DAGs
[2026-05-09T19:26:10.648+0000] {logging_mixin.py:188} INFO - [2026-05-09T19:26:10.648+0000] {dag.py:3954} INFO - Setting next_dagrun for example_xcom to 2021-01-01 00:00:00+00:00, run_after=2021-01-01 00:00:00+00:00
[2026-05-09T19:26:10.670+0000] {processor.py:183} INFO - Processing /home/airflow/.local/lib/python3.12/site-packages/airflow/example_dags/example_xcom.py took 0.080 seconds
[2026-05-09T19:26:41.452+0000] {processor.py:161} INFO - Started process (PID=4091) to work on /home/airflow/.local/lib/python3.12/site-packages/airflow/example_dags/example_xcom.py
[2026-05-09T19:26:41.454+0000] {processor.py:830} INFO - Processing file /home/airflow/.local/lib/python3.12/site-packages/airflow/example_dags/example_xcom.py for tasks to queue
[2026-05-09T19:26:41.456+0000] {logging_mixin.py:188} INFO - [2026-05-09T19:26:41.456+0000] {dagbag.py:545} INFO - Filling up the DagBag from /home/airflow/.local/lib/python3.12/site-packages/airflow/example_dags/example_xcom.py
[2026-05-09T19:26:41.463+0000] {processor.py:840} INFO - DAG(s) 'example_xcom' retrieved from /home/airflow/.local/lib/python3.12/site-packages/airflow/example_dags/example_xcom.py
[2026-05-09T19:26:41.484+0000] {logging_mixin.py:188} INFO - [2026-05-09T19:26:41.484+0000] {dag.py:3096} INFO - Sync 1 DAGs
[2026-05-09T19:26:41.504+0000] {logging_mixin.py:188} INFO - [2026-05-09T19:26:41.504+0000] {dag.py:3954} INFO - Setting next_dagrun for example_xcom to 2021-01-01 00:00:00+00:00, run_after=2021-01-01 00:00:00+00:00
[2026-05-09T19:26:41.525+0000] {processor.py:183} INFO - Processing /home/airflow/.local/lib/python3.12/site-packages/airflow/example_dags/example_xcom.py took 0.078 seconds
[2026-05-09T19:27:11.826+0000] {processor.py:161} INFO - Started process (PID=4150) to work on /home/airflow/.local/lib/python3.12/site-packages/airflow/example_dags/example_xcom.py
[2026-05-09T19:27:11.828+0000] {processor.py:830} INFO - Processing file /home/airflow/.local/lib/python3.12/site-packages/airflow/example_dags/example_xcom.py for tasks to queue
[2026-05-09T19:27:11.829+0000] {logging_mixin.py:188} INFO - [2026-05-09T19:27:11.829+0000] {dagbag.py:545} INFO - Filling up the DagBag from /home/airflow/.local/lib/python3.12/site-packages/airflow/example_dags/example_xcom.py
[2026-05-09T19:27:11.836+0000] {processor.py:840} INFO - DAG(s) 'example_xcom' retrieved from /home/airflow/.local/lib/python3.12/site-packages/airflow/example_dags/example_xcom.py
[2026-05-09T19:27:11.857+0000] {logging_mixin.py:188} INFO - [2026-05-09T19:27:11.857+0000] {dag.py:3096} INFO - Sync 1 DAGs
[2026-05-09T19:27:11.879+0000] {logging_mixin.py:188} INFO - [2026-05-09T19:27:11.879+0000] {dag.py:3954} INFO - Setting next_dagrun for example_xcom to 2021-01-01 00:00:00+00:00, run_after=2021-01-01 00:00:00+00:00
[2026-05-09T19:27:11.901+0000] {processor.py:183} INFO - Processing /home/airflow/.local/lib/python3.12/site-packages/airflow/example_dags/example_xcom.py took 0.080 seconds
[2026-05-09T19:27:42.709+0000] {processor.py:161} INFO - Started process (PID=4209) to work on /home/airflow/.local/lib/python3.12/site-packages/airflow/example_dags/example_xcom.py
[2026-05-09T19:27:42.710+0000] {processor.py:830} INFO - Processing file /home/airflow/.local/lib/python3.12/site-packages/airflow/example_dags/example_xcom.py for tasks to queue
[2026-05-09T19:27:42.712+0000] {logging_mixin.py:188} INFO - [2026-05-09T19:27:42.712+0000] {dagbag.py:545} INFO - Filling up the DagBag from /home/airflow/.local/lib/python3.12/site-packages/airflow/example_dags/example_xcom.py
[2026-05-09T19:27:42.719+0000] {processor.py:840} INFO - DAG(s) 'example_xcom' retrieved from /home/airflow/.local/lib/python3.12/site-packages/airflow/example_dags/example_xcom.py
[2026-05-09T19:27:42.740+0000] {logging_mixin.py:188} INFO - [2026-05-09T19:27:42.739+0000] {dag.py:3096} INFO - Sync 1 DAGs
[2026-05-09T19:27:42.762+0000] {logging_mixin.py:188} INFO - [2026-05-09T19:27:42.762+0000] {dag.py:3954} INFO - Setting next_dagrun for example_xcom to 2021-01-01 00:00:00+00:00, run_after=2021-01-01 00:00:00+00:00
[2026-05-09T19:27:42.787+0000] {processor.py:183} INFO - Processing /home/airflow/.local/lib/python3.12/site-packages/airflow/example_dags/example_xcom.py took 0.083 seconds
[2026-05-09T19:28:12.950+0000] {processor.py:161} INFO - Started process (PID=4268) to work on /home/airflow/.local/lib/python3.12/site-packages/airflow/example_dags/example_xcom.py
[2026-05-09T19:28:12.951+0000] {processor.py:830} INFO - Processing file /home/airflow/.local/lib/python3.12/site-packages/airflow/example_dags/example_xcom.py for tasks to queue
[2026-05-09T19:28:12.953+0000] {logging_mixin.py:188} INFO - [2026-05-09T19:28:12.953+0000] {dagbag.py:545} INFO - Filling up the DagBag from /home/airflow/.local/lib/python3.12/site-packages/airflow/example_dags/example_xcom.py
[2026-05-09T19:28:12.960+0000] {processor.py:840} INFO - DAG(s) 'example_xcom' retrieved from /home/airflow/.local/lib/python3.12/site-packages/airflow/example_dags/example_xcom.py
[2026-05-09T19:28:12.980+0000] {logging_mixin.py:188} INFO - [2026-05-09T19:28:12.980+0000] {dag.py:3096} INFO - Sync 1 DAGs
[2026-05-09T19:28:13.000+0000] {logging_mixin.py:188} INFO - [2026-05-09T19:28:13.000+0000] {dag.py:3954} INFO - Setting next_dagrun for example_xcom to 2021-01-01 00:00:00+00:00, run_after=2021-01-01 00:00:00+00:00
[2026-05-09T19:28:13.021+0000] {processor.py:183} INFO - Processing /home/airflow/.local/lib/python3.12/site-packages/airflow/example_dags/example_xcom.py took 0.077 seconds
[2026-05-09T19:28:43.583+0000] {processor.py:161} INFO - Started process (PID=4327) to work on /home/airflow/.local/lib/python3.12/site-packages/airflow/example_dags/example_xcom.py
[2026-05-09T19:28:43.584+0000] {processor.py:830} INFO - Processing file /home/airflow/.local/lib/python3.12/site-packages/airflow/example_dags/example_xcom.py for tasks to queue
[2026-05-09T19:28:43.586+0000] {logging_mixin.py:188} INFO - [2026-05-09T19:28:43.586+0000] {dagbag.py:545} INFO - Filling up the DagBag from /home/airflow/.local/lib/python3.12/site-packages/airflow/example_dags/example_xcom.py
[2026-05-09T19:28:43.592+0000] {processor.py:840} INFO - DAG(s) 'example_xcom' retrieved from /home/airflow/.local/lib/python3.12/site-packages/airflow/example_dags/example_xcom.py
[2026-05-09T19:28:43.613+0000] {logging_mixin.py:188} INFO - [2026-05-09T19:28:43.613+0000] {dag.py:3096} INFO - Sync 1 DAGs
[2026-05-09T19:28:43.635+0000] {logging_mixin.py:188} INFO - [2026-05-09T19:28:43.635+0000] {dag.py:3954} INFO - Setting next_dagrun for example_xcom to 2021-01-01 00:00:00+00:00, run_after=2021-01-01 00:00:00+00:00
[2026-05-09T19:28:43.656+0000] {processor.py:183} INFO - Processing /home/airflow/.local/lib/python3.12/site-packages/airflow/example_dags/example_xcom.py took 0.078 seconds
[2026-05-09T19:29:14.413+0000] {processor.py:161} INFO - Started process (PID=4386) to work on /home/airflow/.local/lib/python3.12/site-packages/airflow/example_dags/example_xcom.py
[2026-05-09T19:29:14.414+0000] {processor.py:830} INFO - Processing file /home/airflow/.local/lib/python3.12/site-packages/airflow/example_dags/example_xcom.py for tasks to queue
[2026-05-09T19:29:14.416+0000] {logging_mixin.py:188} INFO - [2026-05-09T19:29:14.416+0000] {dagbag.py:545} INFO - Filling up the DagBag from /home/airflow/.local/lib/python3.12/site-packages/airflow/example_dags/example_xcom.py
[2026-05-09T19:29:14.423+0000] {processor.py:840} INFO - DAG(s) 'example_xcom' retrieved from /home/airflow/.local/lib/python3.12/site-packages/airflow/example_dags/example_xcom.py
[2026-05-09T19:29:14.446+0000] {logging_mixin.py:188} INFO - [2026-05-09T19:29:14.446+0000] {dag.py:3096} INFO - Sync 1 DAGs
[2026-05-09T19:29:14.467+0000] {logging_mixin.py:188} INFO - [2026-05-09T19:29:14.467+0000] {dag.py:3954} INFO - Setting next_dagrun for example_xcom to 2021-01-01 00:00:00+00:00, run_after=2021-01-01 00:00:00+00:00
[2026-05-09T19:29:14.494+0000] {processor.py:183} INFO - Processing /home/airflow/.local/lib/python3.12/site-packages/airflow/example_dags/example_xcom.py took 0.086 seconds
[2026-05-09T19:29:45.186+0000] {processor.py:161} INFO - Started process (PID=4445) to work on /home/airflow/.local/lib/python3.12/site-packages/airflow/example_dags/example_xcom.py
[2026-05-09T19:29:45.187+0000] {processor.py:830} INFO - Processing file /home/airflow/.local/lib/python3.12/site-packages/airflow/example_dags/example_xcom.py for tasks to queue
[2026-05-09T19:29:45.189+0000] {logging_mixin.py:188} INFO - [2026-05-09T19:29:45.189+0000] {dagbag.py:545} INFO - Filling up the DagBag from /home/airflow/.local/lib/python3.12/site-packages/airflow/example_dags/example_xcom.py
[2026-05-09T19:29:45.197+0000] {processor.py:840} INFO - DAG(s) 'example_xcom' retrieved from /home/airflow/.local/lib/python3.12/site-packages/airflow/example_dags/example_xcom.py
[2026-05-09T19:29:45.219+0000] {logging_mixin.py:188} INFO - [2026-05-09T19:29:45.219+0000] {dag.py:3096} INFO - Sync 1 DAGs
[2026-05-09T19:29:45.244+0000] {logging_mixin.py:188} INFO - [2026-05-09T19:29:45.243+0000] {dag.py:3954} INFO - Setting next_dagrun for example_xcom to 2021-01-01 00:00:00+00:00, run_after=2021-01-01 00:00:00+00:00
[2026-05-09T19:29:45.266+0000] {processor.py:183} INFO - Processing /home/airflow/.local/lib/python3.12/site-packages/airflow/example_dags/example_xcom.py took 0.085 seconds
[2026-05-09T19:30:16.200+0000] {processor.py:161} INFO - Started process (PID=4504) to work on /home/airflow/.local/lib/python3.12/site-packages/airflow/example_dags/example_xcom.py
[2026-05-09T19:30:16.201+0000] {processor.py:830} INFO - Processing file /home/airflow/.local/lib/python3.12/site-packages/airflow/example_dags/example_xcom.py for tasks to queue
[2026-05-09T19:30:16.203+0000] {logging_mixin.py:188} INFO - [2026-05-09T19:30:16.203+0000] {dagbag.py:545} INFO - Filling up the DagBag from /home/airflow/.local/lib/python3.12/site-packages/airflow/example_dags/example_xcom.py
[2026-05-09T19:30:16.210+0000] {processor.py:840} INFO - DAG(s) 'example_xcom' retrieved from /home/airflow/.local/lib/python3.12/site-packages/airflow/example_dags/example_xcom.py
[2026-05-09T19:30:16.230+0000] {logging_mixin.py:188} INFO - [2026-05-09T19:30:16.230+0000] {dag.py:3096} INFO - Sync 1 DAGs
[2026-05-09T19:30:16.251+0000] {logging_mixin.py:188} INFO - [2026-05-09T19:30:16.251+0000] {dag.py:3954} INFO - Setting next_dagrun for example_xcom to 2021-01-01 00:00:00+00:00, run_after=2021-01-01 00:00:00+00:00
[2026-05-09T19:30:16.273+0000] {processor.py:183} INFO - Processing /home/airflow/.local/lib/python3.12/site-packages/airflow/example_dags/example_xcom.py took 0.078 seconds
[2026-05-09T19:30:46.679+0000] {processor.py:161} INFO - Started process (PID=4563) to work on /home/airflow/.local/lib/python3.12/site-packages/airflow/example_dags/example_xcom.py
[2026-05-09T19:30:46.680+0000] {processor.py:830} INFO - Processing file /home/airflow/.local/lib/python3.12/site-packages/airflow/example_dags/example_xcom.py for tasks to queue
[2026-05-09T19:30:46.682+0000] {logging_mixin.py:188} INFO - [2026-05-09T19:30:46.682+0000] {dagbag.py:545} INFO - Filling up the DagBag from /home/airflow/.local/lib/python3.12/site-packages/airflow/example_dags/example_xcom.py
[2026-05-09T19:30:46.692+0000] {processor.py:840} INFO - DAG(s) 'example_xcom' retrieved from /home/airflow/.local/lib/python3.12/site-packages/airflow/example_dags/example_xcom.py
[2026-05-09T19:30:46.719+0000] {logging_mixin.py:188} INFO - [2026-05-09T19:30:46.719+0000] {dag.py:3096} INFO - Sync 1 DAGs
[2026-05-09T19:30:46.746+0000] {logging_mixin.py:188} INFO - [2026-05-09T19:30:46.745+0000] {dag.py:3954} INFO - Setting next_dagrun for example_xcom to 2021-01-01 00:00:00+00:00, run_after=2021-01-01 00:00:00+00:00
[2026-05-09T19:30:46.779+0000] {processor.py:183} INFO - Processing /home/airflow/.local/lib/python3.12/site-packages/airflow/example_dags/example_xcom.py took 0.106 seconds
[2026-05-09T19:31:17.824+0000] {processor.py:161} INFO - Started process (PID=4622) to work on /home/airflow/.local/lib/python3.12/site-packages/airflow/example_dags/example_xcom.py
[2026-05-09T19:31:17.825+0000] {processor.py:830} INFO - Processing file /home/airflow/.local/lib/python3.12/site-packages/airflow/example_dags/example_xcom.py for tasks to queue
[2026-05-09T19:31:17.827+0000] {logging_mixin.py:188} INFO - [2026-05-09T19:31:17.827+0000] {dagbag.py:545} INFO - Filling up the DagBag from /home/airflow/.local/lib/python3.12/site-packages/airflow/example_dags/example_xcom.py
[2026-05-09T19:31:17.835+0000] {processor.py:840} INFO - DAG(s) 'example_xcom' retrieved from /home/airflow/.local/lib/python3.12/site-packages/airflow/example_dags/example_xcom.py
[2026-05-09T19:31:17.864+0000] {logging_mixin.py:188} INFO - [2026-05-09T19:31:17.863+0000] {dag.py:3096} INFO - Sync 1 DAGs
[2026-05-09T19:31:17.896+0000] {logging_mixin.py:188} INFO - [2026-05-09T19:31:17.895+0000] {dag.py:3954} INFO - Setting next_dagrun for example_xcom to 2021-01-01 00:00:00+00:00, run_after=2021-01-01 00:00:00+00:00
[2026-05-09T19:31:17.919+0000] {processor.py:183} INFO - Processing /home/airflow/.local/lib/python3.12/site-packages/airflow/example_dags/example_xcom.py took 0.100 seconds
[2026-05-09T19:31:48.620+0000] {processor.py:161} INFO - Started process (PID=4681) to work on /home/airflow/.local/lib/python3.12/site-packages/airflow/example_dags/example_xcom.py
[2026-05-09T19:31:48.621+0000] {processor.py:830} INFO - Processing file /home/airflow/.local/lib/python3.12/site-packages/airflow/example_dags/example_xcom.py for tasks to queue
[2026-05-09T19:31:48.623+0000] {logging_mixin.py:188} INFO - [2026-05-09T19:31:48.623+0000] {dagbag.py:545} INFO - Filling up the DagBag from /home/airflow/.local/lib/python3.12/site-packages/airflow/example_dags/example_xcom.py
[2026-05-09T19:31:48.630+0000] {processor.py:840} INFO - DAG(s) 'example_xcom' retrieved from /home/airflow/.local/lib/python3.12/site-packages/airflow/example_dags/example_xcom.py
[2026-05-09T19:31:48.652+0000] {logging_mixin.py:188} INFO - [2026-05-09T19:31:48.652+0000] {dag.py:3096} INFO - Sync 1 DAGs
[2026-05-09T19:31:48.674+0000] {logging_mixin.py:188} INFO - [2026-05-09T19:31:48.673+0000] {dag.py:3954} INFO - Setting next_dagrun for example_xcom to 2021-01-01 00:00:00+00:00, run_after=2021-01-01 00:00:00+00:00
[2026-05-09T19:31:48.696+0000] {processor.py:183} INFO - Processing /home/airflow/.local/lib/python3.12/site-packages/airflow/example_dags/example_xcom.py took 0.082 seconds
[2026-05-09T19:32:19.787+0000] {processor.py:161} INFO - Started process (PID=4740) to work on /home/airflow/.local/lib/python3.12/site-packages/airflow/example_dags/example_xcom.py
[2026-05-09T19:32:19.788+0000] {processor.py:830} INFO - Processing file /home/airflow/.local/lib/python3.12/site-packages/airflow/example_dags/example_xcom.py for tasks to queue
[2026-05-09T19:32:19.790+0000] {logging_mixin.py:188} INFO - [2026-05-09T19:32:19.790+0000] {dagbag.py:545} INFO - Filling up the DagBag from /home/airflow/.local/lib/python3.12/site-packages/airflow/example_dags/example_xcom.py
[2026-05-09T19:32:19.798+0000] {processor.py:840} INFO - DAG(s) 'example_xcom' retrieved from /home/airflow/.local/lib/python3.12/site-packages/airflow/example_dags/example_xcom.py
[2026-05-09T19:32:19.820+0000] {logging_mixin.py:188} INFO - [2026-05-09T19:32:19.820+0000] {dag.py:3096} INFO - Sync 1 DAGs
[2026-05-09T19:32:19.842+0000] {logging_mixin.py:188} INFO - [2026-05-09T19:32:19.842+0000] {dag.py:3954} INFO - Setting next_dagrun for example_xcom to 2021-01-01 00:00:00+00:00, run_after=2021-01-01 00:00:00+00:00
[2026-05-09T19:32:19.866+0000] {processor.py:183} INFO - Processing /home/airflow/.local/lib/python3.12/site-packages/airflow/example_dags/example_xcom.py took 0.085 seconds
[2026-05-09T19:32:50.616+0000] {processor.py:161} INFO - Started process (PID=4800) to work on /home/airflow/.local/lib/python3.12/site-packages/airflow/example_dags/example_xcom.py
[2026-05-09T19:32:50.617+0000] {processor.py:830} INFO - Processing file /home/airflow/.local/lib/python3.12/site-packages/airflow/example_dags/example_xcom.py for tasks to queue
[2026-05-09T19:32:50.620+0000] {logging_mixin.py:188} INFO - [2026-05-09T19:32:50.619+0000] {dagbag.py:545} INFO - Filling up the DagBag from /home/airflow/.local/lib/python3.12/site-packages/airflow/example_dags/example_xcom.py
[2026-05-09T19:32:50.627+0000] {processor.py:840} INFO - DAG(s) 'example_xcom' retrieved from /home/airflow/.local/lib/python3.12/site-packages/airflow/example_dags/example_xcom.py
[2026-05-09T19:32:50.649+0000] {logging_mixin.py:188} INFO - [2026-05-09T19:32:50.649+0000] {dag.py:3096} INFO - Sync 1 DAGs
[2026-05-09T19:32:50.672+0000] {logging_mixin.py:188} INFO - [2026-05-09T19:32:50.671+0000] {dag.py:3954} INFO - Setting next_dagrun for example_xcom to 2021-01-01 00:00:00+00:00, run_after=2021-01-01 00:00:00+00:00
[2026-05-09T19:32:50.696+0000] {processor.py:183} INFO - Processing /home/airflow/.local/lib/python3.12/site-packages/airflow/example_dags/example_xcom.py took 0.085 seconds
[2026-05-09T19:33:22.335+0000] {processor.py:161} INFO - Started process (PID=4859) to work on /home/airflow/.local/lib/python3.12/site-packages/airflow/example_dags/example_xcom.py
[2026-05-09T19:33:22.336+0000] {processor.py:830} INFO - Processing file /home/airflow/.local/lib/python3.12/site-packages/airflow/example_dags/example_xcom.py for tasks to queue
[2026-05-09T19:33:22.339+0000] {logging_mixin.py:188} INFO - [2026-05-09T19:33:22.338+0000] {dagbag.py:545} INFO - Filling up the DagBag from /home/airflow/.local/lib/python3.12/site-packages/airflow/example_dags/example_xcom.py
[2026-05-09T19:33:22.349+0000] {processor.py:840} INFO - DAG(s) 'example_xcom' retrieved from /home/airflow/.local/lib/python3.12/site-packages/airflow/example_dags/example_xcom.py
[2026-05-09T19:33:22.378+0000] {logging_mixin.py:188} INFO - [2026-05-09T19:33:22.377+0000] {dag.py:3096} INFO - Sync 1 DAGs
[2026-05-09T19:33:22.405+0000] {logging_mixin.py:188} INFO - [2026-05-09T19:33:22.405+0000] {dag.py:3954} INFO - Setting next_dagrun for example_xcom to 2021-01-01 00:00:00+00:00, run_after=2021-01-01 00:00:00+00:00
[2026-05-09T19:33:22.435+0000] {processor.py:183} INFO - Processing /home/airflow/.local/lib/python3.12/site-packages/airflow/example_dags/example_xcom.py took 0.110 seconds
[2026-05-09T19:33:52.648+0000] {processor.py:161} INFO - Started process (PID=4918) to work on /home/airflow/.local/lib/python3.12/site-packages/airflow/example_dags/example_xcom.py
[2026-05-09T19:33:52.650+0000] {processor.py:830} INFO - Processing file /home/airflow/.local/lib/python3.12/site-packages/airflow/example_dags/example_xcom.py for tasks to queue
[2026-05-09T19:33:52.652+0000] {logging_mixin.py:188} INFO - [2026-05-09T19:33:52.652+0000] {dagbag.py:545} INFO - Filling up the DagBag from /home/airflow/.local/lib/python3.12/site-packages/airflow/example_dags/example_xcom.py
[2026-05-09T19:33:52.660+0000] {processor.py:840} INFO - DAG(s) 'example_xcom' retrieved from /home/airflow/.local/lib/python3.12/site-packages/airflow/example_dags/example_xcom.py
[2026-05-09T19:33:52.685+0000] {logging_mixin.py:188} INFO - [2026-05-09T19:33:52.685+0000] {dag.py:3096} INFO - Sync 1 DAGs
[2026-05-09T19:33:52.707+0000] {logging_mixin.py:188} INFO - [2026-05-09T19:33:52.706+0000] {dag.py:3954} INFO - Setting next_dagrun for example_xcom to 2021-01-01 00:00:00+00:00, run_after=2021-01-01 00:00:00+00:00
[2026-05-09T19:33:52.735+0000] {processor.py:183} INFO - Processing /home/airflow/.local/lib/python3.12/site-packages/airflow/example_dags/example_xcom.py took 0.092 seconds
[2026-05-09T19:34:22.802+0000] {processor.py:161} INFO - Started process (PID=4977) to work on /home/airflow/.local/lib/python3.12/site-packages/airflow/example_dags/example_xcom.py
[2026-05-09T19:34:22.803+0000] {processor.py:830} INFO - Processing file /home/airflow/.local/lib/python3.12/site-packages/airflow/example_dags/example_xcom.py for tasks to queue
[2026-05-09T19:34:22.806+0000] {logging_mixin.py:188} INFO - [2026-05-09T19:34:22.805+0000] {dagbag.py:545} INFO - Filling up the DagBag from /home/airflow/.local/lib/python3.12/site-packages/airflow/example_dags/example_xcom.py
[2026-05-09T19:34:22.813+0000] {processor.py:840} INFO - DAG(s) 'example_xcom' retrieved from /home/airflow/.local/lib/python3.12/site-packages/airflow/example_dags/example_xcom.py
[2026-05-09T19:34:22.836+0000] {logging_mixin.py:188} INFO - [2026-05-09T19:34:22.836+0000] {dag.py:3096} INFO - Sync 1 DAGs
[2026-05-09T19:34:22.859+0000] {logging_mixin.py:188} INFO - [2026-05-09T19:34:22.859+0000] {dag.py:3954} INFO - Setting next_dagrun for example_xcom to 2021-01-01 00:00:00+00:00, run_after=2021-01-01 00:00:00+00:00
[2026-05-09T19:34:22.883+0000] {processor.py:183} INFO - Processing /home/airflow/.local/lib/python3.12/site-packages/airflow/example_dags/example_xcom.py took 0.087 seconds
[2026-05-09T19:34:53.991+0000] {processor.py:161} INFO - Started process (PID=5036) to work on /home/airflow/.local/lib/python3.12/site-packages/airflow/example_dags/example_xcom.py
[2026-05-09T19:34:53.992+0000] {processor.py:830} INFO - Processing file /home/airflow/.local/lib/python3.12/site-packages/airflow/example_dags/example_xcom.py for tasks to queue
[2026-05-09T19:34:53.995+0000] {logging_mixin.py:188} INFO - [2026-05-09T19:34:53.994+0000] {dagbag.py:545} INFO - Filling up the DagBag from /home/airflow/.local/lib/python3.12/site-packages/airflow/example_dags/example_xcom.py
[2026-05-09T19:34:54.002+0000] {processor.py:840} INFO - DAG(s) 'example_xcom' retrieved from /home/airflow/.local/lib/python3.12/site-packages/airflow/example_dags/example_xcom.py
[2026-05-09T19:34:54.025+0000] {logging_mixin.py:188} INFO - [2026-05-09T19:34:54.024+0000] {dag.py:3096} INFO - Sync 1 DAGs
[2026-05-09T19:34:54.052+0000] {logging_mixin.py:188} INFO - [2026-05-09T19:34:54.051+0000] {dag.py:3954} INFO - Setting next_dagrun for example_xcom to 2021-01-01 00:00:00+00:00, run_after=2021-01-01 00:00:00+00:00
[2026-05-09T19:34:54.087+0000] {processor.py:183} INFO - Processing /home/airflow/.local/lib/python3.12/site-packages/airflow/example_dags/example_xcom.py took 0.102 seconds
[2026-05-09T19:35:25.344+0000] {processor.py:161} INFO - Started process (PID=5096) to work on /home/airflow/.local/lib/python3.12/site-packages/airflow/example_dags/example_xcom.py
[2026-05-09T19:35:25.346+0000] {processor.py:830} INFO - Processing file /home/airflow/.local/lib/python3.12/site-packages/airflow/example_dags/example_xcom.py for tasks to queue
[2026-05-09T19:35:25.348+0000] {logging_mixin.py:188} INFO - [2026-05-09T19:35:25.348+0000] {dagbag.py:545} INFO - Filling up the DagBag from /home/airflow/.local/lib/python3.12/site-packages/airflow/example_dags/example_xcom.py
[2026-05-09T19:35:25.358+0000] {processor.py:840} INFO - DAG(s) 'example_xcom' retrieved from /home/airflow/.local/lib/python3.12/site-packages/airflow/example_dags/example_xcom.py
[2026-05-09T19:35:25.400+0000] {logging_mixin.py:188} INFO - [2026-05-09T19:35:25.399+0000] {dag.py:3096} INFO - Sync 1 DAGs
[2026-05-09T19:35:25.446+0000] {logging_mixin.py:188} INFO - [2026-05-09T19:35:25.445+0000] {dag.py:3954} INFO - Setting next_dagrun for example_xcom to 2021-01-01 00:00:00+00:00, run_after=2021-01-01 00:00:00+00:00
[2026-05-09T19:35:25.485+0000] {processor.py:183} INFO - Processing /home/airflow/.local/lib/python3.12/site-packages/airflow/example_dags/example_xcom.py took 0.156 seconds
[2026-05-09T19:35:55.859+0000] {processor.py:161} INFO - Started process (PID=5155) to work on /home/airflow/.local/lib/python3.12/site-packages/airflow/example_dags/example_xcom.py
[2026-05-09T19:35:55.860+0000] {processor.py:830} INFO - Processing file /home/airflow/.local/lib/python3.12/site-packages/airflow/example_dags/example_xcom.py for tasks to queue
[2026-05-09T19:35:55.862+0000] {logging_mixin.py:188} INFO - [2026-05-09T19:35:55.862+0000] {dagbag.py:545} INFO - Filling up the DagBag from /home/airflow/.local/lib/python3.12/site-packages/airflow/example_dags/example_xcom.py
[2026-05-09T19:35:55.868+0000] {processor.py:840} INFO - DAG(s) 'example_xcom' retrieved from /home/airflow/.local/lib/python3.12/site-packages/airflow/example_dags/example_xcom.py
[2026-05-09T19:35:55.889+0000] {logging_mixin.py:188} INFO - [2026-05-09T19:35:55.889+0000] {dag.py:3096} INFO - Sync 1 DAGs
[2026-05-09T19:35:55.909+0000] {logging_mixin.py:188} INFO - [2026-05-09T19:35:55.909+0000] {dag.py:3954} INFO - Setting next_dagrun for example_xcom to 2021-01-01 00:00:00+00:00, run_after=2021-01-01 00:00:00+00:00
[2026-05-09T19:35:55.934+0000] {processor.py:183} INFO - Processing /home/airflow/.local/lib/python3.12/site-packages/airflow/example_dags/example_xcom.py took 0.080 seconds
[2026-05-09T19:36:26.683+0000] {processor.py:161} INFO - Started process (PID=5214) to work on /home/airflow/.local/lib/python3.12/site-packages/airflow/example_dags/example_xcom.py
[2026-05-09T19:36:26.684+0000] {processor.py:830} INFO - Processing file /home/airflow/.local/lib/python3.12/site-packages/airflow/example_dags/example_xcom.py for tasks to queue
[2026-05-09T19:36:26.686+0000] {logging_mixin.py:188} INFO - [2026-05-09T19:36:26.686+0000] {dagbag.py:545} INFO - Filling up the DagBag from /home/airflow/.local/lib/python3.12/site-packages/airflow/example_dags/example_xcom.py
[2026-05-09T19:36:26.694+0000] {processor.py:840} INFO - DAG(s) 'example_xcom' retrieved from /home/airflow/.local/lib/python3.12/site-packages/airflow/example_dags/example_xcom.py
[2026-05-09T19:36:26.717+0000] {logging_mixin.py:188} INFO - [2026-05-09T19:36:26.717+0000] {dag.py:3096} INFO - Sync 1 DAGs
[2026-05-09T19:36:26.743+0000] {logging_mixin.py:188} INFO - [2026-05-09T19:36:26.743+0000] {dag.py:3954} INFO - Setting next_dagrun for example_xcom to 2021-01-01 00:00:00+00:00, run_after=2021-01-01 00:00:00+00:00
[2026-05-09T19:36:26.768+0000] {processor.py:183} INFO - Processing /home/airflow/.local/lib/python3.12/site-packages/airflow/example_dags/example_xcom.py took 0.091 seconds
[2026-05-09T19:36:57.861+0000] {processor.py:161} INFO - Started process (PID=5273) to work on /home/airflow/.local/lib/python3.12/site-packages/airflow/example_dags/example_xcom.py
[2026-05-09T19:36:57.862+0000] {processor.py:830} INFO - Processing file /home/airflow/.local/lib/python3.12/site-packages/airflow/example_dags/example_xcom.py for tasks to queue
[2026-05-09T19:36:57.866+0000] {logging_mixin.py:188} INFO - [2026-05-09T19:36:57.865+0000] {dagbag.py:545} INFO - Filling up the DagBag from /home/airflow/.local/lib/python3.12/site-packages/airflow/example_dags/example_xcom.py
[2026-05-09T19:36:57.874+0000] {processor.py:840} INFO - DAG(s) 'example_xcom' retrieved from /home/airflow/.local/lib/python3.12/site-packages/airflow/example_dags/example_xcom.py
[2026-05-09T19:36:57.903+0000] {logging_mixin.py:188} INFO - [2026-05-09T19:36:57.902+0000] {dag.py:3096} INFO - Sync 1 DAGs
[2026-05-09T19:36:57.931+0000] {logging_mixin.py:188} INFO - [2026-05-09T19:36:57.931+0000] {dag.py:3954} INFO - Setting next_dagrun for example_xcom to 2021-01-01 00:00:00+00:00, run_after=2021-01-01 00:00:00+00:00
[2026-05-09T19:36:57.960+0000] {processor.py:183} INFO - Processing /home/airflow/.local/lib/python3.12/site-packages/airflow/example_dags/example_xcom.py took 0.106 seconds
[2026-05-09T19:37:28.766+0000] {processor.py:161} INFO - Started process (PID=5332) to work on /home/airflow/.local/lib/python3.12/site-packages/airflow/example_dags/example_xcom.py
[2026-05-09T19:37:28.767+0000] {processor.py:830} INFO - Processing file /home/airflow/.local/lib/python3.12/site-packages/airflow/example_dags/example_xcom.py for tasks to queue
[2026-05-09T19:37:28.769+0000] {logging_mixin.py:188} INFO - [2026-05-09T19:37:28.769+0000] {dagbag.py:545} INFO - Filling up the DagBag from /home/airflow/.local/lib/python3.12/site-packages/airflow/example_dags/example_xcom.py
[2026-05-09T19:37:28.776+0000] {processor.py:840} INFO - DAG(s) 'example_xcom' retrieved from /home/airflow/.local/lib/python3.12/site-packages/airflow/example_dags/example_xcom.py
[2026-05-09T19:37:28.797+0000] {logging_mixin.py:188} INFO - [2026-05-09T19:37:28.797+0000] {dag.py:3096} INFO - Sync 1 DAGs
[2026-05-09T19:37:28.818+0000] {logging_mixin.py:188} INFO - [2026-05-09T19:37:28.818+0000] {dag.py:3954} INFO - Setting next_dagrun for example_xcom to 2021-01-01 00:00:00+00:00, run_after=2021-01-01 00:00:00+00:00
[2026-05-09T19:37:28.842+0000] {processor.py:183} INFO - Processing /home/airflow/.local/lib/python3.12/site-packages/airflow/example_dags/example_xcom.py took 0.082 seconds
[2026-05-09T19:37:59.623+0000] {processor.py:161} INFO - Started process (PID=5391) to work on /home/airflow/.local/lib/python3.12/site-packages/airflow/example_dags/example_xcom.py
[2026-05-09T19:37:59.624+0000] {processor.py:830} INFO - Processing file /home/airflow/.local/lib/python3.12/site-packages/airflow/example_dags/example_xcom.py for tasks to queue
[2026-05-09T19:37:59.626+0000] {logging_mixin.py:188} INFO - [2026-05-09T19:37:59.625+0000] {dagbag.py:545} INFO - Filling up the DagBag from /home/airflow/.local/lib/python3.12/site-packages/airflow/example_dags/example_xcom.py
[2026-05-09T19:37:59.632+0000] {processor.py:840} INFO - DAG(s) 'example_xcom' retrieved from /home/airflow/.local/lib/python3.12/site-packages/airflow/example_dags/example_xcom.py
[2026-05-09T19:37:59.653+0000] {logging_mixin.py:188} INFO - [2026-05-09T19:37:59.653+0000] {dag.py:3096} INFO - Sync 1 DAGs
[2026-05-09T19:37:59.674+0000] {logging_mixin.py:188} INFO - [2026-05-09T19:37:59.674+0000] {dag.py:3954} INFO - Setting next_dagrun for example_xcom to 2021-01-01 00:00:00+00:00, run_after=2021-01-01 00:00:00+00:00
[2026-05-09T19:37:59.697+0000] {processor.py:183} INFO - Processing /home/airflow/.local/lib/python3.12/site-packages/airflow/example_dags/example_xcom.py took 0.079 seconds
[2026-05-09T19:38:30.062+0000] {processor.py:161} INFO - Started process (PID=5450) to work on /home/airflow/.local/lib/python3.12/site-packages/airflow/example_dags/example_xcom.py
[2026-05-09T19:38:30.063+0000] {processor.py:830} INFO - Processing file /home/airflow/.local/lib/python3.12/site-packages/airflow/example_dags/example_xcom.py for tasks to queue
[2026-05-09T19:38:30.065+0000] {logging_mixin.py:188} INFO - [2026-05-09T19:38:30.065+0000] {dagbag.py:545} INFO - Filling up the DagBag from /home/airflow/.local/lib/python3.12/site-packages/airflow/example_dags/example_xcom.py
[2026-05-09T19:38:30.072+0000] {processor.py:840} INFO - DAG(s) 'example_xcom' retrieved from /home/airflow/.local/lib/python3.12/site-packages/airflow/example_dags/example_xcom.py
[2026-05-09T19:38:30.097+0000] {logging_mixin.py:188} INFO - [2026-05-09T19:38:30.097+0000] {dag.py:3096} INFO - Sync 1 DAGs
[2026-05-09T19:38:30.122+0000] {logging_mixin.py:188} INFO - [2026-05-09T19:38:30.121+0000] {dag.py:3954} INFO - Setting next_dagrun for example_xcom to 2021-01-01 00:00:00+00:00, run_after=2021-01-01 00:00:00+00:00
[2026-05-09T19:38:30.144+0000] {processor.py:183} INFO - Processing /home/airflow/.local/lib/python3.12/site-packages/airflow/example_dags/example_xcom.py took 0.088 seconds
[2026-05-09T19:39:00.760+0000] {processor.py:161} INFO - Started process (PID=5509) to work on /home/airflow/.local/lib/python3.12/site-packages/airflow/example_dags/example_xcom.py
[2026-05-09T19:39:00.761+0000] {processor.py:830} INFO - Processing file /home/airflow/.local/lib/python3.12/site-packages/airflow/example_dags/example_xcom.py for tasks to queue
[2026-05-09T19:39:00.763+0000] {logging_mixin.py:188} INFO - [2026-05-09T19:39:00.763+0000] {dagbag.py:545} INFO - Filling up the DagBag from /home/airflow/.local/lib/python3.12/site-packages/airflow/example_dags/example_xcom.py
[2026-05-09T19:39:00.770+0000] {processor.py:840} INFO - DAG(s) 'example_xcom' retrieved from /home/airflow/.local/lib/python3.12/site-packages/airflow/example_dags/example_xcom.py
[2026-05-09T19:39:00.791+0000] {logging_mixin.py:188} INFO - [2026-05-09T19:39:00.791+0000] {dag.py:3096} INFO - Sync 1 DAGs
[2026-05-09T19:39:00.814+0000] {logging_mixin.py:188} INFO - [2026-05-09T19:39:00.814+0000] {dag.py:3954} INFO - Setting next_dagrun for example_xcom to 2021-01-01 00:00:00+00:00, run_after=2021-01-01 00:00:00+00:00
[2026-05-09T19:39:00.838+0000] {processor.py:183} INFO - Processing /home/airflow/.local/lib/python3.12/site-packages/airflow/example_dags/example_xcom.py took 0.083 seconds
[2026-05-09T19:39:31.591+0000] {processor.py:161} INFO - Started process (PID=5568) to work on /home/airflow/.local/lib/python3.12/site-packages/airflow/example_dags/example_xcom.py
[2026-05-09T19:39:31.592+0000] {processor.py:830} INFO - Processing file /home/airflow/.local/lib/python3.12/site-packages/airflow/example_dags/example_xcom.py for tasks to queue
[2026-05-09T19:39:31.594+0000] {logging_mixin.py:188} INFO - [2026-05-09T19:39:31.594+0000] {dagbag.py:545} INFO - Filling up the DagBag from /home/airflow/.local/lib/python3.12/site-packages/airflow/example_dags/example_xcom.py
[2026-05-09T19:39:31.601+0000] {processor.py:840} INFO - DAG(s) 'example_xcom' retrieved from /home/airflow/.local/lib/python3.12/site-packages/airflow/example_dags/example_xcom.py
[2026-05-09T19:39:31.623+0000] {logging_mixin.py:188} INFO - [2026-05-09T19:39:31.622+0000] {dag.py:3096} INFO - Sync 1 DAGs
[2026-05-09T19:39:31.644+0000] {logging_mixin.py:188} INFO - [2026-05-09T19:39:31.644+0000] {dag.py:3954} INFO - Setting next_dagrun for example_xcom to 2021-01-01 00:00:00+00:00, run_after=2021-01-01 00:00:00+00:00
[2026-05-09T19:39:31.666+0000] {processor.py:183} INFO - Processing /home/airflow/.local/lib/python3.12/site-packages/airflow/example_dags/example_xcom.py took 0.081 seconds
[2026-05-09T19:40:03.003+0000] {processor.py:161} INFO - Started process (PID=5627) to work on /home/airflow/.local/lib/python3.12/site-packages/airflow/example_dags/example_xcom.py
[2026-05-09T19:40:03.004+0000] {processor.py:830} INFO - Processing file /home/airflow/.local/lib/python3.12/site-packages/airflow/example_dags/example_xcom.py for tasks to queue
[2026-05-09T19:40:03.006+0000] {logging_mixin.py:188} INFO - [2026-05-09T19:40:03.006+0000] {dagbag.py:545} INFO - Filling up the DagBag from /home/airflow/.local/lib/python3.12/site-packages/airflow/example_dags/example_xcom.py
[2026-05-09T19:40:03.013+0000] {processor.py:840} INFO - DAG(s) 'example_xcom' retrieved from /home/airflow/.local/lib/python3.12/site-packages/airflow/example_dags/example_xcom.py
[2026-05-09T19:40:03.034+0000] {logging_mixin.py:188} INFO - [2026-05-09T19:40:03.034+0000] {dag.py:3096} INFO - Sync 1 DAGs
[2026-05-09T19:40:03.056+0000] {logging_mixin.py:188} INFO - [2026-05-09T19:40:03.055+0000] {dag.py:3954} INFO - Setting next_dagrun for example_xcom to 2021-01-01 00:00:00+00:00, run_after=2021-01-01 00:00:00+00:00
[2026-05-09T19:40:03.212+0000] {processor.py:183} INFO - Processing /home/airflow/.local/lib/python3.12/site-packages/airflow/example_dags/example_xcom.py took 0.215 seconds
[2026-05-09T19:40:34.115+0000] {processor.py:161} INFO - Started process (PID=5686) to work on /home/airflow/.local/lib/python3.12/site-packages/airflow/example_dags/example_xcom.py
[2026-05-09T19:40:34.116+0000] {processor.py:830} INFO - Processing file /home/airflow/.local/lib/python3.12/site-packages/airflow/example_dags/example_xcom.py for tasks to queue
[2026-05-09T19:40:34.118+0000] {logging_mixin.py:188} INFO - [2026-05-09T19:40:34.117+0000] {dagbag.py:545} INFO - Filling up the DagBag from /home/airflow/.local/lib/python3.12/site-packages/airflow/example_dags/example_xcom.py
[2026-05-09T19:40:34.125+0000] {processor.py:840} INFO - DAG(s) 'example_xcom' retrieved from /home/airflow/.local/lib/python3.12/site-packages/airflow/example_dags/example_xcom.py
[2026-05-09T19:40:34.148+0000] {logging_mixin.py:188} INFO - [2026-05-09T19:40:34.148+0000] {dag.py:3096} INFO - Sync 1 DAGs
[2026-05-09T19:40:34.170+0000] {logging_mixin.py:188} INFO - [2026-05-09T19:40:34.170+0000] {dag.py:3954} INFO - Setting next_dagrun for example_xcom to 2021-01-01 00:00:00+00:00, run_after=2021-01-01 00:00:00+00:00
[2026-05-09T19:40:34.194+0000] {processor.py:183} INFO - Processing /home/airflow/.local/lib/python3.12/site-packages/airflow/example_dags/example_xcom.py took 0.085 seconds
[2026-05-09T19:41:04.400+0000] {processor.py:161} INFO - Started process (PID=5745) to work on /home/airflow/.local/lib/python3.12/site-packages/airflow/example_dags/example_xcom.py
[2026-05-09T19:41:04.401+0000] {processor.py:830} INFO - Processing file /home/airflow/.local/lib/python3.12/site-packages/airflow/example_dags/example_xcom.py for tasks to queue
[2026-05-09T19:41:04.403+0000] {logging_mixin.py:188} INFO - [2026-05-09T19:41:04.403+0000] {dagbag.py:545} INFO - Filling up the DagBag from /home/airflow/.local/lib/python3.12/site-packages/airflow/example_dags/example_xcom.py
[2026-05-09T19:41:04.410+0000] {processor.py:840} INFO - DAG(s) 'example_xcom' retrieved from /home/airflow/.local/lib/python3.12/site-packages/airflow/example_dags/example_xcom.py
[2026-05-09T19:41:04.431+0000] {logging_mixin.py:188} INFO - [2026-05-09T19:41:04.431+0000] {dag.py:3096} INFO - Sync 1 DAGs
[2026-05-09T19:41:04.452+0000] {logging_mixin.py:188} INFO - [2026-05-09T19:41:04.452+0000] {dag.py:3954} INFO - Setting next_dagrun for example_xcom to 2021-01-01 00:00:00+00:00, run_after=2021-01-01 00:00:00+00:00
[2026-05-09T19:41:04.477+0000] {processor.py:183} INFO - Processing /home/airflow/.local/lib/python3.12/site-packages/airflow/example_dags/example_xcom.py took 0.082 seconds
[2026-05-09T19:41:35.035+0000] {processor.py:161} INFO - Started process (PID=5804) to work on /home/airflow/.local/lib/python3.12/site-packages/airflow/example_dags/example_xcom.py
[2026-05-09T19:41:35.036+0000] {processor.py:830} INFO - Processing file /home/airflow/.local/lib/python3.12/site-packages/airflow/example_dags/example_xcom.py for tasks to queue
[2026-05-09T19:41:35.038+0000] {logging_mixin.py:188} INFO - [2026-05-09T19:41:35.037+0000] {dagbag.py:545} INFO - Filling up the DagBag from /home/airflow/.local/lib/python3.12/site-packages/airflow/example_dags/example_xcom.py
[2026-05-09T19:41:35.046+0000] {processor.py:840} INFO - DAG(s) 'example_xcom' retrieved from /home/airflow/.local/lib/python3.12/site-packages/airflow/example_dags/example_xcom.py
[2026-05-09T19:41:35.070+0000] {logging_mixin.py:188} INFO - [2026-05-09T19:41:35.070+0000] {dag.py:3096} INFO - Sync 1 DAGs
[2026-05-09T19:41:35.094+0000] {logging_mixin.py:188} INFO - [2026-05-09T19:41:35.094+0000] {dag.py:3954} INFO - Setting next_dagrun for example_xcom to 2021-01-01 00:00:00+00:00, run_after=2021-01-01 00:00:00+00:00
[2026-05-09T19:41:35.119+0000] {processor.py:183} INFO - Processing /home/airflow/.local/lib/python3.12/site-packages/airflow/example_dags/example_xcom.py took 0.090 seconds
[2026-05-09T19:42:05.601+0000] {processor.py:161} INFO - Started process (PID=5863) to work on /home/airflow/.local/lib/python3.12/site-packages/airflow/example_dags/example_xcom.py
[2026-05-09T19:42:05.602+0000] {processor.py:830} INFO - Processing file /home/airflow/.local/lib/python3.12/site-packages/airflow/example_dags/example_xcom.py for tasks to queue
[2026-05-09T19:42:05.604+0000] {logging_mixin.py:188} INFO - [2026-05-09T19:42:05.604+0000] {dagbag.py:545} INFO - Filling up the DagBag from /home/airflow/.local/lib/python3.12/site-packages/airflow/example_dags/example_xcom.py
[2026-05-09T19:42:05.612+0000] {processor.py:840} INFO - DAG(s) 'example_xcom' retrieved from /home/airflow/.local/lib/python3.12/site-packages/airflow/example_dags/example_xcom.py
[2026-05-09T19:42:05.635+0000] {logging_mixin.py:188} INFO - [2026-05-09T19:42:05.634+0000] {dag.py:3096} INFO - Sync 1 DAGs
[2026-05-09T19:42:05.656+0000] {logging_mixin.py:188} INFO - [2026-05-09T19:42:05.656+0000] {dag.py:3954} INFO - Setting next_dagrun for example_xcom to 2021-01-01 00:00:00+00:00, run_after=2021-01-01 00:00:00+00:00
[2026-05-09T19:42:05.680+0000] {processor.py:183} INFO - Processing /home/airflow/.local/lib/python3.12/site-packages/airflow/example_dags/example_xcom.py took 0.085 seconds
[2026-05-09T19:42:38.438+0000] {processor.py:161} INFO - Started process (PID=5922) to work on /home/airflow/.local/lib/python3.12/site-packages/airflow/example_dags/example_xcom.py
[2026-05-09T19:42:38.440+0000] {processor.py:830} INFO - Processing file /home/airflow/.local/lib/python3.12/site-packages/airflow/example_dags/example_xcom.py for tasks to queue
[2026-05-09T19:42:38.442+0000] {logging_mixin.py:188} INFO - [2026-05-09T19:42:38.442+0000] {dagbag.py:545} INFO - Filling up the DagBag from /home/airflow/.local/lib/python3.12/site-packages/airflow/example_dags/example_xcom.py
[2026-05-09T19:42:38.450+0000] {processor.py:840} INFO - DAG(s) 'example_xcom' retrieved from /home/airflow/.local/lib/python3.12/site-packages/airflow/example_dags/example_xcom.py
[2026-05-09T19:42:38.475+0000] {logging_mixin.py:188} INFO - [2026-05-09T19:42:38.475+0000] {dag.py:3096} INFO - Sync 1 DAGs
[2026-05-09T19:42:38.499+0000] {logging_mixin.py:188} INFO - [2026-05-09T19:42:38.499+0000] {dag.py:3954} INFO - Setting next_dagrun for example_xcom to 2021-01-01 00:00:00+00:00, run_after=2021-01-01 00:00:00+00:00
[2026-05-09T19:42:38.522+0000] {processor.py:183} INFO - Processing /home/airflow/.local/lib/python3.12/site-packages/airflow/example_dags/example_xcom.py took 0.090 seconds
[2026-05-09T19:43:09.036+0000] {processor.py:161} INFO - Started process (PID=5981) to work on /home/airflow/.local/lib/python3.12/site-packages/airflow/example_dags/example_xcom.py
[2026-05-09T19:43:09.038+0000] {processor.py:830} INFO - Processing file /home/airflow/.local/lib/python3.12/site-packages/airflow/example_dags/example_xcom.py for tasks to queue
[2026-05-09T19:43:09.040+0000] {logging_mixin.py:188} INFO - [2026-05-09T19:43:09.040+0000] {dagbag.py:545} INFO - Filling up the DagBag from /home/airflow/.local/lib/python3.12/site-packages/airflow/example_dags/example_xcom.py
[2026-05-09T19:43:09.049+0000] {processor.py:840} INFO - DAG(s) 'example_xcom' retrieved from /home/airflow/.local/lib/python3.12/site-packages/airflow/example_dags/example_xcom.py
[2026-05-09T19:43:09.076+0000] {logging_mixin.py:188} INFO - [2026-05-09T19:43:09.076+0000] {dag.py:3096} INFO - Sync 1 DAGs
[2026-05-09T19:43:09.102+0000] {logging_mixin.py:188} INFO - [2026-05-09T19:43:09.102+0000] {dag.py:3954} INFO - Setting next_dagrun for example_xcom to 2021-01-01 00:00:00+00:00, run_after=2021-01-01 00:00:00+00:00
[2026-05-09T19:43:09.130+0000] {processor.py:183} INFO - Processing /home/airflow/.local/lib/python3.12/site-packages/airflow/example_dags/example_xcom.py took 0.099 seconds
[2026-05-09T19:43:39.724+0000] {processor.py:161} INFO - Started process (PID=6041) to work on /home/airflow/.local/lib/python3.12/site-packages/airflow/example_dags/example_xcom.py
[2026-05-09T19:43:39.725+0000] {processor.py:830} INFO - Processing file /home/airflow/.local/lib/python3.12/site-packages/airflow/example_dags/example_xcom.py for tasks to queue
[2026-05-09T19:43:39.727+0000] {logging_mixin.py:188} INFO - [2026-05-09T19:43:39.727+0000] {dagbag.py:545} INFO - Filling up the DagBag from /home/airflow/.local/lib/python3.12/site-packages/airflow/example_dags/example_xcom.py
[2026-05-09T19:43:39.736+0000] {processor.py:840} INFO - DAG(s) 'example_xcom' retrieved from /home/airflow/.local/lib/python3.12/site-packages/airflow/example_dags/example_xcom.py
[2026-05-09T19:43:39.760+0000] {logging_mixin.py:188} INFO - [2026-05-09T19:43:39.759+0000] {dag.py:3096} INFO - Sync 1 DAGs
[2026-05-09T19:43:39.781+0000] {logging_mixin.py:188} INFO - [2026-05-09T19:43:39.781+0000] {dag.py:3954} INFO - Setting next_dagrun for example_xcom to 2021-01-01 00:00:00+00:00, run_after=2021-01-01 00:00:00+00:00
[2026-05-09T19:43:39.805+0000] {processor.py:183} INFO - Processing /home/airflow/.local/lib/python3.12/site-packages/airflow/example_dags/example_xcom.py took 0.086 seconds
[2026-05-09T19:44:10.201+0000] {processor.py:161} INFO - Started process (PID=6100) to work on /home/airflow/.local/lib/python3.12/site-packages/airflow/example_dags/example_xcom.py
[2026-05-09T19:44:10.202+0000] {processor.py:830} INFO - Processing file /home/airflow/.local/lib/python3.12/site-packages/airflow/example_dags/example_xcom.py for tasks to queue
[2026-05-09T19:44:10.204+0000] {logging_mixin.py:188} INFO - [2026-05-09T19:44:10.204+0000] {dagbag.py:545} INFO - Filling up the DagBag from /home/airflow/.local/lib/python3.12/site-packages/airflow/example_dags/example_xcom.py
[2026-05-09T19:44:10.211+0000] {processor.py:840} INFO - DAG(s) 'example_xcom' retrieved from /home/airflow/.local/lib/python3.12/site-packages/airflow/example_dags/example_xcom.py
[2026-05-09T19:44:10.231+0000] {logging_mixin.py:188} INFO - [2026-05-09T19:44:10.231+0000] {dag.py:3096} INFO - Sync 1 DAGs
[2026-05-09T19:44:10.254+0000] {logging_mixin.py:188} INFO - [2026-05-09T19:44:10.253+0000] {dag.py:3954} INFO - Setting next_dagrun for example_xcom to 2021-01-01 00:00:00+00:00, run_after=2021-01-01 00:00:00+00:00
[2026-05-09T19:44:10.276+0000] {processor.py:183} INFO - Processing /home/airflow/.local/lib/python3.12/site-packages/airflow/example_dags/example_xcom.py took 0.080 seconds
[2026-05-09T19:44:41.329+0000] {processor.py:161} INFO - Started process (PID=6159) to work on /home/airflow/.local/lib/python3.12/site-packages/airflow/example_dags/example_xcom.py
[2026-05-09T19:44:41.330+0000] {processor.py:830} INFO - Processing file /home/airflow/.local/lib/python3.12/site-packages/airflow/example_dags/example_xcom.py for tasks to queue
[2026-05-09T19:44:41.332+0000] {logging_mixin.py:188} INFO - [2026-05-09T19:44:41.332+0000] {dagbag.py:545} INFO - Filling up the DagBag from /home/airflow/.local/lib/python3.12/site-packages/airflow/example_dags/example_xcom.py
[2026-05-09T19:44:41.339+0000] {processor.py:840} INFO - DAG(s) 'example_xcom' retrieved from /home/airflow/.local/lib/python3.12/site-packages/airflow/example_dags/example_xcom.py
[2026-05-09T19:44:41.359+0000] {logging_mixin.py:188} INFO - [2026-05-09T19:44:41.359+0000] {dag.py:3096} INFO - Sync 1 DAGs
[2026-05-09T19:44:41.383+0000] {logging_mixin.py:188} INFO - [2026-05-09T19:44:41.383+0000] {dag.py:3954} INFO - Setting next_dagrun for example_xcom to 2021-01-01 00:00:00+00:00, run_after=2021-01-01 00:00:00+00:00
[2026-05-09T19:44:41.408+0000] {processor.py:183} INFO - Processing /home/airflow/.local/lib/python3.12/site-packages/airflow/example_dags/example_xcom.py took 0.085 seconds
[2026-05-09T19:45:12.316+0000] {processor.py:161} INFO - Started process (PID=6219) to work on /home/airflow/.local/lib/python3.12/site-packages/airflow/example_dags/example_xcom.py
[2026-05-09T19:45:12.317+0000] {processor.py:830} INFO - Processing file /home/airflow/.local/lib/python3.12/site-packages/airflow/example_dags/example_xcom.py for tasks to queue
[2026-05-09T19:45:12.320+0000] {logging_mixin.py:188} INFO - [2026-05-09T19:45:12.320+0000] {dagbag.py:545} INFO - Filling up the DagBag from /home/airflow/.local/lib/python3.12/site-packages/airflow/example_dags/example_xcom.py
[2026-05-09T19:45:12.329+0000] {processor.py:840} INFO - DAG(s) 'example_xcom' retrieved from /home/airflow/.local/lib/python3.12/site-packages/airflow/example_dags/example_xcom.py
[2026-05-09T19:45:12.356+0000] {logging_mixin.py:188} INFO - [2026-05-09T19:45:12.356+0000] {dag.py:3096} INFO - Sync 1 DAGs
[2026-05-09T19:45:12.386+0000] {logging_mixin.py:188} INFO - [2026-05-09T19:45:12.386+0000] {dag.py:3954} INFO - Setting next_dagrun for example_xcom to 2021-01-01 00:00:00+00:00, run_after=2021-01-01 00:00:00+00:00
[2026-05-09T19:45:12.415+0000] {processor.py:183} INFO - Processing /home/airflow/.local/lib/python3.12/site-packages/airflow/example_dags/example_xcom.py took 0.107 seconds
[2026-05-09T19:45:43.080+0000] {processor.py:161} INFO - Started process (PID=6278) to work on /home/airflow/.local/lib/python3.12/site-packages/airflow/example_dags/example_xcom.py
[2026-05-09T19:45:43.084+0000] {processor.py:830} INFO - Processing file /home/airflow/.local/lib/python3.12/site-packages/airflow/example_dags/example_xcom.py for tasks to queue
[2026-05-09T19:45:43.088+0000] {logging_mixin.py:188} INFO - [2026-05-09T19:45:43.087+0000] {dagbag.py:545} INFO - Filling up the DagBag from /home/airflow/.local/lib/python3.12/site-packages/airflow/example_dags/example_xcom.py
[2026-05-09T19:45:43.101+0000] {processor.py:840} INFO - DAG(s) 'example_xcom' retrieved from /home/airflow/.local/lib/python3.12/site-packages/airflow/example_dags/example_xcom.py
[2026-05-09T19:45:43.134+0000] {logging_mixin.py:188} INFO - [2026-05-09T19:45:43.134+0000] {dag.py:3096} INFO - Sync 1 DAGs
[2026-05-09T19:45:43.162+0000] {logging_mixin.py:188} INFO - [2026-05-09T19:45:43.162+0000] {dag.py:3954} INFO - Setting next_dagrun for example_xcom to 2021-01-01 00:00:00+00:00, run_after=2021-01-01 00:00:00+00:00
[2026-05-09T19:45:43.190+0000] {processor.py:183} INFO - Processing /home/airflow/.local/lib/python3.12/site-packages/airflow/example_dags/example_xcom.py took 0.117 seconds
[2026-05-09T19:46:13.776+0000] {processor.py:161} INFO - Started process (PID=6337) to work on /home/airflow/.local/lib/python3.12/site-packages/airflow/example_dags/example_xcom.py
[2026-05-09T19:46:13.778+0000] {processor.py:830} INFO - Processing file /home/airflow/.local/lib/python3.12/site-packages/airflow/example_dags/example_xcom.py for tasks to queue
[2026-05-09T19:46:13.780+0000] {logging_mixin.py:188} INFO - [2026-05-09T19:46:13.780+0000] {dagbag.py:545} INFO - Filling up the DagBag from /home/airflow/.local/lib/python3.12/site-packages/airflow/example_dags/example_xcom.py
[2026-05-09T19:46:13.788+0000] {processor.py:840} INFO - DAG(s) 'example_xcom' retrieved from /home/airflow/.local/lib/python3.12/site-packages/airflow/example_dags/example_xcom.py
[2026-05-09T19:46:13.811+0000] {logging_mixin.py:188} INFO - [2026-05-09T19:46:13.811+0000] {dag.py:3096} INFO - Sync 1 DAGs
[2026-05-09T19:46:13.834+0000] {logging_mixin.py:188} INFO - [2026-05-09T19:46:13.833+0000] {dag.py:3954} INFO - Setting next_dagrun for example_xcom to 2021-01-01 00:00:00+00:00, run_after=2021-01-01 00:00:00+00:00
[2026-05-09T19:46:13.857+0000] {processor.py:183} INFO - Processing /home/airflow/.local/lib/python3.12/site-packages/airflow/example_dags/example_xcom.py took 0.086 seconds
[2026-05-09T19:46:44.175+0000] {processor.py:161} INFO - Started process (PID=6396) to work on /home/airflow/.local/lib/python3.12/site-packages/airflow/example_dags/example_xcom.py
[2026-05-09T19:46:44.176+0000] {processor.py:830} INFO - Processing file /home/airflow/.local/lib/python3.12/site-packages/airflow/example_dags/example_xcom.py for tasks to queue
[2026-05-09T19:46:44.178+0000] {logging_mixin.py:188} INFO - [2026-05-09T19:46:44.178+0000] {dagbag.py:545} INFO - Filling up the DagBag from /home/airflow/.local/lib/python3.12/site-packages/airflow/example_dags/example_xcom.py
[2026-05-09T19:46:44.185+0000] {processor.py:840} INFO - DAG(s) 'example_xcom' retrieved from /home/airflow/.local/lib/python3.12/site-packages/airflow/example_dags/example_xcom.py
[2026-05-09T19:46:44.211+0000] {logging_mixin.py:188} INFO - [2026-05-09T19:46:44.210+0000] {dag.py:3096} INFO - Sync 1 DAGs
[2026-05-09T19:46:44.232+0000] {logging_mixin.py:188} INFO - [2026-05-09T19:46:44.232+0000] {dag.py:3954} INFO - Setting next_dagrun for example_xcom to 2021-01-01 00:00:00+00:00, run_after=2021-01-01 00:00:00+00:00
[2026-05-09T19:46:44.256+0000] {processor.py:183} INFO - Processing /home/airflow/.local/lib/python3.12/site-packages/airflow/example_dags/example_xcom.py took 0.087 seconds
[2026-05-09T19:47:14.842+0000] {processor.py:161} INFO - Started process (PID=6455) to work on /home/airflow/.local/lib/python3.12/site-packages/airflow/example_dags/example_xcom.py
[2026-05-09T19:47:14.844+0000] {processor.py:830} INFO - Processing file /home/airflow/.local/lib/python3.12/site-packages/airflow/example_dags/example_xcom.py for tasks to queue
[2026-05-09T19:47:14.846+0000] {logging_mixin.py:188} INFO - [2026-05-09T19:47:14.845+0000] {dagbag.py:545} INFO - Filling up the DagBag from /home/airflow/.local/lib/python3.12/site-packages/airflow/example_dags/example_xcom.py
[2026-05-09T19:47:14.853+0000] {processor.py:840} INFO - DAG(s) 'example_xcom' retrieved from /home/airflow/.local/lib/python3.12/site-packages/airflow/example_dags/example_xcom.py
[2026-05-09T19:47:14.875+0000] {logging_mixin.py:188} INFO - [2026-05-09T19:47:14.875+0000] {dag.py:3096} INFO - Sync 1 DAGs
[2026-05-09T19:47:14.898+0000] {logging_mixin.py:188} INFO - [2026-05-09T19:47:14.898+0000] {dag.py:3954} INFO - Setting next_dagrun for example_xcom to 2021-01-01 00:00:00+00:00, run_after=2021-01-01 00:00:00+00:00
[2026-05-09T19:47:14.923+0000] {processor.py:183} INFO - Processing /home/airflow/.local/lib/python3.12/site-packages/airflow/example_dags/example_xcom.py took 0.086 seconds
[2026-05-09T19:47:45.248+0000] {processor.py:161} INFO - Started process (PID=6514) to work on /home/airflow/.local/lib/python3.12/site-packages/airflow/example_dags/example_xcom.py
[2026-05-09T19:47:45.250+0000] {processor.py:830} INFO - Processing file /home/airflow/.local/lib/python3.12/site-packages/airflow/example_dags/example_xcom.py for tasks to queue
[2026-05-09T19:47:45.252+0000] {logging_mixin.py:188} INFO - [2026-05-09T19:47:45.252+0000] {dagbag.py:545} INFO - Filling up the DagBag from /home/airflow/.local/lib/python3.12/site-packages/airflow/example_dags/example_xcom.py
[2026-05-09T19:47:45.260+0000] {processor.py:840} INFO - DAG(s) 'example_xcom' retrieved from /home/airflow/.local/lib/python3.12/site-packages/airflow/example_dags/example_xcom.py
[2026-05-09T19:47:45.283+0000] {logging_mixin.py:188} INFO - [2026-05-09T19:47:45.283+0000] {dag.py:3096} INFO - Sync 1 DAGs
[2026-05-09T19:47:45.306+0000] {logging_mixin.py:188} INFO - [2026-05-09T19:47:45.305+0000] {dag.py:3954} INFO - Setting next_dagrun for example_xcom to 2021-01-01 00:00:00+00:00, run_after=2021-01-01 00:00:00+00:00
[2026-05-09T19:47:45.331+0000] {processor.py:183} INFO - Processing /home/airflow/.local/lib/python3.12/site-packages/airflow/example_dags/example_xcom.py took 0.088 seconds
[2026-05-09T19:48:15.661+0000] {processor.py:161} INFO - Started process (PID=6573) to work on /home/airflow/.local/lib/python3.12/site-packages/airflow/example_dags/example_xcom.py
[2026-05-09T19:48:15.662+0000] {processor.py:830} INFO - Processing file /home/airflow/.local/lib/python3.12/site-packages/airflow/example_dags/example_xcom.py for tasks to queue
[2026-05-09T19:48:15.665+0000] {logging_mixin.py:188} INFO - [2026-05-09T19:48:15.664+0000] {dagbag.py:545} INFO - Filling up the DagBag from /home/airflow/.local/lib/python3.12/site-packages/airflow/example_dags/example_xcom.py
[2026-05-09T19:48:15.672+0000] {processor.py:840} INFO - DAG(s) 'example_xcom' retrieved from /home/airflow/.local/lib/python3.12/site-packages/airflow/example_dags/example_xcom.py
[2026-05-09T19:48:15.697+0000] {logging_mixin.py:188} INFO - [2026-05-09T19:48:15.697+0000] {dag.py:3096} INFO - Sync 1 DAGs
[2026-05-09T19:48:15.721+0000] {logging_mixin.py:188} INFO - [2026-05-09T19:48:15.720+0000] {dag.py:3954} INFO - Setting next_dagrun for example_xcom to 2021-01-01 00:00:00+00:00, run_after=2021-01-01 00:00:00+00:00
[2026-05-09T19:48:15.745+0000] {processor.py:183} INFO - Processing /home/airflow/.local/lib/python3.12/site-packages/airflow/example_dags/example_xcom.py took 0.089 seconds
[2026-05-09T19:48:46.507+0000] {processor.py:161} INFO - Started process (PID=6632) to work on /home/airflow/.local/lib/python3.12/site-packages/airflow/example_dags/example_xcom.py
[2026-05-09T19:48:46.508+0000] {processor.py:830} INFO - Processing file /home/airflow/.local/lib/python3.12/site-packages/airflow/example_dags/example_xcom.py for tasks to queue
[2026-05-09T19:48:46.511+0000] {logging_mixin.py:188} INFO - [2026-05-09T19:48:46.510+0000] {dagbag.py:545} INFO - Filling up the DagBag from /home/airflow/.local/lib/python3.12/site-packages/airflow/example_dags/example_xcom.py
[2026-05-09T19:48:46.518+0000] {processor.py:840} INFO - DAG(s) 'example_xcom' retrieved from /home/airflow/.local/lib/python3.12/site-packages/airflow/example_dags/example_xcom.py
[2026-05-09T19:48:46.540+0000] {logging_mixin.py:188} INFO - [2026-05-09T19:48:46.539+0000] {dag.py:3096} INFO - Sync 1 DAGs
[2026-05-09T19:48:46.564+0000] {logging_mixin.py:188} INFO - [2026-05-09T19:48:46.563+0000] {dag.py:3954} INFO - Setting next_dagrun for example_xcom to 2021-01-01 00:00:00+00:00, run_after=2021-01-01 00:00:00+00:00
[2026-05-09T19:48:46.588+0000] {processor.py:183} INFO - Processing /home/airflow/.local/lib/python3.12/site-packages/airflow/example_dags/example_xcom.py took 0.086 seconds
[2026-05-09T19:49:18.219+0000] {processor.py:161} INFO - Started process (PID=6692) to work on /home/airflow/.local/lib/python3.12/site-packages/airflow/example_dags/example_xcom.py
[2026-05-09T19:49:18.220+0000] {processor.py:830} INFO - Processing file /home/airflow/.local/lib/python3.12/site-packages/airflow/example_dags/example_xcom.py for tasks to queue
[2026-05-09T19:49:18.222+0000] {logging_mixin.py:188} INFO - [2026-05-09T19:49:18.222+0000] {dagbag.py:545} INFO - Filling up the DagBag from /home/airflow/.local/lib/python3.12/site-packages/airflow/example_dags/example_xcom.py
[2026-05-09T19:49:18.230+0000] {processor.py:840} INFO - DAG(s) 'example_xcom' retrieved from /home/airflow/.local/lib/python3.12/site-packages/airflow/example_dags/example_xcom.py
[2026-05-09T19:49:18.255+0000] {logging_mixin.py:188} INFO - [2026-05-09T19:49:18.255+0000] {dag.py:3096} INFO - Sync 1 DAGs
[2026-05-09T19:49:18.282+0000] {logging_mixin.py:188} INFO - [2026-05-09T19:49:18.282+0000] {dag.py:3954} INFO - Setting next_dagrun for example_xcom to 2021-01-01 00:00:00+00:00, run_after=2021-01-01 00:00:00+00:00
[2026-05-09T19:49:18.307+0000] {processor.py:183} INFO - Processing /home/airflow/.local/lib/python3.12/site-packages/airflow/example_dags/example_xcom.py took 0.095 seconds
[2026-05-09T19:49:48.519+0000] {processor.py:161} INFO - Started process (PID=6751) to work on /home/airflow/.local/lib/python3.12/site-packages/airflow/example_dags/example_xcom.py
[2026-05-09T19:49:48.521+0000] {processor.py:830} INFO - Processing file /home/airflow/.local/lib/python3.12/site-packages/airflow/example_dags/example_xcom.py for tasks to queue
[2026-05-09T19:49:48.524+0000] {logging_mixin.py:188} INFO - [2026-05-09T19:49:48.524+0000] {dagbag.py:545} INFO - Filling up the DagBag from /home/airflow/.local/lib/python3.12/site-packages/airflow/example_dags/example_xcom.py
[2026-05-09T19:49:48.534+0000] {processor.py:840} INFO - DAG(s) 'example_xcom' retrieved from /home/airflow/.local/lib/python3.12/site-packages/airflow/example_dags/example_xcom.py
[2026-05-09T19:49:48.574+0000] {logging_mixin.py:188} INFO - [2026-05-09T19:49:48.574+0000] {dag.py:3096} INFO - Sync 1 DAGs
[2026-05-09T19:49:48.608+0000] {logging_mixin.py:188} INFO - [2026-05-09T19:49:48.608+0000] {dag.py:3954} INFO - Setting next_dagrun for example_xcom to 2021-01-01 00:00:00+00:00, run_after=2021-01-01 00:00:00+00:00
[2026-05-09T19:49:48.652+0000] {processor.py:183} INFO - Processing /home/airflow/.local/lib/python3.12/site-packages/airflow/example_dags/example_xcom.py took 0.140 seconds
[2026-05-09T19:50:19.167+0000] {processor.py:161} INFO - Started process (PID=6811) to work on /home/airflow/.local/lib/python3.12/site-packages/airflow/example_dags/example_xcom.py
[2026-05-09T19:50:19.168+0000] {processor.py:830} INFO - Processing file /home/airflow/.local/lib/python3.12/site-packages/airflow/example_dags/example_xcom.py for tasks to queue
[2026-05-09T19:50:19.170+0000] {logging_mixin.py:188} INFO - [2026-05-09T19:50:19.170+0000] {dagbag.py:545} INFO - Filling up the DagBag from /home/airflow/.local/lib/python3.12/site-packages/airflow/example_dags/example_xcom.py
[2026-05-09T19:50:19.178+0000] {processor.py:840} INFO - DAG(s) 'example_xcom' retrieved from /home/airflow/.local/lib/python3.12/site-packages/airflow/example_dags/example_xcom.py
[2026-05-09T19:50:19.200+0000] {logging_mixin.py:188} INFO - [2026-05-09T19:50:19.200+0000] {dag.py:3096} INFO - Sync 1 DAGs
[2026-05-09T19:50:19.223+0000] {logging_mixin.py:188} INFO - [2026-05-09T19:50:19.222+0000] {dag.py:3954} INFO - Setting next_dagrun for example_xcom to 2021-01-01 00:00:00+00:00, run_after=2021-01-01 00:00:00+00:00
[2026-05-09T19:50:19.248+0000] {processor.py:183} INFO - Processing /home/airflow/.local/lib/python3.12/site-packages/airflow/example_dags/example_xcom.py took 0.086 seconds
[2026-05-09T19:50:50.622+0000] {processor.py:161} INFO - Started process (PID=6870) to work on /home/airflow/.local/lib/python3.12/site-packages/airflow/example_dags/example_xcom.py
[2026-05-09T19:50:50.623+0000] {processor.py:830} INFO - Processing file /home/airflow/.local/lib/python3.12/site-packages/airflow/example_dags/example_xcom.py for tasks to queue
[2026-05-09T19:50:50.626+0000] {logging_mixin.py:188} INFO - [2026-05-09T19:50:50.625+0000] {dagbag.py:545} INFO - Filling up the DagBag from /home/airflow/.local/lib/python3.12/site-packages/airflow/example_dags/example_xcom.py
[2026-05-09T19:50:50.634+0000] {processor.py:840} INFO - DAG(s) 'example_xcom' retrieved from /home/airflow/.local/lib/python3.12/site-packages/airflow/example_dags/example_xcom.py
[2026-05-09T19:50:50.657+0000] {logging_mixin.py:188} INFO - [2026-05-09T19:50:50.657+0000] {dag.py:3096} INFO - Sync 1 DAGs
[2026-05-09T19:50:50.678+0000] {logging_mixin.py:188} INFO - [2026-05-09T19:50:50.678+0000] {dag.py:3954} INFO - Setting next_dagrun for example_xcom to 2021-01-01 00:00:00+00:00, run_after=2021-01-01 00:00:00+00:00
[2026-05-09T19:50:50.702+0000] {processor.py:183} INFO - Processing /home/airflow/.local/lib/python3.12/site-packages/airflow/example_dags/example_xcom.py took 0.086 seconds
[2026-05-09T19:51:21.721+0000] {processor.py:161} INFO - Started process (PID=6929) to work on /home/airflow/.local/lib/python3.12/site-packages/airflow/example_dags/example_xcom.py
[2026-05-09T19:51:21.723+0000] {processor.py:830} INFO - Processing file /home/airflow/.local/lib/python3.12/site-packages/airflow/example_dags/example_xcom.py for tasks to queue
[2026-05-09T19:51:21.726+0000] {logging_mixin.py:188} INFO - [2026-05-09T19:51:21.725+0000] {dagbag.py:545} INFO - Filling up the DagBag from /home/airflow/.local/lib/python3.12/site-packages/airflow/example_dags/example_xcom.py
[2026-05-09T19:51:21.735+0000] {processor.py:840} INFO - DAG(s) 'example_xcom' retrieved from /home/airflow/.local/lib/python3.12/site-packages/airflow/example_dags/example_xcom.py
[2026-05-09T19:51:21.767+0000] {logging_mixin.py:188} INFO - [2026-05-09T19:51:21.767+0000] {dag.py:3096} INFO - Sync 1 DAGs
[2026-05-09T19:51:21.797+0000] {logging_mixin.py:188} INFO - [2026-05-09T19:51:21.797+0000] {dag.py:3954} INFO - Setting next_dagrun for example_xcom to 2021-01-01 00:00:00+00:00, run_after=2021-01-01 00:00:00+00:00
[2026-05-09T19:51:21.827+0000] {processor.py:183} INFO - Processing /home/airflow/.local/lib/python3.12/site-packages/airflow/example_dags/example_xcom.py took 0.113 seconds
[2026-05-09T19:51:52.170+0000] {processor.py:161} INFO - Started process (PID=6988) to work on /home/airflow/.local/lib/python3.12/site-packages/airflow/example_dags/example_xcom.py
[2026-05-09T19:51:52.171+0000] {processor.py:830} INFO - Processing file /home/airflow/.local/lib/python3.12/site-packages/airflow/example_dags/example_xcom.py for tasks to queue
[2026-05-09T19:51:52.173+0000] {logging_mixin.py:188} INFO - [2026-05-09T19:51:52.173+0000] {dagbag.py:545} INFO - Filling up the DagBag from /home/airflow/.local/lib/python3.12/site-packages/airflow/example_dags/example_xcom.py
[2026-05-09T19:51:52.181+0000] {processor.py:840} INFO - DAG(s) 'example_xcom' retrieved from /home/airflow/.local/lib/python3.12/site-packages/airflow/example_dags/example_xcom.py
[2026-05-09T19:51:52.207+0000] {logging_mixin.py:188} INFO - [2026-05-09T19:51:52.206+0000] {dag.py:3096} INFO - Sync 1 DAGs
[2026-05-09T19:51:52.234+0000] {logging_mixin.py:188} INFO - [2026-05-09T19:51:52.234+0000] {dag.py:3954} INFO - Setting next_dagrun for example_xcom to 2021-01-01 00:00:00+00:00, run_after=2021-01-01 00:00:00+00:00
[2026-05-09T19:51:52.260+0000] {processor.py:183} INFO - Processing /home/airflow/.local/lib/python3.12/site-packages/airflow/example_dags/example_xcom.py took 0.097 seconds
[2026-05-09T19:52:22.681+0000] {processor.py:161} INFO - Started process (PID=7047) to work on /home/airflow/.local/lib/python3.12/site-packages/airflow/example_dags/example_xcom.py
[2026-05-09T19:52:22.683+0000] {processor.py:830} INFO - Processing file /home/airflow/.local/lib/python3.12/site-packages/airflow/example_dags/example_xcom.py for tasks to queue
[2026-05-09T19:52:22.685+0000] {logging_mixin.py:188} INFO - [2026-05-09T19:52:22.684+0000] {dagbag.py:545} INFO - Filling up the DagBag from /home/airflow/.local/lib/python3.12/site-packages/airflow/example_dags/example_xcom.py
[2026-05-09T19:52:22.692+0000] {processor.py:840} INFO - DAG(s) 'example_xcom' retrieved from /home/airflow/.local/lib/python3.12/site-packages/airflow/example_dags/example_xcom.py
[2026-05-09T19:52:22.712+0000] {logging_mixin.py:188} INFO - [2026-05-09T19:52:22.712+0000] {dag.py:3096} INFO - Sync 1 DAGs
[2026-05-09T19:52:22.735+0000] {logging_mixin.py:188} INFO - [2026-05-09T19:52:22.734+0000] {dag.py:3954} INFO - Setting next_dagrun for example_xcom to 2021-01-01 00:00:00+00:00, run_after=2021-01-01 00:00:00+00:00
[2026-05-09T19:52:22.759+0000] {processor.py:183} INFO - Processing /home/airflow/.local/lib/python3.12/site-packages/airflow/example_dags/example_xcom.py took 0.083 seconds
[2026-05-09T19:52:54.255+0000] {processor.py:161} INFO - Started process (PID=7106) to work on /home/airflow/.local/lib/python3.12/site-packages/airflow/example_dags/example_xcom.py
[2026-05-09T19:52:54.256+0000] {processor.py:830} INFO - Processing file /home/airflow/.local/lib/python3.12/site-packages/airflow/example_dags/example_xcom.py for tasks to queue
[2026-05-09T19:52:54.258+0000] {logging_mixin.py:188} INFO - [2026-05-09T19:52:54.258+0000] {dagbag.py:545} INFO - Filling up the DagBag from /home/airflow/.local/lib/python3.12/site-packages/airflow/example_dags/example_xcom.py
[2026-05-09T19:52:54.267+0000] {processor.py:840} INFO - DAG(s) 'example_xcom' retrieved from /home/airflow/.local/lib/python3.12/site-packages/airflow/example_dags/example_xcom.py
[2026-05-09T19:52:54.293+0000] {logging_mixin.py:188} INFO - [2026-05-09T19:52:54.293+0000] {dag.py:3096} INFO - Sync 1 DAGs
[2026-05-09T19:52:54.319+0000] {logging_mixin.py:188} INFO - [2026-05-09T19:52:54.319+0000] {dag.py:3954} INFO - Setting next_dagrun for example_xcom to 2021-01-01 00:00:00+00:00, run_after=2021-01-01 00:00:00+00:00
[2026-05-09T19:52:54.348+0000] {processor.py:183} INFO - Processing /home/airflow/.local/lib/python3.12/site-packages/airflow/example_dags/example_xcom.py took 0.099 seconds
[2026-05-09T19:53:25.136+0000] {processor.py:161} INFO - Started process (PID=7165) to work on /home/airflow/.local/lib/python3.12/site-packages/airflow/example_dags/example_xcom.py
[2026-05-09T19:53:25.138+0000] {processor.py:830} INFO - Processing file /home/airflow/.local/lib/python3.12/site-packages/airflow/example_dags/example_xcom.py for tasks to queue
[2026-05-09T19:53:25.140+0000] {logging_mixin.py:188} INFO - [2026-05-09T19:53:25.140+0000] {dagbag.py:545} INFO - Filling up the DagBag from /home/airflow/.local/lib/python3.12/site-packages/airflow/example_dags/example_xcom.py
[2026-05-09T19:53:25.148+0000] {processor.py:840} INFO - DAG(s) 'example_xcom' retrieved from /home/airflow/.local/lib/python3.12/site-packages/airflow/example_dags/example_xcom.py
[2026-05-09T19:53:25.173+0000] {logging_mixin.py:188} INFO - [2026-05-09T19:53:25.173+0000] {dag.py:3096} INFO - Sync 1 DAGs
[2026-05-09T19:53:25.196+0000] {logging_mixin.py:188} INFO - [2026-05-09T19:53:25.196+0000] {dag.py:3954} INFO - Setting next_dagrun for example_xcom to 2021-01-01 00:00:00+00:00, run_after=2021-01-01 00:00:00+00:00
[2026-05-09T19:53:25.220+0000] {processor.py:183} INFO - Processing /home/airflow/.local/lib/python3.12/site-packages/airflow/example_dags/example_xcom.py took 0.090 seconds
[2026-05-09T19:53:55.769+0000] {processor.py:161} INFO - Started process (PID=7224) to work on /home/airflow/.local/lib/python3.12/site-packages/airflow/example_dags/example_xcom.py
[2026-05-09T19:53:55.770+0000] {processor.py:830} INFO - Processing file /home/airflow/.local/lib/python3.12/site-packages/airflow/example_dags/example_xcom.py for tasks to queue
[2026-05-09T19:53:55.773+0000] {logging_mixin.py:188} INFO - [2026-05-09T19:53:55.772+0000] {dagbag.py:545} INFO - Filling up the DagBag from /home/airflow/.local/lib/python3.12/site-packages/airflow/example_dags/example_xcom.py
[2026-05-09T19:53:55.780+0000] {processor.py:840} INFO - DAG(s) 'example_xcom' retrieved from /home/airflow/.local/lib/python3.12/site-packages/airflow/example_dags/example_xcom.py
[2026-05-09T19:53:55.802+0000] {logging_mixin.py:188} INFO - [2026-05-09T19:53:55.802+0000] {dag.py:3096} INFO - Sync 1 DAGs
[2026-05-09T19:53:55.823+0000] {logging_mixin.py:188} INFO - [2026-05-09T19:53:55.822+0000] {dag.py:3954} INFO - Setting next_dagrun for example_xcom to 2021-01-01 00:00:00+00:00, run_after=2021-01-01 00:00:00+00:00
[2026-05-09T19:53:55.843+0000] {processor.py:183} INFO - Processing /home/airflow/.local/lib/python3.12/site-packages/airflow/example_dags/example_xcom.py took 0.080 seconds
[2026-05-09T19:54:26.311+0000] {processor.py:161} INFO - Started process (PID=7283) to work on /home/airflow/.local/lib/python3.12/site-packages/airflow/example_dags/example_xcom.py
[2026-05-09T19:54:26.313+0000] {processor.py:830} INFO - Processing file /home/airflow/.local/lib/python3.12/site-packages/airflow/example_dags/example_xcom.py for tasks to queue
[2026-05-09T19:54:26.315+0000] {logging_mixin.py:188} INFO - [2026-05-09T19:54:26.314+0000] {dagbag.py:545} INFO - Filling up the DagBag from /home/airflow/.local/lib/python3.12/site-packages/airflow/example_dags/example_xcom.py
[2026-05-09T19:54:26.323+0000] {processor.py:840} INFO - DAG(s) 'example_xcom' retrieved from /home/airflow/.local/lib/python3.12/site-packages/airflow/example_dags/example_xcom.py
[2026-05-09T19:54:26.348+0000] {logging_mixin.py:188} INFO - [2026-05-09T19:54:26.348+0000] {dag.py:3096} INFO - Sync 1 DAGs
[2026-05-09T19:54:26.373+0000] {logging_mixin.py:188} INFO - [2026-05-09T19:54:26.373+0000] {dag.py:3954} INFO - Setting next_dagrun for example_xcom to 2021-01-01 00:00:00+00:00, run_after=2021-01-01 00:00:00+00:00
[2026-05-09T19:54:26.400+0000] {processor.py:183} INFO - Processing /home/airflow/.local/lib/python3.12/site-packages/airflow/example_dags/example_xcom.py took 0.094 seconds
