[2026-05-09T18:41:40.507+0000] {processor.py:161} INFO - Started process (PID=70) to work on /home/airflow/.local/lib/python3.12/site-packages/airflow/example_dags/example_skip_dag.py
[2026-05-09T18:41:40.511+0000] {processor.py:830} INFO - Processing file /home/airflow/.local/lib/python3.12/site-packages/airflow/example_dags/example_skip_dag.py for tasks to queue
[2026-05-09T18:41:40.521+0000] {logging_mixin.py:188} INFO - [2026-05-09T18:41:40.519+0000] {dagbag.py:545} INFO - Filling up the DagBag from /home/airflow/.local/lib/python3.12/site-packages/airflow/example_dags/example_skip_dag.py
[2026-05-09T18:41:40.632+0000] {processor.py:840} INFO - DAG(s) 'example_skip_dag' retrieved from /home/airflow/.local/lib/python3.12/site-packages/airflow/example_dags/example_skip_dag.py
[2026-05-09T18:41:41.108+0000] {logging_mixin.py:188} INFO - [2026-05-09T18:41:41.108+0000] {dag.py:3096} INFO - Sync 1 DAGs
[2026-05-09T18:41:41.141+0000] {logging_mixin.py:188} INFO - [2026-05-09T18:41:41.140+0000] {dag.py:3954} INFO - Setting next_dagrun for example_skip_dag to 2026-05-08 00:00:00+00:00, run_after=2026-05-09 00:00:00+00:00
[2026-05-09T18:42:13.990+0000] {processor.py:161} INFO - Started process (PID=62) to work on /home/airflow/.local/lib/python3.12/site-packages/airflow/example_dags/example_skip_dag.py
[2026-05-09T18:42:13.991+0000] {processor.py:830} INFO - Processing file /home/airflow/.local/lib/python3.12/site-packages/airflow/example_dags/example_skip_dag.py for tasks to queue
[2026-05-09T18:42:13.993+0000] {logging_mixin.py:188} INFO - [2026-05-09T18:42:13.992+0000] {dagbag.py:545} INFO - Filling up the DagBag from /home/airflow/.local/lib/python3.12/site-packages/airflow/example_dags/example_skip_dag.py
[2026-05-09T18:42:14.003+0000] {processor.py:840} INFO - DAG(s) 'example_skip_dag' retrieved from /home/airflow/.local/lib/python3.12/site-packages/airflow/example_dags/example_skip_dag.py
[2026-05-09T18:42:14.067+0000] {logging_mixin.py:188} INFO - [2026-05-09T18:42:14.066+0000] {dag.py:3096} INFO - Sync 1 DAGs
[2026-05-09T18:42:14.087+0000] {logging_mixin.py:188} INFO - [2026-05-09T18:42:14.087+0000] {dag.py:3954} INFO - Setting next_dagrun for example_skip_dag to 2026-05-08 00:00:00+00:00, run_after=2026-05-09 00:00:00+00:00
[2026-05-09T18:42:14.113+0000] {processor.py:183} INFO - Processing /home/airflow/.local/lib/python3.12/site-packages/airflow/example_dags/example_skip_dag.py took 0.128 seconds
[2026-05-09T18:42:44.421+0000] {processor.py:161} INFO - Started process (PID=120) to work on /home/airflow/.local/lib/python3.12/site-packages/airflow/example_dags/example_skip_dag.py
[2026-05-09T18:42:44.422+0000] {processor.py:830} INFO - Processing file /home/airflow/.local/lib/python3.12/site-packages/airflow/example_dags/example_skip_dag.py for tasks to queue
[2026-05-09T18:42:44.424+0000] {logging_mixin.py:188} INFO - [2026-05-09T18:42:44.424+0000] {dagbag.py:545} INFO - Filling up the DagBag from /home/airflow/.local/lib/python3.12/site-packages/airflow/example_dags/example_skip_dag.py
[2026-05-09T18:42:44.431+0000] {processor.py:840} INFO - DAG(s) 'example_skip_dag' retrieved from /home/airflow/.local/lib/python3.12/site-packages/airflow/example_dags/example_skip_dag.py
[2026-05-09T18:42:44.460+0000] {logging_mixin.py:188} INFO - [2026-05-09T18:42:44.459+0000] {dag.py:3096} INFO - Sync 1 DAGs
[2026-05-09T18:42:44.485+0000] {logging_mixin.py:188} INFO - [2026-05-09T18:42:44.484+0000] {dag.py:3954} INFO - Setting next_dagrun for example_skip_dag to 2026-05-08 00:00:00+00:00, run_after=2026-05-09 00:00:00+00:00
[2026-05-09T18:42:44.518+0000] {processor.py:183} INFO - Processing /home/airflow/.local/lib/python3.12/site-packages/airflow/example_dags/example_skip_dag.py took 0.104 seconds
[2026-05-09T18:43:15.181+0000] {processor.py:161} INFO - Started process (PID=178) to work on /home/airflow/.local/lib/python3.12/site-packages/airflow/example_dags/example_skip_dag.py
[2026-05-09T18:43:15.197+0000] {processor.py:830} INFO - Processing file /home/airflow/.local/lib/python3.12/site-packages/airflow/example_dags/example_skip_dag.py for tasks to queue
[2026-05-09T18:43:15.227+0000] {logging_mixin.py:188} INFO - [2026-05-09T18:43:15.224+0000] {dagbag.py:545} INFO - Filling up the DagBag from /home/airflow/.local/lib/python3.12/site-packages/airflow/example_dags/example_skip_dag.py
[2026-05-09T18:43:15.270+0000] {processor.py:840} INFO - DAG(s) 'example_skip_dag' retrieved from /home/airflow/.local/lib/python3.12/site-packages/airflow/example_dags/example_skip_dag.py
[2026-05-09T18:43:15.439+0000] {logging_mixin.py:188} INFO - [2026-05-09T18:43:15.439+0000] {dag.py:3096} INFO - Sync 1 DAGs
[2026-05-09T18:43:15.476+0000] {logging_mixin.py:188} INFO - [2026-05-09T18:43:15.476+0000] {dag.py:3954} INFO - Setting next_dagrun for example_skip_dag to 2026-05-08 00:00:00+00:00, run_after=2026-05-09 00:00:00+00:00
[2026-05-09T18:43:19.473+0000] {processor.py:183} INFO - Processing /home/airflow/.local/lib/python3.12/site-packages/airflow/example_dags/example_skip_dag.py took 4.328 seconds
[2026-05-09T18:43:49.764+0000] {processor.py:161} INFO - Started process (PID=237) to work on /home/airflow/.local/lib/python3.12/site-packages/airflow/example_dags/example_skip_dag.py
[2026-05-09T18:43:49.817+0000] {processor.py:830} INFO - Processing file /home/airflow/.local/lib/python3.12/site-packages/airflow/example_dags/example_skip_dag.py for tasks to queue
[2026-05-09T18:43:49.819+0000] {logging_mixin.py:188} INFO - [2026-05-09T18:43:49.819+0000] {dagbag.py:545} INFO - Filling up the DagBag from /home/airflow/.local/lib/python3.12/site-packages/airflow/example_dags/example_skip_dag.py
[2026-05-09T18:43:49.825+0000] {processor.py:840} INFO - DAG(s) 'example_skip_dag' retrieved from /home/airflow/.local/lib/python3.12/site-packages/airflow/example_dags/example_skip_dag.py
[2026-05-09T18:43:49.848+0000] {logging_mixin.py:188} INFO - [2026-05-09T18:43:49.848+0000] {dag.py:3096} INFO - Sync 1 DAGs
[2026-05-09T18:43:49.875+0000] {logging_mixin.py:188} INFO - [2026-05-09T18:43:49.875+0000] {dag.py:3954} INFO - Setting next_dagrun for example_skip_dag to 2026-05-08 00:00:00+00:00, run_after=2026-05-09 00:00:00+00:00
[2026-05-09T18:43:50.084+0000] {processor.py:183} INFO - Processing /home/airflow/.local/lib/python3.12/site-packages/airflow/example_dags/example_skip_dag.py took 0.325 seconds
[2026-05-09T18:44:20.280+0000] {processor.py:161} INFO - Started process (PID=295) to work on /home/airflow/.local/lib/python3.12/site-packages/airflow/example_dags/example_skip_dag.py
[2026-05-09T18:44:20.281+0000] {processor.py:830} INFO - Processing file /home/airflow/.local/lib/python3.12/site-packages/airflow/example_dags/example_skip_dag.py for tasks to queue
[2026-05-09T18:44:20.283+0000] {logging_mixin.py:188} INFO - [2026-05-09T18:44:20.283+0000] {dagbag.py:545} INFO - Filling up the DagBag from /home/airflow/.local/lib/python3.12/site-packages/airflow/example_dags/example_skip_dag.py
[2026-05-09T18:44:20.290+0000] {processor.py:840} INFO - DAG(s) 'example_skip_dag' retrieved from /home/airflow/.local/lib/python3.12/site-packages/airflow/example_dags/example_skip_dag.py
[2026-05-09T18:44:20.314+0000] {logging_mixin.py:188} INFO - [2026-05-09T18:44:20.314+0000] {dag.py:3096} INFO - Sync 1 DAGs
[2026-05-09T18:44:20.339+0000] {logging_mixin.py:188} INFO - [2026-05-09T18:44:20.339+0000] {dag.py:3954} INFO - Setting next_dagrun for example_skip_dag to 2026-05-08 00:00:00+00:00, run_after=2026-05-09 00:00:00+00:00
[2026-05-09T18:44:20.370+0000] {processor.py:183} INFO - Processing /home/airflow/.local/lib/python3.12/site-packages/airflow/example_dags/example_skip_dag.py took 0.095 seconds
[2026-05-09T18:44:50.670+0000] {processor.py:161} INFO - Started process (PID=353) to work on /home/airflow/.local/lib/python3.12/site-packages/airflow/example_dags/example_skip_dag.py
[2026-05-09T18:44:50.915+0000] {processor.py:830} INFO - Processing file /home/airflow/.local/lib/python3.12/site-packages/airflow/example_dags/example_skip_dag.py for tasks to queue
[2026-05-09T18:44:51.394+0000] {logging_mixin.py:188} INFO - [2026-05-09T18:44:51.393+0000] {dagbag.py:545} INFO - Filling up the DagBag from /home/airflow/.local/lib/python3.12/site-packages/airflow/example_dags/example_skip_dag.py
[2026-05-09T18:44:51.473+0000] {processor.py:840} INFO - DAG(s) 'example_skip_dag' retrieved from /home/airflow/.local/lib/python3.12/site-packages/airflow/example_dags/example_skip_dag.py
[2026-05-09T18:44:52.175+0000] {logging_mixin.py:188} INFO - [2026-05-09T18:44:52.175+0000] {dag.py:3096} INFO - Sync 1 DAGs
[2026-05-09T18:44:52.241+0000] {logging_mixin.py:188} INFO - [2026-05-09T18:44:52.241+0000] {dag.py:3954} INFO - Setting next_dagrun for example_skip_dag to 2026-05-08 00:00:00+00:00, run_after=2026-05-09 00:00:00+00:00
[2026-05-09T18:44:52.289+0000] {processor.py:183} INFO - Processing /home/airflow/.local/lib/python3.12/site-packages/airflow/example_dags/example_skip_dag.py took 1.669 seconds
[2026-05-09T18:45:23.222+0000] {processor.py:161} INFO - Started process (PID=417) to work on /home/airflow/.local/lib/python3.12/site-packages/airflow/example_dags/example_skip_dag.py
[2026-05-09T18:45:23.225+0000] {processor.py:830} INFO - Processing file /home/airflow/.local/lib/python3.12/site-packages/airflow/example_dags/example_skip_dag.py for tasks to queue
[2026-05-09T18:45:23.231+0000] {logging_mixin.py:188} INFO - [2026-05-09T18:45:23.229+0000] {dagbag.py:545} INFO - Filling up the DagBag from /home/airflow/.local/lib/python3.12/site-packages/airflow/example_dags/example_skip_dag.py
[2026-05-09T18:45:23.241+0000] {processor.py:840} INFO - DAG(s) 'example_skip_dag' retrieved from /home/airflow/.local/lib/python3.12/site-packages/airflow/example_dags/example_skip_dag.py
[2026-05-09T18:45:23.277+0000] {logging_mixin.py:188} INFO - [2026-05-09T18:45:23.276+0000] {dag.py:3096} INFO - Sync 1 DAGs
[2026-05-09T18:45:23.312+0000] {logging_mixin.py:188} INFO - [2026-05-09T18:45:23.311+0000] {dag.py:3954} INFO - Setting next_dagrun for example_skip_dag to 2026-05-08 00:00:00+00:00, run_after=2026-05-09 00:00:00+00:00
[2026-05-09T18:45:23.348+0000] {processor.py:183} INFO - Processing /home/airflow/.local/lib/python3.12/site-packages/airflow/example_dags/example_skip_dag.py took 0.136 seconds
[2026-05-09T18:45:53.776+0000] {processor.py:161} INFO - Started process (PID=475) to work on /home/airflow/.local/lib/python3.12/site-packages/airflow/example_dags/example_skip_dag.py
[2026-05-09T18:45:53.777+0000] {processor.py:830} INFO - Processing file /home/airflow/.local/lib/python3.12/site-packages/airflow/example_dags/example_skip_dag.py for tasks to queue
[2026-05-09T18:45:53.780+0000] {logging_mixin.py:188} INFO - [2026-05-09T18:45:53.780+0000] {dagbag.py:545} INFO - Filling up the DagBag from /home/airflow/.local/lib/python3.12/site-packages/airflow/example_dags/example_skip_dag.py
[2026-05-09T18:45:53.786+0000] {processor.py:840} INFO - DAG(s) 'example_skip_dag' retrieved from /home/airflow/.local/lib/python3.12/site-packages/airflow/example_dags/example_skip_dag.py
[2026-05-09T18:45:53.810+0000] {logging_mixin.py:188} INFO - [2026-05-09T18:45:53.810+0000] {dag.py:3096} INFO - Sync 1 DAGs
[2026-05-09T18:45:53.834+0000] {logging_mixin.py:188} INFO - [2026-05-09T18:45:53.834+0000] {dag.py:3954} INFO - Setting next_dagrun for example_skip_dag to 2026-05-08 00:00:00+00:00, run_after=2026-05-09 00:00:00+00:00
[2026-05-09T18:45:53.858+0000] {processor.py:183} INFO - Processing /home/airflow/.local/lib/python3.12/site-packages/airflow/example_dags/example_skip_dag.py took 0.087 seconds
[2026-05-09T18:46:24.162+0000] {processor.py:161} INFO - Started process (PID=527) to work on /home/airflow/.local/lib/python3.12/site-packages/airflow/example_dags/example_skip_dag.py
[2026-05-09T18:46:24.164+0000] {processor.py:830} INFO - Processing file /home/airflow/.local/lib/python3.12/site-packages/airflow/example_dags/example_skip_dag.py for tasks to queue
[2026-05-09T18:46:24.167+0000] {logging_mixin.py:188} INFO - [2026-05-09T18:46:24.166+0000] {dagbag.py:545} INFO - Filling up the DagBag from /home/airflow/.local/lib/python3.12/site-packages/airflow/example_dags/example_skip_dag.py
[2026-05-09T18:46:24.176+0000] {processor.py:840} INFO - DAG(s) 'example_skip_dag' retrieved from /home/airflow/.local/lib/python3.12/site-packages/airflow/example_dags/example_skip_dag.py
[2026-05-09T18:46:24.219+0000] {logging_mixin.py:188} INFO - [2026-05-09T18:46:24.218+0000] {dag.py:3096} INFO - Sync 1 DAGs
[2026-05-09T18:46:24.256+0000] {logging_mixin.py:188} INFO - [2026-05-09T18:46:24.256+0000] {dag.py:3954} INFO - Setting next_dagrun for example_skip_dag to 2026-05-08 00:00:00+00:00, run_after=2026-05-09 00:00:00+00:00
[2026-05-09T18:46:24.288+0000] {processor.py:183} INFO - Processing /home/airflow/.local/lib/python3.12/site-packages/airflow/example_dags/example_skip_dag.py took 0.134 seconds
[2026-05-09T18:50:58.732+0000] {processor.py:161} INFO - Started process (PID=81) to work on /home/airflow/.local/lib/python3.12/site-packages/airflow/example_dags/example_skip_dag.py
[2026-05-09T18:50:58.734+0000] {processor.py:830} INFO - Processing file /home/airflow/.local/lib/python3.12/site-packages/airflow/example_dags/example_skip_dag.py for tasks to queue
[2026-05-09T18:50:58.739+0000] {logging_mixin.py:188} INFO - [2026-05-09T18:50:58.739+0000] {dagbag.py:545} INFO - Filling up the DagBag from /home/airflow/.local/lib/python3.12/site-packages/airflow/example_dags/example_skip_dag.py
[2026-05-09T18:50:58.786+0000] {processor.py:840} INFO - DAG(s) 'example_skip_dag' retrieved from /home/airflow/.local/lib/python3.12/site-packages/airflow/example_dags/example_skip_dag.py
[2026-05-09T18:50:59.197+0000] {logging_mixin.py:188} INFO - [2026-05-09T18:50:59.197+0000] {dag.py:3096} INFO - Sync 1 DAGs
[2026-05-09T18:50:59.247+0000] {logging_mixin.py:188} INFO - [2026-05-09T18:50:59.246+0000] {dag.py:3954} INFO - Setting next_dagrun for example_skip_dag to 2026-05-08 00:00:00+00:00, run_after=2026-05-09 00:00:00+00:00
[2026-05-09T18:50:59.323+0000] {processor.py:183} INFO - Processing /home/airflow/.local/lib/python3.12/site-packages/airflow/example_dags/example_skip_dag.py took 0.601 seconds
[2026-05-09T18:51:29.470+0000] {processor.py:161} INFO - Started process (PID=139) to work on /home/airflow/.local/lib/python3.12/site-packages/airflow/example_dags/example_skip_dag.py
[2026-05-09T18:51:29.471+0000] {processor.py:830} INFO - Processing file /home/airflow/.local/lib/python3.12/site-packages/airflow/example_dags/example_skip_dag.py for tasks to queue
[2026-05-09T18:51:29.473+0000] {logging_mixin.py:188} INFO - [2026-05-09T18:51:29.472+0000] {dagbag.py:545} INFO - Filling up the DagBag from /home/airflow/.local/lib/python3.12/site-packages/airflow/example_dags/example_skip_dag.py
[2026-05-09T18:51:29.479+0000] {processor.py:840} INFO - DAG(s) 'example_skip_dag' retrieved from /home/airflow/.local/lib/python3.12/site-packages/airflow/example_dags/example_skip_dag.py
[2026-05-09T18:51:29.501+0000] {logging_mixin.py:188} INFO - [2026-05-09T18:51:29.501+0000] {dag.py:3096} INFO - Sync 1 DAGs
[2026-05-09T18:51:29.525+0000] {logging_mixin.py:188} INFO - [2026-05-09T18:51:29.525+0000] {dag.py:3954} INFO - Setting next_dagrun for example_skip_dag to 2026-05-08 00:00:00+00:00, run_after=2026-05-09 00:00:00+00:00
[2026-05-09T18:51:29.650+0000] {processor.py:183} INFO - Processing /home/airflow/.local/lib/python3.12/site-packages/airflow/example_dags/example_skip_dag.py took 0.186 seconds
[2026-05-09T18:51:50.758+0000] {processor.py:161} INFO - Started process (PID=50) to work on /home/airflow/.local/lib/python3.12/site-packages/airflow/example_dags/example_skip_dag.py
[2026-05-09T18:51:50.760+0000] {processor.py:830} INFO - Processing file /home/airflow/.local/lib/python3.12/site-packages/airflow/example_dags/example_skip_dag.py for tasks to queue
[2026-05-09T18:51:50.763+0000] {logging_mixin.py:188} INFO - [2026-05-09T18:51:50.762+0000] {dagbag.py:545} INFO - Filling up the DagBag from /home/airflow/.local/lib/python3.12/site-packages/airflow/example_dags/example_skip_dag.py
[2026-05-09T18:51:50.777+0000] {processor.py:840} INFO - DAG(s) 'example_skip_dag' retrieved from /home/airflow/.local/lib/python3.12/site-packages/airflow/example_dags/example_skip_dag.py
[2026-05-09T18:51:50.836+0000] {logging_mixin.py:188} INFO - [2026-05-09T18:51:50.836+0000] {dag.py:3096} INFO - Sync 1 DAGs
[2026-05-09T18:51:50.866+0000] {logging_mixin.py:188} INFO - [2026-05-09T18:51:50.866+0000] {dag.py:3954} INFO - Setting next_dagrun for example_skip_dag to 2026-05-08 00:00:00+00:00, run_after=2026-05-09 00:00:00+00:00
[2026-05-09T18:51:50.894+0000] {processor.py:183} INFO - Processing /home/airflow/.local/lib/python3.12/site-packages/airflow/example_dags/example_skip_dag.py took 0.143 seconds
[2026-05-09T18:52:21.369+0000] {processor.py:161} INFO - Started process (PID=108) to work on /home/airflow/.local/lib/python3.12/site-packages/airflow/example_dags/example_skip_dag.py
[2026-05-09T18:52:21.371+0000] {processor.py:830} INFO - Processing file /home/airflow/.local/lib/python3.12/site-packages/airflow/example_dags/example_skip_dag.py for tasks to queue
[2026-05-09T18:52:21.373+0000] {logging_mixin.py:188} INFO - [2026-05-09T18:52:21.373+0000] {dagbag.py:545} INFO - Filling up the DagBag from /home/airflow/.local/lib/python3.12/site-packages/airflow/example_dags/example_skip_dag.py
[2026-05-09T18:52:21.381+0000] {processor.py:840} INFO - DAG(s) 'example_skip_dag' retrieved from /home/airflow/.local/lib/python3.12/site-packages/airflow/example_dags/example_skip_dag.py
[2026-05-09T18:52:21.408+0000] {logging_mixin.py:188} INFO - [2026-05-09T18:52:21.408+0000] {dag.py:3096} INFO - Sync 1 DAGs
[2026-05-09T18:52:21.436+0000] {logging_mixin.py:188} INFO - [2026-05-09T18:52:21.436+0000] {dag.py:3954} INFO - Setting next_dagrun for example_skip_dag to 2026-05-08 00:00:00+00:00, run_after=2026-05-09 00:00:00+00:00
[2026-05-09T18:52:21.465+0000] {processor.py:183} INFO - Processing /home/airflow/.local/lib/python3.12/site-packages/airflow/example_dags/example_skip_dag.py took 0.104 seconds
[2026-05-09T18:52:52.049+0000] {processor.py:161} INFO - Started process (PID=166) to work on /home/airflow/.local/lib/python3.12/site-packages/airflow/example_dags/example_skip_dag.py
[2026-05-09T18:52:52.124+0000] {processor.py:830} INFO - Processing file /home/airflow/.local/lib/python3.12/site-packages/airflow/example_dags/example_skip_dag.py for tasks to queue
[2026-05-09T18:52:52.127+0000] {logging_mixin.py:188} INFO - [2026-05-09T18:52:52.126+0000] {dagbag.py:545} INFO - Filling up the DagBag from /home/airflow/.local/lib/python3.12/site-packages/airflow/example_dags/example_skip_dag.py
[2026-05-09T18:52:52.300+0000] {processor.py:840} INFO - DAG(s) 'example_skip_dag' retrieved from /home/airflow/.local/lib/python3.12/site-packages/airflow/example_dags/example_skip_dag.py
[2026-05-09T18:52:52.790+0000] {logging_mixin.py:188} INFO - [2026-05-09T18:52:52.790+0000] {dag.py:3096} INFO - Sync 1 DAGs
[2026-05-09T18:52:53.765+0000] {logging_mixin.py:188} INFO - [2026-05-09T18:52:53.765+0000] {dag.py:3954} INFO - Setting next_dagrun for example_skip_dag to 2026-05-08 00:00:00+00:00, run_after=2026-05-09 00:00:00+00:00
[2026-05-09T18:52:54.250+0000] {processor.py:183} INFO - Processing /home/airflow/.local/lib/python3.12/site-packages/airflow/example_dags/example_skip_dag.py took 2.354 seconds
[2026-05-09T18:53:24.330+0000] {processor.py:161} INFO - Started process (PID=224) to work on /home/airflow/.local/lib/python3.12/site-packages/airflow/example_dags/example_skip_dag.py
[2026-05-09T18:53:24.331+0000] {processor.py:830} INFO - Processing file /home/airflow/.local/lib/python3.12/site-packages/airflow/example_dags/example_skip_dag.py for tasks to queue
[2026-05-09T18:53:24.334+0000] {logging_mixin.py:188} INFO - [2026-05-09T18:53:24.334+0000] {dagbag.py:545} INFO - Filling up the DagBag from /home/airflow/.local/lib/python3.12/site-packages/airflow/example_dags/example_skip_dag.py
[2026-05-09T18:53:24.344+0000] {processor.py:840} INFO - DAG(s) 'example_skip_dag' retrieved from /home/airflow/.local/lib/python3.12/site-packages/airflow/example_dags/example_skip_dag.py
[2026-05-09T18:53:24.379+0000] {logging_mixin.py:188} INFO - [2026-05-09T18:53:24.378+0000] {dag.py:3096} INFO - Sync 1 DAGs
[2026-05-09T18:53:24.415+0000] {logging_mixin.py:188} INFO - [2026-05-09T18:53:24.415+0000] {dag.py:3954} INFO - Setting next_dagrun for example_skip_dag to 2026-05-08 00:00:00+00:00, run_after=2026-05-09 00:00:00+00:00
[2026-05-09T18:53:24.442+0000] {processor.py:183} INFO - Processing /home/airflow/.local/lib/python3.12/site-packages/airflow/example_dags/example_skip_dag.py took 0.121 seconds
[2026-05-09T18:53:54.615+0000] {processor.py:161} INFO - Started process (PID=282) to work on /home/airflow/.local/lib/python3.12/site-packages/airflow/example_dags/example_skip_dag.py
[2026-05-09T18:53:54.616+0000] {processor.py:830} INFO - Processing file /home/airflow/.local/lib/python3.12/site-packages/airflow/example_dags/example_skip_dag.py for tasks to queue
[2026-05-09T18:53:54.620+0000] {logging_mixin.py:188} INFO - [2026-05-09T18:53:54.619+0000] {dagbag.py:545} INFO - Filling up the DagBag from /home/airflow/.local/lib/python3.12/site-packages/airflow/example_dags/example_skip_dag.py
[2026-05-09T18:53:54.627+0000] {processor.py:840} INFO - DAG(s) 'example_skip_dag' retrieved from /home/airflow/.local/lib/python3.12/site-packages/airflow/example_dags/example_skip_dag.py
[2026-05-09T18:53:54.654+0000] {logging_mixin.py:188} INFO - [2026-05-09T18:53:54.653+0000] {dag.py:3096} INFO - Sync 1 DAGs
[2026-05-09T18:53:54.696+0000] {logging_mixin.py:188} INFO - [2026-05-09T18:53:54.695+0000] {dag.py:3954} INFO - Setting next_dagrun for example_skip_dag to 2026-05-08 00:00:00+00:00, run_after=2026-05-09 00:00:00+00:00
[2026-05-09T18:53:55.552+0000] {processor.py:183} INFO - Processing /home/airflow/.local/lib/python3.12/site-packages/airflow/example_dags/example_skip_dag.py took 0.945 seconds
[2026-05-09T18:54:25.677+0000] {processor.py:161} INFO - Started process (PID=340) to work on /home/airflow/.local/lib/python3.12/site-packages/airflow/example_dags/example_skip_dag.py
[2026-05-09T18:54:25.678+0000] {processor.py:830} INFO - Processing file /home/airflow/.local/lib/python3.12/site-packages/airflow/example_dags/example_skip_dag.py for tasks to queue
[2026-05-09T18:54:25.681+0000] {logging_mixin.py:188} INFO - [2026-05-09T18:54:25.680+0000] {dagbag.py:545} INFO - Filling up the DagBag from /home/airflow/.local/lib/python3.12/site-packages/airflow/example_dags/example_skip_dag.py
[2026-05-09T18:54:25.688+0000] {processor.py:840} INFO - DAG(s) 'example_skip_dag' retrieved from /home/airflow/.local/lib/python3.12/site-packages/airflow/example_dags/example_skip_dag.py
[2026-05-09T18:54:25.712+0000] {logging_mixin.py:188} INFO - [2026-05-09T18:54:25.712+0000] {dag.py:3096} INFO - Sync 1 DAGs
[2026-05-09T18:54:25.739+0000] {logging_mixin.py:188} INFO - [2026-05-09T18:54:25.739+0000] {dag.py:3954} INFO - Setting next_dagrun for example_skip_dag to 2026-05-08 00:00:00+00:00, run_after=2026-05-09 00:00:00+00:00
[2026-05-09T18:54:25.765+0000] {processor.py:183} INFO - Processing /home/airflow/.local/lib/python3.12/site-packages/airflow/example_dags/example_skip_dag.py took 0.093 seconds
[2026-05-09T18:54:56.071+0000] {processor.py:161} INFO - Started process (PID=398) to work on /home/airflow/.local/lib/python3.12/site-packages/airflow/example_dags/example_skip_dag.py
[2026-05-09T18:54:56.073+0000] {processor.py:830} INFO - Processing file /home/airflow/.local/lib/python3.12/site-packages/airflow/example_dags/example_skip_dag.py for tasks to queue
[2026-05-09T18:54:56.075+0000] {logging_mixin.py:188} INFO - [2026-05-09T18:54:56.075+0000] {dagbag.py:545} INFO - Filling up the DagBag from /home/airflow/.local/lib/python3.12/site-packages/airflow/example_dags/example_skip_dag.py
[2026-05-09T18:54:56.081+0000] {processor.py:840} INFO - DAG(s) 'example_skip_dag' retrieved from /home/airflow/.local/lib/python3.12/site-packages/airflow/example_dags/example_skip_dag.py
[2026-05-09T18:54:56.103+0000] {logging_mixin.py:188} INFO - [2026-05-09T18:54:56.103+0000] {dag.py:3096} INFO - Sync 1 DAGs
[2026-05-09T18:54:56.124+0000] {logging_mixin.py:188} INFO - [2026-05-09T18:54:56.124+0000] {dag.py:3954} INFO - Setting next_dagrun for example_skip_dag to 2026-05-08 00:00:00+00:00, run_after=2026-05-09 00:00:00+00:00
[2026-05-09T18:54:56.148+0000] {processor.py:183} INFO - Processing /home/airflow/.local/lib/python3.12/site-packages/airflow/example_dags/example_skip_dag.py took 0.082 seconds
[2026-05-09T18:55:26.279+0000] {processor.py:161} INFO - Started process (PID=456) to work on /home/airflow/.local/lib/python3.12/site-packages/airflow/example_dags/example_skip_dag.py
[2026-05-09T18:55:26.280+0000] {processor.py:830} INFO - Processing file /home/airflow/.local/lib/python3.12/site-packages/airflow/example_dags/example_skip_dag.py for tasks to queue
[2026-05-09T18:55:26.282+0000] {logging_mixin.py:188} INFO - [2026-05-09T18:55:26.282+0000] {dagbag.py:545} INFO - Filling up the DagBag from /home/airflow/.local/lib/python3.12/site-packages/airflow/example_dags/example_skip_dag.py
[2026-05-09T18:55:26.288+0000] {processor.py:840} INFO - DAG(s) 'example_skip_dag' retrieved from /home/airflow/.local/lib/python3.12/site-packages/airflow/example_dags/example_skip_dag.py
[2026-05-09T18:55:26.309+0000] {logging_mixin.py:188} INFO - [2026-05-09T18:55:26.309+0000] {dag.py:3096} INFO - Sync 1 DAGs
[2026-05-09T18:55:26.332+0000] {logging_mixin.py:188} INFO - [2026-05-09T18:55:26.331+0000] {dag.py:3954} INFO - Setting next_dagrun for example_skip_dag to 2026-05-08 00:00:00+00:00, run_after=2026-05-09 00:00:00+00:00
[2026-05-09T18:55:26.359+0000] {processor.py:183} INFO - Processing /home/airflow/.local/lib/python3.12/site-packages/airflow/example_dags/example_skip_dag.py took 0.086 seconds
[2026-05-09T18:55:56.680+0000] {processor.py:161} INFO - Started process (PID=514) to work on /home/airflow/.local/lib/python3.12/site-packages/airflow/example_dags/example_skip_dag.py
[2026-05-09T18:55:56.681+0000] {processor.py:830} INFO - Processing file /home/airflow/.local/lib/python3.12/site-packages/airflow/example_dags/example_skip_dag.py for tasks to queue
[2026-05-09T18:55:56.683+0000] {logging_mixin.py:188} INFO - [2026-05-09T18:55:56.683+0000] {dagbag.py:545} INFO - Filling up the DagBag from /home/airflow/.local/lib/python3.12/site-packages/airflow/example_dags/example_skip_dag.py
[2026-05-09T18:55:56.689+0000] {processor.py:840} INFO - DAG(s) 'example_skip_dag' retrieved from /home/airflow/.local/lib/python3.12/site-packages/airflow/example_dags/example_skip_dag.py
[2026-05-09T18:55:56.711+0000] {logging_mixin.py:188} INFO - [2026-05-09T18:55:56.711+0000] {dag.py:3096} INFO - Sync 1 DAGs
[2026-05-09T18:55:56.733+0000] {logging_mixin.py:188} INFO - [2026-05-09T18:55:56.732+0000] {dag.py:3954} INFO - Setting next_dagrun for example_skip_dag to 2026-05-08 00:00:00+00:00, run_after=2026-05-09 00:00:00+00:00
[2026-05-09T18:55:56.761+0000] {processor.py:183} INFO - Processing /home/airflow/.local/lib/python3.12/site-packages/airflow/example_dags/example_skip_dag.py took 0.086 seconds
[2026-05-09T18:56:26.921+0000] {processor.py:161} INFO - Started process (PID=572) to work on /home/airflow/.local/lib/python3.12/site-packages/airflow/example_dags/example_skip_dag.py
[2026-05-09T18:56:26.922+0000] {processor.py:830} INFO - Processing file /home/airflow/.local/lib/python3.12/site-packages/airflow/example_dags/example_skip_dag.py for tasks to queue
[2026-05-09T18:56:26.925+0000] {logging_mixin.py:188} INFO - [2026-05-09T18:56:26.924+0000] {dagbag.py:545} INFO - Filling up the DagBag from /home/airflow/.local/lib/python3.12/site-packages/airflow/example_dags/example_skip_dag.py
[2026-05-09T18:56:26.931+0000] {processor.py:840} INFO - DAG(s) 'example_skip_dag' retrieved from /home/airflow/.local/lib/python3.12/site-packages/airflow/example_dags/example_skip_dag.py
[2026-05-09T18:56:26.956+0000] {logging_mixin.py:188} INFO - [2026-05-09T18:56:26.956+0000] {dag.py:3096} INFO - Sync 1 DAGs
[2026-05-09T18:56:26.978+0000] {logging_mixin.py:188} INFO - [2026-05-09T18:56:26.978+0000] {dag.py:3954} INFO - Setting next_dagrun for example_skip_dag to 2026-05-08 00:00:00+00:00, run_after=2026-05-09 00:00:00+00:00
[2026-05-09T18:56:27.003+0000] {processor.py:183} INFO - Processing /home/airflow/.local/lib/python3.12/site-packages/airflow/example_dags/example_skip_dag.py took 0.088 seconds
[2026-05-09T18:56:57.240+0000] {processor.py:161} INFO - Started process (PID=631) to work on /home/airflow/.local/lib/python3.12/site-packages/airflow/example_dags/example_skip_dag.py
[2026-05-09T18:56:57.241+0000] {processor.py:830} INFO - Processing file /home/airflow/.local/lib/python3.12/site-packages/airflow/example_dags/example_skip_dag.py for tasks to queue
[2026-05-09T18:56:57.243+0000] {logging_mixin.py:188} INFO - [2026-05-09T18:56:57.242+0000] {dagbag.py:545} INFO - Filling up the DagBag from /home/airflow/.local/lib/python3.12/site-packages/airflow/example_dags/example_skip_dag.py
[2026-05-09T18:56:57.250+0000] {processor.py:840} INFO - DAG(s) 'example_skip_dag' retrieved from /home/airflow/.local/lib/python3.12/site-packages/airflow/example_dags/example_skip_dag.py
[2026-05-09T18:56:57.276+0000] {logging_mixin.py:188} INFO - [2026-05-09T18:56:57.276+0000] {dag.py:3096} INFO - Sync 1 DAGs
[2026-05-09T18:56:57.301+0000] {logging_mixin.py:188} INFO - [2026-05-09T18:56:57.300+0000] {dag.py:3954} INFO - Setting next_dagrun for example_skip_dag to 2026-05-08 00:00:00+00:00, run_after=2026-05-09 00:00:00+00:00
[2026-05-09T18:56:57.331+0000] {processor.py:183} INFO - Processing /home/airflow/.local/lib/python3.12/site-packages/airflow/example_dags/example_skip_dag.py took 0.098 seconds
[2026-05-09T18:57:28.188+0000] {processor.py:161} INFO - Started process (PID=690) to work on /home/airflow/.local/lib/python3.12/site-packages/airflow/example_dags/example_skip_dag.py
[2026-05-09T18:57:28.190+0000] {processor.py:830} INFO - Processing file /home/airflow/.local/lib/python3.12/site-packages/airflow/example_dags/example_skip_dag.py for tasks to queue
[2026-05-09T18:57:28.193+0000] {logging_mixin.py:188} INFO - [2026-05-09T18:57:28.192+0000] {dagbag.py:545} INFO - Filling up the DagBag from /home/airflow/.local/lib/python3.12/site-packages/airflow/example_dags/example_skip_dag.py
[2026-05-09T18:57:28.202+0000] {processor.py:840} INFO - DAG(s) 'example_skip_dag' retrieved from /home/airflow/.local/lib/python3.12/site-packages/airflow/example_dags/example_skip_dag.py
[2026-05-09T18:57:28.232+0000] {logging_mixin.py:188} INFO - [2026-05-09T18:57:28.232+0000] {dag.py:3096} INFO - Sync 1 DAGs
[2026-05-09T18:57:28.262+0000] {logging_mixin.py:188} INFO - [2026-05-09T18:57:28.262+0000] {dag.py:3954} INFO - Setting next_dagrun for example_skip_dag to 2026-05-08 00:00:00+00:00, run_after=2026-05-09 00:00:00+00:00
[2026-05-09T18:57:28.300+0000] {processor.py:183} INFO - Processing /home/airflow/.local/lib/python3.12/site-packages/airflow/example_dags/example_skip_dag.py took 0.120 seconds
[2026-05-09T18:57:59.120+0000] {processor.py:161} INFO - Started process (PID=749) to work on /home/airflow/.local/lib/python3.12/site-packages/airflow/example_dags/example_skip_dag.py
[2026-05-09T18:57:59.121+0000] {processor.py:830} INFO - Processing file /home/airflow/.local/lib/python3.12/site-packages/airflow/example_dags/example_skip_dag.py for tasks to queue
[2026-05-09T18:57:59.123+0000] {logging_mixin.py:188} INFO - [2026-05-09T18:57:59.123+0000] {dagbag.py:545} INFO - Filling up the DagBag from /home/airflow/.local/lib/python3.12/site-packages/airflow/example_dags/example_skip_dag.py
[2026-05-09T18:57:59.129+0000] {processor.py:840} INFO - DAG(s) 'example_skip_dag' retrieved from /home/airflow/.local/lib/python3.12/site-packages/airflow/example_dags/example_skip_dag.py
[2026-05-09T18:57:59.158+0000] {logging_mixin.py:188} INFO - [2026-05-09T18:57:59.157+0000] {dag.py:3096} INFO - Sync 1 DAGs
[2026-05-09T18:57:59.187+0000] {logging_mixin.py:188} INFO - [2026-05-09T18:57:59.187+0000] {dag.py:3954} INFO - Setting next_dagrun for example_skip_dag to 2026-05-08 00:00:00+00:00, run_after=2026-05-09 00:00:00+00:00
[2026-05-09T18:57:59.218+0000] {processor.py:183} INFO - Processing /home/airflow/.local/lib/python3.12/site-packages/airflow/example_dags/example_skip_dag.py took 0.103 seconds
[2026-05-09T18:58:29.375+0000] {processor.py:161} INFO - Started process (PID=810) to work on /home/airflow/.local/lib/python3.12/site-packages/airflow/example_dags/example_skip_dag.py
[2026-05-09T18:58:29.376+0000] {processor.py:830} INFO - Processing file /home/airflow/.local/lib/python3.12/site-packages/airflow/example_dags/example_skip_dag.py for tasks to queue
[2026-05-09T18:58:29.378+0000] {logging_mixin.py:188} INFO - [2026-05-09T18:58:29.377+0000] {dagbag.py:545} INFO - Filling up the DagBag from /home/airflow/.local/lib/python3.12/site-packages/airflow/example_dags/example_skip_dag.py
[2026-05-09T18:58:29.384+0000] {processor.py:840} INFO - DAG(s) 'example_skip_dag' retrieved from /home/airflow/.local/lib/python3.12/site-packages/airflow/example_dags/example_skip_dag.py
[2026-05-09T18:58:29.405+0000] {logging_mixin.py:188} INFO - [2026-05-09T18:58:29.405+0000] {dag.py:3096} INFO - Sync 1 DAGs
[2026-05-09T18:58:29.430+0000] {logging_mixin.py:188} INFO - [2026-05-09T18:58:29.430+0000] {dag.py:3954} INFO - Setting next_dagrun for example_skip_dag to 2026-05-08 00:00:00+00:00, run_after=2026-05-09 00:00:00+00:00
[2026-05-09T18:58:29.455+0000] {processor.py:183} INFO - Processing /home/airflow/.local/lib/python3.12/site-packages/airflow/example_dags/example_skip_dag.py took 0.086 seconds
[2026-05-09T18:58:59.697+0000] {processor.py:161} INFO - Started process (PID=868) to work on /home/airflow/.local/lib/python3.12/site-packages/airflow/example_dags/example_skip_dag.py
[2026-05-09T18:58:59.698+0000] {processor.py:830} INFO - Processing file /home/airflow/.local/lib/python3.12/site-packages/airflow/example_dags/example_skip_dag.py for tasks to queue
[2026-05-09T18:58:59.700+0000] {logging_mixin.py:188} INFO - [2026-05-09T18:58:59.700+0000] {dagbag.py:545} INFO - Filling up the DagBag from /home/airflow/.local/lib/python3.12/site-packages/airflow/example_dags/example_skip_dag.py
[2026-05-09T18:58:59.706+0000] {processor.py:840} INFO - DAG(s) 'example_skip_dag' retrieved from /home/airflow/.local/lib/python3.12/site-packages/airflow/example_dags/example_skip_dag.py
[2026-05-09T18:58:59.729+0000] {logging_mixin.py:188} INFO - [2026-05-09T18:58:59.728+0000] {dag.py:3096} INFO - Sync 1 DAGs
[2026-05-09T18:58:59.753+0000] {logging_mixin.py:188} INFO - [2026-05-09T18:58:59.753+0000] {dag.py:3954} INFO - Setting next_dagrun for example_skip_dag to 2026-05-08 00:00:00+00:00, run_after=2026-05-09 00:00:00+00:00
[2026-05-09T18:58:59.778+0000] {processor.py:183} INFO - Processing /home/airflow/.local/lib/python3.12/site-packages/airflow/example_dags/example_skip_dag.py took 0.087 seconds
[2026-05-09T18:59:30.315+0000] {processor.py:161} INFO - Started process (PID=927) to work on /home/airflow/.local/lib/python3.12/site-packages/airflow/example_dags/example_skip_dag.py
[2026-05-09T18:59:30.316+0000] {processor.py:830} INFO - Processing file /home/airflow/.local/lib/python3.12/site-packages/airflow/example_dags/example_skip_dag.py for tasks to queue
[2026-05-09T18:59:30.318+0000] {logging_mixin.py:188} INFO - [2026-05-09T18:59:30.318+0000] {dagbag.py:545} INFO - Filling up the DagBag from /home/airflow/.local/lib/python3.12/site-packages/airflow/example_dags/example_skip_dag.py
[2026-05-09T18:59:30.324+0000] {processor.py:840} INFO - DAG(s) 'example_skip_dag' retrieved from /home/airflow/.local/lib/python3.12/site-packages/airflow/example_dags/example_skip_dag.py
[2026-05-09T18:59:30.347+0000] {logging_mixin.py:188} INFO - [2026-05-09T18:59:30.346+0000] {dag.py:3096} INFO - Sync 1 DAGs
[2026-05-09T18:59:30.369+0000] {logging_mixin.py:188} INFO - [2026-05-09T18:59:30.369+0000] {dag.py:3954} INFO - Setting next_dagrun for example_skip_dag to 2026-05-08 00:00:00+00:00, run_after=2026-05-09 00:00:00+00:00
[2026-05-09T18:59:30.396+0000] {processor.py:183} INFO - Processing /home/airflow/.local/lib/python3.12/site-packages/airflow/example_dags/example_skip_dag.py took 0.086 seconds
[2026-05-09T19:00:01.180+0000] {processor.py:161} INFO - Started process (PID=986) to work on /home/airflow/.local/lib/python3.12/site-packages/airflow/example_dags/example_skip_dag.py
[2026-05-09T19:00:01.181+0000] {processor.py:830} INFO - Processing file /home/airflow/.local/lib/python3.12/site-packages/airflow/example_dags/example_skip_dag.py for tasks to queue
[2026-05-09T19:00:01.183+0000] {logging_mixin.py:188} INFO - [2026-05-09T19:00:01.182+0000] {dagbag.py:545} INFO - Filling up the DagBag from /home/airflow/.local/lib/python3.12/site-packages/airflow/example_dags/example_skip_dag.py
[2026-05-09T19:00:01.189+0000] {processor.py:840} INFO - DAG(s) 'example_skip_dag' retrieved from /home/airflow/.local/lib/python3.12/site-packages/airflow/example_dags/example_skip_dag.py
[2026-05-09T19:00:01.215+0000] {logging_mixin.py:188} INFO - [2026-05-09T19:00:01.214+0000] {dag.py:3096} INFO - Sync 1 DAGs
[2026-05-09T19:00:01.240+0000] {logging_mixin.py:188} INFO - [2026-05-09T19:00:01.239+0000] {dag.py:3954} INFO - Setting next_dagrun for example_skip_dag to 2026-05-08 00:00:00+00:00, run_after=2026-05-09 00:00:00+00:00
[2026-05-09T19:00:01.268+0000] {processor.py:183} INFO - Processing /home/airflow/.local/lib/python3.12/site-packages/airflow/example_dags/example_skip_dag.py took 0.094 seconds
[2026-05-09T19:00:31.717+0000] {processor.py:161} INFO - Started process (PID=1045) to work on /home/airflow/.local/lib/python3.12/site-packages/airflow/example_dags/example_skip_dag.py
[2026-05-09T19:00:31.719+0000] {processor.py:830} INFO - Processing file /home/airflow/.local/lib/python3.12/site-packages/airflow/example_dags/example_skip_dag.py for tasks to queue
[2026-05-09T19:00:31.720+0000] {logging_mixin.py:188} INFO - [2026-05-09T19:00:31.720+0000] {dagbag.py:545} INFO - Filling up the DagBag from /home/airflow/.local/lib/python3.12/site-packages/airflow/example_dags/example_skip_dag.py
[2026-05-09T19:00:31.726+0000] {processor.py:840} INFO - DAG(s) 'example_skip_dag' retrieved from /home/airflow/.local/lib/python3.12/site-packages/airflow/example_dags/example_skip_dag.py
[2026-05-09T19:00:31.746+0000] {logging_mixin.py:188} INFO - [2026-05-09T19:00:31.746+0000] {dag.py:3096} INFO - Sync 1 DAGs
[2026-05-09T19:00:31.770+0000] {logging_mixin.py:188} INFO - [2026-05-09T19:00:31.769+0000] {dag.py:3954} INFO - Setting next_dagrun for example_skip_dag to 2026-05-08 00:00:00+00:00, run_after=2026-05-09 00:00:00+00:00
[2026-05-09T19:00:31.796+0000] {processor.py:183} INFO - Processing /home/airflow/.local/lib/python3.12/site-packages/airflow/example_dags/example_skip_dag.py took 0.084 seconds
[2026-05-09T19:01:02.610+0000] {processor.py:161} INFO - Started process (PID=1104) to work on /home/airflow/.local/lib/python3.12/site-packages/airflow/example_dags/example_skip_dag.py
[2026-05-09T19:01:02.611+0000] {processor.py:830} INFO - Processing file /home/airflow/.local/lib/python3.12/site-packages/airflow/example_dags/example_skip_dag.py for tasks to queue
[2026-05-09T19:01:02.614+0000] {logging_mixin.py:188} INFO - [2026-05-09T19:01:02.613+0000] {dagbag.py:545} INFO - Filling up the DagBag from /home/airflow/.local/lib/python3.12/site-packages/airflow/example_dags/example_skip_dag.py
[2026-05-09T19:01:02.619+0000] {processor.py:840} INFO - DAG(s) 'example_skip_dag' retrieved from /home/airflow/.local/lib/python3.12/site-packages/airflow/example_dags/example_skip_dag.py
[2026-05-09T19:01:02.641+0000] {logging_mixin.py:188} INFO - [2026-05-09T19:01:02.641+0000] {dag.py:3096} INFO - Sync 1 DAGs
[2026-05-09T19:01:02.664+0000] {logging_mixin.py:188} INFO - [2026-05-09T19:01:02.664+0000] {dag.py:3954} INFO - Setting next_dagrun for example_skip_dag to 2026-05-08 00:00:00+00:00, run_after=2026-05-09 00:00:00+00:00
[2026-05-09T19:01:02.688+0000] {processor.py:183} INFO - Processing /home/airflow/.local/lib/python3.12/site-packages/airflow/example_dags/example_skip_dag.py took 0.083 seconds
[2026-05-09T19:01:33.411+0000] {processor.py:161} INFO - Started process (PID=1163) to work on /home/airflow/.local/lib/python3.12/site-packages/airflow/example_dags/example_skip_dag.py
[2026-05-09T19:01:33.413+0000] {processor.py:830} INFO - Processing file /home/airflow/.local/lib/python3.12/site-packages/airflow/example_dags/example_skip_dag.py for tasks to queue
[2026-05-09T19:01:33.415+0000] {logging_mixin.py:188} INFO - [2026-05-09T19:01:33.415+0000] {dagbag.py:545} INFO - Filling up the DagBag from /home/airflow/.local/lib/python3.12/site-packages/airflow/example_dags/example_skip_dag.py
[2026-05-09T19:01:33.420+0000] {processor.py:840} INFO - DAG(s) 'example_skip_dag' retrieved from /home/airflow/.local/lib/python3.12/site-packages/airflow/example_dags/example_skip_dag.py
[2026-05-09T19:01:33.442+0000] {logging_mixin.py:188} INFO - [2026-05-09T19:01:33.442+0000] {dag.py:3096} INFO - Sync 1 DAGs
[2026-05-09T19:01:33.464+0000] {logging_mixin.py:188} INFO - [2026-05-09T19:01:33.464+0000] {dag.py:3954} INFO - Setting next_dagrun for example_skip_dag to 2026-05-08 00:00:00+00:00, run_after=2026-05-09 00:00:00+00:00
[2026-05-09T19:01:33.487+0000] {processor.py:183} INFO - Processing /home/airflow/.local/lib/python3.12/site-packages/airflow/example_dags/example_skip_dag.py took 0.081 seconds
[2026-05-09T19:02:04.070+0000] {processor.py:161} INFO - Started process (PID=1222) to work on /home/airflow/.local/lib/python3.12/site-packages/airflow/example_dags/example_skip_dag.py
[2026-05-09T19:02:04.071+0000] {processor.py:830} INFO - Processing file /home/airflow/.local/lib/python3.12/site-packages/airflow/example_dags/example_skip_dag.py for tasks to queue
[2026-05-09T19:02:04.074+0000] {logging_mixin.py:188} INFO - [2026-05-09T19:02:04.073+0000] {dagbag.py:545} INFO - Filling up the DagBag from /home/airflow/.local/lib/python3.12/site-packages/airflow/example_dags/example_skip_dag.py
[2026-05-09T19:02:04.080+0000] {processor.py:840} INFO - DAG(s) 'example_skip_dag' retrieved from /home/airflow/.local/lib/python3.12/site-packages/airflow/example_dags/example_skip_dag.py
[2026-05-09T19:02:04.104+0000] {logging_mixin.py:188} INFO - [2026-05-09T19:02:04.104+0000] {dag.py:3096} INFO - Sync 1 DAGs
[2026-05-09T19:02:04.129+0000] {logging_mixin.py:188} INFO - [2026-05-09T19:02:04.129+0000] {dag.py:3954} INFO - Setting next_dagrun for example_skip_dag to 2026-05-08 00:00:00+00:00, run_after=2026-05-09 00:00:00+00:00
[2026-05-09T19:02:04.157+0000] {processor.py:183} INFO - Processing /home/airflow/.local/lib/python3.12/site-packages/airflow/example_dags/example_skip_dag.py took 0.092 seconds
[2026-05-09T19:02:34.751+0000] {processor.py:161} INFO - Started process (PID=1281) to work on /home/airflow/.local/lib/python3.12/site-packages/airflow/example_dags/example_skip_dag.py
[2026-05-09T19:02:34.752+0000] {processor.py:830} INFO - Processing file /home/airflow/.local/lib/python3.12/site-packages/airflow/example_dags/example_skip_dag.py for tasks to queue
[2026-05-09T19:02:34.755+0000] {logging_mixin.py:188} INFO - [2026-05-09T19:02:34.754+0000] {dagbag.py:545} INFO - Filling up the DagBag from /home/airflow/.local/lib/python3.12/site-packages/airflow/example_dags/example_skip_dag.py
[2026-05-09T19:02:34.761+0000] {processor.py:840} INFO - DAG(s) 'example_skip_dag' retrieved from /home/airflow/.local/lib/python3.12/site-packages/airflow/example_dags/example_skip_dag.py
[2026-05-09T19:02:34.786+0000] {logging_mixin.py:188} INFO - [2026-05-09T19:02:34.786+0000] {dag.py:3096} INFO - Sync 1 DAGs
[2026-05-09T19:02:34.812+0000] {logging_mixin.py:188} INFO - [2026-05-09T19:02:34.812+0000] {dag.py:3954} INFO - Setting next_dagrun for example_skip_dag to 2026-05-08 00:00:00+00:00, run_after=2026-05-09 00:00:00+00:00
[2026-05-09T19:02:34.839+0000] {processor.py:183} INFO - Processing /home/airflow/.local/lib/python3.12/site-packages/airflow/example_dags/example_skip_dag.py took 0.094 seconds
[2026-05-09T19:03:05.550+0000] {processor.py:161} INFO - Started process (PID=1340) to work on /home/airflow/.local/lib/python3.12/site-packages/airflow/example_dags/example_skip_dag.py
[2026-05-09T19:03:05.551+0000] {processor.py:830} INFO - Processing file /home/airflow/.local/lib/python3.12/site-packages/airflow/example_dags/example_skip_dag.py for tasks to queue
[2026-05-09T19:03:05.554+0000] {logging_mixin.py:188} INFO - [2026-05-09T19:03:05.553+0000] {dagbag.py:545} INFO - Filling up the DagBag from /home/airflow/.local/lib/python3.12/site-packages/airflow/example_dags/example_skip_dag.py
[2026-05-09T19:03:05.560+0000] {processor.py:840} INFO - DAG(s) 'example_skip_dag' retrieved from /home/airflow/.local/lib/python3.12/site-packages/airflow/example_dags/example_skip_dag.py
[2026-05-09T19:03:05.584+0000] {logging_mixin.py:188} INFO - [2026-05-09T19:03:05.584+0000] {dag.py:3096} INFO - Sync 1 DAGs
[2026-05-09T19:03:05.751+0000] {logging_mixin.py:188} INFO - [2026-05-09T19:03:05.751+0000] {dag.py:3954} INFO - Setting next_dagrun for example_skip_dag to 2026-05-08 00:00:00+00:00, run_after=2026-05-09 00:00:00+00:00
[2026-05-09T19:03:05.776+0000] {processor.py:183} INFO - Processing /home/airflow/.local/lib/python3.12/site-packages/airflow/example_dags/example_skip_dag.py took 0.232 seconds
[2026-05-09T19:03:36.479+0000] {processor.py:161} INFO - Started process (PID=1399) to work on /home/airflow/.local/lib/python3.12/site-packages/airflow/example_dags/example_skip_dag.py
[2026-05-09T19:03:36.480+0000] {processor.py:830} INFO - Processing file /home/airflow/.local/lib/python3.12/site-packages/airflow/example_dags/example_skip_dag.py for tasks to queue
[2026-05-09T19:03:36.483+0000] {logging_mixin.py:188} INFO - [2026-05-09T19:03:36.482+0000] {dagbag.py:545} INFO - Filling up the DagBag from /home/airflow/.local/lib/python3.12/site-packages/airflow/example_dags/example_skip_dag.py
[2026-05-09T19:03:36.489+0000] {processor.py:840} INFO - DAG(s) 'example_skip_dag' retrieved from /home/airflow/.local/lib/python3.12/site-packages/airflow/example_dags/example_skip_dag.py
[2026-05-09T19:03:36.518+0000] {logging_mixin.py:188} INFO - [2026-05-09T19:03:36.517+0000] {dag.py:3096} INFO - Sync 1 DAGs
[2026-05-09T19:03:36.724+0000] {logging_mixin.py:188} INFO - [2026-05-09T19:03:36.724+0000] {dag.py:3954} INFO - Setting next_dagrun for example_skip_dag to 2026-05-08 00:00:00+00:00, run_after=2026-05-09 00:00:00+00:00
[2026-05-09T19:03:36.754+0000] {processor.py:183} INFO - Processing /home/airflow/.local/lib/python3.12/site-packages/airflow/example_dags/example_skip_dag.py took 0.280 seconds
[2026-05-09T19:04:07.082+0000] {processor.py:161} INFO - Started process (PID=1458) to work on /home/airflow/.local/lib/python3.12/site-packages/airflow/example_dags/example_skip_dag.py
[2026-05-09T19:04:07.083+0000] {processor.py:830} INFO - Processing file /home/airflow/.local/lib/python3.12/site-packages/airflow/example_dags/example_skip_dag.py for tasks to queue
[2026-05-09T19:04:07.085+0000] {logging_mixin.py:188} INFO - [2026-05-09T19:04:07.084+0000] {dagbag.py:545} INFO - Filling up the DagBag from /home/airflow/.local/lib/python3.12/site-packages/airflow/example_dags/example_skip_dag.py
[2026-05-09T19:04:07.091+0000] {processor.py:840} INFO - DAG(s) 'example_skip_dag' retrieved from /home/airflow/.local/lib/python3.12/site-packages/airflow/example_dags/example_skip_dag.py
[2026-05-09T19:04:07.115+0000] {logging_mixin.py:188} INFO - [2026-05-09T19:04:07.114+0000] {dag.py:3096} INFO - Sync 1 DAGs
[2026-05-09T19:04:07.138+0000] {logging_mixin.py:188} INFO - [2026-05-09T19:04:07.138+0000] {dag.py:3954} INFO - Setting next_dagrun for example_skip_dag to 2026-05-08 00:00:00+00:00, run_after=2026-05-09 00:00:00+00:00
[2026-05-09T19:04:07.164+0000] {processor.py:183} INFO - Processing /home/airflow/.local/lib/python3.12/site-packages/airflow/example_dags/example_skip_dag.py took 0.088 seconds
[2026-05-09T19:04:37.654+0000] {processor.py:161} INFO - Started process (PID=1517) to work on /home/airflow/.local/lib/python3.12/site-packages/airflow/example_dags/example_skip_dag.py
[2026-05-09T19:04:37.655+0000] {processor.py:830} INFO - Processing file /home/airflow/.local/lib/python3.12/site-packages/airflow/example_dags/example_skip_dag.py for tasks to queue
[2026-05-09T19:04:37.657+0000] {logging_mixin.py:188} INFO - [2026-05-09T19:04:37.657+0000] {dagbag.py:545} INFO - Filling up the DagBag from /home/airflow/.local/lib/python3.12/site-packages/airflow/example_dags/example_skip_dag.py
[2026-05-09T19:04:37.663+0000] {processor.py:840} INFO - DAG(s) 'example_skip_dag' retrieved from /home/airflow/.local/lib/python3.12/site-packages/airflow/example_dags/example_skip_dag.py
[2026-05-09T19:04:37.685+0000] {logging_mixin.py:188} INFO - [2026-05-09T19:04:37.685+0000] {dag.py:3096} INFO - Sync 1 DAGs
[2026-05-09T19:04:37.707+0000] {logging_mixin.py:188} INFO - [2026-05-09T19:04:37.707+0000] {dag.py:3954} INFO - Setting next_dagrun for example_skip_dag to 2026-05-08 00:00:00+00:00, run_after=2026-05-09 00:00:00+00:00
[2026-05-09T19:04:37.731+0000] {processor.py:183} INFO - Processing /home/airflow/.local/lib/python3.12/site-packages/airflow/example_dags/example_skip_dag.py took 0.082 seconds
[2026-05-09T19:05:07.775+0000] {processor.py:161} INFO - Started process (PID=1576) to work on /home/airflow/.local/lib/python3.12/site-packages/airflow/example_dags/example_skip_dag.py
[2026-05-09T19:05:07.777+0000] {processor.py:830} INFO - Processing file /home/airflow/.local/lib/python3.12/site-packages/airflow/example_dags/example_skip_dag.py for tasks to queue
[2026-05-09T19:05:07.779+0000] {logging_mixin.py:188} INFO - [2026-05-09T19:05:07.779+0000] {dagbag.py:545} INFO - Filling up the DagBag from /home/airflow/.local/lib/python3.12/site-packages/airflow/example_dags/example_skip_dag.py
[2026-05-09T19:05:07.785+0000] {processor.py:840} INFO - DAG(s) 'example_skip_dag' retrieved from /home/airflow/.local/lib/python3.12/site-packages/airflow/example_dags/example_skip_dag.py
[2026-05-09T19:05:07.808+0000] {logging_mixin.py:188} INFO - [2026-05-09T19:05:07.808+0000] {dag.py:3096} INFO - Sync 1 DAGs
[2026-05-09T19:05:07.831+0000] {logging_mixin.py:188} INFO - [2026-05-09T19:05:07.831+0000] {dag.py:3954} INFO - Setting next_dagrun for example_skip_dag to 2026-05-08 00:00:00+00:00, run_after=2026-05-09 00:00:00+00:00
[2026-05-09T19:05:07.855+0000] {processor.py:183} INFO - Processing /home/airflow/.local/lib/python3.12/site-packages/airflow/example_dags/example_skip_dag.py took 0.087 seconds
[2026-05-09T19:05:38.101+0000] {processor.py:161} INFO - Started process (PID=1635) to work on /home/airflow/.local/lib/python3.12/site-packages/airflow/example_dags/example_skip_dag.py
[2026-05-09T19:05:38.103+0000] {processor.py:830} INFO - Processing file /home/airflow/.local/lib/python3.12/site-packages/airflow/example_dags/example_skip_dag.py for tasks to queue
[2026-05-09T19:05:38.105+0000] {logging_mixin.py:188} INFO - [2026-05-09T19:05:38.105+0000] {dagbag.py:545} INFO - Filling up the DagBag from /home/airflow/.local/lib/python3.12/site-packages/airflow/example_dags/example_skip_dag.py
[2026-05-09T19:05:38.112+0000] {processor.py:840} INFO - DAG(s) 'example_skip_dag' retrieved from /home/airflow/.local/lib/python3.12/site-packages/airflow/example_dags/example_skip_dag.py
[2026-05-09T19:05:38.141+0000] {logging_mixin.py:188} INFO - [2026-05-09T19:05:38.141+0000] {dag.py:3096} INFO - Sync 1 DAGs
[2026-05-09T19:05:38.169+0000] {logging_mixin.py:188} INFO - [2026-05-09T19:05:38.169+0000] {dag.py:3954} INFO - Setting next_dagrun for example_skip_dag to 2026-05-08 00:00:00+00:00, run_after=2026-05-09 00:00:00+00:00
[2026-05-09T19:05:38.194+0000] {processor.py:183} INFO - Processing /home/airflow/.local/lib/python3.12/site-packages/airflow/example_dags/example_skip_dag.py took 0.100 seconds
[2026-05-09T19:06:08.313+0000] {processor.py:161} INFO - Started process (PID=1694) to work on /home/airflow/.local/lib/python3.12/site-packages/airflow/example_dags/example_skip_dag.py
[2026-05-09T19:06:08.314+0000] {processor.py:830} INFO - Processing file /home/airflow/.local/lib/python3.12/site-packages/airflow/example_dags/example_skip_dag.py for tasks to queue
[2026-05-09T19:06:08.316+0000] {logging_mixin.py:188} INFO - [2026-05-09T19:06:08.316+0000] {dagbag.py:545} INFO - Filling up the DagBag from /home/airflow/.local/lib/python3.12/site-packages/airflow/example_dags/example_skip_dag.py
[2026-05-09T19:06:08.322+0000] {processor.py:840} INFO - DAG(s) 'example_skip_dag' retrieved from /home/airflow/.local/lib/python3.12/site-packages/airflow/example_dags/example_skip_dag.py
[2026-05-09T19:06:08.345+0000] {logging_mixin.py:188} INFO - [2026-05-09T19:06:08.345+0000] {dag.py:3096} INFO - Sync 1 DAGs
[2026-05-09T19:06:08.374+0000] {logging_mixin.py:188} INFO - [2026-05-09T19:06:08.374+0000] {dag.py:3954} INFO - Setting next_dagrun for example_skip_dag to 2026-05-08 00:00:00+00:00, run_after=2026-05-09 00:00:00+00:00
[2026-05-09T19:06:08.402+0000] {processor.py:183} INFO - Processing /home/airflow/.local/lib/python3.12/site-packages/airflow/example_dags/example_skip_dag.py took 0.096 seconds
[2026-05-09T19:06:38.737+0000] {processor.py:161} INFO - Started process (PID=1753) to work on /home/airflow/.local/lib/python3.12/site-packages/airflow/example_dags/example_skip_dag.py
[2026-05-09T19:06:38.738+0000] {processor.py:830} INFO - Processing file /home/airflow/.local/lib/python3.12/site-packages/airflow/example_dags/example_skip_dag.py for tasks to queue
[2026-05-09T19:06:38.741+0000] {logging_mixin.py:188} INFO - [2026-05-09T19:06:38.741+0000] {dagbag.py:545} INFO - Filling up the DagBag from /home/airflow/.local/lib/python3.12/site-packages/airflow/example_dags/example_skip_dag.py
[2026-05-09T19:06:38.747+0000] {processor.py:840} INFO - DAG(s) 'example_skip_dag' retrieved from /home/airflow/.local/lib/python3.12/site-packages/airflow/example_dags/example_skip_dag.py
[2026-05-09T19:06:38.769+0000] {logging_mixin.py:188} INFO - [2026-05-09T19:06:38.769+0000] {dag.py:3096} INFO - Sync 1 DAGs
[2026-05-09T19:06:38.802+0000] {logging_mixin.py:188} INFO - [2026-05-09T19:06:38.801+0000] {dag.py:3954} INFO - Setting next_dagrun for example_skip_dag to 2026-05-08 00:00:00+00:00, run_after=2026-05-09 00:00:00+00:00
[2026-05-09T19:06:38.829+0000] {processor.py:183} INFO - Processing /home/airflow/.local/lib/python3.12/site-packages/airflow/example_dags/example_skip_dag.py took 0.097 seconds
[2026-05-09T19:07:08.891+0000] {processor.py:161} INFO - Started process (PID=1812) to work on /home/airflow/.local/lib/python3.12/site-packages/airflow/example_dags/example_skip_dag.py
[2026-05-09T19:07:08.892+0000] {processor.py:830} INFO - Processing file /home/airflow/.local/lib/python3.12/site-packages/airflow/example_dags/example_skip_dag.py for tasks to queue
[2026-05-09T19:07:08.895+0000] {logging_mixin.py:188} INFO - [2026-05-09T19:07:08.895+0000] {dagbag.py:545} INFO - Filling up the DagBag from /home/airflow/.local/lib/python3.12/site-packages/airflow/example_dags/example_skip_dag.py
[2026-05-09T19:07:08.901+0000] {processor.py:840} INFO - DAG(s) 'example_skip_dag' retrieved from /home/airflow/.local/lib/python3.12/site-packages/airflow/example_dags/example_skip_dag.py
[2026-05-09T19:07:08.927+0000] {logging_mixin.py:188} INFO - [2026-05-09T19:07:08.927+0000] {dag.py:3096} INFO - Sync 1 DAGs
[2026-05-09T19:07:08.954+0000] {logging_mixin.py:188} INFO - [2026-05-09T19:07:08.953+0000] {dag.py:3954} INFO - Setting next_dagrun for example_skip_dag to 2026-05-08 00:00:00+00:00, run_after=2026-05-09 00:00:00+00:00
[2026-05-09T19:07:08.983+0000] {processor.py:183} INFO - Processing /home/airflow/.local/lib/python3.12/site-packages/airflow/example_dags/example_skip_dag.py took 0.098 seconds
[2026-05-09T19:07:39.190+0000] {processor.py:161} INFO - Started process (PID=1871) to work on /home/airflow/.local/lib/python3.12/site-packages/airflow/example_dags/example_skip_dag.py
[2026-05-09T19:07:39.191+0000] {processor.py:830} INFO - Processing file /home/airflow/.local/lib/python3.12/site-packages/airflow/example_dags/example_skip_dag.py for tasks to queue
[2026-05-09T19:07:39.194+0000] {logging_mixin.py:188} INFO - [2026-05-09T19:07:39.194+0000] {dagbag.py:545} INFO - Filling up the DagBag from /home/airflow/.local/lib/python3.12/site-packages/airflow/example_dags/example_skip_dag.py
[2026-05-09T19:07:39.200+0000] {processor.py:840} INFO - DAG(s) 'example_skip_dag' retrieved from /home/airflow/.local/lib/python3.12/site-packages/airflow/example_dags/example_skip_dag.py
[2026-05-09T19:07:39.223+0000] {logging_mixin.py:188} INFO - [2026-05-09T19:07:39.222+0000] {dag.py:3096} INFO - Sync 1 DAGs
[2026-05-09T19:07:39.245+0000] {logging_mixin.py:188} INFO - [2026-05-09T19:07:39.245+0000] {dag.py:3954} INFO - Setting next_dagrun for example_skip_dag to 2026-05-08 00:00:00+00:00, run_after=2026-05-09 00:00:00+00:00
[2026-05-09T19:07:39.268+0000] {processor.py:183} INFO - Processing /home/airflow/.local/lib/python3.12/site-packages/airflow/example_dags/example_skip_dag.py took 0.083 seconds
[2026-05-09T19:08:10.177+0000] {processor.py:161} INFO - Started process (PID=1930) to work on /home/airflow/.local/lib/python3.12/site-packages/airflow/example_dags/example_skip_dag.py
[2026-05-09T19:08:10.178+0000] {processor.py:830} INFO - Processing file /home/airflow/.local/lib/python3.12/site-packages/airflow/example_dags/example_skip_dag.py for tasks to queue
[2026-05-09T19:08:10.180+0000] {logging_mixin.py:188} INFO - [2026-05-09T19:08:10.180+0000] {dagbag.py:545} INFO - Filling up the DagBag from /home/airflow/.local/lib/python3.12/site-packages/airflow/example_dags/example_skip_dag.py
[2026-05-09T19:08:10.186+0000] {processor.py:840} INFO - DAG(s) 'example_skip_dag' retrieved from /home/airflow/.local/lib/python3.12/site-packages/airflow/example_dags/example_skip_dag.py
[2026-05-09T19:08:10.208+0000] {logging_mixin.py:188} INFO - [2026-05-09T19:08:10.207+0000] {dag.py:3096} INFO - Sync 1 DAGs
[2026-05-09T19:08:10.229+0000] {logging_mixin.py:188} INFO - [2026-05-09T19:08:10.229+0000] {dag.py:3954} INFO - Setting next_dagrun for example_skip_dag to 2026-05-08 00:00:00+00:00, run_after=2026-05-09 00:00:00+00:00
[2026-05-09T19:08:10.251+0000] {processor.py:183} INFO - Processing /home/airflow/.local/lib/python3.12/site-packages/airflow/example_dags/example_skip_dag.py took 0.079 seconds
[2026-05-09T19:08:41.101+0000] {processor.py:161} INFO - Started process (PID=1989) to work on /home/airflow/.local/lib/python3.12/site-packages/airflow/example_dags/example_skip_dag.py
[2026-05-09T19:08:41.103+0000] {processor.py:830} INFO - Processing file /home/airflow/.local/lib/python3.12/site-packages/airflow/example_dags/example_skip_dag.py for tasks to queue
[2026-05-09T19:08:41.107+0000] {logging_mixin.py:188} INFO - [2026-05-09T19:08:41.106+0000] {dagbag.py:545} INFO - Filling up the DagBag from /home/airflow/.local/lib/python3.12/site-packages/airflow/example_dags/example_skip_dag.py
[2026-05-09T19:08:41.115+0000] {processor.py:840} INFO - DAG(s) 'example_skip_dag' retrieved from /home/airflow/.local/lib/python3.12/site-packages/airflow/example_dags/example_skip_dag.py
[2026-05-09T19:08:41.143+0000] {logging_mixin.py:188} INFO - [2026-05-09T19:08:41.142+0000] {dag.py:3096} INFO - Sync 1 DAGs
[2026-05-09T19:08:41.171+0000] {logging_mixin.py:188} INFO - [2026-05-09T19:08:41.170+0000] {dag.py:3954} INFO - Setting next_dagrun for example_skip_dag to 2026-05-08 00:00:00+00:00, run_after=2026-05-09 00:00:00+00:00
[2026-05-09T19:08:41.200+0000] {processor.py:183} INFO - Processing /home/airflow/.local/lib/python3.12/site-packages/airflow/example_dags/example_skip_dag.py took 0.106 seconds
[2026-05-09T19:09:11.568+0000] {processor.py:161} INFO - Started process (PID=2048) to work on /home/airflow/.local/lib/python3.12/site-packages/airflow/example_dags/example_skip_dag.py
[2026-05-09T19:09:11.570+0000] {processor.py:830} INFO - Processing file /home/airflow/.local/lib/python3.12/site-packages/airflow/example_dags/example_skip_dag.py for tasks to queue
[2026-05-09T19:09:11.574+0000] {logging_mixin.py:188} INFO - [2026-05-09T19:09:11.574+0000] {dagbag.py:545} INFO - Filling up the DagBag from /home/airflow/.local/lib/python3.12/site-packages/airflow/example_dags/example_skip_dag.py
[2026-05-09T19:09:11.583+0000] {processor.py:840} INFO - DAG(s) 'example_skip_dag' retrieved from /home/airflow/.local/lib/python3.12/site-packages/airflow/example_dags/example_skip_dag.py
[2026-05-09T19:09:11.620+0000] {logging_mixin.py:188} INFO - [2026-05-09T19:09:11.620+0000] {dag.py:3096} INFO - Sync 1 DAGs
[2026-05-09T19:09:11.674+0000] {logging_mixin.py:188} INFO - [2026-05-09T19:09:11.674+0000] {dag.py:3954} INFO - Setting next_dagrun for example_skip_dag to 2026-05-08 00:00:00+00:00, run_after=2026-05-09 00:00:00+00:00
[2026-05-09T19:09:11.715+0000] {processor.py:183} INFO - Processing /home/airflow/.local/lib/python3.12/site-packages/airflow/example_dags/example_skip_dag.py took 0.157 seconds
[2026-05-09T19:09:42.705+0000] {processor.py:161} INFO - Started process (PID=2107) to work on /home/airflow/.local/lib/python3.12/site-packages/airflow/example_dags/example_skip_dag.py
[2026-05-09T19:09:42.706+0000] {processor.py:830} INFO - Processing file /home/airflow/.local/lib/python3.12/site-packages/airflow/example_dags/example_skip_dag.py for tasks to queue
[2026-05-09T19:09:42.709+0000] {logging_mixin.py:188} INFO - [2026-05-09T19:09:42.709+0000] {dagbag.py:545} INFO - Filling up the DagBag from /home/airflow/.local/lib/python3.12/site-packages/airflow/example_dags/example_skip_dag.py
[2026-05-09T19:09:42.715+0000] {processor.py:840} INFO - DAG(s) 'example_skip_dag' retrieved from /home/airflow/.local/lib/python3.12/site-packages/airflow/example_dags/example_skip_dag.py
[2026-05-09T19:09:42.737+0000] {logging_mixin.py:188} INFO - [2026-05-09T19:09:42.737+0000] {dag.py:3096} INFO - Sync 1 DAGs
[2026-05-09T19:09:42.759+0000] {logging_mixin.py:188} INFO - [2026-05-09T19:09:42.759+0000] {dag.py:3954} INFO - Setting next_dagrun for example_skip_dag to 2026-05-08 00:00:00+00:00, run_after=2026-05-09 00:00:00+00:00
[2026-05-09T19:09:42.783+0000] {processor.py:183} INFO - Processing /home/airflow/.local/lib/python3.12/site-packages/airflow/example_dags/example_skip_dag.py took 0.083 seconds
[2026-05-09T19:10:13.423+0000] {processor.py:161} INFO - Started process (PID=2166) to work on /home/airflow/.local/lib/python3.12/site-packages/airflow/example_dags/example_skip_dag.py
[2026-05-09T19:10:13.424+0000] {processor.py:830} INFO - Processing file /home/airflow/.local/lib/python3.12/site-packages/airflow/example_dags/example_skip_dag.py for tasks to queue
[2026-05-09T19:10:13.427+0000] {logging_mixin.py:188} INFO - [2026-05-09T19:10:13.427+0000] {dagbag.py:545} INFO - Filling up the DagBag from /home/airflow/.local/lib/python3.12/site-packages/airflow/example_dags/example_skip_dag.py
[2026-05-09T19:10:13.434+0000] {processor.py:840} INFO - DAG(s) 'example_skip_dag' retrieved from /home/airflow/.local/lib/python3.12/site-packages/airflow/example_dags/example_skip_dag.py
[2026-05-09T19:10:13.462+0000] {logging_mixin.py:188} INFO - [2026-05-09T19:10:13.461+0000] {dag.py:3096} INFO - Sync 1 DAGs
[2026-05-09T19:10:13.486+0000] {logging_mixin.py:188} INFO - [2026-05-09T19:10:13.486+0000] {dag.py:3954} INFO - Setting next_dagrun for example_skip_dag to 2026-05-08 00:00:00+00:00, run_after=2026-05-09 00:00:00+00:00
[2026-05-09T19:10:13.517+0000] {processor.py:183} INFO - Processing /home/airflow/.local/lib/python3.12/site-packages/airflow/example_dags/example_skip_dag.py took 0.103 seconds
[2026-05-09T19:10:43.821+0000] {processor.py:161} INFO - Started process (PID=2225) to work on /home/airflow/.local/lib/python3.12/site-packages/airflow/example_dags/example_skip_dag.py
[2026-05-09T19:10:43.822+0000] {processor.py:830} INFO - Processing file /home/airflow/.local/lib/python3.12/site-packages/airflow/example_dags/example_skip_dag.py for tasks to queue
[2026-05-09T19:10:43.824+0000] {logging_mixin.py:188} INFO - [2026-05-09T19:10:43.824+0000] {dagbag.py:545} INFO - Filling up the DagBag from /home/airflow/.local/lib/python3.12/site-packages/airflow/example_dags/example_skip_dag.py
[2026-05-09T19:10:43.831+0000] {processor.py:840} INFO - DAG(s) 'example_skip_dag' retrieved from /home/airflow/.local/lib/python3.12/site-packages/airflow/example_dags/example_skip_dag.py
[2026-05-09T19:10:43.853+0000] {logging_mixin.py:188} INFO - [2026-05-09T19:10:43.853+0000] {dag.py:3096} INFO - Sync 1 DAGs
[2026-05-09T19:10:43.876+0000] {logging_mixin.py:188} INFO - [2026-05-09T19:10:43.876+0000] {dag.py:3954} INFO - Setting next_dagrun for example_skip_dag to 2026-05-08 00:00:00+00:00, run_after=2026-05-09 00:00:00+00:00
[2026-05-09T19:10:43.903+0000] {processor.py:183} INFO - Processing /home/airflow/.local/lib/python3.12/site-packages/airflow/example_dags/example_skip_dag.py took 0.087 seconds
[2026-05-09T19:11:14.748+0000] {processor.py:161} INFO - Started process (PID=2284) to work on /home/airflow/.local/lib/python3.12/site-packages/airflow/example_dags/example_skip_dag.py
[2026-05-09T19:11:14.749+0000] {processor.py:830} INFO - Processing file /home/airflow/.local/lib/python3.12/site-packages/airflow/example_dags/example_skip_dag.py for tasks to queue
[2026-05-09T19:11:14.752+0000] {logging_mixin.py:188} INFO - [2026-05-09T19:11:14.751+0000] {dagbag.py:545} INFO - Filling up the DagBag from /home/airflow/.local/lib/python3.12/site-packages/airflow/example_dags/example_skip_dag.py
[2026-05-09T19:11:14.758+0000] {processor.py:840} INFO - DAG(s) 'example_skip_dag' retrieved from /home/airflow/.local/lib/python3.12/site-packages/airflow/example_dags/example_skip_dag.py
[2026-05-09T19:11:14.781+0000] {logging_mixin.py:188} INFO - [2026-05-09T19:11:14.781+0000] {dag.py:3096} INFO - Sync 1 DAGs
[2026-05-09T19:11:14.804+0000] {logging_mixin.py:188} INFO - [2026-05-09T19:11:14.804+0000] {dag.py:3954} INFO - Setting next_dagrun for example_skip_dag to 2026-05-08 00:00:00+00:00, run_after=2026-05-09 00:00:00+00:00
[2026-05-09T19:11:14.833+0000] {processor.py:183} INFO - Processing /home/airflow/.local/lib/python3.12/site-packages/airflow/example_dags/example_skip_dag.py took 0.090 seconds
[2026-05-09T19:11:45.216+0000] {processor.py:161} INFO - Started process (PID=2343) to work on /home/airflow/.local/lib/python3.12/site-packages/airflow/example_dags/example_skip_dag.py
[2026-05-09T19:11:45.217+0000] {processor.py:830} INFO - Processing file /home/airflow/.local/lib/python3.12/site-packages/airflow/example_dags/example_skip_dag.py for tasks to queue
[2026-05-09T19:11:45.220+0000] {logging_mixin.py:188} INFO - [2026-05-09T19:11:45.220+0000] {dagbag.py:545} INFO - Filling up the DagBag from /home/airflow/.local/lib/python3.12/site-packages/airflow/example_dags/example_skip_dag.py
[2026-05-09T19:11:45.228+0000] {processor.py:840} INFO - DAG(s) 'example_skip_dag' retrieved from /home/airflow/.local/lib/python3.12/site-packages/airflow/example_dags/example_skip_dag.py
[2026-05-09T19:11:45.250+0000] {logging_mixin.py:188} INFO - [2026-05-09T19:11:45.250+0000] {dag.py:3096} INFO - Sync 1 DAGs
[2026-05-09T19:11:45.273+0000] {logging_mixin.py:188} INFO - [2026-05-09T19:11:45.273+0000] {dag.py:3954} INFO - Setting next_dagrun for example_skip_dag to 2026-05-08 00:00:00+00:00, run_after=2026-05-09 00:00:00+00:00
[2026-05-09T19:11:45.323+0000] {processor.py:183} INFO - Processing /home/airflow/.local/lib/python3.12/site-packages/airflow/example_dags/example_skip_dag.py took 0.114 seconds
[2026-05-09T19:12:16.014+0000] {processor.py:161} INFO - Started process (PID=2402) to work on /home/airflow/.local/lib/python3.12/site-packages/airflow/example_dags/example_skip_dag.py
[2026-05-09T19:12:16.015+0000] {processor.py:830} INFO - Processing file /home/airflow/.local/lib/python3.12/site-packages/airflow/example_dags/example_skip_dag.py for tasks to queue
[2026-05-09T19:12:16.018+0000] {logging_mixin.py:188} INFO - [2026-05-09T19:12:16.018+0000] {dagbag.py:545} INFO - Filling up the DagBag from /home/airflow/.local/lib/python3.12/site-packages/airflow/example_dags/example_skip_dag.py
[2026-05-09T19:12:16.025+0000] {processor.py:840} INFO - DAG(s) 'example_skip_dag' retrieved from /home/airflow/.local/lib/python3.12/site-packages/airflow/example_dags/example_skip_dag.py
[2026-05-09T19:12:16.049+0000] {logging_mixin.py:188} INFO - [2026-05-09T19:12:16.048+0000] {dag.py:3096} INFO - Sync 1 DAGs
[2026-05-09T19:12:16.074+0000] {logging_mixin.py:188} INFO - [2026-05-09T19:12:16.074+0000] {dag.py:3954} INFO - Setting next_dagrun for example_skip_dag to 2026-05-08 00:00:00+00:00, run_after=2026-05-09 00:00:00+00:00
[2026-05-09T19:12:16.099+0000] {processor.py:183} INFO - Processing /home/airflow/.local/lib/python3.12/site-packages/airflow/example_dags/example_skip_dag.py took 0.090 seconds
[2026-05-09T19:12:46.667+0000] {processor.py:161} INFO - Started process (PID=2461) to work on /home/airflow/.local/lib/python3.12/site-packages/airflow/example_dags/example_skip_dag.py
[2026-05-09T19:12:46.668+0000] {processor.py:830} INFO - Processing file /home/airflow/.local/lib/python3.12/site-packages/airflow/example_dags/example_skip_dag.py for tasks to queue
[2026-05-09T19:12:46.670+0000] {logging_mixin.py:188} INFO - [2026-05-09T19:12:46.670+0000] {dagbag.py:545} INFO - Filling up the DagBag from /home/airflow/.local/lib/python3.12/site-packages/airflow/example_dags/example_skip_dag.py
[2026-05-09T19:12:46.676+0000] {processor.py:840} INFO - DAG(s) 'example_skip_dag' retrieved from /home/airflow/.local/lib/python3.12/site-packages/airflow/example_dags/example_skip_dag.py
[2026-05-09T19:12:46.697+0000] {logging_mixin.py:188} INFO - [2026-05-09T19:12:46.697+0000] {dag.py:3096} INFO - Sync 1 DAGs
[2026-05-09T19:12:46.720+0000] {logging_mixin.py:188} INFO - [2026-05-09T19:12:46.720+0000] {dag.py:3954} INFO - Setting next_dagrun for example_skip_dag to 2026-05-08 00:00:00+00:00, run_after=2026-05-09 00:00:00+00:00
[2026-05-09T19:12:46.743+0000] {processor.py:183} INFO - Processing /home/airflow/.local/lib/python3.12/site-packages/airflow/example_dags/example_skip_dag.py took 0.081 seconds
[2026-05-09T19:13:17.775+0000] {processor.py:161} INFO - Started process (PID=2520) to work on /home/airflow/.local/lib/python3.12/site-packages/airflow/example_dags/example_skip_dag.py
[2026-05-09T19:13:17.777+0000] {processor.py:830} INFO - Processing file /home/airflow/.local/lib/python3.12/site-packages/airflow/example_dags/example_skip_dag.py for tasks to queue
[2026-05-09T19:13:17.779+0000] {logging_mixin.py:188} INFO - [2026-05-09T19:13:17.779+0000] {dagbag.py:545} INFO - Filling up the DagBag from /home/airflow/.local/lib/python3.12/site-packages/airflow/example_dags/example_skip_dag.py
[2026-05-09T19:13:17.785+0000] {processor.py:840} INFO - DAG(s) 'example_skip_dag' retrieved from /home/airflow/.local/lib/python3.12/site-packages/airflow/example_dags/example_skip_dag.py
[2026-05-09T19:13:17.806+0000] {logging_mixin.py:188} INFO - [2026-05-09T19:13:17.806+0000] {dag.py:3096} INFO - Sync 1 DAGs
[2026-05-09T19:13:17.831+0000] {logging_mixin.py:188} INFO - [2026-05-09T19:13:17.831+0000] {dag.py:3954} INFO - Setting next_dagrun for example_skip_dag to 2026-05-08 00:00:00+00:00, run_after=2026-05-09 00:00:00+00:00
[2026-05-09T19:13:17.854+0000] {processor.py:183} INFO - Processing /home/airflow/.local/lib/python3.12/site-packages/airflow/example_dags/example_skip_dag.py took 0.083 seconds
[2026-05-09T19:13:48.482+0000] {processor.py:161} INFO - Started process (PID=2579) to work on /home/airflow/.local/lib/python3.12/site-packages/airflow/example_dags/example_skip_dag.py
[2026-05-09T19:13:48.483+0000] {processor.py:830} INFO - Processing file /home/airflow/.local/lib/python3.12/site-packages/airflow/example_dags/example_skip_dag.py for tasks to queue
[2026-05-09T19:13:48.485+0000] {logging_mixin.py:188} INFO - [2026-05-09T19:13:48.485+0000] {dagbag.py:545} INFO - Filling up the DagBag from /home/airflow/.local/lib/python3.12/site-packages/airflow/example_dags/example_skip_dag.py
[2026-05-09T19:13:48.491+0000] {processor.py:840} INFO - DAG(s) 'example_skip_dag' retrieved from /home/airflow/.local/lib/python3.12/site-packages/airflow/example_dags/example_skip_dag.py
[2026-05-09T19:13:48.514+0000] {logging_mixin.py:188} INFO - [2026-05-09T19:13:48.513+0000] {dag.py:3096} INFO - Sync 1 DAGs
[2026-05-09T19:13:48.535+0000] {logging_mixin.py:188} INFO - [2026-05-09T19:13:48.535+0000] {dag.py:3954} INFO - Setting next_dagrun for example_skip_dag to 2026-05-08 00:00:00+00:00, run_after=2026-05-09 00:00:00+00:00
[2026-05-09T19:13:48.558+0000] {processor.py:183} INFO - Processing /home/airflow/.local/lib/python3.12/site-packages/airflow/example_dags/example_skip_dag.py took 0.082 seconds
[2026-05-09T19:14:19.248+0000] {processor.py:161} INFO - Started process (PID=2638) to work on /home/airflow/.local/lib/python3.12/site-packages/airflow/example_dags/example_skip_dag.py
[2026-05-09T19:14:19.249+0000] {processor.py:830} INFO - Processing file /home/airflow/.local/lib/python3.12/site-packages/airflow/example_dags/example_skip_dag.py for tasks to queue
[2026-05-09T19:14:19.251+0000] {logging_mixin.py:188} INFO - [2026-05-09T19:14:19.251+0000] {dagbag.py:545} INFO - Filling up the DagBag from /home/airflow/.local/lib/python3.12/site-packages/airflow/example_dags/example_skip_dag.py
[2026-05-09T19:14:19.257+0000] {processor.py:840} INFO - DAG(s) 'example_skip_dag' retrieved from /home/airflow/.local/lib/python3.12/site-packages/airflow/example_dags/example_skip_dag.py
[2026-05-09T19:14:19.279+0000] {logging_mixin.py:188} INFO - [2026-05-09T19:14:19.279+0000] {dag.py:3096} INFO - Sync 1 DAGs
[2026-05-09T19:14:19.303+0000] {logging_mixin.py:188} INFO - [2026-05-09T19:14:19.302+0000] {dag.py:3954} INFO - Setting next_dagrun for example_skip_dag to 2026-05-08 00:00:00+00:00, run_after=2026-05-09 00:00:00+00:00
[2026-05-09T19:14:19.329+0000] {processor.py:183} INFO - Processing /home/airflow/.local/lib/python3.12/site-packages/airflow/example_dags/example_skip_dag.py took 0.087 seconds
[2026-05-09T19:14:49.885+0000] {processor.py:161} INFO - Started process (PID=2697) to work on /home/airflow/.local/lib/python3.12/site-packages/airflow/example_dags/example_skip_dag.py
[2026-05-09T19:14:49.886+0000] {processor.py:830} INFO - Processing file /home/airflow/.local/lib/python3.12/site-packages/airflow/example_dags/example_skip_dag.py for tasks to queue
[2026-05-09T19:14:49.888+0000] {logging_mixin.py:188} INFO - [2026-05-09T19:14:49.888+0000] {dagbag.py:545} INFO - Filling up the DagBag from /home/airflow/.local/lib/python3.12/site-packages/airflow/example_dags/example_skip_dag.py
[2026-05-09T19:14:49.894+0000] {processor.py:840} INFO - DAG(s) 'example_skip_dag' retrieved from /home/airflow/.local/lib/python3.12/site-packages/airflow/example_dags/example_skip_dag.py
[2026-05-09T19:14:49.918+0000] {logging_mixin.py:188} INFO - [2026-05-09T19:14:49.918+0000] {dag.py:3096} INFO - Sync 1 DAGs
[2026-05-09T19:14:49.940+0000] {logging_mixin.py:188} INFO - [2026-05-09T19:14:49.940+0000] {dag.py:3954} INFO - Setting next_dagrun for example_skip_dag to 2026-05-08 00:00:00+00:00, run_after=2026-05-09 00:00:00+00:00
[2026-05-09T19:14:49.965+0000] {processor.py:183} INFO - Processing /home/airflow/.local/lib/python3.12/site-packages/airflow/example_dags/example_skip_dag.py took 0.088 seconds
[2026-05-09T19:15:20.750+0000] {processor.py:161} INFO - Started process (PID=2756) to work on /home/airflow/.local/lib/python3.12/site-packages/airflow/example_dags/example_skip_dag.py
[2026-05-09T19:15:20.752+0000] {processor.py:830} INFO - Processing file /home/airflow/.local/lib/python3.12/site-packages/airflow/example_dags/example_skip_dag.py for tasks to queue
[2026-05-09T19:15:20.755+0000] {logging_mixin.py:188} INFO - [2026-05-09T19:15:20.754+0000] {dagbag.py:545} INFO - Filling up the DagBag from /home/airflow/.local/lib/python3.12/site-packages/airflow/example_dags/example_skip_dag.py
[2026-05-09T19:15:20.763+0000] {processor.py:840} INFO - DAG(s) 'example_skip_dag' retrieved from /home/airflow/.local/lib/python3.12/site-packages/airflow/example_dags/example_skip_dag.py
[2026-05-09T19:15:20.790+0000] {logging_mixin.py:188} INFO - [2026-05-09T19:15:20.789+0000] {dag.py:3096} INFO - Sync 1 DAGs
[2026-05-09T19:15:20.816+0000] {logging_mixin.py:188} INFO - [2026-05-09T19:15:20.816+0000] {dag.py:3954} INFO - Setting next_dagrun for example_skip_dag to 2026-05-08 00:00:00+00:00, run_after=2026-05-09 00:00:00+00:00
[2026-05-09T19:15:20.844+0000] {processor.py:183} INFO - Processing /home/airflow/.local/lib/python3.12/site-packages/airflow/example_dags/example_skip_dag.py took 0.103 seconds
[2026-05-09T19:15:51.913+0000] {processor.py:161} INFO - Started process (PID=2815) to work on /home/airflow/.local/lib/python3.12/site-packages/airflow/example_dags/example_skip_dag.py
[2026-05-09T19:15:51.914+0000] {processor.py:830} INFO - Processing file /home/airflow/.local/lib/python3.12/site-packages/airflow/example_dags/example_skip_dag.py for tasks to queue
[2026-05-09T19:15:51.916+0000] {logging_mixin.py:188} INFO - [2026-05-09T19:15:51.915+0000] {dagbag.py:545} INFO - Filling up the DagBag from /home/airflow/.local/lib/python3.12/site-packages/airflow/example_dags/example_skip_dag.py
[2026-05-09T19:15:51.923+0000] {processor.py:840} INFO - DAG(s) 'example_skip_dag' retrieved from /home/airflow/.local/lib/python3.12/site-packages/airflow/example_dags/example_skip_dag.py
[2026-05-09T19:15:51.948+0000] {logging_mixin.py:188} INFO - [2026-05-09T19:15:51.948+0000] {dag.py:3096} INFO - Sync 1 DAGs
[2026-05-09T19:15:51.971+0000] {logging_mixin.py:188} INFO - [2026-05-09T19:15:51.971+0000] {dag.py:3954} INFO - Setting next_dagrun for example_skip_dag to 2026-05-08 00:00:00+00:00, run_after=2026-05-09 00:00:00+00:00
[2026-05-09T19:15:51.995+0000] {processor.py:183} INFO - Processing /home/airflow/.local/lib/python3.12/site-packages/airflow/example_dags/example_skip_dag.py took 0.090 seconds
[2026-05-09T19:16:22.186+0000] {processor.py:161} INFO - Started process (PID=2874) to work on /home/airflow/.local/lib/python3.12/site-packages/airflow/example_dags/example_skip_dag.py
[2026-05-09T19:16:22.187+0000] {processor.py:830} INFO - Processing file /home/airflow/.local/lib/python3.12/site-packages/airflow/example_dags/example_skip_dag.py for tasks to queue
[2026-05-09T19:16:22.189+0000] {logging_mixin.py:188} INFO - [2026-05-09T19:16:22.189+0000] {dagbag.py:545} INFO - Filling up the DagBag from /home/airflow/.local/lib/python3.12/site-packages/airflow/example_dags/example_skip_dag.py
[2026-05-09T19:16:22.195+0000] {processor.py:840} INFO - DAG(s) 'example_skip_dag' retrieved from /home/airflow/.local/lib/python3.12/site-packages/airflow/example_dags/example_skip_dag.py
[2026-05-09T19:16:22.216+0000] {logging_mixin.py:188} INFO - [2026-05-09T19:16:22.216+0000] {dag.py:3096} INFO - Sync 1 DAGs
[2026-05-09T19:16:22.238+0000] {logging_mixin.py:188} INFO - [2026-05-09T19:16:22.238+0000] {dag.py:3954} INFO - Setting next_dagrun for example_skip_dag to 2026-05-08 00:00:00+00:00, run_after=2026-05-09 00:00:00+00:00
[2026-05-09T19:16:22.262+0000] {processor.py:183} INFO - Processing /home/airflow/.local/lib/python3.12/site-packages/airflow/example_dags/example_skip_dag.py took 0.081 seconds
[2026-05-09T19:16:53.038+0000] {processor.py:161} INFO - Started process (PID=2933) to work on /home/airflow/.local/lib/python3.12/site-packages/airflow/example_dags/example_skip_dag.py
[2026-05-09T19:16:53.039+0000] {processor.py:830} INFO - Processing file /home/airflow/.local/lib/python3.12/site-packages/airflow/example_dags/example_skip_dag.py for tasks to queue
[2026-05-09T19:16:53.041+0000] {logging_mixin.py:188} INFO - [2026-05-09T19:16:53.040+0000] {dagbag.py:545} INFO - Filling up the DagBag from /home/airflow/.local/lib/python3.12/site-packages/airflow/example_dags/example_skip_dag.py
[2026-05-09T19:16:53.047+0000] {processor.py:840} INFO - DAG(s) 'example_skip_dag' retrieved from /home/airflow/.local/lib/python3.12/site-packages/airflow/example_dags/example_skip_dag.py
[2026-05-09T19:16:53.071+0000] {logging_mixin.py:188} INFO - [2026-05-09T19:16:53.071+0000] {dag.py:3096} INFO - Sync 1 DAGs
[2026-05-09T19:16:53.094+0000] {logging_mixin.py:188} INFO - [2026-05-09T19:16:53.094+0000] {dag.py:3954} INFO - Setting next_dagrun for example_skip_dag to 2026-05-08 00:00:00+00:00, run_after=2026-05-09 00:00:00+00:00
[2026-05-09T19:16:53.117+0000] {processor.py:183} INFO - Processing /home/airflow/.local/lib/python3.12/site-packages/airflow/example_dags/example_skip_dag.py took 0.085 seconds
[2026-05-09T19:17:23.585+0000] {processor.py:161} INFO - Started process (PID=2992) to work on /home/airflow/.local/lib/python3.12/site-packages/airflow/example_dags/example_skip_dag.py
[2026-05-09T19:17:23.587+0000] {processor.py:830} INFO - Processing file /home/airflow/.local/lib/python3.12/site-packages/airflow/example_dags/example_skip_dag.py for tasks to queue
[2026-05-09T19:17:23.589+0000] {logging_mixin.py:188} INFO - [2026-05-09T19:17:23.589+0000] {dagbag.py:545} INFO - Filling up the DagBag from /home/airflow/.local/lib/python3.12/site-packages/airflow/example_dags/example_skip_dag.py
[2026-05-09T19:17:23.595+0000] {processor.py:840} INFO - DAG(s) 'example_skip_dag' retrieved from /home/airflow/.local/lib/python3.12/site-packages/airflow/example_dags/example_skip_dag.py
[2026-05-09T19:17:23.618+0000] {logging_mixin.py:188} INFO - [2026-05-09T19:17:23.618+0000] {dag.py:3096} INFO - Sync 1 DAGs
[2026-05-09T19:17:23.640+0000] {logging_mixin.py:188} INFO - [2026-05-09T19:17:23.639+0000] {dag.py:3954} INFO - Setting next_dagrun for example_skip_dag to 2026-05-08 00:00:00+00:00, run_after=2026-05-09 00:00:00+00:00
[2026-05-09T19:17:23.664+0000] {processor.py:183} INFO - Processing /home/airflow/.local/lib/python3.12/site-packages/airflow/example_dags/example_skip_dag.py took 0.084 seconds
[2026-05-09T19:17:53.741+0000] {processor.py:161} INFO - Started process (PID=3051) to work on /home/airflow/.local/lib/python3.12/site-packages/airflow/example_dags/example_skip_dag.py
[2026-05-09T19:17:53.742+0000] {processor.py:830} INFO - Processing file /home/airflow/.local/lib/python3.12/site-packages/airflow/example_dags/example_skip_dag.py for tasks to queue
[2026-05-09T19:17:53.745+0000] {logging_mixin.py:188} INFO - [2026-05-09T19:17:53.745+0000] {dagbag.py:545} INFO - Filling up the DagBag from /home/airflow/.local/lib/python3.12/site-packages/airflow/example_dags/example_skip_dag.py
[2026-05-09T19:17:53.751+0000] {processor.py:840} INFO - DAG(s) 'example_skip_dag' retrieved from /home/airflow/.local/lib/python3.12/site-packages/airflow/example_dags/example_skip_dag.py
[2026-05-09T19:17:53.774+0000] {logging_mixin.py:188} INFO - [2026-05-09T19:17:53.773+0000] {dag.py:3096} INFO - Sync 1 DAGs
[2026-05-09T19:17:53.796+0000] {logging_mixin.py:188} INFO - [2026-05-09T19:17:53.796+0000] {dag.py:3954} INFO - Setting next_dagrun for example_skip_dag to 2026-05-08 00:00:00+00:00, run_after=2026-05-09 00:00:00+00:00
[2026-05-09T19:17:53.818+0000] {processor.py:183} INFO - Processing /home/airflow/.local/lib/python3.12/site-packages/airflow/example_dags/example_skip_dag.py took 0.083 seconds
[2026-05-09T19:18:24.405+0000] {processor.py:161} INFO - Started process (PID=3110) to work on /home/airflow/.local/lib/python3.12/site-packages/airflow/example_dags/example_skip_dag.py
[2026-05-09T19:18:24.406+0000] {processor.py:830} INFO - Processing file /home/airflow/.local/lib/python3.12/site-packages/airflow/example_dags/example_skip_dag.py for tasks to queue
[2026-05-09T19:18:24.408+0000] {logging_mixin.py:188} INFO - [2026-05-09T19:18:24.408+0000] {dagbag.py:545} INFO - Filling up the DagBag from /home/airflow/.local/lib/python3.12/site-packages/airflow/example_dags/example_skip_dag.py
[2026-05-09T19:18:24.414+0000] {processor.py:840} INFO - DAG(s) 'example_skip_dag' retrieved from /home/airflow/.local/lib/python3.12/site-packages/airflow/example_dags/example_skip_dag.py
[2026-05-09T19:18:24.437+0000] {logging_mixin.py:188} INFO - [2026-05-09T19:18:24.436+0000] {dag.py:3096} INFO - Sync 1 DAGs
[2026-05-09T19:18:24.457+0000] {logging_mixin.py:188} INFO - [2026-05-09T19:18:24.457+0000] {dag.py:3954} INFO - Setting next_dagrun for example_skip_dag to 2026-05-08 00:00:00+00:00, run_after=2026-05-09 00:00:00+00:00
[2026-05-09T19:18:24.481+0000] {processor.py:183} INFO - Processing /home/airflow/.local/lib/python3.12/site-packages/airflow/example_dags/example_skip_dag.py took 0.082 seconds
[2026-05-09T19:18:54.990+0000] {processor.py:161} INFO - Started process (PID=3169) to work on /home/airflow/.local/lib/python3.12/site-packages/airflow/example_dags/example_skip_dag.py
[2026-05-09T19:18:54.991+0000] {processor.py:830} INFO - Processing file /home/airflow/.local/lib/python3.12/site-packages/airflow/example_dags/example_skip_dag.py for tasks to queue
[2026-05-09T19:18:54.994+0000] {logging_mixin.py:188} INFO - [2026-05-09T19:18:54.993+0000] {dagbag.py:545} INFO - Filling up the DagBag from /home/airflow/.local/lib/python3.12/site-packages/airflow/example_dags/example_skip_dag.py
[2026-05-09T19:18:55.000+0000] {processor.py:840} INFO - DAG(s) 'example_skip_dag' retrieved from /home/airflow/.local/lib/python3.12/site-packages/airflow/example_dags/example_skip_dag.py
[2026-05-09T19:18:55.023+0000] {logging_mixin.py:188} INFO - [2026-05-09T19:18:55.023+0000] {dag.py:3096} INFO - Sync 1 DAGs
[2026-05-09T19:18:55.045+0000] {logging_mixin.py:188} INFO - [2026-05-09T19:18:55.045+0000] {dag.py:3954} INFO - Setting next_dagrun for example_skip_dag to 2026-05-08 00:00:00+00:00, run_after=2026-05-09 00:00:00+00:00
[2026-05-09T19:18:55.070+0000] {processor.py:183} INFO - Processing /home/airflow/.local/lib/python3.12/site-packages/airflow/example_dags/example_skip_dag.py took 0.085 seconds
[2026-05-09T19:19:25.199+0000] {processor.py:161} INFO - Started process (PID=3228) to work on /home/airflow/.local/lib/python3.12/site-packages/airflow/example_dags/example_skip_dag.py
[2026-05-09T19:19:25.200+0000] {processor.py:830} INFO - Processing file /home/airflow/.local/lib/python3.12/site-packages/airflow/example_dags/example_skip_dag.py for tasks to queue
[2026-05-09T19:19:25.203+0000] {logging_mixin.py:188} INFO - [2026-05-09T19:19:25.202+0000] {dagbag.py:545} INFO - Filling up the DagBag from /home/airflow/.local/lib/python3.12/site-packages/airflow/example_dags/example_skip_dag.py
[2026-05-09T19:19:25.208+0000] {processor.py:840} INFO - DAG(s) 'example_skip_dag' retrieved from /home/airflow/.local/lib/python3.12/site-packages/airflow/example_dags/example_skip_dag.py
[2026-05-09T19:19:25.230+0000] {logging_mixin.py:188} INFO - [2026-05-09T19:19:25.229+0000] {dag.py:3096} INFO - Sync 1 DAGs
[2026-05-09T19:19:25.252+0000] {logging_mixin.py:188} INFO - [2026-05-09T19:19:25.252+0000] {dag.py:3954} INFO - Setting next_dagrun for example_skip_dag to 2026-05-08 00:00:00+00:00, run_after=2026-05-09 00:00:00+00:00
[2026-05-09T19:19:25.276+0000] {processor.py:183} INFO - Processing /home/airflow/.local/lib/python3.12/site-packages/airflow/example_dags/example_skip_dag.py took 0.082 seconds
[2026-05-09T19:19:55.713+0000] {processor.py:161} INFO - Started process (PID=3287) to work on /home/airflow/.local/lib/python3.12/site-packages/airflow/example_dags/example_skip_dag.py
[2026-05-09T19:19:55.714+0000] {processor.py:830} INFO - Processing file /home/airflow/.local/lib/python3.12/site-packages/airflow/example_dags/example_skip_dag.py for tasks to queue
[2026-05-09T19:19:55.717+0000] {logging_mixin.py:188} INFO - [2026-05-09T19:19:55.717+0000] {dagbag.py:545} INFO - Filling up the DagBag from /home/airflow/.local/lib/python3.12/site-packages/airflow/example_dags/example_skip_dag.py
[2026-05-09T19:19:55.723+0000] {processor.py:840} INFO - DAG(s) 'example_skip_dag' retrieved from /home/airflow/.local/lib/python3.12/site-packages/airflow/example_dags/example_skip_dag.py
[2026-05-09T19:19:55.746+0000] {logging_mixin.py:188} INFO - [2026-05-09T19:19:55.746+0000] {dag.py:3096} INFO - Sync 1 DAGs
[2026-05-09T19:19:55.768+0000] {logging_mixin.py:188} INFO - [2026-05-09T19:19:55.768+0000] {dag.py:3954} INFO - Setting next_dagrun for example_skip_dag to 2026-05-08 00:00:00+00:00, run_after=2026-05-09 00:00:00+00:00
[2026-05-09T19:19:55.791+0000] {processor.py:183} INFO - Processing /home/airflow/.local/lib/python3.12/site-packages/airflow/example_dags/example_skip_dag.py took 0.084 seconds
[2026-05-09T19:20:25.894+0000] {processor.py:161} INFO - Started process (PID=3346) to work on /home/airflow/.local/lib/python3.12/site-packages/airflow/example_dags/example_skip_dag.py
[2026-05-09T19:20:25.895+0000] {processor.py:830} INFO - Processing file /home/airflow/.local/lib/python3.12/site-packages/airflow/example_dags/example_skip_dag.py for tasks to queue
[2026-05-09T19:20:25.897+0000] {logging_mixin.py:188} INFO - [2026-05-09T19:20:25.897+0000] {dagbag.py:545} INFO - Filling up the DagBag from /home/airflow/.local/lib/python3.12/site-packages/airflow/example_dags/example_skip_dag.py
[2026-05-09T19:20:25.903+0000] {processor.py:840} INFO - DAG(s) 'example_skip_dag' retrieved from /home/airflow/.local/lib/python3.12/site-packages/airflow/example_dags/example_skip_dag.py
[2026-05-09T19:20:25.926+0000] {logging_mixin.py:188} INFO - [2026-05-09T19:20:25.925+0000] {dag.py:3096} INFO - Sync 1 DAGs
[2026-05-09T19:20:25.950+0000] {logging_mixin.py:188} INFO - [2026-05-09T19:20:25.950+0000] {dag.py:3954} INFO - Setting next_dagrun for example_skip_dag to 2026-05-08 00:00:00+00:00, run_after=2026-05-09 00:00:00+00:00
[2026-05-09T19:20:25.974+0000] {processor.py:183} INFO - Processing /home/airflow/.local/lib/python3.12/site-packages/airflow/example_dags/example_skip_dag.py took 0.085 seconds
[2026-05-09T19:20:56.121+0000] {processor.py:161} INFO - Started process (PID=3405) to work on /home/airflow/.local/lib/python3.12/site-packages/airflow/example_dags/example_skip_dag.py
[2026-05-09T19:20:56.122+0000] {processor.py:830} INFO - Processing file /home/airflow/.local/lib/python3.12/site-packages/airflow/example_dags/example_skip_dag.py for tasks to queue
[2026-05-09T19:20:56.125+0000] {logging_mixin.py:188} INFO - [2026-05-09T19:20:56.124+0000] {dagbag.py:545} INFO - Filling up the DagBag from /home/airflow/.local/lib/python3.12/site-packages/airflow/example_dags/example_skip_dag.py
[2026-05-09T19:20:56.131+0000] {processor.py:840} INFO - DAG(s) 'example_skip_dag' retrieved from /home/airflow/.local/lib/python3.12/site-packages/airflow/example_dags/example_skip_dag.py
[2026-05-09T19:20:56.153+0000] {logging_mixin.py:188} INFO - [2026-05-09T19:20:56.153+0000] {dag.py:3096} INFO - Sync 1 DAGs
[2026-05-09T19:20:56.174+0000] {logging_mixin.py:188} INFO - [2026-05-09T19:20:56.174+0000] {dag.py:3954} INFO - Setting next_dagrun for example_skip_dag to 2026-05-08 00:00:00+00:00, run_after=2026-05-09 00:00:00+00:00
[2026-05-09T19:20:56.200+0000] {processor.py:183} INFO - Processing /home/airflow/.local/lib/python3.12/site-packages/airflow/example_dags/example_skip_dag.py took 0.084 seconds
[2026-05-09T19:21:26.458+0000] {processor.py:161} INFO - Started process (PID=3464) to work on /home/airflow/.local/lib/python3.12/site-packages/airflow/example_dags/example_skip_dag.py
[2026-05-09T19:21:26.460+0000] {processor.py:830} INFO - Processing file /home/airflow/.local/lib/python3.12/site-packages/airflow/example_dags/example_skip_dag.py for tasks to queue
[2026-05-09T19:21:26.462+0000] {logging_mixin.py:188} INFO - [2026-05-09T19:21:26.462+0000] {dagbag.py:545} INFO - Filling up the DagBag from /home/airflow/.local/lib/python3.12/site-packages/airflow/example_dags/example_skip_dag.py
[2026-05-09T19:21:26.471+0000] {processor.py:840} INFO - DAG(s) 'example_skip_dag' retrieved from /home/airflow/.local/lib/python3.12/site-packages/airflow/example_dags/example_skip_dag.py
[2026-05-09T19:21:26.497+0000] {logging_mixin.py:188} INFO - [2026-05-09T19:21:26.497+0000] {dag.py:3096} INFO - Sync 1 DAGs
[2026-05-09T19:21:26.523+0000] {logging_mixin.py:188} INFO - [2026-05-09T19:21:26.523+0000] {dag.py:3954} INFO - Setting next_dagrun for example_skip_dag to 2026-05-08 00:00:00+00:00, run_after=2026-05-09 00:00:00+00:00
[2026-05-09T19:21:26.548+0000] {processor.py:183} INFO - Processing /home/airflow/.local/lib/python3.12/site-packages/airflow/example_dags/example_skip_dag.py took 0.098 seconds
[2026-05-09T19:21:56.900+0000] {processor.py:161} INFO - Started process (PID=3523) to work on /home/airflow/.local/lib/python3.12/site-packages/airflow/example_dags/example_skip_dag.py
[2026-05-09T19:21:56.902+0000] {processor.py:830} INFO - Processing file /home/airflow/.local/lib/python3.12/site-packages/airflow/example_dags/example_skip_dag.py for tasks to queue
[2026-05-09T19:21:56.904+0000] {logging_mixin.py:188} INFO - [2026-05-09T19:21:56.903+0000] {dagbag.py:545} INFO - Filling up the DagBag from /home/airflow/.local/lib/python3.12/site-packages/airflow/example_dags/example_skip_dag.py
[2026-05-09T19:21:56.914+0000] {processor.py:840} INFO - DAG(s) 'example_skip_dag' retrieved from /home/airflow/.local/lib/python3.12/site-packages/airflow/example_dags/example_skip_dag.py
[2026-05-09T19:21:56.937+0000] {logging_mixin.py:188} INFO - [2026-05-09T19:21:56.937+0000] {dag.py:3096} INFO - Sync 1 DAGs
[2026-05-09T19:21:56.959+0000] {logging_mixin.py:188} INFO - [2026-05-09T19:21:56.959+0000] {dag.py:3954} INFO - Setting next_dagrun for example_skip_dag to 2026-05-08 00:00:00+00:00, run_after=2026-05-09 00:00:00+00:00
[2026-05-09T19:21:56.982+0000] {processor.py:183} INFO - Processing /home/airflow/.local/lib/python3.12/site-packages/airflow/example_dags/example_skip_dag.py took 0.087 seconds
[2026-05-09T19:22:27.094+0000] {processor.py:161} INFO - Started process (PID=3582) to work on /home/airflow/.local/lib/python3.12/site-packages/airflow/example_dags/example_skip_dag.py
[2026-05-09T19:22:27.095+0000] {processor.py:830} INFO - Processing file /home/airflow/.local/lib/python3.12/site-packages/airflow/example_dags/example_skip_dag.py for tasks to queue
[2026-05-09T19:22:27.097+0000] {logging_mixin.py:188} INFO - [2026-05-09T19:22:27.096+0000] {dagbag.py:545} INFO - Filling up the DagBag from /home/airflow/.local/lib/python3.12/site-packages/airflow/example_dags/example_skip_dag.py
[2026-05-09T19:22:27.103+0000] {processor.py:840} INFO - DAG(s) 'example_skip_dag' retrieved from /home/airflow/.local/lib/python3.12/site-packages/airflow/example_dags/example_skip_dag.py
[2026-05-09T19:22:27.124+0000] {logging_mixin.py:188} INFO - [2026-05-09T19:22:27.124+0000] {dag.py:3096} INFO - Sync 1 DAGs
[2026-05-09T19:22:27.145+0000] {logging_mixin.py:188} INFO - [2026-05-09T19:22:27.145+0000] {dag.py:3954} INFO - Setting next_dagrun for example_skip_dag to 2026-05-08 00:00:00+00:00, run_after=2026-05-09 00:00:00+00:00
[2026-05-09T19:22:27.169+0000] {processor.py:183} INFO - Processing /home/airflow/.local/lib/python3.12/site-packages/airflow/example_dags/example_skip_dag.py took 0.081 seconds
[2026-05-09T19:22:57.460+0000] {processor.py:161} INFO - Started process (PID=3641) to work on /home/airflow/.local/lib/python3.12/site-packages/airflow/example_dags/example_skip_dag.py
[2026-05-09T19:22:57.461+0000] {processor.py:830} INFO - Processing file /home/airflow/.local/lib/python3.12/site-packages/airflow/example_dags/example_skip_dag.py for tasks to queue
[2026-05-09T19:22:57.463+0000] {logging_mixin.py:188} INFO - [2026-05-09T19:22:57.462+0000] {dagbag.py:545} INFO - Filling up the DagBag from /home/airflow/.local/lib/python3.12/site-packages/airflow/example_dags/example_skip_dag.py
[2026-05-09T19:22:57.470+0000] {processor.py:840} INFO - DAG(s) 'example_skip_dag' retrieved from /home/airflow/.local/lib/python3.12/site-packages/airflow/example_dags/example_skip_dag.py
[2026-05-09T19:22:57.492+0000] {logging_mixin.py:188} INFO - [2026-05-09T19:22:57.492+0000] {dag.py:3096} INFO - Sync 1 DAGs
[2026-05-09T19:22:57.515+0000] {logging_mixin.py:188} INFO - [2026-05-09T19:22:57.514+0000] {dag.py:3954} INFO - Setting next_dagrun for example_skip_dag to 2026-05-08 00:00:00+00:00, run_after=2026-05-09 00:00:00+00:00
[2026-05-09T19:22:57.538+0000] {processor.py:183} INFO - Processing /home/airflow/.local/lib/python3.12/site-packages/airflow/example_dags/example_skip_dag.py took 0.083 seconds
[2026-05-09T19:23:27.846+0000] {processor.py:161} INFO - Started process (PID=3700) to work on /home/airflow/.local/lib/python3.12/site-packages/airflow/example_dags/example_skip_dag.py
[2026-05-09T19:23:27.847+0000] {processor.py:830} INFO - Processing file /home/airflow/.local/lib/python3.12/site-packages/airflow/example_dags/example_skip_dag.py for tasks to queue
[2026-05-09T19:23:27.849+0000] {logging_mixin.py:188} INFO - [2026-05-09T19:23:27.849+0000] {dagbag.py:545} INFO - Filling up the DagBag from /home/airflow/.local/lib/python3.12/site-packages/airflow/example_dags/example_skip_dag.py
[2026-05-09T19:23:27.856+0000] {processor.py:840} INFO - DAG(s) 'example_skip_dag' retrieved from /home/airflow/.local/lib/python3.12/site-packages/airflow/example_dags/example_skip_dag.py
[2026-05-09T19:23:27.887+0000] {logging_mixin.py:188} INFO - [2026-05-09T19:23:27.886+0000] {dag.py:3096} INFO - Sync 1 DAGs
[2026-05-09T19:23:27.911+0000] {logging_mixin.py:188} INFO - [2026-05-09T19:23:27.911+0000] {dag.py:3954} INFO - Setting next_dagrun for example_skip_dag to 2026-05-08 00:00:00+00:00, run_after=2026-05-09 00:00:00+00:00
[2026-05-09T19:23:27.937+0000] {processor.py:183} INFO - Processing /home/airflow/.local/lib/python3.12/site-packages/airflow/example_dags/example_skip_dag.py took 0.096 seconds
[2026-05-09T19:23:58.257+0000] {processor.py:161} INFO - Started process (PID=3759) to work on /home/airflow/.local/lib/python3.12/site-packages/airflow/example_dags/example_skip_dag.py
[2026-05-09T19:23:58.258+0000] {processor.py:830} INFO - Processing file /home/airflow/.local/lib/python3.12/site-packages/airflow/example_dags/example_skip_dag.py for tasks to queue
[2026-05-09T19:23:58.260+0000] {logging_mixin.py:188} INFO - [2026-05-09T19:23:58.259+0000] {dagbag.py:545} INFO - Filling up the DagBag from /home/airflow/.local/lib/python3.12/site-packages/airflow/example_dags/example_skip_dag.py
[2026-05-09T19:23:58.266+0000] {processor.py:840} INFO - DAG(s) 'example_skip_dag' retrieved from /home/airflow/.local/lib/python3.12/site-packages/airflow/example_dags/example_skip_dag.py
[2026-05-09T19:23:58.289+0000] {logging_mixin.py:188} INFO - [2026-05-09T19:23:58.288+0000] {dag.py:3096} INFO - Sync 1 DAGs
[2026-05-09T19:23:58.310+0000] {logging_mixin.py:188} INFO - [2026-05-09T19:23:58.310+0000] {dag.py:3954} INFO - Setting next_dagrun for example_skip_dag to 2026-05-08 00:00:00+00:00, run_after=2026-05-09 00:00:00+00:00
[2026-05-09T19:23:58.333+0000] {processor.py:183} INFO - Processing /home/airflow/.local/lib/python3.12/site-packages/airflow/example_dags/example_skip_dag.py took 0.081 seconds
[2026-05-09T19:24:28.710+0000] {processor.py:161} INFO - Started process (PID=3818) to work on /home/airflow/.local/lib/python3.12/site-packages/airflow/example_dags/example_skip_dag.py
[2026-05-09T19:24:28.711+0000] {processor.py:830} INFO - Processing file /home/airflow/.local/lib/python3.12/site-packages/airflow/example_dags/example_skip_dag.py for tasks to queue
[2026-05-09T19:24:28.714+0000] {logging_mixin.py:188} INFO - [2026-05-09T19:24:28.713+0000] {dagbag.py:545} INFO - Filling up the DagBag from /home/airflow/.local/lib/python3.12/site-packages/airflow/example_dags/example_skip_dag.py
[2026-05-09T19:24:28.723+0000] {processor.py:840} INFO - DAG(s) 'example_skip_dag' retrieved from /home/airflow/.local/lib/python3.12/site-packages/airflow/example_dags/example_skip_dag.py
[2026-05-09T19:24:28.749+0000] {logging_mixin.py:188} INFO - [2026-05-09T19:24:28.749+0000] {dag.py:3096} INFO - Sync 1 DAGs
[2026-05-09T19:24:28.775+0000] {logging_mixin.py:188} INFO - [2026-05-09T19:24:28.775+0000] {dag.py:3954} INFO - Setting next_dagrun for example_skip_dag to 2026-05-08 00:00:00+00:00, run_after=2026-05-09 00:00:00+00:00
[2026-05-09T19:24:28.801+0000] {processor.py:183} INFO - Processing /home/airflow/.local/lib/python3.12/site-packages/airflow/example_dags/example_skip_dag.py took 0.098 seconds
[2026-05-09T19:24:59.056+0000] {processor.py:161} INFO - Started process (PID=3877) to work on /home/airflow/.local/lib/python3.12/site-packages/airflow/example_dags/example_skip_dag.py
[2026-05-09T19:24:59.058+0000] {processor.py:830} INFO - Processing file /home/airflow/.local/lib/python3.12/site-packages/airflow/example_dags/example_skip_dag.py for tasks to queue
[2026-05-09T19:24:59.060+0000] {logging_mixin.py:188} INFO - [2026-05-09T19:24:59.059+0000] {dagbag.py:545} INFO - Filling up the DagBag from /home/airflow/.local/lib/python3.12/site-packages/airflow/example_dags/example_skip_dag.py
[2026-05-09T19:24:59.066+0000] {processor.py:840} INFO - DAG(s) 'example_skip_dag' retrieved from /home/airflow/.local/lib/python3.12/site-packages/airflow/example_dags/example_skip_dag.py
[2026-05-09T19:24:59.086+0000] {logging_mixin.py:188} INFO - [2026-05-09T19:24:59.086+0000] {dag.py:3096} INFO - Sync 1 DAGs
[2026-05-09T19:24:59.108+0000] {logging_mixin.py:188} INFO - [2026-05-09T19:24:59.108+0000] {dag.py:3954} INFO - Setting next_dagrun for example_skip_dag to 2026-05-08 00:00:00+00:00, run_after=2026-05-09 00:00:00+00:00
[2026-05-09T19:24:59.129+0000] {processor.py:183} INFO - Processing /home/airflow/.local/lib/python3.12/site-packages/airflow/example_dags/example_skip_dag.py took 0.078 seconds
[2026-05-09T19:25:29.416+0000] {processor.py:161} INFO - Started process (PID=3936) to work on /home/airflow/.local/lib/python3.12/site-packages/airflow/example_dags/example_skip_dag.py
[2026-05-09T19:25:29.417+0000] {processor.py:830} INFO - Processing file /home/airflow/.local/lib/python3.12/site-packages/airflow/example_dags/example_skip_dag.py for tasks to queue
[2026-05-09T19:25:29.419+0000] {logging_mixin.py:188} INFO - [2026-05-09T19:25:29.419+0000] {dagbag.py:545} INFO - Filling up the DagBag from /home/airflow/.local/lib/python3.12/site-packages/airflow/example_dags/example_skip_dag.py
[2026-05-09T19:25:29.426+0000] {processor.py:840} INFO - DAG(s) 'example_skip_dag' retrieved from /home/airflow/.local/lib/python3.12/site-packages/airflow/example_dags/example_skip_dag.py
[2026-05-09T19:25:29.456+0000] {logging_mixin.py:188} INFO - [2026-05-09T19:25:29.455+0000] {dag.py:3096} INFO - Sync 1 DAGs
[2026-05-09T19:25:29.481+0000] {logging_mixin.py:188} INFO - [2026-05-09T19:25:29.481+0000] {dag.py:3954} INFO - Setting next_dagrun for example_skip_dag to 2026-05-08 00:00:00+00:00, run_after=2026-05-09 00:00:00+00:00
[2026-05-09T19:25:29.505+0000] {processor.py:183} INFO - Processing /home/airflow/.local/lib/python3.12/site-packages/airflow/example_dags/example_skip_dag.py took 0.094 seconds
[2026-05-09T19:25:59.833+0000] {processor.py:161} INFO - Started process (PID=3995) to work on /home/airflow/.local/lib/python3.12/site-packages/airflow/example_dags/example_skip_dag.py
[2026-05-09T19:25:59.834+0000] {processor.py:830} INFO - Processing file /home/airflow/.local/lib/python3.12/site-packages/airflow/example_dags/example_skip_dag.py for tasks to queue
[2026-05-09T19:25:59.836+0000] {logging_mixin.py:188} INFO - [2026-05-09T19:25:59.835+0000] {dagbag.py:545} INFO - Filling up the DagBag from /home/airflow/.local/lib/python3.12/site-packages/airflow/example_dags/example_skip_dag.py
[2026-05-09T19:25:59.843+0000] {processor.py:840} INFO - DAG(s) 'example_skip_dag' retrieved from /home/airflow/.local/lib/python3.12/site-packages/airflow/example_dags/example_skip_dag.py
[2026-05-09T19:25:59.868+0000] {logging_mixin.py:188} INFO - [2026-05-09T19:25:59.868+0000] {dag.py:3096} INFO - Sync 1 DAGs
[2026-05-09T19:25:59.896+0000] {logging_mixin.py:188} INFO - [2026-05-09T19:25:59.896+0000] {dag.py:3954} INFO - Setting next_dagrun for example_skip_dag to 2026-05-08 00:00:00+00:00, run_after=2026-05-09 00:00:00+00:00
[2026-05-09T19:25:59.922+0000] {processor.py:183} INFO - Processing /home/airflow/.local/lib/python3.12/site-packages/airflow/example_dags/example_skip_dag.py took 0.095 seconds
[2026-05-09T19:26:30.055+0000] {processor.py:161} INFO - Started process (PID=4054) to work on /home/airflow/.local/lib/python3.12/site-packages/airflow/example_dags/example_skip_dag.py
[2026-05-09T19:26:30.056+0000] {processor.py:830} INFO - Processing file /home/airflow/.local/lib/python3.12/site-packages/airflow/example_dags/example_skip_dag.py for tasks to queue
[2026-05-09T19:26:30.058+0000] {logging_mixin.py:188} INFO - [2026-05-09T19:26:30.058+0000] {dagbag.py:545} INFO - Filling up the DagBag from /home/airflow/.local/lib/python3.12/site-packages/airflow/example_dags/example_skip_dag.py
[2026-05-09T19:26:30.065+0000] {processor.py:840} INFO - DAG(s) 'example_skip_dag' retrieved from /home/airflow/.local/lib/python3.12/site-packages/airflow/example_dags/example_skip_dag.py
[2026-05-09T19:26:30.088+0000] {logging_mixin.py:188} INFO - [2026-05-09T19:26:30.087+0000] {dag.py:3096} INFO - Sync 1 DAGs
[2026-05-09T19:26:30.116+0000] {logging_mixin.py:188} INFO - [2026-05-09T19:26:30.115+0000] {dag.py:3954} INFO - Setting next_dagrun for example_skip_dag to 2026-05-08 00:00:00+00:00, run_after=2026-05-09 00:00:00+00:00
[2026-05-09T19:26:30.144+0000] {processor.py:183} INFO - Processing /home/airflow/.local/lib/python3.12/site-packages/airflow/example_dags/example_skip_dag.py took 0.095 seconds
[2026-05-09T19:27:00.496+0000] {processor.py:161} INFO - Started process (PID=4113) to work on /home/airflow/.local/lib/python3.12/site-packages/airflow/example_dags/example_skip_dag.py
[2026-05-09T19:27:00.497+0000] {processor.py:830} INFO - Processing file /home/airflow/.local/lib/python3.12/site-packages/airflow/example_dags/example_skip_dag.py for tasks to queue
[2026-05-09T19:27:00.499+0000] {logging_mixin.py:188} INFO - [2026-05-09T19:27:00.499+0000] {dagbag.py:545} INFO - Filling up the DagBag from /home/airflow/.local/lib/python3.12/site-packages/airflow/example_dags/example_skip_dag.py
[2026-05-09T19:27:00.506+0000] {processor.py:840} INFO - DAG(s) 'example_skip_dag' retrieved from /home/airflow/.local/lib/python3.12/site-packages/airflow/example_dags/example_skip_dag.py
[2026-05-09T19:27:00.530+0000] {logging_mixin.py:188} INFO - [2026-05-09T19:27:00.530+0000] {dag.py:3096} INFO - Sync 1 DAGs
[2026-05-09T19:27:00.556+0000] {logging_mixin.py:188} INFO - [2026-05-09T19:27:00.556+0000] {dag.py:3954} INFO - Setting next_dagrun for example_skip_dag to 2026-05-08 00:00:00+00:00, run_after=2026-05-09 00:00:00+00:00
[2026-05-09T19:27:00.582+0000] {processor.py:183} INFO - Processing /home/airflow/.local/lib/python3.12/site-packages/airflow/example_dags/example_skip_dag.py took 0.092 seconds
[2026-05-09T19:27:30.778+0000] {processor.py:161} INFO - Started process (PID=4172) to work on /home/airflow/.local/lib/python3.12/site-packages/airflow/example_dags/example_skip_dag.py
[2026-05-09T19:27:30.779+0000] {processor.py:830} INFO - Processing file /home/airflow/.local/lib/python3.12/site-packages/airflow/example_dags/example_skip_dag.py for tasks to queue
[2026-05-09T19:27:30.782+0000] {logging_mixin.py:188} INFO - [2026-05-09T19:27:30.781+0000] {dagbag.py:545} INFO - Filling up the DagBag from /home/airflow/.local/lib/python3.12/site-packages/airflow/example_dags/example_skip_dag.py
[2026-05-09T19:27:30.787+0000] {processor.py:840} INFO - DAG(s) 'example_skip_dag' retrieved from /home/airflow/.local/lib/python3.12/site-packages/airflow/example_dags/example_skip_dag.py
[2026-05-09T19:27:30.808+0000] {logging_mixin.py:188} INFO - [2026-05-09T19:27:30.807+0000] {dag.py:3096} INFO - Sync 1 DAGs
[2026-05-09T19:27:30.830+0000] {logging_mixin.py:188} INFO - [2026-05-09T19:27:30.830+0000] {dag.py:3954} INFO - Setting next_dagrun for example_skip_dag to 2026-05-08 00:00:00+00:00, run_after=2026-05-09 00:00:00+00:00
[2026-05-09T19:27:30.852+0000] {processor.py:183} INFO - Processing /home/airflow/.local/lib/python3.12/site-packages/airflow/example_dags/example_skip_dag.py took 0.079 seconds
[2026-05-09T19:28:01.623+0000] {processor.py:161} INFO - Started process (PID=4229) to work on /home/airflow/.local/lib/python3.12/site-packages/airflow/example_dags/example_skip_dag.py
[2026-05-09T19:28:01.624+0000] {processor.py:830} INFO - Processing file /home/airflow/.local/lib/python3.12/site-packages/airflow/example_dags/example_skip_dag.py for tasks to queue
[2026-05-09T19:28:01.627+0000] {logging_mixin.py:188} INFO - [2026-05-09T19:28:01.626+0000] {dagbag.py:545} INFO - Filling up the DagBag from /home/airflow/.local/lib/python3.12/site-packages/airflow/example_dags/example_skip_dag.py
[2026-05-09T19:28:01.636+0000] {processor.py:840} INFO - DAG(s) 'example_skip_dag' retrieved from /home/airflow/.local/lib/python3.12/site-packages/airflow/example_dags/example_skip_dag.py
[2026-05-09T19:28:01.661+0000] {logging_mixin.py:188} INFO - [2026-05-09T19:28:01.661+0000] {dag.py:3096} INFO - Sync 1 DAGs
[2026-05-09T19:28:01.686+0000] {logging_mixin.py:188} INFO - [2026-05-09T19:28:01.686+0000] {dag.py:3954} INFO - Setting next_dagrun for example_skip_dag to 2026-05-08 00:00:00+00:00, run_after=2026-05-09 00:00:00+00:00
[2026-05-09T19:28:01.711+0000] {processor.py:183} INFO - Processing /home/airflow/.local/lib/python3.12/site-packages/airflow/example_dags/example_skip_dag.py took 0.096 seconds
[2026-05-09T19:28:31.836+0000] {processor.py:161} INFO - Started process (PID=4288) to work on /home/airflow/.local/lib/python3.12/site-packages/airflow/example_dags/example_skip_dag.py
[2026-05-09T19:28:31.838+0000] {processor.py:830} INFO - Processing file /home/airflow/.local/lib/python3.12/site-packages/airflow/example_dags/example_skip_dag.py for tasks to queue
[2026-05-09T19:28:31.840+0000] {logging_mixin.py:188} INFO - [2026-05-09T19:28:31.840+0000] {dagbag.py:545} INFO - Filling up the DagBag from /home/airflow/.local/lib/python3.12/site-packages/airflow/example_dags/example_skip_dag.py
[2026-05-09T19:28:31.849+0000] {processor.py:840} INFO - DAG(s) 'example_skip_dag' retrieved from /home/airflow/.local/lib/python3.12/site-packages/airflow/example_dags/example_skip_dag.py
[2026-05-09T19:28:31.874+0000] {logging_mixin.py:188} INFO - [2026-05-09T19:28:31.873+0000] {dag.py:3096} INFO - Sync 1 DAGs
[2026-05-09T19:28:31.899+0000] {logging_mixin.py:188} INFO - [2026-05-09T19:28:31.898+0000] {dag.py:3954} INFO - Setting next_dagrun for example_skip_dag to 2026-05-08 00:00:00+00:00, run_after=2026-05-09 00:00:00+00:00
[2026-05-09T19:28:31.924+0000] {processor.py:183} INFO - Processing /home/airflow/.local/lib/python3.12/site-packages/airflow/example_dags/example_skip_dag.py took 0.094 seconds
[2026-05-09T19:29:02.356+0000] {processor.py:161} INFO - Started process (PID=4347) to work on /home/airflow/.local/lib/python3.12/site-packages/airflow/example_dags/example_skip_dag.py
[2026-05-09T19:29:02.357+0000] {processor.py:830} INFO - Processing file /home/airflow/.local/lib/python3.12/site-packages/airflow/example_dags/example_skip_dag.py for tasks to queue
[2026-05-09T19:29:02.359+0000] {logging_mixin.py:188} INFO - [2026-05-09T19:29:02.359+0000] {dagbag.py:545} INFO - Filling up the DagBag from /home/airflow/.local/lib/python3.12/site-packages/airflow/example_dags/example_skip_dag.py
[2026-05-09T19:29:02.365+0000] {processor.py:840} INFO - DAG(s) 'example_skip_dag' retrieved from /home/airflow/.local/lib/python3.12/site-packages/airflow/example_dags/example_skip_dag.py
[2026-05-09T19:29:02.387+0000] {logging_mixin.py:188} INFO - [2026-05-09T19:29:02.387+0000] {dag.py:3096} INFO - Sync 1 DAGs
[2026-05-09T19:29:02.409+0000] {logging_mixin.py:188} INFO - [2026-05-09T19:29:02.409+0000] {dag.py:3954} INFO - Setting next_dagrun for example_skip_dag to 2026-05-08 00:00:00+00:00, run_after=2026-05-09 00:00:00+00:00
[2026-05-09T19:29:02.431+0000] {processor.py:183} INFO - Processing /home/airflow/.local/lib/python3.12/site-packages/airflow/example_dags/example_skip_dag.py took 0.080 seconds
[2026-05-09T19:29:33.204+0000] {processor.py:161} INFO - Started process (PID=4406) to work on /home/airflow/.local/lib/python3.12/site-packages/airflow/example_dags/example_skip_dag.py
[2026-05-09T19:29:33.205+0000] {processor.py:830} INFO - Processing file /home/airflow/.local/lib/python3.12/site-packages/airflow/example_dags/example_skip_dag.py for tasks to queue
[2026-05-09T19:29:33.207+0000] {logging_mixin.py:188} INFO - [2026-05-09T19:29:33.206+0000] {dagbag.py:545} INFO - Filling up the DagBag from /home/airflow/.local/lib/python3.12/site-packages/airflow/example_dags/example_skip_dag.py
[2026-05-09T19:29:33.214+0000] {processor.py:840} INFO - DAG(s) 'example_skip_dag' retrieved from /home/airflow/.local/lib/python3.12/site-packages/airflow/example_dags/example_skip_dag.py
[2026-05-09T19:29:33.235+0000] {logging_mixin.py:188} INFO - [2026-05-09T19:29:33.234+0000] {dag.py:3096} INFO - Sync 1 DAGs
[2026-05-09T19:29:33.254+0000] {logging_mixin.py:188} INFO - [2026-05-09T19:29:33.254+0000] {dag.py:3954} INFO - Setting next_dagrun for example_skip_dag to 2026-05-08 00:00:00+00:00, run_after=2026-05-09 00:00:00+00:00
[2026-05-09T19:29:33.276+0000] {processor.py:183} INFO - Processing /home/airflow/.local/lib/python3.12/site-packages/airflow/example_dags/example_skip_dag.py took 0.078 seconds
[2026-05-09T19:30:03.955+0000] {processor.py:161} INFO - Started process (PID=4465) to work on /home/airflow/.local/lib/python3.12/site-packages/airflow/example_dags/example_skip_dag.py
[2026-05-09T19:30:03.956+0000] {processor.py:830} INFO - Processing file /home/airflow/.local/lib/python3.12/site-packages/airflow/example_dags/example_skip_dag.py for tasks to queue
[2026-05-09T19:30:03.958+0000] {logging_mixin.py:188} INFO - [2026-05-09T19:30:03.958+0000] {dagbag.py:545} INFO - Filling up the DagBag from /home/airflow/.local/lib/python3.12/site-packages/airflow/example_dags/example_skip_dag.py
[2026-05-09T19:30:03.964+0000] {processor.py:840} INFO - DAG(s) 'example_skip_dag' retrieved from /home/airflow/.local/lib/python3.12/site-packages/airflow/example_dags/example_skip_dag.py
[2026-05-09T19:30:03.985+0000] {logging_mixin.py:188} INFO - [2026-05-09T19:30:03.985+0000] {dag.py:3096} INFO - Sync 1 DAGs
[2026-05-09T19:30:04.006+0000] {logging_mixin.py:188} INFO - [2026-05-09T19:30:04.006+0000] {dag.py:3954} INFO - Setting next_dagrun for example_skip_dag to 2026-05-08 00:00:00+00:00, run_after=2026-05-09 00:00:00+00:00
[2026-05-09T19:30:04.028+0000] {processor.py:183} INFO - Processing /home/airflow/.local/lib/python3.12/site-packages/airflow/example_dags/example_skip_dag.py took 0.078 seconds
[2026-05-09T19:30:34.229+0000] {processor.py:161} INFO - Started process (PID=4524) to work on /home/airflow/.local/lib/python3.12/site-packages/airflow/example_dags/example_skip_dag.py
[2026-05-09T19:30:34.230+0000] {processor.py:830} INFO - Processing file /home/airflow/.local/lib/python3.12/site-packages/airflow/example_dags/example_skip_dag.py for tasks to queue
[2026-05-09T19:30:34.232+0000] {logging_mixin.py:188} INFO - [2026-05-09T19:30:34.232+0000] {dagbag.py:545} INFO - Filling up the DagBag from /home/airflow/.local/lib/python3.12/site-packages/airflow/example_dags/example_skip_dag.py
[2026-05-09T19:30:34.239+0000] {processor.py:840} INFO - DAG(s) 'example_skip_dag' retrieved from /home/airflow/.local/lib/python3.12/site-packages/airflow/example_dags/example_skip_dag.py
[2026-05-09T19:30:34.262+0000] {logging_mixin.py:188} INFO - [2026-05-09T19:30:34.262+0000] {dag.py:3096} INFO - Sync 1 DAGs
[2026-05-09T19:30:34.285+0000] {logging_mixin.py:188} INFO - [2026-05-09T19:30:34.285+0000] {dag.py:3954} INFO - Setting next_dagrun for example_skip_dag to 2026-05-08 00:00:00+00:00, run_after=2026-05-09 00:00:00+00:00
[2026-05-09T19:30:34.311+0000] {processor.py:183} INFO - Processing /home/airflow/.local/lib/python3.12/site-packages/airflow/example_dags/example_skip_dag.py took 0.087 seconds
[2026-05-09T19:31:04.466+0000] {processor.py:161} INFO - Started process (PID=4583) to work on /home/airflow/.local/lib/python3.12/site-packages/airflow/example_dags/example_skip_dag.py
[2026-05-09T19:31:04.467+0000] {processor.py:830} INFO - Processing file /home/airflow/.local/lib/python3.12/site-packages/airflow/example_dags/example_skip_dag.py for tasks to queue
[2026-05-09T19:31:04.469+0000] {logging_mixin.py:188} INFO - [2026-05-09T19:31:04.468+0000] {dagbag.py:545} INFO - Filling up the DagBag from /home/airflow/.local/lib/python3.12/site-packages/airflow/example_dags/example_skip_dag.py
[2026-05-09T19:31:04.475+0000] {processor.py:840} INFO - DAG(s) 'example_skip_dag' retrieved from /home/airflow/.local/lib/python3.12/site-packages/airflow/example_dags/example_skip_dag.py
[2026-05-09T19:31:04.496+0000] {logging_mixin.py:188} INFO - [2026-05-09T19:31:04.495+0000] {dag.py:3096} INFO - Sync 1 DAGs
[2026-05-09T19:31:04.516+0000] {logging_mixin.py:188} INFO - [2026-05-09T19:31:04.516+0000] {dag.py:3954} INFO - Setting next_dagrun for example_skip_dag to 2026-05-08 00:00:00+00:00, run_after=2026-05-09 00:00:00+00:00
[2026-05-09T19:31:04.538+0000] {processor.py:183} INFO - Processing /home/airflow/.local/lib/python3.12/site-packages/airflow/example_dags/example_skip_dag.py took 0.077 seconds
[2026-05-09T19:31:34.682+0000] {processor.py:161} INFO - Started process (PID=4642) to work on /home/airflow/.local/lib/python3.12/site-packages/airflow/example_dags/example_skip_dag.py
[2026-05-09T19:31:34.684+0000] {processor.py:830} INFO - Processing file /home/airflow/.local/lib/python3.12/site-packages/airflow/example_dags/example_skip_dag.py for tasks to queue
[2026-05-09T19:31:34.686+0000] {logging_mixin.py:188} INFO - [2026-05-09T19:31:34.685+0000] {dagbag.py:545} INFO - Filling up the DagBag from /home/airflow/.local/lib/python3.12/site-packages/airflow/example_dags/example_skip_dag.py
[2026-05-09T19:31:34.692+0000] {processor.py:840} INFO - DAG(s) 'example_skip_dag' retrieved from /home/airflow/.local/lib/python3.12/site-packages/airflow/example_dags/example_skip_dag.py
[2026-05-09T19:31:34.714+0000] {logging_mixin.py:188} INFO - [2026-05-09T19:31:34.714+0000] {dag.py:3096} INFO - Sync 1 DAGs
[2026-05-09T19:31:34.736+0000] {logging_mixin.py:188} INFO - [2026-05-09T19:31:34.735+0000] {dag.py:3954} INFO - Setting next_dagrun for example_skip_dag to 2026-05-08 00:00:00+00:00, run_after=2026-05-09 00:00:00+00:00
[2026-05-09T19:31:34.757+0000] {processor.py:183} INFO - Processing /home/airflow/.local/lib/python3.12/site-packages/airflow/example_dags/example_skip_dag.py took 0.080 seconds
[2026-05-09T19:32:04.809+0000] {processor.py:161} INFO - Started process (PID=4701) to work on /home/airflow/.local/lib/python3.12/site-packages/airflow/example_dags/example_skip_dag.py
[2026-05-09T19:32:04.810+0000] {processor.py:830} INFO - Processing file /home/airflow/.local/lib/python3.12/site-packages/airflow/example_dags/example_skip_dag.py for tasks to queue
[2026-05-09T19:32:04.812+0000] {logging_mixin.py:188} INFO - [2026-05-09T19:32:04.812+0000] {dagbag.py:545} INFO - Filling up the DagBag from /home/airflow/.local/lib/python3.12/site-packages/airflow/example_dags/example_skip_dag.py
[2026-05-09T19:32:04.818+0000] {processor.py:840} INFO - DAG(s) 'example_skip_dag' retrieved from /home/airflow/.local/lib/python3.12/site-packages/airflow/example_dags/example_skip_dag.py
[2026-05-09T19:32:04.839+0000] {logging_mixin.py:188} INFO - [2026-05-09T19:32:04.838+0000] {dag.py:3096} INFO - Sync 1 DAGs
[2026-05-09T19:32:04.860+0000] {logging_mixin.py:188} INFO - [2026-05-09T19:32:04.860+0000] {dag.py:3954} INFO - Setting next_dagrun for example_skip_dag to 2026-05-08 00:00:00+00:00, run_after=2026-05-09 00:00:00+00:00
[2026-05-09T19:32:04.882+0000] {processor.py:183} INFO - Processing /home/airflow/.local/lib/python3.12/site-packages/airflow/example_dags/example_skip_dag.py took 0.078 seconds
[2026-05-09T19:32:35.670+0000] {processor.py:161} INFO - Started process (PID=4761) to work on /home/airflow/.local/lib/python3.12/site-packages/airflow/example_dags/example_skip_dag.py
[2026-05-09T19:32:35.671+0000] {processor.py:830} INFO - Processing file /home/airflow/.local/lib/python3.12/site-packages/airflow/example_dags/example_skip_dag.py for tasks to queue
[2026-05-09T19:32:35.674+0000] {logging_mixin.py:188} INFO - [2026-05-09T19:32:35.673+0000] {dagbag.py:545} INFO - Filling up the DagBag from /home/airflow/.local/lib/python3.12/site-packages/airflow/example_dags/example_skip_dag.py
[2026-05-09T19:32:35.682+0000] {processor.py:840} INFO - DAG(s) 'example_skip_dag' retrieved from /home/airflow/.local/lib/python3.12/site-packages/airflow/example_dags/example_skip_dag.py
[2026-05-09T19:32:35.710+0000] {logging_mixin.py:188} INFO - [2026-05-09T19:32:35.709+0000] {dag.py:3096} INFO - Sync 1 DAGs
[2026-05-09T19:32:35.738+0000] {logging_mixin.py:188} INFO - [2026-05-09T19:32:35.738+0000] {dag.py:3954} INFO - Setting next_dagrun for example_skip_dag to 2026-05-08 00:00:00+00:00, run_after=2026-05-09 00:00:00+00:00
[2026-05-09T19:32:35.764+0000] {processor.py:183} INFO - Processing /home/airflow/.local/lib/python3.12/site-packages/airflow/example_dags/example_skip_dag.py took 0.101 seconds
[2026-05-09T19:33:06.422+0000] {processor.py:161} INFO - Started process (PID=4820) to work on /home/airflow/.local/lib/python3.12/site-packages/airflow/example_dags/example_skip_dag.py
[2026-05-09T19:33:06.424+0000] {processor.py:830} INFO - Processing file /home/airflow/.local/lib/python3.12/site-packages/airflow/example_dags/example_skip_dag.py for tasks to queue
[2026-05-09T19:33:06.426+0000] {logging_mixin.py:188} INFO - [2026-05-09T19:33:06.426+0000] {dagbag.py:545} INFO - Filling up the DagBag from /home/airflow/.local/lib/python3.12/site-packages/airflow/example_dags/example_skip_dag.py
[2026-05-09T19:33:06.431+0000] {processor.py:840} INFO - DAG(s) 'example_skip_dag' retrieved from /home/airflow/.local/lib/python3.12/site-packages/airflow/example_dags/example_skip_dag.py
[2026-05-09T19:33:06.452+0000] {logging_mixin.py:188} INFO - [2026-05-09T19:33:06.452+0000] {dag.py:3096} INFO - Sync 1 DAGs
[2026-05-09T19:33:06.473+0000] {logging_mixin.py:188} INFO - [2026-05-09T19:33:06.472+0000] {dag.py:3954} INFO - Setting next_dagrun for example_skip_dag to 2026-05-08 00:00:00+00:00, run_after=2026-05-09 00:00:00+00:00
[2026-05-09T19:33:06.494+0000] {processor.py:183} INFO - Processing /home/airflow/.local/lib/python3.12/site-packages/airflow/example_dags/example_skip_dag.py took 0.077 seconds
[2026-05-09T19:33:36.558+0000] {processor.py:161} INFO - Started process (PID=4879) to work on /home/airflow/.local/lib/python3.12/site-packages/airflow/example_dags/example_skip_dag.py
[2026-05-09T19:33:36.560+0000] {processor.py:830} INFO - Processing file /home/airflow/.local/lib/python3.12/site-packages/airflow/example_dags/example_skip_dag.py for tasks to queue
[2026-05-09T19:33:36.563+0000] {logging_mixin.py:188} INFO - [2026-05-09T19:33:36.563+0000] {dagbag.py:545} INFO - Filling up the DagBag from /home/airflow/.local/lib/python3.12/site-packages/airflow/example_dags/example_skip_dag.py
[2026-05-09T19:33:36.573+0000] {processor.py:840} INFO - DAG(s) 'example_skip_dag' retrieved from /home/airflow/.local/lib/python3.12/site-packages/airflow/example_dags/example_skip_dag.py
[2026-05-09T19:33:36.605+0000] {logging_mixin.py:188} INFO - [2026-05-09T19:33:36.605+0000] {dag.py:3096} INFO - Sync 1 DAGs
[2026-05-09T19:33:36.638+0000] {logging_mixin.py:188} INFO - [2026-05-09T19:33:36.637+0000] {dag.py:3954} INFO - Setting next_dagrun for example_skip_dag to 2026-05-08 00:00:00+00:00, run_after=2026-05-09 00:00:00+00:00
[2026-05-09T19:33:36.666+0000] {processor.py:183} INFO - Processing /home/airflow/.local/lib/python3.12/site-packages/airflow/example_dags/example_skip_dag.py took 0.117 seconds
[2026-05-09T19:34:07.083+0000] {processor.py:161} INFO - Started process (PID=4938) to work on /home/airflow/.local/lib/python3.12/site-packages/airflow/example_dags/example_skip_dag.py
[2026-05-09T19:34:07.085+0000] {processor.py:830} INFO - Processing file /home/airflow/.local/lib/python3.12/site-packages/airflow/example_dags/example_skip_dag.py for tasks to queue
[2026-05-09T19:34:07.089+0000] {logging_mixin.py:188} INFO - [2026-05-09T19:34:07.088+0000] {dagbag.py:545} INFO - Filling up the DagBag from /home/airflow/.local/lib/python3.12/site-packages/airflow/example_dags/example_skip_dag.py
[2026-05-09T19:34:07.103+0000] {processor.py:840} INFO - DAG(s) 'example_skip_dag' retrieved from /home/airflow/.local/lib/python3.12/site-packages/airflow/example_dags/example_skip_dag.py
[2026-05-09T19:34:07.128+0000] {logging_mixin.py:188} INFO - [2026-05-09T19:34:07.128+0000] {dag.py:3096} INFO - Sync 1 DAGs
[2026-05-09T19:34:07.157+0000] {logging_mixin.py:188} INFO - [2026-05-09T19:34:07.157+0000] {dag.py:3954} INFO - Setting next_dagrun for example_skip_dag to 2026-05-08 00:00:00+00:00, run_after=2026-05-09 00:00:00+00:00
[2026-05-09T19:34:07.184+0000] {processor.py:183} INFO - Processing /home/airflow/.local/lib/python3.12/site-packages/airflow/example_dags/example_skip_dag.py took 0.110 seconds
[2026-05-09T19:34:37.702+0000] {processor.py:161} INFO - Started process (PID=4997) to work on /home/airflow/.local/lib/python3.12/site-packages/airflow/example_dags/example_skip_dag.py
[2026-05-09T19:34:37.703+0000] {processor.py:830} INFO - Processing file /home/airflow/.local/lib/python3.12/site-packages/airflow/example_dags/example_skip_dag.py for tasks to queue
[2026-05-09T19:34:37.705+0000] {logging_mixin.py:188} INFO - [2026-05-09T19:34:37.705+0000] {dagbag.py:545} INFO - Filling up the DagBag from /home/airflow/.local/lib/python3.12/site-packages/airflow/example_dags/example_skip_dag.py
[2026-05-09T19:34:37.710+0000] {processor.py:840} INFO - DAG(s) 'example_skip_dag' retrieved from /home/airflow/.local/lib/python3.12/site-packages/airflow/example_dags/example_skip_dag.py
[2026-05-09T19:34:37.732+0000] {logging_mixin.py:188} INFO - [2026-05-09T19:34:37.732+0000] {dag.py:3096} INFO - Sync 1 DAGs
[2026-05-09T19:34:37.756+0000] {logging_mixin.py:188} INFO - [2026-05-09T19:34:37.756+0000] {dag.py:3954} INFO - Setting next_dagrun for example_skip_dag to 2026-05-08 00:00:00+00:00, run_after=2026-05-09 00:00:00+00:00
[2026-05-09T19:34:37.778+0000] {processor.py:183} INFO - Processing /home/airflow/.local/lib/python3.12/site-packages/airflow/example_dags/example_skip_dag.py took 0.082 seconds
[2026-05-09T19:35:08.036+0000] {processor.py:161} INFO - Started process (PID=5056) to work on /home/airflow/.local/lib/python3.12/site-packages/airflow/example_dags/example_skip_dag.py
[2026-05-09T19:35:08.037+0000] {processor.py:830} INFO - Processing file /home/airflow/.local/lib/python3.12/site-packages/airflow/example_dags/example_skip_dag.py for tasks to queue
[2026-05-09T19:35:08.039+0000] {logging_mixin.py:188} INFO - [2026-05-09T19:35:08.039+0000] {dagbag.py:545} INFO - Filling up the DagBag from /home/airflow/.local/lib/python3.12/site-packages/airflow/example_dags/example_skip_dag.py
[2026-05-09T19:35:08.046+0000] {processor.py:840} INFO - DAG(s) 'example_skip_dag' retrieved from /home/airflow/.local/lib/python3.12/site-packages/airflow/example_dags/example_skip_dag.py
[2026-05-09T19:35:08.071+0000] {logging_mixin.py:188} INFO - [2026-05-09T19:35:08.070+0000] {dag.py:3096} INFO - Sync 1 DAGs
[2026-05-09T19:35:08.100+0000] {logging_mixin.py:188} INFO - [2026-05-09T19:35:08.099+0000] {dag.py:3954} INFO - Setting next_dagrun for example_skip_dag to 2026-05-08 00:00:00+00:00, run_after=2026-05-09 00:00:00+00:00
[2026-05-09T19:35:08.128+0000] {processor.py:183} INFO - Processing /home/airflow/.local/lib/python3.12/site-packages/airflow/example_dags/example_skip_dag.py took 0.099 seconds
[2026-05-09T19:35:38.489+0000] {processor.py:161} INFO - Started process (PID=5115) to work on /home/airflow/.local/lib/python3.12/site-packages/airflow/example_dags/example_skip_dag.py
[2026-05-09T19:35:38.491+0000] {processor.py:830} INFO - Processing file /home/airflow/.local/lib/python3.12/site-packages/airflow/example_dags/example_skip_dag.py for tasks to queue
[2026-05-09T19:35:38.493+0000] {logging_mixin.py:188} INFO - [2026-05-09T19:35:38.493+0000] {dagbag.py:545} INFO - Filling up the DagBag from /home/airflow/.local/lib/python3.12/site-packages/airflow/example_dags/example_skip_dag.py
[2026-05-09T19:35:38.498+0000] {processor.py:840} INFO - DAG(s) 'example_skip_dag' retrieved from /home/airflow/.local/lib/python3.12/site-packages/airflow/example_dags/example_skip_dag.py
[2026-05-09T19:35:38.520+0000] {logging_mixin.py:188} INFO - [2026-05-09T19:35:38.519+0000] {dag.py:3096} INFO - Sync 1 DAGs
[2026-05-09T19:35:38.542+0000] {logging_mixin.py:188} INFO - [2026-05-09T19:35:38.541+0000] {dag.py:3954} INFO - Setting next_dagrun for example_skip_dag to 2026-05-08 00:00:00+00:00, run_after=2026-05-09 00:00:00+00:00
[2026-05-09T19:35:38.564+0000] {processor.py:183} INFO - Processing /home/airflow/.local/lib/python3.12/site-packages/airflow/example_dags/example_skip_dag.py took 0.080 seconds
[2026-05-09T19:36:08.781+0000] {processor.py:161} INFO - Started process (PID=5174) to work on /home/airflow/.local/lib/python3.12/site-packages/airflow/example_dags/example_skip_dag.py
[2026-05-09T19:36:08.782+0000] {processor.py:830} INFO - Processing file /home/airflow/.local/lib/python3.12/site-packages/airflow/example_dags/example_skip_dag.py for tasks to queue
[2026-05-09T19:36:08.784+0000] {logging_mixin.py:188} INFO - [2026-05-09T19:36:08.783+0000] {dagbag.py:545} INFO - Filling up the DagBag from /home/airflow/.local/lib/python3.12/site-packages/airflow/example_dags/example_skip_dag.py
[2026-05-09T19:36:08.790+0000] {processor.py:840} INFO - DAG(s) 'example_skip_dag' retrieved from /home/airflow/.local/lib/python3.12/site-packages/airflow/example_dags/example_skip_dag.py
[2026-05-09T19:36:08.814+0000] {logging_mixin.py:188} INFO - [2026-05-09T19:36:08.813+0000] {dag.py:3096} INFO - Sync 1 DAGs
[2026-05-09T19:36:08.837+0000] {logging_mixin.py:188} INFO - [2026-05-09T19:36:08.837+0000] {dag.py:3954} INFO - Setting next_dagrun for example_skip_dag to 2026-05-08 00:00:00+00:00, run_after=2026-05-09 00:00:00+00:00
[2026-05-09T19:36:08.862+0000] {processor.py:183} INFO - Processing /home/airflow/.local/lib/python3.12/site-packages/airflow/example_dags/example_skip_dag.py took 0.087 seconds
[2026-05-09T19:36:39.494+0000] {processor.py:161} INFO - Started process (PID=5233) to work on /home/airflow/.local/lib/python3.12/site-packages/airflow/example_dags/example_skip_dag.py
[2026-05-09T19:36:39.495+0000] {processor.py:830} INFO - Processing file /home/airflow/.local/lib/python3.12/site-packages/airflow/example_dags/example_skip_dag.py for tasks to queue
[2026-05-09T19:36:39.498+0000] {logging_mixin.py:188} INFO - [2026-05-09T19:36:39.497+0000] {dagbag.py:545} INFO - Filling up the DagBag from /home/airflow/.local/lib/python3.12/site-packages/airflow/example_dags/example_skip_dag.py
[2026-05-09T19:36:39.503+0000] {processor.py:840} INFO - DAG(s) 'example_skip_dag' retrieved from /home/airflow/.local/lib/python3.12/site-packages/airflow/example_dags/example_skip_dag.py
[2026-05-09T19:36:39.525+0000] {logging_mixin.py:188} INFO - [2026-05-09T19:36:39.525+0000] {dag.py:3096} INFO - Sync 1 DAGs
[2026-05-09T19:36:39.547+0000] {logging_mixin.py:188} INFO - [2026-05-09T19:36:39.546+0000] {dag.py:3954} INFO - Setting next_dagrun for example_skip_dag to 2026-05-08 00:00:00+00:00, run_after=2026-05-09 00:00:00+00:00
[2026-05-09T19:36:39.570+0000] {processor.py:183} INFO - Processing /home/airflow/.local/lib/python3.12/site-packages/airflow/example_dags/example_skip_dag.py took 0.081 seconds
[2026-05-09T19:37:09.754+0000] {processor.py:161} INFO - Started process (PID=5292) to work on /home/airflow/.local/lib/python3.12/site-packages/airflow/example_dags/example_skip_dag.py
[2026-05-09T19:37:09.756+0000] {processor.py:830} INFO - Processing file /home/airflow/.local/lib/python3.12/site-packages/airflow/example_dags/example_skip_dag.py for tasks to queue
[2026-05-09T19:37:09.758+0000] {logging_mixin.py:188} INFO - [2026-05-09T19:37:09.757+0000] {dagbag.py:545} INFO - Filling up the DagBag from /home/airflow/.local/lib/python3.12/site-packages/airflow/example_dags/example_skip_dag.py
[2026-05-09T19:37:09.763+0000] {processor.py:840} INFO - DAG(s) 'example_skip_dag' retrieved from /home/airflow/.local/lib/python3.12/site-packages/airflow/example_dags/example_skip_dag.py
[2026-05-09T19:37:09.784+0000] {logging_mixin.py:188} INFO - [2026-05-09T19:37:09.784+0000] {dag.py:3096} INFO - Sync 1 DAGs
[2026-05-09T19:37:09.806+0000] {logging_mixin.py:188} INFO - [2026-05-09T19:37:09.805+0000] {dag.py:3954} INFO - Setting next_dagrun for example_skip_dag to 2026-05-08 00:00:00+00:00, run_after=2026-05-09 00:00:00+00:00
[2026-05-09T19:37:09.829+0000] {processor.py:183} INFO - Processing /home/airflow/.local/lib/python3.12/site-packages/airflow/example_dags/example_skip_dag.py took 0.080 seconds
[2026-05-09T19:37:40.472+0000] {processor.py:161} INFO - Started process (PID=5351) to work on /home/airflow/.local/lib/python3.12/site-packages/airflow/example_dags/example_skip_dag.py
[2026-05-09T19:37:40.474+0000] {processor.py:830} INFO - Processing file /home/airflow/.local/lib/python3.12/site-packages/airflow/example_dags/example_skip_dag.py for tasks to queue
[2026-05-09T19:37:40.477+0000] {logging_mixin.py:188} INFO - [2026-05-09T19:37:40.476+0000] {dagbag.py:545} INFO - Filling up the DagBag from /home/airflow/.local/lib/python3.12/site-packages/airflow/example_dags/example_skip_dag.py
[2026-05-09T19:37:40.484+0000] {processor.py:840} INFO - DAG(s) 'example_skip_dag' retrieved from /home/airflow/.local/lib/python3.12/site-packages/airflow/example_dags/example_skip_dag.py
[2026-05-09T19:37:40.510+0000] {logging_mixin.py:188} INFO - [2026-05-09T19:37:40.510+0000] {dag.py:3096} INFO - Sync 1 DAGs
[2026-05-09T19:37:40.536+0000] {logging_mixin.py:188} INFO - [2026-05-09T19:37:40.536+0000] {dag.py:3954} INFO - Setting next_dagrun for example_skip_dag to 2026-05-08 00:00:00+00:00, run_after=2026-05-09 00:00:00+00:00
[2026-05-09T19:37:40.563+0000] {processor.py:183} INFO - Processing /home/airflow/.local/lib/python3.12/site-packages/airflow/example_dags/example_skip_dag.py took 0.096 seconds
[2026-05-09T19:38:10.617+0000] {processor.py:161} INFO - Started process (PID=5410) to work on /home/airflow/.local/lib/python3.12/site-packages/airflow/example_dags/example_skip_dag.py
[2026-05-09T19:38:10.618+0000] {processor.py:830} INFO - Processing file /home/airflow/.local/lib/python3.12/site-packages/airflow/example_dags/example_skip_dag.py for tasks to queue
[2026-05-09T19:38:10.621+0000] {logging_mixin.py:188} INFO - [2026-05-09T19:38:10.620+0000] {dagbag.py:545} INFO - Filling up the DagBag from /home/airflow/.local/lib/python3.12/site-packages/airflow/example_dags/example_skip_dag.py
[2026-05-09T19:38:10.626+0000] {processor.py:840} INFO - DAG(s) 'example_skip_dag' retrieved from /home/airflow/.local/lib/python3.12/site-packages/airflow/example_dags/example_skip_dag.py
[2026-05-09T19:38:10.647+0000] {logging_mixin.py:188} INFO - [2026-05-09T19:38:10.647+0000] {dag.py:3096} INFO - Sync 1 DAGs
[2026-05-09T19:38:10.668+0000] {logging_mixin.py:188} INFO - [2026-05-09T19:38:10.668+0000] {dag.py:3954} INFO - Setting next_dagrun for example_skip_dag to 2026-05-08 00:00:00+00:00, run_after=2026-05-09 00:00:00+00:00
[2026-05-09T19:38:10.693+0000] {processor.py:183} INFO - Processing /home/airflow/.local/lib/python3.12/site-packages/airflow/example_dags/example_skip_dag.py took 0.082 seconds
[2026-05-09T19:38:40.795+0000] {processor.py:161} INFO - Started process (PID=5469) to work on /home/airflow/.local/lib/python3.12/site-packages/airflow/example_dags/example_skip_dag.py
[2026-05-09T19:38:40.796+0000] {processor.py:830} INFO - Processing file /home/airflow/.local/lib/python3.12/site-packages/airflow/example_dags/example_skip_dag.py for tasks to queue
[2026-05-09T19:38:40.798+0000] {logging_mixin.py:188} INFO - [2026-05-09T19:38:40.798+0000] {dagbag.py:545} INFO - Filling up the DagBag from /home/airflow/.local/lib/python3.12/site-packages/airflow/example_dags/example_skip_dag.py
[2026-05-09T19:38:40.804+0000] {processor.py:840} INFO - DAG(s) 'example_skip_dag' retrieved from /home/airflow/.local/lib/python3.12/site-packages/airflow/example_dags/example_skip_dag.py
[2026-05-09T19:38:40.827+0000] {logging_mixin.py:188} INFO - [2026-05-09T19:38:40.827+0000] {dag.py:3096} INFO - Sync 1 DAGs
[2026-05-09T19:38:40.849+0000] {logging_mixin.py:188} INFO - [2026-05-09T19:38:40.849+0000] {dag.py:3954} INFO - Setting next_dagrun for example_skip_dag to 2026-05-08 00:00:00+00:00, run_after=2026-05-09 00:00:00+00:00
[2026-05-09T19:38:40.877+0000] {processor.py:183} INFO - Processing /home/airflow/.local/lib/python3.12/site-packages/airflow/example_dags/example_skip_dag.py took 0.088 seconds
[2026-05-09T19:39:11.669+0000] {processor.py:161} INFO - Started process (PID=5528) to work on /home/airflow/.local/lib/python3.12/site-packages/airflow/example_dags/example_skip_dag.py
[2026-05-09T19:39:11.670+0000] {processor.py:830} INFO - Processing file /home/airflow/.local/lib/python3.12/site-packages/airflow/example_dags/example_skip_dag.py for tasks to queue
[2026-05-09T19:39:11.673+0000] {logging_mixin.py:188} INFO - [2026-05-09T19:39:11.673+0000] {dagbag.py:545} INFO - Filling up the DagBag from /home/airflow/.local/lib/python3.12/site-packages/airflow/example_dags/example_skip_dag.py
[2026-05-09T19:39:11.679+0000] {processor.py:840} INFO - DAG(s) 'example_skip_dag' retrieved from /home/airflow/.local/lib/python3.12/site-packages/airflow/example_dags/example_skip_dag.py
[2026-05-09T19:39:11.700+0000] {logging_mixin.py:188} INFO - [2026-05-09T19:39:11.700+0000] {dag.py:3096} INFO - Sync 1 DAGs
[2026-05-09T19:39:11.721+0000] {logging_mixin.py:188} INFO - [2026-05-09T19:39:11.721+0000] {dag.py:3954} INFO - Setting next_dagrun for example_skip_dag to 2026-05-08 00:00:00+00:00, run_after=2026-05-09 00:00:00+00:00
[2026-05-09T19:39:11.744+0000] {processor.py:183} INFO - Processing /home/airflow/.local/lib/python3.12/site-packages/airflow/example_dags/example_skip_dag.py took 0.080 seconds
[2026-05-09T19:39:42.337+0000] {processor.py:161} INFO - Started process (PID=5587) to work on /home/airflow/.local/lib/python3.12/site-packages/airflow/example_dags/example_skip_dag.py
[2026-05-09T19:39:42.339+0000] {processor.py:830} INFO - Processing file /home/airflow/.local/lib/python3.12/site-packages/airflow/example_dags/example_skip_dag.py for tasks to queue
[2026-05-09T19:39:42.342+0000] {logging_mixin.py:188} INFO - [2026-05-09T19:39:42.342+0000] {dagbag.py:545} INFO - Filling up the DagBag from /home/airflow/.local/lib/python3.12/site-packages/airflow/example_dags/example_skip_dag.py
[2026-05-09T19:39:42.349+0000] {processor.py:840} INFO - DAG(s) 'example_skip_dag' retrieved from /home/airflow/.local/lib/python3.12/site-packages/airflow/example_dags/example_skip_dag.py
[2026-05-09T19:39:42.373+0000] {logging_mixin.py:188} INFO - [2026-05-09T19:39:42.373+0000] {dag.py:3096} INFO - Sync 1 DAGs
[2026-05-09T19:39:42.399+0000] {logging_mixin.py:188} INFO - [2026-05-09T19:39:42.398+0000] {dag.py:3954} INFO - Setting next_dagrun for example_skip_dag to 2026-05-08 00:00:00+00:00, run_after=2026-05-09 00:00:00+00:00
[2026-05-09T19:39:42.423+0000] {processor.py:183} INFO - Processing /home/airflow/.local/lib/python3.12/site-packages/airflow/example_dags/example_skip_dag.py took 0.092 seconds
[2026-05-09T19:40:13.159+0000] {processor.py:161} INFO - Started process (PID=5646) to work on /home/airflow/.local/lib/python3.12/site-packages/airflow/example_dags/example_skip_dag.py
[2026-05-09T19:40:13.160+0000] {processor.py:830} INFO - Processing file /home/airflow/.local/lib/python3.12/site-packages/airflow/example_dags/example_skip_dag.py for tasks to queue
[2026-05-09T19:40:13.163+0000] {logging_mixin.py:188} INFO - [2026-05-09T19:40:13.162+0000] {dagbag.py:545} INFO - Filling up the DagBag from /home/airflow/.local/lib/python3.12/site-packages/airflow/example_dags/example_skip_dag.py
[2026-05-09T19:40:13.169+0000] {processor.py:840} INFO - DAG(s) 'example_skip_dag' retrieved from /home/airflow/.local/lib/python3.12/site-packages/airflow/example_dags/example_skip_dag.py
[2026-05-09T19:40:13.190+0000] {logging_mixin.py:188} INFO - [2026-05-09T19:40:13.190+0000] {dag.py:3096} INFO - Sync 1 DAGs
[2026-05-09T19:40:13.215+0000] {logging_mixin.py:188} INFO - [2026-05-09T19:40:13.215+0000] {dag.py:3954} INFO - Setting next_dagrun for example_skip_dag to 2026-05-08 00:00:00+00:00, run_after=2026-05-09 00:00:00+00:00
[2026-05-09T19:40:13.239+0000] {processor.py:183} INFO - Processing /home/airflow/.local/lib/python3.12/site-packages/airflow/example_dags/example_skip_dag.py took 0.086 seconds
[2026-05-09T19:40:43.290+0000] {processor.py:161} INFO - Started process (PID=5705) to work on /home/airflow/.local/lib/python3.12/site-packages/airflow/example_dags/example_skip_dag.py
[2026-05-09T19:40:43.291+0000] {processor.py:830} INFO - Processing file /home/airflow/.local/lib/python3.12/site-packages/airflow/example_dags/example_skip_dag.py for tasks to queue
[2026-05-09T19:40:43.294+0000] {logging_mixin.py:188} INFO - [2026-05-09T19:40:43.293+0000] {dagbag.py:545} INFO - Filling up the DagBag from /home/airflow/.local/lib/python3.12/site-packages/airflow/example_dags/example_skip_dag.py
[2026-05-09T19:40:43.300+0000] {processor.py:840} INFO - DAG(s) 'example_skip_dag' retrieved from /home/airflow/.local/lib/python3.12/site-packages/airflow/example_dags/example_skip_dag.py
[2026-05-09T19:40:43.321+0000] {logging_mixin.py:188} INFO - [2026-05-09T19:40:43.321+0000] {dag.py:3096} INFO - Sync 1 DAGs
[2026-05-09T19:40:43.476+0000] {logging_mixin.py:188} INFO - [2026-05-09T19:40:43.475+0000] {dag.py:3954} INFO - Setting next_dagrun for example_skip_dag to 2026-05-08 00:00:00+00:00, run_after=2026-05-09 00:00:00+00:00
[2026-05-09T19:40:43.499+0000] {processor.py:183} INFO - Processing /home/airflow/.local/lib/python3.12/site-packages/airflow/example_dags/example_skip_dag.py took 0.214 seconds
[2026-05-09T19:41:13.593+0000] {processor.py:161} INFO - Started process (PID=5764) to work on /home/airflow/.local/lib/python3.12/site-packages/airflow/example_dags/example_skip_dag.py
[2026-05-09T19:41:13.595+0000] {processor.py:830} INFO - Processing file /home/airflow/.local/lib/python3.12/site-packages/airflow/example_dags/example_skip_dag.py for tasks to queue
[2026-05-09T19:41:13.596+0000] {logging_mixin.py:188} INFO - [2026-05-09T19:41:13.596+0000] {dagbag.py:545} INFO - Filling up the DagBag from /home/airflow/.local/lib/python3.12/site-packages/airflow/example_dags/example_skip_dag.py
[2026-05-09T19:41:13.603+0000] {processor.py:840} INFO - DAG(s) 'example_skip_dag' retrieved from /home/airflow/.local/lib/python3.12/site-packages/airflow/example_dags/example_skip_dag.py
[2026-05-09T19:41:13.624+0000] {logging_mixin.py:188} INFO - [2026-05-09T19:41:13.624+0000] {dag.py:3096} INFO - Sync 1 DAGs
[2026-05-09T19:41:13.646+0000] {logging_mixin.py:188} INFO - [2026-05-09T19:41:13.646+0000] {dag.py:3954} INFO - Setting next_dagrun for example_skip_dag to 2026-05-08 00:00:00+00:00, run_after=2026-05-09 00:00:00+00:00
[2026-05-09T19:41:13.808+0000] {processor.py:183} INFO - Processing /home/airflow/.local/lib/python3.12/site-packages/airflow/example_dags/example_skip_dag.py took 0.220 seconds
[2026-05-09T19:41:44.780+0000] {processor.py:161} INFO - Started process (PID=5823) to work on /home/airflow/.local/lib/python3.12/site-packages/airflow/example_dags/example_skip_dag.py
[2026-05-09T19:41:44.781+0000] {processor.py:830} INFO - Processing file /home/airflow/.local/lib/python3.12/site-packages/airflow/example_dags/example_skip_dag.py for tasks to queue
[2026-05-09T19:41:44.784+0000] {logging_mixin.py:188} INFO - [2026-05-09T19:41:44.783+0000] {dagbag.py:545} INFO - Filling up the DagBag from /home/airflow/.local/lib/python3.12/site-packages/airflow/example_dags/example_skip_dag.py
[2026-05-09T19:41:44.789+0000] {processor.py:840} INFO - DAG(s) 'example_skip_dag' retrieved from /home/airflow/.local/lib/python3.12/site-packages/airflow/example_dags/example_skip_dag.py
[2026-05-09T19:41:44.811+0000] {logging_mixin.py:188} INFO - [2026-05-09T19:41:44.811+0000] {dag.py:3096} INFO - Sync 1 DAGs
[2026-05-09T19:41:44.832+0000] {logging_mixin.py:188} INFO - [2026-05-09T19:41:44.832+0000] {dag.py:3954} INFO - Setting next_dagrun for example_skip_dag to 2026-05-08 00:00:00+00:00, run_after=2026-05-09 00:00:00+00:00
[2026-05-09T19:41:44.983+0000] {processor.py:183} INFO - Processing /home/airflow/.local/lib/python3.12/site-packages/airflow/example_dags/example_skip_dag.py took 0.208 seconds
[2026-05-09T19:42:15.440+0000] {processor.py:161} INFO - Started process (PID=5882) to work on /home/airflow/.local/lib/python3.12/site-packages/airflow/example_dags/example_skip_dag.py
[2026-05-09T19:42:15.441+0000] {processor.py:830} INFO - Processing file /home/airflow/.local/lib/python3.12/site-packages/airflow/example_dags/example_skip_dag.py for tasks to queue
[2026-05-09T19:42:15.444+0000] {logging_mixin.py:188} INFO - [2026-05-09T19:42:15.444+0000] {dagbag.py:545} INFO - Filling up the DagBag from /home/airflow/.local/lib/python3.12/site-packages/airflow/example_dags/example_skip_dag.py
[2026-05-09T19:42:15.450+0000] {processor.py:840} INFO - DAG(s) 'example_skip_dag' retrieved from /home/airflow/.local/lib/python3.12/site-packages/airflow/example_dags/example_skip_dag.py
[2026-05-09T19:42:15.472+0000] {logging_mixin.py:188} INFO - [2026-05-09T19:42:15.472+0000] {dag.py:3096} INFO - Sync 1 DAGs
[2026-05-09T19:42:15.497+0000] {logging_mixin.py:188} INFO - [2026-05-09T19:42:15.497+0000] {dag.py:3954} INFO - Setting next_dagrun for example_skip_dag to 2026-05-08 00:00:00+00:00, run_after=2026-05-09 00:00:00+00:00
[2026-05-09T19:42:15.655+0000] {processor.py:183} INFO - Processing /home/airflow/.local/lib/python3.12/site-packages/airflow/example_dags/example_skip_dag.py took 0.221 seconds
[2026-05-09T19:42:46.325+0000] {processor.py:161} INFO - Started process (PID=5941) to work on /home/airflow/.local/lib/python3.12/site-packages/airflow/example_dags/example_skip_dag.py
[2026-05-09T19:42:46.326+0000] {processor.py:830} INFO - Processing file /home/airflow/.local/lib/python3.12/site-packages/airflow/example_dags/example_skip_dag.py for tasks to queue
[2026-05-09T19:42:46.329+0000] {logging_mixin.py:188} INFO - [2026-05-09T19:42:46.328+0000] {dagbag.py:545} INFO - Filling up the DagBag from /home/airflow/.local/lib/python3.12/site-packages/airflow/example_dags/example_skip_dag.py
[2026-05-09T19:42:46.335+0000] {processor.py:840} INFO - DAG(s) 'example_skip_dag' retrieved from /home/airflow/.local/lib/python3.12/site-packages/airflow/example_dags/example_skip_dag.py
[2026-05-09T19:42:46.357+0000] {logging_mixin.py:188} INFO - [2026-05-09T19:42:46.357+0000] {dag.py:3096} INFO - Sync 1 DAGs
[2026-05-09T19:42:46.379+0000] {logging_mixin.py:188} INFO - [2026-05-09T19:42:46.378+0000] {dag.py:3954} INFO - Setting next_dagrun for example_skip_dag to 2026-05-08 00:00:00+00:00, run_after=2026-05-09 00:00:00+00:00
[2026-05-09T19:42:46.407+0000] {processor.py:183} INFO - Processing /home/airflow/.local/lib/python3.12/site-packages/airflow/example_dags/example_skip_dag.py took 0.088 seconds
[2026-05-09T19:43:16.819+0000] {processor.py:161} INFO - Started process (PID=5994) to work on /home/airflow/.local/lib/python3.12/site-packages/airflow/example_dags/example_skip_dag.py
[2026-05-09T19:43:16.820+0000] {processor.py:830} INFO - Processing file /home/airflow/.local/lib/python3.12/site-packages/airflow/example_dags/example_skip_dag.py for tasks to queue
[2026-05-09T19:43:16.822+0000] {logging_mixin.py:188} INFO - [2026-05-09T19:43:16.822+0000] {dagbag.py:545} INFO - Filling up the DagBag from /home/airflow/.local/lib/python3.12/site-packages/airflow/example_dags/example_skip_dag.py
[2026-05-09T19:43:16.827+0000] {processor.py:840} INFO - DAG(s) 'example_skip_dag' retrieved from /home/airflow/.local/lib/python3.12/site-packages/airflow/example_dags/example_skip_dag.py
[2026-05-09T19:43:16.851+0000] {logging_mixin.py:188} INFO - [2026-05-09T19:43:16.850+0000] {dag.py:3096} INFO - Sync 1 DAGs
[2026-05-09T19:43:16.872+0000] {logging_mixin.py:188} INFO - [2026-05-09T19:43:16.872+0000] {dag.py:3954} INFO - Setting next_dagrun for example_skip_dag to 2026-05-08 00:00:00+00:00, run_after=2026-05-09 00:00:00+00:00
[2026-05-09T19:43:16.897+0000] {processor.py:183} INFO - Processing /home/airflow/.local/lib/python3.12/site-packages/airflow/example_dags/example_skip_dag.py took 0.084 seconds
[2026-05-09T19:43:47.611+0000] {processor.py:161} INFO - Started process (PID=6054) to work on /home/airflow/.local/lib/python3.12/site-packages/airflow/example_dags/example_skip_dag.py
[2026-05-09T19:43:47.613+0000] {processor.py:830} INFO - Processing file /home/airflow/.local/lib/python3.12/site-packages/airflow/example_dags/example_skip_dag.py for tasks to queue
[2026-05-09T19:43:47.616+0000] {logging_mixin.py:188} INFO - [2026-05-09T19:43:47.616+0000] {dagbag.py:545} INFO - Filling up the DagBag from /home/airflow/.local/lib/python3.12/site-packages/airflow/example_dags/example_skip_dag.py
[2026-05-09T19:43:47.623+0000] {processor.py:840} INFO - DAG(s) 'example_skip_dag' retrieved from /home/airflow/.local/lib/python3.12/site-packages/airflow/example_dags/example_skip_dag.py
[2026-05-09T19:43:47.653+0000] {logging_mixin.py:188} INFO - [2026-05-09T19:43:47.653+0000] {dag.py:3096} INFO - Sync 1 DAGs
[2026-05-09T19:43:47.683+0000] {logging_mixin.py:188} INFO - [2026-05-09T19:43:47.683+0000] {dag.py:3954} INFO - Setting next_dagrun for example_skip_dag to 2026-05-08 00:00:00+00:00, run_after=2026-05-09 00:00:00+00:00
[2026-05-09T19:43:47.716+0000] {processor.py:183} INFO - Processing /home/airflow/.local/lib/python3.12/site-packages/airflow/example_dags/example_skip_dag.py took 0.111 seconds
[2026-05-09T19:44:17.916+0000] {processor.py:161} INFO - Started process (PID=6113) to work on /home/airflow/.local/lib/python3.12/site-packages/airflow/example_dags/example_skip_dag.py
[2026-05-09T19:44:17.917+0000] {processor.py:830} INFO - Processing file /home/airflow/.local/lib/python3.12/site-packages/airflow/example_dags/example_skip_dag.py for tasks to queue
[2026-05-09T19:44:17.919+0000] {logging_mixin.py:188} INFO - [2026-05-09T19:44:17.919+0000] {dagbag.py:545} INFO - Filling up the DagBag from /home/airflow/.local/lib/python3.12/site-packages/airflow/example_dags/example_skip_dag.py
[2026-05-09T19:44:17.926+0000] {processor.py:840} INFO - DAG(s) 'example_skip_dag' retrieved from /home/airflow/.local/lib/python3.12/site-packages/airflow/example_dags/example_skip_dag.py
[2026-05-09T19:44:17.948+0000] {logging_mixin.py:188} INFO - [2026-05-09T19:44:17.947+0000] {dag.py:3096} INFO - Sync 1 DAGs
[2026-05-09T19:44:17.969+0000] {logging_mixin.py:188} INFO - [2026-05-09T19:44:17.969+0000] {dag.py:3954} INFO - Setting next_dagrun for example_skip_dag to 2026-05-08 00:00:00+00:00, run_after=2026-05-09 00:00:00+00:00
[2026-05-09T19:44:17.993+0000] {processor.py:183} INFO - Processing /home/airflow/.local/lib/python3.12/site-packages/airflow/example_dags/example_skip_dag.py took 0.082 seconds
[2026-05-09T19:44:48.086+0000] {processor.py:161} INFO - Started process (PID=6172) to work on /home/airflow/.local/lib/python3.12/site-packages/airflow/example_dags/example_skip_dag.py
[2026-05-09T19:44:48.087+0000] {processor.py:830} INFO - Processing file /home/airflow/.local/lib/python3.12/site-packages/airflow/example_dags/example_skip_dag.py for tasks to queue
[2026-05-09T19:44:48.089+0000] {logging_mixin.py:188} INFO - [2026-05-09T19:44:48.089+0000] {dagbag.py:545} INFO - Filling up the DagBag from /home/airflow/.local/lib/python3.12/site-packages/airflow/example_dags/example_skip_dag.py
[2026-05-09T19:44:48.095+0000] {processor.py:840} INFO - DAG(s) 'example_skip_dag' retrieved from /home/airflow/.local/lib/python3.12/site-packages/airflow/example_dags/example_skip_dag.py
[2026-05-09T19:44:48.117+0000] {logging_mixin.py:188} INFO - [2026-05-09T19:44:48.117+0000] {dag.py:3096} INFO - Sync 1 DAGs
[2026-05-09T19:44:48.139+0000] {logging_mixin.py:188} INFO - [2026-05-09T19:44:48.139+0000] {dag.py:3954} INFO - Setting next_dagrun for example_skip_dag to 2026-05-08 00:00:00+00:00, run_after=2026-05-09 00:00:00+00:00
[2026-05-09T19:44:48.164+0000] {processor.py:183} INFO - Processing /home/airflow/.local/lib/python3.12/site-packages/airflow/example_dags/example_skip_dag.py took 0.083 seconds
[2026-05-09T19:45:19.144+0000] {processor.py:161} INFO - Started process (PID=6232) to work on /home/airflow/.local/lib/python3.12/site-packages/airflow/example_dags/example_skip_dag.py
[2026-05-09T19:45:19.145+0000] {processor.py:830} INFO - Processing file /home/airflow/.local/lib/python3.12/site-packages/airflow/example_dags/example_skip_dag.py for tasks to queue
[2026-05-09T19:45:19.147+0000] {logging_mixin.py:188} INFO - [2026-05-09T19:45:19.147+0000] {dagbag.py:545} INFO - Filling up the DagBag from /home/airflow/.local/lib/python3.12/site-packages/airflow/example_dags/example_skip_dag.py
[2026-05-09T19:45:19.153+0000] {processor.py:840} INFO - DAG(s) 'example_skip_dag' retrieved from /home/airflow/.local/lib/python3.12/site-packages/airflow/example_dags/example_skip_dag.py
[2026-05-09T19:45:19.175+0000] {logging_mixin.py:188} INFO - [2026-05-09T19:45:19.175+0000] {dag.py:3096} INFO - Sync 1 DAGs
[2026-05-09T19:45:19.197+0000] {logging_mixin.py:188} INFO - [2026-05-09T19:45:19.197+0000] {dag.py:3954} INFO - Setting next_dagrun for example_skip_dag to 2026-05-08 00:00:00+00:00, run_after=2026-05-09 00:00:00+00:00
[2026-05-09T19:45:19.220+0000] {processor.py:183} INFO - Processing /home/airflow/.local/lib/python3.12/site-packages/airflow/example_dags/example_skip_dag.py took 0.081 seconds
[2026-05-09T19:45:49.880+0000] {processor.py:161} INFO - Started process (PID=6291) to work on /home/airflow/.local/lib/python3.12/site-packages/airflow/example_dags/example_skip_dag.py
[2026-05-09T19:45:49.881+0000] {processor.py:830} INFO - Processing file /home/airflow/.local/lib/python3.12/site-packages/airflow/example_dags/example_skip_dag.py for tasks to queue
[2026-05-09T19:45:49.884+0000] {logging_mixin.py:188} INFO - [2026-05-09T19:45:49.883+0000] {dagbag.py:545} INFO - Filling up the DagBag from /home/airflow/.local/lib/python3.12/site-packages/airflow/example_dags/example_skip_dag.py
[2026-05-09T19:45:49.892+0000] {processor.py:840} INFO - DAG(s) 'example_skip_dag' retrieved from /home/airflow/.local/lib/python3.12/site-packages/airflow/example_dags/example_skip_dag.py
[2026-05-09T19:45:49.919+0000] {logging_mixin.py:188} INFO - [2026-05-09T19:45:49.918+0000] {dag.py:3096} INFO - Sync 1 DAGs
[2026-05-09T19:45:49.940+0000] {logging_mixin.py:188} INFO - [2026-05-09T19:45:49.940+0000] {dag.py:3954} INFO - Setting next_dagrun for example_skip_dag to 2026-05-08 00:00:00+00:00, run_after=2026-05-09 00:00:00+00:00
[2026-05-09T19:45:49.962+0000] {processor.py:183} INFO - Processing /home/airflow/.local/lib/python3.12/site-packages/airflow/example_dags/example_skip_dag.py took 0.089 seconds
[2026-05-09T19:46:20.502+0000] {processor.py:161} INFO - Started process (PID=6350) to work on /home/airflow/.local/lib/python3.12/site-packages/airflow/example_dags/example_skip_dag.py
[2026-05-09T19:46:20.504+0000] {processor.py:830} INFO - Processing file /home/airflow/.local/lib/python3.12/site-packages/airflow/example_dags/example_skip_dag.py for tasks to queue
[2026-05-09T19:46:20.506+0000] {logging_mixin.py:188} INFO - [2026-05-09T19:46:20.505+0000] {dagbag.py:545} INFO - Filling up the DagBag from /home/airflow/.local/lib/python3.12/site-packages/airflow/example_dags/example_skip_dag.py
[2026-05-09T19:46:20.511+0000] {processor.py:840} INFO - DAG(s) 'example_skip_dag' retrieved from /home/airflow/.local/lib/python3.12/site-packages/airflow/example_dags/example_skip_dag.py
[2026-05-09T19:46:20.532+0000] {logging_mixin.py:188} INFO - [2026-05-09T19:46:20.532+0000] {dag.py:3096} INFO - Sync 1 DAGs
[2026-05-09T19:46:20.554+0000] {logging_mixin.py:188} INFO - [2026-05-09T19:46:20.554+0000] {dag.py:3954} INFO - Setting next_dagrun for example_skip_dag to 2026-05-08 00:00:00+00:00, run_after=2026-05-09 00:00:00+00:00
[2026-05-09T19:46:20.578+0000] {processor.py:183} INFO - Processing /home/airflow/.local/lib/python3.12/site-packages/airflow/example_dags/example_skip_dag.py took 0.081 seconds
[2026-05-09T19:46:50.919+0000] {processor.py:161} INFO - Started process (PID=6409) to work on /home/airflow/.local/lib/python3.12/site-packages/airflow/example_dags/example_skip_dag.py
[2026-05-09T19:46:50.920+0000] {processor.py:830} INFO - Processing file /home/airflow/.local/lib/python3.12/site-packages/airflow/example_dags/example_skip_dag.py for tasks to queue
[2026-05-09T19:46:50.922+0000] {logging_mixin.py:188} INFO - [2026-05-09T19:46:50.921+0000] {dagbag.py:545} INFO - Filling up the DagBag from /home/airflow/.local/lib/python3.12/site-packages/airflow/example_dags/example_skip_dag.py
[2026-05-09T19:46:50.928+0000] {processor.py:840} INFO - DAG(s) 'example_skip_dag' retrieved from /home/airflow/.local/lib/python3.12/site-packages/airflow/example_dags/example_skip_dag.py
[2026-05-09T19:46:50.950+0000] {logging_mixin.py:188} INFO - [2026-05-09T19:46:50.949+0000] {dag.py:3096} INFO - Sync 1 DAGs
[2026-05-09T19:46:50.971+0000] {logging_mixin.py:188} INFO - [2026-05-09T19:46:50.971+0000] {dag.py:3954} INFO - Setting next_dagrun for example_skip_dag to 2026-05-08 00:00:00+00:00, run_after=2026-05-09 00:00:00+00:00
[2026-05-09T19:46:50.995+0000] {processor.py:183} INFO - Processing /home/airflow/.local/lib/python3.12/site-packages/airflow/example_dags/example_skip_dag.py took 0.082 seconds
[2026-05-09T19:47:21.552+0000] {processor.py:161} INFO - Started process (PID=6468) to work on /home/airflow/.local/lib/python3.12/site-packages/airflow/example_dags/example_skip_dag.py
[2026-05-09T19:47:21.553+0000] {processor.py:830} INFO - Processing file /home/airflow/.local/lib/python3.12/site-packages/airflow/example_dags/example_skip_dag.py for tasks to queue
[2026-05-09T19:47:21.555+0000] {logging_mixin.py:188} INFO - [2026-05-09T19:47:21.554+0000] {dagbag.py:545} INFO - Filling up the DagBag from /home/airflow/.local/lib/python3.12/site-packages/airflow/example_dags/example_skip_dag.py
[2026-05-09T19:47:21.561+0000] {processor.py:840} INFO - DAG(s) 'example_skip_dag' retrieved from /home/airflow/.local/lib/python3.12/site-packages/airflow/example_dags/example_skip_dag.py
[2026-05-09T19:47:21.583+0000] {logging_mixin.py:188} INFO - [2026-05-09T19:47:21.583+0000] {dag.py:3096} INFO - Sync 1 DAGs
[2026-05-09T19:47:21.605+0000] {logging_mixin.py:188} INFO - [2026-05-09T19:47:21.605+0000] {dag.py:3954} INFO - Setting next_dagrun for example_skip_dag to 2026-05-08 00:00:00+00:00, run_after=2026-05-09 00:00:00+00:00
[2026-05-09T19:47:21.629+0000] {processor.py:183} INFO - Processing /home/airflow/.local/lib/python3.12/site-packages/airflow/example_dags/example_skip_dag.py took 0.084 seconds
[2026-05-09T19:47:52.026+0000] {processor.py:161} INFO - Started process (PID=6527) to work on /home/airflow/.local/lib/python3.12/site-packages/airflow/example_dags/example_skip_dag.py
[2026-05-09T19:47:52.027+0000] {processor.py:830} INFO - Processing file /home/airflow/.local/lib/python3.12/site-packages/airflow/example_dags/example_skip_dag.py for tasks to queue
[2026-05-09T19:47:52.029+0000] {logging_mixin.py:188} INFO - [2026-05-09T19:47:52.029+0000] {dagbag.py:545} INFO - Filling up the DagBag from /home/airflow/.local/lib/python3.12/site-packages/airflow/example_dags/example_skip_dag.py
[2026-05-09T19:47:52.035+0000] {processor.py:840} INFO - DAG(s) 'example_skip_dag' retrieved from /home/airflow/.local/lib/python3.12/site-packages/airflow/example_dags/example_skip_dag.py
[2026-05-09T19:47:52.056+0000] {logging_mixin.py:188} INFO - [2026-05-09T19:47:52.056+0000] {dag.py:3096} INFO - Sync 1 DAGs
[2026-05-09T19:47:52.077+0000] {logging_mixin.py:188} INFO - [2026-05-09T19:47:52.077+0000] {dag.py:3954} INFO - Setting next_dagrun for example_skip_dag to 2026-05-08 00:00:00+00:00, run_after=2026-05-09 00:00:00+00:00
[2026-05-09T19:47:52.101+0000] {processor.py:183} INFO - Processing /home/airflow/.local/lib/python3.12/site-packages/airflow/example_dags/example_skip_dag.py took 0.080 seconds
[2026-05-09T19:48:22.420+0000] {processor.py:161} INFO - Started process (PID=6586) to work on /home/airflow/.local/lib/python3.12/site-packages/airflow/example_dags/example_skip_dag.py
[2026-05-09T19:48:22.421+0000] {processor.py:830} INFO - Processing file /home/airflow/.local/lib/python3.12/site-packages/airflow/example_dags/example_skip_dag.py for tasks to queue
[2026-05-09T19:48:22.425+0000] {logging_mixin.py:188} INFO - [2026-05-09T19:48:22.424+0000] {dagbag.py:545} INFO - Filling up the DagBag from /home/airflow/.local/lib/python3.12/site-packages/airflow/example_dags/example_skip_dag.py
[2026-05-09T19:48:22.432+0000] {processor.py:840} INFO - DAG(s) 'example_skip_dag' retrieved from /home/airflow/.local/lib/python3.12/site-packages/airflow/example_dags/example_skip_dag.py
[2026-05-09T19:48:22.458+0000] {logging_mixin.py:188} INFO - [2026-05-09T19:48:22.458+0000] {dag.py:3096} INFO - Sync 1 DAGs
[2026-05-09T19:48:22.488+0000] {logging_mixin.py:188} INFO - [2026-05-09T19:48:22.487+0000] {dag.py:3954} INFO - Setting next_dagrun for example_skip_dag to 2026-05-08 00:00:00+00:00, run_after=2026-05-09 00:00:00+00:00
[2026-05-09T19:48:22.519+0000] {processor.py:183} INFO - Processing /home/airflow/.local/lib/python3.12/site-packages/airflow/example_dags/example_skip_dag.py took 0.105 seconds
[2026-05-09T19:48:53.202+0000] {processor.py:161} INFO - Started process (PID=6645) to work on /home/airflow/.local/lib/python3.12/site-packages/airflow/example_dags/example_skip_dag.py
[2026-05-09T19:48:53.204+0000] {processor.py:830} INFO - Processing file /home/airflow/.local/lib/python3.12/site-packages/airflow/example_dags/example_skip_dag.py for tasks to queue
[2026-05-09T19:48:53.207+0000] {logging_mixin.py:188} INFO - [2026-05-09T19:48:53.207+0000] {dagbag.py:545} INFO - Filling up the DagBag from /home/airflow/.local/lib/python3.12/site-packages/airflow/example_dags/example_skip_dag.py
[2026-05-09T19:48:53.216+0000] {processor.py:840} INFO - DAG(s) 'example_skip_dag' retrieved from /home/airflow/.local/lib/python3.12/site-packages/airflow/example_dags/example_skip_dag.py
[2026-05-09T19:48:53.239+0000] {logging_mixin.py:188} INFO - [2026-05-09T19:48:53.239+0000] {dag.py:3096} INFO - Sync 1 DAGs
[2026-05-09T19:48:53.265+0000] {logging_mixin.py:188} INFO - [2026-05-09T19:48:53.265+0000] {dag.py:3954} INFO - Setting next_dagrun for example_skip_dag to 2026-05-08 00:00:00+00:00, run_after=2026-05-09 00:00:00+00:00
[2026-05-09T19:48:53.291+0000] {processor.py:183} INFO - Processing /home/airflow/.local/lib/python3.12/site-packages/airflow/example_dags/example_skip_dag.py took 0.096 seconds
[2026-05-09T19:49:23.366+0000] {processor.py:161} INFO - Started process (PID=6705) to work on /home/airflow/.local/lib/python3.12/site-packages/airflow/example_dags/example_skip_dag.py
[2026-05-09T19:49:23.368+0000] {processor.py:830} INFO - Processing file /home/airflow/.local/lib/python3.12/site-packages/airflow/example_dags/example_skip_dag.py for tasks to queue
[2026-05-09T19:49:23.372+0000] {logging_mixin.py:188} INFO - [2026-05-09T19:49:23.371+0000] {dagbag.py:545} INFO - Filling up the DagBag from /home/airflow/.local/lib/python3.12/site-packages/airflow/example_dags/example_skip_dag.py
[2026-05-09T19:49:23.384+0000] {processor.py:840} INFO - DAG(s) 'example_skip_dag' retrieved from /home/airflow/.local/lib/python3.12/site-packages/airflow/example_dags/example_skip_dag.py
[2026-05-09T19:49:23.413+0000] {logging_mixin.py:188} INFO - [2026-05-09T19:49:23.413+0000] {dag.py:3096} INFO - Sync 1 DAGs
[2026-05-09T19:49:23.442+0000] {logging_mixin.py:188} INFO - [2026-05-09T19:49:23.441+0000] {dag.py:3954} INFO - Setting next_dagrun for example_skip_dag to 2026-05-08 00:00:00+00:00, run_after=2026-05-09 00:00:00+00:00
[2026-05-09T19:49:23.468+0000] {processor.py:183} INFO - Processing /home/airflow/.local/lib/python3.12/site-packages/airflow/example_dags/example_skip_dag.py took 0.113 seconds
[2026-05-09T19:49:54.419+0000] {processor.py:161} INFO - Started process (PID=6764) to work on /home/airflow/.local/lib/python3.12/site-packages/airflow/example_dags/example_skip_dag.py
[2026-05-09T19:49:54.423+0000] {processor.py:830} INFO - Processing file /home/airflow/.local/lib/python3.12/site-packages/airflow/example_dags/example_skip_dag.py for tasks to queue
[2026-05-09T19:49:54.430+0000] {logging_mixin.py:188} INFO - [2026-05-09T19:49:54.429+0000] {dagbag.py:545} INFO - Filling up the DagBag from /home/airflow/.local/lib/python3.12/site-packages/airflow/example_dags/example_skip_dag.py
[2026-05-09T19:49:54.445+0000] {processor.py:840} INFO - DAG(s) 'example_skip_dag' retrieved from /home/airflow/.local/lib/python3.12/site-packages/airflow/example_dags/example_skip_dag.py
[2026-05-09T19:49:54.495+0000] {logging_mixin.py:188} INFO - [2026-05-09T19:49:54.495+0000] {dag.py:3096} INFO - Sync 1 DAGs
[2026-05-09T19:49:54.540+0000] {logging_mixin.py:188} INFO - [2026-05-09T19:49:54.540+0000] {dag.py:3954} INFO - Setting next_dagrun for example_skip_dag to 2026-05-08 00:00:00+00:00, run_after=2026-05-09 00:00:00+00:00
[2026-05-09T19:49:54.566+0000] {processor.py:183} INFO - Processing /home/airflow/.local/lib/python3.12/site-packages/airflow/example_dags/example_skip_dag.py took 0.160 seconds
[2026-05-09T19:50:24.900+0000] {processor.py:161} INFO - Started process (PID=6824) to work on /home/airflow/.local/lib/python3.12/site-packages/airflow/example_dags/example_skip_dag.py
[2026-05-09T19:50:24.902+0000] {processor.py:830} INFO - Processing file /home/airflow/.local/lib/python3.12/site-packages/airflow/example_dags/example_skip_dag.py for tasks to queue
[2026-05-09T19:50:24.905+0000] {logging_mixin.py:188} INFO - [2026-05-09T19:50:24.904+0000] {dagbag.py:545} INFO - Filling up the DagBag from /home/airflow/.local/lib/python3.12/site-packages/airflow/example_dags/example_skip_dag.py
[2026-05-09T19:50:24.912+0000] {processor.py:840} INFO - DAG(s) 'example_skip_dag' retrieved from /home/airflow/.local/lib/python3.12/site-packages/airflow/example_dags/example_skip_dag.py
[2026-05-09T19:50:24.937+0000] {logging_mixin.py:188} INFO - [2026-05-09T19:50:24.937+0000] {dag.py:3096} INFO - Sync 1 DAGs
[2026-05-09T19:50:24.965+0000] {logging_mixin.py:188} INFO - [2026-05-09T19:50:24.964+0000] {dag.py:3954} INFO - Setting next_dagrun for example_skip_dag to 2026-05-08 00:00:00+00:00, run_after=2026-05-09 00:00:00+00:00
[2026-05-09T19:50:24.994+0000] {processor.py:183} INFO - Processing /home/airflow/.local/lib/python3.12/site-packages/airflow/example_dags/example_skip_dag.py took 0.099 seconds
[2026-05-09T19:50:55.437+0000] {processor.py:161} INFO - Started process (PID=6883) to work on /home/airflow/.local/lib/python3.12/site-packages/airflow/example_dags/example_skip_dag.py
[2026-05-09T19:50:55.438+0000] {processor.py:830} INFO - Processing file /home/airflow/.local/lib/python3.12/site-packages/airflow/example_dags/example_skip_dag.py for tasks to queue
[2026-05-09T19:50:55.441+0000] {logging_mixin.py:188} INFO - [2026-05-09T19:50:55.441+0000] {dagbag.py:545} INFO - Filling up the DagBag from /home/airflow/.local/lib/python3.12/site-packages/airflow/example_dags/example_skip_dag.py
[2026-05-09T19:50:55.450+0000] {processor.py:840} INFO - DAG(s) 'example_skip_dag' retrieved from /home/airflow/.local/lib/python3.12/site-packages/airflow/example_dags/example_skip_dag.py
[2026-05-09T19:50:55.484+0000] {logging_mixin.py:188} INFO - [2026-05-09T19:50:55.483+0000] {dag.py:3096} INFO - Sync 1 DAGs
[2026-05-09T19:50:55.526+0000] {logging_mixin.py:188} INFO - [2026-05-09T19:50:55.525+0000] {dag.py:3954} INFO - Setting next_dagrun for example_skip_dag to 2026-05-08 00:00:00+00:00, run_after=2026-05-09 00:00:00+00:00
[2026-05-09T19:50:55.562+0000] {processor.py:183} INFO - Processing /home/airflow/.local/lib/python3.12/site-packages/airflow/example_dags/example_skip_dag.py took 0.133 seconds
[2026-05-09T19:51:25.640+0000] {processor.py:161} INFO - Started process (PID=6942) to work on /home/airflow/.local/lib/python3.12/site-packages/airflow/example_dags/example_skip_dag.py
[2026-05-09T19:51:25.643+0000] {processor.py:830} INFO - Processing file /home/airflow/.local/lib/python3.12/site-packages/airflow/example_dags/example_skip_dag.py for tasks to queue
[2026-05-09T19:51:25.645+0000] {logging_mixin.py:188} INFO - [2026-05-09T19:51:25.644+0000] {dagbag.py:545} INFO - Filling up the DagBag from /home/airflow/.local/lib/python3.12/site-packages/airflow/example_dags/example_skip_dag.py
[2026-05-09T19:51:25.652+0000] {processor.py:840} INFO - DAG(s) 'example_skip_dag' retrieved from /home/airflow/.local/lib/python3.12/site-packages/airflow/example_dags/example_skip_dag.py
[2026-05-09T19:51:25.679+0000] {logging_mixin.py:188} INFO - [2026-05-09T19:51:25.679+0000] {dag.py:3096} INFO - Sync 1 DAGs
[2026-05-09T19:51:25.702+0000] {logging_mixin.py:188} INFO - [2026-05-09T19:51:25.702+0000] {dag.py:3954} INFO - Setting next_dagrun for example_skip_dag to 2026-05-08 00:00:00+00:00, run_after=2026-05-09 00:00:00+00:00
[2026-05-09T19:51:25.726+0000] {processor.py:183} INFO - Processing /home/airflow/.local/lib/python3.12/site-packages/airflow/example_dags/example_skip_dag.py took 0.092 seconds
[2026-05-09T19:51:55.956+0000] {processor.py:161} INFO - Started process (PID=7001) to work on /home/airflow/.local/lib/python3.12/site-packages/airflow/example_dags/example_skip_dag.py
[2026-05-09T19:51:55.958+0000] {processor.py:830} INFO - Processing file /home/airflow/.local/lib/python3.12/site-packages/airflow/example_dags/example_skip_dag.py for tasks to queue
[2026-05-09T19:51:55.960+0000] {logging_mixin.py:188} INFO - [2026-05-09T19:51:55.959+0000] {dagbag.py:545} INFO - Filling up the DagBag from /home/airflow/.local/lib/python3.12/site-packages/airflow/example_dags/example_skip_dag.py
[2026-05-09T19:51:55.966+0000] {processor.py:840} INFO - DAG(s) 'example_skip_dag' retrieved from /home/airflow/.local/lib/python3.12/site-packages/airflow/example_dags/example_skip_dag.py
[2026-05-09T19:51:55.989+0000] {logging_mixin.py:188} INFO - [2026-05-09T19:51:55.988+0000] {dag.py:3096} INFO - Sync 1 DAGs
[2026-05-09T19:51:56.012+0000] {logging_mixin.py:188} INFO - [2026-05-09T19:51:56.011+0000] {dag.py:3954} INFO - Setting next_dagrun for example_skip_dag to 2026-05-08 00:00:00+00:00, run_after=2026-05-09 00:00:00+00:00
[2026-05-09T19:51:56.037+0000] {processor.py:183} INFO - Processing /home/airflow/.local/lib/python3.12/site-packages/airflow/example_dags/example_skip_dag.py took 0.086 seconds
[2026-05-09T19:52:26.362+0000] {processor.py:161} INFO - Started process (PID=7060) to work on /home/airflow/.local/lib/python3.12/site-packages/airflow/example_dags/example_skip_dag.py
[2026-05-09T19:52:26.363+0000] {processor.py:830} INFO - Processing file /home/airflow/.local/lib/python3.12/site-packages/airflow/example_dags/example_skip_dag.py for tasks to queue
[2026-05-09T19:52:26.365+0000] {logging_mixin.py:188} INFO - [2026-05-09T19:52:26.365+0000] {dagbag.py:545} INFO - Filling up the DagBag from /home/airflow/.local/lib/python3.12/site-packages/airflow/example_dags/example_skip_dag.py
[2026-05-09T19:52:26.372+0000] {processor.py:840} INFO - DAG(s) 'example_skip_dag' retrieved from /home/airflow/.local/lib/python3.12/site-packages/airflow/example_dags/example_skip_dag.py
[2026-05-09T19:52:26.396+0000] {logging_mixin.py:188} INFO - [2026-05-09T19:52:26.396+0000] {dag.py:3096} INFO - Sync 1 DAGs
[2026-05-09T19:52:26.423+0000] {logging_mixin.py:188} INFO - [2026-05-09T19:52:26.422+0000] {dag.py:3954} INFO - Setting next_dagrun for example_skip_dag to 2026-05-08 00:00:00+00:00, run_after=2026-05-09 00:00:00+00:00
[2026-05-09T19:52:26.447+0000] {processor.py:183} INFO - Processing /home/airflow/.local/lib/python3.12/site-packages/airflow/example_dags/example_skip_dag.py took 0.090 seconds
[2026-05-09T19:52:57.125+0000] {processor.py:161} INFO - Started process (PID=7119) to work on /home/airflow/.local/lib/python3.12/site-packages/airflow/example_dags/example_skip_dag.py
[2026-05-09T19:52:57.126+0000] {processor.py:830} INFO - Processing file /home/airflow/.local/lib/python3.12/site-packages/airflow/example_dags/example_skip_dag.py for tasks to queue
[2026-05-09T19:52:57.128+0000] {logging_mixin.py:188} INFO - [2026-05-09T19:52:57.128+0000] {dagbag.py:545} INFO - Filling up the DagBag from /home/airflow/.local/lib/python3.12/site-packages/airflow/example_dags/example_skip_dag.py
[2026-05-09T19:52:57.134+0000] {processor.py:840} INFO - DAG(s) 'example_skip_dag' retrieved from /home/airflow/.local/lib/python3.12/site-packages/airflow/example_dags/example_skip_dag.py
[2026-05-09T19:52:57.156+0000] {logging_mixin.py:188} INFO - [2026-05-09T19:52:57.156+0000] {dag.py:3096} INFO - Sync 1 DAGs
[2026-05-09T19:52:57.178+0000] {logging_mixin.py:188} INFO - [2026-05-09T19:52:57.178+0000] {dag.py:3954} INFO - Setting next_dagrun for example_skip_dag to 2026-05-08 00:00:00+00:00, run_after=2026-05-09 00:00:00+00:00
[2026-05-09T19:52:57.201+0000] {processor.py:183} INFO - Processing /home/airflow/.local/lib/python3.12/site-packages/airflow/example_dags/example_skip_dag.py took 0.081 seconds
[2026-05-09T19:53:28.122+0000] {processor.py:161} INFO - Started process (PID=7178) to work on /home/airflow/.local/lib/python3.12/site-packages/airflow/example_dags/example_skip_dag.py
[2026-05-09T19:53:28.123+0000] {processor.py:830} INFO - Processing file /home/airflow/.local/lib/python3.12/site-packages/airflow/example_dags/example_skip_dag.py for tasks to queue
[2026-05-09T19:53:28.125+0000] {logging_mixin.py:188} INFO - [2026-05-09T19:53:28.125+0000] {dagbag.py:545} INFO - Filling up the DagBag from /home/airflow/.local/lib/python3.12/site-packages/airflow/example_dags/example_skip_dag.py
[2026-05-09T19:53:28.132+0000] {processor.py:840} INFO - DAG(s) 'example_skip_dag' retrieved from /home/airflow/.local/lib/python3.12/site-packages/airflow/example_dags/example_skip_dag.py
[2026-05-09T19:53:28.154+0000] {logging_mixin.py:188} INFO - [2026-05-09T19:53:28.154+0000] {dag.py:3096} INFO - Sync 1 DAGs
[2026-05-09T19:53:28.179+0000] {logging_mixin.py:188} INFO - [2026-05-09T19:53:28.179+0000] {dag.py:3954} INFO - Setting next_dagrun for example_skip_dag to 2026-05-08 00:00:00+00:00, run_after=2026-05-09 00:00:00+00:00
[2026-05-09T19:53:28.200+0000] {processor.py:183} INFO - Processing /home/airflow/.local/lib/python3.12/site-packages/airflow/example_dags/example_skip_dag.py took 0.083 seconds
[2026-05-09T19:53:58.450+0000] {processor.py:161} INFO - Started process (PID=7237) to work on /home/airflow/.local/lib/python3.12/site-packages/airflow/example_dags/example_skip_dag.py
[2026-05-09T19:53:58.451+0000] {processor.py:830} INFO - Processing file /home/airflow/.local/lib/python3.12/site-packages/airflow/example_dags/example_skip_dag.py for tasks to queue
[2026-05-09T19:53:58.454+0000] {logging_mixin.py:188} INFO - [2026-05-09T19:53:58.453+0000] {dagbag.py:545} INFO - Filling up the DagBag from /home/airflow/.local/lib/python3.12/site-packages/airflow/example_dags/example_skip_dag.py
[2026-05-09T19:53:58.461+0000] {processor.py:840} INFO - DAG(s) 'example_skip_dag' retrieved from /home/airflow/.local/lib/python3.12/site-packages/airflow/example_dags/example_skip_dag.py
[2026-05-09T19:53:58.486+0000] {logging_mixin.py:188} INFO - [2026-05-09T19:53:58.485+0000] {dag.py:3096} INFO - Sync 1 DAGs
[2026-05-09T19:53:58.509+0000] {logging_mixin.py:188} INFO - [2026-05-09T19:53:58.508+0000] {dag.py:3954} INFO - Setting next_dagrun for example_skip_dag to 2026-05-08 00:00:00+00:00, run_after=2026-05-09 00:00:00+00:00
[2026-05-09T19:53:58.535+0000] {processor.py:183} INFO - Processing /home/airflow/.local/lib/python3.12/site-packages/airflow/example_dags/example_skip_dag.py took 0.091 seconds
[2026-05-09T19:54:29.282+0000] {processor.py:161} INFO - Started process (PID=7296) to work on /home/airflow/.local/lib/python3.12/site-packages/airflow/example_dags/example_skip_dag.py
[2026-05-09T19:54:29.283+0000] {processor.py:830} INFO - Processing file /home/airflow/.local/lib/python3.12/site-packages/airflow/example_dags/example_skip_dag.py for tasks to queue
[2026-05-09T19:54:29.285+0000] {logging_mixin.py:188} INFO - [2026-05-09T19:54:29.285+0000] {dagbag.py:545} INFO - Filling up the DagBag from /home/airflow/.local/lib/python3.12/site-packages/airflow/example_dags/example_skip_dag.py
[2026-05-09T19:54:29.291+0000] {processor.py:840} INFO - DAG(s) 'example_skip_dag' retrieved from /home/airflow/.local/lib/python3.12/site-packages/airflow/example_dags/example_skip_dag.py
[2026-05-09T19:54:29.313+0000] {logging_mixin.py:188} INFO - [2026-05-09T19:54:29.312+0000] {dag.py:3096} INFO - Sync 1 DAGs
[2026-05-09T19:54:29.334+0000] {logging_mixin.py:188} INFO - [2026-05-09T19:54:29.334+0000] {dag.py:3954} INFO - Setting next_dagrun for example_skip_dag to 2026-05-08 00:00:00+00:00, run_after=2026-05-09 00:00:00+00:00
[2026-05-09T19:54:29.358+0000] {processor.py:183} INFO - Processing /home/airflow/.local/lib/python3.12/site-packages/airflow/example_dags/example_skip_dag.py took 0.082 seconds
