[2026-05-09T18:41:41.113+0000] {processor.py:161} INFO - Started process (PID=77) to work on /home/airflow/.local/lib/python3.12/site-packages/airflow/example_dags/example_xcomargs.py
[2026-05-09T18:41:41.114+0000] {processor.py:830} INFO - Processing file /home/airflow/.local/lib/python3.12/site-packages/airflow/example_dags/example_xcomargs.py for tasks to queue
[2026-05-09T18:41:41.117+0000] {logging_mixin.py:188} INFO - [2026-05-09T18:41:41.116+0000] {dagbag.py:545} INFO - Filling up the DagBag from /home/airflow/.local/lib/python3.12/site-packages/airflow/example_dags/example_xcomargs.py
[2026-05-09T18:41:41.243+0000] {processor.py:840} INFO - DAG(s) 'example_xcom_args', 'example_xcom_args_with_operators' retrieved from /home/airflow/.local/lib/python3.12/site-packages/airflow/example_dags/example_xcomargs.py
[2026-05-09T18:41:41.595+0000] {logging_mixin.py:188} INFO - [2026-05-09T18:41:41.595+0000] {dag.py:3096} INFO - Sync 2 DAGs
[2026-05-09T18:41:41.613+0000] {logging_mixin.py:188} INFO - [2026-05-09T18:41:41.613+0000] {dag.py:3954} INFO - Setting next_dagrun for example_xcom_args to None, run_after=None
[2026-05-09T18:41:41.618+0000] {logging_mixin.py:188} INFO - [2026-05-09T18:41:41.618+0000] {dag.py:3954} INFO - Setting next_dagrun for example_xcom_args_with_operators to None, run_after=None
[2026-05-09T18:41:42.616+0000] {logging_mixin.py:188} INFO - [2026-05-09T18:41:42.615+0000] {process_utils.py:263} INFO - Waiting up to 5 seconds for processes to exit...
[2026-05-09T18:42:14.021+0000] {processor.py:161} INFO - Started process (PID=63) to work on /home/airflow/.local/lib/python3.12/site-packages/airflow/example_dags/example_xcomargs.py
[2026-05-09T18:42:14.022+0000] {processor.py:830} INFO - Processing file /home/airflow/.local/lib/python3.12/site-packages/airflow/example_dags/example_xcomargs.py for tasks to queue
[2026-05-09T18:42:14.024+0000] {logging_mixin.py:188} INFO - [2026-05-09T18:42:14.023+0000] {dagbag.py:545} INFO - Filling up the DagBag from /home/airflow/.local/lib/python3.12/site-packages/airflow/example_dags/example_xcomargs.py
[2026-05-09T18:42:14.035+0000] {processor.py:840} INFO - DAG(s) 'example_xcom_args', 'example_xcom_args_with_operators' retrieved from /home/airflow/.local/lib/python3.12/site-packages/airflow/example_dags/example_xcomargs.py
[2026-05-09T18:42:14.077+0000] {logging_mixin.py:188} INFO - [2026-05-09T18:42:14.077+0000] {dag.py:3096} INFO - Sync 2 DAGs
[2026-05-09T18:42:14.091+0000] {logging_mixin.py:188} INFO - [2026-05-09T18:42:14.091+0000] {dag.py:3954} INFO - Setting next_dagrun for example_xcom_args to None, run_after=None
[2026-05-09T18:42:14.096+0000] {logging_mixin.py:188} INFO - [2026-05-09T18:42:14.096+0000] {dag.py:3954} INFO - Setting next_dagrun for example_xcom_args_with_operators to None, run_after=None
[2026-05-09T18:42:14.119+0000] {processor.py:183} INFO - Processing /home/airflow/.local/lib/python3.12/site-packages/airflow/example_dags/example_xcomargs.py took 0.103 seconds
[2026-05-09T18:42:44.420+0000] {processor.py:161} INFO - Started process (PID=121) to work on /home/airflow/.local/lib/python3.12/site-packages/airflow/example_dags/example_xcomargs.py
[2026-05-09T18:42:44.422+0000] {processor.py:830} INFO - Processing file /home/airflow/.local/lib/python3.12/site-packages/airflow/example_dags/example_xcomargs.py for tasks to queue
[2026-05-09T18:42:44.424+0000] {logging_mixin.py:188} INFO - [2026-05-09T18:42:44.424+0000] {dagbag.py:545} INFO - Filling up the DagBag from /home/airflow/.local/lib/python3.12/site-packages/airflow/example_dags/example_xcomargs.py
[2026-05-09T18:42:44.432+0000] {processor.py:840} INFO - DAG(s) 'example_xcom_args', 'example_xcom_args_with_operators' retrieved from /home/airflow/.local/lib/python3.12/site-packages/airflow/example_dags/example_xcomargs.py
[2026-05-09T18:42:44.464+0000] {logging_mixin.py:188} INFO - [2026-05-09T18:42:44.464+0000] {dag.py:3096} INFO - Sync 2 DAGs
[2026-05-09T18:42:44.480+0000] {logging_mixin.py:188} INFO - [2026-05-09T18:42:44.480+0000] {dag.py:3954} INFO - Setting next_dagrun for example_xcom_args to None, run_after=None
[2026-05-09T18:42:44.485+0000] {logging_mixin.py:188} INFO - [2026-05-09T18:42:44.485+0000] {dag.py:3954} INFO - Setting next_dagrun for example_xcom_args_with_operators to None, run_after=None
[2026-05-09T18:42:44.514+0000] {processor.py:183} INFO - Processing /home/airflow/.local/lib/python3.12/site-packages/airflow/example_dags/example_xcomargs.py took 0.099 seconds
[2026-05-09T18:43:15.212+0000] {processor.py:161} INFO - Started process (PID=179) to work on /home/airflow/.local/lib/python3.12/site-packages/airflow/example_dags/example_xcomargs.py
[2026-05-09T18:43:15.221+0000] {processor.py:830} INFO - Processing file /home/airflow/.local/lib/python3.12/site-packages/airflow/example_dags/example_xcomargs.py for tasks to queue
[2026-05-09T18:43:15.247+0000] {logging_mixin.py:188} INFO - [2026-05-09T18:43:15.246+0000] {dagbag.py:545} INFO - Filling up the DagBag from /home/airflow/.local/lib/python3.12/site-packages/airflow/example_dags/example_xcomargs.py
[2026-05-09T18:43:15.296+0000] {processor.py:840} INFO - DAG(s) 'example_xcom_args_with_operators', 'example_xcom_args' retrieved from /home/airflow/.local/lib/python3.12/site-packages/airflow/example_dags/example_xcomargs.py
[2026-05-09T18:43:15.444+0000] {logging_mixin.py:188} INFO - [2026-05-09T18:43:15.444+0000] {dag.py:3096} INFO - Sync 2 DAGs
[2026-05-09T18:43:15.466+0000] {logging_mixin.py:188} INFO - [2026-05-09T18:43:15.466+0000] {dag.py:3954} INFO - Setting next_dagrun for example_xcom_args to None, run_after=None
[2026-05-09T18:43:15.472+0000] {logging_mixin.py:188} INFO - [2026-05-09T18:43:15.472+0000] {dag.py:3954} INFO - Setting next_dagrun for example_xcom_args_with_operators to None, run_after=None
[2026-05-09T18:43:17.359+0000] {processor.py:183} INFO - Processing /home/airflow/.local/lib/python3.12/site-packages/airflow/example_dags/example_xcomargs.py took 2.206 seconds
[2026-05-09T18:43:47.753+0000] {processor.py:161} INFO - Started process (PID=236) to work on /home/airflow/.local/lib/python3.12/site-packages/airflow/example_dags/example_xcomargs.py
[2026-05-09T18:43:47.755+0000] {processor.py:830} INFO - Processing file /home/airflow/.local/lib/python3.12/site-packages/airflow/example_dags/example_xcomargs.py for tasks to queue
[2026-05-09T18:43:47.757+0000] {logging_mixin.py:188} INFO - [2026-05-09T18:43:47.757+0000] {dagbag.py:545} INFO - Filling up the DagBag from /home/airflow/.local/lib/python3.12/site-packages/airflow/example_dags/example_xcomargs.py
[2026-05-09T18:43:47.765+0000] {processor.py:840} INFO - DAG(s) 'example_xcom_args', 'example_xcom_args_with_operators' retrieved from /home/airflow/.local/lib/python3.12/site-packages/airflow/example_dags/example_xcomargs.py
[2026-05-09T18:43:47.789+0000] {logging_mixin.py:188} INFO - [2026-05-09T18:43:47.789+0000] {dag.py:3096} INFO - Sync 2 DAGs
[2026-05-09T18:43:47.802+0000] {logging_mixin.py:188} INFO - [2026-05-09T18:43:47.801+0000] {dag.py:3954} INFO - Setting next_dagrun for example_xcom_args to None, run_after=None
[2026-05-09T18:43:47.805+0000] {logging_mixin.py:188} INFO - [2026-05-09T18:43:47.805+0000] {dag.py:3954} INFO - Setting next_dagrun for example_xcom_args_with_operators to None, run_after=None
[2026-05-09T18:43:47.827+0000] {processor.py:183} INFO - Processing /home/airflow/.local/lib/python3.12/site-packages/airflow/example_dags/example_xcomargs.py took 0.081 seconds
[2026-05-09T18:44:18.261+0000] {processor.py:161} INFO - Started process (PID=294) to work on /home/airflow/.local/lib/python3.12/site-packages/airflow/example_dags/example_xcomargs.py
[2026-05-09T18:44:18.263+0000] {processor.py:830} INFO - Processing file /home/airflow/.local/lib/python3.12/site-packages/airflow/example_dags/example_xcomargs.py for tasks to queue
[2026-05-09T18:44:18.265+0000] {logging_mixin.py:188} INFO - [2026-05-09T18:44:18.265+0000] {dagbag.py:545} INFO - Filling up the DagBag from /home/airflow/.local/lib/python3.12/site-packages/airflow/example_dags/example_xcomargs.py
[2026-05-09T18:44:18.275+0000] {processor.py:840} INFO - DAG(s) 'example_xcom_args_with_operators', 'example_xcom_args' retrieved from /home/airflow/.local/lib/python3.12/site-packages/airflow/example_dags/example_xcomargs.py
[2026-05-09T18:44:18.304+0000] {logging_mixin.py:188} INFO - [2026-05-09T18:44:18.304+0000] {dag.py:3096} INFO - Sync 2 DAGs
[2026-05-09T18:44:18.318+0000] {logging_mixin.py:188} INFO - [2026-05-09T18:44:18.318+0000] {dag.py:3954} INFO - Setting next_dagrun for example_xcom_args to None, run_after=None
[2026-05-09T18:44:18.323+0000] {logging_mixin.py:188} INFO - [2026-05-09T18:44:18.323+0000] {dag.py:3954} INFO - Setting next_dagrun for example_xcom_args_with_operators to None, run_after=None
[2026-05-09T18:44:18.350+0000] {processor.py:183} INFO - Processing /home/airflow/.local/lib/python3.12/site-packages/airflow/example_dags/example_xcomargs.py took 0.095 seconds
[2026-05-09T18:44:48.595+0000] {processor.py:161} INFO - Started process (PID=352) to work on /home/airflow/.local/lib/python3.12/site-packages/airflow/example_dags/example_xcomargs.py
[2026-05-09T18:44:48.596+0000] {processor.py:830} INFO - Processing file /home/airflow/.local/lib/python3.12/site-packages/airflow/example_dags/example_xcomargs.py for tasks to queue
[2026-05-09T18:44:48.598+0000] {logging_mixin.py:188} INFO - [2026-05-09T18:44:48.598+0000] {dagbag.py:545} INFO - Filling up the DagBag from /home/airflow/.local/lib/python3.12/site-packages/airflow/example_dags/example_xcomargs.py
[2026-05-09T18:44:48.606+0000] {processor.py:840} INFO - DAG(s) 'example_xcom_args', 'example_xcom_args_with_operators' retrieved from /home/airflow/.local/lib/python3.12/site-packages/airflow/example_dags/example_xcomargs.py
[2026-05-09T18:44:48.631+0000] {logging_mixin.py:188} INFO - [2026-05-09T18:44:48.630+0000] {dag.py:3096} INFO - Sync 2 DAGs
[2026-05-09T18:44:48.644+0000] {logging_mixin.py:188} INFO - [2026-05-09T18:44:48.644+0000] {dag.py:3954} INFO - Setting next_dagrun for example_xcom_args to None, run_after=None
[2026-05-09T18:44:48.649+0000] {logging_mixin.py:188} INFO - [2026-05-09T18:44:48.648+0000] {dag.py:3954} INFO - Setting next_dagrun for example_xcom_args_with_operators to None, run_after=None
[2026-05-09T18:44:48.672+0000] {processor.py:183} INFO - Processing /home/airflow/.local/lib/python3.12/site-packages/airflow/example_dags/example_xcomargs.py took 0.082 seconds
[2026-05-09T18:45:19.173+0000] {processor.py:161} INFO - Started process (PID=410) to work on /home/airflow/.local/lib/python3.12/site-packages/airflow/example_dags/example_xcomargs.py
[2026-05-09T18:45:19.174+0000] {processor.py:830} INFO - Processing file /home/airflow/.local/lib/python3.12/site-packages/airflow/example_dags/example_xcomargs.py for tasks to queue
[2026-05-09T18:45:19.176+0000] {logging_mixin.py:188} INFO - [2026-05-09T18:45:19.176+0000] {dagbag.py:545} INFO - Filling up the DagBag from /home/airflow/.local/lib/python3.12/site-packages/airflow/example_dags/example_xcomargs.py
[2026-05-09T18:45:19.185+0000] {processor.py:840} INFO - DAG(s) 'example_xcom_args', 'example_xcom_args_with_operators' retrieved from /home/airflow/.local/lib/python3.12/site-packages/airflow/example_dags/example_xcomargs.py
[2026-05-09T18:45:19.213+0000] {logging_mixin.py:188} INFO - [2026-05-09T18:45:19.212+0000] {dag.py:3096} INFO - Sync 2 DAGs
[2026-05-09T18:45:19.228+0000] {logging_mixin.py:188} INFO - [2026-05-09T18:45:19.227+0000] {dag.py:3954} INFO - Setting next_dagrun for example_xcom_args to None, run_after=None
[2026-05-09T18:45:19.233+0000] {logging_mixin.py:188} INFO - [2026-05-09T18:45:19.232+0000] {dag.py:3954} INFO - Setting next_dagrun for example_xcom_args_with_operators to None, run_after=None
[2026-05-09T18:45:19.255+0000] {processor.py:183} INFO - Processing /home/airflow/.local/lib/python3.12/site-packages/airflow/example_dags/example_xcomargs.py took 0.088 seconds
[2026-05-09T18:45:49.742+0000] {processor.py:161} INFO - Started process (PID=468) to work on /home/airflow/.local/lib/python3.12/site-packages/airflow/example_dags/example_xcomargs.py
[2026-05-09T18:45:49.743+0000] {processor.py:830} INFO - Processing file /home/airflow/.local/lib/python3.12/site-packages/airflow/example_dags/example_xcomargs.py for tasks to queue
[2026-05-09T18:45:49.746+0000] {logging_mixin.py:188} INFO - [2026-05-09T18:45:49.746+0000] {dagbag.py:545} INFO - Filling up the DagBag from /home/airflow/.local/lib/python3.12/site-packages/airflow/example_dags/example_xcomargs.py
[2026-05-09T18:45:49.756+0000] {processor.py:840} INFO - DAG(s) 'example_xcom_args_with_operators', 'example_xcom_args' retrieved from /home/airflow/.local/lib/python3.12/site-packages/airflow/example_dags/example_xcomargs.py
[2026-05-09T18:45:49.784+0000] {logging_mixin.py:188} INFO - [2026-05-09T18:45:49.783+0000] {dag.py:3096} INFO - Sync 2 DAGs
[2026-05-09T18:45:49.799+0000] {logging_mixin.py:188} INFO - [2026-05-09T18:45:49.799+0000] {dag.py:3954} INFO - Setting next_dagrun for example_xcom_args to None, run_after=None
[2026-05-09T18:45:49.803+0000] {logging_mixin.py:188} INFO - [2026-05-09T18:45:49.803+0000] {dag.py:3954} INFO - Setting next_dagrun for example_xcom_args_with_operators to None, run_after=None
[2026-05-09T18:45:49.842+0000] {processor.py:183} INFO - Processing /home/airflow/.local/lib/python3.12/site-packages/airflow/example_dags/example_xcomargs.py took 0.106 seconds
[2026-05-09T18:46:20.111+0000] {processor.py:161} INFO - Started process (PID=526) to work on /home/airflow/.local/lib/python3.12/site-packages/airflow/example_dags/example_xcomargs.py
[2026-05-09T18:46:20.112+0000] {processor.py:830} INFO - Processing file /home/airflow/.local/lib/python3.12/site-packages/airflow/example_dags/example_xcomargs.py for tasks to queue
[2026-05-09T18:46:20.115+0000] {logging_mixin.py:188} INFO - [2026-05-09T18:46:20.115+0000] {dagbag.py:545} INFO - Filling up the DagBag from /home/airflow/.local/lib/python3.12/site-packages/airflow/example_dags/example_xcomargs.py
[2026-05-09T18:46:20.122+0000] {processor.py:840} INFO - DAG(s) 'example_xcom_args_with_operators', 'example_xcom_args' retrieved from /home/airflow/.local/lib/python3.12/site-packages/airflow/example_dags/example_xcomargs.py
[2026-05-09T18:46:20.148+0000] {logging_mixin.py:188} INFO - [2026-05-09T18:46:20.148+0000] {dag.py:3096} INFO - Sync 2 DAGs
[2026-05-09T18:46:20.161+0000] {logging_mixin.py:188} INFO - [2026-05-09T18:46:20.161+0000] {dag.py:3954} INFO - Setting next_dagrun for example_xcom_args to None, run_after=None
[2026-05-09T18:46:20.165+0000] {logging_mixin.py:188} INFO - [2026-05-09T18:46:20.165+0000] {dag.py:3954} INFO - Setting next_dagrun for example_xcom_args_with_operators to None, run_after=None
[2026-05-09T18:46:20.184+0000] {processor.py:183} INFO - Processing /home/airflow/.local/lib/python3.12/site-packages/airflow/example_dags/example_xcomargs.py took 0.078 seconds
[2026-05-09T18:50:58.832+0000] {processor.py:161} INFO - Started process (PID=82) to work on /home/airflow/.local/lib/python3.12/site-packages/airflow/example_dags/example_xcomargs.py
[2026-05-09T18:50:58.834+0000] {processor.py:830} INFO - Processing file /home/airflow/.local/lib/python3.12/site-packages/airflow/example_dags/example_xcomargs.py for tasks to queue
[2026-05-09T18:50:58.839+0000] {logging_mixin.py:188} INFO - [2026-05-09T18:50:58.837+0000] {dagbag.py:545} INFO - Filling up the DagBag from /home/airflow/.local/lib/python3.12/site-packages/airflow/example_dags/example_xcomargs.py
[2026-05-09T18:50:58.858+0000] {processor.py:840} INFO - DAG(s) 'example_xcom_args_with_operators', 'example_xcom_args' retrieved from /home/airflow/.local/lib/python3.12/site-packages/airflow/example_dags/example_xcomargs.py
[2026-05-09T18:50:59.234+0000] {logging_mixin.py:188} INFO - [2026-05-09T18:50:59.233+0000] {dag.py:3096} INFO - Sync 2 DAGs
[2026-05-09T18:50:59.264+0000] {logging_mixin.py:188} INFO - [2026-05-09T18:50:59.263+0000] {dag.py:3954} INFO - Setting next_dagrun for example_xcom_args to None, run_after=None
[2026-05-09T18:50:59.269+0000] {logging_mixin.py:188} INFO - [2026-05-09T18:50:59.269+0000] {dag.py:3954} INFO - Setting next_dagrun for example_xcom_args_with_operators to None, run_after=None
[2026-05-09T18:50:59.327+0000] {processor.py:183} INFO - Processing /home/airflow/.local/lib/python3.12/site-packages/airflow/example_dags/example_xcomargs.py took 0.506 seconds
[2026-05-09T18:51:29.470+0000] {processor.py:161} INFO - Started process (PID=140) to work on /home/airflow/.local/lib/python3.12/site-packages/airflow/example_dags/example_xcomargs.py
[2026-05-09T18:51:29.471+0000] {processor.py:830} INFO - Processing file /home/airflow/.local/lib/python3.12/site-packages/airflow/example_dags/example_xcomargs.py for tasks to queue
[2026-05-09T18:51:29.473+0000] {logging_mixin.py:188} INFO - [2026-05-09T18:51:29.472+0000] {dagbag.py:545} INFO - Filling up the DagBag from /home/airflow/.local/lib/python3.12/site-packages/airflow/example_dags/example_xcomargs.py
[2026-05-09T18:51:29.481+0000] {processor.py:840} INFO - DAG(s) 'example_xcom_args_with_operators', 'example_xcom_args' retrieved from /home/airflow/.local/lib/python3.12/site-packages/airflow/example_dags/example_xcomargs.py
[2026-05-09T18:51:29.506+0000] {logging_mixin.py:188} INFO - [2026-05-09T18:51:29.506+0000] {dag.py:3096} INFO - Sync 2 DAGs
[2026-05-09T18:51:29.519+0000] {logging_mixin.py:188} INFO - [2026-05-09T18:51:29.519+0000] {dag.py:3954} INFO - Setting next_dagrun for example_xcom_args to None, run_after=None
[2026-05-09T18:51:29.523+0000] {logging_mixin.py:188} INFO - [2026-05-09T18:51:29.523+0000] {dag.py:3954} INFO - Setting next_dagrun for example_xcom_args_with_operators to None, run_after=None
[2026-05-09T18:51:29.650+0000] {processor.py:183} INFO - Processing /home/airflow/.local/lib/python3.12/site-packages/airflow/example_dags/example_xcomargs.py took 0.186 seconds
[2026-05-09T18:51:50.784+0000] {processor.py:161} INFO - Started process (PID=51) to work on /home/airflow/.local/lib/python3.12/site-packages/airflow/example_dags/example_xcomargs.py
[2026-05-09T18:51:50.786+0000] {processor.py:830} INFO - Processing file /home/airflow/.local/lib/python3.12/site-packages/airflow/example_dags/example_xcomargs.py for tasks to queue
[2026-05-09T18:51:50.789+0000] {logging_mixin.py:188} INFO - [2026-05-09T18:51:50.789+0000] {dagbag.py:545} INFO - Filling up the DagBag from /home/airflow/.local/lib/python3.12/site-packages/airflow/example_dags/example_xcomargs.py
[2026-05-09T18:51:50.803+0000] {processor.py:840} INFO - DAG(s) 'example_xcom_args_with_operators', 'example_xcom_args' retrieved from /home/airflow/.local/lib/python3.12/site-packages/airflow/example_dags/example_xcomargs.py
[2026-05-09T18:51:50.857+0000] {logging_mixin.py:188} INFO - [2026-05-09T18:51:50.857+0000] {dag.py:3096} INFO - Sync 2 DAGs
[2026-05-09T18:51:50.875+0000] {logging_mixin.py:188} INFO - [2026-05-09T18:51:50.875+0000] {dag.py:3954} INFO - Setting next_dagrun for example_xcom_args to None, run_after=None
[2026-05-09T18:51:50.880+0000] {logging_mixin.py:188} INFO - [2026-05-09T18:51:50.880+0000] {dag.py:3954} INFO - Setting next_dagrun for example_xcom_args_with_operators to None, run_after=None
[2026-05-09T18:51:50.906+0000] {processor.py:183} INFO - Processing /home/airflow/.local/lib/python3.12/site-packages/airflow/example_dags/example_xcomargs.py took 0.129 seconds
[2026-05-09T18:52:21.369+0000] {processor.py:161} INFO - Started process (PID=109) to work on /home/airflow/.local/lib/python3.12/site-packages/airflow/example_dags/example_xcomargs.py
[2026-05-09T18:52:21.371+0000] {processor.py:830} INFO - Processing file /home/airflow/.local/lib/python3.12/site-packages/airflow/example_dags/example_xcomargs.py for tasks to queue
[2026-05-09T18:52:21.373+0000] {logging_mixin.py:188} INFO - [2026-05-09T18:52:21.373+0000] {dagbag.py:545} INFO - Filling up the DagBag from /home/airflow/.local/lib/python3.12/site-packages/airflow/example_dags/example_xcomargs.py
[2026-05-09T18:52:21.383+0000] {processor.py:840} INFO - DAG(s) 'example_xcom_args_with_operators', 'example_xcom_args' retrieved from /home/airflow/.local/lib/python3.12/site-packages/airflow/example_dags/example_xcomargs.py
[2026-05-09T18:52:21.416+0000] {logging_mixin.py:188} INFO - [2026-05-09T18:52:21.416+0000] {dag.py:3096} INFO - Sync 2 DAGs
[2026-05-09T18:52:21.433+0000] {logging_mixin.py:188} INFO - [2026-05-09T18:52:21.432+0000] {dag.py:3954} INFO - Setting next_dagrun for example_xcom_args to None, run_after=None
[2026-05-09T18:52:21.437+0000] {logging_mixin.py:188} INFO - [2026-05-09T18:52:21.437+0000] {dag.py:3954} INFO - Setting next_dagrun for example_xcom_args_with_operators to None, run_after=None
[2026-05-09T18:52:21.461+0000] {processor.py:183} INFO - Processing /home/airflow/.local/lib/python3.12/site-packages/airflow/example_dags/example_xcomargs.py took 0.099 seconds
[2026-05-09T18:52:52.854+0000] {processor.py:161} INFO - Started process (PID=167) to work on /home/airflow/.local/lib/python3.12/site-packages/airflow/example_dags/example_xcomargs.py
[2026-05-09T18:52:52.855+0000] {processor.py:830} INFO - Processing file /home/airflow/.local/lib/python3.12/site-packages/airflow/example_dags/example_xcomargs.py for tasks to queue
[2026-05-09T18:52:52.857+0000] {logging_mixin.py:188} INFO - [2026-05-09T18:52:52.857+0000] {dagbag.py:545} INFO - Filling up the DagBag from /home/airflow/.local/lib/python3.12/site-packages/airflow/example_dags/example_xcomargs.py
[2026-05-09T18:52:53.750+0000] {processor.py:840} INFO - DAG(s) 'example_xcom_args_with_operators', 'example_xcom_args' retrieved from /home/airflow/.local/lib/python3.12/site-packages/airflow/example_dags/example_xcomargs.py
[2026-05-09T18:52:53.786+0000] {logging_mixin.py:188} INFO - [2026-05-09T18:52:53.786+0000] {dag.py:3096} INFO - Sync 2 DAGs
[2026-05-09T18:52:53.804+0000] {logging_mixin.py:188} INFO - [2026-05-09T18:52:53.803+0000] {dag.py:3954} INFO - Setting next_dagrun for example_xcom_args to None, run_after=None
[2026-05-09T18:52:53.809+0000] {logging_mixin.py:188} INFO - [2026-05-09T18:52:53.809+0000] {dag.py:3954} INFO - Setting next_dagrun for example_xcom_args_with_operators to None, run_after=None
[2026-05-09T18:52:54.250+0000] {processor.py:183} INFO - Processing /home/airflow/.local/lib/python3.12/site-packages/airflow/example_dags/example_xcomargs.py took 1.955 seconds
[2026-05-09T18:53:24.485+0000] {processor.py:161} INFO - Started process (PID=225) to work on /home/airflow/.local/lib/python3.12/site-packages/airflow/example_dags/example_xcomargs.py
[2026-05-09T18:53:24.486+0000] {processor.py:830} INFO - Processing file /home/airflow/.local/lib/python3.12/site-packages/airflow/example_dags/example_xcomargs.py for tasks to queue
[2026-05-09T18:53:24.488+0000] {logging_mixin.py:188} INFO - [2026-05-09T18:53:24.488+0000] {dagbag.py:545} INFO - Filling up the DagBag from /home/airflow/.local/lib/python3.12/site-packages/airflow/example_dags/example_xcomargs.py
[2026-05-09T18:53:24.496+0000] {processor.py:840} INFO - DAG(s) 'example_xcom_args_with_operators', 'example_xcom_args' retrieved from /home/airflow/.local/lib/python3.12/site-packages/airflow/example_dags/example_xcomargs.py
[2026-05-09T18:53:24.521+0000] {logging_mixin.py:188} INFO - [2026-05-09T18:53:24.521+0000] {dag.py:3096} INFO - Sync 2 DAGs
[2026-05-09T18:53:24.534+0000] {logging_mixin.py:188} INFO - [2026-05-09T18:53:24.534+0000] {dag.py:3954} INFO - Setting next_dagrun for example_xcom_args to None, run_after=None
[2026-05-09T18:53:24.539+0000] {logging_mixin.py:188} INFO - [2026-05-09T18:53:24.538+0000] {dag.py:3954} INFO - Setting next_dagrun for example_xcom_args_with_operators to None, run_after=None
[2026-05-09T18:53:24.562+0000] {processor.py:183} INFO - Processing /home/airflow/.local/lib/python3.12/site-packages/airflow/example_dags/example_xcomargs.py took 0.082 seconds
[2026-05-09T18:53:54.615+0000] {processor.py:161} INFO - Started process (PID=283) to work on /home/airflow/.local/lib/python3.12/site-packages/airflow/example_dags/example_xcomargs.py
[2026-05-09T18:53:54.616+0000] {processor.py:830} INFO - Processing file /home/airflow/.local/lib/python3.12/site-packages/airflow/example_dags/example_xcomargs.py for tasks to queue
[2026-05-09T18:53:54.620+0000] {logging_mixin.py:188} INFO - [2026-05-09T18:53:54.619+0000] {dagbag.py:545} INFO - Filling up the DagBag from /home/airflow/.local/lib/python3.12/site-packages/airflow/example_dags/example_xcomargs.py
[2026-05-09T18:53:54.629+0000] {processor.py:840} INFO - DAG(s) 'example_xcom_args_with_operators', 'example_xcom_args' retrieved from /home/airflow/.local/lib/python3.12/site-packages/airflow/example_dags/example_xcomargs.py
[2026-05-09T18:53:54.659+0000] {logging_mixin.py:188} INFO - [2026-05-09T18:53:54.658+0000] {dag.py:3096} INFO - Sync 2 DAGs
[2026-05-09T18:53:54.681+0000] {logging_mixin.py:188} INFO - [2026-05-09T18:53:54.680+0000] {dag.py:3954} INFO - Setting next_dagrun for example_xcom_args to None, run_after=None
[2026-05-09T18:53:54.691+0000] {logging_mixin.py:188} INFO - [2026-05-09T18:53:54.691+0000] {dag.py:3954} INFO - Setting next_dagrun for example_xcom_args_with_operators to None, run_after=None
[2026-05-09T18:53:55.552+0000] {processor.py:183} INFO - Processing /home/airflow/.local/lib/python3.12/site-packages/airflow/example_dags/example_xcomargs.py took 0.945 seconds
[2026-05-09T18:54:25.677+0000] {processor.py:161} INFO - Started process (PID=341) to work on /home/airflow/.local/lib/python3.12/site-packages/airflow/example_dags/example_xcomargs.py
[2026-05-09T18:54:25.678+0000] {processor.py:830} INFO - Processing file /home/airflow/.local/lib/python3.12/site-packages/airflow/example_dags/example_xcomargs.py for tasks to queue
[2026-05-09T18:54:25.681+0000] {logging_mixin.py:188} INFO - [2026-05-09T18:54:25.680+0000] {dagbag.py:545} INFO - Filling up the DagBag from /home/airflow/.local/lib/python3.12/site-packages/airflow/example_dags/example_xcomargs.py
[2026-05-09T18:54:25.690+0000] {processor.py:840} INFO - DAG(s) 'example_xcom_args', 'example_xcom_args_with_operators' retrieved from /home/airflow/.local/lib/python3.12/site-packages/airflow/example_dags/example_xcomargs.py
[2026-05-09T18:54:25.716+0000] {logging_mixin.py:188} INFO - [2026-05-09T18:54:25.716+0000] {dag.py:3096} INFO - Sync 2 DAGs
[2026-05-09T18:54:25.731+0000] {logging_mixin.py:188} INFO - [2026-05-09T18:54:25.731+0000] {dag.py:3954} INFO - Setting next_dagrun for example_xcom_args to None, run_after=None
[2026-05-09T18:54:25.735+0000] {logging_mixin.py:188} INFO - [2026-05-09T18:54:25.735+0000] {dag.py:3954} INFO - Setting next_dagrun for example_xcom_args_with_operators to None, run_after=None
[2026-05-09T18:54:25.760+0000] {processor.py:183} INFO - Processing /home/airflow/.local/lib/python3.12/site-packages/airflow/example_dags/example_xcomargs.py took 0.088 seconds
[2026-05-09T18:54:56.072+0000] {processor.py:161} INFO - Started process (PID=399) to work on /home/airflow/.local/lib/python3.12/site-packages/airflow/example_dags/example_xcomargs.py
[2026-05-09T18:54:56.073+0000] {processor.py:830} INFO - Processing file /home/airflow/.local/lib/python3.12/site-packages/airflow/example_dags/example_xcomargs.py for tasks to queue
[2026-05-09T18:54:56.075+0000] {logging_mixin.py:188} INFO - [2026-05-09T18:54:56.075+0000] {dagbag.py:545} INFO - Filling up the DagBag from /home/airflow/.local/lib/python3.12/site-packages/airflow/example_dags/example_xcomargs.py
[2026-05-09T18:54:56.082+0000] {processor.py:840} INFO - DAG(s) 'example_xcom_args_with_operators', 'example_xcom_args' retrieved from /home/airflow/.local/lib/python3.12/site-packages/airflow/example_dags/example_xcomargs.py
[2026-05-09T18:54:56.106+0000] {logging_mixin.py:188} INFO - [2026-05-09T18:54:56.106+0000] {dag.py:3096} INFO - Sync 2 DAGs
[2026-05-09T18:54:56.119+0000] {logging_mixin.py:188} INFO - [2026-05-09T18:54:56.119+0000] {dag.py:3954} INFO - Setting next_dagrun for example_xcom_args to None, run_after=None
[2026-05-09T18:54:56.123+0000] {logging_mixin.py:188} INFO - [2026-05-09T18:54:56.123+0000] {dag.py:3954} INFO - Setting next_dagrun for example_xcom_args_with_operators to None, run_after=None
[2026-05-09T18:54:56.144+0000] {processor.py:183} INFO - Processing /home/airflow/.local/lib/python3.12/site-packages/airflow/example_dags/example_xcomargs.py took 0.077 seconds
[2026-05-09T18:55:26.279+0000] {processor.py:161} INFO - Started process (PID=457) to work on /home/airflow/.local/lib/python3.12/site-packages/airflow/example_dags/example_xcomargs.py
[2026-05-09T18:55:26.280+0000] {processor.py:830} INFO - Processing file /home/airflow/.local/lib/python3.12/site-packages/airflow/example_dags/example_xcomargs.py for tasks to queue
[2026-05-09T18:55:26.282+0000] {logging_mixin.py:188} INFO - [2026-05-09T18:55:26.282+0000] {dagbag.py:545} INFO - Filling up the DagBag from /home/airflow/.local/lib/python3.12/site-packages/airflow/example_dags/example_xcomargs.py
[2026-05-09T18:55:26.290+0000] {processor.py:840} INFO - DAG(s) 'example_xcom_args', 'example_xcom_args_with_operators' retrieved from /home/airflow/.local/lib/python3.12/site-packages/airflow/example_dags/example_xcomargs.py
[2026-05-09T18:55:26.314+0000] {logging_mixin.py:188} INFO - [2026-05-09T18:55:26.314+0000] {dag.py:3096} INFO - Sync 2 DAGs
[2026-05-09T18:55:26.327+0000] {logging_mixin.py:188} INFO - [2026-05-09T18:55:26.327+0000] {dag.py:3954} INFO - Setting next_dagrun for example_xcom_args to None, run_after=None
[2026-05-09T18:55:26.331+0000] {logging_mixin.py:188} INFO - [2026-05-09T18:55:26.331+0000] {dag.py:3954} INFO - Setting next_dagrun for example_xcom_args_with_operators to None, run_after=None
[2026-05-09T18:55:26.353+0000] {processor.py:183} INFO - Processing /home/airflow/.local/lib/python3.12/site-packages/airflow/example_dags/example_xcomargs.py took 0.079 seconds
[2026-05-09T18:55:56.680+0000] {processor.py:161} INFO - Started process (PID=515) to work on /home/airflow/.local/lib/python3.12/site-packages/airflow/example_dags/example_xcomargs.py
[2026-05-09T18:55:56.681+0000] {processor.py:830} INFO - Processing file /home/airflow/.local/lib/python3.12/site-packages/airflow/example_dags/example_xcomargs.py for tasks to queue
[2026-05-09T18:55:56.683+0000] {logging_mixin.py:188} INFO - [2026-05-09T18:55:56.683+0000] {dagbag.py:545} INFO - Filling up the DagBag from /home/airflow/.local/lib/python3.12/site-packages/airflow/example_dags/example_xcomargs.py
[2026-05-09T18:55:56.691+0000] {processor.py:840} INFO - DAG(s) 'example_xcom_args_with_operators', 'example_xcom_args' retrieved from /home/airflow/.local/lib/python3.12/site-packages/airflow/example_dags/example_xcomargs.py
[2026-05-09T18:55:56.715+0000] {logging_mixin.py:188} INFO - [2026-05-09T18:55:56.714+0000] {dag.py:3096} INFO - Sync 2 DAGs
[2026-05-09T18:55:56.728+0000] {logging_mixin.py:188} INFO - [2026-05-09T18:55:56.728+0000] {dag.py:3954} INFO - Setting next_dagrun for example_xcom_args to None, run_after=None
[2026-05-09T18:55:56.732+0000] {logging_mixin.py:188} INFO - [2026-05-09T18:55:56.732+0000] {dag.py:3954} INFO - Setting next_dagrun for example_xcom_args_with_operators to None, run_after=None
[2026-05-09T18:55:56.757+0000] {processor.py:183} INFO - Processing /home/airflow/.local/lib/python3.12/site-packages/airflow/example_dags/example_xcomargs.py took 0.081 seconds
[2026-05-09T18:56:26.921+0000] {processor.py:161} INFO - Started process (PID=573) to work on /home/airflow/.local/lib/python3.12/site-packages/airflow/example_dags/example_xcomargs.py
[2026-05-09T18:56:26.922+0000] {processor.py:830} INFO - Processing file /home/airflow/.local/lib/python3.12/site-packages/airflow/example_dags/example_xcomargs.py for tasks to queue
[2026-05-09T18:56:26.924+0000] {logging_mixin.py:188} INFO - [2026-05-09T18:56:26.924+0000] {dagbag.py:545} INFO - Filling up the DagBag from /home/airflow/.local/lib/python3.12/site-packages/airflow/example_dags/example_xcomargs.py
[2026-05-09T18:56:26.933+0000] {processor.py:840} INFO - DAG(s) 'example_xcom_args', 'example_xcom_args_with_operators' retrieved from /home/airflow/.local/lib/python3.12/site-packages/airflow/example_dags/example_xcomargs.py
[2026-05-09T18:56:26.962+0000] {logging_mixin.py:188} INFO - [2026-05-09T18:56:26.962+0000] {dag.py:3096} INFO - Sync 2 DAGs
[2026-05-09T18:56:26.975+0000] {logging_mixin.py:188} INFO - [2026-05-09T18:56:26.975+0000] {dag.py:3954} INFO - Setting next_dagrun for example_xcom_args to None, run_after=None
[2026-05-09T18:56:26.979+0000] {logging_mixin.py:188} INFO - [2026-05-09T18:56:26.979+0000] {dag.py:3954} INFO - Setting next_dagrun for example_xcom_args_with_operators to None, run_after=None
[2026-05-09T18:56:26.999+0000] {processor.py:183} INFO - Processing /home/airflow/.local/lib/python3.12/site-packages/airflow/example_dags/example_xcomargs.py took 0.083 seconds
[2026-05-09T18:56:57.241+0000] {processor.py:161} INFO - Started process (PID=632) to work on /home/airflow/.local/lib/python3.12/site-packages/airflow/example_dags/example_xcomargs.py
[2026-05-09T18:56:57.242+0000] {processor.py:830} INFO - Processing file /home/airflow/.local/lib/python3.12/site-packages/airflow/example_dags/example_xcomargs.py for tasks to queue
[2026-05-09T18:56:57.244+0000] {logging_mixin.py:188} INFO - [2026-05-09T18:56:57.244+0000] {dagbag.py:545} INFO - Filling up the DagBag from /home/airflow/.local/lib/python3.12/site-packages/airflow/example_dags/example_xcomargs.py
[2026-05-09T18:56:57.254+0000] {processor.py:840} INFO - DAG(s) 'example_xcom_args', 'example_xcom_args_with_operators' retrieved from /home/airflow/.local/lib/python3.12/site-packages/airflow/example_dags/example_xcomargs.py
[2026-05-09T18:56:57.287+0000] {logging_mixin.py:188} INFO - [2026-05-09T18:56:57.286+0000] {dag.py:3096} INFO - Sync 2 DAGs
[2026-05-09T18:56:57.301+0000] {logging_mixin.py:188} INFO - [2026-05-09T18:56:57.300+0000] {dag.py:3954} INFO - Setting next_dagrun for example_xcom_args to None, run_after=None
[2026-05-09T18:56:57.306+0000] {logging_mixin.py:188} INFO - [2026-05-09T18:56:57.305+0000] {dag.py:3954} INFO - Setting next_dagrun for example_xcom_args_with_operators to None, run_after=None
[2026-05-09T18:56:57.342+0000] {processor.py:183} INFO - Processing /home/airflow/.local/lib/python3.12/site-packages/airflow/example_dags/example_xcomargs.py took 0.107 seconds
[2026-05-09T18:57:28.190+0000] {processor.py:161} INFO - Started process (PID=691) to work on /home/airflow/.local/lib/python3.12/site-packages/airflow/example_dags/example_xcomargs.py
[2026-05-09T18:57:28.192+0000] {processor.py:830} INFO - Processing file /home/airflow/.local/lib/python3.12/site-packages/airflow/example_dags/example_xcomargs.py for tasks to queue
[2026-05-09T18:57:28.195+0000] {logging_mixin.py:188} INFO - [2026-05-09T18:57:28.194+0000] {dagbag.py:545} INFO - Filling up the DagBag from /home/airflow/.local/lib/python3.12/site-packages/airflow/example_dags/example_xcomargs.py
[2026-05-09T18:57:28.211+0000] {processor.py:840} INFO - DAG(s) 'example_xcom_args_with_operators', 'example_xcom_args' retrieved from /home/airflow/.local/lib/python3.12/site-packages/airflow/example_dags/example_xcomargs.py
[2026-05-09T18:57:28.240+0000] {logging_mixin.py:188} INFO - [2026-05-09T18:57:28.239+0000] {dag.py:3096} INFO - Sync 2 DAGs
[2026-05-09T18:57:28.260+0000] {logging_mixin.py:188} INFO - [2026-05-09T18:57:28.259+0000] {dag.py:3954} INFO - Setting next_dagrun for example_xcom_args to None, run_after=None
[2026-05-09T18:57:28.265+0000] {logging_mixin.py:188} INFO - [2026-05-09T18:57:28.265+0000] {dag.py:3954} INFO - Setting next_dagrun for example_xcom_args_with_operators to None, run_after=None
[2026-05-09T18:57:28.296+0000] {processor.py:183} INFO - Processing /home/airflow/.local/lib/python3.12/site-packages/airflow/example_dags/example_xcomargs.py took 0.114 seconds
[2026-05-09T18:57:59.120+0000] {processor.py:161} INFO - Started process (PID=750) to work on /home/airflow/.local/lib/python3.12/site-packages/airflow/example_dags/example_xcomargs.py
[2026-05-09T18:57:59.121+0000] {processor.py:830} INFO - Processing file /home/airflow/.local/lib/python3.12/site-packages/airflow/example_dags/example_xcomargs.py for tasks to queue
[2026-05-09T18:57:59.123+0000] {logging_mixin.py:188} INFO - [2026-05-09T18:57:59.123+0000] {dagbag.py:545} INFO - Filling up the DagBag from /home/airflow/.local/lib/python3.12/site-packages/airflow/example_dags/example_xcomargs.py
[2026-05-09T18:57:59.132+0000] {processor.py:840} INFO - DAG(s) 'example_xcom_args', 'example_xcom_args_with_operators' retrieved from /home/airflow/.local/lib/python3.12/site-packages/airflow/example_dags/example_xcomargs.py
[2026-05-09T18:57:59.167+0000] {logging_mixin.py:188} INFO - [2026-05-09T18:57:59.166+0000] {dag.py:3096} INFO - Sync 2 DAGs
[2026-05-09T18:57:59.183+0000] {logging_mixin.py:188} INFO - [2026-05-09T18:57:59.182+0000] {dag.py:3954} INFO - Setting next_dagrun for example_xcom_args to None, run_after=None
[2026-05-09T18:57:59.187+0000] {logging_mixin.py:188} INFO - [2026-05-09T18:57:59.187+0000] {dag.py:3954} INFO - Setting next_dagrun for example_xcom_args_with_operators to None, run_after=None
[2026-05-09T18:57:59.213+0000] {processor.py:183} INFO - Processing /home/airflow/.local/lib/python3.12/site-packages/airflow/example_dags/example_xcomargs.py took 0.098 seconds
[2026-05-09T18:58:29.255+0000] {processor.py:161} INFO - Started process (PID=809) to work on /home/airflow/.local/lib/python3.12/site-packages/airflow/example_dags/example_xcomargs.py
[2026-05-09T18:58:29.257+0000] {processor.py:830} INFO - Processing file /home/airflow/.local/lib/python3.12/site-packages/airflow/example_dags/example_xcomargs.py for tasks to queue
[2026-05-09T18:58:29.259+0000] {logging_mixin.py:188} INFO - [2026-05-09T18:58:29.259+0000] {dagbag.py:545} INFO - Filling up the DagBag from /home/airflow/.local/lib/python3.12/site-packages/airflow/example_dags/example_xcomargs.py
[2026-05-09T18:58:29.267+0000] {processor.py:840} INFO - DAG(s) 'example_xcom_args_with_operators', 'example_xcom_args' retrieved from /home/airflow/.local/lib/python3.12/site-packages/airflow/example_dags/example_xcomargs.py
[2026-05-09T18:58:29.292+0000] {logging_mixin.py:188} INFO - [2026-05-09T18:58:29.292+0000] {dag.py:3096} INFO - Sync 2 DAGs
[2026-05-09T18:58:29.305+0000] {logging_mixin.py:188} INFO - [2026-05-09T18:58:29.304+0000] {dag.py:3954} INFO - Setting next_dagrun for example_xcom_args to None, run_after=None
[2026-05-09T18:58:29.309+0000] {logging_mixin.py:188} INFO - [2026-05-09T18:58:29.309+0000] {dag.py:3954} INFO - Setting next_dagrun for example_xcom_args_with_operators to None, run_after=None
[2026-05-09T18:58:29.330+0000] {processor.py:183} INFO - Processing /home/airflow/.local/lib/python3.12/site-packages/airflow/example_dags/example_xcomargs.py took 0.079 seconds
[2026-05-09T18:58:59.697+0000] {processor.py:161} INFO - Started process (PID=869) to work on /home/airflow/.local/lib/python3.12/site-packages/airflow/example_dags/example_xcomargs.py
[2026-05-09T18:58:59.698+0000] {processor.py:830} INFO - Processing file /home/airflow/.local/lib/python3.12/site-packages/airflow/example_dags/example_xcomargs.py for tasks to queue
[2026-05-09T18:58:59.700+0000] {logging_mixin.py:188} INFO - [2026-05-09T18:58:59.700+0000] {dagbag.py:545} INFO - Filling up the DagBag from /home/airflow/.local/lib/python3.12/site-packages/airflow/example_dags/example_xcomargs.py
[2026-05-09T18:58:59.708+0000] {processor.py:840} INFO - DAG(s) 'example_xcom_args_with_operators', 'example_xcom_args' retrieved from /home/airflow/.local/lib/python3.12/site-packages/airflow/example_dags/example_xcomargs.py
[2026-05-09T18:58:59.734+0000] {logging_mixin.py:188} INFO - [2026-05-09T18:58:59.734+0000] {dag.py:3096} INFO - Sync 2 DAGs
[2026-05-09T18:58:59.748+0000] {logging_mixin.py:188} INFO - [2026-05-09T18:58:59.748+0000] {dag.py:3954} INFO - Setting next_dagrun for example_xcom_args to None, run_after=None
[2026-05-09T18:58:59.752+0000] {logging_mixin.py:188} INFO - [2026-05-09T18:58:59.752+0000] {dag.py:3954} INFO - Setting next_dagrun for example_xcom_args_with_operators to None, run_after=None
[2026-05-09T18:58:59.775+0000] {processor.py:183} INFO - Processing /home/airflow/.local/lib/python3.12/site-packages/airflow/example_dags/example_xcomargs.py took 0.084 seconds
[2026-05-09T18:59:30.315+0000] {processor.py:161} INFO - Started process (PID=928) to work on /home/airflow/.local/lib/python3.12/site-packages/airflow/example_dags/example_xcomargs.py
[2026-05-09T18:59:30.316+0000] {processor.py:830} INFO - Processing file /home/airflow/.local/lib/python3.12/site-packages/airflow/example_dags/example_xcomargs.py for tasks to queue
[2026-05-09T18:59:30.318+0000] {logging_mixin.py:188} INFO - [2026-05-09T18:59:30.318+0000] {dagbag.py:545} INFO - Filling up the DagBag from /home/airflow/.local/lib/python3.12/site-packages/airflow/example_dags/example_xcomargs.py
[2026-05-09T18:59:30.326+0000] {processor.py:840} INFO - DAG(s) 'example_xcom_args', 'example_xcom_args_with_operators' retrieved from /home/airflow/.local/lib/python3.12/site-packages/airflow/example_dags/example_xcomargs.py
[2026-05-09T18:59:30.349+0000] {logging_mixin.py:188} INFO - [2026-05-09T18:59:30.348+0000] {dag.py:3096} INFO - Sync 2 DAGs
[2026-05-09T18:59:30.362+0000] {logging_mixin.py:188} INFO - [2026-05-09T18:59:30.361+0000] {dag.py:3954} INFO - Setting next_dagrun for example_xcom_args to None, run_after=None
[2026-05-09T18:59:30.366+0000] {logging_mixin.py:188} INFO - [2026-05-09T18:59:30.365+0000] {dag.py:3954} INFO - Setting next_dagrun for example_xcom_args_with_operators to None, run_after=None
[2026-05-09T18:59:30.387+0000] {processor.py:183} INFO - Processing /home/airflow/.local/lib/python3.12/site-packages/airflow/example_dags/example_xcomargs.py took 0.077 seconds
[2026-05-09T19:00:01.180+0000] {processor.py:161} INFO - Started process (PID=987) to work on /home/airflow/.local/lib/python3.12/site-packages/airflow/example_dags/example_xcomargs.py
[2026-05-09T19:00:01.181+0000] {processor.py:830} INFO - Processing file /home/airflow/.local/lib/python3.12/site-packages/airflow/example_dags/example_xcomargs.py for tasks to queue
[2026-05-09T19:00:01.183+0000] {logging_mixin.py:188} INFO - [2026-05-09T19:00:01.182+0000] {dagbag.py:545} INFO - Filling up the DagBag from /home/airflow/.local/lib/python3.12/site-packages/airflow/example_dags/example_xcomargs.py
[2026-05-09T19:00:01.191+0000] {processor.py:840} INFO - DAG(s) 'example_xcom_args_with_operators', 'example_xcom_args' retrieved from /home/airflow/.local/lib/python3.12/site-packages/airflow/example_dags/example_xcomargs.py
[2026-05-09T19:00:01.220+0000] {logging_mixin.py:188} INFO - [2026-05-09T19:00:01.220+0000] {dag.py:3096} INFO - Sync 2 DAGs
[2026-05-09T19:00:01.235+0000] {logging_mixin.py:188} INFO - [2026-05-09T19:00:01.235+0000] {dag.py:3954} INFO - Setting next_dagrun for example_xcom_args to None, run_after=None
[2026-05-09T19:00:01.240+0000] {logging_mixin.py:188} INFO - [2026-05-09T19:00:01.240+0000] {dag.py:3954} INFO - Setting next_dagrun for example_xcom_args_with_operators to None, run_after=None
[2026-05-09T19:00:01.264+0000] {processor.py:183} INFO - Processing /home/airflow/.local/lib/python3.12/site-packages/airflow/example_dags/example_xcomargs.py took 0.090 seconds
[2026-05-09T19:00:31.717+0000] {processor.py:161} INFO - Started process (PID=1046) to work on /home/airflow/.local/lib/python3.12/site-packages/airflow/example_dags/example_xcomargs.py
[2026-05-09T19:00:31.719+0000] {processor.py:830} INFO - Processing file /home/airflow/.local/lib/python3.12/site-packages/airflow/example_dags/example_xcomargs.py for tasks to queue
[2026-05-09T19:00:31.721+0000] {logging_mixin.py:188} INFO - [2026-05-09T19:00:31.720+0000] {dagbag.py:545} INFO - Filling up the DagBag from /home/airflow/.local/lib/python3.12/site-packages/airflow/example_dags/example_xcomargs.py
[2026-05-09T19:00:31.727+0000] {processor.py:840} INFO - DAG(s) 'example_xcom_args_with_operators', 'example_xcom_args' retrieved from /home/airflow/.local/lib/python3.12/site-packages/airflow/example_dags/example_xcomargs.py
[2026-05-09T19:00:31.751+0000] {logging_mixin.py:188} INFO - [2026-05-09T19:00:31.751+0000] {dag.py:3096} INFO - Sync 2 DAGs
[2026-05-09T19:00:31.763+0000] {logging_mixin.py:188} INFO - [2026-05-09T19:00:31.763+0000] {dag.py:3954} INFO - Setting next_dagrun for example_xcom_args to None, run_after=None
[2026-05-09T19:00:31.767+0000] {logging_mixin.py:188} INFO - [2026-05-09T19:00:31.767+0000] {dag.py:3954} INFO - Setting next_dagrun for example_xcom_args_with_operators to None, run_after=None
[2026-05-09T19:00:31.788+0000] {processor.py:183} INFO - Processing /home/airflow/.local/lib/python3.12/site-packages/airflow/example_dags/example_xcomargs.py took 0.076 seconds
[2026-05-09T19:01:02.610+0000] {processor.py:161} INFO - Started process (PID=1105) to work on /home/airflow/.local/lib/python3.12/site-packages/airflow/example_dags/example_xcomargs.py
[2026-05-09T19:01:02.612+0000] {processor.py:830} INFO - Processing file /home/airflow/.local/lib/python3.12/site-packages/airflow/example_dags/example_xcomargs.py for tasks to queue
[2026-05-09T19:01:02.614+0000] {logging_mixin.py:188} INFO - [2026-05-09T19:01:02.614+0000] {dagbag.py:545} INFO - Filling up the DagBag from /home/airflow/.local/lib/python3.12/site-packages/airflow/example_dags/example_xcomargs.py
[2026-05-09T19:01:02.623+0000] {processor.py:840} INFO - DAG(s) 'example_xcom_args_with_operators', 'example_xcom_args' retrieved from /home/airflow/.local/lib/python3.12/site-packages/airflow/example_dags/example_xcomargs.py
[2026-05-09T19:01:02.651+0000] {logging_mixin.py:188} INFO - [2026-05-09T19:01:02.651+0000] {dag.py:3096} INFO - Sync 2 DAGs
[2026-05-09T19:01:02.666+0000] {logging_mixin.py:188} INFO - [2026-05-09T19:01:02.666+0000] {dag.py:3954} INFO - Setting next_dagrun for example_xcom_args to None, run_after=None
[2026-05-09T19:01:02.670+0000] {logging_mixin.py:188} INFO - [2026-05-09T19:01:02.670+0000] {dag.py:3954} INFO - Setting next_dagrun for example_xcom_args_with_operators to None, run_after=None
[2026-05-09T19:01:02.693+0000] {processor.py:183} INFO - Processing /home/airflow/.local/lib/python3.12/site-packages/airflow/example_dags/example_xcomargs.py took 0.088 seconds
[2026-05-09T19:01:33.411+0000] {processor.py:161} INFO - Started process (PID=1164) to work on /home/airflow/.local/lib/python3.12/site-packages/airflow/example_dags/example_xcomargs.py
[2026-05-09T19:01:33.413+0000] {processor.py:830} INFO - Processing file /home/airflow/.local/lib/python3.12/site-packages/airflow/example_dags/example_xcomargs.py for tasks to queue
[2026-05-09T19:01:33.415+0000] {logging_mixin.py:188} INFO - [2026-05-09T19:01:33.415+0000] {dagbag.py:545} INFO - Filling up the DagBag from /home/airflow/.local/lib/python3.12/site-packages/airflow/example_dags/example_xcomargs.py
[2026-05-09T19:01:33.422+0000] {processor.py:840} INFO - DAG(s) 'example_xcom_args_with_operators', 'example_xcom_args' retrieved from /home/airflow/.local/lib/python3.12/site-packages/airflow/example_dags/example_xcomargs.py
[2026-05-09T19:01:33.448+0000] {logging_mixin.py:188} INFO - [2026-05-09T19:01:33.447+0000] {dag.py:3096} INFO - Sync 2 DAGs
[2026-05-09T19:01:33.462+0000] {logging_mixin.py:188} INFO - [2026-05-09T19:01:33.461+0000] {dag.py:3954} INFO - Setting next_dagrun for example_xcom_args to None, run_after=None
[2026-05-09T19:01:33.466+0000] {logging_mixin.py:188} INFO - [2026-05-09T19:01:33.466+0000] {dag.py:3954} INFO - Setting next_dagrun for example_xcom_args_with_operators to None, run_after=None
[2026-05-09T19:01:33.490+0000] {processor.py:183} INFO - Processing /home/airflow/.local/lib/python3.12/site-packages/airflow/example_dags/example_xcomargs.py took 0.083 seconds
[2026-05-09T19:02:04.070+0000] {processor.py:161} INFO - Started process (PID=1223) to work on /home/airflow/.local/lib/python3.12/site-packages/airflow/example_dags/example_xcomargs.py
[2026-05-09T19:02:04.071+0000] {processor.py:830} INFO - Processing file /home/airflow/.local/lib/python3.12/site-packages/airflow/example_dags/example_xcomargs.py for tasks to queue
[2026-05-09T19:02:04.074+0000] {logging_mixin.py:188} INFO - [2026-05-09T19:02:04.073+0000] {dagbag.py:545} INFO - Filling up the DagBag from /home/airflow/.local/lib/python3.12/site-packages/airflow/example_dags/example_xcomargs.py
[2026-05-09T19:02:04.084+0000] {processor.py:840} INFO - DAG(s) 'example_xcom_args_with_operators', 'example_xcom_args' retrieved from /home/airflow/.local/lib/python3.12/site-packages/airflow/example_dags/example_xcomargs.py
[2026-05-09T19:02:04.111+0000] {logging_mixin.py:188} INFO - [2026-05-09T19:02:04.111+0000] {dag.py:3096} INFO - Sync 2 DAGs
[2026-05-09T19:02:04.125+0000] {logging_mixin.py:188} INFO - [2026-05-09T19:02:04.125+0000] {dag.py:3954} INFO - Setting next_dagrun for example_xcom_args to None, run_after=None
[2026-05-09T19:02:04.129+0000] {logging_mixin.py:188} INFO - [2026-05-09T19:02:04.129+0000] {dag.py:3954} INFO - Setting next_dagrun for example_xcom_args_with_operators to None, run_after=None
[2026-05-09T19:02:04.151+0000] {processor.py:183} INFO - Processing /home/airflow/.local/lib/python3.12/site-packages/airflow/example_dags/example_xcomargs.py took 0.086 seconds
[2026-05-09T19:02:34.751+0000] {processor.py:161} INFO - Started process (PID=1282) to work on /home/airflow/.local/lib/python3.12/site-packages/airflow/example_dags/example_xcomargs.py
[2026-05-09T19:02:34.752+0000] {processor.py:830} INFO - Processing file /home/airflow/.local/lib/python3.12/site-packages/airflow/example_dags/example_xcomargs.py for tasks to queue
[2026-05-09T19:02:34.755+0000] {logging_mixin.py:188} INFO - [2026-05-09T19:02:34.754+0000] {dagbag.py:545} INFO - Filling up the DagBag from /home/airflow/.local/lib/python3.12/site-packages/airflow/example_dags/example_xcomargs.py
[2026-05-09T19:02:34.763+0000] {processor.py:840} INFO - DAG(s) 'example_xcom_args', 'example_xcom_args_with_operators' retrieved from /home/airflow/.local/lib/python3.12/site-packages/airflow/example_dags/example_xcomargs.py
[2026-05-09T19:02:34.792+0000] {logging_mixin.py:188} INFO - [2026-05-09T19:02:34.791+0000] {dag.py:3096} INFO - Sync 2 DAGs
[2026-05-09T19:02:34.807+0000] {logging_mixin.py:188} INFO - [2026-05-09T19:02:34.806+0000] {dag.py:3954} INFO - Setting next_dagrun for example_xcom_args to None, run_after=None
[2026-05-09T19:02:34.812+0000] {logging_mixin.py:188} INFO - [2026-05-09T19:02:34.812+0000] {dag.py:3954} INFO - Setting next_dagrun for example_xcom_args_with_operators to None, run_after=None
[2026-05-09T19:02:34.835+0000] {processor.py:183} INFO - Processing /home/airflow/.local/lib/python3.12/site-packages/airflow/example_dags/example_xcomargs.py took 0.090 seconds
[2026-05-09T19:03:05.550+0000] {processor.py:161} INFO - Started process (PID=1341) to work on /home/airflow/.local/lib/python3.12/site-packages/airflow/example_dags/example_xcomargs.py
[2026-05-09T19:03:05.551+0000] {processor.py:830} INFO - Processing file /home/airflow/.local/lib/python3.12/site-packages/airflow/example_dags/example_xcomargs.py for tasks to queue
[2026-05-09T19:03:05.554+0000] {logging_mixin.py:188} INFO - [2026-05-09T19:03:05.553+0000] {dagbag.py:545} INFO - Filling up the DagBag from /home/airflow/.local/lib/python3.12/site-packages/airflow/example_dags/example_xcomargs.py
[2026-05-09T19:03:05.562+0000] {processor.py:840} INFO - DAG(s) 'example_xcom_args_with_operators', 'example_xcom_args' retrieved from /home/airflow/.local/lib/python3.12/site-packages/airflow/example_dags/example_xcomargs.py
[2026-05-09T19:03:05.736+0000] {logging_mixin.py:188} INFO - [2026-05-09T19:03:05.736+0000] {dag.py:3096} INFO - Sync 2 DAGs
[2026-05-09T19:03:05.749+0000] {logging_mixin.py:188} INFO - [2026-05-09T19:03:05.749+0000] {dag.py:3954} INFO - Setting next_dagrun for example_xcom_args to None, run_after=None
[2026-05-09T19:03:05.754+0000] {logging_mixin.py:188} INFO - [2026-05-09T19:03:05.753+0000] {dag.py:3954} INFO - Setting next_dagrun for example_xcom_args_with_operators to None, run_after=None
[2026-05-09T19:03:05.779+0000] {processor.py:183} INFO - Processing /home/airflow/.local/lib/python3.12/site-packages/airflow/example_dags/example_xcomargs.py took 0.235 seconds
[2026-05-09T19:03:36.481+0000] {processor.py:161} INFO - Started process (PID=1400) to work on /home/airflow/.local/lib/python3.12/site-packages/airflow/example_dags/example_xcomargs.py
[2026-05-09T19:03:36.482+0000] {processor.py:830} INFO - Processing file /home/airflow/.local/lib/python3.12/site-packages/airflow/example_dags/example_xcomargs.py for tasks to queue
[2026-05-09T19:03:36.484+0000] {logging_mixin.py:188} INFO - [2026-05-09T19:03:36.484+0000] {dagbag.py:545} INFO - Filling up the DagBag from /home/airflow/.local/lib/python3.12/site-packages/airflow/example_dags/example_xcomargs.py
[2026-05-09T19:03:36.494+0000] {processor.py:840} INFO - DAG(s) 'example_xcom_args', 'example_xcom_args_with_operators' retrieved from /home/airflow/.local/lib/python3.12/site-packages/airflow/example_dags/example_xcomargs.py
[2026-05-09T19:03:36.696+0000] {logging_mixin.py:188} INFO - [2026-05-09T19:03:36.696+0000] {dag.py:3096} INFO - Sync 2 DAGs
[2026-05-09T19:03:36.710+0000] {logging_mixin.py:188} INFO - [2026-05-09T19:03:36.710+0000] {dag.py:3954} INFO - Setting next_dagrun for example_xcom_args to None, run_after=None
[2026-05-09T19:03:36.715+0000] {logging_mixin.py:188} INFO - [2026-05-09T19:03:36.715+0000] {dag.py:3954} INFO - Setting next_dagrun for example_xcom_args_with_operators to None, run_after=None
[2026-05-09T19:03:36.739+0000] {processor.py:183} INFO - Processing /home/airflow/.local/lib/python3.12/site-packages/airflow/example_dags/example_xcomargs.py took 0.265 seconds
[2026-05-09T19:04:07.081+0000] {processor.py:161} INFO - Started process (PID=1459) to work on /home/airflow/.local/lib/python3.12/site-packages/airflow/example_dags/example_xcomargs.py
[2026-05-09T19:04:07.083+0000] {processor.py:830} INFO - Processing file /home/airflow/.local/lib/python3.12/site-packages/airflow/example_dags/example_xcomargs.py for tasks to queue
[2026-05-09T19:04:07.085+0000] {logging_mixin.py:188} INFO - [2026-05-09T19:04:07.084+0000] {dagbag.py:545} INFO - Filling up the DagBag from /home/airflow/.local/lib/python3.12/site-packages/airflow/example_dags/example_xcomargs.py
[2026-05-09T19:04:07.092+0000] {processor.py:840} INFO - DAG(s) 'example_xcom_args_with_operators', 'example_xcom_args' retrieved from /home/airflow/.local/lib/python3.12/site-packages/airflow/example_dags/example_xcomargs.py
[2026-05-09T19:04:07.119+0000] {logging_mixin.py:188} INFO - [2026-05-09T19:04:07.119+0000] {dag.py:3096} INFO - Sync 2 DAGs
[2026-05-09T19:04:07.133+0000] {logging_mixin.py:188} INFO - [2026-05-09T19:04:07.133+0000] {dag.py:3954} INFO - Setting next_dagrun for example_xcom_args to None, run_after=None
[2026-05-09T19:04:07.138+0000] {logging_mixin.py:188} INFO - [2026-05-09T19:04:07.138+0000] {dag.py:3954} INFO - Setting next_dagrun for example_xcom_args_with_operators to None, run_after=None
[2026-05-09T19:04:07.162+0000] {processor.py:183} INFO - Processing /home/airflow/.local/lib/python3.12/site-packages/airflow/example_dags/example_xcomargs.py took 0.086 seconds
[2026-05-09T19:04:37.654+0000] {processor.py:161} INFO - Started process (PID=1518) to work on /home/airflow/.local/lib/python3.12/site-packages/airflow/example_dags/example_xcomargs.py
[2026-05-09T19:04:37.655+0000] {processor.py:830} INFO - Processing file /home/airflow/.local/lib/python3.12/site-packages/airflow/example_dags/example_xcomargs.py for tasks to queue
[2026-05-09T19:04:37.657+0000] {logging_mixin.py:188} INFO - [2026-05-09T19:04:37.657+0000] {dagbag.py:545} INFO - Filling up the DagBag from /home/airflow/.local/lib/python3.12/site-packages/airflow/example_dags/example_xcomargs.py
[2026-05-09T19:04:37.665+0000] {processor.py:840} INFO - DAG(s) 'example_xcom_args_with_operators', 'example_xcom_args' retrieved from /home/airflow/.local/lib/python3.12/site-packages/airflow/example_dags/example_xcomargs.py
[2026-05-09T19:04:37.690+0000] {logging_mixin.py:188} INFO - [2026-05-09T19:04:37.689+0000] {dag.py:3096} INFO - Sync 2 DAGs
[2026-05-09T19:04:37.702+0000] {logging_mixin.py:188} INFO - [2026-05-09T19:04:37.702+0000] {dag.py:3954} INFO - Setting next_dagrun for example_xcom_args to None, run_after=None
[2026-05-09T19:04:37.707+0000] {logging_mixin.py:188} INFO - [2026-05-09T19:04:37.706+0000] {dag.py:3954} INFO - Setting next_dagrun for example_xcom_args_with_operators to None, run_after=None
[2026-05-09T19:04:37.728+0000] {processor.py:183} INFO - Processing /home/airflow/.local/lib/python3.12/site-packages/airflow/example_dags/example_xcomargs.py took 0.079 seconds
[2026-05-09T19:05:07.775+0000] {processor.py:161} INFO - Started process (PID=1577) to work on /home/airflow/.local/lib/python3.12/site-packages/airflow/example_dags/example_xcomargs.py
[2026-05-09T19:05:07.777+0000] {processor.py:830} INFO - Processing file /home/airflow/.local/lib/python3.12/site-packages/airflow/example_dags/example_xcomargs.py for tasks to queue
[2026-05-09T19:05:07.779+0000] {logging_mixin.py:188} INFO - [2026-05-09T19:05:07.779+0000] {dagbag.py:545} INFO - Filling up the DagBag from /home/airflow/.local/lib/python3.12/site-packages/airflow/example_dags/example_xcomargs.py
[2026-05-09T19:05:07.787+0000] {processor.py:840} INFO - DAG(s) 'example_xcom_args_with_operators', 'example_xcom_args' retrieved from /home/airflow/.local/lib/python3.12/site-packages/airflow/example_dags/example_xcomargs.py
[2026-05-09T19:05:07.812+0000] {logging_mixin.py:188} INFO - [2026-05-09T19:05:07.812+0000] {dag.py:3096} INFO - Sync 2 DAGs
[2026-05-09T19:05:07.826+0000] {logging_mixin.py:188} INFO - [2026-05-09T19:05:07.826+0000] {dag.py:3954} INFO - Setting next_dagrun for example_xcom_args to None, run_after=None
[2026-05-09T19:05:07.831+0000] {logging_mixin.py:188} INFO - [2026-05-09T19:05:07.830+0000] {dag.py:3954} INFO - Setting next_dagrun for example_xcom_args_with_operators to None, run_after=None
[2026-05-09T19:05:07.852+0000] {processor.py:183} INFO - Processing /home/airflow/.local/lib/python3.12/site-packages/airflow/example_dags/example_xcomargs.py took 0.084 seconds
[2026-05-09T19:05:38.101+0000] {processor.py:161} INFO - Started process (PID=1636) to work on /home/airflow/.local/lib/python3.12/site-packages/airflow/example_dags/example_xcomargs.py
[2026-05-09T19:05:38.103+0000] {processor.py:830} INFO - Processing file /home/airflow/.local/lib/python3.12/site-packages/airflow/example_dags/example_xcomargs.py for tasks to queue
[2026-05-09T19:05:38.105+0000] {logging_mixin.py:188} INFO - [2026-05-09T19:05:38.105+0000] {dagbag.py:545} INFO - Filling up the DagBag from /home/airflow/.local/lib/python3.12/site-packages/airflow/example_dags/example_xcomargs.py
[2026-05-09T19:05:38.114+0000] {processor.py:840} INFO - DAG(s) 'example_xcom_args_with_operators', 'example_xcom_args' retrieved from /home/airflow/.local/lib/python3.12/site-packages/airflow/example_dags/example_xcomargs.py
[2026-05-09T19:05:38.146+0000] {logging_mixin.py:188} INFO - [2026-05-09T19:05:38.145+0000] {dag.py:3096} INFO - Sync 2 DAGs
[2026-05-09T19:05:38.162+0000] {logging_mixin.py:188} INFO - [2026-05-09T19:05:38.161+0000] {dag.py:3954} INFO - Setting next_dagrun for example_xcom_args to None, run_after=None
[2026-05-09T19:05:38.167+0000] {logging_mixin.py:188} INFO - [2026-05-09T19:05:38.167+0000] {dag.py:3954} INFO - Setting next_dagrun for example_xcom_args_with_operators to None, run_after=None
[2026-05-09T19:05:38.192+0000] {processor.py:183} INFO - Processing /home/airflow/.local/lib/python3.12/site-packages/airflow/example_dags/example_xcomargs.py took 0.098 seconds
[2026-05-09T19:06:08.313+0000] {processor.py:161} INFO - Started process (PID=1695) to work on /home/airflow/.local/lib/python3.12/site-packages/airflow/example_dags/example_xcomargs.py
[2026-05-09T19:06:08.314+0000] {processor.py:830} INFO - Processing file /home/airflow/.local/lib/python3.12/site-packages/airflow/example_dags/example_xcomargs.py for tasks to queue
[2026-05-09T19:06:08.316+0000] {logging_mixin.py:188} INFO - [2026-05-09T19:06:08.316+0000] {dagbag.py:545} INFO - Filling up the DagBag from /home/airflow/.local/lib/python3.12/site-packages/airflow/example_dags/example_xcomargs.py
[2026-05-09T19:06:08.324+0000] {processor.py:840} INFO - DAG(s) 'example_xcom_args', 'example_xcom_args_with_operators' retrieved from /home/airflow/.local/lib/python3.12/site-packages/airflow/example_dags/example_xcomargs.py
[2026-05-09T19:06:08.351+0000] {logging_mixin.py:188} INFO - [2026-05-09T19:06:08.351+0000] {dag.py:3096} INFO - Sync 2 DAGs
[2026-05-09T19:06:08.368+0000] {logging_mixin.py:188} INFO - [2026-05-09T19:06:08.368+0000] {dag.py:3954} INFO - Setting next_dagrun for example_xcom_args to None, run_after=None
[2026-05-09T19:06:08.373+0000] {logging_mixin.py:188} INFO - [2026-05-09T19:06:08.373+0000] {dag.py:3954} INFO - Setting next_dagrun for example_xcom_args_with_operators to None, run_after=None
[2026-05-09T19:06:08.397+0000] {processor.py:183} INFO - Processing /home/airflow/.local/lib/python3.12/site-packages/airflow/example_dags/example_xcomargs.py took 0.090 seconds
[2026-05-09T19:06:38.737+0000] {processor.py:161} INFO - Started process (PID=1754) to work on /home/airflow/.local/lib/python3.12/site-packages/airflow/example_dags/example_xcomargs.py
[2026-05-09T19:06:38.739+0000] {processor.py:830} INFO - Processing file /home/airflow/.local/lib/python3.12/site-packages/airflow/example_dags/example_xcomargs.py for tasks to queue
[2026-05-09T19:06:38.741+0000] {logging_mixin.py:188} INFO - [2026-05-09T19:06:38.741+0000] {dagbag.py:545} INFO - Filling up the DagBag from /home/airflow/.local/lib/python3.12/site-packages/airflow/example_dags/example_xcomargs.py
[2026-05-09T19:06:38.749+0000] {processor.py:840} INFO - DAG(s) 'example_xcom_args_with_operators', 'example_xcom_args' retrieved from /home/airflow/.local/lib/python3.12/site-packages/airflow/example_dags/example_xcomargs.py
[2026-05-09T19:06:38.779+0000] {logging_mixin.py:188} INFO - [2026-05-09T19:06:38.778+0000] {dag.py:3096} INFO - Sync 2 DAGs
[2026-05-09T19:06:38.797+0000] {logging_mixin.py:188} INFO - [2026-05-09T19:06:38.797+0000] {dag.py:3954} INFO - Setting next_dagrun for example_xcom_args to None, run_after=None
[2026-05-09T19:06:38.802+0000] {logging_mixin.py:188} INFO - [2026-05-09T19:06:38.802+0000] {dag.py:3954} INFO - Setting next_dagrun for example_xcom_args_with_operators to None, run_after=None
[2026-05-09T19:06:38.832+0000] {processor.py:183} INFO - Processing /home/airflow/.local/lib/python3.12/site-packages/airflow/example_dags/example_xcomargs.py took 0.100 seconds
[2026-05-09T19:07:08.893+0000] {processor.py:161} INFO - Started process (PID=1813) to work on /home/airflow/.local/lib/python3.12/site-packages/airflow/example_dags/example_xcomargs.py
[2026-05-09T19:07:08.895+0000] {processor.py:830} INFO - Processing file /home/airflow/.local/lib/python3.12/site-packages/airflow/example_dags/example_xcomargs.py for tasks to queue
[2026-05-09T19:07:08.896+0000] {logging_mixin.py:188} INFO - [2026-05-09T19:07:08.896+0000] {dagbag.py:545} INFO - Filling up the DagBag from /home/airflow/.local/lib/python3.12/site-packages/airflow/example_dags/example_xcomargs.py
[2026-05-09T19:07:08.905+0000] {processor.py:840} INFO - DAG(s) 'example_xcom_args_with_operators', 'example_xcom_args' retrieved from /home/airflow/.local/lib/python3.12/site-packages/airflow/example_dags/example_xcomargs.py
[2026-05-09T19:07:08.933+0000] {logging_mixin.py:188} INFO - [2026-05-09T19:07:08.933+0000] {dag.py:3096} INFO - Sync 2 DAGs
[2026-05-09T19:07:08.950+0000] {logging_mixin.py:188} INFO - [2026-05-09T19:07:08.950+0000] {dag.py:3954} INFO - Setting next_dagrun for example_xcom_args to None, run_after=None
[2026-05-09T19:07:08.955+0000] {logging_mixin.py:188} INFO - [2026-05-09T19:07:08.955+0000] {dag.py:3954} INFO - Setting next_dagrun for example_xcom_args_with_operators to None, run_after=None
[2026-05-09T19:07:08.980+0000] {processor.py:183} INFO - Processing /home/airflow/.local/lib/python3.12/site-packages/airflow/example_dags/example_xcomargs.py took 0.094 seconds
[2026-05-09T19:07:39.307+0000] {processor.py:161} INFO - Started process (PID=1872) to work on /home/airflow/.local/lib/python3.12/site-packages/airflow/example_dags/example_xcomargs.py
[2026-05-09T19:07:39.309+0000] {processor.py:830} INFO - Processing file /home/airflow/.local/lib/python3.12/site-packages/airflow/example_dags/example_xcomargs.py for tasks to queue
[2026-05-09T19:07:39.311+0000] {logging_mixin.py:188} INFO - [2026-05-09T19:07:39.311+0000] {dagbag.py:545} INFO - Filling up the DagBag from /home/airflow/.local/lib/python3.12/site-packages/airflow/example_dags/example_xcomargs.py
[2026-05-09T19:07:39.319+0000] {processor.py:840} INFO - DAG(s) 'example_xcom_args_with_operators', 'example_xcom_args' retrieved from /home/airflow/.local/lib/python3.12/site-packages/airflow/example_dags/example_xcomargs.py
[2026-05-09T19:07:39.344+0000] {logging_mixin.py:188} INFO - [2026-05-09T19:07:39.343+0000] {dag.py:3096} INFO - Sync 2 DAGs
[2026-05-09T19:07:39.357+0000] {logging_mixin.py:188} INFO - [2026-05-09T19:07:39.357+0000] {dag.py:3954} INFO - Setting next_dagrun for example_xcom_args to None, run_after=None
[2026-05-09T19:07:39.362+0000] {logging_mixin.py:188} INFO - [2026-05-09T19:07:39.361+0000] {dag.py:3954} INFO - Setting next_dagrun for example_xcom_args_with_operators to None, run_after=None
[2026-05-09T19:07:39.387+0000] {processor.py:183} INFO - Processing /home/airflow/.local/lib/python3.12/site-packages/airflow/example_dags/example_xcomargs.py took 0.084 seconds
[2026-05-09T19:08:10.293+0000] {processor.py:161} INFO - Started process (PID=1931) to work on /home/airflow/.local/lib/python3.12/site-packages/airflow/example_dags/example_xcomargs.py
[2026-05-09T19:08:10.294+0000] {processor.py:830} INFO - Processing file /home/airflow/.local/lib/python3.12/site-packages/airflow/example_dags/example_xcomargs.py for tasks to queue
[2026-05-09T19:08:10.296+0000] {logging_mixin.py:188} INFO - [2026-05-09T19:08:10.295+0000] {dagbag.py:545} INFO - Filling up the DagBag from /home/airflow/.local/lib/python3.12/site-packages/airflow/example_dags/example_xcomargs.py
[2026-05-09T19:08:10.303+0000] {processor.py:840} INFO - DAG(s) 'example_xcom_args', 'example_xcom_args_with_operators' retrieved from /home/airflow/.local/lib/python3.12/site-packages/airflow/example_dags/example_xcomargs.py
[2026-05-09T19:08:10.326+0000] {logging_mixin.py:188} INFO - [2026-05-09T19:08:10.326+0000] {dag.py:3096} INFO - Sync 2 DAGs
[2026-05-09T19:08:10.338+0000] {logging_mixin.py:188} INFO - [2026-05-09T19:08:10.338+0000] {dag.py:3954} INFO - Setting next_dagrun for example_xcom_args to None, run_after=None
[2026-05-09T19:08:10.343+0000] {logging_mixin.py:188} INFO - [2026-05-09T19:08:10.342+0000] {dag.py:3954} INFO - Setting next_dagrun for example_xcom_args_with_operators to None, run_after=None
[2026-05-09T19:08:10.363+0000] {processor.py:183} INFO - Processing /home/airflow/.local/lib/python3.12/site-packages/airflow/example_dags/example_xcomargs.py took 0.075 seconds
[2026-05-09T19:08:41.252+0000] {processor.py:161} INFO - Started process (PID=1990) to work on /home/airflow/.local/lib/python3.12/site-packages/airflow/example_dags/example_xcomargs.py
[2026-05-09T19:08:41.253+0000] {processor.py:830} INFO - Processing file /home/airflow/.local/lib/python3.12/site-packages/airflow/example_dags/example_xcomargs.py for tasks to queue
[2026-05-09T19:08:41.256+0000] {logging_mixin.py:188} INFO - [2026-05-09T19:08:41.256+0000] {dagbag.py:545} INFO - Filling up the DagBag from /home/airflow/.local/lib/python3.12/site-packages/airflow/example_dags/example_xcomargs.py
[2026-05-09T19:08:41.270+0000] {processor.py:840} INFO - DAG(s) 'example_xcom_args_with_operators', 'example_xcom_args' retrieved from /home/airflow/.local/lib/python3.12/site-packages/airflow/example_dags/example_xcomargs.py
[2026-05-09T19:08:41.303+0000] {logging_mixin.py:188} INFO - [2026-05-09T19:08:41.302+0000] {dag.py:3096} INFO - Sync 2 DAGs
[2026-05-09T19:08:41.317+0000] {logging_mixin.py:188} INFO - [2026-05-09T19:08:41.317+0000] {dag.py:3954} INFO - Setting next_dagrun for example_xcom_args to None, run_after=None
[2026-05-09T19:08:41.323+0000] {logging_mixin.py:188} INFO - [2026-05-09T19:08:41.322+0000] {dag.py:3954} INFO - Setting next_dagrun for example_xcom_args_with_operators to None, run_after=None
[2026-05-09T19:08:41.347+0000] {processor.py:183} INFO - Processing /home/airflow/.local/lib/python3.12/site-packages/airflow/example_dags/example_xcomargs.py took 0.100 seconds
[2026-05-09T19:09:11.773+0000] {processor.py:161} INFO - Started process (PID=2049) to work on /home/airflow/.local/lib/python3.12/site-packages/airflow/example_dags/example_xcomargs.py
[2026-05-09T19:09:11.775+0000] {processor.py:830} INFO - Processing file /home/airflow/.local/lib/python3.12/site-packages/airflow/example_dags/example_xcomargs.py for tasks to queue
[2026-05-09T19:09:11.779+0000] {logging_mixin.py:188} INFO - [2026-05-09T19:09:11.779+0000] {dagbag.py:545} INFO - Filling up the DagBag from /home/airflow/.local/lib/python3.12/site-packages/airflow/example_dags/example_xcomargs.py
[2026-05-09T19:09:11.791+0000] {processor.py:840} INFO - DAG(s) 'example_xcom_args_with_operators', 'example_xcom_args' retrieved from /home/airflow/.local/lib/python3.12/site-packages/airflow/example_dags/example_xcomargs.py
[2026-05-09T19:09:11.830+0000] {logging_mixin.py:188} INFO - [2026-05-09T19:09:11.829+0000] {dag.py:3096} INFO - Sync 2 DAGs
[2026-05-09T19:09:11.844+0000] {logging_mixin.py:188} INFO - [2026-05-09T19:09:11.844+0000] {dag.py:3954} INFO - Setting next_dagrun for example_xcom_args to None, run_after=None
[2026-05-09T19:09:11.848+0000] {logging_mixin.py:188} INFO - [2026-05-09T19:09:11.848+0000] {dag.py:3954} INFO - Setting next_dagrun for example_xcom_args_with_operators to None, run_after=None
[2026-05-09T19:09:11.869+0000] {processor.py:183} INFO - Processing /home/airflow/.local/lib/python3.12/site-packages/airflow/example_dags/example_xcomargs.py took 0.105 seconds
[2026-05-09T19:09:42.824+0000] {processor.py:161} INFO - Started process (PID=2108) to work on /home/airflow/.local/lib/python3.12/site-packages/airflow/example_dags/example_xcomargs.py
[2026-05-09T19:09:42.825+0000] {processor.py:830} INFO - Processing file /home/airflow/.local/lib/python3.12/site-packages/airflow/example_dags/example_xcomargs.py for tasks to queue
[2026-05-09T19:09:42.827+0000] {logging_mixin.py:188} INFO - [2026-05-09T19:09:42.827+0000] {dagbag.py:545} INFO - Filling up the DagBag from /home/airflow/.local/lib/python3.12/site-packages/airflow/example_dags/example_xcomargs.py
[2026-05-09T19:09:42.834+0000] {processor.py:840} INFO - DAG(s) 'example_xcom_args', 'example_xcom_args_with_operators' retrieved from /home/airflow/.local/lib/python3.12/site-packages/airflow/example_dags/example_xcomargs.py
[2026-05-09T19:09:42.857+0000] {logging_mixin.py:188} INFO - [2026-05-09T19:09:42.857+0000] {dag.py:3096} INFO - Sync 2 DAGs
[2026-05-09T19:09:42.870+0000] {logging_mixin.py:188} INFO - [2026-05-09T19:09:42.870+0000] {dag.py:3954} INFO - Setting next_dagrun for example_xcom_args to None, run_after=None
[2026-05-09T19:09:42.874+0000] {logging_mixin.py:188} INFO - [2026-05-09T19:09:42.874+0000] {dag.py:3954} INFO - Setting next_dagrun for example_xcom_args_with_operators to None, run_after=None
[2026-05-09T19:09:42.893+0000] {processor.py:183} INFO - Processing /home/airflow/.local/lib/python3.12/site-packages/airflow/example_dags/example_xcomargs.py took 0.074 seconds
[2026-05-09T19:10:13.560+0000] {processor.py:161} INFO - Started process (PID=2167) to work on /home/airflow/.local/lib/python3.12/site-packages/airflow/example_dags/example_xcomargs.py
[2026-05-09T19:10:13.561+0000] {processor.py:830} INFO - Processing file /home/airflow/.local/lib/python3.12/site-packages/airflow/example_dags/example_xcomargs.py for tasks to queue
[2026-05-09T19:10:13.564+0000] {logging_mixin.py:188} INFO - [2026-05-09T19:10:13.563+0000] {dagbag.py:545} INFO - Filling up the DagBag from /home/airflow/.local/lib/python3.12/site-packages/airflow/example_dags/example_xcomargs.py
[2026-05-09T19:10:13.571+0000] {processor.py:840} INFO - DAG(s) 'example_xcom_args_with_operators', 'example_xcom_args' retrieved from /home/airflow/.local/lib/python3.12/site-packages/airflow/example_dags/example_xcomargs.py
[2026-05-09T19:10:13.596+0000] {logging_mixin.py:188} INFO - [2026-05-09T19:10:13.596+0000] {dag.py:3096} INFO - Sync 2 DAGs
[2026-05-09T19:10:13.610+0000] {logging_mixin.py:188} INFO - [2026-05-09T19:10:13.610+0000] {dag.py:3954} INFO - Setting next_dagrun for example_xcom_args to None, run_after=None
[2026-05-09T19:10:13.615+0000] {logging_mixin.py:188} INFO - [2026-05-09T19:10:13.614+0000] {dag.py:3954} INFO - Setting next_dagrun for example_xcom_args_with_operators to None, run_after=None
[2026-05-09T19:10:13.638+0000] {processor.py:183} INFO - Processing /home/airflow/.local/lib/python3.12/site-packages/airflow/example_dags/example_xcomargs.py took 0.083 seconds
[2026-05-09T19:10:43.947+0000] {processor.py:161} INFO - Started process (PID=2226) to work on /home/airflow/.local/lib/python3.12/site-packages/airflow/example_dags/example_xcomargs.py
[2026-05-09T19:10:43.948+0000] {processor.py:830} INFO - Processing file /home/airflow/.local/lib/python3.12/site-packages/airflow/example_dags/example_xcomargs.py for tasks to queue
[2026-05-09T19:10:43.951+0000] {logging_mixin.py:188} INFO - [2026-05-09T19:10:43.951+0000] {dagbag.py:545} INFO - Filling up the DagBag from /home/airflow/.local/lib/python3.12/site-packages/airflow/example_dags/example_xcomargs.py
[2026-05-09T19:10:43.959+0000] {processor.py:840} INFO - DAG(s) 'example_xcom_args', 'example_xcom_args_with_operators' retrieved from /home/airflow/.local/lib/python3.12/site-packages/airflow/example_dags/example_xcomargs.py
[2026-05-09T19:10:43.985+0000] {logging_mixin.py:188} INFO - [2026-05-09T19:10:43.984+0000] {dag.py:3096} INFO - Sync 2 DAGs
[2026-05-09T19:10:43.999+0000] {logging_mixin.py:188} INFO - [2026-05-09T19:10:43.999+0000] {dag.py:3954} INFO - Setting next_dagrun for example_xcom_args to None, run_after=None
[2026-05-09T19:10:44.004+0000] {logging_mixin.py:188} INFO - [2026-05-09T19:10:44.004+0000] {dag.py:3954} INFO - Setting next_dagrun for example_xcom_args_with_operators to None, run_after=None
[2026-05-09T19:10:44.025+0000] {processor.py:183} INFO - Processing /home/airflow/.local/lib/python3.12/site-packages/airflow/example_dags/example_xcomargs.py took 0.083 seconds
[2026-05-09T19:11:14.875+0000] {processor.py:161} INFO - Started process (PID=2285) to work on /home/airflow/.local/lib/python3.12/site-packages/airflow/example_dags/example_xcomargs.py
[2026-05-09T19:11:14.876+0000] {processor.py:830} INFO - Processing file /home/airflow/.local/lib/python3.12/site-packages/airflow/example_dags/example_xcomargs.py for tasks to queue
[2026-05-09T19:11:14.878+0000] {logging_mixin.py:188} INFO - [2026-05-09T19:11:14.877+0000] {dagbag.py:545} INFO - Filling up the DagBag from /home/airflow/.local/lib/python3.12/site-packages/airflow/example_dags/example_xcomargs.py
[2026-05-09T19:11:14.885+0000] {processor.py:840} INFO - DAG(s) 'example_xcom_args', 'example_xcom_args_with_operators' retrieved from /home/airflow/.local/lib/python3.12/site-packages/airflow/example_dags/example_xcomargs.py
[2026-05-09T19:11:14.910+0000] {logging_mixin.py:188} INFO - [2026-05-09T19:11:14.909+0000] {dag.py:3096} INFO - Sync 2 DAGs
[2026-05-09T19:11:14.923+0000] {logging_mixin.py:188} INFO - [2026-05-09T19:11:14.923+0000] {dag.py:3954} INFO - Setting next_dagrun for example_xcom_args to None, run_after=None
[2026-05-09T19:11:14.928+0000] {logging_mixin.py:188} INFO - [2026-05-09T19:11:14.928+0000] {dag.py:3954} INFO - Setting next_dagrun for example_xcom_args_with_operators to None, run_after=None
[2026-05-09T19:11:14.951+0000] {processor.py:183} INFO - Processing /home/airflow/.local/lib/python3.12/site-packages/airflow/example_dags/example_xcomargs.py took 0.082 seconds
[2026-05-09T19:11:45.365+0000] {processor.py:161} INFO - Started process (PID=2344) to work on /home/airflow/.local/lib/python3.12/site-packages/airflow/example_dags/example_xcomargs.py
[2026-05-09T19:11:45.366+0000] {processor.py:830} INFO - Processing file /home/airflow/.local/lib/python3.12/site-packages/airflow/example_dags/example_xcomargs.py for tasks to queue
[2026-05-09T19:11:45.368+0000] {logging_mixin.py:188} INFO - [2026-05-09T19:11:45.368+0000] {dagbag.py:545} INFO - Filling up the DagBag from /home/airflow/.local/lib/python3.12/site-packages/airflow/example_dags/example_xcomargs.py
[2026-05-09T19:11:45.375+0000] {processor.py:840} INFO - DAG(s) 'example_xcom_args', 'example_xcom_args_with_operators' retrieved from /home/airflow/.local/lib/python3.12/site-packages/airflow/example_dags/example_xcomargs.py
[2026-05-09T19:11:45.400+0000] {logging_mixin.py:188} INFO - [2026-05-09T19:11:45.400+0000] {dag.py:3096} INFO - Sync 2 DAGs
[2026-05-09T19:11:45.412+0000] {logging_mixin.py:188} INFO - [2026-05-09T19:11:45.412+0000] {dag.py:3954} INFO - Setting next_dagrun for example_xcom_args to None, run_after=None
[2026-05-09T19:11:45.417+0000] {logging_mixin.py:188} INFO - [2026-05-09T19:11:45.417+0000] {dag.py:3954} INFO - Setting next_dagrun for example_xcom_args_with_operators to None, run_after=None
[2026-05-09T19:11:45.459+0000] {processor.py:183} INFO - Processing /home/airflow/.local/lib/python3.12/site-packages/airflow/example_dags/example_xcomargs.py took 0.100 seconds
[2026-05-09T19:12:16.143+0000] {processor.py:161} INFO - Started process (PID=2403) to work on /home/airflow/.local/lib/python3.12/site-packages/airflow/example_dags/example_xcomargs.py
[2026-05-09T19:12:16.144+0000] {processor.py:830} INFO - Processing file /home/airflow/.local/lib/python3.12/site-packages/airflow/example_dags/example_xcomargs.py for tasks to queue
[2026-05-09T19:12:16.146+0000] {logging_mixin.py:188} INFO - [2026-05-09T19:12:16.146+0000] {dagbag.py:545} INFO - Filling up the DagBag from /home/airflow/.local/lib/python3.12/site-packages/airflow/example_dags/example_xcomargs.py
[2026-05-09T19:12:16.154+0000] {processor.py:840} INFO - DAG(s) 'example_xcom_args_with_operators', 'example_xcom_args' retrieved from /home/airflow/.local/lib/python3.12/site-packages/airflow/example_dags/example_xcomargs.py
[2026-05-09T19:12:16.179+0000] {logging_mixin.py:188} INFO - [2026-05-09T19:12:16.179+0000] {dag.py:3096} INFO - Sync 2 DAGs
[2026-05-09T19:12:16.193+0000] {logging_mixin.py:188} INFO - [2026-05-09T19:12:16.193+0000] {dag.py:3954} INFO - Setting next_dagrun for example_xcom_args to None, run_after=None
[2026-05-09T19:12:16.198+0000] {logging_mixin.py:188} INFO - [2026-05-09T19:12:16.198+0000] {dag.py:3954} INFO - Setting next_dagrun for example_xcom_args_with_operators to None, run_after=None
[2026-05-09T19:12:16.221+0000] {processor.py:183} INFO - Processing /home/airflow/.local/lib/python3.12/site-packages/airflow/example_dags/example_xcomargs.py took 0.084 seconds
[2026-05-09T19:12:46.789+0000] {processor.py:161} INFO - Started process (PID=2462) to work on /home/airflow/.local/lib/python3.12/site-packages/airflow/example_dags/example_xcomargs.py
[2026-05-09T19:12:46.790+0000] {processor.py:830} INFO - Processing file /home/airflow/.local/lib/python3.12/site-packages/airflow/example_dags/example_xcomargs.py for tasks to queue
[2026-05-09T19:12:46.792+0000] {logging_mixin.py:188} INFO - [2026-05-09T19:12:46.792+0000] {dagbag.py:545} INFO - Filling up the DagBag from /home/airflow/.local/lib/python3.12/site-packages/airflow/example_dags/example_xcomargs.py
[2026-05-09T19:12:46.799+0000] {processor.py:840} INFO - DAG(s) 'example_xcom_args_with_operators', 'example_xcom_args' retrieved from /home/airflow/.local/lib/python3.12/site-packages/airflow/example_dags/example_xcomargs.py
[2026-05-09T19:12:46.823+0000] {logging_mixin.py:188} INFO - [2026-05-09T19:12:46.823+0000] {dag.py:3096} INFO - Sync 2 DAGs
[2026-05-09T19:12:46.837+0000] {logging_mixin.py:188} INFO - [2026-05-09T19:12:46.836+0000] {dag.py:3954} INFO - Setting next_dagrun for example_xcom_args to None, run_after=None
[2026-05-09T19:12:46.841+0000] {logging_mixin.py:188} INFO - [2026-05-09T19:12:46.840+0000] {dag.py:3954} INFO - Setting next_dagrun for example_xcom_args_with_operators to None, run_after=None
[2026-05-09T19:12:46.861+0000] {processor.py:183} INFO - Processing /home/airflow/.local/lib/python3.12/site-packages/airflow/example_dags/example_xcomargs.py took 0.077 seconds
[2026-05-09T19:13:17.896+0000] {processor.py:161} INFO - Started process (PID=2521) to work on /home/airflow/.local/lib/python3.12/site-packages/airflow/example_dags/example_xcomargs.py
[2026-05-09T19:13:17.897+0000] {processor.py:830} INFO - Processing file /home/airflow/.local/lib/python3.12/site-packages/airflow/example_dags/example_xcomargs.py for tasks to queue
[2026-05-09T19:13:17.899+0000] {logging_mixin.py:188} INFO - [2026-05-09T19:13:17.899+0000] {dagbag.py:545} INFO - Filling up the DagBag from /home/airflow/.local/lib/python3.12/site-packages/airflow/example_dags/example_xcomargs.py
[2026-05-09T19:13:17.907+0000] {processor.py:840} INFO - DAG(s) 'example_xcom_args', 'example_xcom_args_with_operators' retrieved from /home/airflow/.local/lib/python3.12/site-packages/airflow/example_dags/example_xcomargs.py
[2026-05-09T19:13:17.930+0000] {logging_mixin.py:188} INFO - [2026-05-09T19:13:17.930+0000] {dag.py:3096} INFO - Sync 2 DAGs
[2026-05-09T19:13:17.943+0000] {logging_mixin.py:188} INFO - [2026-05-09T19:13:17.943+0000] {dag.py:3954} INFO - Setting next_dagrun for example_xcom_args to None, run_after=None
[2026-05-09T19:13:17.947+0000] {logging_mixin.py:188} INFO - [2026-05-09T19:13:17.947+0000] {dag.py:3954} INFO - Setting next_dagrun for example_xcom_args_with_operators to None, run_after=None
[2026-05-09T19:13:17.968+0000] {processor.py:183} INFO - Processing /home/airflow/.local/lib/python3.12/site-packages/airflow/example_dags/example_xcomargs.py took 0.077 seconds
[2026-05-09T19:13:48.600+0000] {processor.py:161} INFO - Started process (PID=2580) to work on /home/airflow/.local/lib/python3.12/site-packages/airflow/example_dags/example_xcomargs.py
[2026-05-09T19:13:48.601+0000] {processor.py:830} INFO - Processing file /home/airflow/.local/lib/python3.12/site-packages/airflow/example_dags/example_xcomargs.py for tasks to queue
[2026-05-09T19:13:48.603+0000] {logging_mixin.py:188} INFO - [2026-05-09T19:13:48.603+0000] {dagbag.py:545} INFO - Filling up the DagBag from /home/airflow/.local/lib/python3.12/site-packages/airflow/example_dags/example_xcomargs.py
[2026-05-09T19:13:48.611+0000] {processor.py:840} INFO - DAG(s) 'example_xcom_args_with_operators', 'example_xcom_args' retrieved from /home/airflow/.local/lib/python3.12/site-packages/airflow/example_dags/example_xcomargs.py
[2026-05-09T19:13:48.636+0000] {logging_mixin.py:188} INFO - [2026-05-09T19:13:48.636+0000] {dag.py:3096} INFO - Sync 2 DAGs
[2026-05-09T19:13:48.649+0000] {logging_mixin.py:188} INFO - [2026-05-09T19:13:48.649+0000] {dag.py:3954} INFO - Setting next_dagrun for example_xcom_args to None, run_after=None
[2026-05-09T19:13:48.653+0000] {logging_mixin.py:188} INFO - [2026-05-09T19:13:48.653+0000] {dag.py:3954} INFO - Setting next_dagrun for example_xcom_args_with_operators to None, run_after=None
[2026-05-09T19:13:48.678+0000] {processor.py:183} INFO - Processing /home/airflow/.local/lib/python3.12/site-packages/airflow/example_dags/example_xcomargs.py took 0.084 seconds
[2026-05-09T19:14:19.374+0000] {processor.py:161} INFO - Started process (PID=2639) to work on /home/airflow/.local/lib/python3.12/site-packages/airflow/example_dags/example_xcomargs.py
[2026-05-09T19:14:19.375+0000] {processor.py:830} INFO - Processing file /home/airflow/.local/lib/python3.12/site-packages/airflow/example_dags/example_xcomargs.py for tasks to queue
[2026-05-09T19:14:19.378+0000] {logging_mixin.py:188} INFO - [2026-05-09T19:14:19.378+0000] {dagbag.py:545} INFO - Filling up the DagBag from /home/airflow/.local/lib/python3.12/site-packages/airflow/example_dags/example_xcomargs.py
[2026-05-09T19:14:19.386+0000] {processor.py:840} INFO - DAG(s) 'example_xcom_args', 'example_xcom_args_with_operators' retrieved from /home/airflow/.local/lib/python3.12/site-packages/airflow/example_dags/example_xcomargs.py
[2026-05-09T19:14:19.410+0000] {logging_mixin.py:188} INFO - [2026-05-09T19:14:19.410+0000] {dag.py:3096} INFO - Sync 2 DAGs
[2026-05-09T19:14:19.423+0000] {logging_mixin.py:188} INFO - [2026-05-09T19:14:19.422+0000] {dag.py:3954} INFO - Setting next_dagrun for example_xcom_args to None, run_after=None
[2026-05-09T19:14:19.428+0000] {logging_mixin.py:188} INFO - [2026-05-09T19:14:19.427+0000] {dag.py:3954} INFO - Setting next_dagrun for example_xcom_args_with_operators to None, run_after=None
[2026-05-09T19:14:19.450+0000] {processor.py:183} INFO - Processing /home/airflow/.local/lib/python3.12/site-packages/airflow/example_dags/example_xcomargs.py took 0.083 seconds
[2026-05-09T19:14:50.008+0000] {processor.py:161} INFO - Started process (PID=2698) to work on /home/airflow/.local/lib/python3.12/site-packages/airflow/example_dags/example_xcomargs.py
[2026-05-09T19:14:50.009+0000] {processor.py:830} INFO - Processing file /home/airflow/.local/lib/python3.12/site-packages/airflow/example_dags/example_xcomargs.py for tasks to queue
[2026-05-09T19:14:50.011+0000] {logging_mixin.py:188} INFO - [2026-05-09T19:14:50.011+0000] {dagbag.py:545} INFO - Filling up the DagBag from /home/airflow/.local/lib/python3.12/site-packages/airflow/example_dags/example_xcomargs.py
[2026-05-09T19:14:50.018+0000] {processor.py:840} INFO - DAG(s) 'example_xcom_args', 'example_xcom_args_with_operators' retrieved from /home/airflow/.local/lib/python3.12/site-packages/airflow/example_dags/example_xcomargs.py
[2026-05-09T19:14:50.041+0000] {logging_mixin.py:188} INFO - [2026-05-09T19:14:50.041+0000] {dag.py:3096} INFO - Sync 2 DAGs
[2026-05-09T19:14:50.054+0000] {logging_mixin.py:188} INFO - [2026-05-09T19:14:50.054+0000] {dag.py:3954} INFO - Setting next_dagrun for example_xcom_args to None, run_after=None
[2026-05-09T19:14:50.058+0000] {logging_mixin.py:188} INFO - [2026-05-09T19:14:50.058+0000] {dag.py:3954} INFO - Setting next_dagrun for example_xcom_args_with_operators to None, run_after=None
[2026-05-09T19:14:50.078+0000] {processor.py:183} INFO - Processing /home/airflow/.local/lib/python3.12/site-packages/airflow/example_dags/example_xcomargs.py took 0.076 seconds
[2026-05-09T19:15:20.889+0000] {processor.py:161} INFO - Started process (PID=2757) to work on /home/airflow/.local/lib/python3.12/site-packages/airflow/example_dags/example_xcomargs.py
[2026-05-09T19:15:20.890+0000] {processor.py:830} INFO - Processing file /home/airflow/.local/lib/python3.12/site-packages/airflow/example_dags/example_xcomargs.py for tasks to queue
[2026-05-09T19:15:20.892+0000] {logging_mixin.py:188} INFO - [2026-05-09T19:15:20.892+0000] {dagbag.py:545} INFO - Filling up the DagBag from /home/airflow/.local/lib/python3.12/site-packages/airflow/example_dags/example_xcomargs.py
[2026-05-09T19:15:20.900+0000] {processor.py:840} INFO - DAG(s) 'example_xcom_args_with_operators', 'example_xcom_args' retrieved from /home/airflow/.local/lib/python3.12/site-packages/airflow/example_dags/example_xcomargs.py
[2026-05-09T19:15:20.927+0000] {logging_mixin.py:188} INFO - [2026-05-09T19:15:20.927+0000] {dag.py:3096} INFO - Sync 2 DAGs
[2026-05-09T19:15:20.941+0000] {logging_mixin.py:188} INFO - [2026-05-09T19:15:20.941+0000] {dag.py:3954} INFO - Setting next_dagrun for example_xcom_args to None, run_after=None
[2026-05-09T19:15:20.946+0000] {logging_mixin.py:188} INFO - [2026-05-09T19:15:20.946+0000] {dag.py:3954} INFO - Setting next_dagrun for example_xcom_args_with_operators to None, run_after=None
[2026-05-09T19:15:20.967+0000] {processor.py:183} INFO - Processing /home/airflow/.local/lib/python3.12/site-packages/airflow/example_dags/example_xcomargs.py took 0.083 seconds
[2026-05-09T19:15:52.040+0000] {processor.py:161} INFO - Started process (PID=2816) to work on /home/airflow/.local/lib/python3.12/site-packages/airflow/example_dags/example_xcomargs.py
[2026-05-09T19:15:52.041+0000] {processor.py:830} INFO - Processing file /home/airflow/.local/lib/python3.12/site-packages/airflow/example_dags/example_xcomargs.py for tasks to queue
[2026-05-09T19:15:52.043+0000] {logging_mixin.py:188} INFO - [2026-05-09T19:15:52.043+0000] {dagbag.py:545} INFO - Filling up the DagBag from /home/airflow/.local/lib/python3.12/site-packages/airflow/example_dags/example_xcomargs.py
[2026-05-09T19:15:52.051+0000] {processor.py:840} INFO - DAG(s) 'example_xcom_args', 'example_xcom_args_with_operators' retrieved from /home/airflow/.local/lib/python3.12/site-packages/airflow/example_dags/example_xcomargs.py
[2026-05-09T19:15:52.076+0000] {logging_mixin.py:188} INFO - [2026-05-09T19:15:52.076+0000] {dag.py:3096} INFO - Sync 2 DAGs
[2026-05-09T19:15:52.090+0000] {logging_mixin.py:188} INFO - [2026-05-09T19:15:52.090+0000] {dag.py:3954} INFO - Setting next_dagrun for example_xcom_args to None, run_after=None
[2026-05-09T19:15:52.095+0000] {logging_mixin.py:188} INFO - [2026-05-09T19:15:52.094+0000] {dag.py:3954} INFO - Setting next_dagrun for example_xcom_args_with_operators to None, run_after=None
[2026-05-09T19:15:52.115+0000] {processor.py:183} INFO - Processing /home/airflow/.local/lib/python3.12/site-packages/airflow/example_dags/example_xcomargs.py took 0.081 seconds
[2026-05-09T19:16:22.306+0000] {processor.py:161} INFO - Started process (PID=2875) to work on /home/airflow/.local/lib/python3.12/site-packages/airflow/example_dags/example_xcomargs.py
[2026-05-09T19:16:22.307+0000] {processor.py:830} INFO - Processing file /home/airflow/.local/lib/python3.12/site-packages/airflow/example_dags/example_xcomargs.py for tasks to queue
[2026-05-09T19:16:22.309+0000] {logging_mixin.py:188} INFO - [2026-05-09T19:16:22.309+0000] {dagbag.py:545} INFO - Filling up the DagBag from /home/airflow/.local/lib/python3.12/site-packages/airflow/example_dags/example_xcomargs.py
[2026-05-09T19:16:22.316+0000] {processor.py:840} INFO - DAG(s) 'example_xcom_args', 'example_xcom_args_with_operators' retrieved from /home/airflow/.local/lib/python3.12/site-packages/airflow/example_dags/example_xcomargs.py
[2026-05-09T19:16:22.342+0000] {logging_mixin.py:188} INFO - [2026-05-09T19:16:22.342+0000] {dag.py:3096} INFO - Sync 2 DAGs
[2026-05-09T19:16:22.356+0000] {logging_mixin.py:188} INFO - [2026-05-09T19:16:22.356+0000] {dag.py:3954} INFO - Setting next_dagrun for example_xcom_args to None, run_after=None
[2026-05-09T19:16:22.360+0000] {logging_mixin.py:188} INFO - [2026-05-09T19:16:22.360+0000] {dag.py:3954} INFO - Setting next_dagrun for example_xcom_args_with_operators to None, run_after=None
[2026-05-09T19:16:22.382+0000] {processor.py:183} INFO - Processing /home/airflow/.local/lib/python3.12/site-packages/airflow/example_dags/example_xcomargs.py took 0.081 seconds
[2026-05-09T19:16:53.162+0000] {processor.py:161} INFO - Started process (PID=2934) to work on /home/airflow/.local/lib/python3.12/site-packages/airflow/example_dags/example_xcomargs.py
[2026-05-09T19:16:53.163+0000] {processor.py:830} INFO - Processing file /home/airflow/.local/lib/python3.12/site-packages/airflow/example_dags/example_xcomargs.py for tasks to queue
[2026-05-09T19:16:53.165+0000] {logging_mixin.py:188} INFO - [2026-05-09T19:16:53.165+0000] {dagbag.py:545} INFO - Filling up the DagBag from /home/airflow/.local/lib/python3.12/site-packages/airflow/example_dags/example_xcomargs.py
[2026-05-09T19:16:53.173+0000] {processor.py:840} INFO - DAG(s) 'example_xcom_args', 'example_xcom_args_with_operators' retrieved from /home/airflow/.local/lib/python3.12/site-packages/airflow/example_dags/example_xcomargs.py
[2026-05-09T19:16:53.197+0000] {logging_mixin.py:188} INFO - [2026-05-09T19:16:53.197+0000] {dag.py:3096} INFO - Sync 2 DAGs
[2026-05-09T19:16:53.209+0000] {logging_mixin.py:188} INFO - [2026-05-09T19:16:53.209+0000] {dag.py:3954} INFO - Setting next_dagrun for example_xcom_args to None, run_after=None
[2026-05-09T19:16:53.213+0000] {logging_mixin.py:188} INFO - [2026-05-09T19:16:53.213+0000] {dag.py:3954} INFO - Setting next_dagrun for example_xcom_args_with_operators to None, run_after=None
[2026-05-09T19:16:53.234+0000] {processor.py:183} INFO - Processing /home/airflow/.local/lib/python3.12/site-packages/airflow/example_dags/example_xcomargs.py took 0.078 seconds
[2026-05-09T19:17:23.709+0000] {processor.py:161} INFO - Started process (PID=2993) to work on /home/airflow/.local/lib/python3.12/site-packages/airflow/example_dags/example_xcomargs.py
[2026-05-09T19:17:23.711+0000] {processor.py:830} INFO - Processing file /home/airflow/.local/lib/python3.12/site-packages/airflow/example_dags/example_xcomargs.py for tasks to queue
[2026-05-09T19:17:23.713+0000] {logging_mixin.py:188} INFO - [2026-05-09T19:17:23.712+0000] {dagbag.py:545} INFO - Filling up the DagBag from /home/airflow/.local/lib/python3.12/site-packages/airflow/example_dags/example_xcomargs.py
[2026-05-09T19:17:23.720+0000] {processor.py:840} INFO - DAG(s) 'example_xcom_args', 'example_xcom_args_with_operators' retrieved from /home/airflow/.local/lib/python3.12/site-packages/airflow/example_dags/example_xcomargs.py
[2026-05-09T19:17:23.744+0000] {logging_mixin.py:188} INFO - [2026-05-09T19:17:23.744+0000] {dag.py:3096} INFO - Sync 2 DAGs
[2026-05-09T19:17:23.757+0000] {logging_mixin.py:188} INFO - [2026-05-09T19:17:23.757+0000] {dag.py:3954} INFO - Setting next_dagrun for example_xcom_args to None, run_after=None
[2026-05-09T19:17:23.761+0000] {logging_mixin.py:188} INFO - [2026-05-09T19:17:23.761+0000] {dag.py:3954} INFO - Setting next_dagrun for example_xcom_args_with_operators to None, run_after=None
[2026-05-09T19:17:23.782+0000] {processor.py:183} INFO - Processing /home/airflow/.local/lib/python3.12/site-packages/airflow/example_dags/example_xcomargs.py took 0.078 seconds
[2026-05-09T19:17:54.341+0000] {processor.py:161} INFO - Started process (PID=3052) to work on /home/airflow/.local/lib/python3.12/site-packages/airflow/example_dags/example_xcomargs.py
[2026-05-09T19:17:54.342+0000] {processor.py:830} INFO - Processing file /home/airflow/.local/lib/python3.12/site-packages/airflow/example_dags/example_xcomargs.py for tasks to queue
[2026-05-09T19:17:54.344+0000] {logging_mixin.py:188} INFO - [2026-05-09T19:17:54.344+0000] {dagbag.py:545} INFO - Filling up the DagBag from /home/airflow/.local/lib/python3.12/site-packages/airflow/example_dags/example_xcomargs.py
[2026-05-09T19:17:54.352+0000] {processor.py:840} INFO - DAG(s) 'example_xcom_args', 'example_xcom_args_with_operators' retrieved from /home/airflow/.local/lib/python3.12/site-packages/airflow/example_dags/example_xcomargs.py
[2026-05-09T19:17:54.377+0000] {logging_mixin.py:188} INFO - [2026-05-09T19:17:54.377+0000] {dag.py:3096} INFO - Sync 2 DAGs
[2026-05-09T19:17:54.391+0000] {logging_mixin.py:188} INFO - [2026-05-09T19:17:54.391+0000] {dag.py:3954} INFO - Setting next_dagrun for example_xcom_args to None, run_after=None
[2026-05-09T19:17:54.396+0000] {logging_mixin.py:188} INFO - [2026-05-09T19:17:54.396+0000] {dag.py:3954} INFO - Setting next_dagrun for example_xcom_args_with_operators to None, run_after=None
[2026-05-09T19:17:54.418+0000] {processor.py:183} INFO - Processing /home/airflow/.local/lib/python3.12/site-packages/airflow/example_dags/example_xcomargs.py took 0.082 seconds
[2026-05-09T19:18:24.523+0000] {processor.py:161} INFO - Started process (PID=3111) to work on /home/airflow/.local/lib/python3.12/site-packages/airflow/example_dags/example_xcomargs.py
[2026-05-09T19:18:24.524+0000] {processor.py:830} INFO - Processing file /home/airflow/.local/lib/python3.12/site-packages/airflow/example_dags/example_xcomargs.py for tasks to queue
[2026-05-09T19:18:24.527+0000] {logging_mixin.py:188} INFO - [2026-05-09T19:18:24.526+0000] {dagbag.py:545} INFO - Filling up the DagBag from /home/airflow/.local/lib/python3.12/site-packages/airflow/example_dags/example_xcomargs.py
[2026-05-09T19:18:24.533+0000] {processor.py:840} INFO - DAG(s) 'example_xcom_args', 'example_xcom_args_with_operators' retrieved from /home/airflow/.local/lib/python3.12/site-packages/airflow/example_dags/example_xcomargs.py
[2026-05-09T19:18:24.557+0000] {logging_mixin.py:188} INFO - [2026-05-09T19:18:24.557+0000] {dag.py:3096} INFO - Sync 2 DAGs
[2026-05-09T19:18:24.570+0000] {logging_mixin.py:188} INFO - [2026-05-09T19:18:24.569+0000] {dag.py:3954} INFO - Setting next_dagrun for example_xcom_args to None, run_after=None
[2026-05-09T19:18:24.574+0000] {logging_mixin.py:188} INFO - [2026-05-09T19:18:24.574+0000] {dag.py:3954} INFO - Setting next_dagrun for example_xcom_args_with_operators to None, run_after=None
[2026-05-09T19:18:24.594+0000] {processor.py:183} INFO - Processing /home/airflow/.local/lib/python3.12/site-packages/airflow/example_dags/example_xcomargs.py took 0.076 seconds
[2026-05-09T19:18:55.113+0000] {processor.py:161} INFO - Started process (PID=3170) to work on /home/airflow/.local/lib/python3.12/site-packages/airflow/example_dags/example_xcomargs.py
[2026-05-09T19:18:55.114+0000] {processor.py:830} INFO - Processing file /home/airflow/.local/lib/python3.12/site-packages/airflow/example_dags/example_xcomargs.py for tasks to queue
[2026-05-09T19:18:55.117+0000] {logging_mixin.py:188} INFO - [2026-05-09T19:18:55.116+0000] {dagbag.py:545} INFO - Filling up the DagBag from /home/airflow/.local/lib/python3.12/site-packages/airflow/example_dags/example_xcomargs.py
[2026-05-09T19:18:55.124+0000] {processor.py:840} INFO - DAG(s) 'example_xcom_args_with_operators', 'example_xcom_args' retrieved from /home/airflow/.local/lib/python3.12/site-packages/airflow/example_dags/example_xcomargs.py
[2026-05-09T19:18:55.149+0000] {logging_mixin.py:188} INFO - [2026-05-09T19:18:55.149+0000] {dag.py:3096} INFO - Sync 2 DAGs
[2026-05-09T19:18:55.163+0000] {logging_mixin.py:188} INFO - [2026-05-09T19:18:55.163+0000] {dag.py:3954} INFO - Setting next_dagrun for example_xcom_args to None, run_after=None
[2026-05-09T19:18:55.168+0000] {logging_mixin.py:188} INFO - [2026-05-09T19:18:55.167+0000] {dag.py:3954} INFO - Setting next_dagrun for example_xcom_args_with_operators to None, run_after=None
[2026-05-09T19:18:55.188+0000] {processor.py:183} INFO - Processing /home/airflow/.local/lib/python3.12/site-packages/airflow/example_dags/example_xcomargs.py took 0.080 seconds
[2026-05-09T19:19:25.321+0000] {processor.py:161} INFO - Started process (PID=3229) to work on /home/airflow/.local/lib/python3.12/site-packages/airflow/example_dags/example_xcomargs.py
[2026-05-09T19:19:25.322+0000] {processor.py:830} INFO - Processing file /home/airflow/.local/lib/python3.12/site-packages/airflow/example_dags/example_xcomargs.py for tasks to queue
[2026-05-09T19:19:25.325+0000] {logging_mixin.py:188} INFO - [2026-05-09T19:19:25.325+0000] {dagbag.py:545} INFO - Filling up the DagBag from /home/airflow/.local/lib/python3.12/site-packages/airflow/example_dags/example_xcomargs.py
[2026-05-09T19:19:25.332+0000] {processor.py:840} INFO - DAG(s) 'example_xcom_args_with_operators', 'example_xcom_args' retrieved from /home/airflow/.local/lib/python3.12/site-packages/airflow/example_dags/example_xcomargs.py
[2026-05-09T19:19:25.357+0000] {logging_mixin.py:188} INFO - [2026-05-09T19:19:25.357+0000] {dag.py:3096} INFO - Sync 2 DAGs
[2026-05-09T19:19:25.370+0000] {logging_mixin.py:188} INFO - [2026-05-09T19:19:25.370+0000] {dag.py:3954} INFO - Setting next_dagrun for example_xcom_args to None, run_after=None
[2026-05-09T19:19:25.374+0000] {logging_mixin.py:188} INFO - [2026-05-09T19:19:25.374+0000] {dag.py:3954} INFO - Setting next_dagrun for example_xcom_args_with_operators to None, run_after=None
[2026-05-09T19:19:25.395+0000] {processor.py:183} INFO - Processing /home/airflow/.local/lib/python3.12/site-packages/airflow/example_dags/example_xcomargs.py took 0.080 seconds
[2026-05-09T19:19:55.834+0000] {processor.py:161} INFO - Started process (PID=3288) to work on /home/airflow/.local/lib/python3.12/site-packages/airflow/example_dags/example_xcomargs.py
[2026-05-09T19:19:55.835+0000] {processor.py:830} INFO - Processing file /home/airflow/.local/lib/python3.12/site-packages/airflow/example_dags/example_xcomargs.py for tasks to queue
[2026-05-09T19:19:55.838+0000] {logging_mixin.py:188} INFO - [2026-05-09T19:19:55.837+0000] {dagbag.py:545} INFO - Filling up the DagBag from /home/airflow/.local/lib/python3.12/site-packages/airflow/example_dags/example_xcomargs.py
[2026-05-09T19:19:55.844+0000] {processor.py:840} INFO - DAG(s) 'example_xcom_args_with_operators', 'example_xcom_args' retrieved from /home/airflow/.local/lib/python3.12/site-packages/airflow/example_dags/example_xcomargs.py
[2026-05-09T19:19:55.868+0000] {logging_mixin.py:188} INFO - [2026-05-09T19:19:55.868+0000] {dag.py:3096} INFO - Sync 2 DAGs
[2026-05-09T19:19:55.881+0000] {logging_mixin.py:188} INFO - [2026-05-09T19:19:55.881+0000] {dag.py:3954} INFO - Setting next_dagrun for example_xcom_args to None, run_after=None
[2026-05-09T19:19:55.885+0000] {logging_mixin.py:188} INFO - [2026-05-09T19:19:55.885+0000] {dag.py:3954} INFO - Setting next_dagrun for example_xcom_args_with_operators to None, run_after=None
[2026-05-09T19:19:55.906+0000] {processor.py:183} INFO - Processing /home/airflow/.local/lib/python3.12/site-packages/airflow/example_dags/example_xcomargs.py took 0.078 seconds
[2026-05-09T19:20:26.018+0000] {processor.py:161} INFO - Started process (PID=3347) to work on /home/airflow/.local/lib/python3.12/site-packages/airflow/example_dags/example_xcomargs.py
[2026-05-09T19:20:26.019+0000] {processor.py:830} INFO - Processing file /home/airflow/.local/lib/python3.12/site-packages/airflow/example_dags/example_xcomargs.py for tasks to queue
[2026-05-09T19:20:26.022+0000] {logging_mixin.py:188} INFO - [2026-05-09T19:20:26.022+0000] {dagbag.py:545} INFO - Filling up the DagBag from /home/airflow/.local/lib/python3.12/site-packages/airflow/example_dags/example_xcomargs.py
[2026-05-09T19:20:26.029+0000] {processor.py:840} INFO - DAG(s) 'example_xcom_args_with_operators', 'example_xcom_args' retrieved from /home/airflow/.local/lib/python3.12/site-packages/airflow/example_dags/example_xcomargs.py
[2026-05-09T19:20:26.051+0000] {logging_mixin.py:188} INFO - [2026-05-09T19:20:26.051+0000] {dag.py:3096} INFO - Sync 2 DAGs
[2026-05-09T19:20:26.063+0000] {logging_mixin.py:188} INFO - [2026-05-09T19:20:26.063+0000] {dag.py:3954} INFO - Setting next_dagrun for example_xcom_args to None, run_after=None
[2026-05-09T19:20:26.069+0000] {logging_mixin.py:188} INFO - [2026-05-09T19:20:26.068+0000] {dag.py:3954} INFO - Setting next_dagrun for example_xcom_args_with_operators to None, run_after=None
[2026-05-09T19:20:26.089+0000] {processor.py:183} INFO - Processing /home/airflow/.local/lib/python3.12/site-packages/airflow/example_dags/example_xcomargs.py took 0.075 seconds
[2026-05-09T19:20:56.241+0000] {processor.py:161} INFO - Started process (PID=3406) to work on /home/airflow/.local/lib/python3.12/site-packages/airflow/example_dags/example_xcomargs.py
[2026-05-09T19:20:56.243+0000] {processor.py:830} INFO - Processing file /home/airflow/.local/lib/python3.12/site-packages/airflow/example_dags/example_xcomargs.py for tasks to queue
[2026-05-09T19:20:56.245+0000] {logging_mixin.py:188} INFO - [2026-05-09T19:20:56.245+0000] {dagbag.py:545} INFO - Filling up the DagBag from /home/airflow/.local/lib/python3.12/site-packages/airflow/example_dags/example_xcomargs.py
[2026-05-09T19:20:56.252+0000] {processor.py:840} INFO - DAG(s) 'example_xcom_args', 'example_xcom_args_with_operators' retrieved from /home/airflow/.local/lib/python3.12/site-packages/airflow/example_dags/example_xcomargs.py
[2026-05-09T19:20:56.276+0000] {logging_mixin.py:188} INFO - [2026-05-09T19:20:56.276+0000] {dag.py:3096} INFO - Sync 2 DAGs
[2026-05-09T19:20:56.288+0000] {logging_mixin.py:188} INFO - [2026-05-09T19:20:56.288+0000] {dag.py:3954} INFO - Setting next_dagrun for example_xcom_args to None, run_after=None
[2026-05-09T19:20:56.293+0000] {logging_mixin.py:188} INFO - [2026-05-09T19:20:56.292+0000] {dag.py:3954} INFO - Setting next_dagrun for example_xcom_args_with_operators to None, run_after=None
[2026-05-09T19:20:56.313+0000] {processor.py:183} INFO - Processing /home/airflow/.local/lib/python3.12/site-packages/airflow/example_dags/example_xcomargs.py took 0.076 seconds
[2026-05-09T19:21:26.592+0000] {processor.py:161} INFO - Started process (PID=3465) to work on /home/airflow/.local/lib/python3.12/site-packages/airflow/example_dags/example_xcomargs.py
[2026-05-09T19:21:26.592+0000] {processor.py:830} INFO - Processing file /home/airflow/.local/lib/python3.12/site-packages/airflow/example_dags/example_xcomargs.py for tasks to queue
[2026-05-09T19:21:26.595+0000] {logging_mixin.py:188} INFO - [2026-05-09T19:21:26.595+0000] {dagbag.py:545} INFO - Filling up the DagBag from /home/airflow/.local/lib/python3.12/site-packages/airflow/example_dags/example_xcomargs.py
[2026-05-09T19:21:26.603+0000] {processor.py:840} INFO - DAG(s) 'example_xcom_args_with_operators', 'example_xcom_args' retrieved from /home/airflow/.local/lib/python3.12/site-packages/airflow/example_dags/example_xcomargs.py
[2026-05-09T19:21:26.627+0000] {logging_mixin.py:188} INFO - [2026-05-09T19:21:26.627+0000] {dag.py:3096} INFO - Sync 2 DAGs
[2026-05-09T19:21:26.641+0000] {logging_mixin.py:188} INFO - [2026-05-09T19:21:26.641+0000] {dag.py:3954} INFO - Setting next_dagrun for example_xcom_args to None, run_after=None
[2026-05-09T19:21:26.647+0000] {logging_mixin.py:188} INFO - [2026-05-09T19:21:26.646+0000] {dag.py:3954} INFO - Setting next_dagrun for example_xcom_args_with_operators to None, run_after=None
[2026-05-09T19:21:26.668+0000] {processor.py:183} INFO - Processing /home/airflow/.local/lib/python3.12/site-packages/airflow/example_dags/example_xcomargs.py took 0.081 seconds
[2026-05-09T19:21:57.026+0000] {processor.py:161} INFO - Started process (PID=3524) to work on /home/airflow/.local/lib/python3.12/site-packages/airflow/example_dags/example_xcomargs.py
[2026-05-09T19:21:57.028+0000] {processor.py:830} INFO - Processing file /home/airflow/.local/lib/python3.12/site-packages/airflow/example_dags/example_xcomargs.py for tasks to queue
[2026-05-09T19:21:57.030+0000] {logging_mixin.py:188} INFO - [2026-05-09T19:21:57.029+0000] {dagbag.py:545} INFO - Filling up the DagBag from /home/airflow/.local/lib/python3.12/site-packages/airflow/example_dags/example_xcomargs.py
[2026-05-09T19:21:57.038+0000] {processor.py:840} INFO - DAG(s) 'example_xcom_args_with_operators', 'example_xcom_args' retrieved from /home/airflow/.local/lib/python3.12/site-packages/airflow/example_dags/example_xcomargs.py
[2026-05-09T19:21:57.062+0000] {logging_mixin.py:188} INFO - [2026-05-09T19:21:57.061+0000] {dag.py:3096} INFO - Sync 2 DAGs
[2026-05-09T19:21:57.075+0000] {logging_mixin.py:188} INFO - [2026-05-09T19:21:57.075+0000] {dag.py:3954} INFO - Setting next_dagrun for example_xcom_args to None, run_after=None
[2026-05-09T19:21:57.079+0000] {logging_mixin.py:188} INFO - [2026-05-09T19:21:57.079+0000] {dag.py:3954} INFO - Setting next_dagrun for example_xcom_args_with_operators to None, run_after=None
[2026-05-09T19:21:57.101+0000] {processor.py:183} INFO - Processing /home/airflow/.local/lib/python3.12/site-packages/airflow/example_dags/example_xcomargs.py took 0.079 seconds
[2026-05-09T19:22:27.213+0000] {processor.py:161} INFO - Started process (PID=3583) to work on /home/airflow/.local/lib/python3.12/site-packages/airflow/example_dags/example_xcomargs.py
[2026-05-09T19:22:27.214+0000] {processor.py:830} INFO - Processing file /home/airflow/.local/lib/python3.12/site-packages/airflow/example_dags/example_xcomargs.py for tasks to queue
[2026-05-09T19:22:27.216+0000] {logging_mixin.py:188} INFO - [2026-05-09T19:22:27.215+0000] {dagbag.py:545} INFO - Filling up the DagBag from /home/airflow/.local/lib/python3.12/site-packages/airflow/example_dags/example_xcomargs.py
[2026-05-09T19:22:27.222+0000] {processor.py:840} INFO - DAG(s) 'example_xcom_args_with_operators', 'example_xcom_args' retrieved from /home/airflow/.local/lib/python3.12/site-packages/airflow/example_dags/example_xcomargs.py
[2026-05-09T19:22:27.246+0000] {logging_mixin.py:188} INFO - [2026-05-09T19:22:27.246+0000] {dag.py:3096} INFO - Sync 2 DAGs
[2026-05-09T19:22:27.259+0000] {logging_mixin.py:188} INFO - [2026-05-09T19:22:27.258+0000] {dag.py:3954} INFO - Setting next_dagrun for example_xcom_args to None, run_after=None
[2026-05-09T19:22:27.263+0000] {logging_mixin.py:188} INFO - [2026-05-09T19:22:27.263+0000] {dag.py:3954} INFO - Setting next_dagrun for example_xcom_args_with_operators to None, run_after=None
[2026-05-09T19:22:27.284+0000] {processor.py:183} INFO - Processing /home/airflow/.local/lib/python3.12/site-packages/airflow/example_dags/example_xcomargs.py took 0.076 seconds
[2026-05-09T19:22:57.582+0000] {processor.py:161} INFO - Started process (PID=3642) to work on /home/airflow/.local/lib/python3.12/site-packages/airflow/example_dags/example_xcomargs.py
[2026-05-09T19:22:57.584+0000] {processor.py:830} INFO - Processing file /home/airflow/.local/lib/python3.12/site-packages/airflow/example_dags/example_xcomargs.py for tasks to queue
[2026-05-09T19:22:57.586+0000] {logging_mixin.py:188} INFO - [2026-05-09T19:22:57.586+0000] {dagbag.py:545} INFO - Filling up the DagBag from /home/airflow/.local/lib/python3.12/site-packages/airflow/example_dags/example_xcomargs.py
[2026-05-09T19:22:57.594+0000] {processor.py:840} INFO - DAG(s) 'example_xcom_args', 'example_xcom_args_with_operators' retrieved from /home/airflow/.local/lib/python3.12/site-packages/airflow/example_dags/example_xcomargs.py
[2026-05-09T19:22:57.618+0000] {logging_mixin.py:188} INFO - [2026-05-09T19:22:57.618+0000] {dag.py:3096} INFO - Sync 2 DAGs
[2026-05-09T19:22:57.631+0000] {logging_mixin.py:188} INFO - [2026-05-09T19:22:57.631+0000] {dag.py:3954} INFO - Setting next_dagrun for example_xcom_args to None, run_after=None
[2026-05-09T19:22:57.636+0000] {logging_mixin.py:188} INFO - [2026-05-09T19:22:57.636+0000] {dag.py:3954} INFO - Setting next_dagrun for example_xcom_args_with_operators to None, run_after=None
[2026-05-09T19:22:57.659+0000] {processor.py:183} INFO - Processing /home/airflow/.local/lib/python3.12/site-packages/airflow/example_dags/example_xcomargs.py took 0.082 seconds
[2026-05-09T19:23:27.975+0000] {processor.py:161} INFO - Started process (PID=3701) to work on /home/airflow/.local/lib/python3.12/site-packages/airflow/example_dags/example_xcomargs.py
[2026-05-09T19:23:27.976+0000] {processor.py:830} INFO - Processing file /home/airflow/.local/lib/python3.12/site-packages/airflow/example_dags/example_xcomargs.py for tasks to queue
[2026-05-09T19:23:27.978+0000] {logging_mixin.py:188} INFO - [2026-05-09T19:23:27.978+0000] {dagbag.py:545} INFO - Filling up the DagBag from /home/airflow/.local/lib/python3.12/site-packages/airflow/example_dags/example_xcomargs.py
[2026-05-09T19:23:27.986+0000] {processor.py:840} INFO - DAG(s) 'example_xcom_args_with_operators', 'example_xcom_args' retrieved from /home/airflow/.local/lib/python3.12/site-packages/airflow/example_dags/example_xcomargs.py
[2026-05-09T19:23:28.009+0000] {logging_mixin.py:188} INFO - [2026-05-09T19:23:28.009+0000] {dag.py:3096} INFO - Sync 2 DAGs
[2026-05-09T19:23:28.022+0000] {logging_mixin.py:188} INFO - [2026-05-09T19:23:28.022+0000] {dag.py:3954} INFO - Setting next_dagrun for example_xcom_args to None, run_after=None
[2026-05-09T19:23:28.026+0000] {logging_mixin.py:188} INFO - [2026-05-09T19:23:28.026+0000] {dag.py:3954} INFO - Setting next_dagrun for example_xcom_args_with_operators to None, run_after=None
[2026-05-09T19:23:28.046+0000] {processor.py:183} INFO - Processing /home/airflow/.local/lib/python3.12/site-packages/airflow/example_dags/example_xcomargs.py took 0.077 seconds
[2026-05-09T19:23:58.374+0000] {processor.py:161} INFO - Started process (PID=3760) to work on /home/airflow/.local/lib/python3.12/site-packages/airflow/example_dags/example_xcomargs.py
[2026-05-09T19:23:58.375+0000] {processor.py:830} INFO - Processing file /home/airflow/.local/lib/python3.12/site-packages/airflow/example_dags/example_xcomargs.py for tasks to queue
[2026-05-09T19:23:58.378+0000] {logging_mixin.py:188} INFO - [2026-05-09T19:23:58.377+0000] {dagbag.py:545} INFO - Filling up the DagBag from /home/airflow/.local/lib/python3.12/site-packages/airflow/example_dags/example_xcomargs.py
[2026-05-09T19:23:58.385+0000] {processor.py:840} INFO - DAG(s) 'example_xcom_args', 'example_xcom_args_with_operators' retrieved from /home/airflow/.local/lib/python3.12/site-packages/airflow/example_dags/example_xcomargs.py
[2026-05-09T19:23:58.408+0000] {logging_mixin.py:188} INFO - [2026-05-09T19:23:58.408+0000] {dag.py:3096} INFO - Sync 2 DAGs
[2026-05-09T19:23:58.420+0000] {logging_mixin.py:188} INFO - [2026-05-09T19:23:58.420+0000] {dag.py:3954} INFO - Setting next_dagrun for example_xcom_args to None, run_after=None
[2026-05-09T19:23:58.425+0000] {logging_mixin.py:188} INFO - [2026-05-09T19:23:58.424+0000] {dag.py:3954} INFO - Setting next_dagrun for example_xcom_args_with_operators to None, run_after=None
[2026-05-09T19:23:58.444+0000] {processor.py:183} INFO - Processing /home/airflow/.local/lib/python3.12/site-packages/airflow/example_dags/example_xcomargs.py took 0.075 seconds
[2026-05-09T19:24:28.843+0000] {processor.py:161} INFO - Started process (PID=3819) to work on /home/airflow/.local/lib/python3.12/site-packages/airflow/example_dags/example_xcomargs.py
[2026-05-09T19:24:28.844+0000] {processor.py:830} INFO - Processing file /home/airflow/.local/lib/python3.12/site-packages/airflow/example_dags/example_xcomargs.py for tasks to queue
[2026-05-09T19:24:28.846+0000] {logging_mixin.py:188} INFO - [2026-05-09T19:24:28.846+0000] {dagbag.py:545} INFO - Filling up the DagBag from /home/airflow/.local/lib/python3.12/site-packages/airflow/example_dags/example_xcomargs.py
[2026-05-09T19:24:28.854+0000] {processor.py:840} INFO - DAG(s) 'example_xcom_args_with_operators', 'example_xcom_args' retrieved from /home/airflow/.local/lib/python3.12/site-packages/airflow/example_dags/example_xcomargs.py
[2026-05-09T19:24:28.879+0000] {logging_mixin.py:188} INFO - [2026-05-09T19:24:28.878+0000] {dag.py:3096} INFO - Sync 2 DAGs
[2026-05-09T19:24:28.892+0000] {logging_mixin.py:188} INFO - [2026-05-09T19:24:28.892+0000] {dag.py:3954} INFO - Setting next_dagrun for example_xcom_args to None, run_after=None
[2026-05-09T19:24:28.897+0000] {logging_mixin.py:188} INFO - [2026-05-09T19:24:28.897+0000] {dag.py:3954} INFO - Setting next_dagrun for example_xcom_args_with_operators to None, run_after=None
[2026-05-09T19:24:28.917+0000] {processor.py:183} INFO - Processing /home/airflow/.local/lib/python3.12/site-packages/airflow/example_dags/example_xcomargs.py took 0.079 seconds
[2026-05-09T19:24:59.172+0000] {processor.py:161} INFO - Started process (PID=3878) to work on /home/airflow/.local/lib/python3.12/site-packages/airflow/example_dags/example_xcomargs.py
[2026-05-09T19:24:59.174+0000] {processor.py:830} INFO - Processing file /home/airflow/.local/lib/python3.12/site-packages/airflow/example_dags/example_xcomargs.py for tasks to queue
[2026-05-09T19:24:59.176+0000] {logging_mixin.py:188} INFO - [2026-05-09T19:24:59.175+0000] {dagbag.py:545} INFO - Filling up the DagBag from /home/airflow/.local/lib/python3.12/site-packages/airflow/example_dags/example_xcomargs.py
[2026-05-09T19:24:59.183+0000] {processor.py:840} INFO - DAG(s) 'example_xcom_args', 'example_xcom_args_with_operators' retrieved from /home/airflow/.local/lib/python3.12/site-packages/airflow/example_dags/example_xcomargs.py
[2026-05-09T19:24:59.208+0000] {logging_mixin.py:188} INFO - [2026-05-09T19:24:59.208+0000] {dag.py:3096} INFO - Sync 2 DAGs
[2026-05-09T19:24:59.220+0000] {logging_mixin.py:188} INFO - [2026-05-09T19:24:59.219+0000] {dag.py:3954} INFO - Setting next_dagrun for example_xcom_args to None, run_after=None
[2026-05-09T19:24:59.224+0000] {logging_mixin.py:188} INFO - [2026-05-09T19:24:59.223+0000] {dag.py:3954} INFO - Setting next_dagrun for example_xcom_args_with_operators to None, run_after=None
[2026-05-09T19:24:59.244+0000] {processor.py:183} INFO - Processing /home/airflow/.local/lib/python3.12/site-packages/airflow/example_dags/example_xcomargs.py took 0.076 seconds
[2026-05-09T19:25:29.542+0000] {processor.py:161} INFO - Started process (PID=3937) to work on /home/airflow/.local/lib/python3.12/site-packages/airflow/example_dags/example_xcomargs.py
[2026-05-09T19:25:29.543+0000] {processor.py:830} INFO - Processing file /home/airflow/.local/lib/python3.12/site-packages/airflow/example_dags/example_xcomargs.py for tasks to queue
[2026-05-09T19:25:29.545+0000] {logging_mixin.py:188} INFO - [2026-05-09T19:25:29.545+0000] {dagbag.py:545} INFO - Filling up the DagBag from /home/airflow/.local/lib/python3.12/site-packages/airflow/example_dags/example_xcomargs.py
[2026-05-09T19:25:29.552+0000] {processor.py:840} INFO - DAG(s) 'example_xcom_args_with_operators', 'example_xcom_args' retrieved from /home/airflow/.local/lib/python3.12/site-packages/airflow/example_dags/example_xcomargs.py
[2026-05-09T19:25:29.576+0000] {logging_mixin.py:188} INFO - [2026-05-09T19:25:29.576+0000] {dag.py:3096} INFO - Sync 2 DAGs
[2026-05-09T19:25:29.590+0000] {logging_mixin.py:188} INFO - [2026-05-09T19:25:29.590+0000] {dag.py:3954} INFO - Setting next_dagrun for example_xcom_args to None, run_after=None
[2026-05-09T19:25:29.594+0000] {logging_mixin.py:188} INFO - [2026-05-09T19:25:29.594+0000] {dag.py:3954} INFO - Setting next_dagrun for example_xcom_args_with_operators to None, run_after=None
[2026-05-09T19:25:29.614+0000] {processor.py:183} INFO - Processing /home/airflow/.local/lib/python3.12/site-packages/airflow/example_dags/example_xcomargs.py took 0.078 seconds
[2026-05-09T19:25:59.964+0000] {processor.py:161} INFO - Started process (PID=3996) to work on /home/airflow/.local/lib/python3.12/site-packages/airflow/example_dags/example_xcomargs.py
[2026-05-09T19:25:59.965+0000] {processor.py:830} INFO - Processing file /home/airflow/.local/lib/python3.12/site-packages/airflow/example_dags/example_xcomargs.py for tasks to queue
[2026-05-09T19:25:59.967+0000] {logging_mixin.py:188} INFO - [2026-05-09T19:25:59.967+0000] {dagbag.py:545} INFO - Filling up the DagBag from /home/airflow/.local/lib/python3.12/site-packages/airflow/example_dags/example_xcomargs.py
[2026-05-09T19:25:59.977+0000] {processor.py:840} INFO - DAG(s) 'example_xcom_args', 'example_xcom_args_with_operators' retrieved from /home/airflow/.local/lib/python3.12/site-packages/airflow/example_dags/example_xcomargs.py
[2026-05-09T19:26:00.008+0000] {logging_mixin.py:188} INFO - [2026-05-09T19:26:00.007+0000] {dag.py:3096} INFO - Sync 2 DAGs
[2026-05-09T19:26:00.021+0000] {logging_mixin.py:188} INFO - [2026-05-09T19:26:00.021+0000] {dag.py:3954} INFO - Setting next_dagrun for example_xcom_args to None, run_after=None
[2026-05-09T19:26:00.025+0000] {logging_mixin.py:188} INFO - [2026-05-09T19:26:00.025+0000] {dag.py:3954} INFO - Setting next_dagrun for example_xcom_args_with_operators to None, run_after=None
[2026-05-09T19:26:00.049+0000] {processor.py:183} INFO - Processing /home/airflow/.local/lib/python3.12/site-packages/airflow/example_dags/example_xcomargs.py took 0.091 seconds
[2026-05-09T19:26:30.199+0000] {processor.py:161} INFO - Started process (PID=4055) to work on /home/airflow/.local/lib/python3.12/site-packages/airflow/example_dags/example_xcomargs.py
[2026-05-09T19:26:30.200+0000] {processor.py:830} INFO - Processing file /home/airflow/.local/lib/python3.12/site-packages/airflow/example_dags/example_xcomargs.py for tasks to queue
[2026-05-09T19:26:30.202+0000] {logging_mixin.py:188} INFO - [2026-05-09T19:26:30.202+0000] {dagbag.py:545} INFO - Filling up the DagBag from /home/airflow/.local/lib/python3.12/site-packages/airflow/example_dags/example_xcomargs.py
[2026-05-09T19:26:30.211+0000] {processor.py:840} INFO - DAG(s) 'example_xcom_args', 'example_xcom_args_with_operators' retrieved from /home/airflow/.local/lib/python3.12/site-packages/airflow/example_dags/example_xcomargs.py
[2026-05-09T19:26:30.243+0000] {logging_mixin.py:188} INFO - [2026-05-09T19:26:30.243+0000] {dag.py:3096} INFO - Sync 2 DAGs
[2026-05-09T19:26:30.258+0000] {logging_mixin.py:188} INFO - [2026-05-09T19:26:30.257+0000] {dag.py:3954} INFO - Setting next_dagrun for example_xcom_args to None, run_after=None
[2026-05-09T19:26:30.262+0000] {logging_mixin.py:188} INFO - [2026-05-09T19:26:30.262+0000] {dag.py:3954} INFO - Setting next_dagrun for example_xcom_args_with_operators to None, run_after=None
[2026-05-09T19:26:30.280+0000] {processor.py:183} INFO - Processing /home/airflow/.local/lib/python3.12/site-packages/airflow/example_dags/example_xcomargs.py took 0.088 seconds
[2026-05-09T19:27:00.627+0000] {processor.py:161} INFO - Started process (PID=4114) to work on /home/airflow/.local/lib/python3.12/site-packages/airflow/example_dags/example_xcomargs.py
[2026-05-09T19:27:00.628+0000] {processor.py:830} INFO - Processing file /home/airflow/.local/lib/python3.12/site-packages/airflow/example_dags/example_xcomargs.py for tasks to queue
[2026-05-09T19:27:00.630+0000] {logging_mixin.py:188} INFO - [2026-05-09T19:27:00.629+0000] {dagbag.py:545} INFO - Filling up the DagBag from /home/airflow/.local/lib/python3.12/site-packages/airflow/example_dags/example_xcomargs.py
[2026-05-09T19:27:00.637+0000] {processor.py:840} INFO - DAG(s) 'example_xcom_args', 'example_xcom_args_with_operators' retrieved from /home/airflow/.local/lib/python3.12/site-packages/airflow/example_dags/example_xcomargs.py
[2026-05-09T19:27:00.661+0000] {logging_mixin.py:188} INFO - [2026-05-09T19:27:00.661+0000] {dag.py:3096} INFO - Sync 2 DAGs
[2026-05-09T19:27:00.674+0000] {logging_mixin.py:188} INFO - [2026-05-09T19:27:00.674+0000] {dag.py:3954} INFO - Setting next_dagrun for example_xcom_args to None, run_after=None
[2026-05-09T19:27:00.678+0000] {logging_mixin.py:188} INFO - [2026-05-09T19:27:00.678+0000] {dag.py:3954} INFO - Setting next_dagrun for example_xcom_args_with_operators to None, run_after=None
[2026-05-09T19:27:00.702+0000] {processor.py:183} INFO - Processing /home/airflow/.local/lib/python3.12/site-packages/airflow/example_dags/example_xcomargs.py took 0.080 seconds
[2026-05-09T19:27:30.890+0000] {processor.py:161} INFO - Started process (PID=4173) to work on /home/airflow/.local/lib/python3.12/site-packages/airflow/example_dags/example_xcomargs.py
[2026-05-09T19:27:30.892+0000] {processor.py:830} INFO - Processing file /home/airflow/.local/lib/python3.12/site-packages/airflow/example_dags/example_xcomargs.py for tasks to queue
[2026-05-09T19:27:30.894+0000] {logging_mixin.py:188} INFO - [2026-05-09T19:27:30.894+0000] {dagbag.py:545} INFO - Filling up the DagBag from /home/airflow/.local/lib/python3.12/site-packages/airflow/example_dags/example_xcomargs.py
[2026-05-09T19:27:30.905+0000] {processor.py:840} INFO - DAG(s) 'example_xcom_args', 'example_xcom_args_with_operators' retrieved from /home/airflow/.local/lib/python3.12/site-packages/airflow/example_dags/example_xcomargs.py
[2026-05-09T19:27:30.938+0000] {logging_mixin.py:188} INFO - [2026-05-09T19:27:30.938+0000] {dag.py:3096} INFO - Sync 2 DAGs
[2026-05-09T19:27:30.953+0000] {logging_mixin.py:188} INFO - [2026-05-09T19:27:30.953+0000] {dag.py:3954} INFO - Setting next_dagrun for example_xcom_args to None, run_after=None
[2026-05-09T19:27:30.958+0000] {logging_mixin.py:188} INFO - [2026-05-09T19:27:30.958+0000] {dag.py:3954} INFO - Setting next_dagrun for example_xcom_args_with_operators to None, run_after=None
[2026-05-09T19:27:30.981+0000] {processor.py:183} INFO - Processing /home/airflow/.local/lib/python3.12/site-packages/airflow/example_dags/example_xcomargs.py took 0.098 seconds
[2026-05-09T19:28:01.752+0000] {processor.py:161} INFO - Started process (PID=4230) to work on /home/airflow/.local/lib/python3.12/site-packages/airflow/example_dags/example_xcomargs.py
[2026-05-09T19:28:01.753+0000] {processor.py:830} INFO - Processing file /home/airflow/.local/lib/python3.12/site-packages/airflow/example_dags/example_xcomargs.py for tasks to queue
[2026-05-09T19:28:01.755+0000] {logging_mixin.py:188} INFO - [2026-05-09T19:28:01.755+0000] {dagbag.py:545} INFO - Filling up the DagBag from /home/airflow/.local/lib/python3.12/site-packages/airflow/example_dags/example_xcomargs.py
[2026-05-09T19:28:01.763+0000] {processor.py:840} INFO - DAG(s) 'example_xcom_args', 'example_xcom_args_with_operators' retrieved from /home/airflow/.local/lib/python3.12/site-packages/airflow/example_dags/example_xcomargs.py
[2026-05-09T19:28:01.787+0000] {logging_mixin.py:188} INFO - [2026-05-09T19:28:01.787+0000] {dag.py:3096} INFO - Sync 2 DAGs
[2026-05-09T19:28:01.800+0000] {logging_mixin.py:188} INFO - [2026-05-09T19:28:01.800+0000] {dag.py:3954} INFO - Setting next_dagrun for example_xcom_args to None, run_after=None
[2026-05-09T19:28:01.804+0000] {logging_mixin.py:188} INFO - [2026-05-09T19:28:01.804+0000] {dag.py:3954} INFO - Setting next_dagrun for example_xcom_args_with_operators to None, run_after=None
[2026-05-09T19:28:01.824+0000] {processor.py:183} INFO - Processing /home/airflow/.local/lib/python3.12/site-packages/airflow/example_dags/example_xcomargs.py took 0.077 seconds
[2026-05-09T19:28:31.967+0000] {processor.py:161} INFO - Started process (PID=4289) to work on /home/airflow/.local/lib/python3.12/site-packages/airflow/example_dags/example_xcomargs.py
[2026-05-09T19:28:31.968+0000] {processor.py:830} INFO - Processing file /home/airflow/.local/lib/python3.12/site-packages/airflow/example_dags/example_xcomargs.py for tasks to queue
[2026-05-09T19:28:31.970+0000] {logging_mixin.py:188} INFO - [2026-05-09T19:28:31.970+0000] {dagbag.py:545} INFO - Filling up the DagBag from /home/airflow/.local/lib/python3.12/site-packages/airflow/example_dags/example_xcomargs.py
[2026-05-09T19:28:31.978+0000] {processor.py:840} INFO - DAG(s) 'example_xcom_args', 'example_xcom_args_with_operators' retrieved from /home/airflow/.local/lib/python3.12/site-packages/airflow/example_dags/example_xcomargs.py
[2026-05-09T19:28:32.005+0000] {logging_mixin.py:188} INFO - [2026-05-09T19:28:32.004+0000] {dag.py:3096} INFO - Sync 2 DAGs
[2026-05-09T19:28:32.019+0000] {logging_mixin.py:188} INFO - [2026-05-09T19:28:32.018+0000] {dag.py:3954} INFO - Setting next_dagrun for example_xcom_args to None, run_after=None
[2026-05-09T19:28:32.023+0000] {logging_mixin.py:188} INFO - [2026-05-09T19:28:32.023+0000] {dag.py:3954} INFO - Setting next_dagrun for example_xcom_args_with_operators to None, run_after=None
[2026-05-09T19:28:32.042+0000] {processor.py:183} INFO - Processing /home/airflow/.local/lib/python3.12/site-packages/airflow/example_dags/example_xcomargs.py took 0.081 seconds
[2026-05-09T19:29:02.471+0000] {processor.py:161} INFO - Started process (PID=4348) to work on /home/airflow/.local/lib/python3.12/site-packages/airflow/example_dags/example_xcomargs.py
[2026-05-09T19:29:02.472+0000] {processor.py:830} INFO - Processing file /home/airflow/.local/lib/python3.12/site-packages/airflow/example_dags/example_xcomargs.py for tasks to queue
[2026-05-09T19:29:02.474+0000] {logging_mixin.py:188} INFO - [2026-05-09T19:29:02.474+0000] {dagbag.py:545} INFO - Filling up the DagBag from /home/airflow/.local/lib/python3.12/site-packages/airflow/example_dags/example_xcomargs.py
[2026-05-09T19:29:02.482+0000] {processor.py:840} INFO - DAG(s) 'example_xcom_args_with_operators', 'example_xcom_args' retrieved from /home/airflow/.local/lib/python3.12/site-packages/airflow/example_dags/example_xcomargs.py
[2026-05-09T19:29:02.506+0000] {logging_mixin.py:188} INFO - [2026-05-09T19:29:02.506+0000] {dag.py:3096} INFO - Sync 2 DAGs
[2026-05-09T19:29:02.518+0000] {logging_mixin.py:188} INFO - [2026-05-09T19:29:02.518+0000] {dag.py:3954} INFO - Setting next_dagrun for example_xcom_args to None, run_after=None
[2026-05-09T19:29:02.522+0000] {logging_mixin.py:188} INFO - [2026-05-09T19:29:02.522+0000] {dag.py:3954} INFO - Setting next_dagrun for example_xcom_args_with_operators to None, run_after=None
[2026-05-09T19:29:02.545+0000] {processor.py:183} INFO - Processing /home/airflow/.local/lib/python3.12/site-packages/airflow/example_dags/example_xcomargs.py took 0.079 seconds
[2026-05-09T19:29:33.319+0000] {processor.py:161} INFO - Started process (PID=4407) to work on /home/airflow/.local/lib/python3.12/site-packages/airflow/example_dags/example_xcomargs.py
[2026-05-09T19:29:33.320+0000] {processor.py:830} INFO - Processing file /home/airflow/.local/lib/python3.12/site-packages/airflow/example_dags/example_xcomargs.py for tasks to queue
[2026-05-09T19:29:33.323+0000] {logging_mixin.py:188} INFO - [2026-05-09T19:29:33.322+0000] {dagbag.py:545} INFO - Filling up the DagBag from /home/airflow/.local/lib/python3.12/site-packages/airflow/example_dags/example_xcomargs.py
[2026-05-09T19:29:33.330+0000] {processor.py:840} INFO - DAG(s) 'example_xcom_args_with_operators', 'example_xcom_args' retrieved from /home/airflow/.local/lib/python3.12/site-packages/airflow/example_dags/example_xcomargs.py
[2026-05-09T19:29:33.353+0000] {logging_mixin.py:188} INFO - [2026-05-09T19:29:33.353+0000] {dag.py:3096} INFO - Sync 2 DAGs
[2026-05-09T19:29:33.366+0000] {logging_mixin.py:188} INFO - [2026-05-09T19:29:33.365+0000] {dag.py:3954} INFO - Setting next_dagrun for example_xcom_args to None, run_after=None
[2026-05-09T19:29:33.370+0000] {logging_mixin.py:188} INFO - [2026-05-09T19:29:33.370+0000] {dag.py:3954} INFO - Setting next_dagrun for example_xcom_args_with_operators to None, run_after=None
[2026-05-09T19:29:33.389+0000] {processor.py:183} INFO - Processing /home/airflow/.local/lib/python3.12/site-packages/airflow/example_dags/example_xcomargs.py took 0.075 seconds
[2026-05-09T19:30:04.067+0000] {processor.py:161} INFO - Started process (PID=4466) to work on /home/airflow/.local/lib/python3.12/site-packages/airflow/example_dags/example_xcomargs.py
[2026-05-09T19:30:04.068+0000] {processor.py:830} INFO - Processing file /home/airflow/.local/lib/python3.12/site-packages/airflow/example_dags/example_xcomargs.py for tasks to queue
[2026-05-09T19:30:04.070+0000] {logging_mixin.py:188} INFO - [2026-05-09T19:30:04.070+0000] {dagbag.py:545} INFO - Filling up the DagBag from /home/airflow/.local/lib/python3.12/site-packages/airflow/example_dags/example_xcomargs.py
[2026-05-09T19:30:04.078+0000] {processor.py:840} INFO - DAG(s) 'example_xcom_args_with_operators', 'example_xcom_args' retrieved from /home/airflow/.local/lib/python3.12/site-packages/airflow/example_dags/example_xcomargs.py
[2026-05-09T19:30:04.101+0000] {logging_mixin.py:188} INFO - [2026-05-09T19:30:04.101+0000] {dag.py:3096} INFO - Sync 2 DAGs
[2026-05-09T19:30:04.114+0000] {logging_mixin.py:188} INFO - [2026-05-09T19:30:04.114+0000] {dag.py:3954} INFO - Setting next_dagrun for example_xcom_args to None, run_after=None
[2026-05-09T19:30:04.119+0000] {logging_mixin.py:188} INFO - [2026-05-09T19:30:04.118+0000] {dag.py:3954} INFO - Setting next_dagrun for example_xcom_args_with_operators to None, run_after=None
[2026-05-09T19:30:04.139+0000] {processor.py:183} INFO - Processing /home/airflow/.local/lib/python3.12/site-packages/airflow/example_dags/example_xcomargs.py took 0.077 seconds
[2026-05-09T19:30:34.355+0000] {processor.py:161} INFO - Started process (PID=4525) to work on /home/airflow/.local/lib/python3.12/site-packages/airflow/example_dags/example_xcomargs.py
[2026-05-09T19:30:34.356+0000] {processor.py:830} INFO - Processing file /home/airflow/.local/lib/python3.12/site-packages/airflow/example_dags/example_xcomargs.py for tasks to queue
[2026-05-09T19:30:34.358+0000] {logging_mixin.py:188} INFO - [2026-05-09T19:30:34.358+0000] {dagbag.py:545} INFO - Filling up the DagBag from /home/airflow/.local/lib/python3.12/site-packages/airflow/example_dags/example_xcomargs.py
[2026-05-09T19:30:34.366+0000] {processor.py:840} INFO - DAG(s) 'example_xcom_args', 'example_xcom_args_with_operators' retrieved from /home/airflow/.local/lib/python3.12/site-packages/airflow/example_dags/example_xcomargs.py
[2026-05-09T19:30:34.393+0000] {logging_mixin.py:188} INFO - [2026-05-09T19:30:34.392+0000] {dag.py:3096} INFO - Sync 2 DAGs
[2026-05-09T19:30:34.406+0000] {logging_mixin.py:188} INFO - [2026-05-09T19:30:34.406+0000] {dag.py:3954} INFO - Setting next_dagrun for example_xcom_args to None, run_after=None
[2026-05-09T19:30:34.410+0000] {logging_mixin.py:188} INFO - [2026-05-09T19:30:34.410+0000] {dag.py:3954} INFO - Setting next_dagrun for example_xcom_args_with_operators to None, run_after=None
[2026-05-09T19:30:34.433+0000] {processor.py:183} INFO - Processing /home/airflow/.local/lib/python3.12/site-packages/airflow/example_dags/example_xcomargs.py took 0.083 seconds
[2026-05-09T19:31:04.579+0000] {processor.py:161} INFO - Started process (PID=4584) to work on /home/airflow/.local/lib/python3.12/site-packages/airflow/example_dags/example_xcomargs.py
[2026-05-09T19:31:04.581+0000] {processor.py:830} INFO - Processing file /home/airflow/.local/lib/python3.12/site-packages/airflow/example_dags/example_xcomargs.py for tasks to queue
[2026-05-09T19:31:04.583+0000] {logging_mixin.py:188} INFO - [2026-05-09T19:31:04.582+0000] {dagbag.py:545} INFO - Filling up the DagBag from /home/airflow/.local/lib/python3.12/site-packages/airflow/example_dags/example_xcomargs.py
[2026-05-09T19:31:04.592+0000] {processor.py:840} INFO - DAG(s) 'example_xcom_args_with_operators', 'example_xcom_args' retrieved from /home/airflow/.local/lib/python3.12/site-packages/airflow/example_dags/example_xcomargs.py
[2026-05-09T19:31:04.620+0000] {logging_mixin.py:188} INFO - [2026-05-09T19:31:04.619+0000] {dag.py:3096} INFO - Sync 2 DAGs
[2026-05-09T19:31:04.635+0000] {logging_mixin.py:188} INFO - [2026-05-09T19:31:04.634+0000] {dag.py:3954} INFO - Setting next_dagrun for example_xcom_args to None, run_after=None
[2026-05-09T19:31:04.638+0000] {logging_mixin.py:188} INFO - [2026-05-09T19:31:04.638+0000] {dag.py:3954} INFO - Setting next_dagrun for example_xcom_args_with_operators to None, run_after=None
[2026-05-09T19:31:04.658+0000] {processor.py:183} INFO - Processing /home/airflow/.local/lib/python3.12/site-packages/airflow/example_dags/example_xcomargs.py took 0.084 seconds
[2026-05-09T19:31:34.802+0000] {processor.py:161} INFO - Started process (PID=4643) to work on /home/airflow/.local/lib/python3.12/site-packages/airflow/example_dags/example_xcomargs.py
[2026-05-09T19:31:34.803+0000] {processor.py:830} INFO - Processing file /home/airflow/.local/lib/python3.12/site-packages/airflow/example_dags/example_xcomargs.py for tasks to queue
[2026-05-09T19:31:34.806+0000] {logging_mixin.py:188} INFO - [2026-05-09T19:31:34.805+0000] {dagbag.py:545} INFO - Filling up the DagBag from /home/airflow/.local/lib/python3.12/site-packages/airflow/example_dags/example_xcomargs.py
[2026-05-09T19:31:34.814+0000] {processor.py:840} INFO - DAG(s) 'example_xcom_args', 'example_xcom_args_with_operators' retrieved from /home/airflow/.local/lib/python3.12/site-packages/airflow/example_dags/example_xcomargs.py
[2026-05-09T19:31:34.839+0000] {logging_mixin.py:188} INFO - [2026-05-09T19:31:34.838+0000] {dag.py:3096} INFO - Sync 2 DAGs
[2026-05-09T19:31:34.850+0000] {logging_mixin.py:188} INFO - [2026-05-09T19:31:34.850+0000] {dag.py:3954} INFO - Setting next_dagrun for example_xcom_args to None, run_after=None
[2026-05-09T19:31:34.855+0000] {logging_mixin.py:188} INFO - [2026-05-09T19:31:34.855+0000] {dag.py:3954} INFO - Setting next_dagrun for example_xcom_args_with_operators to None, run_after=None
[2026-05-09T19:31:34.877+0000] {processor.py:183} INFO - Processing /home/airflow/.local/lib/python3.12/site-packages/airflow/example_dags/example_xcomargs.py took 0.081 seconds
[2026-05-09T19:32:04.923+0000] {processor.py:161} INFO - Started process (PID=4702) to work on /home/airflow/.local/lib/python3.12/site-packages/airflow/example_dags/example_xcomargs.py
[2026-05-09T19:32:04.924+0000] {processor.py:830} INFO - Processing file /home/airflow/.local/lib/python3.12/site-packages/airflow/example_dags/example_xcomargs.py for tasks to queue
[2026-05-09T19:32:04.926+0000] {logging_mixin.py:188} INFO - [2026-05-09T19:32:04.925+0000] {dagbag.py:545} INFO - Filling up the DagBag from /home/airflow/.local/lib/python3.12/site-packages/airflow/example_dags/example_xcomargs.py
[2026-05-09T19:32:04.933+0000] {processor.py:840} INFO - DAG(s) 'example_xcom_args_with_operators', 'example_xcom_args' retrieved from /home/airflow/.local/lib/python3.12/site-packages/airflow/example_dags/example_xcomargs.py
[2026-05-09T19:32:04.957+0000] {logging_mixin.py:188} INFO - [2026-05-09T19:32:04.957+0000] {dag.py:3096} INFO - Sync 2 DAGs
[2026-05-09T19:32:04.970+0000] {logging_mixin.py:188} INFO - [2026-05-09T19:32:04.970+0000] {dag.py:3954} INFO - Setting next_dagrun for example_xcom_args to None, run_after=None
[2026-05-09T19:32:04.974+0000] {logging_mixin.py:188} INFO - [2026-05-09T19:32:04.974+0000] {dag.py:3954} INFO - Setting next_dagrun for example_xcom_args_with_operators to None, run_after=None
[2026-05-09T19:32:04.999+0000] {processor.py:183} INFO - Processing /home/airflow/.local/lib/python3.12/site-packages/airflow/example_dags/example_xcomargs.py took 0.081 seconds
[2026-05-09T19:32:35.670+0000] {processor.py:161} INFO - Started process (PID=4762) to work on /home/airflow/.local/lib/python3.12/site-packages/airflow/example_dags/example_xcomargs.py
[2026-05-09T19:32:35.671+0000] {processor.py:830} INFO - Processing file /home/airflow/.local/lib/python3.12/site-packages/airflow/example_dags/example_xcomargs.py for tasks to queue
[2026-05-09T19:32:35.674+0000] {logging_mixin.py:188} INFO - [2026-05-09T19:32:35.673+0000] {dagbag.py:545} INFO - Filling up the DagBag from /home/airflow/.local/lib/python3.12/site-packages/airflow/example_dags/example_xcomargs.py
[2026-05-09T19:32:35.686+0000] {processor.py:840} INFO - DAG(s) 'example_xcom_args', 'example_xcom_args_with_operators' retrieved from /home/airflow/.local/lib/python3.12/site-packages/airflow/example_dags/example_xcomargs.py
[2026-05-09T19:32:35.718+0000] {logging_mixin.py:188} INFO - [2026-05-09T19:32:35.717+0000] {dag.py:3096} INFO - Sync 2 DAGs
[2026-05-09T19:32:35.735+0000] {logging_mixin.py:188} INFO - [2026-05-09T19:32:35.735+0000] {dag.py:3954} INFO - Setting next_dagrun for example_xcom_args to None, run_after=None
[2026-05-09T19:32:35.741+0000] {logging_mixin.py:188} INFO - [2026-05-09T19:32:35.741+0000] {dag.py:3954} INFO - Setting next_dagrun for example_xcom_args_with_operators to None, run_after=None
[2026-05-09T19:32:35.767+0000] {processor.py:183} INFO - Processing /home/airflow/.local/lib/python3.12/site-packages/airflow/example_dags/example_xcomargs.py took 0.105 seconds
[2026-05-09T19:33:06.423+0000] {processor.py:161} INFO - Started process (PID=4821) to work on /home/airflow/.local/lib/python3.12/site-packages/airflow/example_dags/example_xcomargs.py
[2026-05-09T19:33:06.424+0000] {processor.py:830} INFO - Processing file /home/airflow/.local/lib/python3.12/site-packages/airflow/example_dags/example_xcomargs.py for tasks to queue
[2026-05-09T19:33:06.426+0000] {logging_mixin.py:188} INFO - [2026-05-09T19:33:06.425+0000] {dagbag.py:545} INFO - Filling up the DagBag from /home/airflow/.local/lib/python3.12/site-packages/airflow/example_dags/example_xcomargs.py
[2026-05-09T19:33:06.433+0000] {processor.py:840} INFO - DAG(s) 'example_xcom_args', 'example_xcom_args_with_operators' retrieved from /home/airflow/.local/lib/python3.12/site-packages/airflow/example_dags/example_xcomargs.py
[2026-05-09T19:33:06.458+0000] {logging_mixin.py:188} INFO - [2026-05-09T19:33:06.457+0000] {dag.py:3096} INFO - Sync 2 DAGs
[2026-05-09T19:33:06.470+0000] {logging_mixin.py:188} INFO - [2026-05-09T19:33:06.470+0000] {dag.py:3954} INFO - Setting next_dagrun for example_xcom_args to None, run_after=None
[2026-05-09T19:33:06.475+0000] {logging_mixin.py:188} INFO - [2026-05-09T19:33:06.475+0000] {dag.py:3954} INFO - Setting next_dagrun for example_xcom_args_with_operators to None, run_after=None
[2026-05-09T19:33:06.497+0000] {processor.py:183} INFO - Processing /home/airflow/.local/lib/python3.12/site-packages/airflow/example_dags/example_xcomargs.py took 0.080 seconds
[2026-05-09T19:33:36.559+0000] {processor.py:161} INFO - Started process (PID=4880) to work on /home/airflow/.local/lib/python3.12/site-packages/airflow/example_dags/example_xcomargs.py
[2026-05-09T19:33:36.561+0000] {processor.py:830} INFO - Processing file /home/airflow/.local/lib/python3.12/site-packages/airflow/example_dags/example_xcomargs.py for tasks to queue
[2026-05-09T19:33:36.565+0000] {logging_mixin.py:188} INFO - [2026-05-09T19:33:36.564+0000] {dagbag.py:545} INFO - Filling up the DagBag from /home/airflow/.local/lib/python3.12/site-packages/airflow/example_dags/example_xcomargs.py
[2026-05-09T19:33:36.578+0000] {processor.py:840} INFO - DAG(s) 'example_xcom_args', 'example_xcom_args_with_operators' retrieved from /home/airflow/.local/lib/python3.12/site-packages/airflow/example_dags/example_xcomargs.py
[2026-05-09T19:33:36.617+0000] {logging_mixin.py:188} INFO - [2026-05-09T19:33:36.616+0000] {dag.py:3096} INFO - Sync 2 DAGs
[2026-05-09T19:33:36.634+0000] {logging_mixin.py:188} INFO - [2026-05-09T19:33:36.634+0000] {dag.py:3954} INFO - Setting next_dagrun for example_xcom_args to None, run_after=None
[2026-05-09T19:33:36.640+0000] {logging_mixin.py:188} INFO - [2026-05-09T19:33:36.639+0000] {dag.py:3954} INFO - Setting next_dagrun for example_xcom_args_with_operators to None, run_after=None
[2026-05-09T19:33:36.663+0000] {processor.py:183} INFO - Processing /home/airflow/.local/lib/python3.12/site-packages/airflow/example_dags/example_xcomargs.py took 0.112 seconds
[2026-05-09T19:34:07.083+0000] {processor.py:161} INFO - Started process (PID=4939) to work on /home/airflow/.local/lib/python3.12/site-packages/airflow/example_dags/example_xcomargs.py
[2026-05-09T19:34:07.085+0000] {processor.py:830} INFO - Processing file /home/airflow/.local/lib/python3.12/site-packages/airflow/example_dags/example_xcomargs.py for tasks to queue
[2026-05-09T19:34:07.089+0000] {logging_mixin.py:188} INFO - [2026-05-09T19:34:07.088+0000] {dagbag.py:545} INFO - Filling up the DagBag from /home/airflow/.local/lib/python3.12/site-packages/airflow/example_dags/example_xcomargs.py
[2026-05-09T19:34:07.105+0000] {processor.py:840} INFO - DAG(s) 'example_xcom_args_with_operators', 'example_xcom_args' retrieved from /home/airflow/.local/lib/python3.12/site-packages/airflow/example_dags/example_xcomargs.py
[2026-05-09T19:34:07.131+0000] {logging_mixin.py:188} INFO - [2026-05-09T19:34:07.130+0000] {dag.py:3096} INFO - Sync 2 DAGs
[2026-05-09T19:34:07.151+0000] {logging_mixin.py:188} INFO - [2026-05-09T19:34:07.151+0000] {dag.py:3954} INFO - Setting next_dagrun for example_xcom_args to None, run_after=None
[2026-05-09T19:34:07.156+0000] {logging_mixin.py:188} INFO - [2026-05-09T19:34:07.155+0000] {dag.py:3954} INFO - Setting next_dagrun for example_xcom_args_with_operators to None, run_after=None
[2026-05-09T19:34:07.177+0000] {processor.py:183} INFO - Processing /home/airflow/.local/lib/python3.12/site-packages/airflow/example_dags/example_xcomargs.py took 0.102 seconds
[2026-05-09T19:34:37.709+0000] {processor.py:161} INFO - Started process (PID=4998) to work on /home/airflow/.local/lib/python3.12/site-packages/airflow/example_dags/example_xcomargs.py
[2026-05-09T19:34:37.711+0000] {processor.py:830} INFO - Processing file /home/airflow/.local/lib/python3.12/site-packages/airflow/example_dags/example_xcomargs.py for tasks to queue
[2026-05-09T19:34:37.713+0000] {logging_mixin.py:188} INFO - [2026-05-09T19:34:37.712+0000] {dagbag.py:545} INFO - Filling up the DagBag from /home/airflow/.local/lib/python3.12/site-packages/airflow/example_dags/example_xcomargs.py
[2026-05-09T19:34:37.721+0000] {processor.py:840} INFO - DAG(s) 'example_xcom_args_with_operators', 'example_xcom_args' retrieved from /home/airflow/.local/lib/python3.12/site-packages/airflow/example_dags/example_xcomargs.py
[2026-05-09T19:34:37.748+0000] {logging_mixin.py:188} INFO - [2026-05-09T19:34:37.747+0000] {dag.py:3096} INFO - Sync 2 DAGs
[2026-05-09T19:34:37.763+0000] {logging_mixin.py:188} INFO - [2026-05-09T19:34:37.763+0000] {dag.py:3954} INFO - Setting next_dagrun for example_xcom_args to None, run_after=None
[2026-05-09T19:34:37.768+0000] {logging_mixin.py:188} INFO - [2026-05-09T19:34:37.768+0000] {dag.py:3954} INFO - Setting next_dagrun for example_xcom_args_with_operators to None, run_after=None
[2026-05-09T19:34:37.790+0000] {processor.py:183} INFO - Processing /home/airflow/.local/lib/python3.12/site-packages/airflow/example_dags/example_xcomargs.py took 0.086 seconds
[2026-05-09T19:35:08.037+0000] {processor.py:161} INFO - Started process (PID=5057) to work on /home/airflow/.local/lib/python3.12/site-packages/airflow/example_dags/example_xcomargs.py
[2026-05-09T19:35:08.038+0000] {processor.py:830} INFO - Processing file /home/airflow/.local/lib/python3.12/site-packages/airflow/example_dags/example_xcomargs.py for tasks to queue
[2026-05-09T19:35:08.040+0000] {logging_mixin.py:188} INFO - [2026-05-09T19:35:08.040+0000] {dagbag.py:545} INFO - Filling up the DagBag from /home/airflow/.local/lib/python3.12/site-packages/airflow/example_dags/example_xcomargs.py
[2026-05-09T19:35:08.048+0000] {processor.py:840} INFO - DAG(s) 'example_xcom_args', 'example_xcom_args_with_operators' retrieved from /home/airflow/.local/lib/python3.12/site-packages/airflow/example_dags/example_xcomargs.py
[2026-05-09T19:35:08.079+0000] {logging_mixin.py:188} INFO - [2026-05-09T19:35:08.078+0000] {dag.py:3096} INFO - Sync 2 DAGs
[2026-05-09T19:35:08.096+0000] {logging_mixin.py:188} INFO - [2026-05-09T19:35:08.096+0000] {dag.py:3954} INFO - Setting next_dagrun for example_xcom_args to None, run_after=None
[2026-05-09T19:35:08.101+0000] {logging_mixin.py:188} INFO - [2026-05-09T19:35:08.101+0000] {dag.py:3954} INFO - Setting next_dagrun for example_xcom_args_with_operators to None, run_after=None
[2026-05-09T19:35:08.127+0000] {processor.py:183} INFO - Processing /home/airflow/.local/lib/python3.12/site-packages/airflow/example_dags/example_xcomargs.py took 0.096 seconds
[2026-05-09T19:35:38.489+0000] {processor.py:161} INFO - Started process (PID=5116) to work on /home/airflow/.local/lib/python3.12/site-packages/airflow/example_dags/example_xcomargs.py
[2026-05-09T19:35:38.491+0000] {processor.py:830} INFO - Processing file /home/airflow/.local/lib/python3.12/site-packages/airflow/example_dags/example_xcomargs.py for tasks to queue
[2026-05-09T19:35:38.493+0000] {logging_mixin.py:188} INFO - [2026-05-09T19:35:38.493+0000] {dagbag.py:545} INFO - Filling up the DagBag from /home/airflow/.local/lib/python3.12/site-packages/airflow/example_dags/example_xcomargs.py
[2026-05-09T19:35:38.500+0000] {processor.py:840} INFO - DAG(s) 'example_xcom_args', 'example_xcom_args_with_operators' retrieved from /home/airflow/.local/lib/python3.12/site-packages/airflow/example_dags/example_xcomargs.py
[2026-05-09T19:35:38.524+0000] {logging_mixin.py:188} INFO - [2026-05-09T19:35:38.524+0000] {dag.py:3096} INFO - Sync 2 DAGs
[2026-05-09T19:35:38.537+0000] {logging_mixin.py:188} INFO - [2026-05-09T19:35:38.536+0000] {dag.py:3954} INFO - Setting next_dagrun for example_xcom_args to None, run_after=None
[2026-05-09T19:35:38.541+0000] {logging_mixin.py:188} INFO - [2026-05-09T19:35:38.541+0000] {dag.py:3954} INFO - Setting next_dagrun for example_xcom_args_with_operators to None, run_after=None
[2026-05-09T19:35:38.561+0000] {processor.py:183} INFO - Processing /home/airflow/.local/lib/python3.12/site-packages/airflow/example_dags/example_xcomargs.py took 0.076 seconds
[2026-05-09T19:36:08.781+0000] {processor.py:161} INFO - Started process (PID=5175) to work on /home/airflow/.local/lib/python3.12/site-packages/airflow/example_dags/example_xcomargs.py
[2026-05-09T19:36:08.782+0000] {processor.py:830} INFO - Processing file /home/airflow/.local/lib/python3.12/site-packages/airflow/example_dags/example_xcomargs.py for tasks to queue
[2026-05-09T19:36:08.784+0000] {logging_mixin.py:188} INFO - [2026-05-09T19:36:08.784+0000] {dagbag.py:545} INFO - Filling up the DagBag from /home/airflow/.local/lib/python3.12/site-packages/airflow/example_dags/example_xcomargs.py
[2026-05-09T19:36:08.792+0000] {processor.py:840} INFO - DAG(s) 'example_xcom_args_with_operators', 'example_xcom_args' retrieved from /home/airflow/.local/lib/python3.12/site-packages/airflow/example_dags/example_xcomargs.py
[2026-05-09T19:36:08.823+0000] {logging_mixin.py:188} INFO - [2026-05-09T19:36:08.823+0000] {dag.py:3096} INFO - Sync 2 DAGs
[2026-05-09T19:36:08.839+0000] {logging_mixin.py:188} INFO - [2026-05-09T19:36:08.839+0000] {dag.py:3954} INFO - Setting next_dagrun for example_xcom_args to None, run_after=None
[2026-05-09T19:36:08.844+0000] {logging_mixin.py:188} INFO - [2026-05-09T19:36:08.844+0000] {dag.py:3954} INFO - Setting next_dagrun for example_xcom_args_with_operators to None, run_after=None
[2026-05-09T19:36:08.865+0000] {processor.py:183} INFO - Processing /home/airflow/.local/lib/python3.12/site-packages/airflow/example_dags/example_xcomargs.py took 0.090 seconds
[2026-05-09T19:36:39.494+0000] {processor.py:161} INFO - Started process (PID=5234) to work on /home/airflow/.local/lib/python3.12/site-packages/airflow/example_dags/example_xcomargs.py
[2026-05-09T19:36:39.495+0000] {processor.py:830} INFO - Processing file /home/airflow/.local/lib/python3.12/site-packages/airflow/example_dags/example_xcomargs.py for tasks to queue
[2026-05-09T19:36:39.498+0000] {logging_mixin.py:188} INFO - [2026-05-09T19:36:39.497+0000] {dagbag.py:545} INFO - Filling up the DagBag from /home/airflow/.local/lib/python3.12/site-packages/airflow/example_dags/example_xcomargs.py
[2026-05-09T19:36:39.506+0000] {processor.py:840} INFO - DAG(s) 'example_xcom_args', 'example_xcom_args_with_operators' retrieved from /home/airflow/.local/lib/python3.12/site-packages/airflow/example_dags/example_xcomargs.py
[2026-05-09T19:36:39.530+0000] {logging_mixin.py:188} INFO - [2026-05-09T19:36:39.530+0000] {dag.py:3096} INFO - Sync 2 DAGs
[2026-05-09T19:36:39.543+0000] {logging_mixin.py:188} INFO - [2026-05-09T19:36:39.542+0000] {dag.py:3954} INFO - Setting next_dagrun for example_xcom_args to None, run_after=None
[2026-05-09T19:36:39.547+0000] {logging_mixin.py:188} INFO - [2026-05-09T19:36:39.547+0000] {dag.py:3954} INFO - Setting next_dagrun for example_xcom_args_with_operators to None, run_after=None
[2026-05-09T19:36:39.568+0000] {processor.py:183} INFO - Processing /home/airflow/.local/lib/python3.12/site-packages/airflow/example_dags/example_xcomargs.py took 0.079 seconds
[2026-05-09T19:37:09.754+0000] {processor.py:161} INFO - Started process (PID=5293) to work on /home/airflow/.local/lib/python3.12/site-packages/airflow/example_dags/example_xcomargs.py
[2026-05-09T19:37:09.756+0000] {processor.py:830} INFO - Processing file /home/airflow/.local/lib/python3.12/site-packages/airflow/example_dags/example_xcomargs.py for tasks to queue
[2026-05-09T19:37:09.757+0000] {logging_mixin.py:188} INFO - [2026-05-09T19:37:09.757+0000] {dagbag.py:545} INFO - Filling up the DagBag from /home/airflow/.local/lib/python3.12/site-packages/airflow/example_dags/example_xcomargs.py
[2026-05-09T19:37:09.765+0000] {processor.py:840} INFO - DAG(s) 'example_xcom_args_with_operators', 'example_xcom_args' retrieved from /home/airflow/.local/lib/python3.12/site-packages/airflow/example_dags/example_xcomargs.py
[2026-05-09T19:37:09.788+0000] {logging_mixin.py:188} INFO - [2026-05-09T19:37:09.788+0000] {dag.py:3096} INFO - Sync 2 DAGs
[2026-05-09T19:37:09.800+0000] {logging_mixin.py:188} INFO - [2026-05-09T19:37:09.800+0000] {dag.py:3954} INFO - Setting next_dagrun for example_xcom_args to None, run_after=None
[2026-05-09T19:37:09.805+0000] {logging_mixin.py:188} INFO - [2026-05-09T19:37:09.804+0000] {dag.py:3954} INFO - Setting next_dagrun for example_xcom_args_with_operators to None, run_after=None
[2026-05-09T19:37:09.826+0000] {processor.py:183} INFO - Processing /home/airflow/.local/lib/python3.12/site-packages/airflow/example_dags/example_xcomargs.py took 0.076 seconds
[2026-05-09T19:37:40.472+0000] {processor.py:161} INFO - Started process (PID=5352) to work on /home/airflow/.local/lib/python3.12/site-packages/airflow/example_dags/example_xcomargs.py
[2026-05-09T19:37:40.474+0000] {processor.py:830} INFO - Processing file /home/airflow/.local/lib/python3.12/site-packages/airflow/example_dags/example_xcomargs.py for tasks to queue
[2026-05-09T19:37:40.477+0000] {logging_mixin.py:188} INFO - [2026-05-09T19:37:40.476+0000] {dagbag.py:545} INFO - Filling up the DagBag from /home/airflow/.local/lib/python3.12/site-packages/airflow/example_dags/example_xcomargs.py
[2026-05-09T19:37:40.487+0000] {processor.py:840} INFO - DAG(s) 'example_xcom_args', 'example_xcom_args_with_operators' retrieved from /home/airflow/.local/lib/python3.12/site-packages/airflow/example_dags/example_xcomargs.py
[2026-05-09T19:37:40.515+0000] {logging_mixin.py:188} INFO - [2026-05-09T19:37:40.515+0000] {dag.py:3096} INFO - Sync 2 DAGs
[2026-05-09T19:37:40.532+0000] {logging_mixin.py:188} INFO - [2026-05-09T19:37:40.532+0000] {dag.py:3954} INFO - Setting next_dagrun for example_xcom_args to None, run_after=None
[2026-05-09T19:37:40.536+0000] {logging_mixin.py:188} INFO - [2026-05-09T19:37:40.536+0000] {dag.py:3954} INFO - Setting next_dagrun for example_xcom_args_with_operators to None, run_after=None
[2026-05-09T19:37:40.559+0000] {processor.py:183} INFO - Processing /home/airflow/.local/lib/python3.12/site-packages/airflow/example_dags/example_xcomargs.py took 0.092 seconds
[2026-05-09T19:38:10.617+0000] {processor.py:161} INFO - Started process (PID=5411) to work on /home/airflow/.local/lib/python3.12/site-packages/airflow/example_dags/example_xcomargs.py
[2026-05-09T19:38:10.619+0000] {processor.py:830} INFO - Processing file /home/airflow/.local/lib/python3.12/site-packages/airflow/example_dags/example_xcomargs.py for tasks to queue
[2026-05-09T19:38:10.621+0000] {logging_mixin.py:188} INFO - [2026-05-09T19:38:10.620+0000] {dagbag.py:545} INFO - Filling up the DagBag from /home/airflow/.local/lib/python3.12/site-packages/airflow/example_dags/example_xcomargs.py
[2026-05-09T19:38:10.628+0000] {processor.py:840} INFO - DAG(s) 'example_xcom_args', 'example_xcom_args_with_operators' retrieved from /home/airflow/.local/lib/python3.12/site-packages/airflow/example_dags/example_xcomargs.py
[2026-05-09T19:38:10.652+0000] {logging_mixin.py:188} INFO - [2026-05-09T19:38:10.651+0000] {dag.py:3096} INFO - Sync 2 DAGs
[2026-05-09T19:38:10.665+0000] {logging_mixin.py:188} INFO - [2026-05-09T19:38:10.665+0000] {dag.py:3954} INFO - Setting next_dagrun for example_xcom_args to None, run_after=None
[2026-05-09T19:38:10.669+0000] {logging_mixin.py:188} INFO - [2026-05-09T19:38:10.669+0000] {dag.py:3954} INFO - Setting next_dagrun for example_xcom_args_with_operators to None, run_after=None
[2026-05-09T19:38:10.690+0000] {processor.py:183} INFO - Processing /home/airflow/.local/lib/python3.12/site-packages/airflow/example_dags/example_xcomargs.py took 0.078 seconds
[2026-05-09T19:38:40.796+0000] {processor.py:161} INFO - Started process (PID=5470) to work on /home/airflow/.local/lib/python3.12/site-packages/airflow/example_dags/example_xcomargs.py
[2026-05-09T19:38:40.798+0000] {processor.py:830} INFO - Processing file /home/airflow/.local/lib/python3.12/site-packages/airflow/example_dags/example_xcomargs.py for tasks to queue
[2026-05-09T19:38:40.800+0000] {logging_mixin.py:188} INFO - [2026-05-09T19:38:40.800+0000] {dagbag.py:545} INFO - Filling up the DagBag from /home/airflow/.local/lib/python3.12/site-packages/airflow/example_dags/example_xcomargs.py
[2026-05-09T19:38:40.808+0000] {processor.py:840} INFO - DAG(s) 'example_xcom_args_with_operators', 'example_xcom_args' retrieved from /home/airflow/.local/lib/python3.12/site-packages/airflow/example_dags/example_xcomargs.py
[2026-05-09T19:38:40.834+0000] {logging_mixin.py:188} INFO - [2026-05-09T19:38:40.834+0000] {dag.py:3096} INFO - Sync 2 DAGs
[2026-05-09T19:38:40.848+0000] {logging_mixin.py:188} INFO - [2026-05-09T19:38:40.847+0000] {dag.py:3954} INFO - Setting next_dagrun for example_xcom_args to None, run_after=None
[2026-05-09T19:38:40.852+0000] {logging_mixin.py:188} INFO - [2026-05-09T19:38:40.852+0000] {dag.py:3954} INFO - Setting next_dagrun for example_xcom_args_with_operators to None, run_after=None
[2026-05-09T19:38:40.875+0000] {processor.py:183} INFO - Processing /home/airflow/.local/lib/python3.12/site-packages/airflow/example_dags/example_xcomargs.py took 0.084 seconds
[2026-05-09T19:39:11.669+0000] {processor.py:161} INFO - Started process (PID=5529) to work on /home/airflow/.local/lib/python3.12/site-packages/airflow/example_dags/example_xcomargs.py
[2026-05-09T19:39:11.670+0000] {processor.py:830} INFO - Processing file /home/airflow/.local/lib/python3.12/site-packages/airflow/example_dags/example_xcomargs.py for tasks to queue
[2026-05-09T19:39:11.673+0000] {logging_mixin.py:188} INFO - [2026-05-09T19:39:11.673+0000] {dagbag.py:545} INFO - Filling up the DagBag from /home/airflow/.local/lib/python3.12/site-packages/airflow/example_dags/example_xcomargs.py
[2026-05-09T19:39:11.681+0000] {processor.py:840} INFO - DAG(s) 'example_xcom_args', 'example_xcom_args_with_operators' retrieved from /home/airflow/.local/lib/python3.12/site-packages/airflow/example_dags/example_xcomargs.py
[2026-05-09T19:39:11.706+0000] {logging_mixin.py:188} INFO - [2026-05-09T19:39:11.705+0000] {dag.py:3096} INFO - Sync 2 DAGs
[2026-05-09T19:39:11.719+0000] {logging_mixin.py:188} INFO - [2026-05-09T19:39:11.719+0000] {dag.py:3954} INFO - Setting next_dagrun for example_xcom_args to None, run_after=None
[2026-05-09T19:39:11.724+0000] {logging_mixin.py:188} INFO - [2026-05-09T19:39:11.723+0000] {dag.py:3954} INFO - Setting next_dagrun for example_xcom_args_with_operators to None, run_after=None
[2026-05-09T19:39:11.748+0000] {processor.py:183} INFO - Processing /home/airflow/.local/lib/python3.12/site-packages/airflow/example_dags/example_xcomargs.py took 0.084 seconds
[2026-05-09T19:39:42.338+0000] {processor.py:161} INFO - Started process (PID=5588) to work on /home/airflow/.local/lib/python3.12/site-packages/airflow/example_dags/example_xcomargs.py
[2026-05-09T19:39:42.339+0000] {processor.py:830} INFO - Processing file /home/airflow/.local/lib/python3.12/site-packages/airflow/example_dags/example_xcomargs.py for tasks to queue
[2026-05-09T19:39:42.342+0000] {logging_mixin.py:188} INFO - [2026-05-09T19:39:42.341+0000] {dagbag.py:545} INFO - Filling up the DagBag from /home/airflow/.local/lib/python3.12/site-packages/airflow/example_dags/example_xcomargs.py
[2026-05-09T19:39:42.351+0000] {processor.py:840} INFO - DAG(s) 'example_xcom_args', 'example_xcom_args_with_operators' retrieved from /home/airflow/.local/lib/python3.12/site-packages/airflow/example_dags/example_xcomargs.py
[2026-05-09T19:39:42.377+0000] {logging_mixin.py:188} INFO - [2026-05-09T19:39:42.376+0000] {dag.py:3096} INFO - Sync 2 DAGs
[2026-05-09T19:39:42.391+0000] {logging_mixin.py:188} INFO - [2026-05-09T19:39:42.391+0000] {dag.py:3954} INFO - Setting next_dagrun for example_xcom_args to None, run_after=None
[2026-05-09T19:39:42.395+0000] {logging_mixin.py:188} INFO - [2026-05-09T19:39:42.395+0000] {dag.py:3954} INFO - Setting next_dagrun for example_xcom_args_with_operators to None, run_after=None
[2026-05-09T19:39:42.418+0000] {processor.py:183} INFO - Processing /home/airflow/.local/lib/python3.12/site-packages/airflow/example_dags/example_xcomargs.py took 0.087 seconds
[2026-05-09T19:40:13.158+0000] {processor.py:161} INFO - Started process (PID=5647) to work on /home/airflow/.local/lib/python3.12/site-packages/airflow/example_dags/example_xcomargs.py
[2026-05-09T19:40:13.159+0000] {processor.py:830} INFO - Processing file /home/airflow/.local/lib/python3.12/site-packages/airflow/example_dags/example_xcomargs.py for tasks to queue
[2026-05-09T19:40:13.162+0000] {logging_mixin.py:188} INFO - [2026-05-09T19:40:13.162+0000] {dagbag.py:545} INFO - Filling up the DagBag from /home/airflow/.local/lib/python3.12/site-packages/airflow/example_dags/example_xcomargs.py
[2026-05-09T19:40:13.169+0000] {processor.py:840} INFO - DAG(s) 'example_xcom_args_with_operators', 'example_xcom_args' retrieved from /home/airflow/.local/lib/python3.12/site-packages/airflow/example_dags/example_xcomargs.py
[2026-05-09T19:40:13.193+0000] {logging_mixin.py:188} INFO - [2026-05-09T19:40:13.193+0000] {dag.py:3096} INFO - Sync 2 DAGs
[2026-05-09T19:40:13.206+0000] {logging_mixin.py:188} INFO - [2026-05-09T19:40:13.206+0000] {dag.py:3954} INFO - Setting next_dagrun for example_xcom_args to None, run_after=None
[2026-05-09T19:40:13.211+0000] {logging_mixin.py:188} INFO - [2026-05-09T19:40:13.210+0000] {dag.py:3954} INFO - Setting next_dagrun for example_xcom_args_with_operators to None, run_after=None
[2026-05-09T19:40:13.231+0000] {processor.py:183} INFO - Processing /home/airflow/.local/lib/python3.12/site-packages/airflow/example_dags/example_xcomargs.py took 0.078 seconds
[2026-05-09T19:40:43.289+0000] {processor.py:161} INFO - Started process (PID=5706) to work on /home/airflow/.local/lib/python3.12/site-packages/airflow/example_dags/example_xcomargs.py
[2026-05-09T19:40:43.291+0000] {processor.py:830} INFO - Processing file /home/airflow/.local/lib/python3.12/site-packages/airflow/example_dags/example_xcomargs.py for tasks to queue
[2026-05-09T19:40:43.293+0000] {logging_mixin.py:188} INFO - [2026-05-09T19:40:43.293+0000] {dagbag.py:545} INFO - Filling up the DagBag from /home/airflow/.local/lib/python3.12/site-packages/airflow/example_dags/example_xcomargs.py
[2026-05-09T19:40:43.300+0000] {processor.py:840} INFO - DAG(s) 'example_xcom_args_with_operators', 'example_xcom_args' retrieved from /home/airflow/.local/lib/python3.12/site-packages/airflow/example_dags/example_xcomargs.py
[2026-05-09T19:40:43.324+0000] {logging_mixin.py:188} INFO - [2026-05-09T19:40:43.324+0000] {dag.py:3096} INFO - Sync 2 DAGs
[2026-05-09T19:40:43.338+0000] {logging_mixin.py:188} INFO - [2026-05-09T19:40:43.337+0000] {dag.py:3954} INFO - Setting next_dagrun for example_xcom_args to None, run_after=None
[2026-05-09T19:40:43.478+0000] {logging_mixin.py:188} INFO - [2026-05-09T19:40:43.478+0000] {dag.py:3954} INFO - Setting next_dagrun for example_xcom_args_with_operators to None, run_after=None
[2026-05-09T19:40:43.502+0000] {processor.py:183} INFO - Processing /home/airflow/.local/lib/python3.12/site-packages/airflow/example_dags/example_xcomargs.py took 0.217 seconds
[2026-05-09T19:41:13.594+0000] {processor.py:161} INFO - Started process (PID=5765) to work on /home/airflow/.local/lib/python3.12/site-packages/airflow/example_dags/example_xcomargs.py
[2026-05-09T19:41:13.595+0000] {processor.py:830} INFO - Processing file /home/airflow/.local/lib/python3.12/site-packages/airflow/example_dags/example_xcomargs.py for tasks to queue
[2026-05-09T19:41:13.597+0000] {logging_mixin.py:188} INFO - [2026-05-09T19:41:13.596+0000] {dagbag.py:545} INFO - Filling up the DagBag from /home/airflow/.local/lib/python3.12/site-packages/airflow/example_dags/example_xcomargs.py
[2026-05-09T19:41:13.604+0000] {processor.py:840} INFO - DAG(s) 'example_xcom_args', 'example_xcom_args_with_operators' retrieved from /home/airflow/.local/lib/python3.12/site-packages/airflow/example_dags/example_xcomargs.py
[2026-05-09T19:41:13.629+0000] {logging_mixin.py:188} INFO - [2026-05-09T19:41:13.628+0000] {dag.py:3096} INFO - Sync 2 DAGs
[2026-05-09T19:41:13.642+0000] {logging_mixin.py:188} INFO - [2026-05-09T19:41:13.641+0000] {dag.py:3954} INFO - Setting next_dagrun for example_xcom_args to None, run_after=None
[2026-05-09T19:41:13.646+0000] {logging_mixin.py:188} INFO - [2026-05-09T19:41:13.646+0000] {dag.py:3954} INFO - Setting next_dagrun for example_xcom_args_with_operators to None, run_after=None
[2026-05-09T19:41:13.815+0000] {processor.py:183} INFO - Processing /home/airflow/.local/lib/python3.12/site-packages/airflow/example_dags/example_xcomargs.py took 0.226 seconds
[2026-05-09T19:41:44.780+0000] {processor.py:161} INFO - Started process (PID=5824) to work on /home/airflow/.local/lib/python3.12/site-packages/airflow/example_dags/example_xcomargs.py
[2026-05-09T19:41:44.781+0000] {processor.py:830} INFO - Processing file /home/airflow/.local/lib/python3.12/site-packages/airflow/example_dags/example_xcomargs.py for tasks to queue
[2026-05-09T19:41:44.783+0000] {logging_mixin.py:188} INFO - [2026-05-09T19:41:44.783+0000] {dagbag.py:545} INFO - Filling up the DagBag from /home/airflow/.local/lib/python3.12/site-packages/airflow/example_dags/example_xcomargs.py
[2026-05-09T19:41:44.791+0000] {processor.py:840} INFO - DAG(s) 'example_xcom_args', 'example_xcom_args_with_operators' retrieved from /home/airflow/.local/lib/python3.12/site-packages/airflow/example_dags/example_xcomargs.py
[2026-05-09T19:41:44.814+0000] {logging_mixin.py:188} INFO - [2026-05-09T19:41:44.814+0000] {dag.py:3096} INFO - Sync 2 DAGs
[2026-05-09T19:41:44.827+0000] {logging_mixin.py:188} INFO - [2026-05-09T19:41:44.827+0000] {dag.py:3954} INFO - Setting next_dagrun for example_xcom_args to None, run_after=None
[2026-05-09T19:41:44.831+0000] {logging_mixin.py:188} INFO - [2026-05-09T19:41:44.831+0000] {dag.py:3954} INFO - Setting next_dagrun for example_xcom_args_with_operators to None, run_after=None
[2026-05-09T19:41:44.855+0000] {processor.py:183} INFO - Processing /home/airflow/.local/lib/python3.12/site-packages/airflow/example_dags/example_xcomargs.py took 0.080 seconds
[2026-05-09T19:42:15.440+0000] {processor.py:161} INFO - Started process (PID=5883) to work on /home/airflow/.local/lib/python3.12/site-packages/airflow/example_dags/example_xcomargs.py
[2026-05-09T19:42:15.441+0000] {processor.py:830} INFO - Processing file /home/airflow/.local/lib/python3.12/site-packages/airflow/example_dags/example_xcomargs.py for tasks to queue
[2026-05-09T19:42:15.444+0000] {logging_mixin.py:188} INFO - [2026-05-09T19:42:15.443+0000] {dagbag.py:545} INFO - Filling up the DagBag from /home/airflow/.local/lib/python3.12/site-packages/airflow/example_dags/example_xcomargs.py
[2026-05-09T19:42:15.452+0000] {processor.py:840} INFO - DAG(s) 'example_xcom_args', 'example_xcom_args_with_operators' retrieved from /home/airflow/.local/lib/python3.12/site-packages/airflow/example_dags/example_xcomargs.py
[2026-05-09T19:42:15.479+0000] {logging_mixin.py:188} INFO - [2026-05-09T19:42:15.478+0000] {dag.py:3096} INFO - Sync 2 DAGs
[2026-05-09T19:42:15.493+0000] {logging_mixin.py:188} INFO - [2026-05-09T19:42:15.492+0000] {dag.py:3954} INFO - Setting next_dagrun for example_xcom_args to None, run_after=None
[2026-05-09T19:42:15.497+0000] {logging_mixin.py:188} INFO - [2026-05-09T19:42:15.497+0000] {dag.py:3954} INFO - Setting next_dagrun for example_xcom_args_with_operators to None, run_after=None
[2026-05-09T19:42:15.519+0000] {processor.py:183} INFO - Processing /home/airflow/.local/lib/python3.12/site-packages/airflow/example_dags/example_xcomargs.py took 0.084 seconds
[2026-05-09T19:42:46.330+0000] {processor.py:161} INFO - Started process (PID=5942) to work on /home/airflow/.local/lib/python3.12/site-packages/airflow/example_dags/example_xcomargs.py
[2026-05-09T19:42:46.331+0000] {processor.py:830} INFO - Processing file /home/airflow/.local/lib/python3.12/site-packages/airflow/example_dags/example_xcomargs.py for tasks to queue
[2026-05-09T19:42:46.333+0000] {logging_mixin.py:188} INFO - [2026-05-09T19:42:46.333+0000] {dagbag.py:545} INFO - Filling up the DagBag from /home/airflow/.local/lib/python3.12/site-packages/airflow/example_dags/example_xcomargs.py
[2026-05-09T19:42:46.341+0000] {processor.py:840} INFO - DAG(s) 'example_xcom_args', 'example_xcom_args_with_operators' retrieved from /home/airflow/.local/lib/python3.12/site-packages/airflow/example_dags/example_xcomargs.py
[2026-05-09T19:42:46.366+0000] {logging_mixin.py:188} INFO - [2026-05-09T19:42:46.365+0000] {dag.py:3096} INFO - Sync 2 DAGs
[2026-05-09T19:42:46.379+0000] {logging_mixin.py:188} INFO - [2026-05-09T19:42:46.379+0000] {dag.py:3954} INFO - Setting next_dagrun for example_xcom_args to None, run_after=None
[2026-05-09T19:42:46.384+0000] {logging_mixin.py:188} INFO - [2026-05-09T19:42:46.384+0000] {dag.py:3954} INFO - Setting next_dagrun for example_xcom_args_with_operators to None, run_after=None
[2026-05-09T19:42:46.410+0000] {processor.py:183} INFO - Processing /home/airflow/.local/lib/python3.12/site-packages/airflow/example_dags/example_xcomargs.py took 0.085 seconds
[2026-05-09T19:43:16.819+0000] {processor.py:161} INFO - Started process (PID=5995) to work on /home/airflow/.local/lib/python3.12/site-packages/airflow/example_dags/example_xcomargs.py
[2026-05-09T19:43:16.820+0000] {processor.py:830} INFO - Processing file /home/airflow/.local/lib/python3.12/site-packages/airflow/example_dags/example_xcomargs.py for tasks to queue
[2026-05-09T19:43:16.822+0000] {logging_mixin.py:188} INFO - [2026-05-09T19:43:16.822+0000] {dagbag.py:545} INFO - Filling up the DagBag from /home/airflow/.local/lib/python3.12/site-packages/airflow/example_dags/example_xcomargs.py
[2026-05-09T19:43:16.829+0000] {processor.py:840} INFO - DAG(s) 'example_xcom_args', 'example_xcom_args_with_operators' retrieved from /home/airflow/.local/lib/python3.12/site-packages/airflow/example_dags/example_xcomargs.py
[2026-05-09T19:43:16.853+0000] {logging_mixin.py:188} INFO - [2026-05-09T19:43:16.853+0000] {dag.py:3096} INFO - Sync 2 DAGs
[2026-05-09T19:43:16.865+0000] {logging_mixin.py:188} INFO - [2026-05-09T19:43:16.865+0000] {dag.py:3954} INFO - Setting next_dagrun for example_xcom_args to None, run_after=None
[2026-05-09T19:43:16.869+0000] {logging_mixin.py:188} INFO - [2026-05-09T19:43:16.869+0000] {dag.py:3954} INFO - Setting next_dagrun for example_xcom_args_with_operators to None, run_after=None
[2026-05-09T19:43:16.890+0000] {processor.py:183} INFO - Processing /home/airflow/.local/lib/python3.12/site-packages/airflow/example_dags/example_xcomargs.py took 0.077 seconds
[2026-05-09T19:43:47.611+0000] {processor.py:161} INFO - Started process (PID=6055) to work on /home/airflow/.local/lib/python3.12/site-packages/airflow/example_dags/example_xcomargs.py
[2026-05-09T19:43:47.613+0000] {processor.py:830} INFO - Processing file /home/airflow/.local/lib/python3.12/site-packages/airflow/example_dags/example_xcomargs.py for tasks to queue
[2026-05-09T19:43:47.617+0000] {logging_mixin.py:188} INFO - [2026-05-09T19:43:47.616+0000] {dagbag.py:545} INFO - Filling up the DagBag from /home/airflow/.local/lib/python3.12/site-packages/airflow/example_dags/example_xcomargs.py
[2026-05-09T19:43:47.627+0000] {processor.py:840} INFO - DAG(s) 'example_xcom_args', 'example_xcom_args_with_operators' retrieved from /home/airflow/.local/lib/python3.12/site-packages/airflow/example_dags/example_xcomargs.py
[2026-05-09T19:43:47.660+0000] {logging_mixin.py:188} INFO - [2026-05-09T19:43:47.659+0000] {dag.py:3096} INFO - Sync 2 DAGs
[2026-05-09T19:43:47.679+0000] {logging_mixin.py:188} INFO - [2026-05-09T19:43:47.678+0000] {dag.py:3954} INFO - Setting next_dagrun for example_xcom_args to None, run_after=None
[2026-05-09T19:43:47.684+0000] {logging_mixin.py:188} INFO - [2026-05-09T19:43:47.684+0000] {dag.py:3954} INFO - Setting next_dagrun for example_xcom_args_with_operators to None, run_after=None
[2026-05-09T19:43:47.715+0000] {processor.py:183} INFO - Processing /home/airflow/.local/lib/python3.12/site-packages/airflow/example_dags/example_xcomargs.py took 0.110 seconds
[2026-05-09T19:44:17.916+0000] {processor.py:161} INFO - Started process (PID=6114) to work on /home/airflow/.local/lib/python3.12/site-packages/airflow/example_dags/example_xcomargs.py
[2026-05-09T19:44:17.917+0000] {processor.py:830} INFO - Processing file /home/airflow/.local/lib/python3.12/site-packages/airflow/example_dags/example_xcomargs.py for tasks to queue
[2026-05-09T19:44:17.920+0000] {logging_mixin.py:188} INFO - [2026-05-09T19:44:17.920+0000] {dagbag.py:545} INFO - Filling up the DagBag from /home/airflow/.local/lib/python3.12/site-packages/airflow/example_dags/example_xcomargs.py
[2026-05-09T19:44:17.928+0000] {processor.py:840} INFO - DAG(s) 'example_xcom_args_with_operators', 'example_xcom_args' retrieved from /home/airflow/.local/lib/python3.12/site-packages/airflow/example_dags/example_xcomargs.py
[2026-05-09T19:44:17.953+0000] {logging_mixin.py:188} INFO - [2026-05-09T19:44:17.952+0000] {dag.py:3096} INFO - Sync 2 DAGs
[2026-05-09T19:44:17.965+0000] {logging_mixin.py:188} INFO - [2026-05-09T19:44:17.965+0000] {dag.py:3954} INFO - Setting next_dagrun for example_xcom_args to None, run_after=None
[2026-05-09T19:44:17.969+0000] {logging_mixin.py:188} INFO - [2026-05-09T19:44:17.969+0000] {dag.py:3954} INFO - Setting next_dagrun for example_xcom_args_with_operators to None, run_after=None
[2026-05-09T19:44:17.991+0000] {processor.py:183} INFO - Processing /home/airflow/.local/lib/python3.12/site-packages/airflow/example_dags/example_xcomargs.py took 0.080 seconds
[2026-05-09T19:44:48.086+0000] {processor.py:161} INFO - Started process (PID=6173) to work on /home/airflow/.local/lib/python3.12/site-packages/airflow/example_dags/example_xcomargs.py
[2026-05-09T19:44:48.087+0000] {processor.py:830} INFO - Processing file /home/airflow/.local/lib/python3.12/site-packages/airflow/example_dags/example_xcomargs.py for tasks to queue
[2026-05-09T19:44:48.090+0000] {logging_mixin.py:188} INFO - [2026-05-09T19:44:48.090+0000] {dagbag.py:545} INFO - Filling up the DagBag from /home/airflow/.local/lib/python3.12/site-packages/airflow/example_dags/example_xcomargs.py
[2026-05-09T19:44:48.097+0000] {processor.py:840} INFO - DAG(s) 'example_xcom_args', 'example_xcom_args_with_operators' retrieved from /home/airflow/.local/lib/python3.12/site-packages/airflow/example_dags/example_xcomargs.py
[2026-05-09T19:44:48.121+0000] {logging_mixin.py:188} INFO - [2026-05-09T19:44:48.121+0000] {dag.py:3096} INFO - Sync 2 DAGs
[2026-05-09T19:44:48.134+0000] {logging_mixin.py:188} INFO - [2026-05-09T19:44:48.134+0000] {dag.py:3954} INFO - Setting next_dagrun for example_xcom_args to None, run_after=None
[2026-05-09T19:44:48.138+0000] {logging_mixin.py:188} INFO - [2026-05-09T19:44:48.138+0000] {dag.py:3954} INFO - Setting next_dagrun for example_xcom_args_with_operators to None, run_after=None
[2026-05-09T19:44:48.160+0000] {processor.py:183} INFO - Processing /home/airflow/.local/lib/python3.12/site-packages/airflow/example_dags/example_xcomargs.py took 0.079 seconds
[2026-05-09T19:45:19.144+0000] {processor.py:161} INFO - Started process (PID=6233) to work on /home/airflow/.local/lib/python3.12/site-packages/airflow/example_dags/example_xcomargs.py
[2026-05-09T19:45:19.145+0000] {processor.py:830} INFO - Processing file /home/airflow/.local/lib/python3.12/site-packages/airflow/example_dags/example_xcomargs.py for tasks to queue
[2026-05-09T19:45:19.147+0000] {logging_mixin.py:188} INFO - [2026-05-09T19:45:19.147+0000] {dagbag.py:545} INFO - Filling up the DagBag from /home/airflow/.local/lib/python3.12/site-packages/airflow/example_dags/example_xcomargs.py
[2026-05-09T19:45:19.155+0000] {processor.py:840} INFO - DAG(s) 'example_xcom_args_with_operators', 'example_xcom_args' retrieved from /home/airflow/.local/lib/python3.12/site-packages/airflow/example_dags/example_xcomargs.py
[2026-05-09T19:45:19.179+0000] {logging_mixin.py:188} INFO - [2026-05-09T19:45:19.178+0000] {dag.py:3096} INFO - Sync 2 DAGs
[2026-05-09T19:45:19.191+0000] {logging_mixin.py:188} INFO - [2026-05-09T19:45:19.191+0000] {dag.py:3954} INFO - Setting next_dagrun for example_xcom_args to None, run_after=None
[2026-05-09T19:45:19.196+0000] {logging_mixin.py:188} INFO - [2026-05-09T19:45:19.195+0000] {dag.py:3954} INFO - Setting next_dagrun for example_xcom_args_with_operators to None, run_after=None
[2026-05-09T19:45:19.216+0000] {processor.py:183} INFO - Processing /home/airflow/.local/lib/python3.12/site-packages/airflow/example_dags/example_xcomargs.py took 0.077 seconds
[2026-05-09T19:45:49.880+0000] {processor.py:161} INFO - Started process (PID=6292) to work on /home/airflow/.local/lib/python3.12/site-packages/airflow/example_dags/example_xcomargs.py
[2026-05-09T19:45:49.881+0000] {processor.py:830} INFO - Processing file /home/airflow/.local/lib/python3.12/site-packages/airflow/example_dags/example_xcomargs.py for tasks to queue
[2026-05-09T19:45:49.884+0000] {logging_mixin.py:188} INFO - [2026-05-09T19:45:49.883+0000] {dagbag.py:545} INFO - Filling up the DagBag from /home/airflow/.local/lib/python3.12/site-packages/airflow/example_dags/example_xcomargs.py
[2026-05-09T19:45:49.895+0000] {processor.py:840} INFO - DAG(s) 'example_xcom_args_with_operators', 'example_xcom_args' retrieved from /home/airflow/.local/lib/python3.12/site-packages/airflow/example_dags/example_xcomargs.py
[2026-05-09T19:45:49.924+0000] {logging_mixin.py:188} INFO - [2026-05-09T19:45:49.923+0000] {dag.py:3096} INFO - Sync 2 DAGs
[2026-05-09T19:45:49.937+0000] {logging_mixin.py:188} INFO - [2026-05-09T19:45:49.937+0000] {dag.py:3954} INFO - Setting next_dagrun for example_xcom_args to None, run_after=None
[2026-05-09T19:45:49.941+0000] {logging_mixin.py:188} INFO - [2026-05-09T19:45:49.941+0000] {dag.py:3954} INFO - Setting next_dagrun for example_xcom_args_with_operators to None, run_after=None
[2026-05-09T19:45:49.965+0000] {processor.py:183} INFO - Processing /home/airflow/.local/lib/python3.12/site-packages/airflow/example_dags/example_xcomargs.py took 0.092 seconds
[2026-05-09T19:46:20.502+0000] {processor.py:161} INFO - Started process (PID=6351) to work on /home/airflow/.local/lib/python3.12/site-packages/airflow/example_dags/example_xcomargs.py
[2026-05-09T19:46:20.504+0000] {processor.py:830} INFO - Processing file /home/airflow/.local/lib/python3.12/site-packages/airflow/example_dags/example_xcomargs.py for tasks to queue
[2026-05-09T19:46:20.506+0000] {logging_mixin.py:188} INFO - [2026-05-09T19:46:20.505+0000] {dagbag.py:545} INFO - Filling up the DagBag from /home/airflow/.local/lib/python3.12/site-packages/airflow/example_dags/example_xcomargs.py
[2026-05-09T19:46:20.513+0000] {processor.py:840} INFO - DAG(s) 'example_xcom_args', 'example_xcom_args_with_operators' retrieved from /home/airflow/.local/lib/python3.12/site-packages/airflow/example_dags/example_xcomargs.py
[2026-05-09T19:46:20.537+0000] {logging_mixin.py:188} INFO - [2026-05-09T19:46:20.537+0000] {dag.py:3096} INFO - Sync 2 DAGs
[2026-05-09T19:46:20.550+0000] {logging_mixin.py:188} INFO - [2026-05-09T19:46:20.550+0000] {dag.py:3954} INFO - Setting next_dagrun for example_xcom_args to None, run_after=None
[2026-05-09T19:46:20.554+0000] {logging_mixin.py:188} INFO - [2026-05-09T19:46:20.554+0000] {dag.py:3954} INFO - Setting next_dagrun for example_xcom_args_with_operators to None, run_after=None
[2026-05-09T19:46:20.574+0000] {processor.py:183} INFO - Processing /home/airflow/.local/lib/python3.12/site-packages/airflow/example_dags/example_xcomargs.py took 0.077 seconds
[2026-05-09T19:46:50.920+0000] {processor.py:161} INFO - Started process (PID=6410) to work on /home/airflow/.local/lib/python3.12/site-packages/airflow/example_dags/example_xcomargs.py
[2026-05-09T19:46:50.921+0000] {processor.py:830} INFO - Processing file /home/airflow/.local/lib/python3.12/site-packages/airflow/example_dags/example_xcomargs.py for tasks to queue
[2026-05-09T19:46:50.923+0000] {logging_mixin.py:188} INFO - [2026-05-09T19:46:50.922+0000] {dagbag.py:545} INFO - Filling up the DagBag from /home/airflow/.local/lib/python3.12/site-packages/airflow/example_dags/example_xcomargs.py
[2026-05-09T19:46:50.930+0000] {processor.py:840} INFO - DAG(s) 'example_xcom_args', 'example_xcom_args_with_operators' retrieved from /home/airflow/.local/lib/python3.12/site-packages/airflow/example_dags/example_xcomargs.py
[2026-05-09T19:46:50.955+0000] {logging_mixin.py:188} INFO - [2026-05-09T19:46:50.954+0000] {dag.py:3096} INFO - Sync 2 DAGs
[2026-05-09T19:46:50.967+0000] {logging_mixin.py:188} INFO - [2026-05-09T19:46:50.967+0000] {dag.py:3954} INFO - Setting next_dagrun for example_xcom_args to None, run_after=None
[2026-05-09T19:46:50.972+0000] {logging_mixin.py:188} INFO - [2026-05-09T19:46:50.972+0000] {dag.py:3954} INFO - Setting next_dagrun for example_xcom_args_with_operators to None, run_after=None
[2026-05-09T19:46:50.993+0000] {processor.py:183} INFO - Processing /home/airflow/.local/lib/python3.12/site-packages/airflow/example_dags/example_xcomargs.py took 0.078 seconds
[2026-05-09T19:47:21.551+0000] {processor.py:161} INFO - Started process (PID=6469) to work on /home/airflow/.local/lib/python3.12/site-packages/airflow/example_dags/example_xcomargs.py
[2026-05-09T19:47:21.552+0000] {processor.py:830} INFO - Processing file /home/airflow/.local/lib/python3.12/site-packages/airflow/example_dags/example_xcomargs.py for tasks to queue
[2026-05-09T19:47:21.555+0000] {logging_mixin.py:188} INFO - [2026-05-09T19:47:21.554+0000] {dagbag.py:545} INFO - Filling up the DagBag from /home/airflow/.local/lib/python3.12/site-packages/airflow/example_dags/example_xcomargs.py
[2026-05-09T19:47:21.563+0000] {processor.py:840} INFO - DAG(s) 'example_xcom_args_with_operators', 'example_xcom_args' retrieved from /home/airflow/.local/lib/python3.12/site-packages/airflow/example_dags/example_xcomargs.py
[2026-05-09T19:47:21.587+0000] {logging_mixin.py:188} INFO - [2026-05-09T19:47:21.587+0000] {dag.py:3096} INFO - Sync 2 DAGs
[2026-05-09T19:47:21.601+0000] {logging_mixin.py:188} INFO - [2026-05-09T19:47:21.601+0000] {dag.py:3954} INFO - Setting next_dagrun for example_xcom_args to None, run_after=None
[2026-05-09T19:47:21.605+0000] {logging_mixin.py:188} INFO - [2026-05-09T19:47:21.605+0000] {dag.py:3954} INFO - Setting next_dagrun for example_xcom_args_with_operators to None, run_after=None
[2026-05-09T19:47:21.627+0000] {processor.py:183} INFO - Processing /home/airflow/.local/lib/python3.12/site-packages/airflow/example_dags/example_xcomargs.py took 0.082 seconds
[2026-05-09T19:47:52.026+0000] {processor.py:161} INFO - Started process (PID=6528) to work on /home/airflow/.local/lib/python3.12/site-packages/airflow/example_dags/example_xcomargs.py
[2026-05-09T19:47:52.027+0000] {processor.py:830} INFO - Processing file /home/airflow/.local/lib/python3.12/site-packages/airflow/example_dags/example_xcomargs.py for tasks to queue
[2026-05-09T19:47:52.029+0000] {logging_mixin.py:188} INFO - [2026-05-09T19:47:52.029+0000] {dagbag.py:545} INFO - Filling up the DagBag from /home/airflow/.local/lib/python3.12/site-packages/airflow/example_dags/example_xcomargs.py
[2026-05-09T19:47:52.037+0000] {processor.py:840} INFO - DAG(s) 'example_xcom_args_with_operators', 'example_xcom_args' retrieved from /home/airflow/.local/lib/python3.12/site-packages/airflow/example_dags/example_xcomargs.py
[2026-05-09T19:47:52.060+0000] {logging_mixin.py:188} INFO - [2026-05-09T19:47:52.060+0000] {dag.py:3096} INFO - Sync 2 DAGs
[2026-05-09T19:47:52.073+0000] {logging_mixin.py:188} INFO - [2026-05-09T19:47:52.073+0000] {dag.py:3954} INFO - Setting next_dagrun for example_xcom_args to None, run_after=None
[2026-05-09T19:47:52.077+0000] {logging_mixin.py:188} INFO - [2026-05-09T19:47:52.077+0000] {dag.py:3954} INFO - Setting next_dagrun for example_xcom_args_with_operators to None, run_after=None
[2026-05-09T19:47:52.097+0000] {processor.py:183} INFO - Processing /home/airflow/.local/lib/python3.12/site-packages/airflow/example_dags/example_xcomargs.py took 0.077 seconds
[2026-05-09T19:48:22.420+0000] {processor.py:161} INFO - Started process (PID=6587) to work on /home/airflow/.local/lib/python3.12/site-packages/airflow/example_dags/example_xcomargs.py
[2026-05-09T19:48:22.421+0000] {processor.py:830} INFO - Processing file /home/airflow/.local/lib/python3.12/site-packages/airflow/example_dags/example_xcomargs.py for tasks to queue
[2026-05-09T19:48:22.425+0000] {logging_mixin.py:188} INFO - [2026-05-09T19:48:22.425+0000] {dagbag.py:545} INFO - Filling up the DagBag from /home/airflow/.local/lib/python3.12/site-packages/airflow/example_dags/example_xcomargs.py
[2026-05-09T19:48:22.434+0000] {processor.py:840} INFO - DAG(s) 'example_xcom_args_with_operators', 'example_xcom_args' retrieved from /home/airflow/.local/lib/python3.12/site-packages/airflow/example_dags/example_xcomargs.py
[2026-05-09T19:48:22.463+0000] {logging_mixin.py:188} INFO - [2026-05-09T19:48:22.463+0000] {dag.py:3096} INFO - Sync 2 DAGs
[2026-05-09T19:48:22.477+0000] {logging_mixin.py:188} INFO - [2026-05-09T19:48:22.477+0000] {dag.py:3954} INFO - Setting next_dagrun for example_xcom_args to None, run_after=None
[2026-05-09T19:48:22.482+0000] {logging_mixin.py:188} INFO - [2026-05-09T19:48:22.482+0000] {dag.py:3954} INFO - Setting next_dagrun for example_xcom_args_with_operators to None, run_after=None
[2026-05-09T19:48:22.509+0000] {processor.py:183} INFO - Processing /home/airflow/.local/lib/python3.12/site-packages/airflow/example_dags/example_xcomargs.py took 0.095 seconds
[2026-05-09T19:48:53.205+0000] {processor.py:161} INFO - Started process (PID=6646) to work on /home/airflow/.local/lib/python3.12/site-packages/airflow/example_dags/example_xcomargs.py
[2026-05-09T19:48:53.207+0000] {processor.py:830} INFO - Processing file /home/airflow/.local/lib/python3.12/site-packages/airflow/example_dags/example_xcomargs.py for tasks to queue
[2026-05-09T19:48:53.210+0000] {logging_mixin.py:188} INFO - [2026-05-09T19:48:53.209+0000] {dagbag.py:545} INFO - Filling up the DagBag from /home/airflow/.local/lib/python3.12/site-packages/airflow/example_dags/example_xcomargs.py
[2026-05-09T19:48:53.219+0000] {processor.py:840} INFO - DAG(s) 'example_xcom_args_with_operators', 'example_xcom_args' retrieved from /home/airflow/.local/lib/python3.12/site-packages/airflow/example_dags/example_xcomargs.py
[2026-05-09T19:48:53.247+0000] {logging_mixin.py:188} INFO - [2026-05-09T19:48:53.246+0000] {dag.py:3096} INFO - Sync 2 DAGs
[2026-05-09T19:48:53.261+0000] {logging_mixin.py:188} INFO - [2026-05-09T19:48:53.261+0000] {dag.py:3954} INFO - Setting next_dagrun for example_xcom_args to None, run_after=None
[2026-05-09T19:48:53.267+0000] {logging_mixin.py:188} INFO - [2026-05-09T19:48:53.266+0000] {dag.py:3954} INFO - Setting next_dagrun for example_xcom_args_with_operators to None, run_after=None
[2026-05-09T19:48:53.293+0000] {processor.py:183} INFO - Processing /home/airflow/.local/lib/python3.12/site-packages/airflow/example_dags/example_xcomargs.py took 0.095 seconds
[2026-05-09T19:49:23.518+0000] {processor.py:161} INFO - Started process (PID=6706) to work on /home/airflow/.local/lib/python3.12/site-packages/airflow/example_dags/example_xcomargs.py
[2026-05-09T19:49:23.519+0000] {processor.py:830} INFO - Processing file /home/airflow/.local/lib/python3.12/site-packages/airflow/example_dags/example_xcomargs.py for tasks to queue
[2026-05-09T19:49:23.521+0000] {logging_mixin.py:188} INFO - [2026-05-09T19:49:23.521+0000] {dagbag.py:545} INFO - Filling up the DagBag from /home/airflow/.local/lib/python3.12/site-packages/airflow/example_dags/example_xcomargs.py
[2026-05-09T19:49:23.530+0000] {processor.py:840} INFO - DAG(s) 'example_xcom_args_with_operators', 'example_xcom_args' retrieved from /home/airflow/.local/lib/python3.12/site-packages/airflow/example_dags/example_xcomargs.py
[2026-05-09T19:49:23.559+0000] {logging_mixin.py:188} INFO - [2026-05-09T19:49:23.558+0000] {dag.py:3096} INFO - Sync 2 DAGs
[2026-05-09T19:49:23.575+0000] {logging_mixin.py:188} INFO - [2026-05-09T19:49:23.574+0000] {dag.py:3954} INFO - Setting next_dagrun for example_xcom_args to None, run_after=None
[2026-05-09T19:49:23.581+0000] {logging_mixin.py:188} INFO - [2026-05-09T19:49:23.581+0000] {dag.py:3954} INFO - Setting next_dagrun for example_xcom_args_with_operators to None, run_after=None
[2026-05-09T19:49:23.630+0000] {processor.py:183} INFO - Processing /home/airflow/.local/lib/python3.12/site-packages/airflow/example_dags/example_xcomargs.py took 0.118 seconds
[2026-05-09T19:49:54.419+0000] {processor.py:161} INFO - Started process (PID=6765) to work on /home/airflow/.local/lib/python3.12/site-packages/airflow/example_dags/example_xcomargs.py
[2026-05-09T19:49:54.422+0000] {processor.py:830} INFO - Processing file /home/airflow/.local/lib/python3.12/site-packages/airflow/example_dags/example_xcomargs.py for tasks to queue
[2026-05-09T19:49:54.430+0000] {logging_mixin.py:188} INFO - [2026-05-09T19:49:54.429+0000] {dagbag.py:545} INFO - Filling up the DagBag from /home/airflow/.local/lib/python3.12/site-packages/airflow/example_dags/example_xcomargs.py
[2026-05-09T19:49:54.450+0000] {processor.py:840} INFO - DAG(s) 'example_xcom_args', 'example_xcom_args_with_operators' retrieved from /home/airflow/.local/lib/python3.12/site-packages/airflow/example_dags/example_xcomargs.py
[2026-05-09T19:49:54.501+0000] {logging_mixin.py:188} INFO - [2026-05-09T19:49:54.500+0000] {dag.py:3096} INFO - Sync 2 DAGs
[2026-05-09T19:49:54.527+0000] {logging_mixin.py:188} INFO - [2026-05-09T19:49:54.526+0000] {dag.py:3954} INFO - Setting next_dagrun for example_xcom_args to None, run_after=None
[2026-05-09T19:49:54.536+0000] {logging_mixin.py:188} INFO - [2026-05-09T19:49:54.535+0000] {dag.py:3954} INFO - Setting next_dagrun for example_xcom_args_with_operators to None, run_after=None
[2026-05-09T19:49:54.560+0000] {processor.py:183} INFO - Processing /home/airflow/.local/lib/python3.12/site-packages/airflow/example_dags/example_xcomargs.py took 0.154 seconds
[2026-05-09T19:50:24.903+0000] {processor.py:161} INFO - Started process (PID=6825) to work on /home/airflow/.local/lib/python3.12/site-packages/airflow/example_dags/example_xcomargs.py
[2026-05-09T19:50:24.904+0000] {processor.py:830} INFO - Processing file /home/airflow/.local/lib/python3.12/site-packages/airflow/example_dags/example_xcomargs.py for tasks to queue
[2026-05-09T19:50:24.907+0000] {logging_mixin.py:188} INFO - [2026-05-09T19:50:24.907+0000] {dagbag.py:545} INFO - Filling up the DagBag from /home/airflow/.local/lib/python3.12/site-packages/airflow/example_dags/example_xcomargs.py
[2026-05-09T19:50:24.917+0000] {processor.py:840} INFO - DAG(s) 'example_xcom_args_with_operators', 'example_xcom_args' retrieved from /home/airflow/.local/lib/python3.12/site-packages/airflow/example_dags/example_xcomargs.py
[2026-05-09T19:50:24.946+0000] {logging_mixin.py:188} INFO - [2026-05-09T19:50:24.945+0000] {dag.py:3096} INFO - Sync 2 DAGs
[2026-05-09T19:50:24.960+0000] {logging_mixin.py:188} INFO - [2026-05-09T19:50:24.960+0000] {dag.py:3954} INFO - Setting next_dagrun for example_xcom_args to None, run_after=None
[2026-05-09T19:50:24.966+0000] {logging_mixin.py:188} INFO - [2026-05-09T19:50:24.966+0000] {dag.py:3954} INFO - Setting next_dagrun for example_xcom_args_with_operators to None, run_after=None
[2026-05-09T19:50:24.990+0000] {processor.py:183} INFO - Processing /home/airflow/.local/lib/python3.12/site-packages/airflow/example_dags/example_xcomargs.py took 0.093 seconds
[2026-05-09T19:50:55.437+0000] {processor.py:161} INFO - Started process (PID=6884) to work on /home/airflow/.local/lib/python3.12/site-packages/airflow/example_dags/example_xcomargs.py
[2026-05-09T19:50:55.438+0000] {processor.py:830} INFO - Processing file /home/airflow/.local/lib/python3.12/site-packages/airflow/example_dags/example_xcomargs.py for tasks to queue
[2026-05-09T19:50:55.441+0000] {logging_mixin.py:188} INFO - [2026-05-09T19:50:55.441+0000] {dagbag.py:545} INFO - Filling up the DagBag from /home/airflow/.local/lib/python3.12/site-packages/airflow/example_dags/example_xcomargs.py
[2026-05-09T19:50:55.452+0000] {processor.py:840} INFO - DAG(s) 'example_xcom_args', 'example_xcom_args_with_operators' retrieved from /home/airflow/.local/lib/python3.12/site-packages/airflow/example_dags/example_xcomargs.py
[2026-05-09T19:50:55.488+0000] {logging_mixin.py:188} INFO - [2026-05-09T19:50:55.488+0000] {dag.py:3096} INFO - Sync 2 DAGs
[2026-05-09T19:50:55.513+0000] {logging_mixin.py:188} INFO - [2026-05-09T19:50:55.512+0000] {dag.py:3954} INFO - Setting next_dagrun for example_xcom_args to None, run_after=None
[2026-05-09T19:50:55.520+0000] {logging_mixin.py:188} INFO - [2026-05-09T19:50:55.519+0000] {dag.py:3954} INFO - Setting next_dagrun for example_xcom_args_with_operators to None, run_after=None
[2026-05-09T19:50:55.553+0000] {processor.py:183} INFO - Processing /home/airflow/.local/lib/python3.12/site-packages/airflow/example_dags/example_xcomargs.py took 0.124 seconds
[2026-05-09T19:51:25.640+0000] {processor.py:161} INFO - Started process (PID=6943) to work on /home/airflow/.local/lib/python3.12/site-packages/airflow/example_dags/example_xcomargs.py
[2026-05-09T19:51:25.643+0000] {processor.py:830} INFO - Processing file /home/airflow/.local/lib/python3.12/site-packages/airflow/example_dags/example_xcomargs.py for tasks to queue
[2026-05-09T19:51:25.645+0000] {logging_mixin.py:188} INFO - [2026-05-09T19:51:25.645+0000] {dagbag.py:545} INFO - Filling up the DagBag from /home/airflow/.local/lib/python3.12/site-packages/airflow/example_dags/example_xcomargs.py
[2026-05-09T19:51:25.656+0000] {processor.py:840} INFO - DAG(s) 'example_xcom_args_with_operators', 'example_xcom_args' retrieved from /home/airflow/.local/lib/python3.12/site-packages/airflow/example_dags/example_xcomargs.py
[2026-05-09T19:51:25.687+0000] {logging_mixin.py:188} INFO - [2026-05-09T19:51:25.686+0000] {dag.py:3096} INFO - Sync 2 DAGs
[2026-05-09T19:51:25.701+0000] {logging_mixin.py:188} INFO - [2026-05-09T19:51:25.700+0000] {dag.py:3954} INFO - Setting next_dagrun for example_xcom_args to None, run_after=None
[2026-05-09T19:51:25.705+0000] {logging_mixin.py:188} INFO - [2026-05-09T19:51:25.705+0000] {dag.py:3954} INFO - Setting next_dagrun for example_xcom_args_with_operators to None, run_after=None
[2026-05-09T19:51:25.730+0000] {processor.py:183} INFO - Processing /home/airflow/.local/lib/python3.12/site-packages/airflow/example_dags/example_xcomargs.py took 0.096 seconds
[2026-05-09T19:51:55.956+0000] {processor.py:161} INFO - Started process (PID=7002) to work on /home/airflow/.local/lib/python3.12/site-packages/airflow/example_dags/example_xcomargs.py
[2026-05-09T19:51:55.958+0000] {processor.py:830} INFO - Processing file /home/airflow/.local/lib/python3.12/site-packages/airflow/example_dags/example_xcomargs.py for tasks to queue
[2026-05-09T19:51:55.960+0000] {logging_mixin.py:188} INFO - [2026-05-09T19:51:55.959+0000] {dagbag.py:545} INFO - Filling up the DagBag from /home/airflow/.local/lib/python3.12/site-packages/airflow/example_dags/example_xcomargs.py
[2026-05-09T19:51:55.968+0000] {processor.py:840} INFO - DAG(s) 'example_xcom_args_with_operators', 'example_xcom_args' retrieved from /home/airflow/.local/lib/python3.12/site-packages/airflow/example_dags/example_xcomargs.py
[2026-05-09T19:51:55.991+0000] {logging_mixin.py:188} INFO - [2026-05-09T19:51:55.991+0000] {dag.py:3096} INFO - Sync 2 DAGs
[2026-05-09T19:51:56.007+0000] {logging_mixin.py:188} INFO - [2026-05-09T19:51:56.006+0000] {dag.py:3954} INFO - Setting next_dagrun for example_xcom_args to None, run_after=None
[2026-05-09T19:51:56.011+0000] {logging_mixin.py:188} INFO - [2026-05-09T19:51:56.011+0000] {dag.py:3954} INFO - Setting next_dagrun for example_xcom_args_with_operators to None, run_after=None
[2026-05-09T19:51:56.032+0000] {processor.py:183} INFO - Processing /home/airflow/.local/lib/python3.12/site-packages/airflow/example_dags/example_xcomargs.py took 0.080 seconds
[2026-05-09T19:52:26.362+0000] {processor.py:161} INFO - Started process (PID=7061) to work on /home/airflow/.local/lib/python3.12/site-packages/airflow/example_dags/example_xcomargs.py
[2026-05-09T19:52:26.363+0000] {processor.py:830} INFO - Processing file /home/airflow/.local/lib/python3.12/site-packages/airflow/example_dags/example_xcomargs.py for tasks to queue
[2026-05-09T19:52:26.366+0000] {logging_mixin.py:188} INFO - [2026-05-09T19:52:26.365+0000] {dagbag.py:545} INFO - Filling up the DagBag from /home/airflow/.local/lib/python3.12/site-packages/airflow/example_dags/example_xcomargs.py
[2026-05-09T19:52:26.373+0000] {processor.py:840} INFO - DAG(s) 'example_xcom_args_with_operators', 'example_xcom_args' retrieved from /home/airflow/.local/lib/python3.12/site-packages/airflow/example_dags/example_xcomargs.py
[2026-05-09T19:52:26.399+0000] {logging_mixin.py:188} INFO - [2026-05-09T19:52:26.399+0000] {dag.py:3096} INFO - Sync 2 DAGs
[2026-05-09T19:52:26.413+0000] {logging_mixin.py:188} INFO - [2026-05-09T19:52:26.413+0000] {dag.py:3954} INFO - Setting next_dagrun for example_xcom_args to None, run_after=None
[2026-05-09T19:52:26.418+0000] {logging_mixin.py:188} INFO - [2026-05-09T19:52:26.418+0000] {dag.py:3954} INFO - Setting next_dagrun for example_xcom_args_with_operators to None, run_after=None
[2026-05-09T19:52:26.439+0000] {processor.py:183} INFO - Processing /home/airflow/.local/lib/python3.12/site-packages/airflow/example_dags/example_xcomargs.py took 0.083 seconds
[2026-05-09T19:52:57.125+0000] {processor.py:161} INFO - Started process (PID=7120) to work on /home/airflow/.local/lib/python3.12/site-packages/airflow/example_dags/example_xcomargs.py
[2026-05-09T19:52:57.126+0000] {processor.py:830} INFO - Processing file /home/airflow/.local/lib/python3.12/site-packages/airflow/example_dags/example_xcomargs.py for tasks to queue
[2026-05-09T19:52:57.128+0000] {logging_mixin.py:188} INFO - [2026-05-09T19:52:57.128+0000] {dagbag.py:545} INFO - Filling up the DagBag from /home/airflow/.local/lib/python3.12/site-packages/airflow/example_dags/example_xcomargs.py
[2026-05-09T19:52:57.136+0000] {processor.py:840} INFO - DAG(s) 'example_xcom_args_with_operators', 'example_xcom_args' retrieved from /home/airflow/.local/lib/python3.12/site-packages/airflow/example_dags/example_xcomargs.py
[2026-05-09T19:52:57.161+0000] {logging_mixin.py:188} INFO - [2026-05-09T19:52:57.160+0000] {dag.py:3096} INFO - Sync 2 DAGs
[2026-05-09T19:52:57.174+0000] {logging_mixin.py:188} INFO - [2026-05-09T19:52:57.173+0000] {dag.py:3954} INFO - Setting next_dagrun for example_xcom_args to None, run_after=None
[2026-05-09T19:52:57.178+0000] {logging_mixin.py:188} INFO - [2026-05-09T19:52:57.178+0000] {dag.py:3954} INFO - Setting next_dagrun for example_xcom_args_with_operators to None, run_after=None
[2026-05-09T19:52:57.200+0000] {processor.py:183} INFO - Processing /home/airflow/.local/lib/python3.12/site-packages/airflow/example_dags/example_xcomargs.py took 0.080 seconds
[2026-05-09T19:53:28.122+0000] {processor.py:161} INFO - Started process (PID=7179) to work on /home/airflow/.local/lib/python3.12/site-packages/airflow/example_dags/example_xcomargs.py
[2026-05-09T19:53:28.123+0000] {processor.py:830} INFO - Processing file /home/airflow/.local/lib/python3.12/site-packages/airflow/example_dags/example_xcomargs.py for tasks to queue
[2026-05-09T19:53:28.126+0000] {logging_mixin.py:188} INFO - [2026-05-09T19:53:28.125+0000] {dagbag.py:545} INFO - Filling up the DagBag from /home/airflow/.local/lib/python3.12/site-packages/airflow/example_dags/example_xcomargs.py
[2026-05-09T19:53:28.134+0000] {processor.py:840} INFO - DAG(s) 'example_xcom_args_with_operators', 'example_xcom_args' retrieved from /home/airflow/.local/lib/python3.12/site-packages/airflow/example_dags/example_xcomargs.py
[2026-05-09T19:53:28.160+0000] {logging_mixin.py:188} INFO - [2026-05-09T19:53:28.160+0000] {dag.py:3096} INFO - Sync 2 DAGs
[2026-05-09T19:53:28.178+0000] {logging_mixin.py:188} INFO - [2026-05-09T19:53:28.177+0000] {dag.py:3954} INFO - Setting next_dagrun for example_xcom_args to None, run_after=None
[2026-05-09T19:53:28.182+0000] {logging_mixin.py:188} INFO - [2026-05-09T19:53:28.182+0000] {dag.py:3954} INFO - Setting next_dagrun for example_xcom_args_with_operators to None, run_after=None
[2026-05-09T19:53:28.203+0000] {processor.py:183} INFO - Processing /home/airflow/.local/lib/python3.12/site-packages/airflow/example_dags/example_xcomargs.py took 0.086 seconds
[2026-05-09T19:53:58.453+0000] {processor.py:161} INFO - Started process (PID=7238) to work on /home/airflow/.local/lib/python3.12/site-packages/airflow/example_dags/example_xcomargs.py
[2026-05-09T19:53:58.454+0000] {processor.py:830} INFO - Processing file /home/airflow/.local/lib/python3.12/site-packages/airflow/example_dags/example_xcomargs.py for tasks to queue
[2026-05-09T19:53:58.456+0000] {logging_mixin.py:188} INFO - [2026-05-09T19:53:58.456+0000] {dagbag.py:545} INFO - Filling up the DagBag from /home/airflow/.local/lib/python3.12/site-packages/airflow/example_dags/example_xcomargs.py
[2026-05-09T19:53:58.466+0000] {processor.py:840} INFO - DAG(s) 'example_xcom_args', 'example_xcom_args_with_operators' retrieved from /home/airflow/.local/lib/python3.12/site-packages/airflow/example_dags/example_xcomargs.py
[2026-05-09T19:53:58.492+0000] {logging_mixin.py:188} INFO - [2026-05-09T19:53:58.492+0000] {dag.py:3096} INFO - Sync 2 DAGs
[2026-05-09T19:53:58.506+0000] {logging_mixin.py:188} INFO - [2026-05-09T19:53:58.506+0000] {dag.py:3954} INFO - Setting next_dagrun for example_xcom_args to None, run_after=None
[2026-05-09T19:53:58.511+0000] {logging_mixin.py:188} INFO - [2026-05-09T19:53:58.510+0000] {dag.py:3954} INFO - Setting next_dagrun for example_xcom_args_with_operators to None, run_after=None
[2026-05-09T19:53:58.537+0000] {processor.py:183} INFO - Processing /home/airflow/.local/lib/python3.12/site-packages/airflow/example_dags/example_xcomargs.py took 0.090 seconds
[2026-05-09T19:54:29.282+0000] {processor.py:161} INFO - Started process (PID=7297) to work on /home/airflow/.local/lib/python3.12/site-packages/airflow/example_dags/example_xcomargs.py
[2026-05-09T19:54:29.283+0000] {processor.py:830} INFO - Processing file /home/airflow/.local/lib/python3.12/site-packages/airflow/example_dags/example_xcomargs.py for tasks to queue
[2026-05-09T19:54:29.285+0000] {logging_mixin.py:188} INFO - [2026-05-09T19:54:29.285+0000] {dagbag.py:545} INFO - Filling up the DagBag from /home/airflow/.local/lib/python3.12/site-packages/airflow/example_dags/example_xcomargs.py
[2026-05-09T19:54:29.293+0000] {processor.py:840} INFO - DAG(s) 'example_xcom_args', 'example_xcom_args_with_operators' retrieved from /home/airflow/.local/lib/python3.12/site-packages/airflow/example_dags/example_xcomargs.py
[2026-05-09T19:54:29.318+0000] {logging_mixin.py:188} INFO - [2026-05-09T19:54:29.318+0000] {dag.py:3096} INFO - Sync 2 DAGs
[2026-05-09T19:54:29.331+0000] {logging_mixin.py:188} INFO - [2026-05-09T19:54:29.331+0000] {dag.py:3954} INFO - Setting next_dagrun for example_xcom_args to None, run_after=None
[2026-05-09T19:54:29.336+0000] {logging_mixin.py:188} INFO - [2026-05-09T19:54:29.335+0000] {dag.py:3954} INFO - Setting next_dagrun for example_xcom_args_with_operators to None, run_after=None
[2026-05-09T19:54:29.358+0000] {processor.py:183} INFO - Processing /home/airflow/.local/lib/python3.12/site-packages/airflow/example_dags/example_xcomargs.py took 0.082 seconds
