[2026-05-09T18:42:20.352+0000] {processor.py:161} INFO - Started process (PID=108) to work on /home/airflow/.local/lib/python3.12/site-packages/airflow/example_dags/example_branch_operator.py
[2026-05-09T18:42:20.353+0000] {processor.py:830} INFO - Processing file /home/airflow/.local/lib/python3.12/site-packages/airflow/example_dags/example_branch_operator.py for tasks to queue
[2026-05-09T18:42:20.356+0000] {logging_mixin.py:188} INFO - [2026-05-09T18:42:20.355+0000] {dagbag.py:545} INFO - Filling up the DagBag from /home/airflow/.local/lib/python3.12/site-packages/airflow/example_dags/example_branch_operator.py
[2026-05-09T18:42:20.377+0000] {processor.py:840} INFO - DAG(s) 'example_branch_operator' retrieved from /home/airflow/.local/lib/python3.12/site-packages/airflow/example_dags/example_branch_operator.py
[2026-05-09T18:42:20.493+0000] {logging_mixin.py:188} INFO - [2026-05-09T18:42:20.493+0000] {dag.py:3096} INFO - Sync 1 DAGs
[2026-05-09T18:42:20.515+0000] {logging_mixin.py:188} INFO - [2026-05-09T18:42:20.515+0000] {dag.py:3954} INFO - Setting next_dagrun for example_branch_operator to 2026-05-08 00:00:00+00:00, run_after=2026-05-09 00:00:00+00:00
[2026-05-09T18:42:20.551+0000] {processor.py:183} INFO - Processing /home/airflow/.local/lib/python3.12/site-packages/airflow/example_dags/example_branch_operator.py took 0.204 seconds
[2026-05-09T18:42:50.859+0000] {processor.py:161} INFO - Started process (PID=166) to work on /home/airflow/.local/lib/python3.12/site-packages/airflow/example_dags/example_branch_operator.py
[2026-05-09T18:42:50.860+0000] {processor.py:830} INFO - Processing file /home/airflow/.local/lib/python3.12/site-packages/airflow/example_dags/example_branch_operator.py for tasks to queue
[2026-05-09T18:42:50.864+0000] {logging_mixin.py:188} INFO - [2026-05-09T18:42:50.863+0000] {dagbag.py:545} INFO - Filling up the DagBag from /home/airflow/.local/lib/python3.12/site-packages/airflow/example_dags/example_branch_operator.py
[2026-05-09T18:42:50.885+0000] {processor.py:840} INFO - DAG(s) 'example_branch_operator' retrieved from /home/airflow/.local/lib/python3.12/site-packages/airflow/example_dags/example_branch_operator.py
[2026-05-09T18:42:50.924+0000] {logging_mixin.py:188} INFO - [2026-05-09T18:42:50.924+0000] {dag.py:3096} INFO - Sync 1 DAGs
[2026-05-09T18:42:50.961+0000] {logging_mixin.py:188} INFO - [2026-05-09T18:42:50.960+0000] {dag.py:3954} INFO - Setting next_dagrun for example_branch_operator to 2026-05-08 00:00:00+00:00, run_after=2026-05-09 00:00:00+00:00
[2026-05-09T18:42:50.998+0000] {processor.py:183} INFO - Processing /home/airflow/.local/lib/python3.12/site-packages/airflow/example_dags/example_branch_operator.py took 0.146 seconds
[2026-05-09T18:43:23.699+0000] {processor.py:161} INFO - Started process (PID=224) to work on /home/airflow/.local/lib/python3.12/site-packages/airflow/example_dags/example_branch_operator.py
[2026-05-09T18:43:23.701+0000] {processor.py:830} INFO - Processing file /home/airflow/.local/lib/python3.12/site-packages/airflow/example_dags/example_branch_operator.py for tasks to queue
[2026-05-09T18:43:23.703+0000] {logging_mixin.py:188} INFO - [2026-05-09T18:43:23.702+0000] {dagbag.py:545} INFO - Filling up the DagBag from /home/airflow/.local/lib/python3.12/site-packages/airflow/example_dags/example_branch_operator.py
[2026-05-09T18:43:23.722+0000] {processor.py:840} INFO - DAG(s) 'example_branch_operator' retrieved from /home/airflow/.local/lib/python3.12/site-packages/airflow/example_dags/example_branch_operator.py
[2026-05-09T18:43:23.756+0000] {logging_mixin.py:188} INFO - [2026-05-09T18:43:23.756+0000] {dag.py:3096} INFO - Sync 1 DAGs
[2026-05-09T18:43:23.782+0000] {logging_mixin.py:188} INFO - [2026-05-09T18:43:23.782+0000] {dag.py:3954} INFO - Setting next_dagrun for example_branch_operator to 2026-05-08 00:00:00+00:00, run_after=2026-05-09 00:00:00+00:00
[2026-05-09T18:43:23.813+0000] {processor.py:183} INFO - Processing /home/airflow/.local/lib/python3.12/site-packages/airflow/example_dags/example_branch_operator.py took 0.121 seconds
[2026-05-09T18:43:56.785+0000] {processor.py:161} INFO - Started process (PID=282) to work on /home/airflow/.local/lib/python3.12/site-packages/airflow/example_dags/example_branch_operator.py
[2026-05-09T18:43:56.787+0000] {processor.py:830} INFO - Processing file /home/airflow/.local/lib/python3.12/site-packages/airflow/example_dags/example_branch_operator.py for tasks to queue
[2026-05-09T18:43:56.789+0000] {logging_mixin.py:188} INFO - [2026-05-09T18:43:56.789+0000] {dagbag.py:545} INFO - Filling up the DagBag from /home/airflow/.local/lib/python3.12/site-packages/airflow/example_dags/example_branch_operator.py
[2026-05-09T18:43:56.807+0000] {processor.py:840} INFO - DAG(s) 'example_branch_operator' retrieved from /home/airflow/.local/lib/python3.12/site-packages/airflow/example_dags/example_branch_operator.py
[2026-05-09T18:43:56.840+0000] {logging_mixin.py:188} INFO - [2026-05-09T18:43:56.840+0000] {dag.py:3096} INFO - Sync 1 DAGs
[2026-05-09T18:43:56.873+0000] {logging_mixin.py:188} INFO - [2026-05-09T18:43:56.872+0000] {dag.py:3954} INFO - Setting next_dagrun for example_branch_operator to 2026-05-08 00:00:00+00:00, run_after=2026-05-09 00:00:00+00:00
[2026-05-09T18:43:56.903+0000] {processor.py:183} INFO - Processing /home/airflow/.local/lib/python3.12/site-packages/airflow/example_dags/example_branch_operator.py took 0.124 seconds
[2026-05-09T18:44:27.416+0000] {processor.py:161} INFO - Started process (PID=340) to work on /home/airflow/.local/lib/python3.12/site-packages/airflow/example_dags/example_branch_operator.py
[2026-05-09T18:44:27.417+0000] {processor.py:830} INFO - Processing file /home/airflow/.local/lib/python3.12/site-packages/airflow/example_dags/example_branch_operator.py for tasks to queue
[2026-05-09T18:44:27.419+0000] {logging_mixin.py:188} INFO - [2026-05-09T18:44:27.419+0000] {dagbag.py:545} INFO - Filling up the DagBag from /home/airflow/.local/lib/python3.12/site-packages/airflow/example_dags/example_branch_operator.py
[2026-05-09T18:44:27.435+0000] {processor.py:840} INFO - DAG(s) 'example_branch_operator' retrieved from /home/airflow/.local/lib/python3.12/site-packages/airflow/example_dags/example_branch_operator.py
[2026-05-09T18:44:27.465+0000] {logging_mixin.py:188} INFO - [2026-05-09T18:44:27.464+0000] {dag.py:3096} INFO - Sync 1 DAGs
[2026-05-09T18:44:27.490+0000] {logging_mixin.py:188} INFO - [2026-05-09T18:44:27.490+0000] {dag.py:3954} INFO - Setting next_dagrun for example_branch_operator to 2026-05-08 00:00:00+00:00, run_after=2026-05-09 00:00:00+00:00
[2026-05-09T18:44:27.518+0000] {processor.py:183} INFO - Processing /home/airflow/.local/lib/python3.12/site-packages/airflow/example_dags/example_branch_operator.py took 0.108 seconds
[2026-05-09T18:44:58.181+0000] {processor.py:161} INFO - Started process (PID=398) to work on /home/airflow/.local/lib/python3.12/site-packages/airflow/example_dags/example_branch_operator.py
[2026-05-09T18:44:58.182+0000] {processor.py:830} INFO - Processing file /home/airflow/.local/lib/python3.12/site-packages/airflow/example_dags/example_branch_operator.py for tasks to queue
[2026-05-09T18:44:58.186+0000] {logging_mixin.py:188} INFO - [2026-05-09T18:44:58.185+0000] {dagbag.py:545} INFO - Filling up the DagBag from /home/airflow/.local/lib/python3.12/site-packages/airflow/example_dags/example_branch_operator.py
[2026-05-09T18:44:58.203+0000] {processor.py:840} INFO - DAG(s) 'example_branch_operator' retrieved from /home/airflow/.local/lib/python3.12/site-packages/airflow/example_dags/example_branch_operator.py
[2026-05-09T18:44:58.237+0000] {logging_mixin.py:188} INFO - [2026-05-09T18:44:58.236+0000] {dag.py:3096} INFO - Sync 1 DAGs
[2026-05-09T18:44:58.263+0000] {logging_mixin.py:188} INFO - [2026-05-09T18:44:58.263+0000] {dag.py:3954} INFO - Setting next_dagrun for example_branch_operator to 2026-05-08 00:00:00+00:00, run_after=2026-05-09 00:00:00+00:00
[2026-05-09T18:44:58.290+0000] {processor.py:183} INFO - Processing /home/airflow/.local/lib/python3.12/site-packages/airflow/example_dags/example_branch_operator.py took 0.115 seconds
[2026-05-09T18:45:28.982+0000] {processor.py:161} INFO - Started process (PID=456) to work on /home/airflow/.local/lib/python3.12/site-packages/airflow/example_dags/example_branch_operator.py
[2026-05-09T18:45:28.984+0000] {processor.py:830} INFO - Processing file /home/airflow/.local/lib/python3.12/site-packages/airflow/example_dags/example_branch_operator.py for tasks to queue
[2026-05-09T18:45:28.985+0000] {logging_mixin.py:188} INFO - [2026-05-09T18:45:28.985+0000] {dagbag.py:545} INFO - Filling up the DagBag from /home/airflow/.local/lib/python3.12/site-packages/airflow/example_dags/example_branch_operator.py
[2026-05-09T18:45:29.001+0000] {processor.py:840} INFO - DAG(s) 'example_branch_operator' retrieved from /home/airflow/.local/lib/python3.12/site-packages/airflow/example_dags/example_branch_operator.py
[2026-05-09T18:45:29.033+0000] {logging_mixin.py:188} INFO - [2026-05-09T18:45:29.032+0000] {dag.py:3096} INFO - Sync 1 DAGs
[2026-05-09T18:45:29.059+0000] {logging_mixin.py:188} INFO - [2026-05-09T18:45:29.058+0000] {dag.py:3954} INFO - Setting next_dagrun for example_branch_operator to 2026-05-08 00:00:00+00:00, run_after=2026-05-09 00:00:00+00:00
[2026-05-09T18:45:29.095+0000] {processor.py:183} INFO - Processing /home/airflow/.local/lib/python3.12/site-packages/airflow/example_dags/example_branch_operator.py took 0.118 seconds
[2026-05-09T18:45:59.748+0000] {processor.py:161} INFO - Started process (PID=514) to work on /home/airflow/.local/lib/python3.12/site-packages/airflow/example_dags/example_branch_operator.py
[2026-05-09T18:45:59.749+0000] {processor.py:830} INFO - Processing file /home/airflow/.local/lib/python3.12/site-packages/airflow/example_dags/example_branch_operator.py for tasks to queue
[2026-05-09T18:45:59.751+0000] {logging_mixin.py:188} INFO - [2026-05-09T18:45:59.751+0000] {dagbag.py:545} INFO - Filling up the DagBag from /home/airflow/.local/lib/python3.12/site-packages/airflow/example_dags/example_branch_operator.py
[2026-05-09T18:45:59.766+0000] {processor.py:840} INFO - DAG(s) 'example_branch_operator' retrieved from /home/airflow/.local/lib/python3.12/site-packages/airflow/example_dags/example_branch_operator.py
[2026-05-09T18:45:59.794+0000] {logging_mixin.py:188} INFO - [2026-05-09T18:45:59.794+0000] {dag.py:3096} INFO - Sync 1 DAGs
[2026-05-09T18:45:59.817+0000] {logging_mixin.py:188} INFO - [2026-05-09T18:45:59.817+0000] {dag.py:3954} INFO - Setting next_dagrun for example_branch_operator to 2026-05-08 00:00:00+00:00, run_after=2026-05-09 00:00:00+00:00
[2026-05-09T18:45:59.839+0000] {processor.py:183} INFO - Processing /home/airflow/.local/lib/python3.12/site-packages/airflow/example_dags/example_branch_operator.py took 0.096 seconds
[2026-05-09T18:46:31.313+0000] {processor.py:161} INFO - Started process (PID=572) to work on /home/airflow/.local/lib/python3.12/site-packages/airflow/example_dags/example_branch_operator.py
[2026-05-09T18:46:31.314+0000] {processor.py:830} INFO - Processing file /home/airflow/.local/lib/python3.12/site-packages/airflow/example_dags/example_branch_operator.py for tasks to queue
[2026-05-09T18:46:31.317+0000] {logging_mixin.py:188} INFO - [2026-05-09T18:46:31.316+0000] {dagbag.py:545} INFO - Filling up the DagBag from /home/airflow/.local/lib/python3.12/site-packages/airflow/example_dags/example_branch_operator.py
[2026-05-09T18:46:31.337+0000] {processor.py:840} INFO - DAG(s) 'example_branch_operator' retrieved from /home/airflow/.local/lib/python3.12/site-packages/airflow/example_dags/example_branch_operator.py
[2026-05-09T18:46:31.375+0000] {logging_mixin.py:188} INFO - [2026-05-09T18:46:31.375+0000] {dag.py:3096} INFO - Sync 1 DAGs
[2026-05-09T18:46:31.408+0000] {logging_mixin.py:188} INFO - [2026-05-09T18:46:31.408+0000] {dag.py:3954} INFO - Setting next_dagrun for example_branch_operator to 2026-05-08 00:00:00+00:00, run_after=2026-05-09 00:00:00+00:00
[2026-05-09T18:46:31.437+0000] {processor.py:183} INFO - Processing /home/airflow/.local/lib/python3.12/site-packages/airflow/example_dags/example_branch_operator.py took 0.131 seconds
[2026-05-09T18:51:09.180+0000] {processor.py:161} INFO - Started process (PID=121) to work on /home/airflow/.local/lib/python3.12/site-packages/airflow/example_dags/example_branch_operator.py
[2026-05-09T18:51:09.182+0000] {processor.py:830} INFO - Processing file /home/airflow/.local/lib/python3.12/site-packages/airflow/example_dags/example_branch_operator.py for tasks to queue
[2026-05-09T18:51:09.185+0000] {logging_mixin.py:188} INFO - [2026-05-09T18:51:09.185+0000] {dagbag.py:545} INFO - Filling up the DagBag from /home/airflow/.local/lib/python3.12/site-packages/airflow/example_dags/example_branch_operator.py
[2026-05-09T18:51:09.205+0000] {processor.py:840} INFO - DAG(s) 'example_branch_operator' retrieved from /home/airflow/.local/lib/python3.12/site-packages/airflow/example_dags/example_branch_operator.py
[2026-05-09T18:51:09.380+0000] {logging_mixin.py:188} INFO - [2026-05-09T18:51:09.380+0000] {dag.py:3096} INFO - Sync 1 DAGs
[2026-05-09T18:51:09.407+0000] {logging_mixin.py:188} INFO - [2026-05-09T18:51:09.406+0000] {dag.py:3954} INFO - Setting next_dagrun for example_branch_operator to 2026-05-08 00:00:00+00:00, run_after=2026-05-09 00:00:00+00:00
[2026-05-09T18:51:09.444+0000] {processor.py:183} INFO - Processing /home/airflow/.local/lib/python3.12/site-packages/airflow/example_dags/example_branch_operator.py took 0.272 seconds
[2026-05-09T18:51:53.976+0000] {processor.py:161} INFO - Started process (PID=96) to work on /home/airflow/.local/lib/python3.12/site-packages/airflow/example_dags/example_branch_operator.py
[2026-05-09T18:51:53.978+0000] {processor.py:830} INFO - Processing file /home/airflow/.local/lib/python3.12/site-packages/airflow/example_dags/example_branch_operator.py for tasks to queue
[2026-05-09T18:51:53.979+0000] {logging_mixin.py:188} INFO - [2026-05-09T18:51:53.979+0000] {dagbag.py:545} INFO - Filling up the DagBag from /home/airflow/.local/lib/python3.12/site-packages/airflow/example_dags/example_branch_operator.py
[2026-05-09T18:51:53.995+0000] {processor.py:840} INFO - DAG(s) 'example_branch_operator' retrieved from /home/airflow/.local/lib/python3.12/site-packages/airflow/example_dags/example_branch_operator.py
[2026-05-09T18:51:54.107+0000] {logging_mixin.py:188} INFO - [2026-05-09T18:51:54.107+0000] {dag.py:3096} INFO - Sync 1 DAGs
[2026-05-09T18:51:54.127+0000] {logging_mixin.py:188} INFO - [2026-05-09T18:51:54.126+0000] {dag.py:3954} INFO - Setting next_dagrun for example_branch_operator to 2026-05-08 00:00:00+00:00, run_after=2026-05-09 00:00:00+00:00
[2026-05-09T18:51:54.151+0000] {processor.py:183} INFO - Processing /home/airflow/.local/lib/python3.12/site-packages/airflow/example_dags/example_branch_operator.py took 0.180 seconds
[2026-05-09T18:52:24.448+0000] {processor.py:161} INFO - Started process (PID=154) to work on /home/airflow/.local/lib/python3.12/site-packages/airflow/example_dags/example_branch_operator.py
[2026-05-09T18:52:24.449+0000] {processor.py:830} INFO - Processing file /home/airflow/.local/lib/python3.12/site-packages/airflow/example_dags/example_branch_operator.py for tasks to queue
[2026-05-09T18:52:24.451+0000] {logging_mixin.py:188} INFO - [2026-05-09T18:52:24.451+0000] {dagbag.py:545} INFO - Filling up the DagBag from /home/airflow/.local/lib/python3.12/site-packages/airflow/example_dags/example_branch_operator.py
[2026-05-09T18:52:24.466+0000] {processor.py:840} INFO - DAG(s) 'example_branch_operator' retrieved from /home/airflow/.local/lib/python3.12/site-packages/airflow/example_dags/example_branch_operator.py
[2026-05-09T18:52:24.495+0000] {logging_mixin.py:188} INFO - [2026-05-09T18:52:24.495+0000] {dag.py:3096} INFO - Sync 1 DAGs
[2026-05-09T18:52:24.518+0000] {logging_mixin.py:188} INFO - [2026-05-09T18:52:24.518+0000] {dag.py:3954} INFO - Setting next_dagrun for example_branch_operator to 2026-05-08 00:00:00+00:00, run_after=2026-05-09 00:00:00+00:00
[2026-05-09T18:52:24.543+0000] {processor.py:183} INFO - Processing /home/airflow/.local/lib/python3.12/site-packages/airflow/example_dags/example_branch_operator.py took 0.100 seconds
[2026-05-09T18:53:00.917+0000] {processor.py:161} INFO - Started process (PID=212) to work on /home/airflow/.local/lib/python3.12/site-packages/airflow/example_dags/example_branch_operator.py
[2026-05-09T18:53:00.918+0000] {processor.py:830} INFO - Processing file /home/airflow/.local/lib/python3.12/site-packages/airflow/example_dags/example_branch_operator.py for tasks to queue
[2026-05-09T18:53:00.920+0000] {logging_mixin.py:188} INFO - [2026-05-09T18:53:00.920+0000] {dagbag.py:545} INFO - Filling up the DagBag from /home/airflow/.local/lib/python3.12/site-packages/airflow/example_dags/example_branch_operator.py
[2026-05-09T18:53:00.936+0000] {processor.py:840} INFO - DAG(s) 'example_branch_operator' retrieved from /home/airflow/.local/lib/python3.12/site-packages/airflow/example_dags/example_branch_operator.py
[2026-05-09T18:53:00.969+0000] {logging_mixin.py:188} INFO - [2026-05-09T18:53:00.968+0000] {dag.py:3096} INFO - Sync 1 DAGs
[2026-05-09T18:53:00.996+0000] {logging_mixin.py:188} INFO - [2026-05-09T18:53:00.996+0000] {dag.py:3954} INFO - Setting next_dagrun for example_branch_operator to 2026-05-08 00:00:00+00:00, run_after=2026-05-09 00:00:00+00:00
[2026-05-09T18:53:01.029+0000] {processor.py:183} INFO - Processing /home/airflow/.local/lib/python3.12/site-packages/airflow/example_dags/example_branch_operator.py took 0.118 seconds
[2026-05-09T18:53:31.208+0000] {processor.py:161} INFO - Started process (PID=270) to work on /home/airflow/.local/lib/python3.12/site-packages/airflow/example_dags/example_branch_operator.py
[2026-05-09T18:53:31.210+0000] {processor.py:830} INFO - Processing file /home/airflow/.local/lib/python3.12/site-packages/airflow/example_dags/example_branch_operator.py for tasks to queue
[2026-05-09T18:53:31.213+0000] {logging_mixin.py:188} INFO - [2026-05-09T18:53:31.212+0000] {dagbag.py:545} INFO - Filling up the DagBag from /home/airflow/.local/lib/python3.12/site-packages/airflow/example_dags/example_branch_operator.py
[2026-05-09T18:53:31.235+0000] {processor.py:840} INFO - DAG(s) 'example_branch_operator' retrieved from /home/airflow/.local/lib/python3.12/site-packages/airflow/example_dags/example_branch_operator.py
[2026-05-09T18:53:31.278+0000] {logging_mixin.py:188} INFO - [2026-05-09T18:53:31.278+0000] {dag.py:3096} INFO - Sync 1 DAGs
[2026-05-09T18:53:31.312+0000] {logging_mixin.py:188} INFO - [2026-05-09T18:53:31.311+0000] {dag.py:3954} INFO - Setting next_dagrun for example_branch_operator to 2026-05-08 00:00:00+00:00, run_after=2026-05-09 00:00:00+00:00
[2026-05-09T18:53:31.344+0000] {processor.py:183} INFO - Processing /home/airflow/.local/lib/python3.12/site-packages/airflow/example_dags/example_branch_operator.py took 0.141 seconds
[2026-05-09T18:54:02.983+0000] {processor.py:161} INFO - Started process (PID=328) to work on /home/airflow/.local/lib/python3.12/site-packages/airflow/example_dags/example_branch_operator.py
[2026-05-09T18:54:02.985+0000] {processor.py:830} INFO - Processing file /home/airflow/.local/lib/python3.12/site-packages/airflow/example_dags/example_branch_operator.py for tasks to queue
[2026-05-09T18:54:02.987+0000] {logging_mixin.py:188} INFO - [2026-05-09T18:54:02.987+0000] {dagbag.py:545} INFO - Filling up the DagBag from /home/airflow/.local/lib/python3.12/site-packages/airflow/example_dags/example_branch_operator.py
[2026-05-09T18:54:03.005+0000] {processor.py:840} INFO - DAG(s) 'example_branch_operator' retrieved from /home/airflow/.local/lib/python3.12/site-packages/airflow/example_dags/example_branch_operator.py
[2026-05-09T18:54:03.039+0000] {logging_mixin.py:188} INFO - [2026-05-09T18:54:03.039+0000] {dag.py:3096} INFO - Sync 1 DAGs
[2026-05-09T18:54:03.068+0000] {logging_mixin.py:188} INFO - [2026-05-09T18:54:03.068+0000] {dag.py:3954} INFO - Setting next_dagrun for example_branch_operator to 2026-05-08 00:00:00+00:00, run_after=2026-05-09 00:00:00+00:00
[2026-05-09T18:54:03.102+0000] {processor.py:183} INFO - Processing /home/airflow/.local/lib/python3.12/site-packages/airflow/example_dags/example_branch_operator.py took 0.124 seconds
[2026-05-09T18:54:33.645+0000] {processor.py:161} INFO - Started process (PID=386) to work on /home/airflow/.local/lib/python3.12/site-packages/airflow/example_dags/example_branch_operator.py
[2026-05-09T18:54:33.647+0000] {processor.py:830} INFO - Processing file /home/airflow/.local/lib/python3.12/site-packages/airflow/example_dags/example_branch_operator.py for tasks to queue
[2026-05-09T18:54:33.648+0000] {logging_mixin.py:188} INFO - [2026-05-09T18:54:33.648+0000] {dagbag.py:545} INFO - Filling up the DagBag from /home/airflow/.local/lib/python3.12/site-packages/airflow/example_dags/example_branch_operator.py
[2026-05-09T18:54:33.662+0000] {processor.py:840} INFO - DAG(s) 'example_branch_operator' retrieved from /home/airflow/.local/lib/python3.12/site-packages/airflow/example_dags/example_branch_operator.py
[2026-05-09T18:54:33.691+0000] {logging_mixin.py:188} INFO - [2026-05-09T18:54:33.691+0000] {dag.py:3096} INFO - Sync 1 DAGs
[2026-05-09T18:54:33.715+0000] {logging_mixin.py:188} INFO - [2026-05-09T18:54:33.714+0000] {dag.py:3954} INFO - Setting next_dagrun for example_branch_operator to 2026-05-08 00:00:00+00:00, run_after=2026-05-09 00:00:00+00:00
[2026-05-09T18:54:33.739+0000] {processor.py:183} INFO - Processing /home/airflow/.local/lib/python3.12/site-packages/airflow/example_dags/example_branch_operator.py took 0.099 seconds
[2026-05-09T18:55:03.823+0000] {processor.py:161} INFO - Started process (PID=444) to work on /home/airflow/.local/lib/python3.12/site-packages/airflow/example_dags/example_branch_operator.py
[2026-05-09T18:55:03.824+0000] {processor.py:830} INFO - Processing file /home/airflow/.local/lib/python3.12/site-packages/airflow/example_dags/example_branch_operator.py for tasks to queue
[2026-05-09T18:55:03.827+0000] {logging_mixin.py:188} INFO - [2026-05-09T18:55:03.826+0000] {dagbag.py:545} INFO - Filling up the DagBag from /home/airflow/.local/lib/python3.12/site-packages/airflow/example_dags/example_branch_operator.py
[2026-05-09T18:55:03.847+0000] {processor.py:840} INFO - DAG(s) 'example_branch_operator' retrieved from /home/airflow/.local/lib/python3.12/site-packages/airflow/example_dags/example_branch_operator.py
[2026-05-09T18:55:03.879+0000] {logging_mixin.py:188} INFO - [2026-05-09T18:55:03.879+0000] {dag.py:3096} INFO - Sync 1 DAGs
[2026-05-09T18:55:03.902+0000] {logging_mixin.py:188} INFO - [2026-05-09T18:55:03.902+0000] {dag.py:3954} INFO - Setting next_dagrun for example_branch_operator to 2026-05-08 00:00:00+00:00, run_after=2026-05-09 00:00:00+00:00
[2026-05-09T18:55:03.932+0000] {processor.py:183} INFO - Processing /home/airflow/.local/lib/python3.12/site-packages/airflow/example_dags/example_branch_operator.py took 0.114 seconds
[2026-05-09T18:55:34.313+0000] {processor.py:161} INFO - Started process (PID=502) to work on /home/airflow/.local/lib/python3.12/site-packages/airflow/example_dags/example_branch_operator.py
[2026-05-09T18:55:34.314+0000] {processor.py:830} INFO - Processing file /home/airflow/.local/lib/python3.12/site-packages/airflow/example_dags/example_branch_operator.py for tasks to queue
[2026-05-09T18:55:34.316+0000] {logging_mixin.py:188} INFO - [2026-05-09T18:55:34.316+0000] {dagbag.py:545} INFO - Filling up the DagBag from /home/airflow/.local/lib/python3.12/site-packages/airflow/example_dags/example_branch_operator.py
[2026-05-09T18:55:34.330+0000] {processor.py:840} INFO - DAG(s) 'example_branch_operator' retrieved from /home/airflow/.local/lib/python3.12/site-packages/airflow/example_dags/example_branch_operator.py
[2026-05-09T18:55:34.358+0000] {logging_mixin.py:188} INFO - [2026-05-09T18:55:34.358+0000] {dag.py:3096} INFO - Sync 1 DAGs
[2026-05-09T18:55:34.379+0000] {logging_mixin.py:188} INFO - [2026-05-09T18:55:34.379+0000] {dag.py:3954} INFO - Setting next_dagrun for example_branch_operator to 2026-05-08 00:00:00+00:00, run_after=2026-05-09 00:00:00+00:00
[2026-05-09T18:55:34.404+0000] {processor.py:183} INFO - Processing /home/airflow/.local/lib/python3.12/site-packages/airflow/example_dags/example_branch_operator.py took 0.096 seconds
[2026-05-09T18:56:05.136+0000] {processor.py:161} INFO - Started process (PID=560) to work on /home/airflow/.local/lib/python3.12/site-packages/airflow/example_dags/example_branch_operator.py
[2026-05-09T18:56:05.137+0000] {processor.py:830} INFO - Processing file /home/airflow/.local/lib/python3.12/site-packages/airflow/example_dags/example_branch_operator.py for tasks to queue
[2026-05-09T18:56:05.140+0000] {logging_mixin.py:188} INFO - [2026-05-09T18:56:05.139+0000] {dagbag.py:545} INFO - Filling up the DagBag from /home/airflow/.local/lib/python3.12/site-packages/airflow/example_dags/example_branch_operator.py
[2026-05-09T18:56:05.155+0000] {processor.py:840} INFO - DAG(s) 'example_branch_operator' retrieved from /home/airflow/.local/lib/python3.12/site-packages/airflow/example_dags/example_branch_operator.py
[2026-05-09T18:56:05.187+0000] {logging_mixin.py:188} INFO - [2026-05-09T18:56:05.187+0000] {dag.py:3096} INFO - Sync 1 DAGs
[2026-05-09T18:56:05.214+0000] {logging_mixin.py:188} INFO - [2026-05-09T18:56:05.214+0000] {dag.py:3954} INFO - Setting next_dagrun for example_branch_operator to 2026-05-08 00:00:00+00:00, run_after=2026-05-09 00:00:00+00:00
[2026-05-09T18:56:05.242+0000] {processor.py:183} INFO - Processing /home/airflow/.local/lib/python3.12/site-packages/airflow/example_dags/example_branch_operator.py took 0.112 seconds
[2026-05-09T18:56:35.470+0000] {processor.py:161} INFO - Started process (PID=618) to work on /home/airflow/.local/lib/python3.12/site-packages/airflow/example_dags/example_branch_operator.py
[2026-05-09T18:56:35.471+0000] {processor.py:830} INFO - Processing file /home/airflow/.local/lib/python3.12/site-packages/airflow/example_dags/example_branch_operator.py for tasks to queue
[2026-05-09T18:56:35.473+0000] {logging_mixin.py:188} INFO - [2026-05-09T18:56:35.472+0000] {dagbag.py:545} INFO - Filling up the DagBag from /home/airflow/.local/lib/python3.12/site-packages/airflow/example_dags/example_branch_operator.py
[2026-05-09T18:56:35.487+0000] {processor.py:840} INFO - DAG(s) 'example_branch_operator' retrieved from /home/airflow/.local/lib/python3.12/site-packages/airflow/example_dags/example_branch_operator.py
[2026-05-09T18:56:35.515+0000] {logging_mixin.py:188} INFO - [2026-05-09T18:56:35.515+0000] {dag.py:3096} INFO - Sync 1 DAGs
[2026-05-09T18:56:35.538+0000] {logging_mixin.py:188} INFO - [2026-05-09T18:56:35.538+0000] {dag.py:3954} INFO - Setting next_dagrun for example_branch_operator to 2026-05-08 00:00:00+00:00, run_after=2026-05-09 00:00:00+00:00
[2026-05-09T18:56:35.561+0000] {processor.py:183} INFO - Processing /home/airflow/.local/lib/python3.12/site-packages/airflow/example_dags/example_branch_operator.py took 0.096 seconds
[2026-05-09T18:57:06.060+0000] {processor.py:161} INFO - Started process (PID=677) to work on /home/airflow/.local/lib/python3.12/site-packages/airflow/example_dags/example_branch_operator.py
[2026-05-09T18:57:06.061+0000] {processor.py:830} INFO - Processing file /home/airflow/.local/lib/python3.12/site-packages/airflow/example_dags/example_branch_operator.py for tasks to queue
[2026-05-09T18:57:06.063+0000] {logging_mixin.py:188} INFO - [2026-05-09T18:57:06.062+0000] {dagbag.py:545} INFO - Filling up the DagBag from /home/airflow/.local/lib/python3.12/site-packages/airflow/example_dags/example_branch_operator.py
[2026-05-09T18:57:06.078+0000] {processor.py:840} INFO - DAG(s) 'example_branch_operator' retrieved from /home/airflow/.local/lib/python3.12/site-packages/airflow/example_dags/example_branch_operator.py
[2026-05-09T18:57:06.109+0000] {logging_mixin.py:188} INFO - [2026-05-09T18:57:06.108+0000] {dag.py:3096} INFO - Sync 1 DAGs
[2026-05-09T18:57:06.132+0000] {logging_mixin.py:188} INFO - [2026-05-09T18:57:06.132+0000] {dag.py:3954} INFO - Setting next_dagrun for example_branch_operator to 2026-05-08 00:00:00+00:00, run_after=2026-05-09 00:00:00+00:00
[2026-05-09T18:57:06.156+0000] {processor.py:183} INFO - Processing /home/airflow/.local/lib/python3.12/site-packages/airflow/example_dags/example_branch_operator.py took 0.101 seconds
[2026-05-09T18:57:36.657+0000] {processor.py:161} INFO - Started process (PID=736) to work on /home/airflow/.local/lib/python3.12/site-packages/airflow/example_dags/example_branch_operator.py
[2026-05-09T18:57:36.659+0000] {processor.py:830} INFO - Processing file /home/airflow/.local/lib/python3.12/site-packages/airflow/example_dags/example_branch_operator.py for tasks to queue
[2026-05-09T18:57:36.661+0000] {logging_mixin.py:188} INFO - [2026-05-09T18:57:36.661+0000] {dagbag.py:545} INFO - Filling up the DagBag from /home/airflow/.local/lib/python3.12/site-packages/airflow/example_dags/example_branch_operator.py
[2026-05-09T18:57:36.675+0000] {processor.py:840} INFO - DAG(s) 'example_branch_operator' retrieved from /home/airflow/.local/lib/python3.12/site-packages/airflow/example_dags/example_branch_operator.py
[2026-05-09T18:57:36.703+0000] {logging_mixin.py:188} INFO - [2026-05-09T18:57:36.702+0000] {dag.py:3096} INFO - Sync 1 DAGs
[2026-05-09T18:57:36.725+0000] {logging_mixin.py:188} INFO - [2026-05-09T18:57:36.725+0000] {dag.py:3954} INFO - Setting next_dagrun for example_branch_operator to 2026-05-08 00:00:00+00:00, run_after=2026-05-09 00:00:00+00:00
[2026-05-09T18:57:36.749+0000] {processor.py:183} INFO - Processing /home/airflow/.local/lib/python3.12/site-packages/airflow/example_dags/example_branch_operator.py took 0.098 seconds
[2026-05-09T18:58:07.702+0000] {processor.py:161} INFO - Started process (PID=796) to work on /home/airflow/.local/lib/python3.12/site-packages/airflow/example_dags/example_branch_operator.py
[2026-05-09T18:58:07.703+0000] {processor.py:830} INFO - Processing file /home/airflow/.local/lib/python3.12/site-packages/airflow/example_dags/example_branch_operator.py for tasks to queue
[2026-05-09T18:58:07.706+0000] {logging_mixin.py:188} INFO - [2026-05-09T18:58:07.705+0000] {dagbag.py:545} INFO - Filling up the DagBag from /home/airflow/.local/lib/python3.12/site-packages/airflow/example_dags/example_branch_operator.py
[2026-05-09T18:58:07.724+0000] {processor.py:840} INFO - DAG(s) 'example_branch_operator' retrieved from /home/airflow/.local/lib/python3.12/site-packages/airflow/example_dags/example_branch_operator.py
[2026-05-09T18:58:07.756+0000] {logging_mixin.py:188} INFO - [2026-05-09T18:58:07.756+0000] {dag.py:3096} INFO - Sync 1 DAGs
[2026-05-09T18:58:07.782+0000] {logging_mixin.py:188} INFO - [2026-05-09T18:58:07.782+0000] {dag.py:3954} INFO - Setting next_dagrun for example_branch_operator to 2026-05-08 00:00:00+00:00, run_after=2026-05-09 00:00:00+00:00
[2026-05-09T18:58:07.813+0000] {processor.py:183} INFO - Processing /home/airflow/.local/lib/python3.12/site-packages/airflow/example_dags/example_branch_operator.py took 0.116 seconds
[2026-05-09T18:58:38.353+0000] {processor.py:161} INFO - Started process (PID=855) to work on /home/airflow/.local/lib/python3.12/site-packages/airflow/example_dags/example_branch_operator.py
[2026-05-09T18:58:38.354+0000] {processor.py:830} INFO - Processing file /home/airflow/.local/lib/python3.12/site-packages/airflow/example_dags/example_branch_operator.py for tasks to queue
[2026-05-09T18:58:38.356+0000] {logging_mixin.py:188} INFO - [2026-05-09T18:58:38.356+0000] {dagbag.py:545} INFO - Filling up the DagBag from /home/airflow/.local/lib/python3.12/site-packages/airflow/example_dags/example_branch_operator.py
[2026-05-09T18:58:38.371+0000] {processor.py:840} INFO - DAG(s) 'example_branch_operator' retrieved from /home/airflow/.local/lib/python3.12/site-packages/airflow/example_dags/example_branch_operator.py
[2026-05-09T18:58:38.400+0000] {logging_mixin.py:188} INFO - [2026-05-09T18:58:38.400+0000] {dag.py:3096} INFO - Sync 1 DAGs
[2026-05-09T18:58:38.425+0000] {logging_mixin.py:188} INFO - [2026-05-09T18:58:38.425+0000] {dag.py:3954} INFO - Setting next_dagrun for example_branch_operator to 2026-05-08 00:00:00+00:00, run_after=2026-05-09 00:00:00+00:00
[2026-05-09T18:58:38.452+0000] {processor.py:183} INFO - Processing /home/airflow/.local/lib/python3.12/site-packages/airflow/example_dags/example_branch_operator.py took 0.104 seconds
[2026-05-09T18:59:08.850+0000] {processor.py:161} INFO - Started process (PID=914) to work on /home/airflow/.local/lib/python3.12/site-packages/airflow/example_dags/example_branch_operator.py
[2026-05-09T18:59:08.851+0000] {processor.py:830} INFO - Processing file /home/airflow/.local/lib/python3.12/site-packages/airflow/example_dags/example_branch_operator.py for tasks to queue
[2026-05-09T18:59:08.853+0000] {logging_mixin.py:188} INFO - [2026-05-09T18:59:08.853+0000] {dagbag.py:545} INFO - Filling up the DagBag from /home/airflow/.local/lib/python3.12/site-packages/airflow/example_dags/example_branch_operator.py
[2026-05-09T18:59:08.869+0000] {processor.py:840} INFO - DAG(s) 'example_branch_operator' retrieved from /home/airflow/.local/lib/python3.12/site-packages/airflow/example_dags/example_branch_operator.py
[2026-05-09T18:59:08.899+0000] {logging_mixin.py:188} INFO - [2026-05-09T18:59:08.899+0000] {dag.py:3096} INFO - Sync 1 DAGs
[2026-05-09T18:59:08.923+0000] {logging_mixin.py:188} INFO - [2026-05-09T18:59:08.922+0000] {dag.py:3954} INFO - Setting next_dagrun for example_branch_operator to 2026-05-08 00:00:00+00:00, run_after=2026-05-09 00:00:00+00:00
[2026-05-09T18:59:08.949+0000] {processor.py:183} INFO - Processing /home/airflow/.local/lib/python3.12/site-packages/airflow/example_dags/example_branch_operator.py took 0.104 seconds
[2026-05-09T18:59:39.768+0000] {processor.py:161} INFO - Started process (PID=973) to work on /home/airflow/.local/lib/python3.12/site-packages/airflow/example_dags/example_branch_operator.py
[2026-05-09T18:59:39.769+0000] {processor.py:830} INFO - Processing file /home/airflow/.local/lib/python3.12/site-packages/airflow/example_dags/example_branch_operator.py for tasks to queue
[2026-05-09T18:59:39.771+0000] {logging_mixin.py:188} INFO - [2026-05-09T18:59:39.771+0000] {dagbag.py:545} INFO - Filling up the DagBag from /home/airflow/.local/lib/python3.12/site-packages/airflow/example_dags/example_branch_operator.py
[2026-05-09T18:59:39.786+0000] {processor.py:840} INFO - DAG(s) 'example_branch_operator' retrieved from /home/airflow/.local/lib/python3.12/site-packages/airflow/example_dags/example_branch_operator.py
[2026-05-09T18:59:39.814+0000] {logging_mixin.py:188} INFO - [2026-05-09T18:59:39.814+0000] {dag.py:3096} INFO - Sync 1 DAGs
[2026-05-09T18:59:39.837+0000] {logging_mixin.py:188} INFO - [2026-05-09T18:59:39.837+0000] {dag.py:3954} INFO - Setting next_dagrun for example_branch_operator to 2026-05-08 00:00:00+00:00, run_after=2026-05-09 00:00:00+00:00
[2026-05-09T18:59:39.862+0000] {processor.py:183} INFO - Processing /home/airflow/.local/lib/python3.12/site-packages/airflow/example_dags/example_branch_operator.py took 0.098 seconds
[2026-05-09T19:00:10.910+0000] {processor.py:161} INFO - Started process (PID=1032) to work on /home/airflow/.local/lib/python3.12/site-packages/airflow/example_dags/example_branch_operator.py
[2026-05-09T19:00:10.911+0000] {processor.py:830} INFO - Processing file /home/airflow/.local/lib/python3.12/site-packages/airflow/example_dags/example_branch_operator.py for tasks to queue
[2026-05-09T19:00:10.913+0000] {logging_mixin.py:188} INFO - [2026-05-09T19:00:10.913+0000] {dagbag.py:545} INFO - Filling up the DagBag from /home/airflow/.local/lib/python3.12/site-packages/airflow/example_dags/example_branch_operator.py
[2026-05-09T19:00:10.930+0000] {processor.py:840} INFO - DAG(s) 'example_branch_operator' retrieved from /home/airflow/.local/lib/python3.12/site-packages/airflow/example_dags/example_branch_operator.py
[2026-05-09T19:00:10.962+0000] {logging_mixin.py:188} INFO - [2026-05-09T19:00:10.961+0000] {dag.py:3096} INFO - Sync 1 DAGs
[2026-05-09T19:00:10.986+0000] {logging_mixin.py:188} INFO - [2026-05-09T19:00:10.986+0000] {dag.py:3954} INFO - Setting next_dagrun for example_branch_operator to 2026-05-08 00:00:00+00:00, run_after=2026-05-09 00:00:00+00:00
[2026-05-09T19:00:11.031+0000] {processor.py:183} INFO - Processing /home/airflow/.local/lib/python3.12/site-packages/airflow/example_dags/example_branch_operator.py took 0.126 seconds
[2026-05-09T19:00:41.504+0000] {processor.py:161} INFO - Started process (PID=1091) to work on /home/airflow/.local/lib/python3.12/site-packages/airflow/example_dags/example_branch_operator.py
[2026-05-09T19:00:41.506+0000] {processor.py:830} INFO - Processing file /home/airflow/.local/lib/python3.12/site-packages/airflow/example_dags/example_branch_operator.py for tasks to queue
[2026-05-09T19:00:41.508+0000] {logging_mixin.py:188} INFO - [2026-05-09T19:00:41.507+0000] {dagbag.py:545} INFO - Filling up the DagBag from /home/airflow/.local/lib/python3.12/site-packages/airflow/example_dags/example_branch_operator.py
[2026-05-09T19:00:41.524+0000] {processor.py:840} INFO - DAG(s) 'example_branch_operator' retrieved from /home/airflow/.local/lib/python3.12/site-packages/airflow/example_dags/example_branch_operator.py
[2026-05-09T19:00:41.556+0000] {logging_mixin.py:188} INFO - [2026-05-09T19:00:41.555+0000] {dag.py:3096} INFO - Sync 1 DAGs
[2026-05-09T19:00:41.576+0000] {logging_mixin.py:188} INFO - [2026-05-09T19:00:41.576+0000] {dag.py:3954} INFO - Setting next_dagrun for example_branch_operator to 2026-05-08 00:00:00+00:00, run_after=2026-05-09 00:00:00+00:00
[2026-05-09T19:00:41.601+0000] {processor.py:183} INFO - Processing /home/airflow/.local/lib/python3.12/site-packages/airflow/example_dags/example_branch_operator.py took 0.102 seconds
[2026-05-09T19:01:12.416+0000] {processor.py:161} INFO - Started process (PID=1150) to work on /home/airflow/.local/lib/python3.12/site-packages/airflow/example_dags/example_branch_operator.py
[2026-05-09T19:01:12.417+0000] {processor.py:830} INFO - Processing file /home/airflow/.local/lib/python3.12/site-packages/airflow/example_dags/example_branch_operator.py for tasks to queue
[2026-05-09T19:01:12.419+0000] {logging_mixin.py:188} INFO - [2026-05-09T19:01:12.419+0000] {dagbag.py:545} INFO - Filling up the DagBag from /home/airflow/.local/lib/python3.12/site-packages/airflow/example_dags/example_branch_operator.py
[2026-05-09T19:01:12.434+0000] {processor.py:840} INFO - DAG(s) 'example_branch_operator' retrieved from /home/airflow/.local/lib/python3.12/site-packages/airflow/example_dags/example_branch_operator.py
[2026-05-09T19:01:12.464+0000] {logging_mixin.py:188} INFO - [2026-05-09T19:01:12.464+0000] {dag.py:3096} INFO - Sync 1 DAGs
[2026-05-09T19:01:12.486+0000] {logging_mixin.py:188} INFO - [2026-05-09T19:01:12.486+0000] {dag.py:3954} INFO - Setting next_dagrun for example_branch_operator to 2026-05-08 00:00:00+00:00, run_after=2026-05-09 00:00:00+00:00
[2026-05-09T19:01:12.510+0000] {processor.py:183} INFO - Processing /home/airflow/.local/lib/python3.12/site-packages/airflow/example_dags/example_branch_operator.py took 0.100 seconds
[2026-05-09T19:01:43.229+0000] {processor.py:161} INFO - Started process (PID=1209) to work on /home/airflow/.local/lib/python3.12/site-packages/airflow/example_dags/example_branch_operator.py
[2026-05-09T19:01:43.231+0000] {processor.py:830} INFO - Processing file /home/airflow/.local/lib/python3.12/site-packages/airflow/example_dags/example_branch_operator.py for tasks to queue
[2026-05-09T19:01:43.233+0000] {logging_mixin.py:188} INFO - [2026-05-09T19:01:43.233+0000] {dagbag.py:545} INFO - Filling up the DagBag from /home/airflow/.local/lib/python3.12/site-packages/airflow/example_dags/example_branch_operator.py
[2026-05-09T19:01:43.253+0000] {processor.py:840} INFO - DAG(s) 'example_branch_operator' retrieved from /home/airflow/.local/lib/python3.12/site-packages/airflow/example_dags/example_branch_operator.py
[2026-05-09T19:01:43.300+0000] {logging_mixin.py:188} INFO - [2026-05-09T19:01:43.299+0000] {dag.py:3096} INFO - Sync 1 DAGs
[2026-05-09T19:01:43.525+0000] {logging_mixin.py:188} INFO - [2026-05-09T19:01:43.525+0000] {dag.py:3954} INFO - Setting next_dagrun for example_branch_operator to 2026-05-08 00:00:00+00:00, run_after=2026-05-09 00:00:00+00:00
[2026-05-09T19:01:43.556+0000] {processor.py:183} INFO - Processing /home/airflow/.local/lib/python3.12/site-packages/airflow/example_dags/example_branch_operator.py took 0.351 seconds
[2026-05-09T19:02:14.013+0000] {processor.py:161} INFO - Started process (PID=1268) to work on /home/airflow/.local/lib/python3.12/site-packages/airflow/example_dags/example_branch_operator.py
[2026-05-09T19:02:14.014+0000] {processor.py:830} INFO - Processing file /home/airflow/.local/lib/python3.12/site-packages/airflow/example_dags/example_branch_operator.py for tasks to queue
[2026-05-09T19:02:14.016+0000] {logging_mixin.py:188} INFO - [2026-05-09T19:02:14.016+0000] {dagbag.py:545} INFO - Filling up the DagBag from /home/airflow/.local/lib/python3.12/site-packages/airflow/example_dags/example_branch_operator.py
[2026-05-09T19:02:14.031+0000] {processor.py:840} INFO - DAG(s) 'example_branch_operator' retrieved from /home/airflow/.local/lib/python3.12/site-packages/airflow/example_dags/example_branch_operator.py
[2026-05-09T19:02:14.061+0000] {logging_mixin.py:188} INFO - [2026-05-09T19:02:14.061+0000] {dag.py:3096} INFO - Sync 1 DAGs
[2026-05-09T19:02:14.207+0000] {logging_mixin.py:188} INFO - [2026-05-09T19:02:14.207+0000] {dag.py:3954} INFO - Setting next_dagrun for example_branch_operator to 2026-05-08 00:00:00+00:00, run_after=2026-05-09 00:00:00+00:00
[2026-05-09T19:02:14.232+0000] {processor.py:183} INFO - Processing /home/airflow/.local/lib/python3.12/site-packages/airflow/example_dags/example_branch_operator.py took 0.225 seconds
[2026-05-09T19:02:44.706+0000] {processor.py:161} INFO - Started process (PID=1327) to work on /home/airflow/.local/lib/python3.12/site-packages/airflow/example_dags/example_branch_operator.py
[2026-05-09T19:02:44.707+0000] {processor.py:830} INFO - Processing file /home/airflow/.local/lib/python3.12/site-packages/airflow/example_dags/example_branch_operator.py for tasks to queue
[2026-05-09T19:02:44.709+0000] {logging_mixin.py:188} INFO - [2026-05-09T19:02:44.709+0000] {dagbag.py:545} INFO - Filling up the DagBag from /home/airflow/.local/lib/python3.12/site-packages/airflow/example_dags/example_branch_operator.py
[2026-05-09T19:02:44.723+0000] {processor.py:840} INFO - DAG(s) 'example_branch_operator' retrieved from /home/airflow/.local/lib/python3.12/site-packages/airflow/example_dags/example_branch_operator.py
[2026-05-09T19:02:44.752+0000] {logging_mixin.py:188} INFO - [2026-05-09T19:02:44.752+0000] {dag.py:3096} INFO - Sync 1 DAGs
[2026-05-09T19:02:44.888+0000] {logging_mixin.py:188} INFO - [2026-05-09T19:02:44.888+0000] {dag.py:3954} INFO - Setting next_dagrun for example_branch_operator to 2026-05-08 00:00:00+00:00, run_after=2026-05-09 00:00:00+00:00
[2026-05-09T19:02:44.910+0000] {processor.py:183} INFO - Processing /home/airflow/.local/lib/python3.12/site-packages/airflow/example_dags/example_branch_operator.py took 0.209 seconds
[2026-05-09T19:03:15.019+0000] {processor.py:161} INFO - Started process (PID=1386) to work on /home/airflow/.local/lib/python3.12/site-packages/airflow/example_dags/example_branch_operator.py
[2026-05-09T19:03:15.020+0000] {processor.py:830} INFO - Processing file /home/airflow/.local/lib/python3.12/site-packages/airflow/example_dags/example_branch_operator.py for tasks to queue
[2026-05-09T19:03:15.023+0000] {logging_mixin.py:188} INFO - [2026-05-09T19:03:15.022+0000] {dagbag.py:545} INFO - Filling up the DagBag from /home/airflow/.local/lib/python3.12/site-packages/airflow/example_dags/example_branch_operator.py
[2026-05-09T19:03:15.037+0000] {processor.py:840} INFO - DAG(s) 'example_branch_operator' retrieved from /home/airflow/.local/lib/python3.12/site-packages/airflow/example_dags/example_branch_operator.py
[2026-05-09T19:03:15.066+0000] {logging_mixin.py:188} INFO - [2026-05-09T19:03:15.065+0000] {dag.py:3096} INFO - Sync 1 DAGs
[2026-05-09T19:03:15.203+0000] {logging_mixin.py:188} INFO - [2026-05-09T19:03:15.203+0000] {dag.py:3954} INFO - Setting next_dagrun for example_branch_operator to 2026-05-08 00:00:00+00:00, run_after=2026-05-09 00:00:00+00:00
[2026-05-09T19:03:15.225+0000] {processor.py:183} INFO - Processing /home/airflow/.local/lib/python3.12/site-packages/airflow/example_dags/example_branch_operator.py took 0.211 seconds
[2026-05-09T19:03:45.304+0000] {processor.py:161} INFO - Started process (PID=1445) to work on /home/airflow/.local/lib/python3.12/site-packages/airflow/example_dags/example_branch_operator.py
[2026-05-09T19:03:45.306+0000] {processor.py:830} INFO - Processing file /home/airflow/.local/lib/python3.12/site-packages/airflow/example_dags/example_branch_operator.py for tasks to queue
[2026-05-09T19:03:45.308+0000] {logging_mixin.py:188} INFO - [2026-05-09T19:03:45.308+0000] {dagbag.py:545} INFO - Filling up the DagBag from /home/airflow/.local/lib/python3.12/site-packages/airflow/example_dags/example_branch_operator.py
[2026-05-09T19:03:45.323+0000] {processor.py:840} INFO - DAG(s) 'example_branch_operator' retrieved from /home/airflow/.local/lib/python3.12/site-packages/airflow/example_dags/example_branch_operator.py
[2026-05-09T19:03:45.351+0000] {logging_mixin.py:188} INFO - [2026-05-09T19:03:45.351+0000] {dag.py:3096} INFO - Sync 1 DAGs
[2026-05-09T19:03:45.373+0000] {logging_mixin.py:188} INFO - [2026-05-09T19:03:45.373+0000] {dag.py:3954} INFO - Setting next_dagrun for example_branch_operator to 2026-05-08 00:00:00+00:00, run_after=2026-05-09 00:00:00+00:00
[2026-05-09T19:03:45.395+0000] {processor.py:183} INFO - Processing /home/airflow/.local/lib/python3.12/site-packages/airflow/example_dags/example_branch_operator.py took 0.096 seconds
[2026-05-09T19:04:15.783+0000] {processor.py:161} INFO - Started process (PID=1504) to work on /home/airflow/.local/lib/python3.12/site-packages/airflow/example_dags/example_branch_operator.py
[2026-05-09T19:04:15.784+0000] {processor.py:830} INFO - Processing file /home/airflow/.local/lib/python3.12/site-packages/airflow/example_dags/example_branch_operator.py for tasks to queue
[2026-05-09T19:04:15.786+0000] {logging_mixin.py:188} INFO - [2026-05-09T19:04:15.786+0000] {dagbag.py:545} INFO - Filling up the DagBag from /home/airflow/.local/lib/python3.12/site-packages/airflow/example_dags/example_branch_operator.py
[2026-05-09T19:04:15.801+0000] {processor.py:840} INFO - DAG(s) 'example_branch_operator' retrieved from /home/airflow/.local/lib/python3.12/site-packages/airflow/example_dags/example_branch_operator.py
[2026-05-09T19:04:15.831+0000] {logging_mixin.py:188} INFO - [2026-05-09T19:04:15.830+0000] {dag.py:3096} INFO - Sync 1 DAGs
[2026-05-09T19:04:15.859+0000] {logging_mixin.py:188} INFO - [2026-05-09T19:04:15.859+0000] {dag.py:3954} INFO - Setting next_dagrun for example_branch_operator to 2026-05-08 00:00:00+00:00, run_after=2026-05-09 00:00:00+00:00
[2026-05-09T19:04:15.887+0000] {processor.py:183} INFO - Processing /home/airflow/.local/lib/python3.12/site-packages/airflow/example_dags/example_branch_operator.py took 0.110 seconds
[2026-05-09T19:04:46.255+0000] {processor.py:161} INFO - Started process (PID=1563) to work on /home/airflow/.local/lib/python3.12/site-packages/airflow/example_dags/example_branch_operator.py
[2026-05-09T19:04:46.256+0000] {processor.py:830} INFO - Processing file /home/airflow/.local/lib/python3.12/site-packages/airflow/example_dags/example_branch_operator.py for tasks to queue
[2026-05-09T19:04:46.258+0000] {logging_mixin.py:188} INFO - [2026-05-09T19:04:46.258+0000] {dagbag.py:545} INFO - Filling up the DagBag from /home/airflow/.local/lib/python3.12/site-packages/airflow/example_dags/example_branch_operator.py
[2026-05-09T19:04:46.273+0000] {processor.py:840} INFO - DAG(s) 'example_branch_operator' retrieved from /home/airflow/.local/lib/python3.12/site-packages/airflow/example_dags/example_branch_operator.py
[2026-05-09T19:04:46.302+0000] {logging_mixin.py:188} INFO - [2026-05-09T19:04:46.302+0000] {dag.py:3096} INFO - Sync 1 DAGs
[2026-05-09T19:04:46.328+0000] {logging_mixin.py:188} INFO - [2026-05-09T19:04:46.328+0000] {dag.py:3954} INFO - Setting next_dagrun for example_branch_operator to 2026-05-08 00:00:00+00:00, run_after=2026-05-09 00:00:00+00:00
[2026-05-09T19:04:46.349+0000] {processor.py:183} INFO - Processing /home/airflow/.local/lib/python3.12/site-packages/airflow/example_dags/example_branch_operator.py took 0.100 seconds
[2026-05-09T19:05:16.647+0000] {processor.py:161} INFO - Started process (PID=1622) to work on /home/airflow/.local/lib/python3.12/site-packages/airflow/example_dags/example_branch_operator.py
[2026-05-09T19:05:16.649+0000] {processor.py:830} INFO - Processing file /home/airflow/.local/lib/python3.12/site-packages/airflow/example_dags/example_branch_operator.py for tasks to queue
[2026-05-09T19:05:16.651+0000] {logging_mixin.py:188} INFO - [2026-05-09T19:05:16.650+0000] {dagbag.py:545} INFO - Filling up the DagBag from /home/airflow/.local/lib/python3.12/site-packages/airflow/example_dags/example_branch_operator.py
[2026-05-09T19:05:16.668+0000] {processor.py:840} INFO - DAG(s) 'example_branch_operator' retrieved from /home/airflow/.local/lib/python3.12/site-packages/airflow/example_dags/example_branch_operator.py
[2026-05-09T19:05:16.705+0000] {logging_mixin.py:188} INFO - [2026-05-09T19:05:16.705+0000] {dag.py:3096} INFO - Sync 1 DAGs
[2026-05-09T19:05:16.745+0000] {logging_mixin.py:188} INFO - [2026-05-09T19:05:16.744+0000] {dag.py:3954} INFO - Setting next_dagrun for example_branch_operator to 2026-05-08 00:00:00+00:00, run_after=2026-05-09 00:00:00+00:00
[2026-05-09T19:05:16.777+0000] {processor.py:183} INFO - Processing /home/airflow/.local/lib/python3.12/site-packages/airflow/example_dags/example_branch_operator.py took 0.135 seconds
[2026-05-09T19:05:47.168+0000] {processor.py:161} INFO - Started process (PID=1681) to work on /home/airflow/.local/lib/python3.12/site-packages/airflow/example_dags/example_branch_operator.py
[2026-05-09T19:05:47.170+0000] {processor.py:830} INFO - Processing file /home/airflow/.local/lib/python3.12/site-packages/airflow/example_dags/example_branch_operator.py for tasks to queue
[2026-05-09T19:05:47.174+0000] {logging_mixin.py:188} INFO - [2026-05-09T19:05:47.173+0000] {dagbag.py:545} INFO - Filling up the DagBag from /home/airflow/.local/lib/python3.12/site-packages/airflow/example_dags/example_branch_operator.py
[2026-05-09T19:05:47.209+0000] {processor.py:840} INFO - DAG(s) 'example_branch_operator' retrieved from /home/airflow/.local/lib/python3.12/site-packages/airflow/example_dags/example_branch_operator.py
[2026-05-09T19:05:47.275+0000] {logging_mixin.py:188} INFO - [2026-05-09T19:05:47.274+0000] {dag.py:3096} INFO - Sync 1 DAGs
[2026-05-09T19:05:47.365+0000] {logging_mixin.py:188} INFO - [2026-05-09T19:05:47.364+0000] {dag.py:3954} INFO - Setting next_dagrun for example_branch_operator to 2026-05-08 00:00:00+00:00, run_after=2026-05-09 00:00:00+00:00
[2026-05-09T19:05:47.426+0000] {processor.py:183} INFO - Processing /home/airflow/.local/lib/python3.12/site-packages/airflow/example_dags/example_branch_operator.py took 0.266 seconds
[2026-05-09T19:06:17.776+0000] {processor.py:161} INFO - Started process (PID=1740) to work on /home/airflow/.local/lib/python3.12/site-packages/airflow/example_dags/example_branch_operator.py
[2026-05-09T19:06:17.778+0000] {processor.py:830} INFO - Processing file /home/airflow/.local/lib/python3.12/site-packages/airflow/example_dags/example_branch_operator.py for tasks to queue
[2026-05-09T19:06:17.780+0000] {logging_mixin.py:188} INFO - [2026-05-09T19:06:17.780+0000] {dagbag.py:545} INFO - Filling up the DagBag from /home/airflow/.local/lib/python3.12/site-packages/airflow/example_dags/example_branch_operator.py
[2026-05-09T19:06:17.801+0000] {processor.py:840} INFO - DAG(s) 'example_branch_operator' retrieved from /home/airflow/.local/lib/python3.12/site-packages/airflow/example_dags/example_branch_operator.py
[2026-05-09T19:06:17.836+0000] {logging_mixin.py:188} INFO - [2026-05-09T19:06:17.836+0000] {dag.py:3096} INFO - Sync 1 DAGs
[2026-05-09T19:06:17.871+0000] {logging_mixin.py:188} INFO - [2026-05-09T19:06:17.870+0000] {dag.py:3954} INFO - Setting next_dagrun for example_branch_operator to 2026-05-08 00:00:00+00:00, run_after=2026-05-09 00:00:00+00:00
[2026-05-09T19:06:17.916+0000] {processor.py:183} INFO - Processing /home/airflow/.local/lib/python3.12/site-packages/airflow/example_dags/example_branch_operator.py took 0.145 seconds
[2026-05-09T19:06:48.260+0000] {processor.py:161} INFO - Started process (PID=1799) to work on /home/airflow/.local/lib/python3.12/site-packages/airflow/example_dags/example_branch_operator.py
[2026-05-09T19:06:48.262+0000] {processor.py:830} INFO - Processing file /home/airflow/.local/lib/python3.12/site-packages/airflow/example_dags/example_branch_operator.py for tasks to queue
[2026-05-09T19:06:48.264+0000] {logging_mixin.py:188} INFO - [2026-05-09T19:06:48.264+0000] {dagbag.py:545} INFO - Filling up the DagBag from /home/airflow/.local/lib/python3.12/site-packages/airflow/example_dags/example_branch_operator.py
[2026-05-09T19:06:48.279+0000] {processor.py:840} INFO - DAG(s) 'example_branch_operator' retrieved from /home/airflow/.local/lib/python3.12/site-packages/airflow/example_dags/example_branch_operator.py
[2026-05-09T19:06:48.309+0000] {logging_mixin.py:188} INFO - [2026-05-09T19:06:48.309+0000] {dag.py:3096} INFO - Sync 1 DAGs
[2026-05-09T19:06:48.335+0000] {logging_mixin.py:188} INFO - [2026-05-09T19:06:48.335+0000] {dag.py:3954} INFO - Setting next_dagrun for example_branch_operator to 2026-05-08 00:00:00+00:00, run_after=2026-05-09 00:00:00+00:00
[2026-05-09T19:06:48.358+0000] {processor.py:183} INFO - Processing /home/airflow/.local/lib/python3.12/site-packages/airflow/example_dags/example_branch_operator.py took 0.104 seconds
[2026-05-09T19:07:18.741+0000] {processor.py:161} INFO - Started process (PID=1858) to work on /home/airflow/.local/lib/python3.12/site-packages/airflow/example_dags/example_branch_operator.py
[2026-05-09T19:07:18.742+0000] {processor.py:830} INFO - Processing file /home/airflow/.local/lib/python3.12/site-packages/airflow/example_dags/example_branch_operator.py for tasks to queue
[2026-05-09T19:07:18.744+0000] {logging_mixin.py:188} INFO - [2026-05-09T19:07:18.744+0000] {dagbag.py:545} INFO - Filling up the DagBag from /home/airflow/.local/lib/python3.12/site-packages/airflow/example_dags/example_branch_operator.py
[2026-05-09T19:07:18.760+0000] {processor.py:840} INFO - DAG(s) 'example_branch_operator' retrieved from /home/airflow/.local/lib/python3.12/site-packages/airflow/example_dags/example_branch_operator.py
[2026-05-09T19:07:18.796+0000] {logging_mixin.py:188} INFO - [2026-05-09T19:07:18.795+0000] {dag.py:3096} INFO - Sync 1 DAGs
[2026-05-09T19:07:18.822+0000] {logging_mixin.py:188} INFO - [2026-05-09T19:07:18.822+0000] {dag.py:3954} INFO - Setting next_dagrun for example_branch_operator to 2026-05-08 00:00:00+00:00, run_after=2026-05-09 00:00:00+00:00
[2026-05-09T19:07:18.848+0000] {processor.py:183} INFO - Processing /home/airflow/.local/lib/python3.12/site-packages/airflow/example_dags/example_branch_operator.py took 0.113 seconds
[2026-05-09T19:07:49.178+0000] {processor.py:161} INFO - Started process (PID=1917) to work on /home/airflow/.local/lib/python3.12/site-packages/airflow/example_dags/example_branch_operator.py
[2026-05-09T19:07:49.180+0000] {processor.py:830} INFO - Processing file /home/airflow/.local/lib/python3.12/site-packages/airflow/example_dags/example_branch_operator.py for tasks to queue
[2026-05-09T19:07:49.182+0000] {logging_mixin.py:188} INFO - [2026-05-09T19:07:49.181+0000] {dagbag.py:545} INFO - Filling up the DagBag from /home/airflow/.local/lib/python3.12/site-packages/airflow/example_dags/example_branch_operator.py
[2026-05-09T19:07:49.198+0000] {processor.py:840} INFO - DAG(s) 'example_branch_operator' retrieved from /home/airflow/.local/lib/python3.12/site-packages/airflow/example_dags/example_branch_operator.py
[2026-05-09T19:07:49.231+0000] {logging_mixin.py:188} INFO - [2026-05-09T19:07:49.231+0000] {dag.py:3096} INFO - Sync 1 DAGs
[2026-05-09T19:07:49.264+0000] {logging_mixin.py:188} INFO - [2026-05-09T19:07:49.264+0000] {dag.py:3954} INFO - Setting next_dagrun for example_branch_operator to 2026-05-08 00:00:00+00:00, run_after=2026-05-09 00:00:00+00:00
[2026-05-09T19:07:49.294+0000] {processor.py:183} INFO - Processing /home/airflow/.local/lib/python3.12/site-packages/airflow/example_dags/example_branch_operator.py took 0.123 seconds
[2026-05-09T19:08:19.711+0000] {processor.py:161} INFO - Started process (PID=1976) to work on /home/airflow/.local/lib/python3.12/site-packages/airflow/example_dags/example_branch_operator.py
[2026-05-09T19:08:19.712+0000] {processor.py:830} INFO - Processing file /home/airflow/.local/lib/python3.12/site-packages/airflow/example_dags/example_branch_operator.py for tasks to queue
[2026-05-09T19:08:19.714+0000] {logging_mixin.py:188} INFO - [2026-05-09T19:08:19.714+0000] {dagbag.py:545} INFO - Filling up the DagBag from /home/airflow/.local/lib/python3.12/site-packages/airflow/example_dags/example_branch_operator.py
[2026-05-09T19:08:19.728+0000] {processor.py:840} INFO - DAG(s) 'example_branch_operator' retrieved from /home/airflow/.local/lib/python3.12/site-packages/airflow/example_dags/example_branch_operator.py
[2026-05-09T19:08:19.757+0000] {logging_mixin.py:188} INFO - [2026-05-09T19:08:19.756+0000] {dag.py:3096} INFO - Sync 1 DAGs
[2026-05-09T19:08:19.780+0000] {logging_mixin.py:188} INFO - [2026-05-09T19:08:19.780+0000] {dag.py:3954} INFO - Setting next_dagrun for example_branch_operator to 2026-05-08 00:00:00+00:00, run_after=2026-05-09 00:00:00+00:00
[2026-05-09T19:08:19.804+0000] {processor.py:183} INFO - Processing /home/airflow/.local/lib/python3.12/site-packages/airflow/example_dags/example_branch_operator.py took 0.098 seconds
[2026-05-09T19:08:49.974+0000] {processor.py:161} INFO - Started process (PID=2035) to work on /home/airflow/.local/lib/python3.12/site-packages/airflow/example_dags/example_branch_operator.py
[2026-05-09T19:08:49.975+0000] {processor.py:830} INFO - Processing file /home/airflow/.local/lib/python3.12/site-packages/airflow/example_dags/example_branch_operator.py for tasks to queue
[2026-05-09T19:08:49.977+0000] {logging_mixin.py:188} INFO - [2026-05-09T19:08:49.977+0000] {dagbag.py:545} INFO - Filling up the DagBag from /home/airflow/.local/lib/python3.12/site-packages/airflow/example_dags/example_branch_operator.py
[2026-05-09T19:08:49.993+0000] {processor.py:840} INFO - DAG(s) 'example_branch_operator' retrieved from /home/airflow/.local/lib/python3.12/site-packages/airflow/example_dags/example_branch_operator.py
[2026-05-09T19:08:50.022+0000] {logging_mixin.py:188} INFO - [2026-05-09T19:08:50.022+0000] {dag.py:3096} INFO - Sync 1 DAGs
[2026-05-09T19:08:50.046+0000] {logging_mixin.py:188} INFO - [2026-05-09T19:08:50.046+0000] {dag.py:3954} INFO - Setting next_dagrun for example_branch_operator to 2026-05-08 00:00:00+00:00, run_after=2026-05-09 00:00:00+00:00
[2026-05-09T19:08:50.069+0000] {processor.py:183} INFO - Processing /home/airflow/.local/lib/python3.12/site-packages/airflow/example_dags/example_branch_operator.py took 0.100 seconds
[2026-05-09T19:09:20.161+0000] {processor.py:161} INFO - Started process (PID=2088) to work on /home/airflow/.local/lib/python3.12/site-packages/airflow/example_dags/example_branch_operator.py
[2026-05-09T19:09:20.162+0000] {processor.py:830} INFO - Processing file /home/airflow/.local/lib/python3.12/site-packages/airflow/example_dags/example_branch_operator.py for tasks to queue
[2026-05-09T19:09:20.164+0000] {logging_mixin.py:188} INFO - [2026-05-09T19:09:20.164+0000] {dagbag.py:545} INFO - Filling up the DagBag from /home/airflow/.local/lib/python3.12/site-packages/airflow/example_dags/example_branch_operator.py
[2026-05-09T19:09:20.180+0000] {processor.py:840} INFO - DAG(s) 'example_branch_operator' retrieved from /home/airflow/.local/lib/python3.12/site-packages/airflow/example_dags/example_branch_operator.py
[2026-05-09T19:09:20.208+0000] {logging_mixin.py:188} INFO - [2026-05-09T19:09:20.208+0000] {dag.py:3096} INFO - Sync 1 DAGs
[2026-05-09T19:09:20.233+0000] {logging_mixin.py:188} INFO - [2026-05-09T19:09:20.233+0000] {dag.py:3954} INFO - Setting next_dagrun for example_branch_operator to 2026-05-08 00:00:00+00:00, run_after=2026-05-09 00:00:00+00:00
[2026-05-09T19:09:20.256+0000] {processor.py:183} INFO - Processing /home/airflow/.local/lib/python3.12/site-packages/airflow/example_dags/example_branch_operator.py took 0.100 seconds
[2026-05-09T19:09:50.931+0000] {processor.py:161} INFO - Started process (PID=2147) to work on /home/airflow/.local/lib/python3.12/site-packages/airflow/example_dags/example_branch_operator.py
[2026-05-09T19:09:50.933+0000] {processor.py:830} INFO - Processing file /home/airflow/.local/lib/python3.12/site-packages/airflow/example_dags/example_branch_operator.py for tasks to queue
[2026-05-09T19:09:50.935+0000] {logging_mixin.py:188} INFO - [2026-05-09T19:09:50.934+0000] {dagbag.py:545} INFO - Filling up the DagBag from /home/airflow/.local/lib/python3.12/site-packages/airflow/example_dags/example_branch_operator.py
[2026-05-09T19:09:50.950+0000] {processor.py:840} INFO - DAG(s) 'example_branch_operator' retrieved from /home/airflow/.local/lib/python3.12/site-packages/airflow/example_dags/example_branch_operator.py
[2026-05-09T19:09:50.982+0000] {logging_mixin.py:188} INFO - [2026-05-09T19:09:50.982+0000] {dag.py:3096} INFO - Sync 1 DAGs
[2026-05-09T19:09:51.007+0000] {logging_mixin.py:188} INFO - [2026-05-09T19:09:51.006+0000] {dag.py:3954} INFO - Setting next_dagrun for example_branch_operator to 2026-05-08 00:00:00+00:00, run_after=2026-05-09 00:00:00+00:00
[2026-05-09T19:09:51.028+0000] {processor.py:183} INFO - Processing /home/airflow/.local/lib/python3.12/site-packages/airflow/example_dags/example_branch_operator.py took 0.103 seconds
[2026-05-09T19:10:21.332+0000] {processor.py:161} INFO - Started process (PID=2206) to work on /home/airflow/.local/lib/python3.12/site-packages/airflow/example_dags/example_branch_operator.py
[2026-05-09T19:10:21.334+0000] {processor.py:830} INFO - Processing file /home/airflow/.local/lib/python3.12/site-packages/airflow/example_dags/example_branch_operator.py for tasks to queue
[2026-05-09T19:10:21.336+0000] {logging_mixin.py:188} INFO - [2026-05-09T19:10:21.335+0000] {dagbag.py:545} INFO - Filling up the DagBag from /home/airflow/.local/lib/python3.12/site-packages/airflow/example_dags/example_branch_operator.py
[2026-05-09T19:10:21.350+0000] {processor.py:840} INFO - DAG(s) 'example_branch_operator' retrieved from /home/airflow/.local/lib/python3.12/site-packages/airflow/example_dags/example_branch_operator.py
[2026-05-09T19:10:21.383+0000] {logging_mixin.py:188} INFO - [2026-05-09T19:10:21.383+0000] {dag.py:3096} INFO - Sync 1 DAGs
[2026-05-09T19:10:21.413+0000] {logging_mixin.py:188} INFO - [2026-05-09T19:10:21.412+0000] {dag.py:3954} INFO - Setting next_dagrun for example_branch_operator to 2026-05-08 00:00:00+00:00, run_after=2026-05-09 00:00:00+00:00
[2026-05-09T19:10:21.434+0000] {processor.py:183} INFO - Processing /home/airflow/.local/lib/python3.12/site-packages/airflow/example_dags/example_branch_operator.py took 0.107 seconds
[2026-05-09T19:10:51.632+0000] {processor.py:161} INFO - Started process (PID=2265) to work on /home/airflow/.local/lib/python3.12/site-packages/airflow/example_dags/example_branch_operator.py
[2026-05-09T19:10:51.634+0000] {processor.py:830} INFO - Processing file /home/airflow/.local/lib/python3.12/site-packages/airflow/example_dags/example_branch_operator.py for tasks to queue
[2026-05-09T19:10:51.636+0000] {logging_mixin.py:188} INFO - [2026-05-09T19:10:51.635+0000] {dagbag.py:545} INFO - Filling up the DagBag from /home/airflow/.local/lib/python3.12/site-packages/airflow/example_dags/example_branch_operator.py
[2026-05-09T19:10:51.650+0000] {processor.py:840} INFO - DAG(s) 'example_branch_operator' retrieved from /home/airflow/.local/lib/python3.12/site-packages/airflow/example_dags/example_branch_operator.py
[2026-05-09T19:10:51.681+0000] {logging_mixin.py:188} INFO - [2026-05-09T19:10:51.681+0000] {dag.py:3096} INFO - Sync 1 DAGs
[2026-05-09T19:10:51.708+0000] {logging_mixin.py:188} INFO - [2026-05-09T19:10:51.708+0000] {dag.py:3954} INFO - Setting next_dagrun for example_branch_operator to 2026-05-08 00:00:00+00:00, run_after=2026-05-09 00:00:00+00:00
[2026-05-09T19:10:51.730+0000] {processor.py:183} INFO - Processing /home/airflow/.local/lib/python3.12/site-packages/airflow/example_dags/example_branch_operator.py took 0.102 seconds
[2026-05-09T19:11:22.420+0000] {processor.py:161} INFO - Started process (PID=2324) to work on /home/airflow/.local/lib/python3.12/site-packages/airflow/example_dags/example_branch_operator.py
[2026-05-09T19:11:22.421+0000] {processor.py:830} INFO - Processing file /home/airflow/.local/lib/python3.12/site-packages/airflow/example_dags/example_branch_operator.py for tasks to queue
[2026-05-09T19:11:22.424+0000] {logging_mixin.py:188} INFO - [2026-05-09T19:11:22.424+0000] {dagbag.py:545} INFO - Filling up the DagBag from /home/airflow/.local/lib/python3.12/site-packages/airflow/example_dags/example_branch_operator.py
[2026-05-09T19:11:22.442+0000] {processor.py:840} INFO - DAG(s) 'example_branch_operator' retrieved from /home/airflow/.local/lib/python3.12/site-packages/airflow/example_dags/example_branch_operator.py
[2026-05-09T19:11:22.479+0000] {logging_mixin.py:188} INFO - [2026-05-09T19:11:22.479+0000] {dag.py:3096} INFO - Sync 1 DAGs
[2026-05-09T19:11:22.509+0000] {logging_mixin.py:188} INFO - [2026-05-09T19:11:22.509+0000] {dag.py:3954} INFO - Setting next_dagrun for example_branch_operator to 2026-05-08 00:00:00+00:00, run_after=2026-05-09 00:00:00+00:00
[2026-05-09T19:11:22.532+0000] {processor.py:183} INFO - Processing /home/airflow/.local/lib/python3.12/site-packages/airflow/example_dags/example_branch_operator.py took 0.118 seconds
[2026-05-09T19:11:53.450+0000] {processor.py:161} INFO - Started process (PID=2383) to work on /home/airflow/.local/lib/python3.12/site-packages/airflow/example_dags/example_branch_operator.py
[2026-05-09T19:11:53.451+0000] {processor.py:830} INFO - Processing file /home/airflow/.local/lib/python3.12/site-packages/airflow/example_dags/example_branch_operator.py for tasks to queue
[2026-05-09T19:11:53.453+0000] {logging_mixin.py:188} INFO - [2026-05-09T19:11:53.453+0000] {dagbag.py:545} INFO - Filling up the DagBag from /home/airflow/.local/lib/python3.12/site-packages/airflow/example_dags/example_branch_operator.py
[2026-05-09T19:11:53.468+0000] {processor.py:840} INFO - DAG(s) 'example_branch_operator' retrieved from /home/airflow/.local/lib/python3.12/site-packages/airflow/example_dags/example_branch_operator.py
[2026-05-09T19:11:53.497+0000] {logging_mixin.py:188} INFO - [2026-05-09T19:11:53.497+0000] {dag.py:3096} INFO - Sync 1 DAGs
[2026-05-09T19:11:53.522+0000] {logging_mixin.py:188} INFO - [2026-05-09T19:11:53.522+0000] {dag.py:3954} INFO - Setting next_dagrun for example_branch_operator to 2026-05-08 00:00:00+00:00, run_after=2026-05-09 00:00:00+00:00
[2026-05-09T19:11:53.543+0000] {processor.py:183} INFO - Processing /home/airflow/.local/lib/python3.12/site-packages/airflow/example_dags/example_branch_operator.py took 0.098 seconds
[2026-05-09T19:12:23.921+0000] {processor.py:161} INFO - Started process (PID=2442) to work on /home/airflow/.local/lib/python3.12/site-packages/airflow/example_dags/example_branch_operator.py
[2026-05-09T19:12:23.923+0000] {processor.py:830} INFO - Processing file /home/airflow/.local/lib/python3.12/site-packages/airflow/example_dags/example_branch_operator.py for tasks to queue
[2026-05-09T19:12:23.925+0000] {logging_mixin.py:188} INFO - [2026-05-09T19:12:23.925+0000] {dagbag.py:545} INFO - Filling up the DagBag from /home/airflow/.local/lib/python3.12/site-packages/airflow/example_dags/example_branch_operator.py
[2026-05-09T19:12:23.940+0000] {processor.py:840} INFO - DAG(s) 'example_branch_operator' retrieved from /home/airflow/.local/lib/python3.12/site-packages/airflow/example_dags/example_branch_operator.py
[2026-05-09T19:12:23.972+0000] {logging_mixin.py:188} INFO - [2026-05-09T19:12:23.971+0000] {dag.py:3096} INFO - Sync 1 DAGs
[2026-05-09T19:12:23.995+0000] {logging_mixin.py:188} INFO - [2026-05-09T19:12:23.995+0000] {dag.py:3954} INFO - Setting next_dagrun for example_branch_operator to 2026-05-08 00:00:00+00:00, run_after=2026-05-09 00:00:00+00:00
[2026-05-09T19:12:24.019+0000] {processor.py:183} INFO - Processing /home/airflow/.local/lib/python3.12/site-packages/airflow/example_dags/example_branch_operator.py took 0.103 seconds
[2026-05-09T19:12:54.335+0000] {processor.py:161} INFO - Started process (PID=2501) to work on /home/airflow/.local/lib/python3.12/site-packages/airflow/example_dags/example_branch_operator.py
[2026-05-09T19:12:54.336+0000] {processor.py:830} INFO - Processing file /home/airflow/.local/lib/python3.12/site-packages/airflow/example_dags/example_branch_operator.py for tasks to queue
[2026-05-09T19:12:54.339+0000] {logging_mixin.py:188} INFO - [2026-05-09T19:12:54.338+0000] {dagbag.py:545} INFO - Filling up the DagBag from /home/airflow/.local/lib/python3.12/site-packages/airflow/example_dags/example_branch_operator.py
[2026-05-09T19:12:54.355+0000] {processor.py:840} INFO - DAG(s) 'example_branch_operator' retrieved from /home/airflow/.local/lib/python3.12/site-packages/airflow/example_dags/example_branch_operator.py
[2026-05-09T19:12:54.383+0000] {logging_mixin.py:188} INFO - [2026-05-09T19:12:54.383+0000] {dag.py:3096} INFO - Sync 1 DAGs
[2026-05-09T19:12:54.407+0000] {logging_mixin.py:188} INFO - [2026-05-09T19:12:54.407+0000] {dag.py:3954} INFO - Setting next_dagrun for example_branch_operator to 2026-05-08 00:00:00+00:00, run_after=2026-05-09 00:00:00+00:00
[2026-05-09T19:12:54.432+0000] {processor.py:183} INFO - Processing /home/airflow/.local/lib/python3.12/site-packages/airflow/example_dags/example_branch_operator.py took 0.103 seconds
[2026-05-09T19:13:24.716+0000] {processor.py:161} INFO - Started process (PID=2560) to work on /home/airflow/.local/lib/python3.12/site-packages/airflow/example_dags/example_branch_operator.py
[2026-05-09T19:13:24.717+0000] {processor.py:830} INFO - Processing file /home/airflow/.local/lib/python3.12/site-packages/airflow/example_dags/example_branch_operator.py for tasks to queue
[2026-05-09T19:13:24.720+0000] {logging_mixin.py:188} INFO - [2026-05-09T19:13:24.720+0000] {dagbag.py:545} INFO - Filling up the DagBag from /home/airflow/.local/lib/python3.12/site-packages/airflow/example_dags/example_branch_operator.py
[2026-05-09T19:13:24.735+0000] {processor.py:840} INFO - DAG(s) 'example_branch_operator' retrieved from /home/airflow/.local/lib/python3.12/site-packages/airflow/example_dags/example_branch_operator.py
[2026-05-09T19:13:24.763+0000] {logging_mixin.py:188} INFO - [2026-05-09T19:13:24.763+0000] {dag.py:3096} INFO - Sync 1 DAGs
[2026-05-09T19:13:24.787+0000] {logging_mixin.py:188} INFO - [2026-05-09T19:13:24.786+0000] {dag.py:3954} INFO - Setting next_dagrun for example_branch_operator to 2026-05-08 00:00:00+00:00, run_after=2026-05-09 00:00:00+00:00
[2026-05-09T19:13:24.811+0000] {processor.py:183} INFO - Processing /home/airflow/.local/lib/python3.12/site-packages/airflow/example_dags/example_branch_operator.py took 0.100 seconds
[2026-05-09T19:13:55.358+0000] {processor.py:161} INFO - Started process (PID=2619) to work on /home/airflow/.local/lib/python3.12/site-packages/airflow/example_dags/example_branch_operator.py
[2026-05-09T19:13:55.359+0000] {processor.py:830} INFO - Processing file /home/airflow/.local/lib/python3.12/site-packages/airflow/example_dags/example_branch_operator.py for tasks to queue
[2026-05-09T19:13:55.361+0000] {logging_mixin.py:188} INFO - [2026-05-09T19:13:55.361+0000] {dagbag.py:545} INFO - Filling up the DagBag from /home/airflow/.local/lib/python3.12/site-packages/airflow/example_dags/example_branch_operator.py
[2026-05-09T19:13:55.379+0000] {processor.py:840} INFO - DAG(s) 'example_branch_operator' retrieved from /home/airflow/.local/lib/python3.12/site-packages/airflow/example_dags/example_branch_operator.py
[2026-05-09T19:13:55.409+0000] {logging_mixin.py:188} INFO - [2026-05-09T19:13:55.409+0000] {dag.py:3096} INFO - Sync 1 DAGs
[2026-05-09T19:13:55.437+0000] {logging_mixin.py:188} INFO - [2026-05-09T19:13:55.437+0000] {dag.py:3954} INFO - Setting next_dagrun for example_branch_operator to 2026-05-08 00:00:00+00:00, run_after=2026-05-09 00:00:00+00:00
[2026-05-09T19:13:55.470+0000] {processor.py:183} INFO - Processing /home/airflow/.local/lib/python3.12/site-packages/airflow/example_dags/example_branch_operator.py took 0.118 seconds
[2026-05-09T19:14:25.924+0000] {processor.py:161} INFO - Started process (PID=2678) to work on /home/airflow/.local/lib/python3.12/site-packages/airflow/example_dags/example_branch_operator.py
[2026-05-09T19:14:25.926+0000] {processor.py:830} INFO - Processing file /home/airflow/.local/lib/python3.12/site-packages/airflow/example_dags/example_branch_operator.py for tasks to queue
[2026-05-09T19:14:25.929+0000] {logging_mixin.py:188} INFO - [2026-05-09T19:14:25.928+0000] {dagbag.py:545} INFO - Filling up the DagBag from /home/airflow/.local/lib/python3.12/site-packages/airflow/example_dags/example_branch_operator.py
[2026-05-09T19:14:25.945+0000] {processor.py:840} INFO - DAG(s) 'example_branch_operator' retrieved from /home/airflow/.local/lib/python3.12/site-packages/airflow/example_dags/example_branch_operator.py
[2026-05-09T19:14:25.975+0000] {logging_mixin.py:188} INFO - [2026-05-09T19:14:25.975+0000] {dag.py:3096} INFO - Sync 1 DAGs
[2026-05-09T19:14:25.999+0000] {logging_mixin.py:188} INFO - [2026-05-09T19:14:25.999+0000] {dag.py:3954} INFO - Setting next_dagrun for example_branch_operator to 2026-05-08 00:00:00+00:00, run_after=2026-05-09 00:00:00+00:00
[2026-05-09T19:14:26.022+0000] {processor.py:183} INFO - Processing /home/airflow/.local/lib/python3.12/site-packages/airflow/example_dags/example_branch_operator.py took 0.104 seconds
[2026-05-09T19:14:56.522+0000] {processor.py:161} INFO - Started process (PID=2737) to work on /home/airflow/.local/lib/python3.12/site-packages/airflow/example_dags/example_branch_operator.py
[2026-05-09T19:14:56.523+0000] {processor.py:830} INFO - Processing file /home/airflow/.local/lib/python3.12/site-packages/airflow/example_dags/example_branch_operator.py for tasks to queue
[2026-05-09T19:14:56.526+0000] {logging_mixin.py:188} INFO - [2026-05-09T19:14:56.525+0000] {dagbag.py:545} INFO - Filling up the DagBag from /home/airflow/.local/lib/python3.12/site-packages/airflow/example_dags/example_branch_operator.py
[2026-05-09T19:14:56.540+0000] {processor.py:840} INFO - DAG(s) 'example_branch_operator' retrieved from /home/airflow/.local/lib/python3.12/site-packages/airflow/example_dags/example_branch_operator.py
[2026-05-09T19:14:56.569+0000] {logging_mixin.py:188} INFO - [2026-05-09T19:14:56.568+0000] {dag.py:3096} INFO - Sync 1 DAGs
[2026-05-09T19:14:56.592+0000] {logging_mixin.py:188} INFO - [2026-05-09T19:14:56.591+0000] {dag.py:3954} INFO - Setting next_dagrun for example_branch_operator to 2026-05-08 00:00:00+00:00, run_after=2026-05-09 00:00:00+00:00
[2026-05-09T19:14:56.614+0000] {processor.py:183} INFO - Processing /home/airflow/.local/lib/python3.12/site-packages/airflow/example_dags/example_branch_operator.py took 0.097 seconds
[2026-05-09T19:15:27.398+0000] {processor.py:161} INFO - Started process (PID=2796) to work on /home/airflow/.local/lib/python3.12/site-packages/airflow/example_dags/example_branch_operator.py
[2026-05-09T19:15:27.400+0000] {processor.py:830} INFO - Processing file /home/airflow/.local/lib/python3.12/site-packages/airflow/example_dags/example_branch_operator.py for tasks to queue
[2026-05-09T19:15:27.403+0000] {logging_mixin.py:188} INFO - [2026-05-09T19:15:27.402+0000] {dagbag.py:545} INFO - Filling up the DagBag from /home/airflow/.local/lib/python3.12/site-packages/airflow/example_dags/example_branch_operator.py
[2026-05-09T19:15:27.422+0000] {processor.py:840} INFO - DAG(s) 'example_branch_operator' retrieved from /home/airflow/.local/lib/python3.12/site-packages/airflow/example_dags/example_branch_operator.py
[2026-05-09T19:15:27.457+0000] {logging_mixin.py:188} INFO - [2026-05-09T19:15:27.456+0000] {dag.py:3096} INFO - Sync 1 DAGs
[2026-05-09T19:15:27.482+0000] {logging_mixin.py:188} INFO - [2026-05-09T19:15:27.482+0000] {dag.py:3954} INFO - Setting next_dagrun for example_branch_operator to 2026-05-08 00:00:00+00:00, run_after=2026-05-09 00:00:00+00:00
[2026-05-09T19:15:27.505+0000] {processor.py:183} INFO - Processing /home/airflow/.local/lib/python3.12/site-packages/airflow/example_dags/example_branch_operator.py took 0.113 seconds
[2026-05-09T19:15:57.778+0000] {processor.py:161} INFO - Started process (PID=2855) to work on /home/airflow/.local/lib/python3.12/site-packages/airflow/example_dags/example_branch_operator.py
[2026-05-09T19:15:57.780+0000] {processor.py:830} INFO - Processing file /home/airflow/.local/lib/python3.12/site-packages/airflow/example_dags/example_branch_operator.py for tasks to queue
[2026-05-09T19:15:57.782+0000] {logging_mixin.py:188} INFO - [2026-05-09T19:15:57.781+0000] {dagbag.py:545} INFO - Filling up the DagBag from /home/airflow/.local/lib/python3.12/site-packages/airflow/example_dags/example_branch_operator.py
[2026-05-09T19:15:57.796+0000] {processor.py:840} INFO - DAG(s) 'example_branch_operator' retrieved from /home/airflow/.local/lib/python3.12/site-packages/airflow/example_dags/example_branch_operator.py
[2026-05-09T19:15:57.826+0000] {logging_mixin.py:188} INFO - [2026-05-09T19:15:57.826+0000] {dag.py:3096} INFO - Sync 1 DAGs
[2026-05-09T19:15:57.849+0000] {logging_mixin.py:188} INFO - [2026-05-09T19:15:57.848+0000] {dag.py:3954} INFO - Setting next_dagrun for example_branch_operator to 2026-05-08 00:00:00+00:00, run_after=2026-05-09 00:00:00+00:00
[2026-05-09T19:15:57.869+0000] {processor.py:183} INFO - Processing /home/airflow/.local/lib/python3.12/site-packages/airflow/example_dags/example_branch_operator.py took 0.096 seconds
[2026-05-09T19:16:28.151+0000] {processor.py:161} INFO - Started process (PID=2914) to work on /home/airflow/.local/lib/python3.12/site-packages/airflow/example_dags/example_branch_operator.py
[2026-05-09T19:16:28.152+0000] {processor.py:830} INFO - Processing file /home/airflow/.local/lib/python3.12/site-packages/airflow/example_dags/example_branch_operator.py for tasks to queue
[2026-05-09T19:16:28.154+0000] {logging_mixin.py:188} INFO - [2026-05-09T19:16:28.154+0000] {dagbag.py:545} INFO - Filling up the DagBag from /home/airflow/.local/lib/python3.12/site-packages/airflow/example_dags/example_branch_operator.py
[2026-05-09T19:16:28.170+0000] {processor.py:840} INFO - DAG(s) 'example_branch_operator' retrieved from /home/airflow/.local/lib/python3.12/site-packages/airflow/example_dags/example_branch_operator.py
[2026-05-09T19:16:28.203+0000] {logging_mixin.py:188} INFO - [2026-05-09T19:16:28.202+0000] {dag.py:3096} INFO - Sync 1 DAGs
[2026-05-09T19:16:28.228+0000] {logging_mixin.py:188} INFO - [2026-05-09T19:16:28.227+0000] {dag.py:3954} INFO - Setting next_dagrun for example_branch_operator to 2026-05-08 00:00:00+00:00, run_after=2026-05-09 00:00:00+00:00
[2026-05-09T19:16:28.253+0000] {processor.py:183} INFO - Processing /home/airflow/.local/lib/python3.12/site-packages/airflow/example_dags/example_branch_operator.py took 0.108 seconds
[2026-05-09T19:16:58.748+0000] {processor.py:161} INFO - Started process (PID=2973) to work on /home/airflow/.local/lib/python3.12/site-packages/airflow/example_dags/example_branch_operator.py
[2026-05-09T19:16:58.750+0000] {processor.py:830} INFO - Processing file /home/airflow/.local/lib/python3.12/site-packages/airflow/example_dags/example_branch_operator.py for tasks to queue
[2026-05-09T19:16:58.752+0000] {logging_mixin.py:188} INFO - [2026-05-09T19:16:58.752+0000] {dagbag.py:545} INFO - Filling up the DagBag from /home/airflow/.local/lib/python3.12/site-packages/airflow/example_dags/example_branch_operator.py
[2026-05-09T19:16:58.768+0000] {processor.py:840} INFO - DAG(s) 'example_branch_operator' retrieved from /home/airflow/.local/lib/python3.12/site-packages/airflow/example_dags/example_branch_operator.py
[2026-05-09T19:16:58.799+0000] {logging_mixin.py:188} INFO - [2026-05-09T19:16:58.799+0000] {dag.py:3096} INFO - Sync 1 DAGs
[2026-05-09T19:16:58.822+0000] {logging_mixin.py:188} INFO - [2026-05-09T19:16:58.821+0000] {dag.py:3954} INFO - Setting next_dagrun for example_branch_operator to 2026-05-08 00:00:00+00:00, run_after=2026-05-09 00:00:00+00:00
[2026-05-09T19:16:58.845+0000] {processor.py:183} INFO - Processing /home/airflow/.local/lib/python3.12/site-packages/airflow/example_dags/example_branch_operator.py took 0.102 seconds
[2026-05-09T19:17:29.672+0000] {processor.py:161} INFO - Started process (PID=3032) to work on /home/airflow/.local/lib/python3.12/site-packages/airflow/example_dags/example_branch_operator.py
[2026-05-09T19:17:29.673+0000] {processor.py:830} INFO - Processing file /home/airflow/.local/lib/python3.12/site-packages/airflow/example_dags/example_branch_operator.py for tasks to queue
[2026-05-09T19:17:29.675+0000] {logging_mixin.py:188} INFO - [2026-05-09T19:17:29.675+0000] {dagbag.py:545} INFO - Filling up the DagBag from /home/airflow/.local/lib/python3.12/site-packages/airflow/example_dags/example_branch_operator.py
[2026-05-09T19:17:29.691+0000] {processor.py:840} INFO - DAG(s) 'example_branch_operator' retrieved from /home/airflow/.local/lib/python3.12/site-packages/airflow/example_dags/example_branch_operator.py
[2026-05-09T19:17:29.724+0000] {logging_mixin.py:188} INFO - [2026-05-09T19:17:29.723+0000] {dag.py:3096} INFO - Sync 1 DAGs
[2026-05-09T19:17:29.746+0000] {logging_mixin.py:188} INFO - [2026-05-09T19:17:29.746+0000] {dag.py:3954} INFO - Setting next_dagrun for example_branch_operator to 2026-05-08 00:00:00+00:00, run_after=2026-05-09 00:00:00+00:00
[2026-05-09T19:17:29.765+0000] {processor.py:183} INFO - Processing /home/airflow/.local/lib/python3.12/site-packages/airflow/example_dags/example_branch_operator.py took 0.099 seconds
[2026-05-09T19:18:00.016+0000] {processor.py:161} INFO - Started process (PID=3091) to work on /home/airflow/.local/lib/python3.12/site-packages/airflow/example_dags/example_branch_operator.py
[2026-05-09T19:18:00.017+0000] {processor.py:830} INFO - Processing file /home/airflow/.local/lib/python3.12/site-packages/airflow/example_dags/example_branch_operator.py for tasks to queue
[2026-05-09T19:18:00.020+0000] {logging_mixin.py:188} INFO - [2026-05-09T19:18:00.019+0000] {dagbag.py:545} INFO - Filling up the DagBag from /home/airflow/.local/lib/python3.12/site-packages/airflow/example_dags/example_branch_operator.py
[2026-05-09T19:18:00.034+0000] {processor.py:840} INFO - DAG(s) 'example_branch_operator' retrieved from /home/airflow/.local/lib/python3.12/site-packages/airflow/example_dags/example_branch_operator.py
[2026-05-09T19:18:00.063+0000] {logging_mixin.py:188} INFO - [2026-05-09T19:18:00.062+0000] {dag.py:3096} INFO - Sync 1 DAGs
[2026-05-09T19:18:00.085+0000] {logging_mixin.py:188} INFO - [2026-05-09T19:18:00.085+0000] {dag.py:3954} INFO - Setting next_dagrun for example_branch_operator to 2026-05-08 00:00:00+00:00, run_after=2026-05-09 00:00:00+00:00
[2026-05-09T19:18:00.107+0000] {processor.py:183} INFO - Processing /home/airflow/.local/lib/python3.12/site-packages/airflow/example_dags/example_branch_operator.py took 0.096 seconds
[2026-05-09T19:18:30.250+0000] {processor.py:161} INFO - Started process (PID=3150) to work on /home/airflow/.local/lib/python3.12/site-packages/airflow/example_dags/example_branch_operator.py
[2026-05-09T19:18:30.251+0000] {processor.py:830} INFO - Processing file /home/airflow/.local/lib/python3.12/site-packages/airflow/example_dags/example_branch_operator.py for tasks to queue
[2026-05-09T19:18:30.253+0000] {logging_mixin.py:188} INFO - [2026-05-09T19:18:30.253+0000] {dagbag.py:545} INFO - Filling up the DagBag from /home/airflow/.local/lib/python3.12/site-packages/airflow/example_dags/example_branch_operator.py
[2026-05-09T19:18:30.268+0000] {processor.py:840} INFO - DAG(s) 'example_branch_operator' retrieved from /home/airflow/.local/lib/python3.12/site-packages/airflow/example_dags/example_branch_operator.py
[2026-05-09T19:18:30.297+0000] {logging_mixin.py:188} INFO - [2026-05-09T19:18:30.296+0000] {dag.py:3096} INFO - Sync 1 DAGs
[2026-05-09T19:18:30.320+0000] {logging_mixin.py:188} INFO - [2026-05-09T19:18:30.320+0000] {dag.py:3954} INFO - Setting next_dagrun for example_branch_operator to 2026-05-08 00:00:00+00:00, run_after=2026-05-09 00:00:00+00:00
[2026-05-09T19:18:30.344+0000] {processor.py:183} INFO - Processing /home/airflow/.local/lib/python3.12/site-packages/airflow/example_dags/example_branch_operator.py took 0.100 seconds
[2026-05-09T19:19:01.167+0000] {processor.py:161} INFO - Started process (PID=3209) to work on /home/airflow/.local/lib/python3.12/site-packages/airflow/example_dags/example_branch_operator.py
[2026-05-09T19:19:01.168+0000] {processor.py:830} INFO - Processing file /home/airflow/.local/lib/python3.12/site-packages/airflow/example_dags/example_branch_operator.py for tasks to queue
[2026-05-09T19:19:01.171+0000] {logging_mixin.py:188} INFO - [2026-05-09T19:19:01.170+0000] {dagbag.py:545} INFO - Filling up the DagBag from /home/airflow/.local/lib/python3.12/site-packages/airflow/example_dags/example_branch_operator.py
[2026-05-09T19:19:01.186+0000] {processor.py:840} INFO - DAG(s) 'example_branch_operator' retrieved from /home/airflow/.local/lib/python3.12/site-packages/airflow/example_dags/example_branch_operator.py
[2026-05-09T19:19:01.215+0000] {logging_mixin.py:188} INFO - [2026-05-09T19:19:01.214+0000] {dag.py:3096} INFO - Sync 1 DAGs
[2026-05-09T19:19:01.239+0000] {logging_mixin.py:188} INFO - [2026-05-09T19:19:01.239+0000] {dag.py:3954} INFO - Setting next_dagrun for example_branch_operator to 2026-05-08 00:00:00+00:00, run_after=2026-05-09 00:00:00+00:00
[2026-05-09T19:19:01.261+0000] {processor.py:183} INFO - Processing /home/airflow/.local/lib/python3.12/site-packages/airflow/example_dags/example_branch_operator.py took 0.100 seconds
[2026-05-09T19:19:31.658+0000] {processor.py:161} INFO - Started process (PID=3268) to work on /home/airflow/.local/lib/python3.12/site-packages/airflow/example_dags/example_branch_operator.py
[2026-05-09T19:19:31.659+0000] {processor.py:830} INFO - Processing file /home/airflow/.local/lib/python3.12/site-packages/airflow/example_dags/example_branch_operator.py for tasks to queue
[2026-05-09T19:19:31.661+0000] {logging_mixin.py:188} INFO - [2026-05-09T19:19:31.661+0000] {dagbag.py:545} INFO - Filling up the DagBag from /home/airflow/.local/lib/python3.12/site-packages/airflow/example_dags/example_branch_operator.py
[2026-05-09T19:19:31.676+0000] {processor.py:840} INFO - DAG(s) 'example_branch_operator' retrieved from /home/airflow/.local/lib/python3.12/site-packages/airflow/example_dags/example_branch_operator.py
[2026-05-09T19:19:31.704+0000] {logging_mixin.py:188} INFO - [2026-05-09T19:19:31.704+0000] {dag.py:3096} INFO - Sync 1 DAGs
[2026-05-09T19:19:31.727+0000] {logging_mixin.py:188} INFO - [2026-05-09T19:19:31.727+0000] {dag.py:3954} INFO - Setting next_dagrun for example_branch_operator to 2026-05-08 00:00:00+00:00, run_after=2026-05-09 00:00:00+00:00
[2026-05-09T19:19:31.748+0000] {processor.py:183} INFO - Processing /home/airflow/.local/lib/python3.12/site-packages/airflow/example_dags/example_branch_operator.py took 0.096 seconds
[2026-05-09T19:20:02.173+0000] {processor.py:161} INFO - Started process (PID=3327) to work on /home/airflow/.local/lib/python3.12/site-packages/airflow/example_dags/example_branch_operator.py
[2026-05-09T19:20:02.174+0000] {processor.py:830} INFO - Processing file /home/airflow/.local/lib/python3.12/site-packages/airflow/example_dags/example_branch_operator.py for tasks to queue
[2026-05-09T19:20:02.176+0000] {logging_mixin.py:188} INFO - [2026-05-09T19:20:02.176+0000] {dagbag.py:545} INFO - Filling up the DagBag from /home/airflow/.local/lib/python3.12/site-packages/airflow/example_dags/example_branch_operator.py
[2026-05-09T19:20:02.191+0000] {processor.py:840} INFO - DAG(s) 'example_branch_operator' retrieved from /home/airflow/.local/lib/python3.12/site-packages/airflow/example_dags/example_branch_operator.py
[2026-05-09T19:20:02.220+0000] {logging_mixin.py:188} INFO - [2026-05-09T19:20:02.219+0000] {dag.py:3096} INFO - Sync 1 DAGs
[2026-05-09T19:20:02.244+0000] {logging_mixin.py:188} INFO - [2026-05-09T19:20:02.244+0000] {dag.py:3954} INFO - Setting next_dagrun for example_branch_operator to 2026-05-08 00:00:00+00:00, run_after=2026-05-09 00:00:00+00:00
[2026-05-09T19:20:02.266+0000] {processor.py:183} INFO - Processing /home/airflow/.local/lib/python3.12/site-packages/airflow/example_dags/example_branch_operator.py took 0.099 seconds
[2026-05-09T19:20:33.163+0000] {processor.py:161} INFO - Started process (PID=3386) to work on /home/airflow/.local/lib/python3.12/site-packages/airflow/example_dags/example_branch_operator.py
[2026-05-09T19:20:33.164+0000] {processor.py:830} INFO - Processing file /home/airflow/.local/lib/python3.12/site-packages/airflow/example_dags/example_branch_operator.py for tasks to queue
[2026-05-09T19:20:33.166+0000] {logging_mixin.py:188} INFO - [2026-05-09T19:20:33.166+0000] {dagbag.py:545} INFO - Filling up the DagBag from /home/airflow/.local/lib/python3.12/site-packages/airflow/example_dags/example_branch_operator.py
[2026-05-09T19:20:33.180+0000] {processor.py:840} INFO - DAG(s) 'example_branch_operator' retrieved from /home/airflow/.local/lib/python3.12/site-packages/airflow/example_dags/example_branch_operator.py
[2026-05-09T19:20:33.208+0000] {logging_mixin.py:188} INFO - [2026-05-09T19:20:33.208+0000] {dag.py:3096} INFO - Sync 1 DAGs
[2026-05-09T19:20:33.232+0000] {logging_mixin.py:188} INFO - [2026-05-09T19:20:33.232+0000] {dag.py:3954} INFO - Setting next_dagrun for example_branch_operator to 2026-05-08 00:00:00+00:00, run_after=2026-05-09 00:00:00+00:00
[2026-05-09T19:20:33.254+0000] {processor.py:183} INFO - Processing /home/airflow/.local/lib/python3.12/site-packages/airflow/example_dags/example_branch_operator.py took 0.097 seconds
[2026-05-09T19:21:03.816+0000] {processor.py:161} INFO - Started process (PID=3445) to work on /home/airflow/.local/lib/python3.12/site-packages/airflow/example_dags/example_branch_operator.py
[2026-05-09T19:21:03.817+0000] {processor.py:830} INFO - Processing file /home/airflow/.local/lib/python3.12/site-packages/airflow/example_dags/example_branch_operator.py for tasks to queue
[2026-05-09T19:21:03.819+0000] {logging_mixin.py:188} INFO - [2026-05-09T19:21:03.819+0000] {dagbag.py:545} INFO - Filling up the DagBag from /home/airflow/.local/lib/python3.12/site-packages/airflow/example_dags/example_branch_operator.py
[2026-05-09T19:21:03.834+0000] {processor.py:840} INFO - DAG(s) 'example_branch_operator' retrieved from /home/airflow/.local/lib/python3.12/site-packages/airflow/example_dags/example_branch_operator.py
[2026-05-09T19:21:03.862+0000] {logging_mixin.py:188} INFO - [2026-05-09T19:21:03.862+0000] {dag.py:3096} INFO - Sync 1 DAGs
[2026-05-09T19:21:03.886+0000] {logging_mixin.py:188} INFO - [2026-05-09T19:21:03.885+0000] {dag.py:3954} INFO - Setting next_dagrun for example_branch_operator to 2026-05-08 00:00:00+00:00, run_after=2026-05-09 00:00:00+00:00
[2026-05-09T19:21:03.909+0000] {processor.py:183} INFO - Processing /home/airflow/.local/lib/python3.12/site-packages/airflow/example_dags/example_branch_operator.py took 0.098 seconds
[2026-05-09T19:21:34.060+0000] {processor.py:161} INFO - Started process (PID=3504) to work on /home/airflow/.local/lib/python3.12/site-packages/airflow/example_dags/example_branch_operator.py
[2026-05-09T19:21:34.061+0000] {processor.py:830} INFO - Processing file /home/airflow/.local/lib/python3.12/site-packages/airflow/example_dags/example_branch_operator.py for tasks to queue
[2026-05-09T19:21:34.063+0000] {logging_mixin.py:188} INFO - [2026-05-09T19:21:34.062+0000] {dagbag.py:545} INFO - Filling up the DagBag from /home/airflow/.local/lib/python3.12/site-packages/airflow/example_dags/example_branch_operator.py
[2026-05-09T19:21:34.077+0000] {processor.py:840} INFO - DAG(s) 'example_branch_operator' retrieved from /home/airflow/.local/lib/python3.12/site-packages/airflow/example_dags/example_branch_operator.py
[2026-05-09T19:21:34.106+0000] {logging_mixin.py:188} INFO - [2026-05-09T19:21:34.106+0000] {dag.py:3096} INFO - Sync 1 DAGs
[2026-05-09T19:21:34.127+0000] {logging_mixin.py:188} INFO - [2026-05-09T19:21:34.127+0000] {dag.py:3954} INFO - Setting next_dagrun for example_branch_operator to 2026-05-08 00:00:00+00:00, run_after=2026-05-09 00:00:00+00:00
[2026-05-09T19:21:34.149+0000] {processor.py:183} INFO - Processing /home/airflow/.local/lib/python3.12/site-packages/airflow/example_dags/example_branch_operator.py took 0.094 seconds
[2026-05-09T19:22:04.890+0000] {processor.py:161} INFO - Started process (PID=3563) to work on /home/airflow/.local/lib/python3.12/site-packages/airflow/example_dags/example_branch_operator.py
[2026-05-09T19:22:04.891+0000] {processor.py:830} INFO - Processing file /home/airflow/.local/lib/python3.12/site-packages/airflow/example_dags/example_branch_operator.py for tasks to queue
[2026-05-09T19:22:04.894+0000] {logging_mixin.py:188} INFO - [2026-05-09T19:22:04.894+0000] {dagbag.py:545} INFO - Filling up the DagBag from /home/airflow/.local/lib/python3.12/site-packages/airflow/example_dags/example_branch_operator.py
[2026-05-09T19:22:04.911+0000] {processor.py:840} INFO - DAG(s) 'example_branch_operator' retrieved from /home/airflow/.local/lib/python3.12/site-packages/airflow/example_dags/example_branch_operator.py
[2026-05-09T19:22:04.942+0000] {logging_mixin.py:188} INFO - [2026-05-09T19:22:04.942+0000] {dag.py:3096} INFO - Sync 1 DAGs
[2026-05-09T19:22:04.965+0000] {logging_mixin.py:188} INFO - [2026-05-09T19:22:04.965+0000] {dag.py:3954} INFO - Setting next_dagrun for example_branch_operator to 2026-05-08 00:00:00+00:00, run_after=2026-05-09 00:00:00+00:00
[2026-05-09T19:22:04.991+0000] {processor.py:183} INFO - Processing /home/airflow/.local/lib/python3.12/site-packages/airflow/example_dags/example_branch_operator.py took 0.107 seconds
[2026-05-09T19:22:35.821+0000] {processor.py:161} INFO - Started process (PID=3622) to work on /home/airflow/.local/lib/python3.12/site-packages/airflow/example_dags/example_branch_operator.py
[2026-05-09T19:22:35.822+0000] {processor.py:830} INFO - Processing file /home/airflow/.local/lib/python3.12/site-packages/airflow/example_dags/example_branch_operator.py for tasks to queue
[2026-05-09T19:22:35.824+0000] {logging_mixin.py:188} INFO - [2026-05-09T19:22:35.824+0000] {dagbag.py:545} INFO - Filling up the DagBag from /home/airflow/.local/lib/python3.12/site-packages/airflow/example_dags/example_branch_operator.py
[2026-05-09T19:22:35.843+0000] {processor.py:840} INFO - DAG(s) 'example_branch_operator' retrieved from /home/airflow/.local/lib/python3.12/site-packages/airflow/example_dags/example_branch_operator.py
[2026-05-09T19:22:35.877+0000] {logging_mixin.py:188} INFO - [2026-05-09T19:22:35.877+0000] {dag.py:3096} INFO - Sync 1 DAGs
[2026-05-09T19:22:35.899+0000] {logging_mixin.py:188} INFO - [2026-05-09T19:22:35.899+0000] {dag.py:3954} INFO - Setting next_dagrun for example_branch_operator to 2026-05-08 00:00:00+00:00, run_after=2026-05-09 00:00:00+00:00
[2026-05-09T19:22:35.921+0000] {processor.py:183} INFO - Processing /home/airflow/.local/lib/python3.12/site-packages/airflow/example_dags/example_branch_operator.py took 0.107 seconds
[2026-05-09T19:23:06.087+0000] {processor.py:161} INFO - Started process (PID=3681) to work on /home/airflow/.local/lib/python3.12/site-packages/airflow/example_dags/example_branch_operator.py
[2026-05-09T19:23:06.088+0000] {processor.py:830} INFO - Processing file /home/airflow/.local/lib/python3.12/site-packages/airflow/example_dags/example_branch_operator.py for tasks to queue
[2026-05-09T19:23:06.090+0000] {logging_mixin.py:188} INFO - [2026-05-09T19:23:06.090+0000] {dagbag.py:545} INFO - Filling up the DagBag from /home/airflow/.local/lib/python3.12/site-packages/airflow/example_dags/example_branch_operator.py
[2026-05-09T19:23:06.105+0000] {processor.py:840} INFO - DAG(s) 'example_branch_operator' retrieved from /home/airflow/.local/lib/python3.12/site-packages/airflow/example_dags/example_branch_operator.py
[2026-05-09T19:23:06.136+0000] {logging_mixin.py:188} INFO - [2026-05-09T19:23:06.135+0000] {dag.py:3096} INFO - Sync 1 DAGs
[2026-05-09T19:23:06.160+0000] {logging_mixin.py:188} INFO - [2026-05-09T19:23:06.159+0000] {dag.py:3954} INFO - Setting next_dagrun for example_branch_operator to 2026-05-08 00:00:00+00:00, run_after=2026-05-09 00:00:00+00:00
[2026-05-09T19:23:06.182+0000] {processor.py:183} INFO - Processing /home/airflow/.local/lib/python3.12/site-packages/airflow/example_dags/example_branch_operator.py took 0.100 seconds
[2026-05-09T19:23:36.627+0000] {processor.py:161} INFO - Started process (PID=3740) to work on /home/airflow/.local/lib/python3.12/site-packages/airflow/example_dags/example_branch_operator.py
[2026-05-09T19:23:36.628+0000] {processor.py:830} INFO - Processing file /home/airflow/.local/lib/python3.12/site-packages/airflow/example_dags/example_branch_operator.py for tasks to queue
[2026-05-09T19:23:36.630+0000] {logging_mixin.py:188} INFO - [2026-05-09T19:23:36.630+0000] {dagbag.py:545} INFO - Filling up the DagBag from /home/airflow/.local/lib/python3.12/site-packages/airflow/example_dags/example_branch_operator.py
[2026-05-09T19:23:36.645+0000] {processor.py:840} INFO - DAG(s) 'example_branch_operator' retrieved from /home/airflow/.local/lib/python3.12/site-packages/airflow/example_dags/example_branch_operator.py
[2026-05-09T19:23:36.676+0000] {logging_mixin.py:188} INFO - [2026-05-09T19:23:36.675+0000] {dag.py:3096} INFO - Sync 1 DAGs
[2026-05-09T19:23:36.701+0000] {logging_mixin.py:188} INFO - [2026-05-09T19:23:36.700+0000] {dag.py:3954} INFO - Setting next_dagrun for example_branch_operator to 2026-05-08 00:00:00+00:00, run_after=2026-05-09 00:00:00+00:00
[2026-05-09T19:23:36.725+0000] {processor.py:183} INFO - Processing /home/airflow/.local/lib/python3.12/site-packages/airflow/example_dags/example_branch_operator.py took 0.104 seconds
[2026-05-09T19:24:07.573+0000] {processor.py:161} INFO - Started process (PID=3799) to work on /home/airflow/.local/lib/python3.12/site-packages/airflow/example_dags/example_branch_operator.py
[2026-05-09T19:24:07.574+0000] {processor.py:830} INFO - Processing file /home/airflow/.local/lib/python3.12/site-packages/airflow/example_dags/example_branch_operator.py for tasks to queue
[2026-05-09T19:24:07.576+0000] {logging_mixin.py:188} INFO - [2026-05-09T19:24:07.576+0000] {dagbag.py:545} INFO - Filling up the DagBag from /home/airflow/.local/lib/python3.12/site-packages/airflow/example_dags/example_branch_operator.py
[2026-05-09T19:24:07.592+0000] {processor.py:840} INFO - DAG(s) 'example_branch_operator' retrieved from /home/airflow/.local/lib/python3.12/site-packages/airflow/example_dags/example_branch_operator.py
[2026-05-09T19:24:07.624+0000] {logging_mixin.py:188} INFO - [2026-05-09T19:24:07.623+0000] {dag.py:3096} INFO - Sync 1 DAGs
[2026-05-09T19:24:07.651+0000] {logging_mixin.py:188} INFO - [2026-05-09T19:24:07.651+0000] {dag.py:3954} INFO - Setting next_dagrun for example_branch_operator to 2026-05-08 00:00:00+00:00, run_after=2026-05-09 00:00:00+00:00
[2026-05-09T19:24:07.675+0000] {processor.py:183} INFO - Processing /home/airflow/.local/lib/python3.12/site-packages/airflow/example_dags/example_branch_operator.py took 0.108 seconds
[2026-05-09T19:24:38.297+0000] {processor.py:161} INFO - Started process (PID=3858) to work on /home/airflow/.local/lib/python3.12/site-packages/airflow/example_dags/example_branch_operator.py
[2026-05-09T19:24:38.298+0000] {processor.py:830} INFO - Processing file /home/airflow/.local/lib/python3.12/site-packages/airflow/example_dags/example_branch_operator.py for tasks to queue
[2026-05-09T19:24:38.300+0000] {logging_mixin.py:188} INFO - [2026-05-09T19:24:38.300+0000] {dagbag.py:545} INFO - Filling up the DagBag from /home/airflow/.local/lib/python3.12/site-packages/airflow/example_dags/example_branch_operator.py
[2026-05-09T19:24:38.319+0000] {processor.py:840} INFO - DAG(s) 'example_branch_operator' retrieved from /home/airflow/.local/lib/python3.12/site-packages/airflow/example_dags/example_branch_operator.py
[2026-05-09T19:24:38.347+0000] {logging_mixin.py:188} INFO - [2026-05-09T19:24:38.347+0000] {dag.py:3096} INFO - Sync 1 DAGs
[2026-05-09T19:24:38.370+0000] {logging_mixin.py:188} INFO - [2026-05-09T19:24:38.370+0000] {dag.py:3954} INFO - Setting next_dagrun for example_branch_operator to 2026-05-08 00:00:00+00:00, run_after=2026-05-09 00:00:00+00:00
[2026-05-09T19:24:38.397+0000] {processor.py:183} INFO - Processing /home/airflow/.local/lib/python3.12/site-packages/airflow/example_dags/example_branch_operator.py took 0.106 seconds
[2026-05-09T19:25:08.768+0000] {processor.py:161} INFO - Started process (PID=3917) to work on /home/airflow/.local/lib/python3.12/site-packages/airflow/example_dags/example_branch_operator.py
[2026-05-09T19:25:08.769+0000] {processor.py:830} INFO - Processing file /home/airflow/.local/lib/python3.12/site-packages/airflow/example_dags/example_branch_operator.py for tasks to queue
[2026-05-09T19:25:08.771+0000] {logging_mixin.py:188} INFO - [2026-05-09T19:25:08.771+0000] {dagbag.py:545} INFO - Filling up the DagBag from /home/airflow/.local/lib/python3.12/site-packages/airflow/example_dags/example_branch_operator.py
[2026-05-09T19:25:08.786+0000] {processor.py:840} INFO - DAG(s) 'example_branch_operator' retrieved from /home/airflow/.local/lib/python3.12/site-packages/airflow/example_dags/example_branch_operator.py
[2026-05-09T19:25:08.814+0000] {logging_mixin.py:188} INFO - [2026-05-09T19:25:08.813+0000] {dag.py:3096} INFO - Sync 1 DAGs
[2026-05-09T19:25:08.836+0000] {logging_mixin.py:188} INFO - [2026-05-09T19:25:08.836+0000] {dag.py:3954} INFO - Setting next_dagrun for example_branch_operator to 2026-05-08 00:00:00+00:00, run_after=2026-05-09 00:00:00+00:00
[2026-05-09T19:25:08.858+0000] {processor.py:183} INFO - Processing /home/airflow/.local/lib/python3.12/site-packages/airflow/example_dags/example_branch_operator.py took 0.097 seconds
[2026-05-09T19:25:39.644+0000] {processor.py:161} INFO - Started process (PID=3976) to work on /home/airflow/.local/lib/python3.12/site-packages/airflow/example_dags/example_branch_operator.py
[2026-05-09T19:25:39.645+0000] {processor.py:830} INFO - Processing file /home/airflow/.local/lib/python3.12/site-packages/airflow/example_dags/example_branch_operator.py for tasks to queue
[2026-05-09T19:25:39.648+0000] {logging_mixin.py:188} INFO - [2026-05-09T19:25:39.647+0000] {dagbag.py:545} INFO - Filling up the DagBag from /home/airflow/.local/lib/python3.12/site-packages/airflow/example_dags/example_branch_operator.py
[2026-05-09T19:25:39.663+0000] {processor.py:840} INFO - DAG(s) 'example_branch_operator' retrieved from /home/airflow/.local/lib/python3.12/site-packages/airflow/example_dags/example_branch_operator.py
[2026-05-09T19:25:39.692+0000] {logging_mixin.py:188} INFO - [2026-05-09T19:25:39.692+0000] {dag.py:3096} INFO - Sync 1 DAGs
[2026-05-09T19:25:39.714+0000] {logging_mixin.py:188} INFO - [2026-05-09T19:25:39.714+0000] {dag.py:3954} INFO - Setting next_dagrun for example_branch_operator to 2026-05-08 00:00:00+00:00, run_after=2026-05-09 00:00:00+00:00
[2026-05-09T19:25:39.736+0000] {processor.py:183} INFO - Processing /home/airflow/.local/lib/python3.12/site-packages/airflow/example_dags/example_branch_operator.py took 0.097 seconds
[2026-05-09T19:26:10.735+0000] {processor.py:161} INFO - Started process (PID=4035) to work on /home/airflow/.local/lib/python3.12/site-packages/airflow/example_dags/example_branch_operator.py
[2026-05-09T19:26:10.736+0000] {processor.py:830} INFO - Processing file /home/airflow/.local/lib/python3.12/site-packages/airflow/example_dags/example_branch_operator.py for tasks to queue
[2026-05-09T19:26:10.738+0000] {logging_mixin.py:188} INFO - [2026-05-09T19:26:10.738+0000] {dagbag.py:545} INFO - Filling up the DagBag from /home/airflow/.local/lib/python3.12/site-packages/airflow/example_dags/example_branch_operator.py
[2026-05-09T19:26:10.753+0000] {processor.py:840} INFO - DAG(s) 'example_branch_operator' retrieved from /home/airflow/.local/lib/python3.12/site-packages/airflow/example_dags/example_branch_operator.py
[2026-05-09T19:26:10.781+0000] {logging_mixin.py:188} INFO - [2026-05-09T19:26:10.781+0000] {dag.py:3096} INFO - Sync 1 DAGs
[2026-05-09T19:26:10.805+0000] {logging_mixin.py:188} INFO - [2026-05-09T19:26:10.804+0000] {dag.py:3954} INFO - Setting next_dagrun for example_branch_operator to 2026-05-08 00:00:00+00:00, run_after=2026-05-09 00:00:00+00:00
[2026-05-09T19:26:10.825+0000] {processor.py:183} INFO - Processing /home/airflow/.local/lib/python3.12/site-packages/airflow/example_dags/example_branch_operator.py took 0.095 seconds
[2026-05-09T19:26:41.683+0000] {processor.py:161} INFO - Started process (PID=4094) to work on /home/airflow/.local/lib/python3.12/site-packages/airflow/example_dags/example_branch_operator.py
[2026-05-09T19:26:41.684+0000] {processor.py:830} INFO - Processing file /home/airflow/.local/lib/python3.12/site-packages/airflow/example_dags/example_branch_operator.py for tasks to queue
[2026-05-09T19:26:41.686+0000] {logging_mixin.py:188} INFO - [2026-05-09T19:26:41.686+0000] {dagbag.py:545} INFO - Filling up the DagBag from /home/airflow/.local/lib/python3.12/site-packages/airflow/example_dags/example_branch_operator.py
[2026-05-09T19:26:41.701+0000] {processor.py:840} INFO - DAG(s) 'example_branch_operator' retrieved from /home/airflow/.local/lib/python3.12/site-packages/airflow/example_dags/example_branch_operator.py
[2026-05-09T19:26:41.730+0000] {logging_mixin.py:188} INFO - [2026-05-09T19:26:41.729+0000] {dag.py:3096} INFO - Sync 1 DAGs
[2026-05-09T19:26:41.752+0000] {logging_mixin.py:188} INFO - [2026-05-09T19:26:41.752+0000] {dag.py:3954} INFO - Setting next_dagrun for example_branch_operator to 2026-05-08 00:00:00+00:00, run_after=2026-05-09 00:00:00+00:00
[2026-05-09T19:26:41.779+0000] {processor.py:183} INFO - Processing /home/airflow/.local/lib/python3.12/site-packages/airflow/example_dags/example_branch_operator.py took 0.102 seconds
[2026-05-09T19:27:12.017+0000] {processor.py:161} INFO - Started process (PID=4153) to work on /home/airflow/.local/lib/python3.12/site-packages/airflow/example_dags/example_branch_operator.py
[2026-05-09T19:27:12.018+0000] {processor.py:830} INFO - Processing file /home/airflow/.local/lib/python3.12/site-packages/airflow/example_dags/example_branch_operator.py for tasks to queue
[2026-05-09T19:27:12.020+0000] {logging_mixin.py:188} INFO - [2026-05-09T19:27:12.019+0000] {dagbag.py:545} INFO - Filling up the DagBag from /home/airflow/.local/lib/python3.12/site-packages/airflow/example_dags/example_branch_operator.py
[2026-05-09T19:27:12.037+0000] {processor.py:840} INFO - DAG(s) 'example_branch_operator' retrieved from /home/airflow/.local/lib/python3.12/site-packages/airflow/example_dags/example_branch_operator.py
[2026-05-09T19:27:12.068+0000] {logging_mixin.py:188} INFO - [2026-05-09T19:27:12.068+0000] {dag.py:3096} INFO - Sync 1 DAGs
[2026-05-09T19:27:12.093+0000] {logging_mixin.py:188} INFO - [2026-05-09T19:27:12.093+0000] {dag.py:3954} INFO - Setting next_dagrun for example_branch_operator to 2026-05-08 00:00:00+00:00, run_after=2026-05-09 00:00:00+00:00
[2026-05-09T19:27:12.118+0000] {processor.py:183} INFO - Processing /home/airflow/.local/lib/python3.12/site-packages/airflow/example_dags/example_branch_operator.py took 0.106 seconds
[2026-05-09T19:27:42.948+0000] {processor.py:161} INFO - Started process (PID=4212) to work on /home/airflow/.local/lib/python3.12/site-packages/airflow/example_dags/example_branch_operator.py
[2026-05-09T19:27:42.949+0000] {processor.py:830} INFO - Processing file /home/airflow/.local/lib/python3.12/site-packages/airflow/example_dags/example_branch_operator.py for tasks to queue
[2026-05-09T19:27:42.951+0000] {logging_mixin.py:188} INFO - [2026-05-09T19:27:42.951+0000] {dagbag.py:545} INFO - Filling up the DagBag from /home/airflow/.local/lib/python3.12/site-packages/airflow/example_dags/example_branch_operator.py
[2026-05-09T19:27:42.966+0000] {processor.py:840} INFO - DAG(s) 'example_branch_operator' retrieved from /home/airflow/.local/lib/python3.12/site-packages/airflow/example_dags/example_branch_operator.py
[2026-05-09T19:27:42.994+0000] {logging_mixin.py:188} INFO - [2026-05-09T19:27:42.994+0000] {dag.py:3096} INFO - Sync 1 DAGs
[2026-05-09T19:27:43.015+0000] {logging_mixin.py:188} INFO - [2026-05-09T19:27:43.015+0000] {dag.py:3954} INFO - Setting next_dagrun for example_branch_operator to 2026-05-08 00:00:00+00:00, run_after=2026-05-09 00:00:00+00:00
[2026-05-09T19:27:43.038+0000] {processor.py:183} INFO - Processing /home/airflow/.local/lib/python3.12/site-packages/airflow/example_dags/example_branch_operator.py took 0.094 seconds
[2026-05-09T19:28:13.182+0000] {processor.py:161} INFO - Started process (PID=4271) to work on /home/airflow/.local/lib/python3.12/site-packages/airflow/example_dags/example_branch_operator.py
[2026-05-09T19:28:13.183+0000] {processor.py:830} INFO - Processing file /home/airflow/.local/lib/python3.12/site-packages/airflow/example_dags/example_branch_operator.py for tasks to queue
[2026-05-09T19:28:13.185+0000] {logging_mixin.py:188} INFO - [2026-05-09T19:28:13.185+0000] {dagbag.py:545} INFO - Filling up the DagBag from /home/airflow/.local/lib/python3.12/site-packages/airflow/example_dags/example_branch_operator.py
[2026-05-09T19:28:13.201+0000] {processor.py:840} INFO - DAG(s) 'example_branch_operator' retrieved from /home/airflow/.local/lib/python3.12/site-packages/airflow/example_dags/example_branch_operator.py
[2026-05-09T19:28:13.230+0000] {logging_mixin.py:188} INFO - [2026-05-09T19:28:13.230+0000] {dag.py:3096} INFO - Sync 1 DAGs
[2026-05-09T19:28:13.253+0000] {logging_mixin.py:188} INFO - [2026-05-09T19:28:13.253+0000] {dag.py:3954} INFO - Setting next_dagrun for example_branch_operator to 2026-05-08 00:00:00+00:00, run_after=2026-05-09 00:00:00+00:00
[2026-05-09T19:28:13.274+0000] {processor.py:183} INFO - Processing /home/airflow/.local/lib/python3.12/site-packages/airflow/example_dags/example_branch_operator.py took 0.098 seconds
[2026-05-09T19:28:43.761+0000] {processor.py:161} INFO - Started process (PID=4330) to work on /home/airflow/.local/lib/python3.12/site-packages/airflow/example_dags/example_branch_operator.py
[2026-05-09T19:28:43.762+0000] {processor.py:830} INFO - Processing file /home/airflow/.local/lib/python3.12/site-packages/airflow/example_dags/example_branch_operator.py for tasks to queue
[2026-05-09T19:28:43.765+0000] {logging_mixin.py:188} INFO - [2026-05-09T19:28:43.764+0000] {dagbag.py:545} INFO - Filling up the DagBag from /home/airflow/.local/lib/python3.12/site-packages/airflow/example_dags/example_branch_operator.py
[2026-05-09T19:28:43.780+0000] {processor.py:840} INFO - DAG(s) 'example_branch_operator' retrieved from /home/airflow/.local/lib/python3.12/site-packages/airflow/example_dags/example_branch_operator.py
[2026-05-09T19:28:43.810+0000] {logging_mixin.py:188} INFO - [2026-05-09T19:28:43.810+0000] {dag.py:3096} INFO - Sync 1 DAGs
[2026-05-09T19:28:43.835+0000] {logging_mixin.py:188} INFO - [2026-05-09T19:28:43.834+0000] {dag.py:3954} INFO - Setting next_dagrun for example_branch_operator to 2026-05-08 00:00:00+00:00, run_after=2026-05-09 00:00:00+00:00
[2026-05-09T19:28:43.859+0000] {processor.py:183} INFO - Processing /home/airflow/.local/lib/python3.12/site-packages/airflow/example_dags/example_branch_operator.py took 0.103 seconds
[2026-05-09T19:29:14.588+0000] {processor.py:161} INFO - Started process (PID=4389) to work on /home/airflow/.local/lib/python3.12/site-packages/airflow/example_dags/example_branch_operator.py
[2026-05-09T19:29:14.589+0000] {processor.py:830} INFO - Processing file /home/airflow/.local/lib/python3.12/site-packages/airflow/example_dags/example_branch_operator.py for tasks to queue
[2026-05-09T19:29:14.591+0000] {logging_mixin.py:188} INFO - [2026-05-09T19:29:14.591+0000] {dagbag.py:545} INFO - Filling up the DagBag from /home/airflow/.local/lib/python3.12/site-packages/airflow/example_dags/example_branch_operator.py
[2026-05-09T19:29:14.606+0000] {processor.py:840} INFO - DAG(s) 'example_branch_operator' retrieved from /home/airflow/.local/lib/python3.12/site-packages/airflow/example_dags/example_branch_operator.py
[2026-05-09T19:29:14.639+0000] {logging_mixin.py:188} INFO - [2026-05-09T19:29:14.638+0000] {dag.py:3096} INFO - Sync 1 DAGs
[2026-05-09T19:29:14.662+0000] {logging_mixin.py:188} INFO - [2026-05-09T19:29:14.661+0000] {dag.py:3954} INFO - Setting next_dagrun for example_branch_operator to 2026-05-08 00:00:00+00:00, run_after=2026-05-09 00:00:00+00:00
[2026-05-09T19:29:14.686+0000] {processor.py:183} INFO - Processing /home/airflow/.local/lib/python3.12/site-packages/airflow/example_dags/example_branch_operator.py took 0.104 seconds
[2026-05-09T19:29:45.346+0000] {processor.py:161} INFO - Started process (PID=4448) to work on /home/airflow/.local/lib/python3.12/site-packages/airflow/example_dags/example_branch_operator.py
[2026-05-09T19:29:45.347+0000] {processor.py:830} INFO - Processing file /home/airflow/.local/lib/python3.12/site-packages/airflow/example_dags/example_branch_operator.py for tasks to queue
[2026-05-09T19:29:45.350+0000] {logging_mixin.py:188} INFO - [2026-05-09T19:29:45.349+0000] {dagbag.py:545} INFO - Filling up the DagBag from /home/airflow/.local/lib/python3.12/site-packages/airflow/example_dags/example_branch_operator.py
[2026-05-09T19:29:45.365+0000] {processor.py:840} INFO - DAG(s) 'example_branch_operator' retrieved from /home/airflow/.local/lib/python3.12/site-packages/airflow/example_dags/example_branch_operator.py
[2026-05-09T19:29:45.395+0000] {logging_mixin.py:188} INFO - [2026-05-09T19:29:45.394+0000] {dag.py:3096} INFO - Sync 1 DAGs
[2026-05-09T19:29:45.419+0000] {logging_mixin.py:188} INFO - [2026-05-09T19:29:45.418+0000] {dag.py:3954} INFO - Setting next_dagrun for example_branch_operator to 2026-05-08 00:00:00+00:00, run_after=2026-05-09 00:00:00+00:00
[2026-05-09T19:29:45.441+0000] {processor.py:183} INFO - Processing /home/airflow/.local/lib/python3.12/site-packages/airflow/example_dags/example_branch_operator.py took 0.100 seconds
[2026-05-09T19:30:16.448+0000] {processor.py:161} INFO - Started process (PID=4507) to work on /home/airflow/.local/lib/python3.12/site-packages/airflow/example_dags/example_branch_operator.py
[2026-05-09T19:30:16.449+0000] {processor.py:830} INFO - Processing file /home/airflow/.local/lib/python3.12/site-packages/airflow/example_dags/example_branch_operator.py for tasks to queue
[2026-05-09T19:30:16.451+0000] {logging_mixin.py:188} INFO - [2026-05-09T19:30:16.451+0000] {dagbag.py:545} INFO - Filling up the DagBag from /home/airflow/.local/lib/python3.12/site-packages/airflow/example_dags/example_branch_operator.py
[2026-05-09T19:30:16.466+0000] {processor.py:840} INFO - DAG(s) 'example_branch_operator' retrieved from /home/airflow/.local/lib/python3.12/site-packages/airflow/example_dags/example_branch_operator.py
[2026-05-09T19:30:16.505+0000] {logging_mixin.py:188} INFO - [2026-05-09T19:30:16.505+0000] {dag.py:3096} INFO - Sync 1 DAGs
[2026-05-09T19:30:16.536+0000] {logging_mixin.py:188} INFO - [2026-05-09T19:30:16.535+0000] {dag.py:3954} INFO - Setting next_dagrun for example_branch_operator to 2026-05-08 00:00:00+00:00, run_after=2026-05-09 00:00:00+00:00
[2026-05-09T19:30:16.570+0000] {processor.py:183} INFO - Processing /home/airflow/.local/lib/python3.12/site-packages/airflow/example_dags/example_branch_operator.py took 0.127 seconds
[2026-05-09T19:30:46.872+0000] {processor.py:161} INFO - Started process (PID=4566) to work on /home/airflow/.local/lib/python3.12/site-packages/airflow/example_dags/example_branch_operator.py
[2026-05-09T19:30:46.873+0000] {processor.py:830} INFO - Processing file /home/airflow/.local/lib/python3.12/site-packages/airflow/example_dags/example_branch_operator.py for tasks to queue
[2026-05-09T19:30:46.875+0000] {logging_mixin.py:188} INFO - [2026-05-09T19:30:46.875+0000] {dagbag.py:545} INFO - Filling up the DagBag from /home/airflow/.local/lib/python3.12/site-packages/airflow/example_dags/example_branch_operator.py
[2026-05-09T19:30:46.889+0000] {processor.py:840} INFO - DAG(s) 'example_branch_operator' retrieved from /home/airflow/.local/lib/python3.12/site-packages/airflow/example_dags/example_branch_operator.py
[2026-05-09T19:30:46.916+0000] {logging_mixin.py:188} INFO - [2026-05-09T19:30:46.916+0000] {dag.py:3096} INFO - Sync 1 DAGs
[2026-05-09T19:30:46.940+0000] {logging_mixin.py:188} INFO - [2026-05-09T19:30:46.939+0000] {dag.py:3954} INFO - Setting next_dagrun for example_branch_operator to 2026-05-08 00:00:00+00:00, run_after=2026-05-09 00:00:00+00:00
[2026-05-09T19:30:46.964+0000] {processor.py:183} INFO - Processing /home/airflow/.local/lib/python3.12/site-packages/airflow/example_dags/example_branch_operator.py took 0.097 seconds
[2026-05-09T19:31:17.982+0000] {processor.py:161} INFO - Started process (PID=4625) to work on /home/airflow/.local/lib/python3.12/site-packages/airflow/example_dags/example_branch_operator.py
[2026-05-09T19:31:17.983+0000] {processor.py:830} INFO - Processing file /home/airflow/.local/lib/python3.12/site-packages/airflow/example_dags/example_branch_operator.py for tasks to queue
[2026-05-09T19:31:17.985+0000] {logging_mixin.py:188} INFO - [2026-05-09T19:31:17.985+0000] {dagbag.py:545} INFO - Filling up the DagBag from /home/airflow/.local/lib/python3.12/site-packages/airflow/example_dags/example_branch_operator.py
[2026-05-09T19:31:18.001+0000] {processor.py:840} INFO - DAG(s) 'example_branch_operator' retrieved from /home/airflow/.local/lib/python3.12/site-packages/airflow/example_dags/example_branch_operator.py
[2026-05-09T19:31:18.031+0000] {logging_mixin.py:188} INFO - [2026-05-09T19:31:18.031+0000] {dag.py:3096} INFO - Sync 1 DAGs
[2026-05-09T19:31:18.058+0000] {logging_mixin.py:188} INFO - [2026-05-09T19:31:18.058+0000] {dag.py:3954} INFO - Setting next_dagrun for example_branch_operator to 2026-05-08 00:00:00+00:00, run_after=2026-05-09 00:00:00+00:00
[2026-05-09T19:31:18.091+0000] {processor.py:183} INFO - Processing /home/airflow/.local/lib/python3.12/site-packages/airflow/example_dags/example_branch_operator.py took 0.114 seconds
[2026-05-09T19:31:48.905+0000] {processor.py:161} INFO - Started process (PID=4684) to work on /home/airflow/.local/lib/python3.12/site-packages/airflow/example_dags/example_branch_operator.py
[2026-05-09T19:31:48.907+0000] {processor.py:830} INFO - Processing file /home/airflow/.local/lib/python3.12/site-packages/airflow/example_dags/example_branch_operator.py for tasks to queue
[2026-05-09T19:31:48.909+0000] {logging_mixin.py:188} INFO - [2026-05-09T19:31:48.909+0000] {dagbag.py:545} INFO - Filling up the DagBag from /home/airflow/.local/lib/python3.12/site-packages/airflow/example_dags/example_branch_operator.py
[2026-05-09T19:31:48.924+0000] {processor.py:840} INFO - DAG(s) 'example_branch_operator' retrieved from /home/airflow/.local/lib/python3.12/site-packages/airflow/example_dags/example_branch_operator.py
[2026-05-09T19:31:48.954+0000] {logging_mixin.py:188} INFO - [2026-05-09T19:31:48.954+0000] {dag.py:3096} INFO - Sync 1 DAGs
[2026-05-09T19:31:48.976+0000] {logging_mixin.py:188} INFO - [2026-05-09T19:31:48.976+0000] {dag.py:3954} INFO - Setting next_dagrun for example_branch_operator to 2026-05-08 00:00:00+00:00, run_after=2026-05-09 00:00:00+00:00
[2026-05-09T19:31:49.000+0000] {processor.py:183} INFO - Processing /home/airflow/.local/lib/python3.12/site-packages/airflow/example_dags/example_branch_operator.py took 0.100 seconds
[2026-05-09T19:32:19.970+0000] {processor.py:161} INFO - Started process (PID=4743) to work on /home/airflow/.local/lib/python3.12/site-packages/airflow/example_dags/example_branch_operator.py
[2026-05-09T19:32:19.971+0000] {processor.py:830} INFO - Processing file /home/airflow/.local/lib/python3.12/site-packages/airflow/example_dags/example_branch_operator.py for tasks to queue
[2026-05-09T19:32:19.973+0000] {logging_mixin.py:188} INFO - [2026-05-09T19:32:19.972+0000] {dagbag.py:545} INFO - Filling up the DagBag from /home/airflow/.local/lib/python3.12/site-packages/airflow/example_dags/example_branch_operator.py
[2026-05-09T19:32:19.987+0000] {processor.py:840} INFO - DAG(s) 'example_branch_operator' retrieved from /home/airflow/.local/lib/python3.12/site-packages/airflow/example_dags/example_branch_operator.py
[2026-05-09T19:32:20.018+0000] {logging_mixin.py:188} INFO - [2026-05-09T19:32:20.018+0000] {dag.py:3096} INFO - Sync 1 DAGs
[2026-05-09T19:32:20.044+0000] {logging_mixin.py:188} INFO - [2026-05-09T19:32:20.044+0000] {dag.py:3954} INFO - Setting next_dagrun for example_branch_operator to 2026-05-08 00:00:00+00:00, run_after=2026-05-09 00:00:00+00:00
[2026-05-09T19:32:20.066+0000] {processor.py:183} INFO - Processing /home/airflow/.local/lib/python3.12/site-packages/airflow/example_dags/example_branch_operator.py took 0.102 seconds
[2026-05-09T19:32:50.798+0000] {processor.py:161} INFO - Started process (PID=4803) to work on /home/airflow/.local/lib/python3.12/site-packages/airflow/example_dags/example_branch_operator.py
[2026-05-09T19:32:50.799+0000] {processor.py:830} INFO - Processing file /home/airflow/.local/lib/python3.12/site-packages/airflow/example_dags/example_branch_operator.py for tasks to queue
[2026-05-09T19:32:50.802+0000] {logging_mixin.py:188} INFO - [2026-05-09T19:32:50.802+0000] {dagbag.py:545} INFO - Filling up the DagBag from /home/airflow/.local/lib/python3.12/site-packages/airflow/example_dags/example_branch_operator.py
[2026-05-09T19:32:50.818+0000] {processor.py:840} INFO - DAG(s) 'example_branch_operator' retrieved from /home/airflow/.local/lib/python3.12/site-packages/airflow/example_dags/example_branch_operator.py
[2026-05-09T19:32:50.852+0000] {logging_mixin.py:188} INFO - [2026-05-09T19:32:50.852+0000] {dag.py:3096} INFO - Sync 1 DAGs
[2026-05-09T19:32:50.875+0000] {logging_mixin.py:188} INFO - [2026-05-09T19:32:50.875+0000] {dag.py:3954} INFO - Setting next_dagrun for example_branch_operator to 2026-05-08 00:00:00+00:00, run_after=2026-05-09 00:00:00+00:00
[2026-05-09T19:32:50.898+0000] {processor.py:183} INFO - Processing /home/airflow/.local/lib/python3.12/site-packages/airflow/example_dags/example_branch_operator.py took 0.105 seconds
[2026-05-09T19:33:22.677+0000] {processor.py:161} INFO - Started process (PID=4862) to work on /home/airflow/.local/lib/python3.12/site-packages/airflow/example_dags/example_branch_operator.py
[2026-05-09T19:33:22.679+0000] {processor.py:830} INFO - Processing file /home/airflow/.local/lib/python3.12/site-packages/airflow/example_dags/example_branch_operator.py for tasks to queue
[2026-05-09T19:33:22.681+0000] {logging_mixin.py:188} INFO - [2026-05-09T19:33:22.681+0000] {dagbag.py:545} INFO - Filling up the DagBag from /home/airflow/.local/lib/python3.12/site-packages/airflow/example_dags/example_branch_operator.py
[2026-05-09T19:33:22.702+0000] {processor.py:840} INFO - DAG(s) 'example_branch_operator' retrieved from /home/airflow/.local/lib/python3.12/site-packages/airflow/example_dags/example_branch_operator.py
[2026-05-09T19:33:22.739+0000] {logging_mixin.py:188} INFO - [2026-05-09T19:33:22.738+0000] {dag.py:3096} INFO - Sync 1 DAGs
[2026-05-09T19:33:22.768+0000] {logging_mixin.py:188} INFO - [2026-05-09T19:33:22.767+0000] {dag.py:3954} INFO - Setting next_dagrun for example_branch_operator to 2026-05-08 00:00:00+00:00, run_after=2026-05-09 00:00:00+00:00
[2026-05-09T19:33:22.804+0000] {processor.py:183} INFO - Processing /home/airflow/.local/lib/python3.12/site-packages/airflow/example_dags/example_branch_operator.py took 0.133 seconds
[2026-05-09T19:33:52.943+0000] {processor.py:161} INFO - Started process (PID=4921) to work on /home/airflow/.local/lib/python3.12/site-packages/airflow/example_dags/example_branch_operator.py
[2026-05-09T19:33:52.945+0000] {processor.py:830} INFO - Processing file /home/airflow/.local/lib/python3.12/site-packages/airflow/example_dags/example_branch_operator.py for tasks to queue
[2026-05-09T19:33:52.948+0000] {logging_mixin.py:188} INFO - [2026-05-09T19:33:52.947+0000] {dagbag.py:545} INFO - Filling up the DagBag from /home/airflow/.local/lib/python3.12/site-packages/airflow/example_dags/example_branch_operator.py
[2026-05-09T19:33:52.967+0000] {processor.py:840} INFO - DAG(s) 'example_branch_operator' retrieved from /home/airflow/.local/lib/python3.12/site-packages/airflow/example_dags/example_branch_operator.py
[2026-05-09T19:33:53.002+0000] {logging_mixin.py:188} INFO - [2026-05-09T19:33:53.001+0000] {dag.py:3096} INFO - Sync 1 DAGs
[2026-05-09T19:33:53.026+0000] {logging_mixin.py:188} INFO - [2026-05-09T19:33:53.026+0000] {dag.py:3954} INFO - Setting next_dagrun for example_branch_operator to 2026-05-08 00:00:00+00:00, run_after=2026-05-09 00:00:00+00:00
[2026-05-09T19:33:53.054+0000] {processor.py:183} INFO - Processing /home/airflow/.local/lib/python3.12/site-packages/airflow/example_dags/example_branch_operator.py took 0.120 seconds
[2026-05-09T19:34:23.948+0000] {processor.py:161} INFO - Started process (PID=4980) to work on /home/airflow/.local/lib/python3.12/site-packages/airflow/example_dags/example_branch_operator.py
[2026-05-09T19:34:23.949+0000] {processor.py:830} INFO - Processing file /home/airflow/.local/lib/python3.12/site-packages/airflow/example_dags/example_branch_operator.py for tasks to queue
[2026-05-09T19:34:23.951+0000] {logging_mixin.py:188} INFO - [2026-05-09T19:34:23.950+0000] {dagbag.py:545} INFO - Filling up the DagBag from /home/airflow/.local/lib/python3.12/site-packages/airflow/example_dags/example_branch_operator.py
[2026-05-09T19:34:23.965+0000] {processor.py:840} INFO - DAG(s) 'example_branch_operator' retrieved from /home/airflow/.local/lib/python3.12/site-packages/airflow/example_dags/example_branch_operator.py
[2026-05-09T19:34:23.993+0000] {logging_mixin.py:188} INFO - [2026-05-09T19:34:23.993+0000] {dag.py:3096} INFO - Sync 1 DAGs
[2026-05-09T19:34:24.017+0000] {logging_mixin.py:188} INFO - [2026-05-09T19:34:24.016+0000] {dag.py:3954} INFO - Setting next_dagrun for example_branch_operator to 2026-05-08 00:00:00+00:00, run_after=2026-05-09 00:00:00+00:00
[2026-05-09T19:34:24.039+0000] {processor.py:183} INFO - Processing /home/airflow/.local/lib/python3.12/site-packages/airflow/example_dags/example_branch_operator.py took 0.098 seconds
[2026-05-09T19:34:54.158+0000] {processor.py:161} INFO - Started process (PID=5039) to work on /home/airflow/.local/lib/python3.12/site-packages/airflow/example_dags/example_branch_operator.py
[2026-05-09T19:34:54.159+0000] {processor.py:830} INFO - Processing file /home/airflow/.local/lib/python3.12/site-packages/airflow/example_dags/example_branch_operator.py for tasks to queue
[2026-05-09T19:34:54.162+0000] {logging_mixin.py:188} INFO - [2026-05-09T19:34:54.161+0000] {dagbag.py:545} INFO - Filling up the DagBag from /home/airflow/.local/lib/python3.12/site-packages/airflow/example_dags/example_branch_operator.py
[2026-05-09T19:34:54.178+0000] {processor.py:840} INFO - DAG(s) 'example_branch_operator' retrieved from /home/airflow/.local/lib/python3.12/site-packages/airflow/example_dags/example_branch_operator.py
[2026-05-09T19:34:54.211+0000] {logging_mixin.py:188} INFO - [2026-05-09T19:34:54.211+0000] {dag.py:3096} INFO - Sync 1 DAGs
[2026-05-09T19:34:54.239+0000] {logging_mixin.py:188} INFO - [2026-05-09T19:34:54.238+0000] {dag.py:3954} INFO - Setting next_dagrun for example_branch_operator to 2026-05-08 00:00:00+00:00, run_after=2026-05-09 00:00:00+00:00
[2026-05-09T19:34:54.273+0000] {processor.py:183} INFO - Processing /home/airflow/.local/lib/python3.12/site-packages/airflow/example_dags/example_branch_operator.py took 0.121 seconds
[2026-05-09T19:35:25.685+0000] {processor.py:161} INFO - Started process (PID=5099) to work on /home/airflow/.local/lib/python3.12/site-packages/airflow/example_dags/example_branch_operator.py
[2026-05-09T19:35:25.686+0000] {processor.py:830} INFO - Processing file /home/airflow/.local/lib/python3.12/site-packages/airflow/example_dags/example_branch_operator.py for tasks to queue
[2026-05-09T19:35:25.689+0000] {logging_mixin.py:188} INFO - [2026-05-09T19:35:25.688+0000] {dagbag.py:545} INFO - Filling up the DagBag from /home/airflow/.local/lib/python3.12/site-packages/airflow/example_dags/example_branch_operator.py
[2026-05-09T19:35:25.706+0000] {processor.py:840} INFO - DAG(s) 'example_branch_operator' retrieved from /home/airflow/.local/lib/python3.12/site-packages/airflow/example_dags/example_branch_operator.py
[2026-05-09T19:35:25.749+0000] {logging_mixin.py:188} INFO - [2026-05-09T19:35:25.748+0000] {dag.py:3096} INFO - Sync 1 DAGs
[2026-05-09T19:35:25.773+0000] {logging_mixin.py:188} INFO - [2026-05-09T19:35:25.773+0000] {dag.py:3954} INFO - Setting next_dagrun for example_branch_operator to 2026-05-08 00:00:00+00:00, run_after=2026-05-09 00:00:00+00:00
[2026-05-09T19:35:25.801+0000] {processor.py:183} INFO - Processing /home/airflow/.local/lib/python3.12/site-packages/airflow/example_dags/example_branch_operator.py took 0.122 seconds
[2026-05-09T19:35:56.095+0000] {processor.py:161} INFO - Started process (PID=5158) to work on /home/airflow/.local/lib/python3.12/site-packages/airflow/example_dags/example_branch_operator.py
[2026-05-09T19:35:56.096+0000] {processor.py:830} INFO - Processing file /home/airflow/.local/lib/python3.12/site-packages/airflow/example_dags/example_branch_operator.py for tasks to queue
[2026-05-09T19:35:56.098+0000] {logging_mixin.py:188} INFO - [2026-05-09T19:35:56.098+0000] {dagbag.py:545} INFO - Filling up the DagBag from /home/airflow/.local/lib/python3.12/site-packages/airflow/example_dags/example_branch_operator.py
[2026-05-09T19:35:56.114+0000] {processor.py:840} INFO - DAG(s) 'example_branch_operator' retrieved from /home/airflow/.local/lib/python3.12/site-packages/airflow/example_dags/example_branch_operator.py
[2026-05-09T19:35:56.144+0000] {logging_mixin.py:188} INFO - [2026-05-09T19:35:56.144+0000] {dag.py:3096} INFO - Sync 1 DAGs
[2026-05-09T19:35:56.166+0000] {logging_mixin.py:188} INFO - [2026-05-09T19:35:56.166+0000] {dag.py:3954} INFO - Setting next_dagrun for example_branch_operator to 2026-05-08 00:00:00+00:00, run_after=2026-05-09 00:00:00+00:00
[2026-05-09T19:35:56.186+0000] {processor.py:183} INFO - Processing /home/airflow/.local/lib/python3.12/site-packages/airflow/example_dags/example_branch_operator.py took 0.097 seconds
[2026-05-09T19:36:26.878+0000] {processor.py:161} INFO - Started process (PID=5217) to work on /home/airflow/.local/lib/python3.12/site-packages/airflow/example_dags/example_branch_operator.py
[2026-05-09T19:36:26.880+0000] {processor.py:830} INFO - Processing file /home/airflow/.local/lib/python3.12/site-packages/airflow/example_dags/example_branch_operator.py for tasks to queue
[2026-05-09T19:36:26.883+0000] {logging_mixin.py:188} INFO - [2026-05-09T19:36:26.882+0000] {dagbag.py:545} INFO - Filling up the DagBag from /home/airflow/.local/lib/python3.12/site-packages/airflow/example_dags/example_branch_operator.py
[2026-05-09T19:36:26.901+0000] {processor.py:840} INFO - DAG(s) 'example_branch_operator' retrieved from /home/airflow/.local/lib/python3.12/site-packages/airflow/example_dags/example_branch_operator.py
[2026-05-09T19:36:26.933+0000] {logging_mixin.py:188} INFO - [2026-05-09T19:36:26.933+0000] {dag.py:3096} INFO - Sync 1 DAGs
[2026-05-09T19:36:26.960+0000] {logging_mixin.py:188} INFO - [2026-05-09T19:36:26.960+0000] {dag.py:3954} INFO - Setting next_dagrun for example_branch_operator to 2026-05-08 00:00:00+00:00, run_after=2026-05-09 00:00:00+00:00
[2026-05-09T19:36:26.984+0000] {processor.py:183} INFO - Processing /home/airflow/.local/lib/python3.12/site-packages/airflow/example_dags/example_branch_operator.py took 0.112 seconds
[2026-05-09T19:36:58.033+0000] {processor.py:161} INFO - Started process (PID=5276) to work on /home/airflow/.local/lib/python3.12/site-packages/airflow/example_dags/example_branch_operator.py
[2026-05-09T19:36:58.035+0000] {processor.py:830} INFO - Processing file /home/airflow/.local/lib/python3.12/site-packages/airflow/example_dags/example_branch_operator.py for tasks to queue
[2026-05-09T19:36:58.038+0000] {logging_mixin.py:188} INFO - [2026-05-09T19:36:58.037+0000] {dagbag.py:545} INFO - Filling up the DagBag from /home/airflow/.local/lib/python3.12/site-packages/airflow/example_dags/example_branch_operator.py
[2026-05-09T19:36:58.058+0000] {processor.py:840} INFO - DAG(s) 'example_branch_operator' retrieved from /home/airflow/.local/lib/python3.12/site-packages/airflow/example_dags/example_branch_operator.py
[2026-05-09T19:36:58.095+0000] {logging_mixin.py:188} INFO - [2026-05-09T19:36:58.095+0000] {dag.py:3096} INFO - Sync 1 DAGs
[2026-05-09T19:36:58.127+0000] {logging_mixin.py:188} INFO - [2026-05-09T19:36:58.126+0000] {dag.py:3954} INFO - Setting next_dagrun for example_branch_operator to 2026-05-08 00:00:00+00:00, run_after=2026-05-09 00:00:00+00:00
[2026-05-09T19:36:58.163+0000] {processor.py:183} INFO - Processing /home/airflow/.local/lib/python3.12/site-packages/airflow/example_dags/example_branch_operator.py took 0.137 seconds
[2026-05-09T19:37:28.908+0000] {processor.py:161} INFO - Started process (PID=5335) to work on /home/airflow/.local/lib/python3.12/site-packages/airflow/example_dags/example_branch_operator.py
[2026-05-09T19:37:28.909+0000] {processor.py:830} INFO - Processing file /home/airflow/.local/lib/python3.12/site-packages/airflow/example_dags/example_branch_operator.py for tasks to queue
[2026-05-09T19:37:28.911+0000] {logging_mixin.py:188} INFO - [2026-05-09T19:37:28.911+0000] {dagbag.py:545} INFO - Filling up the DagBag from /home/airflow/.local/lib/python3.12/site-packages/airflow/example_dags/example_branch_operator.py
[2026-05-09T19:37:28.925+0000] {processor.py:840} INFO - DAG(s) 'example_branch_operator' retrieved from /home/airflow/.local/lib/python3.12/site-packages/airflow/example_dags/example_branch_operator.py
[2026-05-09T19:37:28.953+0000] {logging_mixin.py:188} INFO - [2026-05-09T19:37:28.953+0000] {dag.py:3096} INFO - Sync 1 DAGs
[2026-05-09T19:37:28.975+0000] {logging_mixin.py:188} INFO - [2026-05-09T19:37:28.975+0000] {dag.py:3954} INFO - Setting next_dagrun for example_branch_operator to 2026-05-08 00:00:00+00:00, run_after=2026-05-09 00:00:00+00:00
[2026-05-09T19:37:28.999+0000] {processor.py:183} INFO - Processing /home/airflow/.local/lib/python3.12/site-packages/airflow/example_dags/example_branch_operator.py took 0.096 seconds
[2026-05-09T19:37:59.863+0000] {processor.py:161} INFO - Started process (PID=5394) to work on /home/airflow/.local/lib/python3.12/site-packages/airflow/example_dags/example_branch_operator.py
[2026-05-09T19:37:59.864+0000] {processor.py:830} INFO - Processing file /home/airflow/.local/lib/python3.12/site-packages/airflow/example_dags/example_branch_operator.py for tasks to queue
[2026-05-09T19:37:59.867+0000] {logging_mixin.py:188} INFO - [2026-05-09T19:37:59.866+0000] {dagbag.py:545} INFO - Filling up the DagBag from /home/airflow/.local/lib/python3.12/site-packages/airflow/example_dags/example_branch_operator.py
[2026-05-09T19:37:59.882+0000] {processor.py:840} INFO - DAG(s) 'example_branch_operator' retrieved from /home/airflow/.local/lib/python3.12/site-packages/airflow/example_dags/example_branch_operator.py
[2026-05-09T19:37:59.912+0000] {logging_mixin.py:188} INFO - [2026-05-09T19:37:59.912+0000] {dag.py:3096} INFO - Sync 1 DAGs
[2026-05-09T19:37:59.934+0000] {logging_mixin.py:188} INFO - [2026-05-09T19:37:59.934+0000] {dag.py:3954} INFO - Setting next_dagrun for example_branch_operator to 2026-05-08 00:00:00+00:00, run_after=2026-05-09 00:00:00+00:00
[2026-05-09T19:37:59.957+0000] {processor.py:183} INFO - Processing /home/airflow/.local/lib/python3.12/site-packages/airflow/example_dags/example_branch_operator.py took 0.100 seconds
[2026-05-09T19:38:30.247+0000] {processor.py:161} INFO - Started process (PID=5453) to work on /home/airflow/.local/lib/python3.12/site-packages/airflow/example_dags/example_branch_operator.py
[2026-05-09T19:38:30.248+0000] {processor.py:830} INFO - Processing file /home/airflow/.local/lib/python3.12/site-packages/airflow/example_dags/example_branch_operator.py for tasks to queue
[2026-05-09T19:38:30.251+0000] {logging_mixin.py:188} INFO - [2026-05-09T19:38:30.250+0000] {dagbag.py:545} INFO - Filling up the DagBag from /home/airflow/.local/lib/python3.12/site-packages/airflow/example_dags/example_branch_operator.py
[2026-05-09T19:38:30.266+0000] {processor.py:840} INFO - DAG(s) 'example_branch_operator' retrieved from /home/airflow/.local/lib/python3.12/site-packages/airflow/example_dags/example_branch_operator.py
[2026-05-09T19:38:30.297+0000] {logging_mixin.py:188} INFO - [2026-05-09T19:38:30.297+0000] {dag.py:3096} INFO - Sync 1 DAGs
[2026-05-09T19:38:30.319+0000] {logging_mixin.py:188} INFO - [2026-05-09T19:38:30.319+0000] {dag.py:3954} INFO - Setting next_dagrun for example_branch_operator to 2026-05-08 00:00:00+00:00, run_after=2026-05-09 00:00:00+00:00
[2026-05-09T19:38:30.341+0000] {processor.py:183} INFO - Processing /home/airflow/.local/lib/python3.12/site-packages/airflow/example_dags/example_branch_operator.py took 0.099 seconds
[2026-05-09T19:39:01.005+0000] {processor.py:161} INFO - Started process (PID=5512) to work on /home/airflow/.local/lib/python3.12/site-packages/airflow/example_dags/example_branch_operator.py
[2026-05-09T19:39:01.005+0000] {processor.py:830} INFO - Processing file /home/airflow/.local/lib/python3.12/site-packages/airflow/example_dags/example_branch_operator.py for tasks to queue
[2026-05-09T19:39:01.007+0000] {logging_mixin.py:188} INFO - [2026-05-09T19:39:01.007+0000] {dagbag.py:545} INFO - Filling up the DagBag from /home/airflow/.local/lib/python3.12/site-packages/airflow/example_dags/example_branch_operator.py
[2026-05-09T19:39:01.022+0000] {processor.py:840} INFO - DAG(s) 'example_branch_operator' retrieved from /home/airflow/.local/lib/python3.12/site-packages/airflow/example_dags/example_branch_operator.py
[2026-05-09T19:39:01.051+0000] {logging_mixin.py:188} INFO - [2026-05-09T19:39:01.051+0000] {dag.py:3096} INFO - Sync 1 DAGs
[2026-05-09T19:39:01.072+0000] {logging_mixin.py:188} INFO - [2026-05-09T19:39:01.072+0000] {dag.py:3954} INFO - Setting next_dagrun for example_branch_operator to 2026-05-08 00:00:00+00:00, run_after=2026-05-09 00:00:00+00:00
[2026-05-09T19:39:01.096+0000] {processor.py:183} INFO - Processing /home/airflow/.local/lib/python3.12/site-packages/airflow/example_dags/example_branch_operator.py took 0.097 seconds
[2026-05-09T19:39:31.737+0000] {processor.py:161} INFO - Started process (PID=5571) to work on /home/airflow/.local/lib/python3.12/site-packages/airflow/example_dags/example_branch_operator.py
[2026-05-09T19:39:31.738+0000] {processor.py:830} INFO - Processing file /home/airflow/.local/lib/python3.12/site-packages/airflow/example_dags/example_branch_operator.py for tasks to queue
[2026-05-09T19:39:31.741+0000] {logging_mixin.py:188} INFO - [2026-05-09T19:39:31.740+0000] {dagbag.py:545} INFO - Filling up the DagBag from /home/airflow/.local/lib/python3.12/site-packages/airflow/example_dags/example_branch_operator.py
[2026-05-09T19:39:31.756+0000] {processor.py:840} INFO - DAG(s) 'example_branch_operator' retrieved from /home/airflow/.local/lib/python3.12/site-packages/airflow/example_dags/example_branch_operator.py
[2026-05-09T19:39:31.792+0000] {logging_mixin.py:188} INFO - [2026-05-09T19:39:31.792+0000] {dag.py:3096} INFO - Sync 1 DAGs
[2026-05-09T19:39:31.818+0000] {logging_mixin.py:188} INFO - [2026-05-09T19:39:31.818+0000] {dag.py:3954} INFO - Setting next_dagrun for example_branch_operator to 2026-05-08 00:00:00+00:00, run_after=2026-05-09 00:00:00+00:00
[2026-05-09T19:39:31.844+0000] {processor.py:183} INFO - Processing /home/airflow/.local/lib/python3.12/site-packages/airflow/example_dags/example_branch_operator.py took 0.113 seconds
[2026-05-09T19:40:03.503+0000] {processor.py:161} INFO - Started process (PID=5630) to work on /home/airflow/.local/lib/python3.12/site-packages/airflow/example_dags/example_branch_operator.py
[2026-05-09T19:40:03.504+0000] {processor.py:830} INFO - Processing file /home/airflow/.local/lib/python3.12/site-packages/airflow/example_dags/example_branch_operator.py for tasks to queue
[2026-05-09T19:40:03.506+0000] {logging_mixin.py:188} INFO - [2026-05-09T19:40:03.506+0000] {dagbag.py:545} INFO - Filling up the DagBag from /home/airflow/.local/lib/python3.12/site-packages/airflow/example_dags/example_branch_operator.py
[2026-05-09T19:40:03.521+0000] {processor.py:840} INFO - DAG(s) 'example_branch_operator' retrieved from /home/airflow/.local/lib/python3.12/site-packages/airflow/example_dags/example_branch_operator.py
[2026-05-09T19:40:03.549+0000] {logging_mixin.py:188} INFO - [2026-05-09T19:40:03.549+0000] {dag.py:3096} INFO - Sync 1 DAGs
[2026-05-09T19:40:03.572+0000] {logging_mixin.py:188} INFO - [2026-05-09T19:40:03.571+0000] {dag.py:3954} INFO - Setting next_dagrun for example_branch_operator to 2026-05-08 00:00:00+00:00, run_after=2026-05-09 00:00:00+00:00
[2026-05-09T19:40:03.600+0000] {processor.py:183} INFO - Processing /home/airflow/.local/lib/python3.12/site-packages/airflow/example_dags/example_branch_operator.py took 0.102 seconds
[2026-05-09T19:40:34.358+0000] {processor.py:161} INFO - Started process (PID=5689) to work on /home/airflow/.local/lib/python3.12/site-packages/airflow/example_dags/example_branch_operator.py
[2026-05-09T19:40:34.360+0000] {processor.py:830} INFO - Processing file /home/airflow/.local/lib/python3.12/site-packages/airflow/example_dags/example_branch_operator.py for tasks to queue
[2026-05-09T19:40:34.362+0000] {logging_mixin.py:188} INFO - [2026-05-09T19:40:34.362+0000] {dagbag.py:545} INFO - Filling up the DagBag from /home/airflow/.local/lib/python3.12/site-packages/airflow/example_dags/example_branch_operator.py
[2026-05-09T19:40:34.377+0000] {processor.py:840} INFO - DAG(s) 'example_branch_operator' retrieved from /home/airflow/.local/lib/python3.12/site-packages/airflow/example_dags/example_branch_operator.py
[2026-05-09T19:40:34.406+0000] {logging_mixin.py:188} INFO - [2026-05-09T19:40:34.406+0000] {dag.py:3096} INFO - Sync 1 DAGs
[2026-05-09T19:40:34.561+0000] {logging_mixin.py:188} INFO - [2026-05-09T19:40:34.561+0000] {dag.py:3954} INFO - Setting next_dagrun for example_branch_operator to 2026-05-08 00:00:00+00:00, run_after=2026-05-09 00:00:00+00:00
[2026-05-09T19:40:34.589+0000] {processor.py:183} INFO - Processing /home/airflow/.local/lib/python3.12/site-packages/airflow/example_dags/example_branch_operator.py took 0.236 seconds
[2026-05-09T19:41:04.643+0000] {processor.py:161} INFO - Started process (PID=5748) to work on /home/airflow/.local/lib/python3.12/site-packages/airflow/example_dags/example_branch_operator.py
[2026-05-09T19:41:04.645+0000] {processor.py:830} INFO - Processing file /home/airflow/.local/lib/python3.12/site-packages/airflow/example_dags/example_branch_operator.py for tasks to queue
[2026-05-09T19:41:04.647+0000] {logging_mixin.py:188} INFO - [2026-05-09T19:41:04.647+0000] {dagbag.py:545} INFO - Filling up the DagBag from /home/airflow/.local/lib/python3.12/site-packages/airflow/example_dags/example_branch_operator.py
[2026-05-09T19:41:04.662+0000] {processor.py:840} INFO - DAG(s) 'example_branch_operator' retrieved from /home/airflow/.local/lib/python3.12/site-packages/airflow/example_dags/example_branch_operator.py
[2026-05-09T19:41:04.691+0000] {logging_mixin.py:188} INFO - [2026-05-09T19:41:04.691+0000] {dag.py:3096} INFO - Sync 1 DAGs
[2026-05-09T19:41:04.714+0000] {logging_mixin.py:188} INFO - [2026-05-09T19:41:04.714+0000] {dag.py:3954} INFO - Setting next_dagrun for example_branch_operator to 2026-05-08 00:00:00+00:00, run_after=2026-05-09 00:00:00+00:00
[2026-05-09T19:41:04.866+0000] {processor.py:183} INFO - Processing /home/airflow/.local/lib/python3.12/site-packages/airflow/example_dags/example_branch_operator.py took 0.228 seconds
[2026-05-09T19:41:35.221+0000] {processor.py:161} INFO - Started process (PID=5807) to work on /home/airflow/.local/lib/python3.12/site-packages/airflow/example_dags/example_branch_operator.py
[2026-05-09T19:41:35.222+0000] {processor.py:830} INFO - Processing file /home/airflow/.local/lib/python3.12/site-packages/airflow/example_dags/example_branch_operator.py for tasks to queue
[2026-05-09T19:41:35.224+0000] {logging_mixin.py:188} INFO - [2026-05-09T19:41:35.223+0000] {dagbag.py:545} INFO - Filling up the DagBag from /home/airflow/.local/lib/python3.12/site-packages/airflow/example_dags/example_branch_operator.py
[2026-05-09T19:41:35.238+0000] {processor.py:840} INFO - DAG(s) 'example_branch_operator' retrieved from /home/airflow/.local/lib/python3.12/site-packages/airflow/example_dags/example_branch_operator.py
[2026-05-09T19:41:35.270+0000] {logging_mixin.py:188} INFO - [2026-05-09T19:41:35.269+0000] {dag.py:3096} INFO - Sync 1 DAGs
[2026-05-09T19:41:35.293+0000] {logging_mixin.py:188} INFO - [2026-05-09T19:41:35.292+0000] {dag.py:3954} INFO - Setting next_dagrun for example_branch_operator to 2026-05-08 00:00:00+00:00, run_after=2026-05-09 00:00:00+00:00
[2026-05-09T19:41:35.316+0000] {processor.py:183} INFO - Processing /home/airflow/.local/lib/python3.12/site-packages/airflow/example_dags/example_branch_operator.py took 0.101 seconds
[2026-05-09T19:42:05.751+0000] {processor.py:161} INFO - Started process (PID=5866) to work on /home/airflow/.local/lib/python3.12/site-packages/airflow/example_dags/example_branch_operator.py
[2026-05-09T19:42:05.753+0000] {processor.py:830} INFO - Processing file /home/airflow/.local/lib/python3.12/site-packages/airflow/example_dags/example_branch_operator.py for tasks to queue
[2026-05-09T19:42:05.755+0000] {logging_mixin.py:188} INFO - [2026-05-09T19:42:05.755+0000] {dagbag.py:545} INFO - Filling up the DagBag from /home/airflow/.local/lib/python3.12/site-packages/airflow/example_dags/example_branch_operator.py
[2026-05-09T19:42:05.771+0000] {processor.py:840} INFO - DAG(s) 'example_branch_operator' retrieved from /home/airflow/.local/lib/python3.12/site-packages/airflow/example_dags/example_branch_operator.py
[2026-05-09T19:42:05.801+0000] {logging_mixin.py:188} INFO - [2026-05-09T19:42:05.801+0000] {dag.py:3096} INFO - Sync 1 DAGs
[2026-05-09T19:42:05.826+0000] {logging_mixin.py:188} INFO - [2026-05-09T19:42:05.826+0000] {dag.py:3954} INFO - Setting next_dagrun for example_branch_operator to 2026-05-08 00:00:00+00:00, run_after=2026-05-09 00:00:00+00:00
[2026-05-09T19:42:05.978+0000] {processor.py:183} INFO - Processing /home/airflow/.local/lib/python3.12/site-packages/airflow/example_dags/example_branch_operator.py took 0.231 seconds
[2026-05-09T19:42:38.649+0000] {processor.py:161} INFO - Started process (PID=5925) to work on /home/airflow/.local/lib/python3.12/site-packages/airflow/example_dags/example_branch_operator.py
[2026-05-09T19:42:38.650+0000] {processor.py:830} INFO - Processing file /home/airflow/.local/lib/python3.12/site-packages/airflow/example_dags/example_branch_operator.py for tasks to queue
[2026-05-09T19:42:38.653+0000] {logging_mixin.py:188} INFO - [2026-05-09T19:42:38.652+0000] {dagbag.py:545} INFO - Filling up the DagBag from /home/airflow/.local/lib/python3.12/site-packages/airflow/example_dags/example_branch_operator.py
[2026-05-09T19:42:38.684+0000] {processor.py:840} INFO - DAG(s) 'example_branch_operator' retrieved from /home/airflow/.local/lib/python3.12/site-packages/airflow/example_dags/example_branch_operator.py
[2026-05-09T19:42:38.733+0000] {logging_mixin.py:188} INFO - [2026-05-09T19:42:38.732+0000] {dag.py:3096} INFO - Sync 1 DAGs
[2026-05-09T19:42:38.770+0000] {logging_mixin.py:188} INFO - [2026-05-09T19:42:38.769+0000] {dag.py:3954} INFO - Setting next_dagrun for example_branch_operator to 2026-05-08 00:00:00+00:00, run_after=2026-05-09 00:00:00+00:00
[2026-05-09T19:42:38.799+0000] {processor.py:183} INFO - Processing /home/airflow/.local/lib/python3.12/site-packages/airflow/example_dags/example_branch_operator.py took 0.156 seconds
[2026-05-09T19:43:09.234+0000] {processor.py:161} INFO - Started process (PID=5984) to work on /home/airflow/.local/lib/python3.12/site-packages/airflow/example_dags/example_branch_operator.py
[2026-05-09T19:43:09.235+0000] {processor.py:830} INFO - Processing file /home/airflow/.local/lib/python3.12/site-packages/airflow/example_dags/example_branch_operator.py for tasks to queue
[2026-05-09T19:43:09.237+0000] {logging_mixin.py:188} INFO - [2026-05-09T19:43:09.237+0000] {dagbag.py:545} INFO - Filling up the DagBag from /home/airflow/.local/lib/python3.12/site-packages/airflow/example_dags/example_branch_operator.py
[2026-05-09T19:43:09.252+0000] {processor.py:840} INFO - DAG(s) 'example_branch_operator' retrieved from /home/airflow/.local/lib/python3.12/site-packages/airflow/example_dags/example_branch_operator.py
[2026-05-09T19:43:09.285+0000] {logging_mixin.py:188} INFO - [2026-05-09T19:43:09.285+0000] {dag.py:3096} INFO - Sync 1 DAGs
[2026-05-09T19:43:09.309+0000] {logging_mixin.py:188} INFO - [2026-05-09T19:43:09.309+0000] {dag.py:3954} INFO - Setting next_dagrun for example_branch_operator to 2026-05-08 00:00:00+00:00, run_after=2026-05-09 00:00:00+00:00
[2026-05-09T19:43:09.332+0000] {processor.py:183} INFO - Processing /home/airflow/.local/lib/python3.12/site-packages/airflow/example_dags/example_branch_operator.py took 0.105 seconds
[2026-05-09T19:43:39.902+0000] {processor.py:161} INFO - Started process (PID=6044) to work on /home/airflow/.local/lib/python3.12/site-packages/airflow/example_dags/example_branch_operator.py
[2026-05-09T19:43:39.903+0000] {processor.py:830} INFO - Processing file /home/airflow/.local/lib/python3.12/site-packages/airflow/example_dags/example_branch_operator.py for tasks to queue
[2026-05-09T19:43:39.905+0000] {logging_mixin.py:188} INFO - [2026-05-09T19:43:39.905+0000] {dagbag.py:545} INFO - Filling up the DagBag from /home/airflow/.local/lib/python3.12/site-packages/airflow/example_dags/example_branch_operator.py
[2026-05-09T19:43:39.920+0000] {processor.py:840} INFO - DAG(s) 'example_branch_operator' retrieved from /home/airflow/.local/lib/python3.12/site-packages/airflow/example_dags/example_branch_operator.py
[2026-05-09T19:43:39.952+0000] {logging_mixin.py:188} INFO - [2026-05-09T19:43:39.952+0000] {dag.py:3096} INFO - Sync 1 DAGs
[2026-05-09T19:43:39.995+0000] {logging_mixin.py:188} INFO - [2026-05-09T19:43:39.994+0000] {dag.py:3954} INFO - Setting next_dagrun for example_branch_operator to 2026-05-08 00:00:00+00:00, run_after=2026-05-09 00:00:00+00:00
[2026-05-09T19:43:40.026+0000] {processor.py:183} INFO - Processing /home/airflow/.local/lib/python3.12/site-packages/airflow/example_dags/example_branch_operator.py took 0.130 seconds
[2026-05-09T19:44:10.379+0000] {processor.py:161} INFO - Started process (PID=6103) to work on /home/airflow/.local/lib/python3.12/site-packages/airflow/example_dags/example_branch_operator.py
[2026-05-09T19:44:10.380+0000] {processor.py:830} INFO - Processing file /home/airflow/.local/lib/python3.12/site-packages/airflow/example_dags/example_branch_operator.py for tasks to queue
[2026-05-09T19:44:10.382+0000] {logging_mixin.py:188} INFO - [2026-05-09T19:44:10.382+0000] {dagbag.py:545} INFO - Filling up the DagBag from /home/airflow/.local/lib/python3.12/site-packages/airflow/example_dags/example_branch_operator.py
[2026-05-09T19:44:10.397+0000] {processor.py:840} INFO - DAG(s) 'example_branch_operator' retrieved from /home/airflow/.local/lib/python3.12/site-packages/airflow/example_dags/example_branch_operator.py
[2026-05-09T19:44:10.428+0000] {logging_mixin.py:188} INFO - [2026-05-09T19:44:10.428+0000] {dag.py:3096} INFO - Sync 1 DAGs
[2026-05-09T19:44:10.451+0000] {logging_mixin.py:188} INFO - [2026-05-09T19:44:10.451+0000] {dag.py:3954} INFO - Setting next_dagrun for example_branch_operator to 2026-05-08 00:00:00+00:00, run_after=2026-05-09 00:00:00+00:00
[2026-05-09T19:44:10.477+0000] {processor.py:183} INFO - Processing /home/airflow/.local/lib/python3.12/site-packages/airflow/example_dags/example_branch_operator.py took 0.103 seconds
[2026-05-09T19:44:41.515+0000] {processor.py:161} INFO - Started process (PID=6162) to work on /home/airflow/.local/lib/python3.12/site-packages/airflow/example_dags/example_branch_operator.py
[2026-05-09T19:44:41.516+0000] {processor.py:830} INFO - Processing file /home/airflow/.local/lib/python3.12/site-packages/airflow/example_dags/example_branch_operator.py for tasks to queue
[2026-05-09T19:44:41.518+0000] {logging_mixin.py:188} INFO - [2026-05-09T19:44:41.518+0000] {dagbag.py:545} INFO - Filling up the DagBag from /home/airflow/.local/lib/python3.12/site-packages/airflow/example_dags/example_branch_operator.py
[2026-05-09T19:44:41.534+0000] {processor.py:840} INFO - DAG(s) 'example_branch_operator' retrieved from /home/airflow/.local/lib/python3.12/site-packages/airflow/example_dags/example_branch_operator.py
[2026-05-09T19:44:41.569+0000] {logging_mixin.py:188} INFO - [2026-05-09T19:44:41.568+0000] {dag.py:3096} INFO - Sync 1 DAGs
[2026-05-09T19:44:41.594+0000] {logging_mixin.py:188} INFO - [2026-05-09T19:44:41.593+0000] {dag.py:3954} INFO - Setting next_dagrun for example_branch_operator to 2026-05-08 00:00:00+00:00, run_after=2026-05-09 00:00:00+00:00
[2026-05-09T19:44:41.619+0000] {processor.py:183} INFO - Processing /home/airflow/.local/lib/python3.12/site-packages/airflow/example_dags/example_branch_operator.py took 0.109 seconds
[2026-05-09T19:45:12.495+0000] {processor.py:161} INFO - Started process (PID=6222) to work on /home/airflow/.local/lib/python3.12/site-packages/airflow/example_dags/example_branch_operator.py
[2026-05-09T19:45:12.496+0000] {processor.py:830} INFO - Processing file /home/airflow/.local/lib/python3.12/site-packages/airflow/example_dags/example_branch_operator.py for tasks to queue
[2026-05-09T19:45:12.498+0000] {logging_mixin.py:188} INFO - [2026-05-09T19:45:12.498+0000] {dagbag.py:545} INFO - Filling up the DagBag from /home/airflow/.local/lib/python3.12/site-packages/airflow/example_dags/example_branch_operator.py
[2026-05-09T19:45:12.515+0000] {processor.py:840} INFO - DAG(s) 'example_branch_operator' retrieved from /home/airflow/.local/lib/python3.12/site-packages/airflow/example_dags/example_branch_operator.py
[2026-05-09T19:45:12.547+0000] {logging_mixin.py:188} INFO - [2026-05-09T19:45:12.546+0000] {dag.py:3096} INFO - Sync 1 DAGs
[2026-05-09T19:45:12.572+0000] {logging_mixin.py:188} INFO - [2026-05-09T19:45:12.572+0000] {dag.py:3954} INFO - Setting next_dagrun for example_branch_operator to 2026-05-08 00:00:00+00:00, run_after=2026-05-09 00:00:00+00:00
[2026-05-09T19:45:12.599+0000] {processor.py:183} INFO - Processing /home/airflow/.local/lib/python3.12/site-packages/airflow/example_dags/example_branch_operator.py took 0.110 seconds
[2026-05-09T19:45:43.284+0000] {processor.py:161} INFO - Started process (PID=6281) to work on /home/airflow/.local/lib/python3.12/site-packages/airflow/example_dags/example_branch_operator.py
[2026-05-09T19:45:43.285+0000] {processor.py:830} INFO - Processing file /home/airflow/.local/lib/python3.12/site-packages/airflow/example_dags/example_branch_operator.py for tasks to queue
[2026-05-09T19:45:43.287+0000] {logging_mixin.py:188} INFO - [2026-05-09T19:45:43.286+0000] {dagbag.py:545} INFO - Filling up the DagBag from /home/airflow/.local/lib/python3.12/site-packages/airflow/example_dags/example_branch_operator.py
[2026-05-09T19:45:43.302+0000] {processor.py:840} INFO - DAG(s) 'example_branch_operator' retrieved from /home/airflow/.local/lib/python3.12/site-packages/airflow/example_dags/example_branch_operator.py
[2026-05-09T19:45:43.336+0000] {logging_mixin.py:188} INFO - [2026-05-09T19:45:43.336+0000] {dag.py:3096} INFO - Sync 1 DAGs
[2026-05-09T19:45:43.363+0000] {logging_mixin.py:188} INFO - [2026-05-09T19:45:43.362+0000] {dag.py:3954} INFO - Setting next_dagrun for example_branch_operator to 2026-05-08 00:00:00+00:00, run_after=2026-05-09 00:00:00+00:00
[2026-05-09T19:45:43.394+0000] {processor.py:183} INFO - Processing /home/airflow/.local/lib/python3.12/site-packages/airflow/example_dags/example_branch_operator.py took 0.116 seconds
[2026-05-09T19:46:13.929+0000] {processor.py:161} INFO - Started process (PID=6340) to work on /home/airflow/.local/lib/python3.12/site-packages/airflow/example_dags/example_branch_operator.py
[2026-05-09T19:46:13.930+0000] {processor.py:830} INFO - Processing file /home/airflow/.local/lib/python3.12/site-packages/airflow/example_dags/example_branch_operator.py for tasks to queue
[2026-05-09T19:46:13.933+0000] {logging_mixin.py:188} INFO - [2026-05-09T19:46:13.932+0000] {dagbag.py:545} INFO - Filling up the DagBag from /home/airflow/.local/lib/python3.12/site-packages/airflow/example_dags/example_branch_operator.py
[2026-05-09T19:46:13.947+0000] {processor.py:840} INFO - DAG(s) 'example_branch_operator' retrieved from /home/airflow/.local/lib/python3.12/site-packages/airflow/example_dags/example_branch_operator.py
[2026-05-09T19:46:13.975+0000] {logging_mixin.py:188} INFO - [2026-05-09T19:46:13.975+0000] {dag.py:3096} INFO - Sync 1 DAGs
[2026-05-09T19:46:13.998+0000] {logging_mixin.py:188} INFO - [2026-05-09T19:46:13.998+0000] {dag.py:3954} INFO - Setting next_dagrun for example_branch_operator to 2026-05-08 00:00:00+00:00, run_after=2026-05-09 00:00:00+00:00
[2026-05-09T19:46:14.022+0000] {processor.py:183} INFO - Processing /home/airflow/.local/lib/python3.12/site-packages/airflow/example_dags/example_branch_operator.py took 0.098 seconds
[2026-05-09T19:46:44.348+0000] {processor.py:161} INFO - Started process (PID=6399) to work on /home/airflow/.local/lib/python3.12/site-packages/airflow/example_dags/example_branch_operator.py
[2026-05-09T19:46:44.349+0000] {processor.py:830} INFO - Processing file /home/airflow/.local/lib/python3.12/site-packages/airflow/example_dags/example_branch_operator.py for tasks to queue
[2026-05-09T19:46:44.351+0000] {logging_mixin.py:188} INFO - [2026-05-09T19:46:44.351+0000] {dagbag.py:545} INFO - Filling up the DagBag from /home/airflow/.local/lib/python3.12/site-packages/airflow/example_dags/example_branch_operator.py
[2026-05-09T19:46:44.366+0000] {processor.py:840} INFO - DAG(s) 'example_branch_operator' retrieved from /home/airflow/.local/lib/python3.12/site-packages/airflow/example_dags/example_branch_operator.py
[2026-05-09T19:46:44.395+0000] {logging_mixin.py:188} INFO - [2026-05-09T19:46:44.395+0000] {dag.py:3096} INFO - Sync 1 DAGs
[2026-05-09T19:46:44.420+0000] {logging_mixin.py:188} INFO - [2026-05-09T19:46:44.419+0000] {dag.py:3954} INFO - Setting next_dagrun for example_branch_operator to 2026-05-08 00:00:00+00:00, run_after=2026-05-09 00:00:00+00:00
[2026-05-09T19:46:44.447+0000] {processor.py:183} INFO - Processing /home/airflow/.local/lib/python3.12/site-packages/airflow/example_dags/example_branch_operator.py took 0.107 seconds
[2026-05-09T19:47:15.023+0000] {processor.py:161} INFO - Started process (PID=6458) to work on /home/airflow/.local/lib/python3.12/site-packages/airflow/example_dags/example_branch_operator.py
[2026-05-09T19:47:15.024+0000] {processor.py:830} INFO - Processing file /home/airflow/.local/lib/python3.12/site-packages/airflow/example_dags/example_branch_operator.py for tasks to queue
[2026-05-09T19:47:15.026+0000] {logging_mixin.py:188} INFO - [2026-05-09T19:47:15.026+0000] {dagbag.py:545} INFO - Filling up the DagBag from /home/airflow/.local/lib/python3.12/site-packages/airflow/example_dags/example_branch_operator.py
[2026-05-09T19:47:15.041+0000] {processor.py:840} INFO - DAG(s) 'example_branch_operator' retrieved from /home/airflow/.local/lib/python3.12/site-packages/airflow/example_dags/example_branch_operator.py
[2026-05-09T19:47:15.071+0000] {logging_mixin.py:188} INFO - [2026-05-09T19:47:15.071+0000] {dag.py:3096} INFO - Sync 1 DAGs
[2026-05-09T19:47:15.095+0000] {logging_mixin.py:188} INFO - [2026-05-09T19:47:15.095+0000] {dag.py:3954} INFO - Setting next_dagrun for example_branch_operator to 2026-05-08 00:00:00+00:00, run_after=2026-05-09 00:00:00+00:00
[2026-05-09T19:47:15.119+0000] {processor.py:183} INFO - Processing /home/airflow/.local/lib/python3.12/site-packages/airflow/example_dags/example_branch_operator.py took 0.101 seconds
[2026-05-09T19:47:45.408+0000] {processor.py:161} INFO - Started process (PID=6517) to work on /home/airflow/.local/lib/python3.12/site-packages/airflow/example_dags/example_branch_operator.py
[2026-05-09T19:47:45.409+0000] {processor.py:830} INFO - Processing file /home/airflow/.local/lib/python3.12/site-packages/airflow/example_dags/example_branch_operator.py for tasks to queue
[2026-05-09T19:47:45.411+0000] {logging_mixin.py:188} INFO - [2026-05-09T19:47:45.411+0000] {dagbag.py:545} INFO - Filling up the DagBag from /home/airflow/.local/lib/python3.12/site-packages/airflow/example_dags/example_branch_operator.py
[2026-05-09T19:47:45.427+0000] {processor.py:840} INFO - DAG(s) 'example_branch_operator' retrieved from /home/airflow/.local/lib/python3.12/site-packages/airflow/example_dags/example_branch_operator.py
[2026-05-09T19:47:45.463+0000] {logging_mixin.py:188} INFO - [2026-05-09T19:47:45.463+0000] {dag.py:3096} INFO - Sync 1 DAGs
[2026-05-09T19:47:45.491+0000] {logging_mixin.py:188} INFO - [2026-05-09T19:47:45.491+0000] {dag.py:3954} INFO - Setting next_dagrun for example_branch_operator to 2026-05-08 00:00:00+00:00, run_after=2026-05-09 00:00:00+00:00
[2026-05-09T19:47:45.524+0000] {processor.py:183} INFO - Processing /home/airflow/.local/lib/python3.12/site-packages/airflow/example_dags/example_branch_operator.py took 0.121 seconds
[2026-05-09T19:48:15.848+0000] {processor.py:161} INFO - Started process (PID=6576) to work on /home/airflow/.local/lib/python3.12/site-packages/airflow/example_dags/example_branch_operator.py
[2026-05-09T19:48:15.849+0000] {processor.py:830} INFO - Processing file /home/airflow/.local/lib/python3.12/site-packages/airflow/example_dags/example_branch_operator.py for tasks to queue
[2026-05-09T19:48:15.851+0000] {logging_mixin.py:188} INFO - [2026-05-09T19:48:15.850+0000] {dagbag.py:545} INFO - Filling up the DagBag from /home/airflow/.local/lib/python3.12/site-packages/airflow/example_dags/example_branch_operator.py
[2026-05-09T19:48:15.867+0000] {processor.py:840} INFO - DAG(s) 'example_branch_operator' retrieved from /home/airflow/.local/lib/python3.12/site-packages/airflow/example_dags/example_branch_operator.py
[2026-05-09T19:48:15.899+0000] {logging_mixin.py:188} INFO - [2026-05-09T19:48:15.899+0000] {dag.py:3096} INFO - Sync 1 DAGs
[2026-05-09T19:48:15.924+0000] {logging_mixin.py:188} INFO - [2026-05-09T19:48:15.924+0000] {dag.py:3954} INFO - Setting next_dagrun for example_branch_operator to 2026-05-08 00:00:00+00:00, run_after=2026-05-09 00:00:00+00:00
[2026-05-09T19:48:15.953+0000] {processor.py:183} INFO - Processing /home/airflow/.local/lib/python3.12/site-packages/airflow/example_dags/example_branch_operator.py took 0.110 seconds
[2026-05-09T19:48:46.684+0000] {processor.py:161} INFO - Started process (PID=6635) to work on /home/airflow/.local/lib/python3.12/site-packages/airflow/example_dags/example_branch_operator.py
[2026-05-09T19:48:46.685+0000] {processor.py:830} INFO - Processing file /home/airflow/.local/lib/python3.12/site-packages/airflow/example_dags/example_branch_operator.py for tasks to queue
[2026-05-09T19:48:46.687+0000] {logging_mixin.py:188} INFO - [2026-05-09T19:48:46.687+0000] {dagbag.py:545} INFO - Filling up the DagBag from /home/airflow/.local/lib/python3.12/site-packages/airflow/example_dags/example_branch_operator.py
[2026-05-09T19:48:46.701+0000] {processor.py:840} INFO - DAG(s) 'example_branch_operator' retrieved from /home/airflow/.local/lib/python3.12/site-packages/airflow/example_dags/example_branch_operator.py
[2026-05-09T19:48:46.732+0000] {logging_mixin.py:188} INFO - [2026-05-09T19:48:46.732+0000] {dag.py:3096} INFO - Sync 1 DAGs
[2026-05-09T19:48:46.754+0000] {logging_mixin.py:188} INFO - [2026-05-09T19:48:46.754+0000] {dag.py:3954} INFO - Setting next_dagrun for example_branch_operator to 2026-05-08 00:00:00+00:00, run_after=2026-05-09 00:00:00+00:00
[2026-05-09T19:48:46.779+0000] {processor.py:183} INFO - Processing /home/airflow/.local/lib/python3.12/site-packages/airflow/example_dags/example_branch_operator.py took 0.101 seconds
[2026-05-09T19:49:18.497+0000] {processor.py:161} INFO - Started process (PID=6695) to work on /home/airflow/.local/lib/python3.12/site-packages/airflow/example_dags/example_branch_operator.py
[2026-05-09T19:49:18.498+0000] {processor.py:830} INFO - Processing file /home/airflow/.local/lib/python3.12/site-packages/airflow/example_dags/example_branch_operator.py for tasks to queue
[2026-05-09T19:49:18.500+0000] {logging_mixin.py:188} INFO - [2026-05-09T19:49:18.500+0000] {dagbag.py:545} INFO - Filling up the DagBag from /home/airflow/.local/lib/python3.12/site-packages/airflow/example_dags/example_branch_operator.py
[2026-05-09T19:49:18.519+0000] {processor.py:840} INFO - DAG(s) 'example_branch_operator' retrieved from /home/airflow/.local/lib/python3.12/site-packages/airflow/example_dags/example_branch_operator.py
[2026-05-09T19:49:18.552+0000] {logging_mixin.py:188} INFO - [2026-05-09T19:49:18.552+0000] {dag.py:3096} INFO - Sync 1 DAGs
[2026-05-09T19:49:18.580+0000] {logging_mixin.py:188} INFO - [2026-05-09T19:49:18.580+0000] {dag.py:3954} INFO - Setting next_dagrun for example_branch_operator to 2026-05-08 00:00:00+00:00, run_after=2026-05-09 00:00:00+00:00
[2026-05-09T19:49:18.604+0000] {processor.py:183} INFO - Processing /home/airflow/.local/lib/python3.12/site-packages/airflow/example_dags/example_branch_operator.py took 0.114 seconds
[2026-05-09T19:49:48.785+0000] {processor.py:161} INFO - Started process (PID=6754) to work on /home/airflow/.local/lib/python3.12/site-packages/airflow/example_dags/example_branch_operator.py
[2026-05-09T19:49:48.787+0000] {processor.py:830} INFO - Processing file /home/airflow/.local/lib/python3.12/site-packages/airflow/example_dags/example_branch_operator.py for tasks to queue
[2026-05-09T19:49:48.791+0000] {logging_mixin.py:188} INFO - [2026-05-09T19:49:48.790+0000] {dagbag.py:545} INFO - Filling up the DagBag from /home/airflow/.local/lib/python3.12/site-packages/airflow/example_dags/example_branch_operator.py
[2026-05-09T19:49:48.812+0000] {processor.py:840} INFO - DAG(s) 'example_branch_operator' retrieved from /home/airflow/.local/lib/python3.12/site-packages/airflow/example_dags/example_branch_operator.py
[2026-05-09T19:49:48.859+0000] {logging_mixin.py:188} INFO - [2026-05-09T19:49:48.859+0000] {dag.py:3096} INFO - Sync 1 DAGs
[2026-05-09T19:49:48.882+0000] {logging_mixin.py:188} INFO - [2026-05-09T19:49:48.882+0000] {dag.py:3954} INFO - Setting next_dagrun for example_branch_operator to 2026-05-08 00:00:00+00:00, run_after=2026-05-09 00:00:00+00:00
[2026-05-09T19:49:48.904+0000] {processor.py:183} INFO - Processing /home/airflow/.local/lib/python3.12/site-packages/airflow/example_dags/example_branch_operator.py took 0.129 seconds
[2026-05-09T19:50:19.360+0000] {processor.py:161} INFO - Started process (PID=6814) to work on /home/airflow/.local/lib/python3.12/site-packages/airflow/example_dags/example_branch_operator.py
[2026-05-09T19:50:19.361+0000] {processor.py:830} INFO - Processing file /home/airflow/.local/lib/python3.12/site-packages/airflow/example_dags/example_branch_operator.py for tasks to queue
[2026-05-09T19:50:19.363+0000] {logging_mixin.py:188} INFO - [2026-05-09T19:50:19.363+0000] {dagbag.py:545} INFO - Filling up the DagBag from /home/airflow/.local/lib/python3.12/site-packages/airflow/example_dags/example_branch_operator.py
[2026-05-09T19:50:19.378+0000] {processor.py:840} INFO - DAG(s) 'example_branch_operator' retrieved from /home/airflow/.local/lib/python3.12/site-packages/airflow/example_dags/example_branch_operator.py
[2026-05-09T19:50:19.409+0000] {logging_mixin.py:188} INFO - [2026-05-09T19:50:19.409+0000] {dag.py:3096} INFO - Sync 1 DAGs
[2026-05-09T19:50:19.432+0000] {logging_mixin.py:188} INFO - [2026-05-09T19:50:19.431+0000] {dag.py:3954} INFO - Setting next_dagrun for example_branch_operator to 2026-05-08 00:00:00+00:00, run_after=2026-05-09 00:00:00+00:00
[2026-05-09T19:50:19.454+0000] {processor.py:183} INFO - Processing /home/airflow/.local/lib/python3.12/site-packages/airflow/example_dags/example_branch_operator.py took 0.100 seconds
[2026-05-09T19:50:50.795+0000] {processor.py:161} INFO - Started process (PID=6873) to work on /home/airflow/.local/lib/python3.12/site-packages/airflow/example_dags/example_branch_operator.py
[2026-05-09T19:50:50.796+0000] {processor.py:830} INFO - Processing file /home/airflow/.local/lib/python3.12/site-packages/airflow/example_dags/example_branch_operator.py for tasks to queue
[2026-05-09T19:50:50.798+0000] {logging_mixin.py:188} INFO - [2026-05-09T19:50:50.798+0000] {dagbag.py:545} INFO - Filling up the DagBag from /home/airflow/.local/lib/python3.12/site-packages/airflow/example_dags/example_branch_operator.py
[2026-05-09T19:50:50.815+0000] {processor.py:840} INFO - DAG(s) 'example_branch_operator' retrieved from /home/airflow/.local/lib/python3.12/site-packages/airflow/example_dags/example_branch_operator.py
[2026-05-09T19:50:50.851+0000] {logging_mixin.py:188} INFO - [2026-05-09T19:50:50.851+0000] {dag.py:3096} INFO - Sync 1 DAGs
[2026-05-09T19:50:50.878+0000] {logging_mixin.py:188} INFO - [2026-05-09T19:50:50.878+0000] {dag.py:3954} INFO - Setting next_dagrun for example_branch_operator to 2026-05-08 00:00:00+00:00, run_after=2026-05-09 00:00:00+00:00
[2026-05-09T19:50:50.906+0000] {processor.py:183} INFO - Processing /home/airflow/.local/lib/python3.12/site-packages/airflow/example_dags/example_branch_operator.py took 0.117 seconds
[2026-05-09T19:51:21.979+0000] {processor.py:161} INFO - Started process (PID=6932) to work on /home/airflow/.local/lib/python3.12/site-packages/airflow/example_dags/example_branch_operator.py
[2026-05-09T19:51:21.981+0000] {processor.py:830} INFO - Processing file /home/airflow/.local/lib/python3.12/site-packages/airflow/example_dags/example_branch_operator.py for tasks to queue
[2026-05-09T19:51:21.984+0000] {logging_mixin.py:188} INFO - [2026-05-09T19:51:21.984+0000] {dagbag.py:545} INFO - Filling up the DagBag from /home/airflow/.local/lib/python3.12/site-packages/airflow/example_dags/example_branch_operator.py
[2026-05-09T19:51:22.005+0000] {processor.py:840} INFO - DAG(s) 'example_branch_operator' retrieved from /home/airflow/.local/lib/python3.12/site-packages/airflow/example_dags/example_branch_operator.py
[2026-05-09T19:51:22.045+0000] {logging_mixin.py:188} INFO - [2026-05-09T19:51:22.044+0000] {dag.py:3096} INFO - Sync 1 DAGs
[2026-05-09T19:51:22.074+0000] {logging_mixin.py:188} INFO - [2026-05-09T19:51:22.074+0000] {dag.py:3954} INFO - Setting next_dagrun for example_branch_operator to 2026-05-08 00:00:00+00:00, run_after=2026-05-09 00:00:00+00:00
[2026-05-09T19:51:22.104+0000] {processor.py:183} INFO - Processing /home/airflow/.local/lib/python3.12/site-packages/airflow/example_dags/example_branch_operator.py took 0.132 seconds
[2026-05-09T19:51:52.323+0000] {processor.py:161} INFO - Started process (PID=6991) to work on /home/airflow/.local/lib/python3.12/site-packages/airflow/example_dags/example_branch_operator.py
[2026-05-09T19:51:52.324+0000] {processor.py:830} INFO - Processing file /home/airflow/.local/lib/python3.12/site-packages/airflow/example_dags/example_branch_operator.py for tasks to queue
[2026-05-09T19:51:52.326+0000] {logging_mixin.py:188} INFO - [2026-05-09T19:51:52.326+0000] {dagbag.py:545} INFO - Filling up the DagBag from /home/airflow/.local/lib/python3.12/site-packages/airflow/example_dags/example_branch_operator.py
[2026-05-09T19:51:52.341+0000] {processor.py:840} INFO - DAG(s) 'example_branch_operator' retrieved from /home/airflow/.local/lib/python3.12/site-packages/airflow/example_dags/example_branch_operator.py
[2026-05-09T19:51:52.372+0000] {logging_mixin.py:188} INFO - [2026-05-09T19:51:52.371+0000] {dag.py:3096} INFO - Sync 1 DAGs
[2026-05-09T19:51:52.397+0000] {logging_mixin.py:188} INFO - [2026-05-09T19:51:52.396+0000] {dag.py:3954} INFO - Setting next_dagrun for example_branch_operator to 2026-05-08 00:00:00+00:00, run_after=2026-05-09 00:00:00+00:00
[2026-05-09T19:51:52.425+0000] {processor.py:183} INFO - Processing /home/airflow/.local/lib/python3.12/site-packages/airflow/example_dags/example_branch_operator.py took 0.107 seconds
[2026-05-09T19:52:22.822+0000] {processor.py:161} INFO - Started process (PID=7050) to work on /home/airflow/.local/lib/python3.12/site-packages/airflow/example_dags/example_branch_operator.py
[2026-05-09T19:52:22.823+0000] {processor.py:830} INFO - Processing file /home/airflow/.local/lib/python3.12/site-packages/airflow/example_dags/example_branch_operator.py for tasks to queue
[2026-05-09T19:52:22.826+0000] {logging_mixin.py:188} INFO - [2026-05-09T19:52:22.825+0000] {dagbag.py:545} INFO - Filling up the DagBag from /home/airflow/.local/lib/python3.12/site-packages/airflow/example_dags/example_branch_operator.py
[2026-05-09T19:52:22.840+0000] {processor.py:840} INFO - DAG(s) 'example_branch_operator' retrieved from /home/airflow/.local/lib/python3.12/site-packages/airflow/example_dags/example_branch_operator.py
[2026-05-09T19:52:22.869+0000] {logging_mixin.py:188} INFO - [2026-05-09T19:52:22.869+0000] {dag.py:3096} INFO - Sync 1 DAGs
[2026-05-09T19:52:22.893+0000] {logging_mixin.py:188} INFO - [2026-05-09T19:52:22.893+0000] {dag.py:3954} INFO - Setting next_dagrun for example_branch_operator to 2026-05-08 00:00:00+00:00, run_after=2026-05-09 00:00:00+00:00
[2026-05-09T19:52:22.918+0000] {processor.py:183} INFO - Processing /home/airflow/.local/lib/python3.12/site-packages/airflow/example_dags/example_branch_operator.py took 0.101 seconds
[2026-05-09T19:52:54.409+0000] {processor.py:161} INFO - Started process (PID=7109) to work on /home/airflow/.local/lib/python3.12/site-packages/airflow/example_dags/example_branch_operator.py
[2026-05-09T19:52:54.411+0000] {processor.py:830} INFO - Processing file /home/airflow/.local/lib/python3.12/site-packages/airflow/example_dags/example_branch_operator.py for tasks to queue
[2026-05-09T19:52:54.413+0000] {logging_mixin.py:188} INFO - [2026-05-09T19:52:54.413+0000] {dagbag.py:545} INFO - Filling up the DagBag from /home/airflow/.local/lib/python3.12/site-packages/airflow/example_dags/example_branch_operator.py
[2026-05-09T19:52:54.431+0000] {processor.py:840} INFO - DAG(s) 'example_branch_operator' retrieved from /home/airflow/.local/lib/python3.12/site-packages/airflow/example_dags/example_branch_operator.py
[2026-05-09T19:52:54.467+0000] {logging_mixin.py:188} INFO - [2026-05-09T19:52:54.466+0000] {dag.py:3096} INFO - Sync 1 DAGs
[2026-05-09T19:52:54.497+0000] {logging_mixin.py:188} INFO - [2026-05-09T19:52:54.497+0000] {dag.py:3954} INFO - Setting next_dagrun for example_branch_operator to 2026-05-08 00:00:00+00:00, run_after=2026-05-09 00:00:00+00:00
[2026-05-09T19:52:54.528+0000] {processor.py:183} INFO - Processing /home/airflow/.local/lib/python3.12/site-packages/airflow/example_dags/example_branch_operator.py took 0.124 seconds
[2026-05-09T19:53:25.403+0000] {processor.py:161} INFO - Started process (PID=7168) to work on /home/airflow/.local/lib/python3.12/site-packages/airflow/example_dags/example_branch_operator.py
[2026-05-09T19:53:25.404+0000] {processor.py:830} INFO - Processing file /home/airflow/.local/lib/python3.12/site-packages/airflow/example_dags/example_branch_operator.py for tasks to queue
[2026-05-09T19:53:25.406+0000] {logging_mixin.py:188} INFO - [2026-05-09T19:53:25.406+0000] {dagbag.py:545} INFO - Filling up the DagBag from /home/airflow/.local/lib/python3.12/site-packages/airflow/example_dags/example_branch_operator.py
[2026-05-09T19:53:25.422+0000] {processor.py:840} INFO - DAG(s) 'example_branch_operator' retrieved from /home/airflow/.local/lib/python3.12/site-packages/airflow/example_dags/example_branch_operator.py
[2026-05-09T19:53:25.454+0000] {logging_mixin.py:188} INFO - [2026-05-09T19:53:25.454+0000] {dag.py:3096} INFO - Sync 1 DAGs
[2026-05-09T19:53:25.482+0000] {logging_mixin.py:188} INFO - [2026-05-09T19:53:25.482+0000] {dag.py:3954} INFO - Setting next_dagrun for example_branch_operator to 2026-05-08 00:00:00+00:00, run_after=2026-05-09 00:00:00+00:00
[2026-05-09T19:53:25.511+0000] {processor.py:183} INFO - Processing /home/airflow/.local/lib/python3.12/site-packages/airflow/example_dags/example_branch_operator.py took 0.114 seconds
[2026-05-09T19:53:55.903+0000] {processor.py:161} INFO - Started process (PID=7227) to work on /home/airflow/.local/lib/python3.12/site-packages/airflow/example_dags/example_branch_operator.py
[2026-05-09T19:53:55.904+0000] {processor.py:830} INFO - Processing file /home/airflow/.local/lib/python3.12/site-packages/airflow/example_dags/example_branch_operator.py for tasks to queue
[2026-05-09T19:53:55.906+0000] {logging_mixin.py:188} INFO - [2026-05-09T19:53:55.906+0000] {dagbag.py:545} INFO - Filling up the DagBag from /home/airflow/.local/lib/python3.12/site-packages/airflow/example_dags/example_branch_operator.py
[2026-05-09T19:53:55.922+0000] {processor.py:840} INFO - DAG(s) 'example_branch_operator' retrieved from /home/airflow/.local/lib/python3.12/site-packages/airflow/example_dags/example_branch_operator.py
[2026-05-09T19:53:55.954+0000] {logging_mixin.py:188} INFO - [2026-05-09T19:53:55.953+0000] {dag.py:3096} INFO - Sync 1 DAGs
[2026-05-09T19:53:55.977+0000] {logging_mixin.py:188} INFO - [2026-05-09T19:53:55.977+0000] {dag.py:3954} INFO - Setting next_dagrun for example_branch_operator to 2026-05-08 00:00:00+00:00, run_after=2026-05-09 00:00:00+00:00
[2026-05-09T19:53:56.003+0000] {processor.py:183} INFO - Processing /home/airflow/.local/lib/python3.12/site-packages/airflow/example_dags/example_branch_operator.py took 0.106 seconds
[2026-05-09T19:54:26.571+0000] {processor.py:161} INFO - Started process (PID=7286) to work on /home/airflow/.local/lib/python3.12/site-packages/airflow/example_dags/example_branch_operator.py
[2026-05-09T19:54:26.573+0000] {processor.py:830} INFO - Processing file /home/airflow/.local/lib/python3.12/site-packages/airflow/example_dags/example_branch_operator.py for tasks to queue
[2026-05-09T19:54:26.575+0000] {logging_mixin.py:188} INFO - [2026-05-09T19:54:26.574+0000] {dagbag.py:545} INFO - Filling up the DagBag from /home/airflow/.local/lib/python3.12/site-packages/airflow/example_dags/example_branch_operator.py
[2026-05-09T19:54:26.593+0000] {processor.py:840} INFO - DAG(s) 'example_branch_operator' retrieved from /home/airflow/.local/lib/python3.12/site-packages/airflow/example_dags/example_branch_operator.py
[2026-05-09T19:54:26.630+0000] {logging_mixin.py:188} INFO - [2026-05-09T19:54:26.629+0000] {dag.py:3096} INFO - Sync 1 DAGs
[2026-05-09T19:54:26.657+0000] {logging_mixin.py:188} INFO - [2026-05-09T19:54:26.656+0000] {dag.py:3954} INFO - Setting next_dagrun for example_branch_operator to 2026-05-08 00:00:00+00:00, run_after=2026-05-09 00:00:00+00:00
[2026-05-09T19:54:26.683+0000] {processor.py:183} INFO - Processing /home/airflow/.local/lib/python3.12/site-packages/airflow/example_dags/example_branch_operator.py took 0.117 seconds
[2026-05-09T19:54:57.246+0000] {processor.py:161} INFO - Started process (PID=7345) to work on /home/airflow/.local/lib/python3.12/site-packages/airflow/example_dags/example_branch_operator.py
[2026-05-09T19:54:57.247+0000] {processor.py:830} INFO - Processing file /home/airflow/.local/lib/python3.12/site-packages/airflow/example_dags/example_branch_operator.py for tasks to queue
[2026-05-09T19:54:57.249+0000] {logging_mixin.py:188} INFO - [2026-05-09T19:54:57.248+0000] {dagbag.py:545} INFO - Filling up the DagBag from /home/airflow/.local/lib/python3.12/site-packages/airflow/example_dags/example_branch_operator.py
[2026-05-09T19:54:57.266+0000] {processor.py:840} INFO - DAG(s) 'example_branch_operator' retrieved from /home/airflow/.local/lib/python3.12/site-packages/airflow/example_dags/example_branch_operator.py
[2026-05-09T19:54:57.296+0000] {logging_mixin.py:188} INFO - [2026-05-09T19:54:57.296+0000] {dag.py:3096} INFO - Sync 1 DAGs
[2026-05-09T19:54:57.319+0000] {logging_mixin.py:188} INFO - [2026-05-09T19:54:57.319+0000] {dag.py:3954} INFO - Setting next_dagrun for example_branch_operator to 2026-05-08 00:00:00+00:00, run_after=2026-05-09 00:00:00+00:00
[2026-05-09T19:54:57.346+0000] {processor.py:183} INFO - Processing /home/airflow/.local/lib/python3.12/site-packages/airflow/example_dags/example_branch_operator.py took 0.106 seconds
[2026-05-09T19:55:27.979+0000] {processor.py:161} INFO - Started process (PID=7404) to work on /home/airflow/.local/lib/python3.12/site-packages/airflow/example_dags/example_branch_operator.py
[2026-05-09T19:55:27.980+0000] {processor.py:830} INFO - Processing file /home/airflow/.local/lib/python3.12/site-packages/airflow/example_dags/example_branch_operator.py for tasks to queue
[2026-05-09T19:55:27.983+0000] {logging_mixin.py:188} INFO - [2026-05-09T19:55:27.983+0000] {dagbag.py:545} INFO - Filling up the DagBag from /home/airflow/.local/lib/python3.12/site-packages/airflow/example_dags/example_branch_operator.py
[2026-05-09T19:55:27.998+0000] {processor.py:840} INFO - DAG(s) 'example_branch_operator' retrieved from /home/airflow/.local/lib/python3.12/site-packages/airflow/example_dags/example_branch_operator.py
[2026-05-09T19:55:28.026+0000] {logging_mixin.py:188} INFO - [2026-05-09T19:55:28.026+0000] {dag.py:3096} INFO - Sync 1 DAGs
[2026-05-09T19:55:28.050+0000] {logging_mixin.py:188} INFO - [2026-05-09T19:55:28.050+0000] {dag.py:3954} INFO - Setting next_dagrun for example_branch_operator to 2026-05-08 00:00:00+00:00, run_after=2026-05-09 00:00:00+00:00
[2026-05-09T19:55:28.072+0000] {processor.py:183} INFO - Processing /home/airflow/.local/lib/python3.12/site-packages/airflow/example_dags/example_branch_operator.py took 0.098 seconds
[2026-05-09T19:55:59.123+0000] {processor.py:161} INFO - Started process (PID=7464) to work on /home/airflow/.local/lib/python3.12/site-packages/airflow/example_dags/example_branch_operator.py
[2026-05-09T19:55:59.125+0000] {processor.py:830} INFO - Processing file /home/airflow/.local/lib/python3.12/site-packages/airflow/example_dags/example_branch_operator.py for tasks to queue
[2026-05-09T19:55:59.128+0000] {logging_mixin.py:188} INFO - [2026-05-09T19:55:59.127+0000] {dagbag.py:545} INFO - Filling up the DagBag from /home/airflow/.local/lib/python3.12/site-packages/airflow/example_dags/example_branch_operator.py
[2026-05-09T19:55:59.149+0000] {processor.py:840} INFO - DAG(s) 'example_branch_operator' retrieved from /home/airflow/.local/lib/python3.12/site-packages/airflow/example_dags/example_branch_operator.py
[2026-05-09T19:55:59.202+0000] {logging_mixin.py:188} INFO - [2026-05-09T19:55:59.202+0000] {dag.py:3096} INFO - Sync 1 DAGs
[2026-05-09T19:55:59.230+0000] {logging_mixin.py:188} INFO - [2026-05-09T19:55:59.230+0000] {dag.py:3954} INFO - Setting next_dagrun for example_branch_operator to 2026-05-08 00:00:00+00:00, run_after=2026-05-09 00:00:00+00:00
[2026-05-09T19:55:59.257+0000] {processor.py:183} INFO - Processing /home/airflow/.local/lib/python3.12/site-packages/airflow/example_dags/example_branch_operator.py took 0.143 seconds
[2026-05-09T19:56:29.425+0000] {processor.py:161} INFO - Started process (PID=7523) to work on /home/airflow/.local/lib/python3.12/site-packages/airflow/example_dags/example_branch_operator.py
[2026-05-09T19:56:29.426+0000] {processor.py:830} INFO - Processing file /home/airflow/.local/lib/python3.12/site-packages/airflow/example_dags/example_branch_operator.py for tasks to queue
[2026-05-09T19:56:29.429+0000] {logging_mixin.py:188} INFO - [2026-05-09T19:56:29.428+0000] {dagbag.py:545} INFO - Filling up the DagBag from /home/airflow/.local/lib/python3.12/site-packages/airflow/example_dags/example_branch_operator.py
[2026-05-09T19:56:29.445+0000] {processor.py:840} INFO - DAG(s) 'example_branch_operator' retrieved from /home/airflow/.local/lib/python3.12/site-packages/airflow/example_dags/example_branch_operator.py
[2026-05-09T19:56:29.480+0000] {logging_mixin.py:188} INFO - [2026-05-09T19:56:29.480+0000] {dag.py:3096} INFO - Sync 1 DAGs
[2026-05-09T19:56:29.513+0000] {logging_mixin.py:188} INFO - [2026-05-09T19:56:29.512+0000] {dag.py:3954} INFO - Setting next_dagrun for example_branch_operator to 2026-05-08 00:00:00+00:00, run_after=2026-05-09 00:00:00+00:00
[2026-05-09T19:56:29.546+0000] {processor.py:183} INFO - Processing /home/airflow/.local/lib/python3.12/site-packages/airflow/example_dags/example_branch_operator.py took 0.126 seconds
[2026-05-09T19:57:01.008+0000] {processor.py:161} INFO - Started process (PID=7582) to work on /home/airflow/.local/lib/python3.12/site-packages/airflow/example_dags/example_branch_operator.py
[2026-05-09T19:57:01.009+0000] {processor.py:830} INFO - Processing file /home/airflow/.local/lib/python3.12/site-packages/airflow/example_dags/example_branch_operator.py for tasks to queue
[2026-05-09T19:57:01.011+0000] {logging_mixin.py:188} INFO - [2026-05-09T19:57:01.010+0000] {dagbag.py:545} INFO - Filling up the DagBag from /home/airflow/.local/lib/python3.12/site-packages/airflow/example_dags/example_branch_operator.py
[2026-05-09T19:57:01.025+0000] {processor.py:840} INFO - DAG(s) 'example_branch_operator' retrieved from /home/airflow/.local/lib/python3.12/site-packages/airflow/example_dags/example_branch_operator.py
[2026-05-09T19:57:01.052+0000] {logging_mixin.py:188} INFO - [2026-05-09T19:57:01.052+0000] {dag.py:3096} INFO - Sync 1 DAGs
[2026-05-09T19:57:01.077+0000] {logging_mixin.py:188} INFO - [2026-05-09T19:57:01.077+0000] {dag.py:3954} INFO - Setting next_dagrun for example_branch_operator to 2026-05-08 00:00:00+00:00, run_after=2026-05-09 00:00:00+00:00
[2026-05-09T19:57:01.101+0000] {processor.py:183} INFO - Processing /home/airflow/.local/lib/python3.12/site-packages/airflow/example_dags/example_branch_operator.py took 0.099 seconds
