[2026-05-09T18:42:14.804+0000] {processor.py:161} INFO - Started process (PID=68) to work on /home/airflow/.local/lib/python3.12/site-packages/airflow/example_dags/example_trigger_target_dag.py
[2026-05-09T18:42:14.805+0000] {processor.py:830} INFO - Processing file /home/airflow/.local/lib/python3.12/site-packages/airflow/example_dags/example_trigger_target_dag.py for tasks to queue
[2026-05-09T18:42:14.807+0000] {logging_mixin.py:188} INFO - [2026-05-09T18:42:14.807+0000] {dagbag.py:545} INFO - Filling up the DagBag from /home/airflow/.local/lib/python3.12/site-packages/airflow/example_dags/example_trigger_target_dag.py
[2026-05-09T18:42:14.817+0000] {processor.py:840} INFO - DAG(s) 'example_trigger_target_dag' retrieved from /home/airflow/.local/lib/python3.12/site-packages/airflow/example_dags/example_trigger_target_dag.py
[2026-05-09T18:42:14.928+0000] {logging_mixin.py:188} INFO - [2026-05-09T18:42:14.927+0000] {dag.py:3096} INFO - Sync 1 DAGs
[2026-05-09T18:42:14.940+0000] {logging_mixin.py:188} INFO - [2026-05-09T18:42:14.940+0000] {dag.py:3954} INFO - Setting next_dagrun for example_trigger_target_dag to None, run_after=None
[2026-05-09T18:42:14.972+0000] {processor.py:183} INFO - Processing /home/airflow/.local/lib/python3.12/site-packages/airflow/example_dags/example_trigger_target_dag.py took 0.174 seconds
[2026-05-09T18:42:45.765+0000] {processor.py:161} INFO - Started process (PID=126) to work on /home/airflow/.local/lib/python3.12/site-packages/airflow/example_dags/example_trigger_target_dag.py
[2026-05-09T18:42:45.766+0000] {processor.py:830} INFO - Processing file /home/airflow/.local/lib/python3.12/site-packages/airflow/example_dags/example_trigger_target_dag.py for tasks to queue
[2026-05-09T18:42:45.769+0000] {logging_mixin.py:188} INFO - [2026-05-09T18:42:45.769+0000] {dagbag.py:545} INFO - Filling up the DagBag from /home/airflow/.local/lib/python3.12/site-packages/airflow/example_dags/example_trigger_target_dag.py
[2026-05-09T18:42:45.776+0000] {processor.py:840} INFO - DAG(s) 'example_trigger_target_dag' retrieved from /home/airflow/.local/lib/python3.12/site-packages/airflow/example_dags/example_trigger_target_dag.py
[2026-05-09T18:42:45.806+0000] {logging_mixin.py:188} INFO - [2026-05-09T18:42:45.806+0000] {dag.py:3096} INFO - Sync 1 DAGs
[2026-05-09T18:42:45.825+0000] {logging_mixin.py:188} INFO - [2026-05-09T18:42:45.825+0000] {dag.py:3954} INFO - Setting next_dagrun for example_trigger_target_dag to None, run_after=None
[2026-05-09T18:42:45.863+0000] {processor.py:183} INFO - Processing /home/airflow/.local/lib/python3.12/site-packages/airflow/example_dags/example_trigger_target_dag.py took 0.105 seconds
[2026-05-09T18:43:20.314+0000] {processor.py:161} INFO - Started process (PID=190) to work on /home/airflow/.local/lib/python3.12/site-packages/airflow/example_dags/example_trigger_target_dag.py
[2026-05-09T18:43:20.316+0000] {processor.py:830} INFO - Processing file /home/airflow/.local/lib/python3.12/site-packages/airflow/example_dags/example_trigger_target_dag.py for tasks to queue
[2026-05-09T18:43:20.320+0000] {logging_mixin.py:188} INFO - [2026-05-09T18:43:20.319+0000] {dagbag.py:545} INFO - Filling up the DagBag from /home/airflow/.local/lib/python3.12/site-packages/airflow/example_dags/example_trigger_target_dag.py
[2026-05-09T18:43:20.337+0000] {processor.py:840} INFO - DAG(s) 'example_trigger_target_dag' retrieved from /home/airflow/.local/lib/python3.12/site-packages/airflow/example_dags/example_trigger_target_dag.py
[2026-05-09T18:43:20.382+0000] {logging_mixin.py:188} INFO - [2026-05-09T18:43:20.382+0000] {dag.py:3096} INFO - Sync 1 DAGs
[2026-05-09T18:43:20.403+0000] {logging_mixin.py:188} INFO - [2026-05-09T18:43:20.403+0000] {dag.py:3954} INFO - Setting next_dagrun for example_trigger_target_dag to None, run_after=None
[2026-05-09T18:43:20.449+0000] {processor.py:183} INFO - Processing /home/airflow/.local/lib/python3.12/site-packages/airflow/example_dags/example_trigger_target_dag.py took 0.150 seconds
[2026-05-09T18:43:51.012+0000] {processor.py:161} INFO - Started process (PID=248) to work on /home/airflow/.local/lib/python3.12/site-packages/airflow/example_dags/example_trigger_target_dag.py
[2026-05-09T18:43:51.089+0000] {processor.py:830} INFO - Processing file /home/airflow/.local/lib/python3.12/site-packages/airflow/example_dags/example_trigger_target_dag.py for tasks to queue
[2026-05-09T18:43:51.091+0000] {logging_mixin.py:188} INFO - [2026-05-09T18:43:51.091+0000] {dagbag.py:545} INFO - Filling up the DagBag from /home/airflow/.local/lib/python3.12/site-packages/airflow/example_dags/example_trigger_target_dag.py
[2026-05-09T18:43:51.097+0000] {processor.py:840} INFO - DAG(s) 'example_trigger_target_dag' retrieved from /home/airflow/.local/lib/python3.12/site-packages/airflow/example_dags/example_trigger_target_dag.py
[2026-05-09T18:43:51.119+0000] {logging_mixin.py:188} INFO - [2026-05-09T18:43:51.119+0000] {dag.py:3096} INFO - Sync 1 DAGs
[2026-05-09T18:43:51.131+0000] {logging_mixin.py:188} INFO - [2026-05-09T18:43:51.131+0000] {dag.py:3954} INFO - Setting next_dagrun for example_trigger_target_dag to None, run_after=None
[2026-05-09T18:43:51.493+0000] {processor.py:183} INFO - Processing /home/airflow/.local/lib/python3.12/site-packages/airflow/example_dags/example_trigger_target_dag.py took 0.487 seconds
[2026-05-09T18:44:21.555+0000] {processor.py:161} INFO - Started process (PID=306) to work on /home/airflow/.local/lib/python3.12/site-packages/airflow/example_dags/example_trigger_target_dag.py
[2026-05-09T18:44:21.556+0000] {processor.py:830} INFO - Processing file /home/airflow/.local/lib/python3.12/site-packages/airflow/example_dags/example_trigger_target_dag.py for tasks to queue
[2026-05-09T18:44:21.559+0000] {logging_mixin.py:188} INFO - [2026-05-09T18:44:21.558+0000] {dagbag.py:545} INFO - Filling up the DagBag from /home/airflow/.local/lib/python3.12/site-packages/airflow/example_dags/example_trigger_target_dag.py
[2026-05-09T18:44:21.565+0000] {processor.py:840} INFO - DAG(s) 'example_trigger_target_dag' retrieved from /home/airflow/.local/lib/python3.12/site-packages/airflow/example_dags/example_trigger_target_dag.py
[2026-05-09T18:44:21.592+0000] {logging_mixin.py:188} INFO - [2026-05-09T18:44:21.592+0000] {dag.py:3096} INFO - Sync 1 DAGs
[2026-05-09T18:44:21.607+0000] {logging_mixin.py:188} INFO - [2026-05-09T18:44:21.607+0000] {dag.py:3954} INFO - Setting next_dagrun for example_trigger_target_dag to None, run_after=None
[2026-05-09T18:44:21.631+0000] {processor.py:183} INFO - Processing /home/airflow/.local/lib/python3.12/site-packages/airflow/example_dags/example_trigger_target_dag.py took 0.082 seconds
[2026-05-09T18:44:52.573+0000] {processor.py:161} INFO - Started process (PID=364) to work on /home/airflow/.local/lib/python3.12/site-packages/airflow/example_dags/example_trigger_target_dag.py
[2026-05-09T18:44:52.575+0000] {processor.py:830} INFO - Processing file /home/airflow/.local/lib/python3.12/site-packages/airflow/example_dags/example_trigger_target_dag.py for tasks to queue
[2026-05-09T18:44:52.578+0000] {logging_mixin.py:188} INFO - [2026-05-09T18:44:52.577+0000] {dagbag.py:545} INFO - Filling up the DagBag from /home/airflow/.local/lib/python3.12/site-packages/airflow/example_dags/example_trigger_target_dag.py
[2026-05-09T18:44:52.586+0000] {processor.py:840} INFO - DAG(s) 'example_trigger_target_dag' retrieved from /home/airflow/.local/lib/python3.12/site-packages/airflow/example_dags/example_trigger_target_dag.py
[2026-05-09T18:44:52.613+0000] {logging_mixin.py:188} INFO - [2026-05-09T18:44:52.612+0000] {dag.py:3096} INFO - Sync 1 DAGs
[2026-05-09T18:44:52.638+0000] {logging_mixin.py:188} INFO - [2026-05-09T18:44:52.637+0000] {dag.py:3954} INFO - Setting next_dagrun for example_trigger_target_dag to None, run_after=None
[2026-05-09T18:44:52.682+0000] {processor.py:183} INFO - Processing /home/airflow/.local/lib/python3.12/site-packages/airflow/example_dags/example_trigger_target_dag.py took 0.116 seconds
[2026-05-09T18:45:23.579+0000] {processor.py:161} INFO - Started process (PID=422) to work on /home/airflow/.local/lib/python3.12/site-packages/airflow/example_dags/example_trigger_target_dag.py
[2026-05-09T18:45:23.580+0000] {processor.py:830} INFO - Processing file /home/airflow/.local/lib/python3.12/site-packages/airflow/example_dags/example_trigger_target_dag.py for tasks to queue
[2026-05-09T18:45:23.583+0000] {logging_mixin.py:188} INFO - [2026-05-09T18:45:23.583+0000] {dagbag.py:545} INFO - Filling up the DagBag from /home/airflow/.local/lib/python3.12/site-packages/airflow/example_dags/example_trigger_target_dag.py
[2026-05-09T18:45:23.591+0000] {processor.py:840} INFO - DAG(s) 'example_trigger_target_dag' retrieved from /home/airflow/.local/lib/python3.12/site-packages/airflow/example_dags/example_trigger_target_dag.py
[2026-05-09T18:45:23.618+0000] {logging_mixin.py:188} INFO - [2026-05-09T18:45:23.618+0000] {dag.py:3096} INFO - Sync 1 DAGs
[2026-05-09T18:45:23.632+0000] {logging_mixin.py:188} INFO - [2026-05-09T18:45:23.632+0000] {dag.py:3954} INFO - Setting next_dagrun for example_trigger_target_dag to None, run_after=None
[2026-05-09T18:45:23.657+0000] {processor.py:183} INFO - Processing /home/airflow/.local/lib/python3.12/site-packages/airflow/example_dags/example_trigger_target_dag.py took 0.085 seconds
[2026-05-09T18:45:54.134+0000] {processor.py:161} INFO - Started process (PID=480) to work on /home/airflow/.local/lib/python3.12/site-packages/airflow/example_dags/example_trigger_target_dag.py
[2026-05-09T18:45:54.136+0000] {processor.py:830} INFO - Processing file /home/airflow/.local/lib/python3.12/site-packages/airflow/example_dags/example_trigger_target_dag.py for tasks to queue
[2026-05-09T18:45:54.138+0000] {logging_mixin.py:188} INFO - [2026-05-09T18:45:54.138+0000] {dagbag.py:545} INFO - Filling up the DagBag from /home/airflow/.local/lib/python3.12/site-packages/airflow/example_dags/example_trigger_target_dag.py
[2026-05-09T18:45:54.144+0000] {processor.py:840} INFO - DAG(s) 'example_trigger_target_dag' retrieved from /home/airflow/.local/lib/python3.12/site-packages/airflow/example_dags/example_trigger_target_dag.py
[2026-05-09T18:45:54.166+0000] {logging_mixin.py:188} INFO - [2026-05-09T18:45:54.166+0000] {dag.py:3096} INFO - Sync 1 DAGs
[2026-05-09T18:45:54.180+0000] {logging_mixin.py:188} INFO - [2026-05-09T18:45:54.180+0000] {dag.py:3954} INFO - Setting next_dagrun for example_trigger_target_dag to None, run_after=None
[2026-05-09T18:45:54.210+0000] {processor.py:183} INFO - Processing /home/airflow/.local/lib/python3.12/site-packages/airflow/example_dags/example_trigger_target_dag.py took 0.081 seconds
[2026-05-09T18:46:24.581+0000] {processor.py:161} INFO - Started process (PID=538) to work on /home/airflow/.local/lib/python3.12/site-packages/airflow/example_dags/example_trigger_target_dag.py
[2026-05-09T18:46:24.582+0000] {processor.py:830} INFO - Processing file /home/airflow/.local/lib/python3.12/site-packages/airflow/example_dags/example_trigger_target_dag.py for tasks to queue
[2026-05-09T18:46:24.584+0000] {logging_mixin.py:188} INFO - [2026-05-09T18:46:24.584+0000] {dagbag.py:545} INFO - Filling up the DagBag from /home/airflow/.local/lib/python3.12/site-packages/airflow/example_dags/example_trigger_target_dag.py
[2026-05-09T18:46:24.590+0000] {processor.py:840} INFO - DAG(s) 'example_trigger_target_dag' retrieved from /home/airflow/.local/lib/python3.12/site-packages/airflow/example_dags/example_trigger_target_dag.py
[2026-05-09T18:46:24.613+0000] {logging_mixin.py:188} INFO - [2026-05-09T18:46:24.612+0000] {dag.py:3096} INFO - Sync 1 DAGs
[2026-05-09T18:46:24.626+0000] {logging_mixin.py:188} INFO - [2026-05-09T18:46:24.626+0000] {dag.py:3954} INFO - Setting next_dagrun for example_trigger_target_dag to None, run_after=None
[2026-05-09T18:46:24.651+0000] {processor.py:183} INFO - Processing /home/airflow/.local/lib/python3.12/site-packages/airflow/example_dags/example_trigger_target_dag.py took 0.075 seconds
[2026-05-09T18:51:00.145+0000] {processor.py:161} INFO - Started process (PID=87) to work on /home/airflow/.local/lib/python3.12/site-packages/airflow/example_dags/example_trigger_target_dag.py
[2026-05-09T18:51:00.148+0000] {processor.py:830} INFO - Processing file /home/airflow/.local/lib/python3.12/site-packages/airflow/example_dags/example_trigger_target_dag.py for tasks to queue
[2026-05-09T18:51:00.153+0000] {logging_mixin.py:188} INFO - [2026-05-09T18:51:00.152+0000] {dagbag.py:545} INFO - Filling up the DagBag from /home/airflow/.local/lib/python3.12/site-packages/airflow/example_dags/example_trigger_target_dag.py
[2026-05-09T18:51:00.171+0000] {processor.py:840} INFO - DAG(s) 'example_trigger_target_dag' retrieved from /home/airflow/.local/lib/python3.12/site-packages/airflow/example_dags/example_trigger_target_dag.py
[2026-05-09T18:51:00.342+0000] {logging_mixin.py:188} INFO - [2026-05-09T18:51:00.342+0000] {dag.py:3096} INFO - Sync 1 DAGs
[2026-05-09T18:51:00.357+0000] {logging_mixin.py:188} INFO - [2026-05-09T18:51:00.357+0000] {dag.py:3954} INFO - Setting next_dagrun for example_trigger_target_dag to None, run_after=None
[2026-05-09T18:51:00.413+0000] {processor.py:183} INFO - Processing /home/airflow/.local/lib/python3.12/site-packages/airflow/example_dags/example_trigger_target_dag.py took 0.275 seconds
[2026-05-09T18:51:51.180+0000] {processor.py:161} INFO - Started process (PID=56) to work on /home/airflow/.local/lib/python3.12/site-packages/airflow/example_dags/example_trigger_target_dag.py
[2026-05-09T18:51:51.181+0000] {processor.py:830} INFO - Processing file /home/airflow/.local/lib/python3.12/site-packages/airflow/example_dags/example_trigger_target_dag.py for tasks to queue
[2026-05-09T18:51:51.184+0000] {logging_mixin.py:188} INFO - [2026-05-09T18:51:51.183+0000] {dagbag.py:545} INFO - Filling up the DagBag from /home/airflow/.local/lib/python3.12/site-packages/airflow/example_dags/example_trigger_target_dag.py
[2026-05-09T18:51:51.191+0000] {processor.py:840} INFO - DAG(s) 'example_trigger_target_dag' retrieved from /home/airflow/.local/lib/python3.12/site-packages/airflow/example_dags/example_trigger_target_dag.py
[2026-05-09T18:51:51.219+0000] {logging_mixin.py:188} INFO - [2026-05-09T18:51:51.219+0000] {dag.py:3096} INFO - Sync 1 DAGs
[2026-05-09T18:51:51.236+0000] {logging_mixin.py:188} INFO - [2026-05-09T18:51:51.236+0000] {dag.py:3954} INFO - Setting next_dagrun for example_trigger_target_dag to None, run_after=None
[2026-05-09T18:51:51.264+0000] {processor.py:183} INFO - Processing /home/airflow/.local/lib/python3.12/site-packages/airflow/example_dags/example_trigger_target_dag.py took 0.090 seconds
[2026-05-09T18:52:21.721+0000] {processor.py:161} INFO - Started process (PID=114) to work on /home/airflow/.local/lib/python3.12/site-packages/airflow/example_dags/example_trigger_target_dag.py
[2026-05-09T18:52:21.722+0000] {processor.py:830} INFO - Processing file /home/airflow/.local/lib/python3.12/site-packages/airflow/example_dags/example_trigger_target_dag.py for tasks to queue
[2026-05-09T18:52:21.725+0000] {logging_mixin.py:188} INFO - [2026-05-09T18:52:21.724+0000] {dagbag.py:545} INFO - Filling up the DagBag from /home/airflow/.local/lib/python3.12/site-packages/airflow/example_dags/example_trigger_target_dag.py
[2026-05-09T18:52:21.730+0000] {processor.py:840} INFO - DAG(s) 'example_trigger_target_dag' retrieved from /home/airflow/.local/lib/python3.12/site-packages/airflow/example_dags/example_trigger_target_dag.py
[2026-05-09T18:52:21.750+0000] {logging_mixin.py:188} INFO - [2026-05-09T18:52:21.750+0000] {dag.py:3096} INFO - Sync 1 DAGs
[2026-05-09T18:52:21.762+0000] {logging_mixin.py:188} INFO - [2026-05-09T18:52:21.761+0000] {dag.py:3954} INFO - Setting next_dagrun for example_trigger_target_dag to None, run_after=None
[2026-05-09T18:52:21.787+0000] {processor.py:183} INFO - Processing /home/airflow/.local/lib/python3.12/site-packages/airflow/example_dags/example_trigger_target_dag.py took 0.071 seconds
[2026-05-09T18:52:55.783+0000] {processor.py:161} INFO - Started process (PID=178) to work on /home/airflow/.local/lib/python3.12/site-packages/airflow/example_dags/example_trigger_target_dag.py
[2026-05-09T18:52:55.784+0000] {processor.py:830} INFO - Processing file /home/airflow/.local/lib/python3.12/site-packages/airflow/example_dags/example_trigger_target_dag.py for tasks to queue
[2026-05-09T18:52:55.786+0000] {logging_mixin.py:188} INFO - [2026-05-09T18:52:55.786+0000] {dagbag.py:545} INFO - Filling up the DagBag from /home/airflow/.local/lib/python3.12/site-packages/airflow/example_dags/example_trigger_target_dag.py
[2026-05-09T18:52:55.792+0000] {processor.py:840} INFO - DAG(s) 'example_trigger_target_dag' retrieved from /home/airflow/.local/lib/python3.12/site-packages/airflow/example_dags/example_trigger_target_dag.py
[2026-05-09T18:52:55.812+0000] {logging_mixin.py:188} INFO - [2026-05-09T18:52:55.812+0000] {dag.py:3096} INFO - Sync 1 DAGs
[2026-05-09T18:52:55.823+0000] {logging_mixin.py:188} INFO - [2026-05-09T18:52:55.823+0000] {dag.py:3954} INFO - Setting next_dagrun for example_trigger_target_dag to None, run_after=None
[2026-05-09T18:52:56.698+0000] {processor.py:183} INFO - Processing /home/airflow/.local/lib/python3.12/site-packages/airflow/example_dags/example_trigger_target_dag.py took 0.920 seconds
[2026-05-09T18:53:27.631+0000] {processor.py:161} INFO - Started process (PID=236) to work on /home/airflow/.local/lib/python3.12/site-packages/airflow/example_dags/example_trigger_target_dag.py
[2026-05-09T18:53:27.632+0000] {processor.py:830} INFO - Processing file /home/airflow/.local/lib/python3.12/site-packages/airflow/example_dags/example_trigger_target_dag.py for tasks to queue
[2026-05-09T18:53:27.635+0000] {logging_mixin.py:188} INFO - [2026-05-09T18:53:27.634+0000] {dagbag.py:545} INFO - Filling up the DagBag from /home/airflow/.local/lib/python3.12/site-packages/airflow/example_dags/example_trigger_target_dag.py
[2026-05-09T18:53:27.640+0000] {processor.py:840} INFO - DAG(s) 'example_trigger_target_dag' retrieved from /home/airflow/.local/lib/python3.12/site-packages/airflow/example_dags/example_trigger_target_dag.py
[2026-05-09T18:53:27.660+0000] {logging_mixin.py:188} INFO - [2026-05-09T18:53:27.660+0000] {dag.py:3096} INFO - Sync 1 DAGs
[2026-05-09T18:53:27.673+0000] {logging_mixin.py:188} INFO - [2026-05-09T18:53:27.672+0000] {dag.py:3954} INFO - Setting next_dagrun for example_trigger_target_dag to None, run_after=None
[2026-05-09T18:53:27.697+0000] {processor.py:183} INFO - Processing /home/airflow/.local/lib/python3.12/site-packages/airflow/example_dags/example_trigger_target_dag.py took 0.071 seconds
[2026-05-09T18:53:58.687+0000] {processor.py:161} INFO - Started process (PID=294) to work on /home/airflow/.local/lib/python3.12/site-packages/airflow/example_dags/example_trigger_target_dag.py
[2026-05-09T18:53:58.688+0000] {processor.py:830} INFO - Processing file /home/airflow/.local/lib/python3.12/site-packages/airflow/example_dags/example_trigger_target_dag.py for tasks to queue
[2026-05-09T18:53:58.691+0000] {logging_mixin.py:188} INFO - [2026-05-09T18:53:58.691+0000] {dagbag.py:545} INFO - Filling up the DagBag from /home/airflow/.local/lib/python3.12/site-packages/airflow/example_dags/example_trigger_target_dag.py
[2026-05-09T18:53:58.699+0000] {processor.py:840} INFO - DAG(s) 'example_trigger_target_dag' retrieved from /home/airflow/.local/lib/python3.12/site-packages/airflow/example_dags/example_trigger_target_dag.py
[2026-05-09T18:53:58.727+0000] {logging_mixin.py:188} INFO - [2026-05-09T18:53:58.727+0000] {dag.py:3096} INFO - Sync 1 DAGs
[2026-05-09T18:53:58.744+0000] {logging_mixin.py:188} INFO - [2026-05-09T18:53:58.744+0000] {dag.py:3954} INFO - Setting next_dagrun for example_trigger_target_dag to None, run_after=None
[2026-05-09T18:53:58.775+0000] {processor.py:183} INFO - Processing /home/airflow/.local/lib/python3.12/site-packages/airflow/example_dags/example_trigger_target_dag.py took 0.094 seconds
[2026-05-09T18:54:29.058+0000] {processor.py:161} INFO - Started process (PID=352) to work on /home/airflow/.local/lib/python3.12/site-packages/airflow/example_dags/example_trigger_target_dag.py
[2026-05-09T18:54:29.059+0000] {processor.py:830} INFO - Processing file /home/airflow/.local/lib/python3.12/site-packages/airflow/example_dags/example_trigger_target_dag.py for tasks to queue
[2026-05-09T18:54:29.061+0000] {logging_mixin.py:188} INFO - [2026-05-09T18:54:29.061+0000] {dagbag.py:545} INFO - Filling up the DagBag from /home/airflow/.local/lib/python3.12/site-packages/airflow/example_dags/example_trigger_target_dag.py
[2026-05-09T18:54:29.067+0000] {processor.py:840} INFO - DAG(s) 'example_trigger_target_dag' retrieved from /home/airflow/.local/lib/python3.12/site-packages/airflow/example_dags/example_trigger_target_dag.py
[2026-05-09T18:54:29.087+0000] {logging_mixin.py:188} INFO - [2026-05-09T18:54:29.087+0000] {dag.py:3096} INFO - Sync 1 DAGs
[2026-05-09T18:54:29.100+0000] {logging_mixin.py:188} INFO - [2026-05-09T18:54:29.100+0000] {dag.py:3954} INFO - Setting next_dagrun for example_trigger_target_dag to None, run_after=None
[2026-05-09T18:54:29.124+0000] {processor.py:183} INFO - Processing /home/airflow/.local/lib/python3.12/site-packages/airflow/example_dags/example_trigger_target_dag.py took 0.071 seconds
[2026-05-09T18:54:59.338+0000] {processor.py:161} INFO - Started process (PID=410) to work on /home/airflow/.local/lib/python3.12/site-packages/airflow/example_dags/example_trigger_target_dag.py
[2026-05-09T18:54:59.339+0000] {processor.py:830} INFO - Processing file /home/airflow/.local/lib/python3.12/site-packages/airflow/example_dags/example_trigger_target_dag.py for tasks to queue
[2026-05-09T18:54:59.341+0000] {logging_mixin.py:188} INFO - [2026-05-09T18:54:59.341+0000] {dagbag.py:545} INFO - Filling up the DagBag from /home/airflow/.local/lib/python3.12/site-packages/airflow/example_dags/example_trigger_target_dag.py
[2026-05-09T18:54:59.348+0000] {processor.py:840} INFO - DAG(s) 'example_trigger_target_dag' retrieved from /home/airflow/.local/lib/python3.12/site-packages/airflow/example_dags/example_trigger_target_dag.py
[2026-05-09T18:54:59.393+0000] {logging_mixin.py:188} INFO - [2026-05-09T18:54:59.393+0000] {dag.py:3096} INFO - Sync 1 DAGs
[2026-05-09T18:54:59.410+0000] {logging_mixin.py:188} INFO - [2026-05-09T18:54:59.410+0000] {dag.py:3954} INFO - Setting next_dagrun for example_trigger_target_dag to None, run_after=None
[2026-05-09T18:54:59.437+0000] {processor.py:183} INFO - Processing /home/airflow/.local/lib/python3.12/site-packages/airflow/example_dags/example_trigger_target_dag.py took 0.105 seconds
[2026-05-09T18:55:29.619+0000] {processor.py:161} INFO - Started process (PID=462) to work on /home/airflow/.local/lib/python3.12/site-packages/airflow/example_dags/example_trigger_target_dag.py
[2026-05-09T18:55:29.621+0000] {processor.py:830} INFO - Processing file /home/airflow/.local/lib/python3.12/site-packages/airflow/example_dags/example_trigger_target_dag.py for tasks to queue
[2026-05-09T18:55:29.623+0000] {logging_mixin.py:188} INFO - [2026-05-09T18:55:29.622+0000] {dagbag.py:545} INFO - Filling up the DagBag from /home/airflow/.local/lib/python3.12/site-packages/airflow/example_dags/example_trigger_target_dag.py
[2026-05-09T18:55:29.628+0000] {processor.py:840} INFO - DAG(s) 'example_trigger_target_dag' retrieved from /home/airflow/.local/lib/python3.12/site-packages/airflow/example_dags/example_trigger_target_dag.py
[2026-05-09T18:55:29.657+0000] {logging_mixin.py:188} INFO - [2026-05-09T18:55:29.656+0000] {dag.py:3096} INFO - Sync 1 DAGs
[2026-05-09T18:55:29.672+0000] {logging_mixin.py:188} INFO - [2026-05-09T18:55:29.671+0000] {dag.py:3954} INFO - Setting next_dagrun for example_trigger_target_dag to None, run_after=None
[2026-05-09T18:55:29.700+0000] {processor.py:183} INFO - Processing /home/airflow/.local/lib/python3.12/site-packages/airflow/example_dags/example_trigger_target_dag.py took 0.086 seconds
[2026-05-09T18:55:59.937+0000] {processor.py:161} INFO - Started process (PID=520) to work on /home/airflow/.local/lib/python3.12/site-packages/airflow/example_dags/example_trigger_target_dag.py
[2026-05-09T18:55:59.938+0000] {processor.py:830} INFO - Processing file /home/airflow/.local/lib/python3.12/site-packages/airflow/example_dags/example_trigger_target_dag.py for tasks to queue
[2026-05-09T18:55:59.940+0000] {logging_mixin.py:188} INFO - [2026-05-09T18:55:59.940+0000] {dagbag.py:545} INFO - Filling up the DagBag from /home/airflow/.local/lib/python3.12/site-packages/airflow/example_dags/example_trigger_target_dag.py
[2026-05-09T18:55:59.945+0000] {processor.py:840} INFO - DAG(s) 'example_trigger_target_dag' retrieved from /home/airflow/.local/lib/python3.12/site-packages/airflow/example_dags/example_trigger_target_dag.py
[2026-05-09T18:55:59.965+0000] {logging_mixin.py:188} INFO - [2026-05-09T18:55:59.965+0000] {dag.py:3096} INFO - Sync 1 DAGs
[2026-05-09T18:55:59.978+0000] {logging_mixin.py:188} INFO - [2026-05-09T18:55:59.978+0000] {dag.py:3954} INFO - Setting next_dagrun for example_trigger_target_dag to None, run_after=None
[2026-05-09T18:56:00.002+0000] {processor.py:183} INFO - Processing /home/airflow/.local/lib/python3.12/site-packages/airflow/example_dags/example_trigger_target_dag.py took 0.070 seconds
[2026-05-09T18:56:30.066+0000] {processor.py:161} INFO - Started process (PID=578) to work on /home/airflow/.local/lib/python3.12/site-packages/airflow/example_dags/example_trigger_target_dag.py
[2026-05-09T18:56:30.068+0000] {processor.py:830} INFO - Processing file /home/airflow/.local/lib/python3.12/site-packages/airflow/example_dags/example_trigger_target_dag.py for tasks to queue
[2026-05-09T18:56:30.069+0000] {logging_mixin.py:188} INFO - [2026-05-09T18:56:30.069+0000] {dagbag.py:545} INFO - Filling up the DagBag from /home/airflow/.local/lib/python3.12/site-packages/airflow/example_dags/example_trigger_target_dag.py
[2026-05-09T18:56:30.074+0000] {processor.py:840} INFO - DAG(s) 'example_trigger_target_dag' retrieved from /home/airflow/.local/lib/python3.12/site-packages/airflow/example_dags/example_trigger_target_dag.py
[2026-05-09T18:56:30.095+0000] {logging_mixin.py:188} INFO - [2026-05-09T18:56:30.095+0000] {dag.py:3096} INFO - Sync 1 DAGs
[2026-05-09T18:56:30.108+0000] {logging_mixin.py:188} INFO - [2026-05-09T18:56:30.108+0000] {dag.py:3954} INFO - Setting next_dagrun for example_trigger_target_dag to None, run_after=None
[2026-05-09T18:56:30.130+0000] {processor.py:183} INFO - Processing /home/airflow/.local/lib/python3.12/site-packages/airflow/example_dags/example_trigger_target_dag.py took 0.069 seconds
[2026-05-09T18:57:00.673+0000] {processor.py:161} INFO - Started process (PID=637) to work on /home/airflow/.local/lib/python3.12/site-packages/airflow/example_dags/example_trigger_target_dag.py
[2026-05-09T18:57:00.674+0000] {processor.py:830} INFO - Processing file /home/airflow/.local/lib/python3.12/site-packages/airflow/example_dags/example_trigger_target_dag.py for tasks to queue
[2026-05-09T18:57:00.677+0000] {logging_mixin.py:188} INFO - [2026-05-09T18:57:00.676+0000] {dagbag.py:545} INFO - Filling up the DagBag from /home/airflow/.local/lib/python3.12/site-packages/airflow/example_dags/example_trigger_target_dag.py
[2026-05-09T18:57:00.682+0000] {processor.py:840} INFO - DAG(s) 'example_trigger_target_dag' retrieved from /home/airflow/.local/lib/python3.12/site-packages/airflow/example_dags/example_trigger_target_dag.py
[2026-05-09T18:57:00.703+0000] {logging_mixin.py:188} INFO - [2026-05-09T18:57:00.702+0000] {dag.py:3096} INFO - Sync 1 DAGs
[2026-05-09T18:57:00.716+0000] {logging_mixin.py:188} INFO - [2026-05-09T18:57:00.715+0000] {dag.py:3954} INFO - Setting next_dagrun for example_trigger_target_dag to None, run_after=None
[2026-05-09T18:57:00.741+0000] {processor.py:183} INFO - Processing /home/airflow/.local/lib/python3.12/site-packages/airflow/example_dags/example_trigger_target_dag.py took 0.073 seconds
[2026-05-09T18:57:31.496+0000] {processor.py:161} INFO - Started process (PID=696) to work on /home/airflow/.local/lib/python3.12/site-packages/airflow/example_dags/example_trigger_target_dag.py
[2026-05-09T18:57:31.497+0000] {processor.py:830} INFO - Processing file /home/airflow/.local/lib/python3.12/site-packages/airflow/example_dags/example_trigger_target_dag.py for tasks to queue
[2026-05-09T18:57:31.499+0000] {logging_mixin.py:188} INFO - [2026-05-09T18:57:31.498+0000] {dagbag.py:545} INFO - Filling up the DagBag from /home/airflow/.local/lib/python3.12/site-packages/airflow/example_dags/example_trigger_target_dag.py
[2026-05-09T18:57:31.504+0000] {processor.py:840} INFO - DAG(s) 'example_trigger_target_dag' retrieved from /home/airflow/.local/lib/python3.12/site-packages/airflow/example_dags/example_trigger_target_dag.py
[2026-05-09T18:57:31.524+0000] {logging_mixin.py:188} INFO - [2026-05-09T18:57:31.523+0000] {dag.py:3096} INFO - Sync 1 DAGs
[2026-05-09T18:57:31.536+0000] {logging_mixin.py:188} INFO - [2026-05-09T18:57:31.536+0000] {dag.py:3954} INFO - Setting next_dagrun for example_trigger_target_dag to None, run_after=None
[2026-05-09T18:57:31.566+0000] {processor.py:183} INFO - Processing /home/airflow/.local/lib/python3.12/site-packages/airflow/example_dags/example_trigger_target_dag.py took 0.076 seconds
[2026-05-09T18:58:02.596+0000] {processor.py:161} INFO - Started process (PID=755) to work on /home/airflow/.local/lib/python3.12/site-packages/airflow/example_dags/example_trigger_target_dag.py
[2026-05-09T18:58:02.598+0000] {processor.py:830} INFO - Processing file /home/airflow/.local/lib/python3.12/site-packages/airflow/example_dags/example_trigger_target_dag.py for tasks to queue
[2026-05-09T18:58:02.600+0000] {logging_mixin.py:188} INFO - [2026-05-09T18:58:02.600+0000] {dagbag.py:545} INFO - Filling up the DagBag from /home/airflow/.local/lib/python3.12/site-packages/airflow/example_dags/example_trigger_target_dag.py
[2026-05-09T18:58:02.610+0000] {processor.py:840} INFO - DAG(s) 'example_trigger_target_dag' retrieved from /home/airflow/.local/lib/python3.12/site-packages/airflow/example_dags/example_trigger_target_dag.py
[2026-05-09T18:58:02.641+0000] {logging_mixin.py:188} INFO - [2026-05-09T18:58:02.641+0000] {dag.py:3096} INFO - Sync 1 DAGs
[2026-05-09T18:58:02.660+0000] {logging_mixin.py:188} INFO - [2026-05-09T18:58:02.660+0000] {dag.py:3954} INFO - Setting next_dagrun for example_trigger_target_dag to None, run_after=None
[2026-05-09T18:58:02.702+0000] {processor.py:183} INFO - Processing /home/airflow/.local/lib/python3.12/site-packages/airflow/example_dags/example_trigger_target_dag.py took 0.115 seconds
[2026-05-09T18:58:32.753+0000] {processor.py:161} INFO - Started process (PID=815) to work on /home/airflow/.local/lib/python3.12/site-packages/airflow/example_dags/example_trigger_target_dag.py
[2026-05-09T18:58:32.754+0000] {processor.py:830} INFO - Processing file /home/airflow/.local/lib/python3.12/site-packages/airflow/example_dags/example_trigger_target_dag.py for tasks to queue
[2026-05-09T18:58:32.756+0000] {logging_mixin.py:188} INFO - [2026-05-09T18:58:32.756+0000] {dagbag.py:545} INFO - Filling up the DagBag from /home/airflow/.local/lib/python3.12/site-packages/airflow/example_dags/example_trigger_target_dag.py
[2026-05-09T18:58:32.762+0000] {processor.py:840} INFO - DAG(s) 'example_trigger_target_dag' retrieved from /home/airflow/.local/lib/python3.12/site-packages/airflow/example_dags/example_trigger_target_dag.py
[2026-05-09T18:58:32.781+0000] {logging_mixin.py:188} INFO - [2026-05-09T18:58:32.781+0000] {dag.py:3096} INFO - Sync 1 DAGs
[2026-05-09T18:58:32.793+0000] {logging_mixin.py:188} INFO - [2026-05-09T18:58:32.793+0000] {dag.py:3954} INFO - Setting next_dagrun for example_trigger_target_dag to None, run_after=None
[2026-05-09T18:58:32.816+0000] {processor.py:183} INFO - Processing /home/airflow/.local/lib/python3.12/site-packages/airflow/example_dags/example_trigger_target_dag.py took 0.067 seconds
[2026-05-09T18:59:02.888+0000] {processor.py:161} INFO - Started process (PID=874) to work on /home/airflow/.local/lib/python3.12/site-packages/airflow/example_dags/example_trigger_target_dag.py
[2026-05-09T18:59:02.890+0000] {processor.py:830} INFO - Processing file /home/airflow/.local/lib/python3.12/site-packages/airflow/example_dags/example_trigger_target_dag.py for tasks to queue
[2026-05-09T18:59:02.893+0000] {logging_mixin.py:188} INFO - [2026-05-09T18:59:02.892+0000] {dagbag.py:545} INFO - Filling up the DagBag from /home/airflow/.local/lib/python3.12/site-packages/airflow/example_dags/example_trigger_target_dag.py
[2026-05-09T18:59:02.901+0000] {processor.py:840} INFO - DAG(s) 'example_trigger_target_dag' retrieved from /home/airflow/.local/lib/python3.12/site-packages/airflow/example_dags/example_trigger_target_dag.py
[2026-05-09T18:59:02.926+0000] {logging_mixin.py:188} INFO - [2026-05-09T18:59:02.926+0000] {dag.py:3096} INFO - Sync 1 DAGs
[2026-05-09T18:59:02.942+0000] {logging_mixin.py:188} INFO - [2026-05-09T18:59:02.942+0000] {dag.py:3954} INFO - Setting next_dagrun for example_trigger_target_dag to None, run_after=None
[2026-05-09T18:59:02.965+0000] {processor.py:183} INFO - Processing /home/airflow/.local/lib/python3.12/site-packages/airflow/example_dags/example_trigger_target_dag.py took 0.083 seconds
[2026-05-09T18:59:33.588+0000] {processor.py:161} INFO - Started process (PID=933) to work on /home/airflow/.local/lib/python3.12/site-packages/airflow/example_dags/example_trigger_target_dag.py
[2026-05-09T18:59:33.589+0000] {processor.py:830} INFO - Processing file /home/airflow/.local/lib/python3.12/site-packages/airflow/example_dags/example_trigger_target_dag.py for tasks to queue
[2026-05-09T18:59:33.591+0000] {logging_mixin.py:188} INFO - [2026-05-09T18:59:33.591+0000] {dagbag.py:545} INFO - Filling up the DagBag from /home/airflow/.local/lib/python3.12/site-packages/airflow/example_dags/example_trigger_target_dag.py
[2026-05-09T18:59:33.597+0000] {processor.py:840} INFO - DAG(s) 'example_trigger_target_dag' retrieved from /home/airflow/.local/lib/python3.12/site-packages/airflow/example_dags/example_trigger_target_dag.py
[2026-05-09T18:59:33.618+0000] {logging_mixin.py:188} INFO - [2026-05-09T18:59:33.618+0000] {dag.py:3096} INFO - Sync 1 DAGs
[2026-05-09T18:59:33.631+0000] {logging_mixin.py:188} INFO - [2026-05-09T18:59:33.630+0000] {dag.py:3954} INFO - Setting next_dagrun for example_trigger_target_dag to None, run_after=None
[2026-05-09T18:59:33.656+0000] {processor.py:183} INFO - Processing /home/airflow/.local/lib/python3.12/site-packages/airflow/example_dags/example_trigger_target_dag.py took 0.073 seconds
[2026-05-09T19:00:04.437+0000] {processor.py:161} INFO - Started process (PID=992) to work on /home/airflow/.local/lib/python3.12/site-packages/airflow/example_dags/example_trigger_target_dag.py
[2026-05-09T19:00:04.439+0000] {processor.py:830} INFO - Processing file /home/airflow/.local/lib/python3.12/site-packages/airflow/example_dags/example_trigger_target_dag.py for tasks to queue
[2026-05-09T19:00:04.441+0000] {logging_mixin.py:188} INFO - [2026-05-09T19:00:04.440+0000] {dagbag.py:545} INFO - Filling up the DagBag from /home/airflow/.local/lib/python3.12/site-packages/airflow/example_dags/example_trigger_target_dag.py
[2026-05-09T19:00:04.446+0000] {processor.py:840} INFO - DAG(s) 'example_trigger_target_dag' retrieved from /home/airflow/.local/lib/python3.12/site-packages/airflow/example_dags/example_trigger_target_dag.py
[2026-05-09T19:00:04.466+0000] {logging_mixin.py:188} INFO - [2026-05-09T19:00:04.466+0000] {dag.py:3096} INFO - Sync 1 DAGs
[2026-05-09T19:00:04.479+0000] {logging_mixin.py:188} INFO - [2026-05-09T19:00:04.479+0000] {dag.py:3954} INFO - Setting next_dagrun for example_trigger_target_dag to None, run_after=None
[2026-05-09T19:00:04.504+0000] {processor.py:183} INFO - Processing /home/airflow/.local/lib/python3.12/site-packages/airflow/example_dags/example_trigger_target_dag.py took 0.072 seconds
[2026-05-09T19:00:34.989+0000] {processor.py:161} INFO - Started process (PID=1051) to work on /home/airflow/.local/lib/python3.12/site-packages/airflow/example_dags/example_trigger_target_dag.py
[2026-05-09T19:00:34.991+0000] {processor.py:830} INFO - Processing file /home/airflow/.local/lib/python3.12/site-packages/airflow/example_dags/example_trigger_target_dag.py for tasks to queue
[2026-05-09T19:00:34.993+0000] {logging_mixin.py:188} INFO - [2026-05-09T19:00:34.993+0000] {dagbag.py:545} INFO - Filling up the DagBag from /home/airflow/.local/lib/python3.12/site-packages/airflow/example_dags/example_trigger_target_dag.py
[2026-05-09T19:00:35.001+0000] {processor.py:840} INFO - DAG(s) 'example_trigger_target_dag' retrieved from /home/airflow/.local/lib/python3.12/site-packages/airflow/example_dags/example_trigger_target_dag.py
[2026-05-09T19:00:35.030+0000] {logging_mixin.py:188} INFO - [2026-05-09T19:00:35.030+0000] {dag.py:3096} INFO - Sync 1 DAGs
[2026-05-09T19:00:35.047+0000] {logging_mixin.py:188} INFO - [2026-05-09T19:00:35.046+0000] {dag.py:3954} INFO - Setting next_dagrun for example_trigger_target_dag to None, run_after=None
[2026-05-09T19:00:35.079+0000] {processor.py:183} INFO - Processing /home/airflow/.local/lib/python3.12/site-packages/airflow/example_dags/example_trigger_target_dag.py took 0.095 seconds
[2026-05-09T19:01:05.779+0000] {processor.py:161} INFO - Started process (PID=1110) to work on /home/airflow/.local/lib/python3.12/site-packages/airflow/example_dags/example_trigger_target_dag.py
[2026-05-09T19:01:05.780+0000] {processor.py:830} INFO - Processing file /home/airflow/.local/lib/python3.12/site-packages/airflow/example_dags/example_trigger_target_dag.py for tasks to queue
[2026-05-09T19:01:05.782+0000] {logging_mixin.py:188} INFO - [2026-05-09T19:01:05.782+0000] {dagbag.py:545} INFO - Filling up the DagBag from /home/airflow/.local/lib/python3.12/site-packages/airflow/example_dags/example_trigger_target_dag.py
[2026-05-09T19:01:05.788+0000] {processor.py:840} INFO - DAG(s) 'example_trigger_target_dag' retrieved from /home/airflow/.local/lib/python3.12/site-packages/airflow/example_dags/example_trigger_target_dag.py
[2026-05-09T19:01:05.811+0000] {logging_mixin.py:188} INFO - [2026-05-09T19:01:05.810+0000] {dag.py:3096} INFO - Sync 1 DAGs
[2026-05-09T19:01:05.824+0000] {logging_mixin.py:188} INFO - [2026-05-09T19:01:05.823+0000] {dag.py:3954} INFO - Setting next_dagrun for example_trigger_target_dag to None, run_after=None
[2026-05-09T19:01:05.849+0000] {processor.py:183} INFO - Processing /home/airflow/.local/lib/python3.12/site-packages/airflow/example_dags/example_trigger_target_dag.py took 0.075 seconds
[2026-05-09T19:01:36.686+0000] {processor.py:161} INFO - Started process (PID=1169) to work on /home/airflow/.local/lib/python3.12/site-packages/airflow/example_dags/example_trigger_target_dag.py
[2026-05-09T19:01:36.687+0000] {processor.py:830} INFO - Processing file /home/airflow/.local/lib/python3.12/site-packages/airflow/example_dags/example_trigger_target_dag.py for tasks to queue
[2026-05-09T19:01:36.690+0000] {logging_mixin.py:188} INFO - [2026-05-09T19:01:36.689+0000] {dagbag.py:545} INFO - Filling up the DagBag from /home/airflow/.local/lib/python3.12/site-packages/airflow/example_dags/example_trigger_target_dag.py
[2026-05-09T19:01:36.696+0000] {processor.py:840} INFO - DAG(s) 'example_trigger_target_dag' retrieved from /home/airflow/.local/lib/python3.12/site-packages/airflow/example_dags/example_trigger_target_dag.py
[2026-05-09T19:01:36.720+0000] {logging_mixin.py:188} INFO - [2026-05-09T19:01:36.720+0000] {dag.py:3096} INFO - Sync 1 DAGs
[2026-05-09T19:01:36.734+0000] {logging_mixin.py:188} INFO - [2026-05-09T19:01:36.734+0000] {dag.py:3954} INFO - Setting next_dagrun for example_trigger_target_dag to None, run_after=None
[2026-05-09T19:01:36.768+0000] {processor.py:183} INFO - Processing /home/airflow/.local/lib/python3.12/site-packages/airflow/example_dags/example_trigger_target_dag.py took 0.088 seconds
[2026-05-09T19:02:07.342+0000] {processor.py:161} INFO - Started process (PID=1228) to work on /home/airflow/.local/lib/python3.12/site-packages/airflow/example_dags/example_trigger_target_dag.py
[2026-05-09T19:02:07.344+0000] {processor.py:830} INFO - Processing file /home/airflow/.local/lib/python3.12/site-packages/airflow/example_dags/example_trigger_target_dag.py for tasks to queue
[2026-05-09T19:02:07.346+0000] {logging_mixin.py:188} INFO - [2026-05-09T19:02:07.346+0000] {dagbag.py:545} INFO - Filling up the DagBag from /home/airflow/.local/lib/python3.12/site-packages/airflow/example_dags/example_trigger_target_dag.py
[2026-05-09T19:02:07.352+0000] {processor.py:840} INFO - DAG(s) 'example_trigger_target_dag' retrieved from /home/airflow/.local/lib/python3.12/site-packages/airflow/example_dags/example_trigger_target_dag.py
[2026-05-09T19:02:07.372+0000] {logging_mixin.py:188} INFO - [2026-05-09T19:02:07.372+0000] {dag.py:3096} INFO - Sync 1 DAGs
[2026-05-09T19:02:07.385+0000] {logging_mixin.py:188} INFO - [2026-05-09T19:02:07.384+0000] {dag.py:3954} INFO - Setting next_dagrun for example_trigger_target_dag to None, run_after=None
[2026-05-09T19:02:07.407+0000] {processor.py:183} INFO - Processing /home/airflow/.local/lib/python3.12/site-packages/airflow/example_dags/example_trigger_target_dag.py took 0.070 seconds
[2026-05-09T19:02:37.908+0000] {processor.py:161} INFO - Started process (PID=1287) to work on /home/airflow/.local/lib/python3.12/site-packages/airflow/example_dags/example_trigger_target_dag.py
[2026-05-09T19:02:37.909+0000] {processor.py:830} INFO - Processing file /home/airflow/.local/lib/python3.12/site-packages/airflow/example_dags/example_trigger_target_dag.py for tasks to queue
[2026-05-09T19:02:37.911+0000] {logging_mixin.py:188} INFO - [2026-05-09T19:02:37.911+0000] {dagbag.py:545} INFO - Filling up the DagBag from /home/airflow/.local/lib/python3.12/site-packages/airflow/example_dags/example_trigger_target_dag.py
[2026-05-09T19:02:37.916+0000] {processor.py:840} INFO - DAG(s) 'example_trigger_target_dag' retrieved from /home/airflow/.local/lib/python3.12/site-packages/airflow/example_dags/example_trigger_target_dag.py
[2026-05-09T19:02:37.936+0000] {logging_mixin.py:188} INFO - [2026-05-09T19:02:37.936+0000] {dag.py:3096} INFO - Sync 1 DAGs
[2026-05-09T19:02:37.949+0000] {logging_mixin.py:188} INFO - [2026-05-09T19:02:37.948+0000] {dag.py:3954} INFO - Setting next_dagrun for example_trigger_target_dag to None, run_after=None
[2026-05-09T19:02:37.971+0000] {processor.py:183} INFO - Processing /home/airflow/.local/lib/python3.12/site-packages/airflow/example_dags/example_trigger_target_dag.py took 0.068 seconds
[2026-05-09T19:03:08.978+0000] {processor.py:161} INFO - Started process (PID=1346) to work on /home/airflow/.local/lib/python3.12/site-packages/airflow/example_dags/example_trigger_target_dag.py
[2026-05-09T19:03:08.979+0000] {processor.py:830} INFO - Processing file /home/airflow/.local/lib/python3.12/site-packages/airflow/example_dags/example_trigger_target_dag.py for tasks to queue
[2026-05-09T19:03:08.981+0000] {logging_mixin.py:188} INFO - [2026-05-09T19:03:08.981+0000] {dagbag.py:545} INFO - Filling up the DagBag from /home/airflow/.local/lib/python3.12/site-packages/airflow/example_dags/example_trigger_target_dag.py
[2026-05-09T19:03:08.987+0000] {processor.py:840} INFO - DAG(s) 'example_trigger_target_dag' retrieved from /home/airflow/.local/lib/python3.12/site-packages/airflow/example_dags/example_trigger_target_dag.py
[2026-05-09T19:03:09.007+0000] {logging_mixin.py:188} INFO - [2026-05-09T19:03:09.007+0000] {dag.py:3096} INFO - Sync 1 DAGs
[2026-05-09T19:03:09.020+0000] {logging_mixin.py:188} INFO - [2026-05-09T19:03:09.020+0000] {dag.py:3954} INFO - Setting next_dagrun for example_trigger_target_dag to None, run_after=None
[2026-05-09T19:03:09.043+0000] {processor.py:183} INFO - Processing /home/airflow/.local/lib/python3.12/site-packages/airflow/example_dags/example_trigger_target_dag.py took 0.070 seconds
[2026-05-09T19:03:39.303+0000] {processor.py:161} INFO - Started process (PID=1405) to work on /home/airflow/.local/lib/python3.12/site-packages/airflow/example_dags/example_trigger_target_dag.py
[2026-05-09T19:03:39.304+0000] {processor.py:830} INFO - Processing file /home/airflow/.local/lib/python3.12/site-packages/airflow/example_dags/example_trigger_target_dag.py for tasks to queue
[2026-05-09T19:03:39.306+0000] {logging_mixin.py:188} INFO - [2026-05-09T19:03:39.306+0000] {dagbag.py:545} INFO - Filling up the DagBag from /home/airflow/.local/lib/python3.12/site-packages/airflow/example_dags/example_trigger_target_dag.py
[2026-05-09T19:03:39.312+0000] {processor.py:840} INFO - DAG(s) 'example_trigger_target_dag' retrieved from /home/airflow/.local/lib/python3.12/site-packages/airflow/example_dags/example_trigger_target_dag.py
[2026-05-09T19:03:39.478+0000] {logging_mixin.py:188} INFO - [2026-05-09T19:03:39.477+0000] {dag.py:3096} INFO - Sync 1 DAGs
[2026-05-09T19:03:39.489+0000] {logging_mixin.py:188} INFO - [2026-05-09T19:03:39.489+0000] {dag.py:3954} INFO - Setting next_dagrun for example_trigger_target_dag to None, run_after=None
[2026-05-09T19:03:39.514+0000] {processor.py:183} INFO - Processing /home/airflow/.local/lib/python3.12/site-packages/airflow/example_dags/example_trigger_target_dag.py took 0.216 seconds
[2026-05-09T19:04:10.366+0000] {processor.py:161} INFO - Started process (PID=1464) to work on /home/airflow/.local/lib/python3.12/site-packages/airflow/example_dags/example_trigger_target_dag.py
[2026-05-09T19:04:10.367+0000] {processor.py:830} INFO - Processing file /home/airflow/.local/lib/python3.12/site-packages/airflow/example_dags/example_trigger_target_dag.py for tasks to queue
[2026-05-09T19:04:10.370+0000] {logging_mixin.py:188} INFO - [2026-05-09T19:04:10.370+0000] {dagbag.py:545} INFO - Filling up the DagBag from /home/airflow/.local/lib/python3.12/site-packages/airflow/example_dags/example_trigger_target_dag.py
[2026-05-09T19:04:10.378+0000] {processor.py:840} INFO - DAG(s) 'example_trigger_target_dag' retrieved from /home/airflow/.local/lib/python3.12/site-packages/airflow/example_dags/example_trigger_target_dag.py
[2026-05-09T19:04:10.403+0000] {logging_mixin.py:188} INFO - [2026-05-09T19:04:10.403+0000] {dag.py:3096} INFO - Sync 1 DAGs
[2026-05-09T19:04:10.417+0000] {logging_mixin.py:188} INFO - [2026-05-09T19:04:10.417+0000] {dag.py:3954} INFO - Setting next_dagrun for example_trigger_target_dag to None, run_after=None
[2026-05-09T19:04:10.444+0000] {processor.py:183} INFO - Processing /home/airflow/.local/lib/python3.12/site-packages/airflow/example_dags/example_trigger_target_dag.py took 0.085 seconds
[2026-05-09T19:04:40.907+0000] {processor.py:161} INFO - Started process (PID=1523) to work on /home/airflow/.local/lib/python3.12/site-packages/airflow/example_dags/example_trigger_target_dag.py
[2026-05-09T19:04:40.909+0000] {processor.py:830} INFO - Processing file /home/airflow/.local/lib/python3.12/site-packages/airflow/example_dags/example_trigger_target_dag.py for tasks to queue
[2026-05-09T19:04:40.911+0000] {logging_mixin.py:188} INFO - [2026-05-09T19:04:40.911+0000] {dagbag.py:545} INFO - Filling up the DagBag from /home/airflow/.local/lib/python3.12/site-packages/airflow/example_dags/example_trigger_target_dag.py
[2026-05-09T19:04:40.916+0000] {processor.py:840} INFO - DAG(s) 'example_trigger_target_dag' retrieved from /home/airflow/.local/lib/python3.12/site-packages/airflow/example_dags/example_trigger_target_dag.py
[2026-05-09T19:04:40.936+0000] {logging_mixin.py:188} INFO - [2026-05-09T19:04:40.936+0000] {dag.py:3096} INFO - Sync 1 DAGs
[2026-05-09T19:04:40.949+0000] {logging_mixin.py:188} INFO - [2026-05-09T19:04:40.949+0000] {dag.py:3954} INFO - Setting next_dagrun for example_trigger_target_dag to None, run_after=None
[2026-05-09T19:04:40.971+0000] {processor.py:183} INFO - Processing /home/airflow/.local/lib/python3.12/site-packages/airflow/example_dags/example_trigger_target_dag.py took 0.068 seconds
[2026-05-09T19:05:11.034+0000] {processor.py:161} INFO - Started process (PID=1582) to work on /home/airflow/.local/lib/python3.12/site-packages/airflow/example_dags/example_trigger_target_dag.py
[2026-05-09T19:05:11.036+0000] {processor.py:830} INFO - Processing file /home/airflow/.local/lib/python3.12/site-packages/airflow/example_dags/example_trigger_target_dag.py for tasks to queue
[2026-05-09T19:05:11.038+0000] {logging_mixin.py:188} INFO - [2026-05-09T19:05:11.038+0000] {dagbag.py:545} INFO - Filling up the DagBag from /home/airflow/.local/lib/python3.12/site-packages/airflow/example_dags/example_trigger_target_dag.py
[2026-05-09T19:05:11.044+0000] {processor.py:840} INFO - DAG(s) 'example_trigger_target_dag' retrieved from /home/airflow/.local/lib/python3.12/site-packages/airflow/example_dags/example_trigger_target_dag.py
[2026-05-09T19:05:11.067+0000] {logging_mixin.py:188} INFO - [2026-05-09T19:05:11.067+0000] {dag.py:3096} INFO - Sync 1 DAGs
[2026-05-09T19:05:11.081+0000] {logging_mixin.py:188} INFO - [2026-05-09T19:05:11.080+0000] {dag.py:3954} INFO - Setting next_dagrun for example_trigger_target_dag to None, run_after=None
[2026-05-09T19:05:11.106+0000] {processor.py:183} INFO - Processing /home/airflow/.local/lib/python3.12/site-packages/airflow/example_dags/example_trigger_target_dag.py took 0.077 seconds
[2026-05-09T19:05:41.519+0000] {processor.py:161} INFO - Started process (PID=1641) to work on /home/airflow/.local/lib/python3.12/site-packages/airflow/example_dags/example_trigger_target_dag.py
[2026-05-09T19:05:41.521+0000] {processor.py:830} INFO - Processing file /home/airflow/.local/lib/python3.12/site-packages/airflow/example_dags/example_trigger_target_dag.py for tasks to queue
[2026-05-09T19:05:41.523+0000] {logging_mixin.py:188} INFO - [2026-05-09T19:05:41.523+0000] {dagbag.py:545} INFO - Filling up the DagBag from /home/airflow/.local/lib/python3.12/site-packages/airflow/example_dags/example_trigger_target_dag.py
[2026-05-09T19:05:41.530+0000] {processor.py:840} INFO - DAG(s) 'example_trigger_target_dag' retrieved from /home/airflow/.local/lib/python3.12/site-packages/airflow/example_dags/example_trigger_target_dag.py
[2026-05-09T19:05:41.552+0000] {logging_mixin.py:188} INFO - [2026-05-09T19:05:41.552+0000] {dag.py:3096} INFO - Sync 1 DAGs
[2026-05-09T19:05:41.565+0000] {logging_mixin.py:188} INFO - [2026-05-09T19:05:41.565+0000] {dag.py:3954} INFO - Setting next_dagrun for example_trigger_target_dag to None, run_after=None
[2026-05-09T19:05:41.591+0000] {processor.py:183} INFO - Processing /home/airflow/.local/lib/python3.12/site-packages/airflow/example_dags/example_trigger_target_dag.py took 0.076 seconds
[2026-05-09T19:06:11.684+0000] {processor.py:161} INFO - Started process (PID=1700) to work on /home/airflow/.local/lib/python3.12/site-packages/airflow/example_dags/example_trigger_target_dag.py
[2026-05-09T19:06:11.685+0000] {processor.py:830} INFO - Processing file /home/airflow/.local/lib/python3.12/site-packages/airflow/example_dags/example_trigger_target_dag.py for tasks to queue
[2026-05-09T19:06:11.687+0000] {logging_mixin.py:188} INFO - [2026-05-09T19:06:11.687+0000] {dagbag.py:545} INFO - Filling up the DagBag from /home/airflow/.local/lib/python3.12/site-packages/airflow/example_dags/example_trigger_target_dag.py
[2026-05-09T19:06:11.693+0000] {processor.py:840} INFO - DAG(s) 'example_trigger_target_dag' retrieved from /home/airflow/.local/lib/python3.12/site-packages/airflow/example_dags/example_trigger_target_dag.py
[2026-05-09T19:06:11.717+0000] {logging_mixin.py:188} INFO - [2026-05-09T19:06:11.717+0000] {dag.py:3096} INFO - Sync 1 DAGs
[2026-05-09T19:06:11.732+0000] {logging_mixin.py:188} INFO - [2026-05-09T19:06:11.732+0000] {dag.py:3954} INFO - Setting next_dagrun for example_trigger_target_dag to None, run_after=None
[2026-05-09T19:06:11.757+0000] {processor.py:183} INFO - Processing /home/airflow/.local/lib/python3.12/site-packages/airflow/example_dags/example_trigger_target_dag.py took 0.079 seconds
[2026-05-09T19:06:42.031+0000] {processor.py:161} INFO - Started process (PID=1759) to work on /home/airflow/.local/lib/python3.12/site-packages/airflow/example_dags/example_trigger_target_dag.py
[2026-05-09T19:06:42.032+0000] {processor.py:830} INFO - Processing file /home/airflow/.local/lib/python3.12/site-packages/airflow/example_dags/example_trigger_target_dag.py for tasks to queue
[2026-05-09T19:06:42.034+0000] {logging_mixin.py:188} INFO - [2026-05-09T19:06:42.034+0000] {dagbag.py:545} INFO - Filling up the DagBag from /home/airflow/.local/lib/python3.12/site-packages/airflow/example_dags/example_trigger_target_dag.py
[2026-05-09T19:06:42.040+0000] {processor.py:840} INFO - DAG(s) 'example_trigger_target_dag' retrieved from /home/airflow/.local/lib/python3.12/site-packages/airflow/example_dags/example_trigger_target_dag.py
[2026-05-09T19:06:42.064+0000] {logging_mixin.py:188} INFO - [2026-05-09T19:06:42.064+0000] {dag.py:3096} INFO - Sync 1 DAGs
[2026-05-09T19:06:42.079+0000] {logging_mixin.py:188} INFO - [2026-05-09T19:06:42.079+0000] {dag.py:3954} INFO - Setting next_dagrun for example_trigger_target_dag to None, run_after=None
[2026-05-09T19:06:42.106+0000] {processor.py:183} INFO - Processing /home/airflow/.local/lib/python3.12/site-packages/airflow/example_dags/example_trigger_target_dag.py took 0.081 seconds
[2026-05-09T19:07:12.178+0000] {processor.py:161} INFO - Started process (PID=1818) to work on /home/airflow/.local/lib/python3.12/site-packages/airflow/example_dags/example_trigger_target_dag.py
[2026-05-09T19:07:12.179+0000] {processor.py:830} INFO - Processing file /home/airflow/.local/lib/python3.12/site-packages/airflow/example_dags/example_trigger_target_dag.py for tasks to queue
[2026-05-09T19:07:12.182+0000] {logging_mixin.py:188} INFO - [2026-05-09T19:07:12.182+0000] {dagbag.py:545} INFO - Filling up the DagBag from /home/airflow/.local/lib/python3.12/site-packages/airflow/example_dags/example_trigger_target_dag.py
[2026-05-09T19:07:12.189+0000] {processor.py:840} INFO - DAG(s) 'example_trigger_target_dag' retrieved from /home/airflow/.local/lib/python3.12/site-packages/airflow/example_dags/example_trigger_target_dag.py
[2026-05-09T19:07:12.215+0000] {logging_mixin.py:188} INFO - [2026-05-09T19:07:12.214+0000] {dag.py:3096} INFO - Sync 1 DAGs
[2026-05-09T19:07:12.233+0000] {logging_mixin.py:188} INFO - [2026-05-09T19:07:12.232+0000] {dag.py:3954} INFO - Setting next_dagrun for example_trigger_target_dag to None, run_after=None
[2026-05-09T19:07:12.257+0000] {processor.py:183} INFO - Processing /home/airflow/.local/lib/python3.12/site-packages/airflow/example_dags/example_trigger_target_dag.py took 0.085 seconds
[2026-05-09T19:07:42.556+0000] {processor.py:161} INFO - Started process (PID=1877) to work on /home/airflow/.local/lib/python3.12/site-packages/airflow/example_dags/example_trigger_target_dag.py
[2026-05-09T19:07:42.557+0000] {processor.py:830} INFO - Processing file /home/airflow/.local/lib/python3.12/site-packages/airflow/example_dags/example_trigger_target_dag.py for tasks to queue
[2026-05-09T19:07:42.559+0000] {logging_mixin.py:188} INFO - [2026-05-09T19:07:42.559+0000] {dagbag.py:545} INFO - Filling up the DagBag from /home/airflow/.local/lib/python3.12/site-packages/airflow/example_dags/example_trigger_target_dag.py
[2026-05-09T19:07:42.564+0000] {processor.py:840} INFO - DAG(s) 'example_trigger_target_dag' retrieved from /home/airflow/.local/lib/python3.12/site-packages/airflow/example_dags/example_trigger_target_dag.py
[2026-05-09T19:07:42.584+0000] {logging_mixin.py:188} INFO - [2026-05-09T19:07:42.584+0000] {dag.py:3096} INFO - Sync 1 DAGs
[2026-05-09T19:07:42.597+0000] {logging_mixin.py:188} INFO - [2026-05-09T19:07:42.597+0000] {dag.py:3954} INFO - Setting next_dagrun for example_trigger_target_dag to None, run_after=None
[2026-05-09T19:07:42.620+0000] {processor.py:183} INFO - Processing /home/airflow/.local/lib/python3.12/site-packages/airflow/example_dags/example_trigger_target_dag.py took 0.069 seconds
[2026-05-09T19:08:13.455+0000] {processor.py:161} INFO - Started process (PID=1936) to work on /home/airflow/.local/lib/python3.12/site-packages/airflow/example_dags/example_trigger_target_dag.py
[2026-05-09T19:08:13.457+0000] {processor.py:830} INFO - Processing file /home/airflow/.local/lib/python3.12/site-packages/airflow/example_dags/example_trigger_target_dag.py for tasks to queue
[2026-05-09T19:08:13.459+0000] {logging_mixin.py:188} INFO - [2026-05-09T19:08:13.458+0000] {dagbag.py:545} INFO - Filling up the DagBag from /home/airflow/.local/lib/python3.12/site-packages/airflow/example_dags/example_trigger_target_dag.py
[2026-05-09T19:08:13.464+0000] {processor.py:840} INFO - DAG(s) 'example_trigger_target_dag' retrieved from /home/airflow/.local/lib/python3.12/site-packages/airflow/example_dags/example_trigger_target_dag.py
[2026-05-09T19:08:13.484+0000] {logging_mixin.py:188} INFO - [2026-05-09T19:08:13.484+0000] {dag.py:3096} INFO - Sync 1 DAGs
[2026-05-09T19:08:13.497+0000] {logging_mixin.py:188} INFO - [2026-05-09T19:08:13.496+0000] {dag.py:3954} INFO - Setting next_dagrun for example_trigger_target_dag to None, run_after=None
[2026-05-09T19:08:13.521+0000] {processor.py:183} INFO - Processing /home/airflow/.local/lib/python3.12/site-packages/airflow/example_dags/example_trigger_target_dag.py took 0.071 seconds
[2026-05-09T19:08:44.531+0000] {processor.py:161} INFO - Started process (PID=1995) to work on /home/airflow/.local/lib/python3.12/site-packages/airflow/example_dags/example_trigger_target_dag.py
[2026-05-09T19:08:44.532+0000] {processor.py:830} INFO - Processing file /home/airflow/.local/lib/python3.12/site-packages/airflow/example_dags/example_trigger_target_dag.py for tasks to queue
[2026-05-09T19:08:44.534+0000] {logging_mixin.py:188} INFO - [2026-05-09T19:08:44.534+0000] {dagbag.py:545} INFO - Filling up the DagBag from /home/airflow/.local/lib/python3.12/site-packages/airflow/example_dags/example_trigger_target_dag.py
[2026-05-09T19:08:44.539+0000] {processor.py:840} INFO - DAG(s) 'example_trigger_target_dag' retrieved from /home/airflow/.local/lib/python3.12/site-packages/airflow/example_dags/example_trigger_target_dag.py
[2026-05-09T19:08:44.560+0000] {logging_mixin.py:188} INFO - [2026-05-09T19:08:44.560+0000] {dag.py:3096} INFO - Sync 1 DAGs
[2026-05-09T19:08:44.573+0000] {logging_mixin.py:188} INFO - [2026-05-09T19:08:44.572+0000] {dag.py:3954} INFO - Setting next_dagrun for example_trigger_target_dag to None, run_after=None
[2026-05-09T19:08:44.595+0000] {processor.py:183} INFO - Processing /home/airflow/.local/lib/python3.12/site-packages/airflow/example_dags/example_trigger_target_dag.py took 0.070 seconds
[2026-05-09T19:09:14.932+0000] {processor.py:161} INFO - Started process (PID=2054) to work on /home/airflow/.local/lib/python3.12/site-packages/airflow/example_dags/example_trigger_target_dag.py
[2026-05-09T19:09:14.933+0000] {processor.py:830} INFO - Processing file /home/airflow/.local/lib/python3.12/site-packages/airflow/example_dags/example_trigger_target_dag.py for tasks to queue
[2026-05-09T19:09:14.936+0000] {logging_mixin.py:188} INFO - [2026-05-09T19:09:14.935+0000] {dagbag.py:545} INFO - Filling up the DagBag from /home/airflow/.local/lib/python3.12/site-packages/airflow/example_dags/example_trigger_target_dag.py
[2026-05-09T19:09:14.942+0000] {processor.py:840} INFO - DAG(s) 'example_trigger_target_dag' retrieved from /home/airflow/.local/lib/python3.12/site-packages/airflow/example_dags/example_trigger_target_dag.py
[2026-05-09T19:09:14.963+0000] {logging_mixin.py:188} INFO - [2026-05-09T19:09:14.963+0000] {dag.py:3096} INFO - Sync 1 DAGs
[2026-05-09T19:09:14.977+0000] {logging_mixin.py:188} INFO - [2026-05-09T19:09:14.976+0000] {dag.py:3954} INFO - Setting next_dagrun for example_trigger_target_dag to None, run_after=None
[2026-05-09T19:09:15.004+0000] {processor.py:183} INFO - Processing /home/airflow/.local/lib/python3.12/site-packages/airflow/example_dags/example_trigger_target_dag.py took 0.077 seconds
[2026-05-09T19:09:45.080+0000] {processor.py:161} INFO - Started process (PID=2113) to work on /home/airflow/.local/lib/python3.12/site-packages/airflow/example_dags/example_trigger_target_dag.py
[2026-05-09T19:09:45.082+0000] {processor.py:830} INFO - Processing file /home/airflow/.local/lib/python3.12/site-packages/airflow/example_dags/example_trigger_target_dag.py for tasks to queue
[2026-05-09T19:09:45.085+0000] {logging_mixin.py:188} INFO - [2026-05-09T19:09:45.084+0000] {dagbag.py:545} INFO - Filling up the DagBag from /home/airflow/.local/lib/python3.12/site-packages/airflow/example_dags/example_trigger_target_dag.py
[2026-05-09T19:09:45.093+0000] {processor.py:840} INFO - DAG(s) 'example_trigger_target_dag' retrieved from /home/airflow/.local/lib/python3.12/site-packages/airflow/example_dags/example_trigger_target_dag.py
[2026-05-09T19:09:45.119+0000] {logging_mixin.py:188} INFO - [2026-05-09T19:09:45.119+0000] {dag.py:3096} INFO - Sync 1 DAGs
[2026-05-09T19:09:45.137+0000] {logging_mixin.py:188} INFO - [2026-05-09T19:09:45.137+0000] {dag.py:3954} INFO - Setting next_dagrun for example_trigger_target_dag to None, run_after=None
[2026-05-09T19:09:45.162+0000] {processor.py:183} INFO - Processing /home/airflow/.local/lib/python3.12/site-packages/airflow/example_dags/example_trigger_target_dag.py took 0.089 seconds
[2026-05-09T19:10:15.822+0000] {processor.py:161} INFO - Started process (PID=2172) to work on /home/airflow/.local/lib/python3.12/site-packages/airflow/example_dags/example_trigger_target_dag.py
[2026-05-09T19:10:15.824+0000] {processor.py:830} INFO - Processing file /home/airflow/.local/lib/python3.12/site-packages/airflow/example_dags/example_trigger_target_dag.py for tasks to queue
[2026-05-09T19:10:15.827+0000] {logging_mixin.py:188} INFO - [2026-05-09T19:10:15.826+0000] {dagbag.py:545} INFO - Filling up the DagBag from /home/airflow/.local/lib/python3.12/site-packages/airflow/example_dags/example_trigger_target_dag.py
[2026-05-09T19:10:15.837+0000] {processor.py:840} INFO - DAG(s) 'example_trigger_target_dag' retrieved from /home/airflow/.local/lib/python3.12/site-packages/airflow/example_dags/example_trigger_target_dag.py
[2026-05-09T19:10:15.869+0000] {logging_mixin.py:188} INFO - [2026-05-09T19:10:15.869+0000] {dag.py:3096} INFO - Sync 1 DAGs
[2026-05-09T19:10:15.883+0000] {logging_mixin.py:188} INFO - [2026-05-09T19:10:15.882+0000] {dag.py:3954} INFO - Setting next_dagrun for example_trigger_target_dag to None, run_after=None
[2026-05-09T19:10:15.913+0000] {processor.py:183} INFO - Processing /home/airflow/.local/lib/python3.12/site-packages/airflow/example_dags/example_trigger_target_dag.py took 0.100 seconds
[2026-05-09T19:10:46.208+0000] {processor.py:161} INFO - Started process (PID=2231) to work on /home/airflow/.local/lib/python3.12/site-packages/airflow/example_dags/example_trigger_target_dag.py
[2026-05-09T19:10:46.209+0000] {processor.py:830} INFO - Processing file /home/airflow/.local/lib/python3.12/site-packages/airflow/example_dags/example_trigger_target_dag.py for tasks to queue
[2026-05-09T19:10:46.211+0000] {logging_mixin.py:188} INFO - [2026-05-09T19:10:46.211+0000] {dagbag.py:545} INFO - Filling up the DagBag from /home/airflow/.local/lib/python3.12/site-packages/airflow/example_dags/example_trigger_target_dag.py
[2026-05-09T19:10:46.218+0000] {processor.py:840} INFO - DAG(s) 'example_trigger_target_dag' retrieved from /home/airflow/.local/lib/python3.12/site-packages/airflow/example_dags/example_trigger_target_dag.py
[2026-05-09T19:10:46.238+0000] {logging_mixin.py:188} INFO - [2026-05-09T19:10:46.238+0000] {dag.py:3096} INFO - Sync 1 DAGs
[2026-05-09T19:10:46.252+0000] {logging_mixin.py:188} INFO - [2026-05-09T19:10:46.252+0000] {dag.py:3954} INFO - Setting next_dagrun for example_trigger_target_dag to None, run_after=None
[2026-05-09T19:10:46.305+0000] {processor.py:183} INFO - Processing /home/airflow/.local/lib/python3.12/site-packages/airflow/example_dags/example_trigger_target_dag.py took 0.102 seconds
[2026-05-09T19:11:17.150+0000] {processor.py:161} INFO - Started process (PID=2290) to work on /home/airflow/.local/lib/python3.12/site-packages/airflow/example_dags/example_trigger_target_dag.py
[2026-05-09T19:11:17.152+0000] {processor.py:830} INFO - Processing file /home/airflow/.local/lib/python3.12/site-packages/airflow/example_dags/example_trigger_target_dag.py for tasks to queue
[2026-05-09T19:11:17.154+0000] {logging_mixin.py:188} INFO - [2026-05-09T19:11:17.154+0000] {dagbag.py:545} INFO - Filling up the DagBag from /home/airflow/.local/lib/python3.12/site-packages/airflow/example_dags/example_trigger_target_dag.py
[2026-05-09T19:11:17.162+0000] {processor.py:840} INFO - DAG(s) 'example_trigger_target_dag' retrieved from /home/airflow/.local/lib/python3.12/site-packages/airflow/example_dags/example_trigger_target_dag.py
[2026-05-09T19:11:17.186+0000] {logging_mixin.py:188} INFO - [2026-05-09T19:11:17.186+0000] {dag.py:3096} INFO - Sync 1 DAGs
[2026-05-09T19:11:17.202+0000] {logging_mixin.py:188} INFO - [2026-05-09T19:11:17.202+0000] {dag.py:3954} INFO - Setting next_dagrun for example_trigger_target_dag to None, run_after=None
[2026-05-09T19:11:17.239+0000] {processor.py:183} INFO - Processing /home/airflow/.local/lib/python3.12/site-packages/airflow/example_dags/example_trigger_target_dag.py took 0.096 seconds
[2026-05-09T19:11:47.643+0000] {processor.py:161} INFO - Started process (PID=2349) to work on /home/airflow/.local/lib/python3.12/site-packages/airflow/example_dags/example_trigger_target_dag.py
[2026-05-09T19:11:47.645+0000] {processor.py:830} INFO - Processing file /home/airflow/.local/lib/python3.12/site-packages/airflow/example_dags/example_trigger_target_dag.py for tasks to queue
[2026-05-09T19:11:47.647+0000] {logging_mixin.py:188} INFO - [2026-05-09T19:11:47.646+0000] {dagbag.py:545} INFO - Filling up the DagBag from /home/airflow/.local/lib/python3.12/site-packages/airflow/example_dags/example_trigger_target_dag.py
[2026-05-09T19:11:47.652+0000] {processor.py:840} INFO - DAG(s) 'example_trigger_target_dag' retrieved from /home/airflow/.local/lib/python3.12/site-packages/airflow/example_dags/example_trigger_target_dag.py
[2026-05-09T19:11:47.672+0000] {logging_mixin.py:188} INFO - [2026-05-09T19:11:47.671+0000] {dag.py:3096} INFO - Sync 1 DAGs
[2026-05-09T19:11:47.685+0000] {logging_mixin.py:188} INFO - [2026-05-09T19:11:47.684+0000] {dag.py:3954} INFO - Setting next_dagrun for example_trigger_target_dag to None, run_after=None
[2026-05-09T19:11:47.707+0000] {processor.py:183} INFO - Processing /home/airflow/.local/lib/python3.12/site-packages/airflow/example_dags/example_trigger_target_dag.py took 0.068 seconds
[2026-05-09T19:12:18.412+0000] {processor.py:161} INFO - Started process (PID=2408) to work on /home/airflow/.local/lib/python3.12/site-packages/airflow/example_dags/example_trigger_target_dag.py
[2026-05-09T19:12:18.413+0000] {processor.py:830} INFO - Processing file /home/airflow/.local/lib/python3.12/site-packages/airflow/example_dags/example_trigger_target_dag.py for tasks to queue
[2026-05-09T19:12:18.415+0000] {logging_mixin.py:188} INFO - [2026-05-09T19:12:18.415+0000] {dagbag.py:545} INFO - Filling up the DagBag from /home/airflow/.local/lib/python3.12/site-packages/airflow/example_dags/example_trigger_target_dag.py
[2026-05-09T19:12:18.422+0000] {processor.py:840} INFO - DAG(s) 'example_trigger_target_dag' retrieved from /home/airflow/.local/lib/python3.12/site-packages/airflow/example_dags/example_trigger_target_dag.py
[2026-05-09T19:12:18.445+0000] {logging_mixin.py:188} INFO - [2026-05-09T19:12:18.445+0000] {dag.py:3096} INFO - Sync 1 DAGs
[2026-05-09T19:12:18.461+0000] {logging_mixin.py:188} INFO - [2026-05-09T19:12:18.461+0000] {dag.py:3954} INFO - Setting next_dagrun for example_trigger_target_dag to None, run_after=None
[2026-05-09T19:12:18.486+0000] {processor.py:183} INFO - Processing /home/airflow/.local/lib/python3.12/site-packages/airflow/example_dags/example_trigger_target_dag.py took 0.080 seconds
[2026-05-09T19:12:49.040+0000] {processor.py:161} INFO - Started process (PID=2467) to work on /home/airflow/.local/lib/python3.12/site-packages/airflow/example_dags/example_trigger_target_dag.py
[2026-05-09T19:12:49.041+0000] {processor.py:830} INFO - Processing file /home/airflow/.local/lib/python3.12/site-packages/airflow/example_dags/example_trigger_target_dag.py for tasks to queue
[2026-05-09T19:12:49.042+0000] {logging_mixin.py:188} INFO - [2026-05-09T19:12:49.042+0000] {dagbag.py:545} INFO - Filling up the DagBag from /home/airflow/.local/lib/python3.12/site-packages/airflow/example_dags/example_trigger_target_dag.py
[2026-05-09T19:12:49.048+0000] {processor.py:840} INFO - DAG(s) 'example_trigger_target_dag' retrieved from /home/airflow/.local/lib/python3.12/site-packages/airflow/example_dags/example_trigger_target_dag.py
[2026-05-09T19:12:49.068+0000] {logging_mixin.py:188} INFO - [2026-05-09T19:12:49.067+0000] {dag.py:3096} INFO - Sync 1 DAGs
[2026-05-09T19:12:49.084+0000] {logging_mixin.py:188} INFO - [2026-05-09T19:12:49.083+0000] {dag.py:3954} INFO - Setting next_dagrun for example_trigger_target_dag to None, run_after=None
[2026-05-09T19:12:49.114+0000] {processor.py:183} INFO - Processing /home/airflow/.local/lib/python3.12/site-packages/airflow/example_dags/example_trigger_target_dag.py took 0.080 seconds
[2026-05-09T19:13:19.255+0000] {processor.py:161} INFO - Started process (PID=2526) to work on /home/airflow/.local/lib/python3.12/site-packages/airflow/example_dags/example_trigger_target_dag.py
[2026-05-09T19:13:19.257+0000] {processor.py:830} INFO - Processing file /home/airflow/.local/lib/python3.12/site-packages/airflow/example_dags/example_trigger_target_dag.py for tasks to queue
[2026-05-09T19:13:19.259+0000] {logging_mixin.py:188} INFO - [2026-05-09T19:13:19.258+0000] {dagbag.py:545} INFO - Filling up the DagBag from /home/airflow/.local/lib/python3.12/site-packages/airflow/example_dags/example_trigger_target_dag.py
[2026-05-09T19:13:19.265+0000] {processor.py:840} INFO - DAG(s) 'example_trigger_target_dag' retrieved from /home/airflow/.local/lib/python3.12/site-packages/airflow/example_dags/example_trigger_target_dag.py
[2026-05-09T19:13:19.286+0000] {logging_mixin.py:188} INFO - [2026-05-09T19:13:19.286+0000] {dag.py:3096} INFO - Sync 1 DAGs
[2026-05-09T19:13:19.300+0000] {logging_mixin.py:188} INFO - [2026-05-09T19:13:19.300+0000] {dag.py:3954} INFO - Setting next_dagrun for example_trigger_target_dag to None, run_after=None
[2026-05-09T19:13:19.325+0000] {processor.py:183} INFO - Processing /home/airflow/.local/lib/python3.12/site-packages/airflow/example_dags/example_trigger_target_dag.py took 0.075 seconds
[2026-05-09T19:13:49.950+0000] {processor.py:161} INFO - Started process (PID=2585) to work on /home/airflow/.local/lib/python3.12/site-packages/airflow/example_dags/example_trigger_target_dag.py
[2026-05-09T19:13:49.951+0000] {processor.py:830} INFO - Processing file /home/airflow/.local/lib/python3.12/site-packages/airflow/example_dags/example_trigger_target_dag.py for tasks to queue
[2026-05-09T19:13:49.954+0000] {logging_mixin.py:188} INFO - [2026-05-09T19:13:49.953+0000] {dagbag.py:545} INFO - Filling up the DagBag from /home/airflow/.local/lib/python3.12/site-packages/airflow/example_dags/example_trigger_target_dag.py
[2026-05-09T19:13:49.959+0000] {processor.py:840} INFO - DAG(s) 'example_trigger_target_dag' retrieved from /home/airflow/.local/lib/python3.12/site-packages/airflow/example_dags/example_trigger_target_dag.py
[2026-05-09T19:13:49.979+0000] {logging_mixin.py:188} INFO - [2026-05-09T19:13:49.978+0000] {dag.py:3096} INFO - Sync 1 DAGs
[2026-05-09T19:13:49.991+0000] {logging_mixin.py:188} INFO - [2026-05-09T19:13:49.991+0000] {dag.py:3954} INFO - Setting next_dagrun for example_trigger_target_dag to None, run_after=None
[2026-05-09T19:13:50.016+0000] {processor.py:183} INFO - Processing /home/airflow/.local/lib/python3.12/site-packages/airflow/example_dags/example_trigger_target_dag.py took 0.071 seconds
[2026-05-09T19:14:20.733+0000] {processor.py:161} INFO - Started process (PID=2644) to work on /home/airflow/.local/lib/python3.12/site-packages/airflow/example_dags/example_trigger_target_dag.py
[2026-05-09T19:14:20.734+0000] {processor.py:830} INFO - Processing file /home/airflow/.local/lib/python3.12/site-packages/airflow/example_dags/example_trigger_target_dag.py for tasks to queue
[2026-05-09T19:14:20.736+0000] {logging_mixin.py:188} INFO - [2026-05-09T19:14:20.736+0000] {dagbag.py:545} INFO - Filling up the DagBag from /home/airflow/.local/lib/python3.12/site-packages/airflow/example_dags/example_trigger_target_dag.py
[2026-05-09T19:14:20.742+0000] {processor.py:840} INFO - DAG(s) 'example_trigger_target_dag' retrieved from /home/airflow/.local/lib/python3.12/site-packages/airflow/example_dags/example_trigger_target_dag.py
[2026-05-09T19:14:20.763+0000] {logging_mixin.py:188} INFO - [2026-05-09T19:14:20.762+0000] {dag.py:3096} INFO - Sync 1 DAGs
[2026-05-09T19:14:20.775+0000] {logging_mixin.py:188} INFO - [2026-05-09T19:14:20.775+0000] {dag.py:3954} INFO - Setting next_dagrun for example_trigger_target_dag to None, run_after=None
[2026-05-09T19:14:20.798+0000] {processor.py:183} INFO - Processing /home/airflow/.local/lib/python3.12/site-packages/airflow/example_dags/example_trigger_target_dag.py took 0.070 seconds
[2026-05-09T19:14:51.350+0000] {processor.py:161} INFO - Started process (PID=2703) to work on /home/airflow/.local/lib/python3.12/site-packages/airflow/example_dags/example_trigger_target_dag.py
[2026-05-09T19:14:51.351+0000] {processor.py:830} INFO - Processing file /home/airflow/.local/lib/python3.12/site-packages/airflow/example_dags/example_trigger_target_dag.py for tasks to queue
[2026-05-09T19:14:51.353+0000] {logging_mixin.py:188} INFO - [2026-05-09T19:14:51.353+0000] {dagbag.py:545} INFO - Filling up the DagBag from /home/airflow/.local/lib/python3.12/site-packages/airflow/example_dags/example_trigger_target_dag.py
[2026-05-09T19:14:51.358+0000] {processor.py:840} INFO - DAG(s) 'example_trigger_target_dag' retrieved from /home/airflow/.local/lib/python3.12/site-packages/airflow/example_dags/example_trigger_target_dag.py
[2026-05-09T19:14:51.378+0000] {logging_mixin.py:188} INFO - [2026-05-09T19:14:51.377+0000] {dag.py:3096} INFO - Sync 1 DAGs
[2026-05-09T19:14:51.391+0000] {logging_mixin.py:188} INFO - [2026-05-09T19:14:51.390+0000] {dag.py:3954} INFO - Setting next_dagrun for example_trigger_target_dag to None, run_after=None
[2026-05-09T19:14:51.414+0000] {processor.py:183} INFO - Processing /home/airflow/.local/lib/python3.12/site-packages/airflow/example_dags/example_trigger_target_dag.py took 0.069 seconds
[2026-05-09T19:15:22.135+0000] {processor.py:161} INFO - Started process (PID=2762) to work on /home/airflow/.local/lib/python3.12/site-packages/airflow/example_dags/example_trigger_target_dag.py
[2026-05-09T19:15:22.136+0000] {processor.py:830} INFO - Processing file /home/airflow/.local/lib/python3.12/site-packages/airflow/example_dags/example_trigger_target_dag.py for tasks to queue
[2026-05-09T19:15:22.138+0000] {logging_mixin.py:188} INFO - [2026-05-09T19:15:22.138+0000] {dagbag.py:545} INFO - Filling up the DagBag from /home/airflow/.local/lib/python3.12/site-packages/airflow/example_dags/example_trigger_target_dag.py
[2026-05-09T19:15:22.147+0000] {processor.py:840} INFO - DAG(s) 'example_trigger_target_dag' retrieved from /home/airflow/.local/lib/python3.12/site-packages/airflow/example_dags/example_trigger_target_dag.py
[2026-05-09T19:15:22.171+0000] {logging_mixin.py:188} INFO - [2026-05-09T19:15:22.171+0000] {dag.py:3096} INFO - Sync 1 DAGs
[2026-05-09T19:15:22.188+0000] {logging_mixin.py:188} INFO - [2026-05-09T19:15:22.188+0000] {dag.py:3954} INFO - Setting next_dagrun for example_trigger_target_dag to None, run_after=None
[2026-05-09T19:15:22.213+0000] {processor.py:183} INFO - Processing /home/airflow/.local/lib/python3.12/site-packages/airflow/example_dags/example_trigger_target_dag.py took 0.084 seconds
[2026-05-09T19:15:52.523+0000] {processor.py:161} INFO - Started process (PID=2821) to work on /home/airflow/.local/lib/python3.12/site-packages/airflow/example_dags/example_trigger_target_dag.py
[2026-05-09T19:15:52.524+0000] {processor.py:830} INFO - Processing file /home/airflow/.local/lib/python3.12/site-packages/airflow/example_dags/example_trigger_target_dag.py for tasks to queue
[2026-05-09T19:15:52.526+0000] {logging_mixin.py:188} INFO - [2026-05-09T19:15:52.525+0000] {dagbag.py:545} INFO - Filling up the DagBag from /home/airflow/.local/lib/python3.12/site-packages/airflow/example_dags/example_trigger_target_dag.py
[2026-05-09T19:15:52.531+0000] {processor.py:840} INFO - DAG(s) 'example_trigger_target_dag' retrieved from /home/airflow/.local/lib/python3.12/site-packages/airflow/example_dags/example_trigger_target_dag.py
[2026-05-09T19:15:52.551+0000] {logging_mixin.py:188} INFO - [2026-05-09T19:15:52.551+0000] {dag.py:3096} INFO - Sync 1 DAGs
[2026-05-09T19:15:52.569+0000] {logging_mixin.py:188} INFO - [2026-05-09T19:15:52.569+0000] {dag.py:3954} INFO - Setting next_dagrun for example_trigger_target_dag to None, run_after=None
[2026-05-09T19:15:52.599+0000] {processor.py:183} INFO - Processing /home/airflow/.local/lib/python3.12/site-packages/airflow/example_dags/example_trigger_target_dag.py took 0.082 seconds
[2026-05-09T19:16:22.654+0000] {processor.py:161} INFO - Started process (PID=2880) to work on /home/airflow/.local/lib/python3.12/site-packages/airflow/example_dags/example_trigger_target_dag.py
[2026-05-09T19:16:22.655+0000] {processor.py:830} INFO - Processing file /home/airflow/.local/lib/python3.12/site-packages/airflow/example_dags/example_trigger_target_dag.py for tasks to queue
[2026-05-09T19:16:22.658+0000] {logging_mixin.py:188} INFO - [2026-05-09T19:16:22.657+0000] {dagbag.py:545} INFO - Filling up the DagBag from /home/airflow/.local/lib/python3.12/site-packages/airflow/example_dags/example_trigger_target_dag.py
[2026-05-09T19:16:22.663+0000] {processor.py:840} INFO - DAG(s) 'example_trigger_target_dag' retrieved from /home/airflow/.local/lib/python3.12/site-packages/airflow/example_dags/example_trigger_target_dag.py
[2026-05-09T19:16:22.682+0000] {logging_mixin.py:188} INFO - [2026-05-09T19:16:22.682+0000] {dag.py:3096} INFO - Sync 1 DAGs
[2026-05-09T19:16:22.695+0000] {logging_mixin.py:188} INFO - [2026-05-09T19:16:22.695+0000] {dag.py:3954} INFO - Setting next_dagrun for example_trigger_target_dag to None, run_after=None
[2026-05-09T19:16:22.718+0000] {processor.py:183} INFO - Processing /home/airflow/.local/lib/python3.12/site-packages/airflow/example_dags/example_trigger_target_dag.py took 0.069 seconds
[2026-05-09T19:16:53.520+0000] {processor.py:161} INFO - Started process (PID=2939) to work on /home/airflow/.local/lib/python3.12/site-packages/airflow/example_dags/example_trigger_target_dag.py
[2026-05-09T19:16:53.521+0000] {processor.py:830} INFO - Processing file /home/airflow/.local/lib/python3.12/site-packages/airflow/example_dags/example_trigger_target_dag.py for tasks to queue
[2026-05-09T19:16:53.523+0000] {logging_mixin.py:188} INFO - [2026-05-09T19:16:53.523+0000] {dagbag.py:545} INFO - Filling up the DagBag from /home/airflow/.local/lib/python3.12/site-packages/airflow/example_dags/example_trigger_target_dag.py
[2026-05-09T19:16:53.528+0000] {processor.py:840} INFO - DAG(s) 'example_trigger_target_dag' retrieved from /home/airflow/.local/lib/python3.12/site-packages/airflow/example_dags/example_trigger_target_dag.py
[2026-05-09T19:16:53.549+0000] {logging_mixin.py:188} INFO - [2026-05-09T19:16:53.548+0000] {dag.py:3096} INFO - Sync 1 DAGs
[2026-05-09T19:16:53.561+0000] {logging_mixin.py:188} INFO - [2026-05-09T19:16:53.560+0000] {dag.py:3954} INFO - Setting next_dagrun for example_trigger_target_dag to None, run_after=None
[2026-05-09T19:16:53.583+0000] {processor.py:183} INFO - Processing /home/airflow/.local/lib/python3.12/site-packages/airflow/example_dags/example_trigger_target_dag.py took 0.068 seconds
[2026-05-09T19:17:24.064+0000] {processor.py:161} INFO - Started process (PID=2998) to work on /home/airflow/.local/lib/python3.12/site-packages/airflow/example_dags/example_trigger_target_dag.py
[2026-05-09T19:17:24.065+0000] {processor.py:830} INFO - Processing file /home/airflow/.local/lib/python3.12/site-packages/airflow/example_dags/example_trigger_target_dag.py for tasks to queue
[2026-05-09T19:17:24.067+0000] {logging_mixin.py:188} INFO - [2026-05-09T19:17:24.067+0000] {dagbag.py:545} INFO - Filling up the DagBag from /home/airflow/.local/lib/python3.12/site-packages/airflow/example_dags/example_trigger_target_dag.py
[2026-05-09T19:17:24.073+0000] {processor.py:840} INFO - DAG(s) 'example_trigger_target_dag' retrieved from /home/airflow/.local/lib/python3.12/site-packages/airflow/example_dags/example_trigger_target_dag.py
[2026-05-09T19:17:24.096+0000] {logging_mixin.py:188} INFO - [2026-05-09T19:17:24.096+0000] {dag.py:3096} INFO - Sync 1 DAGs
[2026-05-09T19:17:24.112+0000] {logging_mixin.py:188} INFO - [2026-05-09T19:17:24.111+0000] {dag.py:3954} INFO - Setting next_dagrun for example_trigger_target_dag to None, run_after=None
[2026-05-09T19:17:24.137+0000] {processor.py:183} INFO - Processing /home/airflow/.local/lib/python3.12/site-packages/airflow/example_dags/example_trigger_target_dag.py took 0.078 seconds
[2026-05-09T19:17:54.702+0000] {processor.py:161} INFO - Started process (PID=3057) to work on /home/airflow/.local/lib/python3.12/site-packages/airflow/example_dags/example_trigger_target_dag.py
[2026-05-09T19:17:54.704+0000] {processor.py:830} INFO - Processing file /home/airflow/.local/lib/python3.12/site-packages/airflow/example_dags/example_trigger_target_dag.py for tasks to queue
[2026-05-09T19:17:54.705+0000] {logging_mixin.py:188} INFO - [2026-05-09T19:17:54.705+0000] {dagbag.py:545} INFO - Filling up the DagBag from /home/airflow/.local/lib/python3.12/site-packages/airflow/example_dags/example_trigger_target_dag.py
[2026-05-09T19:17:54.711+0000] {processor.py:840} INFO - DAG(s) 'example_trigger_target_dag' retrieved from /home/airflow/.local/lib/python3.12/site-packages/airflow/example_dags/example_trigger_target_dag.py
[2026-05-09T19:17:54.731+0000] {logging_mixin.py:188} INFO - [2026-05-09T19:17:54.730+0000] {dag.py:3096} INFO - Sync 1 DAGs
[2026-05-09T19:17:54.743+0000] {logging_mixin.py:188} INFO - [2026-05-09T19:17:54.743+0000] {dag.py:3954} INFO - Setting next_dagrun for example_trigger_target_dag to None, run_after=None
[2026-05-09T19:17:54.767+0000] {processor.py:183} INFO - Processing /home/airflow/.local/lib/python3.12/site-packages/airflow/example_dags/example_trigger_target_dag.py took 0.070 seconds
[2026-05-09T19:18:24.877+0000] {processor.py:161} INFO - Started process (PID=3116) to work on /home/airflow/.local/lib/python3.12/site-packages/airflow/example_dags/example_trigger_target_dag.py
[2026-05-09T19:18:24.879+0000] {processor.py:830} INFO - Processing file /home/airflow/.local/lib/python3.12/site-packages/airflow/example_dags/example_trigger_target_dag.py for tasks to queue
[2026-05-09T19:18:24.881+0000] {logging_mixin.py:188} INFO - [2026-05-09T19:18:24.880+0000] {dagbag.py:545} INFO - Filling up the DagBag from /home/airflow/.local/lib/python3.12/site-packages/airflow/example_dags/example_trigger_target_dag.py
[2026-05-09T19:18:24.886+0000] {processor.py:840} INFO - DAG(s) 'example_trigger_target_dag' retrieved from /home/airflow/.local/lib/python3.12/site-packages/airflow/example_dags/example_trigger_target_dag.py
[2026-05-09T19:18:24.906+0000] {logging_mixin.py:188} INFO - [2026-05-09T19:18:24.906+0000] {dag.py:3096} INFO - Sync 1 DAGs
[2026-05-09T19:18:24.918+0000] {logging_mixin.py:188} INFO - [2026-05-09T19:18:24.918+0000] {dag.py:3954} INFO - Setting next_dagrun for example_trigger_target_dag to None, run_after=None
[2026-05-09T19:18:24.941+0000] {processor.py:183} INFO - Processing /home/airflow/.local/lib/python3.12/site-packages/airflow/example_dags/example_trigger_target_dag.py took 0.068 seconds
[2026-05-09T19:18:55.862+0000] {processor.py:161} INFO - Started process (PID=3175) to work on /home/airflow/.local/lib/python3.12/site-packages/airflow/example_dags/example_trigger_target_dag.py
[2026-05-09T19:18:55.863+0000] {processor.py:830} INFO - Processing file /home/airflow/.local/lib/python3.12/site-packages/airflow/example_dags/example_trigger_target_dag.py for tasks to queue
[2026-05-09T19:18:55.866+0000] {logging_mixin.py:188} INFO - [2026-05-09T19:18:55.865+0000] {dagbag.py:545} INFO - Filling up the DagBag from /home/airflow/.local/lib/python3.12/site-packages/airflow/example_dags/example_trigger_target_dag.py
[2026-05-09T19:18:55.873+0000] {processor.py:840} INFO - DAG(s) 'example_trigger_target_dag' retrieved from /home/airflow/.local/lib/python3.12/site-packages/airflow/example_dags/example_trigger_target_dag.py
[2026-05-09T19:18:55.893+0000] {logging_mixin.py:188} INFO - [2026-05-09T19:18:55.892+0000] {dag.py:3096} INFO - Sync 1 DAGs
[2026-05-09T19:18:55.905+0000] {logging_mixin.py:188} INFO - [2026-05-09T19:18:55.904+0000] {dag.py:3954} INFO - Setting next_dagrun for example_trigger_target_dag to None, run_after=None
[2026-05-09T19:18:55.928+0000] {processor.py:183} INFO - Processing /home/airflow/.local/lib/python3.12/site-packages/airflow/example_dags/example_trigger_target_dag.py took 0.071 seconds
[2026-05-09T19:19:27.317+0000] {processor.py:161} INFO - Started process (PID=3234) to work on /home/airflow/.local/lib/python3.12/site-packages/airflow/example_dags/example_trigger_target_dag.py
[2026-05-09T19:19:27.318+0000] {processor.py:830} INFO - Processing file /home/airflow/.local/lib/python3.12/site-packages/airflow/example_dags/example_trigger_target_dag.py for tasks to queue
[2026-05-09T19:19:27.320+0000] {logging_mixin.py:188} INFO - [2026-05-09T19:19:27.320+0000] {dagbag.py:545} INFO - Filling up the DagBag from /home/airflow/.local/lib/python3.12/site-packages/airflow/example_dags/example_trigger_target_dag.py
[2026-05-09T19:19:27.326+0000] {processor.py:840} INFO - DAG(s) 'example_trigger_target_dag' retrieved from /home/airflow/.local/lib/python3.12/site-packages/airflow/example_dags/example_trigger_target_dag.py
[2026-05-09T19:19:27.347+0000] {logging_mixin.py:188} INFO - [2026-05-09T19:19:27.347+0000] {dag.py:3096} INFO - Sync 1 DAGs
[2026-05-09T19:19:27.361+0000] {logging_mixin.py:188} INFO - [2026-05-09T19:19:27.360+0000] {dag.py:3954} INFO - Setting next_dagrun for example_trigger_target_dag to None, run_after=None
[2026-05-09T19:19:27.384+0000] {processor.py:183} INFO - Processing /home/airflow/.local/lib/python3.12/site-packages/airflow/example_dags/example_trigger_target_dag.py took 0.072 seconds
[2026-05-09T19:19:57.871+0000] {processor.py:161} INFO - Started process (PID=3293) to work on /home/airflow/.local/lib/python3.12/site-packages/airflow/example_dags/example_trigger_target_dag.py
[2026-05-09T19:19:57.873+0000] {processor.py:830} INFO - Processing file /home/airflow/.local/lib/python3.12/site-packages/airflow/example_dags/example_trigger_target_dag.py for tasks to queue
[2026-05-09T19:19:57.875+0000] {logging_mixin.py:188} INFO - [2026-05-09T19:19:57.875+0000] {dagbag.py:545} INFO - Filling up the DagBag from /home/airflow/.local/lib/python3.12/site-packages/airflow/example_dags/example_trigger_target_dag.py
[2026-05-09T19:19:57.880+0000] {processor.py:840} INFO - DAG(s) 'example_trigger_target_dag' retrieved from /home/airflow/.local/lib/python3.12/site-packages/airflow/example_dags/example_trigger_target_dag.py
[2026-05-09T19:19:57.901+0000] {logging_mixin.py:188} INFO - [2026-05-09T19:19:57.900+0000] {dag.py:3096} INFO - Sync 1 DAGs
[2026-05-09T19:19:57.914+0000] {logging_mixin.py:188} INFO - [2026-05-09T19:19:57.914+0000] {dag.py:3954} INFO - Setting next_dagrun for example_trigger_target_dag to None, run_after=None
[2026-05-09T19:19:57.937+0000] {processor.py:183} INFO - Processing /home/airflow/.local/lib/python3.12/site-packages/airflow/example_dags/example_trigger_target_dag.py took 0.071 seconds
[2026-05-09T19:20:29.030+0000] {processor.py:161} INFO - Started process (PID=3352) to work on /home/airflow/.local/lib/python3.12/site-packages/airflow/example_dags/example_trigger_target_dag.py
[2026-05-09T19:20:29.031+0000] {processor.py:830} INFO - Processing file /home/airflow/.local/lib/python3.12/site-packages/airflow/example_dags/example_trigger_target_dag.py for tasks to queue
[2026-05-09T19:20:29.033+0000] {logging_mixin.py:188} INFO - [2026-05-09T19:20:29.033+0000] {dagbag.py:545} INFO - Filling up the DagBag from /home/airflow/.local/lib/python3.12/site-packages/airflow/example_dags/example_trigger_target_dag.py
[2026-05-09T19:20:29.038+0000] {processor.py:840} INFO - DAG(s) 'example_trigger_target_dag' retrieved from /home/airflow/.local/lib/python3.12/site-packages/airflow/example_dags/example_trigger_target_dag.py
[2026-05-09T19:20:29.058+0000] {logging_mixin.py:188} INFO - [2026-05-09T19:20:29.058+0000] {dag.py:3096} INFO - Sync 1 DAGs
[2026-05-09T19:20:29.072+0000] {logging_mixin.py:188} INFO - [2026-05-09T19:20:29.072+0000] {dag.py:3954} INFO - Setting next_dagrun for example_trigger_target_dag to None, run_after=None
[2026-05-09T19:20:29.098+0000] {processor.py:183} INFO - Processing /home/airflow/.local/lib/python3.12/site-packages/airflow/example_dags/example_trigger_target_dag.py took 0.073 seconds
[2026-05-09T19:20:59.243+0000] {processor.py:161} INFO - Started process (PID=3411) to work on /home/airflow/.local/lib/python3.12/site-packages/airflow/example_dags/example_trigger_target_dag.py
[2026-05-09T19:20:59.244+0000] {processor.py:830} INFO - Processing file /home/airflow/.local/lib/python3.12/site-packages/airflow/example_dags/example_trigger_target_dag.py for tasks to queue
[2026-05-09T19:20:59.247+0000] {logging_mixin.py:188} INFO - [2026-05-09T19:20:59.246+0000] {dagbag.py:545} INFO - Filling up the DagBag from /home/airflow/.local/lib/python3.12/site-packages/airflow/example_dags/example_trigger_target_dag.py
[2026-05-09T19:20:59.251+0000] {processor.py:840} INFO - DAG(s) 'example_trigger_target_dag' retrieved from /home/airflow/.local/lib/python3.12/site-packages/airflow/example_dags/example_trigger_target_dag.py
[2026-05-09T19:20:59.271+0000] {logging_mixin.py:188} INFO - [2026-05-09T19:20:59.271+0000] {dag.py:3096} INFO - Sync 1 DAGs
[2026-05-09T19:20:59.284+0000] {logging_mixin.py:188} INFO - [2026-05-09T19:20:59.283+0000] {dag.py:3954} INFO - Setting next_dagrun for example_trigger_target_dag to None, run_after=None
[2026-05-09T19:20:59.307+0000] {processor.py:183} INFO - Processing /home/airflow/.local/lib/python3.12/site-packages/airflow/example_dags/example_trigger_target_dag.py took 0.069 seconds
[2026-05-09T19:21:30.637+0000] {processor.py:161} INFO - Started process (PID=3470) to work on /home/airflow/.local/lib/python3.12/site-packages/airflow/example_dags/example_trigger_target_dag.py
[2026-05-09T19:21:30.638+0000] {processor.py:830} INFO - Processing file /home/airflow/.local/lib/python3.12/site-packages/airflow/example_dags/example_trigger_target_dag.py for tasks to queue
[2026-05-09T19:21:30.640+0000] {logging_mixin.py:188} INFO - [2026-05-09T19:21:30.639+0000] {dagbag.py:545} INFO - Filling up the DagBag from /home/airflow/.local/lib/python3.12/site-packages/airflow/example_dags/example_trigger_target_dag.py
[2026-05-09T19:21:30.645+0000] {processor.py:840} INFO - DAG(s) 'example_trigger_target_dag' retrieved from /home/airflow/.local/lib/python3.12/site-packages/airflow/example_dags/example_trigger_target_dag.py
[2026-05-09T19:21:30.665+0000] {logging_mixin.py:188} INFO - [2026-05-09T19:21:30.665+0000] {dag.py:3096} INFO - Sync 1 DAGs
[2026-05-09T19:21:30.678+0000] {logging_mixin.py:188} INFO - [2026-05-09T19:21:30.677+0000] {dag.py:3954} INFO - Setting next_dagrun for example_trigger_target_dag to None, run_after=None
[2026-05-09T19:21:30.699+0000] {processor.py:183} INFO - Processing /home/airflow/.local/lib/python3.12/site-packages/airflow/example_dags/example_trigger_target_dag.py took 0.068 seconds
[2026-05-09T19:22:01.089+0000] {processor.py:161} INFO - Started process (PID=3529) to work on /home/airflow/.local/lib/python3.12/site-packages/airflow/example_dags/example_trigger_target_dag.py
[2026-05-09T19:22:01.091+0000] {processor.py:830} INFO - Processing file /home/airflow/.local/lib/python3.12/site-packages/airflow/example_dags/example_trigger_target_dag.py for tasks to queue
[2026-05-09T19:22:01.094+0000] {logging_mixin.py:188} INFO - [2026-05-09T19:22:01.094+0000] {dagbag.py:545} INFO - Filling up the DagBag from /home/airflow/.local/lib/python3.12/site-packages/airflow/example_dags/example_trigger_target_dag.py
[2026-05-09T19:22:01.103+0000] {processor.py:840} INFO - DAG(s) 'example_trigger_target_dag' retrieved from /home/airflow/.local/lib/python3.12/site-packages/airflow/example_dags/example_trigger_target_dag.py
[2026-05-09T19:22:01.134+0000] {logging_mixin.py:188} INFO - [2026-05-09T19:22:01.134+0000] {dag.py:3096} INFO - Sync 1 DAGs
[2026-05-09T19:22:01.152+0000] {logging_mixin.py:188} INFO - [2026-05-09T19:22:01.152+0000] {dag.py:3954} INFO - Setting next_dagrun for example_trigger_target_dag to None, run_after=None
[2026-05-09T19:22:01.181+0000] {processor.py:183} INFO - Processing /home/airflow/.local/lib/python3.12/site-packages/airflow/example_dags/example_trigger_target_dag.py took 0.100 seconds
[2026-05-09T19:22:32.366+0000] {processor.py:161} INFO - Started process (PID=3588) to work on /home/airflow/.local/lib/python3.12/site-packages/airflow/example_dags/example_trigger_target_dag.py
[2026-05-09T19:22:32.367+0000] {processor.py:830} INFO - Processing file /home/airflow/.local/lib/python3.12/site-packages/airflow/example_dags/example_trigger_target_dag.py for tasks to queue
[2026-05-09T19:22:32.369+0000] {logging_mixin.py:188} INFO - [2026-05-09T19:22:32.369+0000] {dagbag.py:545} INFO - Filling up the DagBag from /home/airflow/.local/lib/python3.12/site-packages/airflow/example_dags/example_trigger_target_dag.py
[2026-05-09T19:22:32.374+0000] {processor.py:840} INFO - DAG(s) 'example_trigger_target_dag' retrieved from /home/airflow/.local/lib/python3.12/site-packages/airflow/example_dags/example_trigger_target_dag.py
[2026-05-09T19:22:32.394+0000] {logging_mixin.py:188} INFO - [2026-05-09T19:22:32.393+0000] {dag.py:3096} INFO - Sync 1 DAGs
[2026-05-09T19:22:32.406+0000] {logging_mixin.py:188} INFO - [2026-05-09T19:22:32.405+0000] {dag.py:3954} INFO - Setting next_dagrun for example_trigger_target_dag to None, run_after=None
[2026-05-09T19:22:32.435+0000] {processor.py:183} INFO - Processing /home/airflow/.local/lib/python3.12/site-packages/airflow/example_dags/example_trigger_target_dag.py took 0.074 seconds
[2026-05-09T19:23:02.745+0000] {processor.py:161} INFO - Started process (PID=3647) to work on /home/airflow/.local/lib/python3.12/site-packages/airflow/example_dags/example_trigger_target_dag.py
[2026-05-09T19:23:02.747+0000] {processor.py:830} INFO - Processing file /home/airflow/.local/lib/python3.12/site-packages/airflow/example_dags/example_trigger_target_dag.py for tasks to queue
[2026-05-09T19:23:02.749+0000] {logging_mixin.py:188} INFO - [2026-05-09T19:23:02.748+0000] {dagbag.py:545} INFO - Filling up the DagBag from /home/airflow/.local/lib/python3.12/site-packages/airflow/example_dags/example_trigger_target_dag.py
[2026-05-09T19:23:02.755+0000] {processor.py:840} INFO - DAG(s) 'example_trigger_target_dag' retrieved from /home/airflow/.local/lib/python3.12/site-packages/airflow/example_dags/example_trigger_target_dag.py
[2026-05-09T19:23:02.777+0000] {logging_mixin.py:188} INFO - [2026-05-09T19:23:02.776+0000] {dag.py:3096} INFO - Sync 1 DAGs
[2026-05-09T19:23:02.791+0000] {logging_mixin.py:188} INFO - [2026-05-09T19:23:02.791+0000] {dag.py:3954} INFO - Setting next_dagrun for example_trigger_target_dag to None, run_after=None
[2026-05-09T19:23:02.816+0000] {processor.py:183} INFO - Processing /home/airflow/.local/lib/python3.12/site-packages/airflow/example_dags/example_trigger_target_dag.py took 0.075 seconds
[2026-05-09T19:23:33.109+0000] {processor.py:161} INFO - Started process (PID=3706) to work on /home/airflow/.local/lib/python3.12/site-packages/airflow/example_dags/example_trigger_target_dag.py
[2026-05-09T19:23:33.111+0000] {processor.py:830} INFO - Processing file /home/airflow/.local/lib/python3.12/site-packages/airflow/example_dags/example_trigger_target_dag.py for tasks to queue
[2026-05-09T19:23:33.114+0000] {logging_mixin.py:188} INFO - [2026-05-09T19:23:33.113+0000] {dagbag.py:545} INFO - Filling up the DagBag from /home/airflow/.local/lib/python3.12/site-packages/airflow/example_dags/example_trigger_target_dag.py
[2026-05-09T19:23:33.121+0000] {processor.py:840} INFO - DAG(s) 'example_trigger_target_dag' retrieved from /home/airflow/.local/lib/python3.12/site-packages/airflow/example_dags/example_trigger_target_dag.py
[2026-05-09T19:23:33.145+0000] {logging_mixin.py:188} INFO - [2026-05-09T19:23:33.145+0000] {dag.py:3096} INFO - Sync 1 DAGs
[2026-05-09T19:23:33.162+0000] {logging_mixin.py:188} INFO - [2026-05-09T19:23:33.162+0000] {dag.py:3954} INFO - Setting next_dagrun for example_trigger_target_dag to None, run_after=None
[2026-05-09T19:23:33.188+0000] {processor.py:183} INFO - Processing /home/airflow/.local/lib/python3.12/site-packages/airflow/example_dags/example_trigger_target_dag.py took 0.086 seconds
[2026-05-09T19:24:04.593+0000] {processor.py:161} INFO - Started process (PID=3765) to work on /home/airflow/.local/lib/python3.12/site-packages/airflow/example_dags/example_trigger_target_dag.py
[2026-05-09T19:24:04.594+0000] {processor.py:830} INFO - Processing file /home/airflow/.local/lib/python3.12/site-packages/airflow/example_dags/example_trigger_target_dag.py for tasks to queue
[2026-05-09T19:24:04.597+0000] {logging_mixin.py:188} INFO - [2026-05-09T19:24:04.596+0000] {dagbag.py:545} INFO - Filling up the DagBag from /home/airflow/.local/lib/python3.12/site-packages/airflow/example_dags/example_trigger_target_dag.py
[2026-05-09T19:24:04.603+0000] {processor.py:840} INFO - DAG(s) 'example_trigger_target_dag' retrieved from /home/airflow/.local/lib/python3.12/site-packages/airflow/example_dags/example_trigger_target_dag.py
[2026-05-09T19:24:04.628+0000] {logging_mixin.py:188} INFO - [2026-05-09T19:24:04.628+0000] {dag.py:3096} INFO - Sync 1 DAGs
[2026-05-09T19:24:04.643+0000] {logging_mixin.py:188} INFO - [2026-05-09T19:24:04.642+0000] {dag.py:3954} INFO - Setting next_dagrun for example_trigger_target_dag to None, run_after=None
[2026-05-09T19:24:04.670+0000] {processor.py:183} INFO - Processing /home/airflow/.local/lib/python3.12/site-packages/airflow/example_dags/example_trigger_target_dag.py took 0.082 seconds
[2026-05-09T19:24:34.882+0000] {processor.py:161} INFO - Started process (PID=3824) to work on /home/airflow/.local/lib/python3.12/site-packages/airflow/example_dags/example_trigger_target_dag.py
[2026-05-09T19:24:34.883+0000] {processor.py:830} INFO - Processing file /home/airflow/.local/lib/python3.12/site-packages/airflow/example_dags/example_trigger_target_dag.py for tasks to queue
[2026-05-09T19:24:34.885+0000] {logging_mixin.py:188} INFO - [2026-05-09T19:24:34.885+0000] {dagbag.py:545} INFO - Filling up the DagBag from /home/airflow/.local/lib/python3.12/site-packages/airflow/example_dags/example_trigger_target_dag.py
[2026-05-09T19:24:34.890+0000] {processor.py:840} INFO - DAG(s) 'example_trigger_target_dag' retrieved from /home/airflow/.local/lib/python3.12/site-packages/airflow/example_dags/example_trigger_target_dag.py
[2026-05-09T19:24:34.913+0000] {logging_mixin.py:188} INFO - [2026-05-09T19:24:34.913+0000] {dag.py:3096} INFO - Sync 1 DAGs
[2026-05-09T19:24:34.926+0000] {logging_mixin.py:188} INFO - [2026-05-09T19:24:34.925+0000] {dag.py:3954} INFO - Setting next_dagrun for example_trigger_target_dag to None, run_after=None
[2026-05-09T19:24:34.949+0000] {processor.py:183} INFO - Processing /home/airflow/.local/lib/python3.12/site-packages/airflow/example_dags/example_trigger_target_dag.py took 0.073 seconds
[2026-05-09T19:25:06.221+0000] {processor.py:161} INFO - Started process (PID=3883) to work on /home/airflow/.local/lib/python3.12/site-packages/airflow/example_dags/example_trigger_target_dag.py
[2026-05-09T19:25:06.223+0000] {processor.py:830} INFO - Processing file /home/airflow/.local/lib/python3.12/site-packages/airflow/example_dags/example_trigger_target_dag.py for tasks to queue
[2026-05-09T19:25:06.225+0000] {logging_mixin.py:188} INFO - [2026-05-09T19:25:06.224+0000] {dagbag.py:545} INFO - Filling up the DagBag from /home/airflow/.local/lib/python3.12/site-packages/airflow/example_dags/example_trigger_target_dag.py
[2026-05-09T19:25:06.230+0000] {processor.py:840} INFO - DAG(s) 'example_trigger_target_dag' retrieved from /home/airflow/.local/lib/python3.12/site-packages/airflow/example_dags/example_trigger_target_dag.py
[2026-05-09T19:25:06.249+0000] {logging_mixin.py:188} INFO - [2026-05-09T19:25:06.249+0000] {dag.py:3096} INFO - Sync 1 DAGs
[2026-05-09T19:25:06.262+0000] {logging_mixin.py:188} INFO - [2026-05-09T19:25:06.261+0000] {dag.py:3954} INFO - Setting next_dagrun for example_trigger_target_dag to None, run_after=None
[2026-05-09T19:25:06.283+0000] {processor.py:183} INFO - Processing /home/airflow/.local/lib/python3.12/site-packages/airflow/example_dags/example_trigger_target_dag.py took 0.067 seconds
[2026-05-09T19:25:36.613+0000] {processor.py:161} INFO - Started process (PID=3942) to work on /home/airflow/.local/lib/python3.12/site-packages/airflow/example_dags/example_trigger_target_dag.py
[2026-05-09T19:25:36.615+0000] {processor.py:830} INFO - Processing file /home/airflow/.local/lib/python3.12/site-packages/airflow/example_dags/example_trigger_target_dag.py for tasks to queue
[2026-05-09T19:25:36.617+0000] {logging_mixin.py:188} INFO - [2026-05-09T19:25:36.617+0000] {dagbag.py:545} INFO - Filling up the DagBag from /home/airflow/.local/lib/python3.12/site-packages/airflow/example_dags/example_trigger_target_dag.py
[2026-05-09T19:25:36.624+0000] {processor.py:840} INFO - DAG(s) 'example_trigger_target_dag' retrieved from /home/airflow/.local/lib/python3.12/site-packages/airflow/example_dags/example_trigger_target_dag.py
[2026-05-09T19:25:36.648+0000] {logging_mixin.py:188} INFO - [2026-05-09T19:25:36.647+0000] {dag.py:3096} INFO - Sync 1 DAGs
[2026-05-09T19:25:36.664+0000] {logging_mixin.py:188} INFO - [2026-05-09T19:25:36.664+0000] {dag.py:3954} INFO - Setting next_dagrun for example_trigger_target_dag to None, run_after=None
[2026-05-09T19:25:36.702+0000] {processor.py:183} INFO - Processing /home/airflow/.local/lib/python3.12/site-packages/airflow/example_dags/example_trigger_target_dag.py took 0.097 seconds
[2026-05-09T19:26:07.084+0000] {processor.py:161} INFO - Started process (PID=4001) to work on /home/airflow/.local/lib/python3.12/site-packages/airflow/example_dags/example_trigger_target_dag.py
[2026-05-09T19:26:07.085+0000] {processor.py:830} INFO - Processing file /home/airflow/.local/lib/python3.12/site-packages/airflow/example_dags/example_trigger_target_dag.py for tasks to queue
[2026-05-09T19:26:07.087+0000] {logging_mixin.py:188} INFO - [2026-05-09T19:26:07.087+0000] {dagbag.py:545} INFO - Filling up the DagBag from /home/airflow/.local/lib/python3.12/site-packages/airflow/example_dags/example_trigger_target_dag.py
[2026-05-09T19:26:07.092+0000] {processor.py:840} INFO - DAG(s) 'example_trigger_target_dag' retrieved from /home/airflow/.local/lib/python3.12/site-packages/airflow/example_dags/example_trigger_target_dag.py
[2026-05-09T19:26:07.113+0000] {logging_mixin.py:188} INFO - [2026-05-09T19:26:07.112+0000] {dag.py:3096} INFO - Sync 1 DAGs
[2026-05-09T19:26:07.125+0000] {logging_mixin.py:188} INFO - [2026-05-09T19:26:07.125+0000] {dag.py:3954} INFO - Setting next_dagrun for example_trigger_target_dag to None, run_after=None
[2026-05-09T19:26:07.147+0000] {processor.py:183} INFO - Processing /home/airflow/.local/lib/python3.12/site-packages/airflow/example_dags/example_trigger_target_dag.py took 0.068 seconds
[2026-05-09T19:26:38.260+0000] {processor.py:161} INFO - Started process (PID=4060) to work on /home/airflow/.local/lib/python3.12/site-packages/airflow/example_dags/example_trigger_target_dag.py
[2026-05-09T19:26:38.261+0000] {processor.py:830} INFO - Processing file /home/airflow/.local/lib/python3.12/site-packages/airflow/example_dags/example_trigger_target_dag.py for tasks to queue
[2026-05-09T19:26:38.263+0000] {logging_mixin.py:188} INFO - [2026-05-09T19:26:38.263+0000] {dagbag.py:545} INFO - Filling up the DagBag from /home/airflow/.local/lib/python3.12/site-packages/airflow/example_dags/example_trigger_target_dag.py
[2026-05-09T19:26:38.268+0000] {processor.py:840} INFO - DAG(s) 'example_trigger_target_dag' retrieved from /home/airflow/.local/lib/python3.12/site-packages/airflow/example_dags/example_trigger_target_dag.py
[2026-05-09T19:26:38.288+0000] {logging_mixin.py:188} INFO - [2026-05-09T19:26:38.288+0000] {dag.py:3096} INFO - Sync 1 DAGs
[2026-05-09T19:26:38.301+0000] {logging_mixin.py:188} INFO - [2026-05-09T19:26:38.300+0000] {dag.py:3954} INFO - Setting next_dagrun for example_trigger_target_dag to None, run_after=None
[2026-05-09T19:26:38.324+0000] {processor.py:183} INFO - Processing /home/airflow/.local/lib/python3.12/site-packages/airflow/example_dags/example_trigger_target_dag.py took 0.069 seconds
[2026-05-09T19:27:08.712+0000] {processor.py:161} INFO - Started process (PID=4119) to work on /home/airflow/.local/lib/python3.12/site-packages/airflow/example_dags/example_trigger_target_dag.py
[2026-05-09T19:27:08.713+0000] {processor.py:830} INFO - Processing file /home/airflow/.local/lib/python3.12/site-packages/airflow/example_dags/example_trigger_target_dag.py for tasks to queue
[2026-05-09T19:27:08.715+0000] {logging_mixin.py:188} INFO - [2026-05-09T19:27:08.715+0000] {dagbag.py:545} INFO - Filling up the DagBag from /home/airflow/.local/lib/python3.12/site-packages/airflow/example_dags/example_trigger_target_dag.py
[2026-05-09T19:27:08.720+0000] {processor.py:840} INFO - DAG(s) 'example_trigger_target_dag' retrieved from /home/airflow/.local/lib/python3.12/site-packages/airflow/example_dags/example_trigger_target_dag.py
[2026-05-09T19:27:08.741+0000] {logging_mixin.py:188} INFO - [2026-05-09T19:27:08.740+0000] {dag.py:3096} INFO - Sync 1 DAGs
[2026-05-09T19:27:08.753+0000] {logging_mixin.py:188} INFO - [2026-05-09T19:27:08.753+0000] {dag.py:3954} INFO - Setting next_dagrun for example_trigger_target_dag to None, run_after=None
[2026-05-09T19:27:08.774+0000] {processor.py:183} INFO - Processing /home/airflow/.local/lib/python3.12/site-packages/airflow/example_dags/example_trigger_target_dag.py took 0.067 seconds
[2026-05-09T19:27:40.061+0000] {processor.py:161} INFO - Started process (PID=4178) to work on /home/airflow/.local/lib/python3.12/site-packages/airflow/example_dags/example_trigger_target_dag.py
[2026-05-09T19:27:40.062+0000] {processor.py:830} INFO - Processing file /home/airflow/.local/lib/python3.12/site-packages/airflow/example_dags/example_trigger_target_dag.py for tasks to queue
[2026-05-09T19:27:40.064+0000] {logging_mixin.py:188} INFO - [2026-05-09T19:27:40.064+0000] {dagbag.py:545} INFO - Filling up the DagBag from /home/airflow/.local/lib/python3.12/site-packages/airflow/example_dags/example_trigger_target_dag.py
[2026-05-09T19:27:40.070+0000] {processor.py:840} INFO - DAG(s) 'example_trigger_target_dag' retrieved from /home/airflow/.local/lib/python3.12/site-packages/airflow/example_dags/example_trigger_target_dag.py
[2026-05-09T19:27:40.090+0000] {logging_mixin.py:188} INFO - [2026-05-09T19:27:40.090+0000] {dag.py:3096} INFO - Sync 1 DAGs
[2026-05-09T19:27:40.104+0000] {logging_mixin.py:188} INFO - [2026-05-09T19:27:40.103+0000] {dag.py:3954} INFO - Setting next_dagrun for example_trigger_target_dag to None, run_after=None
[2026-05-09T19:27:40.126+0000] {processor.py:183} INFO - Processing /home/airflow/.local/lib/python3.12/site-packages/airflow/example_dags/example_trigger_target_dag.py took 0.070 seconds
[2026-05-09T19:28:10.578+0000] {processor.py:161} INFO - Started process (PID=4237) to work on /home/airflow/.local/lib/python3.12/site-packages/airflow/example_dags/example_trigger_target_dag.py
[2026-05-09T19:28:10.580+0000] {processor.py:830} INFO - Processing file /home/airflow/.local/lib/python3.12/site-packages/airflow/example_dags/example_trigger_target_dag.py for tasks to queue
[2026-05-09T19:28:10.582+0000] {logging_mixin.py:188} INFO - [2026-05-09T19:28:10.581+0000] {dagbag.py:545} INFO - Filling up the DagBag from /home/airflow/.local/lib/python3.12/site-packages/airflow/example_dags/example_trigger_target_dag.py
[2026-05-09T19:28:10.587+0000] {processor.py:840} INFO - DAG(s) 'example_trigger_target_dag' retrieved from /home/airflow/.local/lib/python3.12/site-packages/airflow/example_dags/example_trigger_target_dag.py
[2026-05-09T19:28:10.607+0000] {logging_mixin.py:188} INFO - [2026-05-09T19:28:10.607+0000] {dag.py:3096} INFO - Sync 1 DAGs
[2026-05-09T19:28:10.619+0000] {logging_mixin.py:188} INFO - [2026-05-09T19:28:10.619+0000] {dag.py:3954} INFO - Setting next_dagrun for example_trigger_target_dag to None, run_after=None
[2026-05-09T19:28:10.643+0000] {processor.py:183} INFO - Processing /home/airflow/.local/lib/python3.12/site-packages/airflow/example_dags/example_trigger_target_dag.py took 0.070 seconds
[2026-05-09T19:28:41.154+0000] {processor.py:161} INFO - Started process (PID=4296) to work on /home/airflow/.local/lib/python3.12/site-packages/airflow/example_dags/example_trigger_target_dag.py
[2026-05-09T19:28:41.155+0000] {processor.py:830} INFO - Processing file /home/airflow/.local/lib/python3.12/site-packages/airflow/example_dags/example_trigger_target_dag.py for tasks to queue
[2026-05-09T19:28:41.158+0000] {logging_mixin.py:188} INFO - [2026-05-09T19:28:41.157+0000] {dagbag.py:545} INFO - Filling up the DagBag from /home/airflow/.local/lib/python3.12/site-packages/airflow/example_dags/example_trigger_target_dag.py
[2026-05-09T19:28:41.166+0000] {processor.py:840} INFO - DAG(s) 'example_trigger_target_dag' retrieved from /home/airflow/.local/lib/python3.12/site-packages/airflow/example_dags/example_trigger_target_dag.py
[2026-05-09T19:28:41.192+0000] {logging_mixin.py:188} INFO - [2026-05-09T19:28:41.191+0000] {dag.py:3096} INFO - Sync 1 DAGs
[2026-05-09T19:28:41.208+0000] {logging_mixin.py:188} INFO - [2026-05-09T19:28:41.208+0000] {dag.py:3954} INFO - Setting next_dagrun for example_trigger_target_dag to None, run_after=None
[2026-05-09T19:28:41.235+0000] {processor.py:183} INFO - Processing /home/airflow/.local/lib/python3.12/site-packages/airflow/example_dags/example_trigger_target_dag.py took 0.089 seconds
[2026-05-09T19:29:12.157+0000] {processor.py:161} INFO - Started process (PID=4355) to work on /home/airflow/.local/lib/python3.12/site-packages/airflow/example_dags/example_trigger_target_dag.py
[2026-05-09T19:29:12.158+0000] {processor.py:830} INFO - Processing file /home/airflow/.local/lib/python3.12/site-packages/airflow/example_dags/example_trigger_target_dag.py for tasks to queue
[2026-05-09T19:29:12.160+0000] {logging_mixin.py:188} INFO - [2026-05-09T19:29:12.160+0000] {dagbag.py:545} INFO - Filling up the DagBag from /home/airflow/.local/lib/python3.12/site-packages/airflow/example_dags/example_trigger_target_dag.py
[2026-05-09T19:29:12.165+0000] {processor.py:840} INFO - DAG(s) 'example_trigger_target_dag' retrieved from /home/airflow/.local/lib/python3.12/site-packages/airflow/example_dags/example_trigger_target_dag.py
[2026-05-09T19:29:12.185+0000] {logging_mixin.py:188} INFO - [2026-05-09T19:29:12.185+0000] {dag.py:3096} INFO - Sync 1 DAGs
[2026-05-09T19:29:12.198+0000] {logging_mixin.py:188} INFO - [2026-05-09T19:29:12.198+0000] {dag.py:3954} INFO - Setting next_dagrun for example_trigger_target_dag to None, run_after=None
[2026-05-09T19:29:12.220+0000] {processor.py:183} INFO - Processing /home/airflow/.local/lib/python3.12/site-packages/airflow/example_dags/example_trigger_target_dag.py took 0.068 seconds
[2026-05-09T19:29:42.941+0000] {processor.py:161} INFO - Started process (PID=4414) to work on /home/airflow/.local/lib/python3.12/site-packages/airflow/example_dags/example_trigger_target_dag.py
[2026-05-09T19:29:42.943+0000] {processor.py:830} INFO - Processing file /home/airflow/.local/lib/python3.12/site-packages/airflow/example_dags/example_trigger_target_dag.py for tasks to queue
[2026-05-09T19:29:42.946+0000] {logging_mixin.py:188} INFO - [2026-05-09T19:29:42.945+0000] {dagbag.py:545} INFO - Filling up the DagBag from /home/airflow/.local/lib/python3.12/site-packages/airflow/example_dags/example_trigger_target_dag.py
[2026-05-09T19:29:42.954+0000] {processor.py:840} INFO - DAG(s) 'example_trigger_target_dag' retrieved from /home/airflow/.local/lib/python3.12/site-packages/airflow/example_dags/example_trigger_target_dag.py
[2026-05-09T19:29:42.980+0000] {logging_mixin.py:188} INFO - [2026-05-09T19:29:42.980+0000] {dag.py:3096} INFO - Sync 1 DAGs
[2026-05-09T19:29:42.999+0000] {logging_mixin.py:188} INFO - [2026-05-09T19:29:42.998+0000] {dag.py:3954} INFO - Setting next_dagrun for example_trigger_target_dag to None, run_after=None
[2026-05-09T19:29:43.030+0000] {processor.py:183} INFO - Processing /home/airflow/.local/lib/python3.12/site-packages/airflow/example_dags/example_trigger_target_dag.py took 0.096 seconds
[2026-05-09T19:30:13.772+0000] {processor.py:161} INFO - Started process (PID=4473) to work on /home/airflow/.local/lib/python3.12/site-packages/airflow/example_dags/example_trigger_target_dag.py
[2026-05-09T19:30:13.773+0000] {processor.py:830} INFO - Processing file /home/airflow/.local/lib/python3.12/site-packages/airflow/example_dags/example_trigger_target_dag.py for tasks to queue
[2026-05-09T19:30:13.776+0000] {logging_mixin.py:188} INFO - [2026-05-09T19:30:13.775+0000] {dagbag.py:545} INFO - Filling up the DagBag from /home/airflow/.local/lib/python3.12/site-packages/airflow/example_dags/example_trigger_target_dag.py
[2026-05-09T19:30:13.781+0000] {processor.py:840} INFO - DAG(s) 'example_trigger_target_dag' retrieved from /home/airflow/.local/lib/python3.12/site-packages/airflow/example_dags/example_trigger_target_dag.py
[2026-05-09T19:30:13.802+0000] {logging_mixin.py:188} INFO - [2026-05-09T19:30:13.802+0000] {dag.py:3096} INFO - Sync 1 DAGs
[2026-05-09T19:30:13.816+0000] {logging_mixin.py:188} INFO - [2026-05-09T19:30:13.815+0000] {dag.py:3954} INFO - Setting next_dagrun for example_trigger_target_dag to None, run_after=None
[2026-05-09T19:30:13.842+0000] {processor.py:183} INFO - Processing /home/airflow/.local/lib/python3.12/site-packages/airflow/example_dags/example_trigger_target_dag.py took 0.075 seconds
[2026-05-09T19:30:44.577+0000] {processor.py:161} INFO - Started process (PID=4532) to work on /home/airflow/.local/lib/python3.12/site-packages/airflow/example_dags/example_trigger_target_dag.py
[2026-05-09T19:30:44.578+0000] {processor.py:830} INFO - Processing file /home/airflow/.local/lib/python3.12/site-packages/airflow/example_dags/example_trigger_target_dag.py for tasks to queue
[2026-05-09T19:30:44.581+0000] {logging_mixin.py:188} INFO - [2026-05-09T19:30:44.580+0000] {dagbag.py:545} INFO - Filling up the DagBag from /home/airflow/.local/lib/python3.12/site-packages/airflow/example_dags/example_trigger_target_dag.py
[2026-05-09T19:30:44.586+0000] {processor.py:840} INFO - DAG(s) 'example_trigger_target_dag' retrieved from /home/airflow/.local/lib/python3.12/site-packages/airflow/example_dags/example_trigger_target_dag.py
[2026-05-09T19:30:44.606+0000] {logging_mixin.py:188} INFO - [2026-05-09T19:30:44.605+0000] {dag.py:3096} INFO - Sync 1 DAGs
[2026-05-09T19:30:44.617+0000] {logging_mixin.py:188} INFO - [2026-05-09T19:30:44.617+0000] {dag.py:3954} INFO - Setting next_dagrun for example_trigger_target_dag to None, run_after=None
[2026-05-09T19:30:44.640+0000] {processor.py:183} INFO - Processing /home/airflow/.local/lib/python3.12/site-packages/airflow/example_dags/example_trigger_target_dag.py took 0.068 seconds
[2026-05-09T19:31:14.690+0000] {processor.py:161} INFO - Started process (PID=4590) to work on /home/airflow/.local/lib/python3.12/site-packages/airflow/example_dags/example_trigger_target_dag.py
[2026-05-09T19:31:14.692+0000] {processor.py:830} INFO - Processing file /home/airflow/.local/lib/python3.12/site-packages/airflow/example_dags/example_trigger_target_dag.py for tasks to queue
[2026-05-09T19:31:14.694+0000] {logging_mixin.py:188} INFO - [2026-05-09T19:31:14.693+0000] {dagbag.py:545} INFO - Filling up the DagBag from /home/airflow/.local/lib/python3.12/site-packages/airflow/example_dags/example_trigger_target_dag.py
[2026-05-09T19:31:14.699+0000] {processor.py:840} INFO - DAG(s) 'example_trigger_target_dag' retrieved from /home/airflow/.local/lib/python3.12/site-packages/airflow/example_dags/example_trigger_target_dag.py
[2026-05-09T19:31:14.720+0000] {logging_mixin.py:188} INFO - [2026-05-09T19:31:14.720+0000] {dag.py:3096} INFO - Sync 1 DAGs
[2026-05-09T19:31:15.229+0000] {logging_mixin.py:188} INFO - [2026-05-09T19:31:15.229+0000] {dag.py:3954} INFO - Setting next_dagrun for example_trigger_target_dag to None, run_after=None
[2026-05-09T19:31:15.252+0000] {processor.py:183} INFO - Processing /home/airflow/.local/lib/python3.12/site-packages/airflow/example_dags/example_trigger_target_dag.py took 0.071 seconds
[2026-05-09T19:31:45.507+0000] {processor.py:161} INFO - Started process (PID=4650) to work on /home/airflow/.local/lib/python3.12/site-packages/airflow/example_dags/example_trigger_target_dag.py
[2026-05-09T19:31:45.510+0000] {processor.py:830} INFO - Processing file /home/airflow/.local/lib/python3.12/site-packages/airflow/example_dags/example_trigger_target_dag.py for tasks to queue
[2026-05-09T19:31:45.516+0000] {logging_mixin.py:188} INFO - [2026-05-09T19:31:45.515+0000] {dagbag.py:545} INFO - Filling up the DagBag from /home/airflow/.local/lib/python3.12/site-packages/airflow/example_dags/example_trigger_target_dag.py
[2026-05-09T19:31:45.527+0000] {processor.py:840} INFO - DAG(s) 'example_trigger_target_dag' retrieved from /home/airflow/.local/lib/python3.12/site-packages/airflow/example_dags/example_trigger_target_dag.py
[2026-05-09T19:31:46.076+0000] {logging_mixin.py:188} INFO - [2026-05-09T19:31:46.075+0000] {dag.py:3096} INFO - Sync 1 DAGs
[2026-05-09T19:31:46.106+0000] {logging_mixin.py:188} INFO - [2026-05-09T19:31:46.106+0000] {dag.py:3954} INFO - Setting next_dagrun for example_trigger_target_dag to None, run_after=None
[2026-05-09T19:31:46.145+0000] {processor.py:183} INFO - Processing /home/airflow/.local/lib/python3.12/site-packages/airflow/example_dags/example_trigger_target_dag.py took 0.153 seconds
[2026-05-09T19:32:16.321+0000] {processor.py:161} INFO - Started process (PID=4709) to work on /home/airflow/.local/lib/python3.12/site-packages/airflow/example_dags/example_trigger_target_dag.py
[2026-05-09T19:32:16.323+0000] {processor.py:830} INFO - Processing file /home/airflow/.local/lib/python3.12/site-packages/airflow/example_dags/example_trigger_target_dag.py for tasks to queue
[2026-05-09T19:32:16.326+0000] {logging_mixin.py:188} INFO - [2026-05-09T19:32:16.325+0000] {dagbag.py:545} INFO - Filling up the DagBag from /home/airflow/.local/lib/python3.12/site-packages/airflow/example_dags/example_trigger_target_dag.py
[2026-05-09T19:32:16.334+0000] {processor.py:840} INFO - DAG(s) 'example_trigger_target_dag' retrieved from /home/airflow/.local/lib/python3.12/site-packages/airflow/example_dags/example_trigger_target_dag.py
[2026-05-09T19:32:16.361+0000] {logging_mixin.py:188} INFO - [2026-05-09T19:32:16.361+0000] {dag.py:3096} INFO - Sync 1 DAGs
[2026-05-09T19:32:16.377+0000] {logging_mixin.py:188} INFO - [2026-05-09T19:32:16.377+0000] {dag.py:3954} INFO - Setting next_dagrun for example_trigger_target_dag to None, run_after=None
[2026-05-09T19:32:16.406+0000] {processor.py:183} INFO - Processing /home/airflow/.local/lib/python3.12/site-packages/airflow/example_dags/example_trigger_target_dag.py took 0.092 seconds
[2026-05-09T19:32:46.654+0000] {processor.py:161} INFO - Started process (PID=4769) to work on /home/airflow/.local/lib/python3.12/site-packages/airflow/example_dags/example_trigger_target_dag.py
[2026-05-09T19:32:46.655+0000] {processor.py:830} INFO - Processing file /home/airflow/.local/lib/python3.12/site-packages/airflow/example_dags/example_trigger_target_dag.py for tasks to queue
[2026-05-09T19:32:46.657+0000] {logging_mixin.py:188} INFO - [2026-05-09T19:32:46.657+0000] {dagbag.py:545} INFO - Filling up the DagBag from /home/airflow/.local/lib/python3.12/site-packages/airflow/example_dags/example_trigger_target_dag.py
[2026-05-09T19:32:46.662+0000] {processor.py:840} INFO - DAG(s) 'example_trigger_target_dag' retrieved from /home/airflow/.local/lib/python3.12/site-packages/airflow/example_dags/example_trigger_target_dag.py
[2026-05-09T19:32:46.682+0000] {logging_mixin.py:188} INFO - [2026-05-09T19:32:46.682+0000] {dag.py:3096} INFO - Sync 1 DAGs
[2026-05-09T19:32:46.696+0000] {logging_mixin.py:188} INFO - [2026-05-09T19:32:46.695+0000] {dag.py:3954} INFO - Setting next_dagrun for example_trigger_target_dag to None, run_after=None
[2026-05-09T19:32:47.037+0000] {processor.py:183} INFO - Processing /home/airflow/.local/lib/python3.12/site-packages/airflow/example_dags/example_trigger_target_dag.py took 0.073 seconds
[2026-05-09T19:33:17.357+0000] {processor.py:161} INFO - Started process (PID=4828) to work on /home/airflow/.local/lib/python3.12/site-packages/airflow/example_dags/example_trigger_target_dag.py
[2026-05-09T19:33:17.359+0000] {processor.py:830} INFO - Processing file /home/airflow/.local/lib/python3.12/site-packages/airflow/example_dags/example_trigger_target_dag.py for tasks to queue
[2026-05-09T19:33:17.361+0000] {logging_mixin.py:188} INFO - [2026-05-09T19:33:17.361+0000] {dagbag.py:545} INFO - Filling up the DagBag from /home/airflow/.local/lib/python3.12/site-packages/airflow/example_dags/example_trigger_target_dag.py
[2026-05-09T19:33:17.368+0000] {processor.py:840} INFO - DAG(s) 'example_trigger_target_dag' retrieved from /home/airflow/.local/lib/python3.12/site-packages/airflow/example_dags/example_trigger_target_dag.py
[2026-05-09T19:33:17.389+0000] {logging_mixin.py:188} INFO - [2026-05-09T19:33:17.389+0000] {dag.py:3096} INFO - Sync 1 DAGs
[2026-05-09T19:33:17.401+0000] {logging_mixin.py:188} INFO - [2026-05-09T19:33:17.401+0000] {dag.py:3954} INFO - Setting next_dagrun for example_trigger_target_dag to None, run_after=None
[2026-05-09T19:33:17.424+0000] {processor.py:183} INFO - Processing /home/airflow/.local/lib/python3.12/site-packages/airflow/example_dags/example_trigger_target_dag.py took 0.072 seconds
[2026-05-09T19:33:47.566+0000] {processor.py:161} INFO - Started process (PID=4887) to work on /home/airflow/.local/lib/python3.12/site-packages/airflow/example_dags/example_trigger_target_dag.py
[2026-05-09T19:33:47.567+0000] {processor.py:830} INFO - Processing file /home/airflow/.local/lib/python3.12/site-packages/airflow/example_dags/example_trigger_target_dag.py for tasks to queue
[2026-05-09T19:33:47.570+0000] {logging_mixin.py:188} INFO - [2026-05-09T19:33:47.569+0000] {dagbag.py:545} INFO - Filling up the DagBag from /home/airflow/.local/lib/python3.12/site-packages/airflow/example_dags/example_trigger_target_dag.py
[2026-05-09T19:33:47.577+0000] {processor.py:840} INFO - DAG(s) 'example_trigger_target_dag' retrieved from /home/airflow/.local/lib/python3.12/site-packages/airflow/example_dags/example_trigger_target_dag.py
[2026-05-09T19:33:47.606+0000] {logging_mixin.py:188} INFO - [2026-05-09T19:33:47.605+0000] {dag.py:3096} INFO - Sync 1 DAGs
[2026-05-09T19:33:47.622+0000] {logging_mixin.py:188} INFO - [2026-05-09T19:33:47.622+0000] {dag.py:3954} INFO - Setting next_dagrun for example_trigger_target_dag to None, run_after=None
[2026-05-09T19:33:47.653+0000] {processor.py:183} INFO - Processing /home/airflow/.local/lib/python3.12/site-packages/airflow/example_dags/example_trigger_target_dag.py took 0.095 seconds
[2026-05-09T19:34:18.177+0000] {processor.py:161} INFO - Started process (PID=4946) to work on /home/airflow/.local/lib/python3.12/site-packages/airflow/example_dags/example_trigger_target_dag.py
[2026-05-09T19:34:18.178+0000] {processor.py:830} INFO - Processing file /home/airflow/.local/lib/python3.12/site-packages/airflow/example_dags/example_trigger_target_dag.py for tasks to queue
[2026-05-09T19:34:18.181+0000] {logging_mixin.py:188} INFO - [2026-05-09T19:34:18.180+0000] {dagbag.py:545} INFO - Filling up the DagBag from /home/airflow/.local/lib/python3.12/site-packages/airflow/example_dags/example_trigger_target_dag.py
[2026-05-09T19:34:18.189+0000] {processor.py:840} INFO - DAG(s) 'example_trigger_target_dag' retrieved from /home/airflow/.local/lib/python3.12/site-packages/airflow/example_dags/example_trigger_target_dag.py
[2026-05-09T19:34:18.212+0000] {logging_mixin.py:188} INFO - [2026-05-09T19:34:18.212+0000] {dag.py:3096} INFO - Sync 1 DAGs
[2026-05-09T19:34:18.226+0000] {logging_mixin.py:188} INFO - [2026-05-09T19:34:18.226+0000] {dag.py:3954} INFO - Setting next_dagrun for example_trigger_target_dag to None, run_after=None
[2026-05-09T19:34:18.255+0000] {processor.py:183} INFO - Processing /home/airflow/.local/lib/python3.12/site-packages/airflow/example_dags/example_trigger_target_dag.py took 0.088 seconds
[2026-05-09T19:34:49.006+0000] {processor.py:161} INFO - Started process (PID=5005) to work on /home/airflow/.local/lib/python3.12/site-packages/airflow/example_dags/example_trigger_target_dag.py
[2026-05-09T19:34:49.008+0000] {processor.py:830} INFO - Processing file /home/airflow/.local/lib/python3.12/site-packages/airflow/example_dags/example_trigger_target_dag.py for tasks to queue
[2026-05-09T19:34:49.012+0000] {logging_mixin.py:188} INFO - [2026-05-09T19:34:49.011+0000] {dagbag.py:545} INFO - Filling up the DagBag from /home/airflow/.local/lib/python3.12/site-packages/airflow/example_dags/example_trigger_target_dag.py
[2026-05-09T19:34:49.033+0000] {processor.py:840} INFO - DAG(s) 'example_trigger_target_dag' retrieved from /home/airflow/.local/lib/python3.12/site-packages/airflow/example_dags/example_trigger_target_dag.py
[2026-05-09T19:34:49.064+0000] {logging_mixin.py:188} INFO - [2026-05-09T19:34:49.064+0000] {dag.py:3096} INFO - Sync 1 DAGs
[2026-05-09T19:34:49.085+0000] {logging_mixin.py:188} INFO - [2026-05-09T19:34:49.085+0000] {dag.py:3954} INFO - Setting next_dagrun for example_trigger_target_dag to None, run_after=None
[2026-05-09T19:34:49.116+0000] {processor.py:183} INFO - Processing /home/airflow/.local/lib/python3.12/site-packages/airflow/example_dags/example_trigger_target_dag.py took 0.118 seconds
[2026-05-09T19:35:19.648+0000] {processor.py:161} INFO - Started process (PID=5064) to work on /home/airflow/.local/lib/python3.12/site-packages/airflow/example_dags/example_trigger_target_dag.py
[2026-05-09T19:35:19.649+0000] {processor.py:830} INFO - Processing file /home/airflow/.local/lib/python3.12/site-packages/airflow/example_dags/example_trigger_target_dag.py for tasks to queue
[2026-05-09T19:35:19.652+0000] {logging_mixin.py:188} INFO - [2026-05-09T19:35:19.652+0000] {dagbag.py:545} INFO - Filling up the DagBag from /home/airflow/.local/lib/python3.12/site-packages/airflow/example_dags/example_trigger_target_dag.py
[2026-05-09T19:35:19.657+0000] {processor.py:840} INFO - DAG(s) 'example_trigger_target_dag' retrieved from /home/airflow/.local/lib/python3.12/site-packages/airflow/example_dags/example_trigger_target_dag.py
[2026-05-09T19:35:19.686+0000] {logging_mixin.py:188} INFO - [2026-05-09T19:35:19.686+0000] {dag.py:3096} INFO - Sync 1 DAGs
[2026-05-09T19:35:19.704+0000] {logging_mixin.py:188} INFO - [2026-05-09T19:35:19.704+0000] {dag.py:3954} INFO - Setting next_dagrun for example_trigger_target_dag to None, run_after=None
[2026-05-09T19:35:19.732+0000] {processor.py:183} INFO - Processing /home/airflow/.local/lib/python3.12/site-packages/airflow/example_dags/example_trigger_target_dag.py took 0.090 seconds
[2026-05-09T19:35:50.007+0000] {processor.py:161} INFO - Started process (PID=5123) to work on /home/airflow/.local/lib/python3.12/site-packages/airflow/example_dags/example_trigger_target_dag.py
[2026-05-09T19:35:50.008+0000] {processor.py:830} INFO - Processing file /home/airflow/.local/lib/python3.12/site-packages/airflow/example_dags/example_trigger_target_dag.py for tasks to queue
[2026-05-09T19:35:50.010+0000] {logging_mixin.py:188} INFO - [2026-05-09T19:35:50.010+0000] {dagbag.py:545} INFO - Filling up the DagBag from /home/airflow/.local/lib/python3.12/site-packages/airflow/example_dags/example_trigger_target_dag.py
[2026-05-09T19:35:50.015+0000] {processor.py:840} INFO - DAG(s) 'example_trigger_target_dag' retrieved from /home/airflow/.local/lib/python3.12/site-packages/airflow/example_dags/example_trigger_target_dag.py
[2026-05-09T19:35:50.036+0000] {logging_mixin.py:188} INFO - [2026-05-09T19:35:50.036+0000] {dag.py:3096} INFO - Sync 1 DAGs
[2026-05-09T19:35:50.049+0000] {logging_mixin.py:188} INFO - [2026-05-09T19:35:50.049+0000] {dag.py:3954} INFO - Setting next_dagrun for example_trigger_target_dag to None, run_after=None
[2026-05-09T19:35:50.072+0000] {processor.py:183} INFO - Processing /home/airflow/.local/lib/python3.12/site-packages/airflow/example_dags/example_trigger_target_dag.py took 0.071 seconds
[2026-05-09T19:36:20.200+0000] {processor.py:161} INFO - Started process (PID=5180) to work on /home/airflow/.local/lib/python3.12/site-packages/airflow/example_dags/example_trigger_target_dag.py
[2026-05-09T19:36:20.201+0000] {processor.py:830} INFO - Processing file /home/airflow/.local/lib/python3.12/site-packages/airflow/example_dags/example_trigger_target_dag.py for tasks to queue
[2026-05-09T19:36:20.203+0000] {logging_mixin.py:188} INFO - [2026-05-09T19:36:20.203+0000] {dagbag.py:545} INFO - Filling up the DagBag from /home/airflow/.local/lib/python3.12/site-packages/airflow/example_dags/example_trigger_target_dag.py
[2026-05-09T19:36:20.208+0000] {processor.py:840} INFO - DAG(s) 'example_trigger_target_dag' retrieved from /home/airflow/.local/lib/python3.12/site-packages/airflow/example_dags/example_trigger_target_dag.py
[2026-05-09T19:36:20.229+0000] {logging_mixin.py:188} INFO - [2026-05-09T19:36:20.229+0000] {dag.py:3096} INFO - Sync 1 DAGs
[2026-05-09T19:36:20.242+0000] {logging_mixin.py:188} INFO - [2026-05-09T19:36:20.241+0000] {dag.py:3954} INFO - Setting next_dagrun for example_trigger_target_dag to None, run_after=None
[2026-05-09T19:36:20.266+0000] {processor.py:183} INFO - Processing /home/airflow/.local/lib/python3.12/site-packages/airflow/example_dags/example_trigger_target_dag.py took 0.071 seconds
[2026-05-09T19:36:50.886+0000] {processor.py:161} INFO - Started process (PID=5239) to work on /home/airflow/.local/lib/python3.12/site-packages/airflow/example_dags/example_trigger_target_dag.py
[2026-05-09T19:36:50.887+0000] {processor.py:830} INFO - Processing file /home/airflow/.local/lib/python3.12/site-packages/airflow/example_dags/example_trigger_target_dag.py for tasks to queue
[2026-05-09T19:36:50.889+0000] {logging_mixin.py:188} INFO - [2026-05-09T19:36:50.888+0000] {dagbag.py:545} INFO - Filling up the DagBag from /home/airflow/.local/lib/python3.12/site-packages/airflow/example_dags/example_trigger_target_dag.py
[2026-05-09T19:36:50.895+0000] {processor.py:840} INFO - DAG(s) 'example_trigger_target_dag' retrieved from /home/airflow/.local/lib/python3.12/site-packages/airflow/example_dags/example_trigger_target_dag.py
[2026-05-09T19:36:50.915+0000] {logging_mixin.py:188} INFO - [2026-05-09T19:36:50.915+0000] {dag.py:3096} INFO - Sync 1 DAGs
[2026-05-09T19:36:50.927+0000] {logging_mixin.py:188} INFO - [2026-05-09T19:36:50.927+0000] {dag.py:3954} INFO - Setting next_dagrun for example_trigger_target_dag to None, run_after=None
[2026-05-09T19:36:50.950+0000] {processor.py:183} INFO - Processing /home/airflow/.local/lib/python3.12/site-packages/airflow/example_dags/example_trigger_target_dag.py took 0.071 seconds
[2026-05-09T19:37:21.144+0000] {processor.py:161} INFO - Started process (PID=5298) to work on /home/airflow/.local/lib/python3.12/site-packages/airflow/example_dags/example_trigger_target_dag.py
[2026-05-09T19:37:21.146+0000] {processor.py:830} INFO - Processing file /home/airflow/.local/lib/python3.12/site-packages/airflow/example_dags/example_trigger_target_dag.py for tasks to queue
[2026-05-09T19:37:21.148+0000] {logging_mixin.py:188} INFO - [2026-05-09T19:37:21.147+0000] {dagbag.py:545} INFO - Filling up the DagBag from /home/airflow/.local/lib/python3.12/site-packages/airflow/example_dags/example_trigger_target_dag.py
[2026-05-09T19:37:21.153+0000] {processor.py:840} INFO - DAG(s) 'example_trigger_target_dag' retrieved from /home/airflow/.local/lib/python3.12/site-packages/airflow/example_dags/example_trigger_target_dag.py
[2026-05-09T19:37:21.172+0000] {logging_mixin.py:188} INFO - [2026-05-09T19:37:21.172+0000] {dag.py:3096} INFO - Sync 1 DAGs
[2026-05-09T19:37:21.185+0000] {logging_mixin.py:188} INFO - [2026-05-09T19:37:21.185+0000] {dag.py:3954} INFO - Setting next_dagrun for example_trigger_target_dag to None, run_after=None
[2026-05-09T19:37:21.210+0000] {processor.py:183} INFO - Processing /home/airflow/.local/lib/python3.12/site-packages/airflow/example_dags/example_trigger_target_dag.py took 0.070 seconds
[2026-05-09T19:37:51.886+0000] {processor.py:161} INFO - Started process (PID=5357) to work on /home/airflow/.local/lib/python3.12/site-packages/airflow/example_dags/example_trigger_target_dag.py
[2026-05-09T19:37:51.887+0000] {processor.py:830} INFO - Processing file /home/airflow/.local/lib/python3.12/site-packages/airflow/example_dags/example_trigger_target_dag.py for tasks to queue
[2026-05-09T19:37:51.890+0000] {logging_mixin.py:188} INFO - [2026-05-09T19:37:51.889+0000] {dagbag.py:545} INFO - Filling up the DagBag from /home/airflow/.local/lib/python3.12/site-packages/airflow/example_dags/example_trigger_target_dag.py
[2026-05-09T19:37:51.898+0000] {processor.py:840} INFO - DAG(s) 'example_trigger_target_dag' retrieved from /home/airflow/.local/lib/python3.12/site-packages/airflow/example_dags/example_trigger_target_dag.py
[2026-05-09T19:37:51.924+0000] {logging_mixin.py:188} INFO - [2026-05-09T19:37:51.923+0000] {dag.py:3096} INFO - Sync 1 DAGs
[2026-05-09T19:37:51.939+0000] {logging_mixin.py:188} INFO - [2026-05-09T19:37:51.939+0000] {dag.py:3954} INFO - Setting next_dagrun for example_trigger_target_dag to None, run_after=None
[2026-05-09T19:37:51.961+0000] {processor.py:183} INFO - Processing /home/airflow/.local/lib/python3.12/site-packages/airflow/example_dags/example_trigger_target_dag.py took 0.080 seconds
[2026-05-09T19:38:22.012+0000] {processor.py:161} INFO - Started process (PID=5416) to work on /home/airflow/.local/lib/python3.12/site-packages/airflow/example_dags/example_trigger_target_dag.py
[2026-05-09T19:38:22.013+0000] {processor.py:830} INFO - Processing file /home/airflow/.local/lib/python3.12/site-packages/airflow/example_dags/example_trigger_target_dag.py for tasks to queue
[2026-05-09T19:38:22.015+0000] {logging_mixin.py:188} INFO - [2026-05-09T19:38:22.015+0000] {dagbag.py:545} INFO - Filling up the DagBag from /home/airflow/.local/lib/python3.12/site-packages/airflow/example_dags/example_trigger_target_dag.py
[2026-05-09T19:38:22.020+0000] {processor.py:840} INFO - DAG(s) 'example_trigger_target_dag' retrieved from /home/airflow/.local/lib/python3.12/site-packages/airflow/example_dags/example_trigger_target_dag.py
[2026-05-09T19:38:22.041+0000] {logging_mixin.py:188} INFO - [2026-05-09T19:38:22.041+0000] {dag.py:3096} INFO - Sync 1 DAGs
[2026-05-09T19:38:22.052+0000] {logging_mixin.py:188} INFO - [2026-05-09T19:38:22.052+0000] {dag.py:3954} INFO - Setting next_dagrun for example_trigger_target_dag to None, run_after=None
[2026-05-09T19:38:22.075+0000] {processor.py:183} INFO - Processing /home/airflow/.local/lib/python3.12/site-packages/airflow/example_dags/example_trigger_target_dag.py took 0.068 seconds
[2026-05-09T19:38:52.213+0000] {processor.py:161} INFO - Started process (PID=5475) to work on /home/airflow/.local/lib/python3.12/site-packages/airflow/example_dags/example_trigger_target_dag.py
[2026-05-09T19:38:52.214+0000] {processor.py:830} INFO - Processing file /home/airflow/.local/lib/python3.12/site-packages/airflow/example_dags/example_trigger_target_dag.py for tasks to queue
[2026-05-09T19:38:52.216+0000] {logging_mixin.py:188} INFO - [2026-05-09T19:38:52.216+0000] {dagbag.py:545} INFO - Filling up the DagBag from /home/airflow/.local/lib/python3.12/site-packages/airflow/example_dags/example_trigger_target_dag.py
[2026-05-09T19:38:52.222+0000] {processor.py:840} INFO - DAG(s) 'example_trigger_target_dag' retrieved from /home/airflow/.local/lib/python3.12/site-packages/airflow/example_dags/example_trigger_target_dag.py
[2026-05-09T19:38:52.243+0000] {logging_mixin.py:188} INFO - [2026-05-09T19:38:52.243+0000] {dag.py:3096} INFO - Sync 1 DAGs
[2026-05-09T19:38:52.255+0000] {logging_mixin.py:188} INFO - [2026-05-09T19:38:52.255+0000] {dag.py:3954} INFO - Setting next_dagrun for example_trigger_target_dag to None, run_after=None
[2026-05-09T19:38:52.279+0000] {processor.py:183} INFO - Processing /home/airflow/.local/lib/python3.12/site-packages/airflow/example_dags/example_trigger_target_dag.py took 0.070 seconds
[2026-05-09T19:39:23.117+0000] {processor.py:161} INFO - Started process (PID=5534) to work on /home/airflow/.local/lib/python3.12/site-packages/airflow/example_dags/example_trigger_target_dag.py
[2026-05-09T19:39:23.118+0000] {processor.py:830} INFO - Processing file /home/airflow/.local/lib/python3.12/site-packages/airflow/example_dags/example_trigger_target_dag.py for tasks to queue
[2026-05-09T19:39:23.120+0000] {logging_mixin.py:188} INFO - [2026-05-09T19:39:23.120+0000] {dagbag.py:545} INFO - Filling up the DagBag from /home/airflow/.local/lib/python3.12/site-packages/airflow/example_dags/example_trigger_target_dag.py
[2026-05-09T19:39:23.126+0000] {processor.py:840} INFO - DAG(s) 'example_trigger_target_dag' retrieved from /home/airflow/.local/lib/python3.12/site-packages/airflow/example_dags/example_trigger_target_dag.py
[2026-05-09T19:39:23.146+0000] {logging_mixin.py:188} INFO - [2026-05-09T19:39:23.146+0000] {dag.py:3096} INFO - Sync 1 DAGs
[2026-05-09T19:39:23.158+0000] {logging_mixin.py:188} INFO - [2026-05-09T19:39:23.158+0000] {dag.py:3954} INFO - Setting next_dagrun for example_trigger_target_dag to None, run_after=None
[2026-05-09T19:39:23.181+0000] {processor.py:183} INFO - Processing /home/airflow/.local/lib/python3.12/site-packages/airflow/example_dags/example_trigger_target_dag.py took 0.070 seconds
[2026-05-09T19:39:53.748+0000] {processor.py:161} INFO - Started process (PID=5593) to work on /home/airflow/.local/lib/python3.12/site-packages/airflow/example_dags/example_trigger_target_dag.py
[2026-05-09T19:39:53.749+0000] {processor.py:830} INFO - Processing file /home/airflow/.local/lib/python3.12/site-packages/airflow/example_dags/example_trigger_target_dag.py for tasks to queue
[2026-05-09T19:39:53.751+0000] {logging_mixin.py:188} INFO - [2026-05-09T19:39:53.751+0000] {dagbag.py:545} INFO - Filling up the DagBag from /home/airflow/.local/lib/python3.12/site-packages/airflow/example_dags/example_trigger_target_dag.py
[2026-05-09T19:39:53.759+0000] {processor.py:840} INFO - DAG(s) 'example_trigger_target_dag' retrieved from /home/airflow/.local/lib/python3.12/site-packages/airflow/example_dags/example_trigger_target_dag.py
[2026-05-09T19:39:53.786+0000] {logging_mixin.py:188} INFO - [2026-05-09T19:39:53.785+0000] {dag.py:3096} INFO - Sync 1 DAGs
[2026-05-09T19:39:53.804+0000] {logging_mixin.py:188} INFO - [2026-05-09T19:39:53.804+0000] {dag.py:3954} INFO - Setting next_dagrun for example_trigger_target_dag to None, run_after=None
[2026-05-09T19:39:53.834+0000] {processor.py:183} INFO - Processing /home/airflow/.local/lib/python3.12/site-packages/airflow/example_dags/example_trigger_target_dag.py took 0.094 seconds
[2026-05-09T19:40:24.473+0000] {processor.py:161} INFO - Started process (PID=5652) to work on /home/airflow/.local/lib/python3.12/site-packages/airflow/example_dags/example_trigger_target_dag.py
[2026-05-09T19:40:24.475+0000] {processor.py:830} INFO - Processing file /home/airflow/.local/lib/python3.12/site-packages/airflow/example_dags/example_trigger_target_dag.py for tasks to queue
[2026-05-09T19:40:24.477+0000] {logging_mixin.py:188} INFO - [2026-05-09T19:40:24.476+0000] {dagbag.py:545} INFO - Filling up the DagBag from /home/airflow/.local/lib/python3.12/site-packages/airflow/example_dags/example_trigger_target_dag.py
[2026-05-09T19:40:24.482+0000] {processor.py:840} INFO - DAG(s) 'example_trigger_target_dag' retrieved from /home/airflow/.local/lib/python3.12/site-packages/airflow/example_dags/example_trigger_target_dag.py
[2026-05-09T19:40:24.502+0000] {logging_mixin.py:188} INFO - [2026-05-09T19:40:24.501+0000] {dag.py:3096} INFO - Sync 1 DAGs
[2026-05-09T19:40:24.514+0000] {logging_mixin.py:188} INFO - [2026-05-09T19:40:24.514+0000] {dag.py:3954} INFO - Setting next_dagrun for example_trigger_target_dag to None, run_after=None
[2026-05-09T19:40:24.538+0000] {processor.py:183} INFO - Processing /home/airflow/.local/lib/python3.12/site-packages/airflow/example_dags/example_trigger_target_dag.py took 0.070 seconds
[2026-05-09T19:40:54.977+0000] {processor.py:161} INFO - Started process (PID=5711) to work on /home/airflow/.local/lib/python3.12/site-packages/airflow/example_dags/example_trigger_target_dag.py
[2026-05-09T19:40:54.978+0000] {processor.py:830} INFO - Processing file /home/airflow/.local/lib/python3.12/site-packages/airflow/example_dags/example_trigger_target_dag.py for tasks to queue
[2026-05-09T19:40:54.980+0000] {logging_mixin.py:188} INFO - [2026-05-09T19:40:54.980+0000] {dagbag.py:545} INFO - Filling up the DagBag from /home/airflow/.local/lib/python3.12/site-packages/airflow/example_dags/example_trigger_target_dag.py
[2026-05-09T19:40:54.986+0000] {processor.py:840} INFO - DAG(s) 'example_trigger_target_dag' retrieved from /home/airflow/.local/lib/python3.12/site-packages/airflow/example_dags/example_trigger_target_dag.py
[2026-05-09T19:40:55.008+0000] {logging_mixin.py:188} INFO - [2026-05-09T19:40:55.007+0000] {dag.py:3096} INFO - Sync 1 DAGs
[2026-05-09T19:40:55.023+0000] {logging_mixin.py:188} INFO - [2026-05-09T19:40:55.022+0000] {dag.py:3954} INFO - Setting next_dagrun for example_trigger_target_dag to None, run_after=None
[2026-05-09T19:40:55.052+0000] {processor.py:183} INFO - Processing /home/airflow/.local/lib/python3.12/site-packages/airflow/example_dags/example_trigger_target_dag.py took 0.080 seconds
[2026-05-09T19:41:25.273+0000] {processor.py:161} INFO - Started process (PID=5770) to work on /home/airflow/.local/lib/python3.12/site-packages/airflow/example_dags/example_trigger_target_dag.py
[2026-05-09T19:41:25.274+0000] {processor.py:830} INFO - Processing file /home/airflow/.local/lib/python3.12/site-packages/airflow/example_dags/example_trigger_target_dag.py for tasks to queue
[2026-05-09T19:41:25.276+0000] {logging_mixin.py:188} INFO - [2026-05-09T19:41:25.276+0000] {dagbag.py:545} INFO - Filling up the DagBag from /home/airflow/.local/lib/python3.12/site-packages/airflow/example_dags/example_trigger_target_dag.py
[2026-05-09T19:41:25.282+0000] {processor.py:840} INFO - DAG(s) 'example_trigger_target_dag' retrieved from /home/airflow/.local/lib/python3.12/site-packages/airflow/example_dags/example_trigger_target_dag.py
[2026-05-09T19:41:25.302+0000] {logging_mixin.py:188} INFO - [2026-05-09T19:41:25.302+0000] {dag.py:3096} INFO - Sync 1 DAGs
[2026-05-09T19:41:25.454+0000] {logging_mixin.py:188} INFO - [2026-05-09T19:41:25.453+0000] {dag.py:3954} INFO - Setting next_dagrun for example_trigger_target_dag to None, run_after=None
[2026-05-09T19:41:25.479+0000] {processor.py:183} INFO - Processing /home/airflow/.local/lib/python3.12/site-packages/airflow/example_dags/example_trigger_target_dag.py took 0.211 seconds
[2026-05-09T19:41:56.223+0000] {processor.py:161} INFO - Started process (PID=5829) to work on /home/airflow/.local/lib/python3.12/site-packages/airflow/example_dags/example_trigger_target_dag.py
[2026-05-09T19:41:56.225+0000] {processor.py:830} INFO - Processing file /home/airflow/.local/lib/python3.12/site-packages/airflow/example_dags/example_trigger_target_dag.py for tasks to queue
[2026-05-09T19:41:56.227+0000] {logging_mixin.py:188} INFO - [2026-05-09T19:41:56.227+0000] {dagbag.py:545} INFO - Filling up the DagBag from /home/airflow/.local/lib/python3.12/site-packages/airflow/example_dags/example_trigger_target_dag.py
[2026-05-09T19:41:56.232+0000] {processor.py:840} INFO - DAG(s) 'example_trigger_target_dag' retrieved from /home/airflow/.local/lib/python3.12/site-packages/airflow/example_dags/example_trigger_target_dag.py
[2026-05-09T19:41:56.253+0000] {logging_mixin.py:188} INFO - [2026-05-09T19:41:56.252+0000] {dag.py:3096} INFO - Sync 1 DAGs
[2026-05-09T19:41:56.404+0000] {logging_mixin.py:188} INFO - [2026-05-09T19:41:56.404+0000] {dag.py:3954} INFO - Setting next_dagrun for example_trigger_target_dag to None, run_after=None
[2026-05-09T19:41:56.427+0000] {processor.py:183} INFO - Processing /home/airflow/.local/lib/python3.12/site-packages/airflow/example_dags/example_trigger_target_dag.py took 0.209 seconds
[2026-05-09T19:42:26.848+0000] {processor.py:161} INFO - Started process (PID=5888) to work on /home/airflow/.local/lib/python3.12/site-packages/airflow/example_dags/example_trigger_target_dag.py
[2026-05-09T19:42:26.850+0000] {processor.py:830} INFO - Processing file /home/airflow/.local/lib/python3.12/site-packages/airflow/example_dags/example_trigger_target_dag.py for tasks to queue
[2026-05-09T19:42:26.852+0000] {logging_mixin.py:188} INFO - [2026-05-09T19:42:26.852+0000] {dagbag.py:545} INFO - Filling up the DagBag from /home/airflow/.local/lib/python3.12/site-packages/airflow/example_dags/example_trigger_target_dag.py
[2026-05-09T19:42:26.857+0000] {processor.py:840} INFO - DAG(s) 'example_trigger_target_dag' retrieved from /home/airflow/.local/lib/python3.12/site-packages/airflow/example_dags/example_trigger_target_dag.py
[2026-05-09T19:42:26.880+0000] {logging_mixin.py:188} INFO - [2026-05-09T19:42:26.880+0000] {dag.py:3096} INFO - Sync 1 DAGs
[2026-05-09T19:42:26.895+0000] {logging_mixin.py:188} INFO - [2026-05-09T19:42:26.895+0000] {dag.py:3954} INFO - Setting next_dagrun for example_trigger_target_dag to None, run_after=None
[2026-05-09T19:42:27.078+0000] {processor.py:183} INFO - Processing /home/airflow/.local/lib/python3.12/site-packages/airflow/example_dags/example_trigger_target_dag.py took 0.235 seconds
[2026-05-09T19:42:57.797+0000] {processor.py:161} INFO - Started process (PID=5947) to work on /home/airflow/.local/lib/python3.12/site-packages/airflow/example_dags/example_trigger_target_dag.py
[2026-05-09T19:42:57.798+0000] {processor.py:830} INFO - Processing file /home/airflow/.local/lib/python3.12/site-packages/airflow/example_dags/example_trigger_target_dag.py for tasks to queue
[2026-05-09T19:42:57.800+0000] {logging_mixin.py:188} INFO - [2026-05-09T19:42:57.799+0000] {dagbag.py:545} INFO - Filling up the DagBag from /home/airflow/.local/lib/python3.12/site-packages/airflow/example_dags/example_trigger_target_dag.py
[2026-05-09T19:42:57.805+0000] {processor.py:840} INFO - DAG(s) 'example_trigger_target_dag' retrieved from /home/airflow/.local/lib/python3.12/site-packages/airflow/example_dags/example_trigger_target_dag.py
[2026-05-09T19:42:57.824+0000] {logging_mixin.py:188} INFO - [2026-05-09T19:42:57.824+0000] {dag.py:3096} INFO - Sync 1 DAGs
[2026-05-09T19:42:57.837+0000] {logging_mixin.py:188} INFO - [2026-05-09T19:42:57.837+0000] {dag.py:3954} INFO - Setting next_dagrun for example_trigger_target_dag to None, run_after=None
[2026-05-09T19:42:57.859+0000] {processor.py:183} INFO - Processing /home/airflow/.local/lib/python3.12/site-packages/airflow/example_dags/example_trigger_target_dag.py took 0.067 seconds
[2026-05-09T19:43:28.253+0000] {processor.py:161} INFO - Started process (PID=6007) to work on /home/airflow/.local/lib/python3.12/site-packages/airflow/example_dags/example_trigger_target_dag.py
[2026-05-09T19:43:28.254+0000] {processor.py:830} INFO - Processing file /home/airflow/.local/lib/python3.12/site-packages/airflow/example_dags/example_trigger_target_dag.py for tasks to queue
[2026-05-09T19:43:28.256+0000] {logging_mixin.py:188} INFO - [2026-05-09T19:43:28.256+0000] {dagbag.py:545} INFO - Filling up the DagBag from /home/airflow/.local/lib/python3.12/site-packages/airflow/example_dags/example_trigger_target_dag.py
[2026-05-09T19:43:28.262+0000] {processor.py:840} INFO - DAG(s) 'example_trigger_target_dag' retrieved from /home/airflow/.local/lib/python3.12/site-packages/airflow/example_dags/example_trigger_target_dag.py
[2026-05-09T19:43:28.283+0000] {logging_mixin.py:188} INFO - [2026-05-09T19:43:28.283+0000] {dag.py:3096} INFO - Sync 1 DAGs
[2026-05-09T19:43:28.295+0000] {logging_mixin.py:188} INFO - [2026-05-09T19:43:28.295+0000] {dag.py:3954} INFO - Setting next_dagrun for example_trigger_target_dag to None, run_after=None
[2026-05-09T19:43:28.320+0000] {processor.py:183} INFO - Processing /home/airflow/.local/lib/python3.12/site-packages/airflow/example_dags/example_trigger_target_dag.py took 0.072 seconds
[2026-05-09T19:43:58.975+0000] {processor.py:161} INFO - Started process (PID=6066) to work on /home/airflow/.local/lib/python3.12/site-packages/airflow/example_dags/example_trigger_target_dag.py
[2026-05-09T19:43:58.976+0000] {processor.py:830} INFO - Processing file /home/airflow/.local/lib/python3.12/site-packages/airflow/example_dags/example_trigger_target_dag.py for tasks to queue
[2026-05-09T19:43:58.978+0000] {logging_mixin.py:188} INFO - [2026-05-09T19:43:58.977+0000] {dagbag.py:545} INFO - Filling up the DagBag from /home/airflow/.local/lib/python3.12/site-packages/airflow/example_dags/example_trigger_target_dag.py
[2026-05-09T19:43:58.983+0000] {processor.py:840} INFO - DAG(s) 'example_trigger_target_dag' retrieved from /home/airflow/.local/lib/python3.12/site-packages/airflow/example_dags/example_trigger_target_dag.py
[2026-05-09T19:43:59.003+0000] {logging_mixin.py:188} INFO - [2026-05-09T19:43:59.002+0000] {dag.py:3096} INFO - Sync 1 DAGs
[2026-05-09T19:43:59.014+0000] {logging_mixin.py:188} INFO - [2026-05-09T19:43:59.014+0000] {dag.py:3954} INFO - Setting next_dagrun for example_trigger_target_dag to None, run_after=None
[2026-05-09T19:43:59.037+0000] {processor.py:183} INFO - Processing /home/airflow/.local/lib/python3.12/site-packages/airflow/example_dags/example_trigger_target_dag.py took 0.067 seconds
[2026-05-09T19:44:29.310+0000] {processor.py:161} INFO - Started process (PID=6125) to work on /home/airflow/.local/lib/python3.12/site-packages/airflow/example_dags/example_trigger_target_dag.py
[2026-05-09T19:44:29.311+0000] {processor.py:830} INFO - Processing file /home/airflow/.local/lib/python3.12/site-packages/airflow/example_dags/example_trigger_target_dag.py for tasks to queue
[2026-05-09T19:44:29.313+0000] {logging_mixin.py:188} INFO - [2026-05-09T19:44:29.312+0000] {dagbag.py:545} INFO - Filling up the DagBag from /home/airflow/.local/lib/python3.12/site-packages/airflow/example_dags/example_trigger_target_dag.py
[2026-05-09T19:44:29.318+0000] {processor.py:840} INFO - DAG(s) 'example_trigger_target_dag' retrieved from /home/airflow/.local/lib/python3.12/site-packages/airflow/example_dags/example_trigger_target_dag.py
[2026-05-09T19:44:29.341+0000] {logging_mixin.py:188} INFO - [2026-05-09T19:44:29.341+0000] {dag.py:3096} INFO - Sync 1 DAGs
[2026-05-09T19:44:29.354+0000] {logging_mixin.py:188} INFO - [2026-05-09T19:44:29.354+0000] {dag.py:3954} INFO - Setting next_dagrun for example_trigger_target_dag to None, run_after=None
[2026-05-09T19:44:29.378+0000] {processor.py:183} INFO - Processing /home/airflow/.local/lib/python3.12/site-packages/airflow/example_dags/example_trigger_target_dag.py took 0.073 seconds
[2026-05-09T19:44:59.502+0000] {processor.py:161} INFO - Started process (PID=6185) to work on /home/airflow/.local/lib/python3.12/site-packages/airflow/example_dags/example_trigger_target_dag.py
[2026-05-09T19:44:59.503+0000] {processor.py:830} INFO - Processing file /home/airflow/.local/lib/python3.12/site-packages/airflow/example_dags/example_trigger_target_dag.py for tasks to queue
[2026-05-09T19:44:59.506+0000] {logging_mixin.py:188} INFO - [2026-05-09T19:44:59.505+0000] {dagbag.py:545} INFO - Filling up the DagBag from /home/airflow/.local/lib/python3.12/site-packages/airflow/example_dags/example_trigger_target_dag.py
[2026-05-09T19:44:59.511+0000] {processor.py:840} INFO - DAG(s) 'example_trigger_target_dag' retrieved from /home/airflow/.local/lib/python3.12/site-packages/airflow/example_dags/example_trigger_target_dag.py
[2026-05-09T19:44:59.534+0000] {logging_mixin.py:188} INFO - [2026-05-09T19:44:59.534+0000] {dag.py:3096} INFO - Sync 1 DAGs
[2026-05-09T19:44:59.548+0000] {logging_mixin.py:188} INFO - [2026-05-09T19:44:59.547+0000] {dag.py:3954} INFO - Setting next_dagrun for example_trigger_target_dag to None, run_after=None
[2026-05-09T19:44:59.574+0000] {processor.py:183} INFO - Processing /home/airflow/.local/lib/python3.12/site-packages/airflow/example_dags/example_trigger_target_dag.py took 0.078 seconds
[2026-05-09T19:45:30.537+0000] {processor.py:161} INFO - Started process (PID=6244) to work on /home/airflow/.local/lib/python3.12/site-packages/airflow/example_dags/example_trigger_target_dag.py
[2026-05-09T19:45:30.538+0000] {processor.py:830} INFO - Processing file /home/airflow/.local/lib/python3.12/site-packages/airflow/example_dags/example_trigger_target_dag.py for tasks to queue
[2026-05-09T19:45:30.540+0000] {logging_mixin.py:188} INFO - [2026-05-09T19:45:30.540+0000] {dagbag.py:545} INFO - Filling up the DagBag from /home/airflow/.local/lib/python3.12/site-packages/airflow/example_dags/example_trigger_target_dag.py
[2026-05-09T19:45:30.545+0000] {processor.py:840} INFO - DAG(s) 'example_trigger_target_dag' retrieved from /home/airflow/.local/lib/python3.12/site-packages/airflow/example_dags/example_trigger_target_dag.py
[2026-05-09T19:45:30.566+0000] {logging_mixin.py:188} INFO - [2026-05-09T19:45:30.566+0000] {dag.py:3096} INFO - Sync 1 DAGs
[2026-05-09T19:45:30.579+0000] {logging_mixin.py:188} INFO - [2026-05-09T19:45:30.579+0000] {dag.py:3954} INFO - Setting next_dagrun for example_trigger_target_dag to None, run_after=None
[2026-05-09T19:45:30.606+0000] {processor.py:183} INFO - Processing /home/airflow/.local/lib/python3.12/site-packages/airflow/example_dags/example_trigger_target_dag.py took 0.074 seconds
[2026-05-09T19:46:01.303+0000] {processor.py:161} INFO - Started process (PID=6303) to work on /home/airflow/.local/lib/python3.12/site-packages/airflow/example_dags/example_trigger_target_dag.py
[2026-05-09T19:46:01.304+0000] {processor.py:830} INFO - Processing file /home/airflow/.local/lib/python3.12/site-packages/airflow/example_dags/example_trigger_target_dag.py for tasks to queue
[2026-05-09T19:46:01.306+0000] {logging_mixin.py:188} INFO - [2026-05-09T19:46:01.306+0000] {dagbag.py:545} INFO - Filling up the DagBag from /home/airflow/.local/lib/python3.12/site-packages/airflow/example_dags/example_trigger_target_dag.py
[2026-05-09T19:46:01.312+0000] {processor.py:840} INFO - DAG(s) 'example_trigger_target_dag' retrieved from /home/airflow/.local/lib/python3.12/site-packages/airflow/example_dags/example_trigger_target_dag.py
[2026-05-09T19:46:01.335+0000] {logging_mixin.py:188} INFO - [2026-05-09T19:46:01.335+0000] {dag.py:3096} INFO - Sync 1 DAGs
[2026-05-09T19:46:01.352+0000] {logging_mixin.py:188} INFO - [2026-05-09T19:46:01.352+0000] {dag.py:3954} INFO - Setting next_dagrun for example_trigger_target_dag to None, run_after=None
[2026-05-09T19:46:01.378+0000] {processor.py:183} INFO - Processing /home/airflow/.local/lib/python3.12/site-packages/airflow/example_dags/example_trigger_target_dag.py took 0.080 seconds
[2026-05-09T19:46:31.901+0000] {processor.py:161} INFO - Started process (PID=6362) to work on /home/airflow/.local/lib/python3.12/site-packages/airflow/example_dags/example_trigger_target_dag.py
[2026-05-09T19:46:31.902+0000] {processor.py:830} INFO - Processing file /home/airflow/.local/lib/python3.12/site-packages/airflow/example_dags/example_trigger_target_dag.py for tasks to queue
[2026-05-09T19:46:31.904+0000] {logging_mixin.py:188} INFO - [2026-05-09T19:46:31.904+0000] {dagbag.py:545} INFO - Filling up the DagBag from /home/airflow/.local/lib/python3.12/site-packages/airflow/example_dags/example_trigger_target_dag.py
[2026-05-09T19:46:31.909+0000] {processor.py:840} INFO - DAG(s) 'example_trigger_target_dag' retrieved from /home/airflow/.local/lib/python3.12/site-packages/airflow/example_dags/example_trigger_target_dag.py
[2026-05-09T19:46:31.933+0000] {logging_mixin.py:188} INFO - [2026-05-09T19:46:31.933+0000] {dag.py:3096} INFO - Sync 1 DAGs
[2026-05-09T19:46:31.945+0000] {logging_mixin.py:188} INFO - [2026-05-09T19:46:31.945+0000] {dag.py:3954} INFO - Setting next_dagrun for example_trigger_target_dag to None, run_after=None
[2026-05-09T19:46:31.969+0000] {processor.py:183} INFO - Processing /home/airflow/.local/lib/python3.12/site-packages/airflow/example_dags/example_trigger_target_dag.py took 0.074 seconds
[2026-05-09T19:47:02.386+0000] {processor.py:161} INFO - Started process (PID=6421) to work on /home/airflow/.local/lib/python3.12/site-packages/airflow/example_dags/example_trigger_target_dag.py
[2026-05-09T19:47:02.387+0000] {processor.py:830} INFO - Processing file /home/airflow/.local/lib/python3.12/site-packages/airflow/example_dags/example_trigger_target_dag.py for tasks to queue
[2026-05-09T19:47:02.388+0000] {logging_mixin.py:188} INFO - [2026-05-09T19:47:02.388+0000] {dagbag.py:545} INFO - Filling up the DagBag from /home/airflow/.local/lib/python3.12/site-packages/airflow/example_dags/example_trigger_target_dag.py
[2026-05-09T19:47:02.394+0000] {processor.py:840} INFO - DAG(s) 'example_trigger_target_dag' retrieved from /home/airflow/.local/lib/python3.12/site-packages/airflow/example_dags/example_trigger_target_dag.py
[2026-05-09T19:47:02.416+0000] {logging_mixin.py:188} INFO - [2026-05-09T19:47:02.416+0000] {dag.py:3096} INFO - Sync 1 DAGs
[2026-05-09T19:47:02.431+0000] {logging_mixin.py:188} INFO - [2026-05-09T19:47:02.430+0000] {dag.py:3954} INFO - Setting next_dagrun for example_trigger_target_dag to None, run_after=None
[2026-05-09T19:47:02.455+0000] {processor.py:183} INFO - Processing /home/airflow/.local/lib/python3.12/site-packages/airflow/example_dags/example_trigger_target_dag.py took 0.074 seconds
[2026-05-09T19:47:32.964+0000] {processor.py:161} INFO - Started process (PID=6480) to work on /home/airflow/.local/lib/python3.12/site-packages/airflow/example_dags/example_trigger_target_dag.py
[2026-05-09T19:47:32.965+0000] {processor.py:830} INFO - Processing file /home/airflow/.local/lib/python3.12/site-packages/airflow/example_dags/example_trigger_target_dag.py for tasks to queue
[2026-05-09T19:47:32.967+0000] {logging_mixin.py:188} INFO - [2026-05-09T19:47:32.967+0000] {dagbag.py:545} INFO - Filling up the DagBag from /home/airflow/.local/lib/python3.12/site-packages/airflow/example_dags/example_trigger_target_dag.py
[2026-05-09T19:47:32.972+0000] {processor.py:840} INFO - DAG(s) 'example_trigger_target_dag' retrieved from /home/airflow/.local/lib/python3.12/site-packages/airflow/example_dags/example_trigger_target_dag.py
[2026-05-09T19:47:32.993+0000] {logging_mixin.py:188} INFO - [2026-05-09T19:47:32.993+0000] {dag.py:3096} INFO - Sync 1 DAGs
[2026-05-09T19:47:33.005+0000] {logging_mixin.py:188} INFO - [2026-05-09T19:47:33.005+0000] {dag.py:3954} INFO - Setting next_dagrun for example_trigger_target_dag to None, run_after=None
[2026-05-09T19:47:33.028+0000] {processor.py:183} INFO - Processing /home/airflow/.local/lib/python3.12/site-packages/airflow/example_dags/example_trigger_target_dag.py took 0.069 seconds
[2026-05-09T19:48:03.422+0000] {processor.py:161} INFO - Started process (PID=6539) to work on /home/airflow/.local/lib/python3.12/site-packages/airflow/example_dags/example_trigger_target_dag.py
[2026-05-09T19:48:03.423+0000] {processor.py:830} INFO - Processing file /home/airflow/.local/lib/python3.12/site-packages/airflow/example_dags/example_trigger_target_dag.py for tasks to queue
[2026-05-09T19:48:03.426+0000] {logging_mixin.py:188} INFO - [2026-05-09T19:48:03.425+0000] {dagbag.py:545} INFO - Filling up the DagBag from /home/airflow/.local/lib/python3.12/site-packages/airflow/example_dags/example_trigger_target_dag.py
[2026-05-09T19:48:03.430+0000] {processor.py:840} INFO - DAG(s) 'example_trigger_target_dag' retrieved from /home/airflow/.local/lib/python3.12/site-packages/airflow/example_dags/example_trigger_target_dag.py
[2026-05-09T19:48:03.450+0000] {logging_mixin.py:188} INFO - [2026-05-09T19:48:03.450+0000] {dag.py:3096} INFO - Sync 1 DAGs
[2026-05-09T19:48:03.463+0000] {logging_mixin.py:188} INFO - [2026-05-09T19:48:03.462+0000] {dag.py:3954} INFO - Setting next_dagrun for example_trigger_target_dag to None, run_after=None
[2026-05-09T19:48:03.484+0000] {processor.py:183} INFO - Processing /home/airflow/.local/lib/python3.12/site-packages/airflow/example_dags/example_trigger_target_dag.py took 0.066 seconds
[2026-05-09T19:48:33.930+0000] {processor.py:161} INFO - Started process (PID=6598) to work on /home/airflow/.local/lib/python3.12/site-packages/airflow/example_dags/example_trigger_target_dag.py
[2026-05-09T19:48:33.932+0000] {processor.py:830} INFO - Processing file /home/airflow/.local/lib/python3.12/site-packages/airflow/example_dags/example_trigger_target_dag.py for tasks to queue
[2026-05-09T19:48:33.934+0000] {logging_mixin.py:188} INFO - [2026-05-09T19:48:33.933+0000] {dagbag.py:545} INFO - Filling up the DagBag from /home/airflow/.local/lib/python3.12/site-packages/airflow/example_dags/example_trigger_target_dag.py
[2026-05-09T19:48:33.939+0000] {processor.py:840} INFO - DAG(s) 'example_trigger_target_dag' retrieved from /home/airflow/.local/lib/python3.12/site-packages/airflow/example_dags/example_trigger_target_dag.py
[2026-05-09T19:48:33.959+0000] {logging_mixin.py:188} INFO - [2026-05-09T19:48:33.959+0000] {dag.py:3096} INFO - Sync 1 DAGs
[2026-05-09T19:48:33.972+0000] {logging_mixin.py:188} INFO - [2026-05-09T19:48:33.972+0000] {dag.py:3954} INFO - Setting next_dagrun for example_trigger_target_dag to None, run_after=None
[2026-05-09T19:48:33.998+0000] {processor.py:183} INFO - Processing /home/airflow/.local/lib/python3.12/site-packages/airflow/example_dags/example_trigger_target_dag.py took 0.073 seconds
[2026-05-09T19:49:04.665+0000] {processor.py:161} INFO - Started process (PID=6658) to work on /home/airflow/.local/lib/python3.12/site-packages/airflow/example_dags/example_trigger_target_dag.py
[2026-05-09T19:49:04.666+0000] {processor.py:830} INFO - Processing file /home/airflow/.local/lib/python3.12/site-packages/airflow/example_dags/example_trigger_target_dag.py for tasks to queue
[2026-05-09T19:49:04.669+0000] {logging_mixin.py:188} INFO - [2026-05-09T19:49:04.669+0000] {dagbag.py:545} INFO - Filling up the DagBag from /home/airflow/.local/lib/python3.12/site-packages/airflow/example_dags/example_trigger_target_dag.py
[2026-05-09T19:49:04.677+0000] {processor.py:840} INFO - DAG(s) 'example_trigger_target_dag' retrieved from /home/airflow/.local/lib/python3.12/site-packages/airflow/example_dags/example_trigger_target_dag.py
[2026-05-09T19:49:04.708+0000] {logging_mixin.py:188} INFO - [2026-05-09T19:49:04.708+0000] {dag.py:3096} INFO - Sync 1 DAGs
[2026-05-09T19:49:04.727+0000] {logging_mixin.py:188} INFO - [2026-05-09T19:49:04.726+0000] {dag.py:3954} INFO - Setting next_dagrun for example_trigger_target_dag to None, run_after=None
[2026-05-09T19:49:04.758+0000] {processor.py:183} INFO - Processing /home/airflow/.local/lib/python3.12/site-packages/airflow/example_dags/example_trigger_target_dag.py took 0.102 seconds
[2026-05-09T19:49:34.965+0000] {processor.py:161} INFO - Started process (PID=6717) to work on /home/airflow/.local/lib/python3.12/site-packages/airflow/example_dags/example_trigger_target_dag.py
[2026-05-09T19:49:34.966+0000] {processor.py:830} INFO - Processing file /home/airflow/.local/lib/python3.12/site-packages/airflow/example_dags/example_trigger_target_dag.py for tasks to queue
[2026-05-09T19:49:34.968+0000] {logging_mixin.py:188} INFO - [2026-05-09T19:49:34.968+0000] {dagbag.py:545} INFO - Filling up the DagBag from /home/airflow/.local/lib/python3.12/site-packages/airflow/example_dags/example_trigger_target_dag.py
[2026-05-09T19:49:34.974+0000] {processor.py:840} INFO - DAG(s) 'example_trigger_target_dag' retrieved from /home/airflow/.local/lib/python3.12/site-packages/airflow/example_dags/example_trigger_target_dag.py
[2026-05-09T19:49:34.998+0000] {logging_mixin.py:188} INFO - [2026-05-09T19:49:34.997+0000] {dag.py:3096} INFO - Sync 1 DAGs
[2026-05-09T19:49:35.015+0000] {logging_mixin.py:188} INFO - [2026-05-09T19:49:35.014+0000] {dag.py:3954} INFO - Setting next_dagrun for example_trigger_target_dag to None, run_after=None
[2026-05-09T19:49:35.045+0000] {processor.py:183} INFO - Processing /home/airflow/.local/lib/python3.12/site-packages/airflow/example_dags/example_trigger_target_dag.py took 0.085 seconds
[2026-05-09T19:50:05.920+0000] {processor.py:161} INFO - Started process (PID=6777) to work on /home/airflow/.local/lib/python3.12/site-packages/airflow/example_dags/example_trigger_target_dag.py
[2026-05-09T19:50:05.921+0000] {processor.py:830} INFO - Processing file /home/airflow/.local/lib/python3.12/site-packages/airflow/example_dags/example_trigger_target_dag.py for tasks to queue
[2026-05-09T19:50:05.923+0000] {logging_mixin.py:188} INFO - [2026-05-09T19:50:05.923+0000] {dagbag.py:545} INFO - Filling up the DagBag from /home/airflow/.local/lib/python3.12/site-packages/airflow/example_dags/example_trigger_target_dag.py
[2026-05-09T19:50:05.930+0000] {processor.py:840} INFO - DAG(s) 'example_trigger_target_dag' retrieved from /home/airflow/.local/lib/python3.12/site-packages/airflow/example_dags/example_trigger_target_dag.py
[2026-05-09T19:50:05.974+0000] {logging_mixin.py:188} INFO - [2026-05-09T19:50:05.973+0000] {dag.py:3096} INFO - Sync 1 DAGs
[2026-05-09T19:50:05.992+0000] {logging_mixin.py:188} INFO - [2026-05-09T19:50:05.992+0000] {dag.py:3954} INFO - Setting next_dagrun for example_trigger_target_dag to None, run_after=None
[2026-05-09T19:50:06.032+0000] {processor.py:183} INFO - Processing /home/airflow/.local/lib/python3.12/site-packages/airflow/example_dags/example_trigger_target_dag.py took 0.118 seconds
[2026-05-09T19:50:36.432+0000] {processor.py:161} INFO - Started process (PID=6836) to work on /home/airflow/.local/lib/python3.12/site-packages/airflow/example_dags/example_trigger_target_dag.py
[2026-05-09T19:50:36.434+0000] {processor.py:830} INFO - Processing file /home/airflow/.local/lib/python3.12/site-packages/airflow/example_dags/example_trigger_target_dag.py for tasks to queue
[2026-05-09T19:50:36.437+0000] {logging_mixin.py:188} INFO - [2026-05-09T19:50:36.437+0000] {dagbag.py:545} INFO - Filling up the DagBag from /home/airflow/.local/lib/python3.12/site-packages/airflow/example_dags/example_trigger_target_dag.py
[2026-05-09T19:50:36.444+0000] {processor.py:840} INFO - DAG(s) 'example_trigger_target_dag' retrieved from /home/airflow/.local/lib/python3.12/site-packages/airflow/example_dags/example_trigger_target_dag.py
[2026-05-09T19:50:36.475+0000] {logging_mixin.py:188} INFO - [2026-05-09T19:50:36.475+0000] {dag.py:3096} INFO - Sync 1 DAGs
[2026-05-09T19:50:36.491+0000] {logging_mixin.py:188} INFO - [2026-05-09T19:50:36.490+0000] {dag.py:3954} INFO - Setting next_dagrun for example_trigger_target_dag to None, run_after=None
[2026-05-09T19:50:36.525+0000] {processor.py:183} INFO - Processing /home/airflow/.local/lib/python3.12/site-packages/airflow/example_dags/example_trigger_target_dag.py took 0.100 seconds
[2026-05-09T19:51:06.947+0000] {processor.py:161} INFO - Started process (PID=6895) to work on /home/airflow/.local/lib/python3.12/site-packages/airflow/example_dags/example_trigger_target_dag.py
[2026-05-09T19:51:06.948+0000] {processor.py:830} INFO - Processing file /home/airflow/.local/lib/python3.12/site-packages/airflow/example_dags/example_trigger_target_dag.py for tasks to queue
[2026-05-09T19:51:06.951+0000] {logging_mixin.py:188} INFO - [2026-05-09T19:51:06.951+0000] {dagbag.py:545} INFO - Filling up the DagBag from /home/airflow/.local/lib/python3.12/site-packages/airflow/example_dags/example_trigger_target_dag.py
[2026-05-09T19:51:06.959+0000] {processor.py:840} INFO - DAG(s) 'example_trigger_target_dag' retrieved from /home/airflow/.local/lib/python3.12/site-packages/airflow/example_dags/example_trigger_target_dag.py
[2026-05-09T19:51:06.988+0000] {logging_mixin.py:188} INFO - [2026-05-09T19:51:06.987+0000] {dag.py:3096} INFO - Sync 1 DAGs
[2026-05-09T19:51:07.007+0000] {logging_mixin.py:188} INFO - [2026-05-09T19:51:07.006+0000] {dag.py:3954} INFO - Setting next_dagrun for example_trigger_target_dag to None, run_after=None
[2026-05-09T19:51:07.040+0000] {processor.py:183} INFO - Processing /home/airflow/.local/lib/python3.12/site-packages/airflow/example_dags/example_trigger_target_dag.py took 0.098 seconds
[2026-05-09T19:51:37.133+0000] {processor.py:161} INFO - Started process (PID=6954) to work on /home/airflow/.local/lib/python3.12/site-packages/airflow/example_dags/example_trigger_target_dag.py
[2026-05-09T19:51:37.134+0000] {processor.py:830} INFO - Processing file /home/airflow/.local/lib/python3.12/site-packages/airflow/example_dags/example_trigger_target_dag.py for tasks to queue
[2026-05-09T19:51:37.136+0000] {logging_mixin.py:188} INFO - [2026-05-09T19:51:37.136+0000] {dagbag.py:545} INFO - Filling up the DagBag from /home/airflow/.local/lib/python3.12/site-packages/airflow/example_dags/example_trigger_target_dag.py
[2026-05-09T19:51:37.141+0000] {processor.py:840} INFO - DAG(s) 'example_trigger_target_dag' retrieved from /home/airflow/.local/lib/python3.12/site-packages/airflow/example_dags/example_trigger_target_dag.py
[2026-05-09T19:51:37.161+0000] {logging_mixin.py:188} INFO - [2026-05-09T19:51:37.160+0000] {dag.py:3096} INFO - Sync 1 DAGs
[2026-05-09T19:51:37.172+0000] {logging_mixin.py:188} INFO - [2026-05-09T19:51:37.172+0000] {dag.py:3954} INFO - Setting next_dagrun for example_trigger_target_dag to None, run_after=None
[2026-05-09T19:51:37.195+0000] {processor.py:183} INFO - Processing /home/airflow/.local/lib/python3.12/site-packages/airflow/example_dags/example_trigger_target_dag.py took 0.067 seconds
[2026-05-09T19:52:07.377+0000] {processor.py:161} INFO - Started process (PID=7013) to work on /home/airflow/.local/lib/python3.12/site-packages/airflow/example_dags/example_trigger_target_dag.py
[2026-05-09T19:52:07.378+0000] {processor.py:830} INFO - Processing file /home/airflow/.local/lib/python3.12/site-packages/airflow/example_dags/example_trigger_target_dag.py for tasks to queue
[2026-05-09T19:52:07.380+0000] {logging_mixin.py:188} INFO - [2026-05-09T19:52:07.380+0000] {dagbag.py:545} INFO - Filling up the DagBag from /home/airflow/.local/lib/python3.12/site-packages/airflow/example_dags/example_trigger_target_dag.py
[2026-05-09T19:52:07.386+0000] {processor.py:840} INFO - DAG(s) 'example_trigger_target_dag' retrieved from /home/airflow/.local/lib/python3.12/site-packages/airflow/example_dags/example_trigger_target_dag.py
[2026-05-09T19:52:07.407+0000] {logging_mixin.py:188} INFO - [2026-05-09T19:52:07.407+0000] {dag.py:3096} INFO - Sync 1 DAGs
[2026-05-09T19:52:07.420+0000] {logging_mixin.py:188} INFO - [2026-05-09T19:52:07.420+0000] {dag.py:3954} INFO - Setting next_dagrun for example_trigger_target_dag to None, run_after=None
[2026-05-09T19:52:07.444+0000] {processor.py:183} INFO - Processing /home/airflow/.local/lib/python3.12/site-packages/airflow/example_dags/example_trigger_target_dag.py took 0.073 seconds
[2026-05-09T19:52:37.774+0000] {processor.py:161} INFO - Started process (PID=7072) to work on /home/airflow/.local/lib/python3.12/site-packages/airflow/example_dags/example_trigger_target_dag.py
[2026-05-09T19:52:37.776+0000] {processor.py:830} INFO - Processing file /home/airflow/.local/lib/python3.12/site-packages/airflow/example_dags/example_trigger_target_dag.py for tasks to queue
[2026-05-09T19:52:37.778+0000] {logging_mixin.py:188} INFO - [2026-05-09T19:52:37.777+0000] {dagbag.py:545} INFO - Filling up the DagBag from /home/airflow/.local/lib/python3.12/site-packages/airflow/example_dags/example_trigger_target_dag.py
[2026-05-09T19:52:37.783+0000] {processor.py:840} INFO - DAG(s) 'example_trigger_target_dag' retrieved from /home/airflow/.local/lib/python3.12/site-packages/airflow/example_dags/example_trigger_target_dag.py
[2026-05-09T19:52:37.804+0000] {logging_mixin.py:188} INFO - [2026-05-09T19:52:37.804+0000] {dag.py:3096} INFO - Sync 1 DAGs
[2026-05-09T19:52:37.818+0000] {logging_mixin.py:188} INFO - [2026-05-09T19:52:37.818+0000] {dag.py:3954} INFO - Setting next_dagrun for example_trigger_target_dag to None, run_after=None
[2026-05-09T19:52:37.842+0000] {processor.py:183} INFO - Processing /home/airflow/.local/lib/python3.12/site-packages/airflow/example_dags/example_trigger_target_dag.py took 0.073 seconds
[2026-05-09T19:53:08.539+0000] {processor.py:161} INFO - Started process (PID=7131) to work on /home/airflow/.local/lib/python3.12/site-packages/airflow/example_dags/example_trigger_target_dag.py
[2026-05-09T19:53:08.541+0000] {processor.py:830} INFO - Processing file /home/airflow/.local/lib/python3.12/site-packages/airflow/example_dags/example_trigger_target_dag.py for tasks to queue
[2026-05-09T19:53:08.543+0000] {logging_mixin.py:188} INFO - [2026-05-09T19:53:08.543+0000] {dagbag.py:545} INFO - Filling up the DagBag from /home/airflow/.local/lib/python3.12/site-packages/airflow/example_dags/example_trigger_target_dag.py
[2026-05-09T19:53:08.548+0000] {processor.py:840} INFO - DAG(s) 'example_trigger_target_dag' retrieved from /home/airflow/.local/lib/python3.12/site-packages/airflow/example_dags/example_trigger_target_dag.py
[2026-05-09T19:53:08.571+0000] {logging_mixin.py:188} INFO - [2026-05-09T19:53:08.571+0000] {dag.py:3096} INFO - Sync 1 DAGs
[2026-05-09T19:53:08.584+0000] {logging_mixin.py:188} INFO - [2026-05-09T19:53:08.583+0000] {dag.py:3954} INFO - Setting next_dagrun for example_trigger_target_dag to None, run_after=None
[2026-05-09T19:53:08.607+0000] {processor.py:183} INFO - Processing /home/airflow/.local/lib/python3.12/site-packages/airflow/example_dags/example_trigger_target_dag.py took 0.074 seconds
[2026-05-09T19:53:39.542+0000] {processor.py:161} INFO - Started process (PID=7190) to work on /home/airflow/.local/lib/python3.12/site-packages/airflow/example_dags/example_trigger_target_dag.py
[2026-05-09T19:53:39.543+0000] {processor.py:830} INFO - Processing file /home/airflow/.local/lib/python3.12/site-packages/airflow/example_dags/example_trigger_target_dag.py for tasks to queue
[2026-05-09T19:53:39.545+0000] {logging_mixin.py:188} INFO - [2026-05-09T19:53:39.545+0000] {dagbag.py:545} INFO - Filling up the DagBag from /home/airflow/.local/lib/python3.12/site-packages/airflow/example_dags/example_trigger_target_dag.py
[2026-05-09T19:53:39.551+0000] {processor.py:840} INFO - DAG(s) 'example_trigger_target_dag' retrieved from /home/airflow/.local/lib/python3.12/site-packages/airflow/example_dags/example_trigger_target_dag.py
[2026-05-09T19:53:39.571+0000] {logging_mixin.py:188} INFO - [2026-05-09T19:53:39.571+0000] {dag.py:3096} INFO - Sync 1 DAGs
[2026-05-09T19:53:39.585+0000] {logging_mixin.py:188} INFO - [2026-05-09T19:53:39.585+0000] {dag.py:3954} INFO - Setting next_dagrun for example_trigger_target_dag to None, run_after=None
[2026-05-09T19:53:39.610+0000] {processor.py:183} INFO - Processing /home/airflow/.local/lib/python3.12/site-packages/airflow/example_dags/example_trigger_target_dag.py took 0.073 seconds
[2026-05-09T19:54:09.879+0000] {processor.py:161} INFO - Started process (PID=7249) to work on /home/airflow/.local/lib/python3.12/site-packages/airflow/example_dags/example_trigger_target_dag.py
[2026-05-09T19:54:09.880+0000] {processor.py:830} INFO - Processing file /home/airflow/.local/lib/python3.12/site-packages/airflow/example_dags/example_trigger_target_dag.py for tasks to queue
[2026-05-09T19:54:09.882+0000] {logging_mixin.py:188} INFO - [2026-05-09T19:54:09.881+0000] {dagbag.py:545} INFO - Filling up the DagBag from /home/airflow/.local/lib/python3.12/site-packages/airflow/example_dags/example_trigger_target_dag.py
[2026-05-09T19:54:09.888+0000] {processor.py:840} INFO - DAG(s) 'example_trigger_target_dag' retrieved from /home/airflow/.local/lib/python3.12/site-packages/airflow/example_dags/example_trigger_target_dag.py
[2026-05-09T19:54:09.909+0000] {logging_mixin.py:188} INFO - [2026-05-09T19:54:09.908+0000] {dag.py:3096} INFO - Sync 1 DAGs
[2026-05-09T19:54:09.920+0000] {logging_mixin.py:188} INFO - [2026-05-09T19:54:09.920+0000] {dag.py:3954} INFO - Setting next_dagrun for example_trigger_target_dag to None, run_after=None
[2026-05-09T19:54:09.942+0000] {processor.py:183} INFO - Processing /home/airflow/.local/lib/python3.12/site-packages/airflow/example_dags/example_trigger_target_dag.py took 0.069 seconds
