[2026-05-09T18:42:14.544+0000] {processor.py:161} INFO - Started process (PID=66) to work on /home/airflow/.local/lib/python3.12/site-packages/airflow/example_dags/example_task_group_decorator.py
[2026-05-09T18:42:14.545+0000] {processor.py:830} INFO - Processing file /home/airflow/.local/lib/python3.12/site-packages/airflow/example_dags/example_task_group_decorator.py for tasks to queue
[2026-05-09T18:42:14.548+0000] {logging_mixin.py:188} INFO - [2026-05-09T18:42:14.548+0000] {dagbag.py:545} INFO - Filling up the DagBag from /home/airflow/.local/lib/python3.12/site-packages/airflow/example_dags/example_task_group_decorator.py
[2026-05-09T18:42:14.579+0000] {processor.py:840} INFO - DAG(s) 'example_task_group_decorator' retrieved from /home/airflow/.local/lib/python3.12/site-packages/airflow/example_dags/example_task_group_decorator.py
[2026-05-09T18:42:14.709+0000] {logging_mixin.py:188} INFO - [2026-05-09T18:42:14.708+0000] {dag.py:3096} INFO - Sync 1 DAGs
[2026-05-09T18:42:14.728+0000] {logging_mixin.py:188} INFO - [2026-05-09T18:42:14.728+0000] {dag.py:3954} INFO - Setting next_dagrun for example_task_group_decorator to 2026-05-08 00:00:00+00:00, run_after=2026-05-09 00:00:00+00:00
[2026-05-09T18:42:14.763+0000] {processor.py:183} INFO - Processing /home/airflow/.local/lib/python3.12/site-packages/airflow/example_dags/example_task_group_decorator.py took 0.232 seconds
[2026-05-09T18:42:45.594+0000] {processor.py:161} INFO - Started process (PID=124) to work on /home/airflow/.local/lib/python3.12/site-packages/airflow/example_dags/example_task_group_decorator.py
[2026-05-09T18:42:45.595+0000] {processor.py:830} INFO - Processing file /home/airflow/.local/lib/python3.12/site-packages/airflow/example_dags/example_task_group_decorator.py for tasks to queue
[2026-05-09T18:42:45.598+0000] {logging_mixin.py:188} INFO - [2026-05-09T18:42:45.598+0000] {dagbag.py:545} INFO - Filling up the DagBag from /home/airflow/.local/lib/python3.12/site-packages/airflow/example_dags/example_task_group_decorator.py
[2026-05-09T18:42:45.615+0000] {processor.py:840} INFO - DAG(s) 'example_task_group_decorator' retrieved from /home/airflow/.local/lib/python3.12/site-packages/airflow/example_dags/example_task_group_decorator.py
[2026-05-09T18:42:45.651+0000] {logging_mixin.py:188} INFO - [2026-05-09T18:42:45.650+0000] {dag.py:3096} INFO - Sync 1 DAGs
[2026-05-09T18:42:45.681+0000] {logging_mixin.py:188} INFO - [2026-05-09T18:42:45.681+0000] {dag.py:3954} INFO - Setting next_dagrun for example_task_group_decorator to 2026-05-08 00:00:00+00:00, run_after=2026-05-09 00:00:00+00:00
[2026-05-09T18:42:45.716+0000] {processor.py:183} INFO - Processing /home/airflow/.local/lib/python3.12/site-packages/airflow/example_dags/example_task_group_decorator.py took 0.129 seconds
[2026-05-09T18:43:19.943+0000] {processor.py:161} INFO - Started process (PID=188) to work on /home/airflow/.local/lib/python3.12/site-packages/airflow/example_dags/example_task_group_decorator.py
[2026-05-09T18:43:19.950+0000] {processor.py:830} INFO - Processing file /home/airflow/.local/lib/python3.12/site-packages/airflow/example_dags/example_task_group_decorator.py for tasks to queue
[2026-05-09T18:43:19.959+0000] {logging_mixin.py:188} INFO - [2026-05-09T18:43:19.957+0000] {dagbag.py:545} INFO - Filling up the DagBag from /home/airflow/.local/lib/python3.12/site-packages/airflow/example_dags/example_task_group_decorator.py
[2026-05-09T18:43:20.007+0000] {processor.py:840} INFO - DAG(s) 'example_task_group_decorator' retrieved from /home/airflow/.local/lib/python3.12/site-packages/airflow/example_dags/example_task_group_decorator.py
[2026-05-09T18:43:20.110+0000] {logging_mixin.py:188} INFO - [2026-05-09T18:43:20.109+0000] {dag.py:3096} INFO - Sync 1 DAGs
[2026-05-09T18:43:20.196+0000] {logging_mixin.py:188} INFO - [2026-05-09T18:43:20.195+0000] {dag.py:3954} INFO - Setting next_dagrun for example_task_group_decorator to 2026-05-08 00:00:00+00:00, run_after=2026-05-09 00:00:00+00:00
[2026-05-09T18:43:20.253+0000] {processor.py:183} INFO - Processing /home/airflow/.local/lib/python3.12/site-packages/airflow/example_dags/example_task_group_decorator.py took 0.358 seconds
[2026-05-09T18:43:50.390+0000] {processor.py:161} INFO - Started process (PID=246) to work on /home/airflow/.local/lib/python3.12/site-packages/airflow/example_dags/example_task_group_decorator.py
[2026-05-09T18:43:50.498+0000] {processor.py:830} INFO - Processing file /home/airflow/.local/lib/python3.12/site-packages/airflow/example_dags/example_task_group_decorator.py for tasks to queue
[2026-05-09T18:43:50.501+0000] {logging_mixin.py:188} INFO - [2026-05-09T18:43:50.500+0000] {dagbag.py:545} INFO - Filling up the DagBag from /home/airflow/.local/lib/python3.12/site-packages/airflow/example_dags/example_task_group_decorator.py
[2026-05-09T18:43:50.518+0000] {processor.py:840} INFO - DAG(s) 'example_task_group_decorator' retrieved from /home/airflow/.local/lib/python3.12/site-packages/airflow/example_dags/example_task_group_decorator.py
[2026-05-09T18:43:50.549+0000] {logging_mixin.py:188} INFO - [2026-05-09T18:43:50.549+0000] {dag.py:3096} INFO - Sync 1 DAGs
[2026-05-09T18:43:50.571+0000] {logging_mixin.py:188} INFO - [2026-05-09T18:43:50.571+0000] {dag.py:3954} INFO - Setting next_dagrun for example_task_group_decorator to 2026-05-08 00:00:00+00:00, run_after=2026-05-09 00:00:00+00:00
[2026-05-09T18:43:50.972+0000] {processor.py:183} INFO - Processing /home/airflow/.local/lib/python3.12/site-packages/airflow/example_dags/example_task_group_decorator.py took 0.682 seconds
[2026-05-09T18:44:21.415+0000] {processor.py:161} INFO - Started process (PID=304) to work on /home/airflow/.local/lib/python3.12/site-packages/airflow/example_dags/example_task_group_decorator.py
[2026-05-09T18:44:21.416+0000] {processor.py:830} INFO - Processing file /home/airflow/.local/lib/python3.12/site-packages/airflow/example_dags/example_task_group_decorator.py for tasks to queue
[2026-05-09T18:44:21.418+0000] {logging_mixin.py:188} INFO - [2026-05-09T18:44:21.418+0000] {dagbag.py:545} INFO - Filling up the DagBag from /home/airflow/.local/lib/python3.12/site-packages/airflow/example_dags/example_task_group_decorator.py
[2026-05-09T18:44:21.431+0000] {processor.py:840} INFO - DAG(s) 'example_task_group_decorator' retrieved from /home/airflow/.local/lib/python3.12/site-packages/airflow/example_dags/example_task_group_decorator.py
[2026-05-09T18:44:21.458+0000] {logging_mixin.py:188} INFO - [2026-05-09T18:44:21.457+0000] {dag.py:3096} INFO - Sync 1 DAGs
[2026-05-09T18:44:21.482+0000] {logging_mixin.py:188} INFO - [2026-05-09T18:44:21.482+0000] {dag.py:3954} INFO - Setting next_dagrun for example_task_group_decorator to 2026-05-08 00:00:00+00:00, run_after=2026-05-09 00:00:00+00:00
[2026-05-09T18:44:21.507+0000] {processor.py:183} INFO - Processing /home/airflow/.local/lib/python3.12/site-packages/airflow/example_dags/example_task_group_decorator.py took 0.097 seconds
[2026-05-09T18:44:52.370+0000] {processor.py:161} INFO - Started process (PID=362) to work on /home/airflow/.local/lib/python3.12/site-packages/airflow/example_dags/example_task_group_decorator.py
[2026-05-09T18:44:52.371+0000] {processor.py:830} INFO - Processing file /home/airflow/.local/lib/python3.12/site-packages/airflow/example_dags/example_task_group_decorator.py for tasks to queue
[2026-05-09T18:44:52.374+0000] {logging_mixin.py:188} INFO - [2026-05-09T18:44:52.373+0000] {dagbag.py:545} INFO - Filling up the DagBag from /home/airflow/.local/lib/python3.12/site-packages/airflow/example_dags/example_task_group_decorator.py
[2026-05-09T18:44:52.391+0000] {processor.py:840} INFO - DAG(s) 'example_task_group_decorator' retrieved from /home/airflow/.local/lib/python3.12/site-packages/airflow/example_dags/example_task_group_decorator.py
[2026-05-09T18:44:52.460+0000] {logging_mixin.py:188} INFO - [2026-05-09T18:44:52.460+0000] {dag.py:3096} INFO - Sync 1 DAGs
[2026-05-09T18:44:52.488+0000] {logging_mixin.py:188} INFO - [2026-05-09T18:44:52.488+0000] {dag.py:3954} INFO - Setting next_dagrun for example_task_group_decorator to 2026-05-08 00:00:00+00:00, run_after=2026-05-09 00:00:00+00:00
[2026-05-09T18:44:52.518+0000] {processor.py:183} INFO - Processing /home/airflow/.local/lib/python3.12/site-packages/airflow/example_dags/example_task_group_decorator.py took 0.154 seconds
[2026-05-09T18:45:23.402+0000] {processor.py:161} INFO - Started process (PID=420) to work on /home/airflow/.local/lib/python3.12/site-packages/airflow/example_dags/example_task_group_decorator.py
[2026-05-09T18:45:23.403+0000] {processor.py:830} INFO - Processing file /home/airflow/.local/lib/python3.12/site-packages/airflow/example_dags/example_task_group_decorator.py for tasks to queue
[2026-05-09T18:45:23.407+0000] {logging_mixin.py:188} INFO - [2026-05-09T18:45:23.407+0000] {dagbag.py:545} INFO - Filling up the DagBag from /home/airflow/.local/lib/python3.12/site-packages/airflow/example_dags/example_task_group_decorator.py
[2026-05-09T18:45:23.426+0000] {processor.py:840} INFO - DAG(s) 'example_task_group_decorator' retrieved from /home/airflow/.local/lib/python3.12/site-packages/airflow/example_dags/example_task_group_decorator.py
[2026-05-09T18:45:23.461+0000] {logging_mixin.py:188} INFO - [2026-05-09T18:45:23.460+0000] {dag.py:3096} INFO - Sync 1 DAGs
[2026-05-09T18:45:23.494+0000] {logging_mixin.py:188} INFO - [2026-05-09T18:45:23.493+0000] {dag.py:3954} INFO - Setting next_dagrun for example_task_group_decorator to 2026-05-08 00:00:00+00:00, run_after=2026-05-09 00:00:00+00:00
[2026-05-09T18:45:23.530+0000] {processor.py:183} INFO - Processing /home/airflow/.local/lib/python3.12/site-packages/airflow/example_dags/example_task_group_decorator.py took 0.136 seconds
[2026-05-09T18:45:54.011+0000] {processor.py:161} INFO - Started process (PID=478) to work on /home/airflow/.local/lib/python3.12/site-packages/airflow/example_dags/example_task_group_decorator.py
[2026-05-09T18:45:54.013+0000] {processor.py:830} INFO - Processing file /home/airflow/.local/lib/python3.12/site-packages/airflow/example_dags/example_task_group_decorator.py for tasks to queue
[2026-05-09T18:45:54.015+0000] {logging_mixin.py:188} INFO - [2026-05-09T18:45:54.015+0000] {dagbag.py:545} INFO - Filling up the DagBag from /home/airflow/.local/lib/python3.12/site-packages/airflow/example_dags/example_task_group_decorator.py
[2026-05-09T18:45:54.029+0000] {processor.py:840} INFO - DAG(s) 'example_task_group_decorator' retrieved from /home/airflow/.local/lib/python3.12/site-packages/airflow/example_dags/example_task_group_decorator.py
[2026-05-09T18:45:54.056+0000] {logging_mixin.py:188} INFO - [2026-05-09T18:45:54.056+0000] {dag.py:3096} INFO - Sync 1 DAGs
[2026-05-09T18:45:54.079+0000] {logging_mixin.py:188} INFO - [2026-05-09T18:45:54.078+0000] {dag.py:3954} INFO - Setting next_dagrun for example_task_group_decorator to 2026-05-08 00:00:00+00:00, run_after=2026-05-09 00:00:00+00:00
[2026-05-09T18:45:54.110+0000] {processor.py:183} INFO - Processing /home/airflow/.local/lib/python3.12/site-packages/airflow/example_dags/example_task_group_decorator.py took 0.104 seconds
[2026-05-09T18:46:24.581+0000] {processor.py:161} INFO - Started process (PID=537) to work on /home/airflow/.local/lib/python3.12/site-packages/airflow/example_dags/example_task_group_decorator.py
[2026-05-09T18:46:24.582+0000] {processor.py:830} INFO - Processing file /home/airflow/.local/lib/python3.12/site-packages/airflow/example_dags/example_task_group_decorator.py for tasks to queue
[2026-05-09T18:46:24.584+0000] {logging_mixin.py:188} INFO - [2026-05-09T18:46:24.584+0000] {dagbag.py:545} INFO - Filling up the DagBag from /home/airflow/.local/lib/python3.12/site-packages/airflow/example_dags/example_task_group_decorator.py
[2026-05-09T18:46:24.600+0000] {processor.py:840} INFO - DAG(s) 'example_task_group_decorator' retrieved from /home/airflow/.local/lib/python3.12/site-packages/airflow/example_dags/example_task_group_decorator.py
[2026-05-09T18:46:24.628+0000] {logging_mixin.py:188} INFO - [2026-05-09T18:46:24.628+0000] {dag.py:3096} INFO - Sync 1 DAGs
[2026-05-09T18:46:24.651+0000] {logging_mixin.py:188} INFO - [2026-05-09T18:46:24.651+0000] {dag.py:3954} INFO - Setting next_dagrun for example_task_group_decorator to 2026-05-08 00:00:00+00:00, run_after=2026-05-09 00:00:00+00:00
[2026-05-09T18:46:24.677+0000] {processor.py:183} INFO - Processing /home/airflow/.local/lib/python3.12/site-packages/airflow/example_dags/example_task_group_decorator.py took 0.102 seconds
[2026-05-09T18:50:59.755+0000] {processor.py:161} INFO - Started process (PID=85) to work on /home/airflow/.local/lib/python3.12/site-packages/airflow/example_dags/example_task_group_decorator.py
[2026-05-09T18:50:59.756+0000] {processor.py:830} INFO - Processing file /home/airflow/.local/lib/python3.12/site-packages/airflow/example_dags/example_task_group_decorator.py for tasks to queue
[2026-05-09T18:50:59.759+0000] {logging_mixin.py:188} INFO - [2026-05-09T18:50:59.758+0000] {dagbag.py:545} INFO - Filling up the DagBag from /home/airflow/.local/lib/python3.12/site-packages/airflow/example_dags/example_task_group_decorator.py
[2026-05-09T18:50:59.786+0000] {processor.py:840} INFO - DAG(s) 'example_task_group_decorator' retrieved from /home/airflow/.local/lib/python3.12/site-packages/airflow/example_dags/example_task_group_decorator.py
[2026-05-09T18:50:59.988+0000] {logging_mixin.py:188} INFO - [2026-05-09T18:50:59.987+0000] {dag.py:3096} INFO - Sync 1 DAGs
[2026-05-09T18:51:00.020+0000] {logging_mixin.py:188} INFO - [2026-05-09T18:51:00.020+0000] {dag.py:3954} INFO - Setting next_dagrun for example_task_group_decorator to 2026-05-08 00:00:00+00:00, run_after=2026-05-09 00:00:00+00:00
[2026-05-09T18:51:00.084+0000] {processor.py:183} INFO - Processing /home/airflow/.local/lib/python3.12/site-packages/airflow/example_dags/example_task_group_decorator.py took 0.336 seconds
[2026-05-09T18:51:30.602+0000] {processor.py:161} INFO - Started process (PID=143) to work on /home/airflow/.local/lib/python3.12/site-packages/airflow/example_dags/example_task_group_decorator.py
[2026-05-09T18:51:30.603+0000] {processor.py:830} INFO - Processing file /home/airflow/.local/lib/python3.12/site-packages/airflow/example_dags/example_task_group_decorator.py for tasks to queue
[2026-05-09T18:51:30.838+0000] {logging_mixin.py:188} INFO - [2026-05-09T18:51:30.837+0000] {process_utils.py:263} INFO - Waiting up to 5 seconds for processes to exit...
[2026-05-09T18:51:51.043+0000] {processor.py:161} INFO - Started process (PID=54) to work on /home/airflow/.local/lib/python3.12/site-packages/airflow/example_dags/example_task_group_decorator.py
[2026-05-09T18:51:51.045+0000] {processor.py:830} INFO - Processing file /home/airflow/.local/lib/python3.12/site-packages/airflow/example_dags/example_task_group_decorator.py for tasks to queue
[2026-05-09T18:51:51.047+0000] {logging_mixin.py:188} INFO - [2026-05-09T18:51:51.046+0000] {dagbag.py:545} INFO - Filling up the DagBag from /home/airflow/.local/lib/python3.12/site-packages/airflow/example_dags/example_task_group_decorator.py
[2026-05-09T18:51:51.062+0000] {processor.py:840} INFO - DAG(s) 'example_task_group_decorator' retrieved from /home/airflow/.local/lib/python3.12/site-packages/airflow/example_dags/example_task_group_decorator.py
[2026-05-09T18:51:51.096+0000] {logging_mixin.py:188} INFO - [2026-05-09T18:51:51.095+0000] {dag.py:3096} INFO - Sync 1 DAGs
[2026-05-09T18:51:51.119+0000] {logging_mixin.py:188} INFO - [2026-05-09T18:51:51.119+0000] {dag.py:3954} INFO - Setting next_dagrun for example_task_group_decorator to 2026-05-08 00:00:00+00:00, run_after=2026-05-09 00:00:00+00:00
[2026-05-09T18:51:51.143+0000] {processor.py:183} INFO - Processing /home/airflow/.local/lib/python3.12/site-packages/airflow/example_dags/example_task_group_decorator.py took 0.105 seconds
[2026-05-09T18:52:21.599+0000] {processor.py:161} INFO - Started process (PID=112) to work on /home/airflow/.local/lib/python3.12/site-packages/airflow/example_dags/example_task_group_decorator.py
[2026-05-09T18:52:21.601+0000] {processor.py:830} INFO - Processing file /home/airflow/.local/lib/python3.12/site-packages/airflow/example_dags/example_task_group_decorator.py for tasks to queue
[2026-05-09T18:52:21.603+0000] {logging_mixin.py:188} INFO - [2026-05-09T18:52:21.602+0000] {dagbag.py:545} INFO - Filling up the DagBag from /home/airflow/.local/lib/python3.12/site-packages/airflow/example_dags/example_task_group_decorator.py
[2026-05-09T18:52:21.616+0000] {processor.py:840} INFO - DAG(s) 'example_task_group_decorator' retrieved from /home/airflow/.local/lib/python3.12/site-packages/airflow/example_dags/example_task_group_decorator.py
[2026-05-09T18:52:21.640+0000] {logging_mixin.py:188} INFO - [2026-05-09T18:52:21.640+0000] {dag.py:3096} INFO - Sync 1 DAGs
[2026-05-09T18:52:21.662+0000] {logging_mixin.py:188} INFO - [2026-05-09T18:52:21.662+0000] {dag.py:3954} INFO - Setting next_dagrun for example_task_group_decorator to 2026-05-08 00:00:00+00:00, run_after=2026-05-09 00:00:00+00:00
[2026-05-09T18:52:21.687+0000] {processor.py:183} INFO - Processing /home/airflow/.local/lib/python3.12/site-packages/airflow/example_dags/example_task_group_decorator.py took 0.092 seconds
[2026-05-09T18:52:54.945+0000] {processor.py:161} INFO - Started process (PID=176) to work on /home/airflow/.local/lib/python3.12/site-packages/airflow/example_dags/example_task_group_decorator.py
[2026-05-09T18:52:54.946+0000] {processor.py:830} INFO - Processing file /home/airflow/.local/lib/python3.12/site-packages/airflow/example_dags/example_task_group_decorator.py for tasks to queue
[2026-05-09T18:52:54.948+0000] {logging_mixin.py:188} INFO - [2026-05-09T18:52:54.947+0000] {dagbag.py:545} INFO - Filling up the DagBag from /home/airflow/.local/lib/python3.12/site-packages/airflow/example_dags/example_task_group_decorator.py
[2026-05-09T18:52:54.965+0000] {processor.py:840} INFO - DAG(s) 'example_task_group_decorator' retrieved from /home/airflow/.local/lib/python3.12/site-packages/airflow/example_dags/example_task_group_decorator.py
[2026-05-09T18:52:54.992+0000] {logging_mixin.py:188} INFO - [2026-05-09T18:52:54.992+0000] {dag.py:3096} INFO - Sync 1 DAGs
[2026-05-09T18:52:55.016+0000] {logging_mixin.py:188} INFO - [2026-05-09T18:52:55.016+0000] {dag.py:3954} INFO - Setting next_dagrun for example_task_group_decorator to 2026-05-08 00:00:00+00:00, run_after=2026-05-09 00:00:00+00:00
[2026-05-09T18:52:55.750+0000] {processor.py:183} INFO - Processing /home/airflow/.local/lib/python3.12/site-packages/airflow/example_dags/example_task_group_decorator.py took 0.811 seconds
[2026-05-09T18:53:26.513+0000] {processor.py:161} INFO - Started process (PID=228) to work on /home/airflow/.local/lib/python3.12/site-packages/airflow/example_dags/example_task_group_decorator.py
[2026-05-09T18:53:26.514+0000] {processor.py:830} INFO - Processing file /home/airflow/.local/lib/python3.12/site-packages/airflow/example_dags/example_task_group_decorator.py for tasks to queue
[2026-05-09T18:53:26.516+0000] {logging_mixin.py:188} INFO - [2026-05-09T18:53:26.516+0000] {dagbag.py:545} INFO - Filling up the DagBag from /home/airflow/.local/lib/python3.12/site-packages/airflow/example_dags/example_task_group_decorator.py
[2026-05-09T18:53:26.528+0000] {processor.py:840} INFO - DAG(s) 'example_task_group_decorator' retrieved from /home/airflow/.local/lib/python3.12/site-packages/airflow/example_dags/example_task_group_decorator.py
[2026-05-09T18:53:26.553+0000] {logging_mixin.py:188} INFO - [2026-05-09T18:53:26.553+0000] {dag.py:3096} INFO - Sync 1 DAGs
[2026-05-09T18:53:26.575+0000] {logging_mixin.py:188} INFO - [2026-05-09T18:53:26.574+0000] {dag.py:3954} INFO - Setting next_dagrun for example_task_group_decorator to 2026-05-08 00:00:00+00:00, run_after=2026-05-09 00:00:00+00:00
[2026-05-09T18:53:26.599+0000] {processor.py:183} INFO - Processing /home/airflow/.local/lib/python3.12/site-packages/airflow/example_dags/example_task_group_decorator.py took 0.092 seconds
[2026-05-09T18:53:57.177+0000] {processor.py:161} INFO - Started process (PID=286) to work on /home/airflow/.local/lib/python3.12/site-packages/airflow/example_dags/example_task_group_decorator.py
[2026-05-09T18:53:57.179+0000] {processor.py:830} INFO - Processing file /home/airflow/.local/lib/python3.12/site-packages/airflow/example_dags/example_task_group_decorator.py for tasks to queue
[2026-05-09T18:53:57.181+0000] {logging_mixin.py:188} INFO - [2026-05-09T18:53:57.181+0000] {dagbag.py:545} INFO - Filling up the DagBag from /home/airflow/.local/lib/python3.12/site-packages/airflow/example_dags/example_task_group_decorator.py
[2026-05-09T18:53:57.197+0000] {processor.py:840} INFO - DAG(s) 'example_task_group_decorator' retrieved from /home/airflow/.local/lib/python3.12/site-packages/airflow/example_dags/example_task_group_decorator.py
[2026-05-09T18:53:57.395+0000] {logging_mixin.py:188} INFO - [2026-05-09T18:53:57.395+0000] {dag.py:3096} INFO - Sync 1 DAGs
[2026-05-09T18:53:57.422+0000] {logging_mixin.py:188} INFO - [2026-05-09T18:53:57.421+0000] {dag.py:3954} INFO - Setting next_dagrun for example_task_group_decorator to 2026-05-08 00:00:00+00:00, run_after=2026-05-09 00:00:00+00:00
[2026-05-09T18:53:57.635+0000] {processor.py:183} INFO - Processing /home/airflow/.local/lib/python3.12/site-packages/airflow/example_dags/example_task_group_decorator.py took 0.463 seconds
[2026-05-09T18:54:27.941+0000] {processor.py:161} INFO - Started process (PID=344) to work on /home/airflow/.local/lib/python3.12/site-packages/airflow/example_dags/example_task_group_decorator.py
[2026-05-09T18:54:27.942+0000] {processor.py:830} INFO - Processing file /home/airflow/.local/lib/python3.12/site-packages/airflow/example_dags/example_task_group_decorator.py for tasks to queue
[2026-05-09T18:54:27.945+0000] {logging_mixin.py:188} INFO - [2026-05-09T18:54:27.945+0000] {dagbag.py:545} INFO - Filling up the DagBag from /home/airflow/.local/lib/python3.12/site-packages/airflow/example_dags/example_task_group_decorator.py
[2026-05-09T18:54:27.957+0000] {processor.py:840} INFO - DAG(s) 'example_task_group_decorator' retrieved from /home/airflow/.local/lib/python3.12/site-packages/airflow/example_dags/example_task_group_decorator.py
[2026-05-09T18:54:27.981+0000] {logging_mixin.py:188} INFO - [2026-05-09T18:54:27.981+0000] {dag.py:3096} INFO - Sync 1 DAGs
[2026-05-09T18:54:28.002+0000] {logging_mixin.py:188} INFO - [2026-05-09T18:54:28.002+0000] {dag.py:3954} INFO - Setting next_dagrun for example_task_group_decorator to 2026-05-08 00:00:00+00:00, run_after=2026-05-09 00:00:00+00:00
[2026-05-09T18:54:28.023+0000] {processor.py:183} INFO - Processing /home/airflow/.local/lib/python3.12/site-packages/airflow/example_dags/example_task_group_decorator.py took 0.087 seconds
[2026-05-09T18:54:58.210+0000] {processor.py:161} INFO - Started process (PID=402) to work on /home/airflow/.local/lib/python3.12/site-packages/airflow/example_dags/example_task_group_decorator.py
[2026-05-09T18:54:58.212+0000] {processor.py:830} INFO - Processing file /home/airflow/.local/lib/python3.12/site-packages/airflow/example_dags/example_task_group_decorator.py for tasks to queue
[2026-05-09T18:54:58.213+0000] {logging_mixin.py:188} INFO - [2026-05-09T18:54:58.213+0000] {dagbag.py:545} INFO - Filling up the DagBag from /home/airflow/.local/lib/python3.12/site-packages/airflow/example_dags/example_task_group_decorator.py
[2026-05-09T18:54:58.227+0000] {processor.py:840} INFO - DAG(s) 'example_task_group_decorator' retrieved from /home/airflow/.local/lib/python3.12/site-packages/airflow/example_dags/example_task_group_decorator.py
[2026-05-09T18:54:58.253+0000] {logging_mixin.py:188} INFO - [2026-05-09T18:54:58.252+0000] {dag.py:3096} INFO - Sync 1 DAGs
[2026-05-09T18:54:58.276+0000] {logging_mixin.py:188} INFO - [2026-05-09T18:54:58.276+0000] {dag.py:3954} INFO - Setting next_dagrun for example_task_group_decorator to 2026-05-08 00:00:00+00:00, run_after=2026-05-09 00:00:00+00:00
[2026-05-09T18:54:58.304+0000] {processor.py:183} INFO - Processing /home/airflow/.local/lib/python3.12/site-packages/airflow/example_dags/example_task_group_decorator.py took 0.098 seconds
[2026-05-09T18:55:28.507+0000] {processor.py:161} INFO - Started process (PID=460) to work on /home/airflow/.local/lib/python3.12/site-packages/airflow/example_dags/example_task_group_decorator.py
[2026-05-09T18:55:28.508+0000] {processor.py:830} INFO - Processing file /home/airflow/.local/lib/python3.12/site-packages/airflow/example_dags/example_task_group_decorator.py for tasks to queue
[2026-05-09T18:55:28.510+0000] {logging_mixin.py:188} INFO - [2026-05-09T18:55:28.510+0000] {dagbag.py:545} INFO - Filling up the DagBag from /home/airflow/.local/lib/python3.12/site-packages/airflow/example_dags/example_task_group_decorator.py
[2026-05-09T18:55:28.522+0000] {processor.py:840} INFO - DAG(s) 'example_task_group_decorator' retrieved from /home/airflow/.local/lib/python3.12/site-packages/airflow/example_dags/example_task_group_decorator.py
[2026-05-09T18:55:28.547+0000] {logging_mixin.py:188} INFO - [2026-05-09T18:55:28.547+0000] {dag.py:3096} INFO - Sync 1 DAGs
[2026-05-09T18:55:28.569+0000] {logging_mixin.py:188} INFO - [2026-05-09T18:55:28.569+0000] {dag.py:3954} INFO - Setting next_dagrun for example_task_group_decorator to 2026-05-08 00:00:00+00:00, run_after=2026-05-09 00:00:00+00:00
[2026-05-09T18:55:28.594+0000] {processor.py:183} INFO - Processing /home/airflow/.local/lib/python3.12/site-packages/airflow/example_dags/example_task_group_decorator.py took 0.091 seconds
[2026-05-09T18:55:58.822+0000] {processor.py:161} INFO - Started process (PID=518) to work on /home/airflow/.local/lib/python3.12/site-packages/airflow/example_dags/example_task_group_decorator.py
[2026-05-09T18:55:58.824+0000] {processor.py:830} INFO - Processing file /home/airflow/.local/lib/python3.12/site-packages/airflow/example_dags/example_task_group_decorator.py for tasks to queue
[2026-05-09T18:55:58.826+0000] {logging_mixin.py:188} INFO - [2026-05-09T18:55:58.826+0000] {dagbag.py:545} INFO - Filling up the DagBag from /home/airflow/.local/lib/python3.12/site-packages/airflow/example_dags/example_task_group_decorator.py
[2026-05-09T18:55:58.838+0000] {processor.py:840} INFO - DAG(s) 'example_task_group_decorator' retrieved from /home/airflow/.local/lib/python3.12/site-packages/airflow/example_dags/example_task_group_decorator.py
[2026-05-09T18:55:58.864+0000] {logging_mixin.py:188} INFO - [2026-05-09T18:55:58.863+0000] {dag.py:3096} INFO - Sync 1 DAGs
[2026-05-09T18:55:58.887+0000] {logging_mixin.py:188} INFO - [2026-05-09T18:55:58.886+0000] {dag.py:3954} INFO - Setting next_dagrun for example_task_group_decorator to 2026-05-08 00:00:00+00:00, run_after=2026-05-09 00:00:00+00:00
[2026-05-09T18:55:58.912+0000] {processor.py:183} INFO - Processing /home/airflow/.local/lib/python3.12/site-packages/airflow/example_dags/example_task_group_decorator.py took 0.094 seconds
[2026-05-09T18:56:28.955+0000] {processor.py:161} INFO - Started process (PID=576) to work on /home/airflow/.local/lib/python3.12/site-packages/airflow/example_dags/example_task_group_decorator.py
[2026-05-09T18:56:28.956+0000] {processor.py:830} INFO - Processing file /home/airflow/.local/lib/python3.12/site-packages/airflow/example_dags/example_task_group_decorator.py for tasks to queue
[2026-05-09T18:56:28.958+0000] {logging_mixin.py:188} INFO - [2026-05-09T18:56:28.957+0000] {dagbag.py:545} INFO - Filling up the DagBag from /home/airflow/.local/lib/python3.12/site-packages/airflow/example_dags/example_task_group_decorator.py
[2026-05-09T18:56:28.971+0000] {processor.py:840} INFO - DAG(s) 'example_task_group_decorator' retrieved from /home/airflow/.local/lib/python3.12/site-packages/airflow/example_dags/example_task_group_decorator.py
[2026-05-09T18:56:28.995+0000] {logging_mixin.py:188} INFO - [2026-05-09T18:56:28.995+0000] {dag.py:3096} INFO - Sync 1 DAGs
[2026-05-09T18:56:29.018+0000] {logging_mixin.py:188} INFO - [2026-05-09T18:56:29.018+0000] {dag.py:3954} INFO - Setting next_dagrun for example_task_group_decorator to 2026-05-08 00:00:00+00:00, run_after=2026-05-09 00:00:00+00:00
[2026-05-09T18:56:29.042+0000] {processor.py:183} INFO - Processing /home/airflow/.local/lib/python3.12/site-packages/airflow/example_dags/example_task_group_decorator.py took 0.092 seconds
[2026-05-09T18:56:59.535+0000] {processor.py:161} INFO - Started process (PID=635) to work on /home/airflow/.local/lib/python3.12/site-packages/airflow/example_dags/example_task_group_decorator.py
[2026-05-09T18:56:59.537+0000] {processor.py:830} INFO - Processing file /home/airflow/.local/lib/python3.12/site-packages/airflow/example_dags/example_task_group_decorator.py for tasks to queue
[2026-05-09T18:56:59.540+0000] {logging_mixin.py:188} INFO - [2026-05-09T18:56:59.540+0000] {dagbag.py:545} INFO - Filling up the DagBag from /home/airflow/.local/lib/python3.12/site-packages/airflow/example_dags/example_task_group_decorator.py
[2026-05-09T18:56:59.559+0000] {processor.py:840} INFO - DAG(s) 'example_task_group_decorator' retrieved from /home/airflow/.local/lib/python3.12/site-packages/airflow/example_dags/example_task_group_decorator.py
[2026-05-09T18:56:59.592+0000] {logging_mixin.py:188} INFO - [2026-05-09T18:56:59.592+0000] {dag.py:3096} INFO - Sync 1 DAGs
[2026-05-09T18:56:59.618+0000] {logging_mixin.py:188} INFO - [2026-05-09T18:56:59.618+0000] {dag.py:3954} INFO - Setting next_dagrun for example_task_group_decorator to 2026-05-08 00:00:00+00:00, run_after=2026-05-09 00:00:00+00:00
[2026-05-09T18:56:59.646+0000] {processor.py:183} INFO - Processing /home/airflow/.local/lib/python3.12/site-packages/airflow/example_dags/example_task_group_decorator.py took 0.118 seconds
[2026-05-09T18:57:30.352+0000] {processor.py:161} INFO - Started process (PID=694) to work on /home/airflow/.local/lib/python3.12/site-packages/airflow/example_dags/example_task_group_decorator.py
[2026-05-09T18:57:30.354+0000] {processor.py:830} INFO - Processing file /home/airflow/.local/lib/python3.12/site-packages/airflow/example_dags/example_task_group_decorator.py for tasks to queue
[2026-05-09T18:57:30.356+0000] {logging_mixin.py:188} INFO - [2026-05-09T18:57:30.356+0000] {dagbag.py:545} INFO - Filling up the DagBag from /home/airflow/.local/lib/python3.12/site-packages/airflow/example_dags/example_task_group_decorator.py
[2026-05-09T18:57:30.371+0000] {processor.py:840} INFO - DAG(s) 'example_task_group_decorator' retrieved from /home/airflow/.local/lib/python3.12/site-packages/airflow/example_dags/example_task_group_decorator.py
[2026-05-09T18:57:30.398+0000] {logging_mixin.py:188} INFO - [2026-05-09T18:57:30.398+0000] {dag.py:3096} INFO - Sync 1 DAGs
[2026-05-09T18:57:30.421+0000] {logging_mixin.py:188} INFO - [2026-05-09T18:57:30.421+0000] {dag.py:3954} INFO - Setting next_dagrun for example_task_group_decorator to 2026-05-08 00:00:00+00:00, run_after=2026-05-09 00:00:00+00:00
[2026-05-09T18:57:30.464+0000] {processor.py:183} INFO - Processing /home/airflow/.local/lib/python3.12/site-packages/airflow/example_dags/example_task_group_decorator.py took 0.117 seconds
[2026-05-09T18:58:01.432+0000] {processor.py:161} INFO - Started process (PID=753) to work on /home/airflow/.local/lib/python3.12/site-packages/airflow/example_dags/example_task_group_decorator.py
[2026-05-09T18:58:01.434+0000] {processor.py:830} INFO - Processing file /home/airflow/.local/lib/python3.12/site-packages/airflow/example_dags/example_task_group_decorator.py for tasks to queue
[2026-05-09T18:58:01.438+0000] {logging_mixin.py:188} INFO - [2026-05-09T18:58:01.437+0000] {dagbag.py:545} INFO - Filling up the DagBag from /home/airflow/.local/lib/python3.12/site-packages/airflow/example_dags/example_task_group_decorator.py
[2026-05-09T18:58:01.458+0000] {processor.py:840} INFO - DAG(s) 'example_task_group_decorator' retrieved from /home/airflow/.local/lib/python3.12/site-packages/airflow/example_dags/example_task_group_decorator.py
[2026-05-09T18:58:01.490+0000] {logging_mixin.py:188} INFO - [2026-05-09T18:58:01.490+0000] {dag.py:3096} INFO - Sync 1 DAGs
[2026-05-09T18:58:01.518+0000] {logging_mixin.py:188} INFO - [2026-05-09T18:58:01.518+0000] {dag.py:3954} INFO - Setting next_dagrun for example_task_group_decorator to 2026-05-08 00:00:00+00:00, run_after=2026-05-09 00:00:00+00:00
[2026-05-09T18:58:01.545+0000] {processor.py:183} INFO - Processing /home/airflow/.local/lib/python3.12/site-packages/airflow/example_dags/example_task_group_decorator.py took 0.123 seconds
[2026-05-09T18:58:31.615+0000] {processor.py:161} INFO - Started process (PID=813) to work on /home/airflow/.local/lib/python3.12/site-packages/airflow/example_dags/example_task_group_decorator.py
[2026-05-09T18:58:31.617+0000] {processor.py:830} INFO - Processing file /home/airflow/.local/lib/python3.12/site-packages/airflow/example_dags/example_task_group_decorator.py for tasks to queue
[2026-05-09T18:58:31.619+0000] {logging_mixin.py:188} INFO - [2026-05-09T18:58:31.619+0000] {dagbag.py:545} INFO - Filling up the DagBag from /home/airflow/.local/lib/python3.12/site-packages/airflow/example_dags/example_task_group_decorator.py
[2026-05-09T18:58:31.631+0000] {processor.py:840} INFO - DAG(s) 'example_task_group_decorator' retrieved from /home/airflow/.local/lib/python3.12/site-packages/airflow/example_dags/example_task_group_decorator.py
[2026-05-09T18:58:31.657+0000] {logging_mixin.py:188} INFO - [2026-05-09T18:58:31.656+0000] {dag.py:3096} INFO - Sync 1 DAGs
[2026-05-09T18:58:31.680+0000] {logging_mixin.py:188} INFO - [2026-05-09T18:58:31.680+0000] {dag.py:3954} INFO - Setting next_dagrun for example_task_group_decorator to 2026-05-08 00:00:00+00:00, run_after=2026-05-09 00:00:00+00:00
[2026-05-09T18:58:31.708+0000] {processor.py:183} INFO - Processing /home/airflow/.local/lib/python3.12/site-packages/airflow/example_dags/example_task_group_decorator.py took 0.097 seconds
[2026-05-09T18:59:01.828+0000] {processor.py:161} INFO - Started process (PID=873) to work on /home/airflow/.local/lib/python3.12/site-packages/airflow/example_dags/example_task_group_decorator.py
[2026-05-09T18:59:01.829+0000] {processor.py:830} INFO - Processing file /home/airflow/.local/lib/python3.12/site-packages/airflow/example_dags/example_task_group_decorator.py for tasks to queue
[2026-05-09T18:59:01.831+0000] {logging_mixin.py:188} INFO - [2026-05-09T18:59:01.831+0000] {dagbag.py:545} INFO - Filling up the DagBag from /home/airflow/.local/lib/python3.12/site-packages/airflow/example_dags/example_task_group_decorator.py
[2026-05-09T18:59:01.844+0000] {processor.py:840} INFO - DAG(s) 'example_task_group_decorator' retrieved from /home/airflow/.local/lib/python3.12/site-packages/airflow/example_dags/example_task_group_decorator.py
[2026-05-09T18:59:01.868+0000] {logging_mixin.py:188} INFO - [2026-05-09T18:59:01.868+0000] {dag.py:3096} INFO - Sync 1 DAGs
[2026-05-09T18:59:01.888+0000] {logging_mixin.py:188} INFO - [2026-05-09T18:59:01.888+0000] {dag.py:3954} INFO - Setting next_dagrun for example_task_group_decorator to 2026-05-08 00:00:00+00:00, run_after=2026-05-09 00:00:00+00:00
[2026-05-09T18:59:01.911+0000] {processor.py:183} INFO - Processing /home/airflow/.local/lib/python3.12/site-packages/airflow/example_dags/example_task_group_decorator.py took 0.088 seconds
[2026-05-09T18:59:32.467+0000] {processor.py:161} INFO - Started process (PID=931) to work on /home/airflow/.local/lib/python3.12/site-packages/airflow/example_dags/example_task_group_decorator.py
[2026-05-09T18:59:32.468+0000] {processor.py:830} INFO - Processing file /home/airflow/.local/lib/python3.12/site-packages/airflow/example_dags/example_task_group_decorator.py for tasks to queue
[2026-05-09T18:59:32.470+0000] {logging_mixin.py:188} INFO - [2026-05-09T18:59:32.470+0000] {dagbag.py:545} INFO - Filling up the DagBag from /home/airflow/.local/lib/python3.12/site-packages/airflow/example_dags/example_task_group_decorator.py
[2026-05-09T18:59:32.482+0000] {processor.py:840} INFO - DAG(s) 'example_task_group_decorator' retrieved from /home/airflow/.local/lib/python3.12/site-packages/airflow/example_dags/example_task_group_decorator.py
[2026-05-09T18:59:32.509+0000] {logging_mixin.py:188} INFO - [2026-05-09T18:59:32.509+0000] {dag.py:3096} INFO - Sync 1 DAGs
[2026-05-09T18:59:32.532+0000] {logging_mixin.py:188} INFO - [2026-05-09T18:59:32.532+0000] {dag.py:3954} INFO - Setting next_dagrun for example_task_group_decorator to 2026-05-08 00:00:00+00:00, run_after=2026-05-09 00:00:00+00:00
[2026-05-09T18:59:32.558+0000] {processor.py:183} INFO - Processing /home/airflow/.local/lib/python3.12/site-packages/airflow/example_dags/example_task_group_decorator.py took 0.096 seconds
[2026-05-09T19:00:03.324+0000] {processor.py:161} INFO - Started process (PID=990) to work on /home/airflow/.local/lib/python3.12/site-packages/airflow/example_dags/example_task_group_decorator.py
[2026-05-09T19:00:03.325+0000] {processor.py:830} INFO - Processing file /home/airflow/.local/lib/python3.12/site-packages/airflow/example_dags/example_task_group_decorator.py for tasks to queue
[2026-05-09T19:00:03.327+0000] {logging_mixin.py:188} INFO - [2026-05-09T19:00:03.327+0000] {dagbag.py:545} INFO - Filling up the DagBag from /home/airflow/.local/lib/python3.12/site-packages/airflow/example_dags/example_task_group_decorator.py
[2026-05-09T19:00:03.339+0000] {processor.py:840} INFO - DAG(s) 'example_task_group_decorator' retrieved from /home/airflow/.local/lib/python3.12/site-packages/airflow/example_dags/example_task_group_decorator.py
[2026-05-09T19:00:03.364+0000] {logging_mixin.py:188} INFO - [2026-05-09T19:00:03.364+0000] {dag.py:3096} INFO - Sync 1 DAGs
[2026-05-09T19:00:03.390+0000] {logging_mixin.py:188} INFO - [2026-05-09T19:00:03.390+0000] {dag.py:3954} INFO - Setting next_dagrun for example_task_group_decorator to 2026-05-08 00:00:00+00:00, run_after=2026-05-09 00:00:00+00:00
[2026-05-09T19:00:03.425+0000] {processor.py:183} INFO - Processing /home/airflow/.local/lib/python3.12/site-packages/airflow/example_dags/example_task_group_decorator.py took 0.107 seconds
[2026-05-09T19:00:33.859+0000] {processor.py:161} INFO - Started process (PID=1049) to work on /home/airflow/.local/lib/python3.12/site-packages/airflow/example_dags/example_task_group_decorator.py
[2026-05-09T19:00:33.860+0000] {processor.py:830} INFO - Processing file /home/airflow/.local/lib/python3.12/site-packages/airflow/example_dags/example_task_group_decorator.py for tasks to queue
[2026-05-09T19:00:33.862+0000] {logging_mixin.py:188} INFO - [2026-05-09T19:00:33.862+0000] {dagbag.py:545} INFO - Filling up the DagBag from /home/airflow/.local/lib/python3.12/site-packages/airflow/example_dags/example_task_group_decorator.py
[2026-05-09T19:00:33.877+0000] {processor.py:840} INFO - DAG(s) 'example_task_group_decorator' retrieved from /home/airflow/.local/lib/python3.12/site-packages/airflow/example_dags/example_task_group_decorator.py
[2026-05-09T19:00:33.906+0000] {logging_mixin.py:188} INFO - [2026-05-09T19:00:33.905+0000] {dag.py:3096} INFO - Sync 1 DAGs
[2026-05-09T19:00:33.934+0000] {logging_mixin.py:188} INFO - [2026-05-09T19:00:33.933+0000] {dag.py:3954} INFO - Setting next_dagrun for example_task_group_decorator to 2026-05-08 00:00:00+00:00, run_after=2026-05-09 00:00:00+00:00
[2026-05-09T19:00:33.959+0000] {processor.py:183} INFO - Processing /home/airflow/.local/lib/python3.12/site-packages/airflow/example_dags/example_task_group_decorator.py took 0.106 seconds
[2026-05-09T19:01:04.648+0000] {processor.py:161} INFO - Started process (PID=1108) to work on /home/airflow/.local/lib/python3.12/site-packages/airflow/example_dags/example_task_group_decorator.py
[2026-05-09T19:01:04.649+0000] {processor.py:830} INFO - Processing file /home/airflow/.local/lib/python3.12/site-packages/airflow/example_dags/example_task_group_decorator.py for tasks to queue
[2026-05-09T19:01:04.651+0000] {logging_mixin.py:188} INFO - [2026-05-09T19:01:04.651+0000] {dagbag.py:545} INFO - Filling up the DagBag from /home/airflow/.local/lib/python3.12/site-packages/airflow/example_dags/example_task_group_decorator.py
[2026-05-09T19:01:04.665+0000] {processor.py:840} INFO - DAG(s) 'example_task_group_decorator' retrieved from /home/airflow/.local/lib/python3.12/site-packages/airflow/example_dags/example_task_group_decorator.py
[2026-05-09T19:01:04.690+0000] {logging_mixin.py:188} INFO - [2026-05-09T19:01:04.690+0000] {dag.py:3096} INFO - Sync 1 DAGs
[2026-05-09T19:01:04.710+0000] {logging_mixin.py:188} INFO - [2026-05-09T19:01:04.710+0000] {dag.py:3954} INFO - Setting next_dagrun for example_task_group_decorator to 2026-05-08 00:00:00+00:00, run_after=2026-05-09 00:00:00+00:00
[2026-05-09T19:01:04.737+0000] {processor.py:183} INFO - Processing /home/airflow/.local/lib/python3.12/site-packages/airflow/example_dags/example_task_group_decorator.py took 0.094 seconds
[2026-05-09T19:01:35.546+0000] {processor.py:161} INFO - Started process (PID=1167) to work on /home/airflow/.local/lib/python3.12/site-packages/airflow/example_dags/example_task_group_decorator.py
[2026-05-09T19:01:35.547+0000] {processor.py:830} INFO - Processing file /home/airflow/.local/lib/python3.12/site-packages/airflow/example_dags/example_task_group_decorator.py for tasks to queue
[2026-05-09T19:01:35.549+0000] {logging_mixin.py:188} INFO - [2026-05-09T19:01:35.549+0000] {dagbag.py:545} INFO - Filling up the DagBag from /home/airflow/.local/lib/python3.12/site-packages/airflow/example_dags/example_task_group_decorator.py
[2026-05-09T19:01:35.562+0000] {processor.py:840} INFO - DAG(s) 'example_task_group_decorator' retrieved from /home/airflow/.local/lib/python3.12/site-packages/airflow/example_dags/example_task_group_decorator.py
[2026-05-09T19:01:35.588+0000] {logging_mixin.py:188} INFO - [2026-05-09T19:01:35.588+0000] {dag.py:3096} INFO - Sync 1 DAGs
[2026-05-09T19:01:35.611+0000] {logging_mixin.py:188} INFO - [2026-05-09T19:01:35.611+0000] {dag.py:3954} INFO - Setting next_dagrun for example_task_group_decorator to 2026-05-08 00:00:00+00:00, run_after=2026-05-09 00:00:00+00:00
[2026-05-09T19:01:35.637+0000] {processor.py:183} INFO - Processing /home/airflow/.local/lib/python3.12/site-packages/airflow/example_dags/example_task_group_decorator.py took 0.098 seconds
[2026-05-09T19:02:06.224+0000] {processor.py:161} INFO - Started process (PID=1226) to work on /home/airflow/.local/lib/python3.12/site-packages/airflow/example_dags/example_task_group_decorator.py
[2026-05-09T19:02:06.225+0000] {processor.py:830} INFO - Processing file /home/airflow/.local/lib/python3.12/site-packages/airflow/example_dags/example_task_group_decorator.py for tasks to queue
[2026-05-09T19:02:06.227+0000] {logging_mixin.py:188} INFO - [2026-05-09T19:02:06.226+0000] {dagbag.py:545} INFO - Filling up the DagBag from /home/airflow/.local/lib/python3.12/site-packages/airflow/example_dags/example_task_group_decorator.py
[2026-05-09T19:02:06.239+0000] {processor.py:840} INFO - DAG(s) 'example_task_group_decorator' retrieved from /home/airflow/.local/lib/python3.12/site-packages/airflow/example_dags/example_task_group_decorator.py
[2026-05-09T19:02:06.264+0000] {logging_mixin.py:188} INFO - [2026-05-09T19:02:06.263+0000] {dag.py:3096} INFO - Sync 1 DAGs
[2026-05-09T19:02:06.286+0000] {logging_mixin.py:188} INFO - [2026-05-09T19:02:06.286+0000] {dag.py:3954} INFO - Setting next_dagrun for example_task_group_decorator to 2026-05-08 00:00:00+00:00, run_after=2026-05-09 00:00:00+00:00
[2026-05-09T19:02:06.309+0000] {processor.py:183} INFO - Processing /home/airflow/.local/lib/python3.12/site-packages/airflow/example_dags/example_task_group_decorator.py took 0.090 seconds
[2026-05-09T19:02:36.787+0000] {processor.py:161} INFO - Started process (PID=1285) to work on /home/airflow/.local/lib/python3.12/site-packages/airflow/example_dags/example_task_group_decorator.py
[2026-05-09T19:02:36.789+0000] {processor.py:830} INFO - Processing file /home/airflow/.local/lib/python3.12/site-packages/airflow/example_dags/example_task_group_decorator.py for tasks to queue
[2026-05-09T19:02:36.791+0000] {logging_mixin.py:188} INFO - [2026-05-09T19:02:36.790+0000] {dagbag.py:545} INFO - Filling up the DagBag from /home/airflow/.local/lib/python3.12/site-packages/airflow/example_dags/example_task_group_decorator.py
[2026-05-09T19:02:36.803+0000] {processor.py:840} INFO - DAG(s) 'example_task_group_decorator' retrieved from /home/airflow/.local/lib/python3.12/site-packages/airflow/example_dags/example_task_group_decorator.py
[2026-05-09T19:02:36.828+0000] {logging_mixin.py:188} INFO - [2026-05-09T19:02:36.827+0000] {dag.py:3096} INFO - Sync 1 DAGs
[2026-05-09T19:02:36.849+0000] {logging_mixin.py:188} INFO - [2026-05-09T19:02:36.849+0000] {dag.py:3954} INFO - Setting next_dagrun for example_task_group_decorator to 2026-05-08 00:00:00+00:00, run_after=2026-05-09 00:00:00+00:00
[2026-05-09T19:02:36.873+0000] {processor.py:183} INFO - Processing /home/airflow/.local/lib/python3.12/site-packages/airflow/example_dags/example_task_group_decorator.py took 0.091 seconds
[2026-05-09T19:03:07.846+0000] {processor.py:161} INFO - Started process (PID=1344) to work on /home/airflow/.local/lib/python3.12/site-packages/airflow/example_dags/example_task_group_decorator.py
[2026-05-09T19:03:07.847+0000] {processor.py:830} INFO - Processing file /home/airflow/.local/lib/python3.12/site-packages/airflow/example_dags/example_task_group_decorator.py for tasks to queue
[2026-05-09T19:03:07.849+0000] {logging_mixin.py:188} INFO - [2026-05-09T19:03:07.849+0000] {dagbag.py:545} INFO - Filling up the DagBag from /home/airflow/.local/lib/python3.12/site-packages/airflow/example_dags/example_task_group_decorator.py
[2026-05-09T19:03:07.863+0000] {processor.py:840} INFO - DAG(s) 'example_task_group_decorator' retrieved from /home/airflow/.local/lib/python3.12/site-packages/airflow/example_dags/example_task_group_decorator.py
[2026-05-09T19:03:07.892+0000] {logging_mixin.py:188} INFO - [2026-05-09T19:03:07.891+0000] {dag.py:3096} INFO - Sync 1 DAGs
[2026-05-09T19:03:07.917+0000] {logging_mixin.py:188} INFO - [2026-05-09T19:03:07.917+0000] {dag.py:3954} INFO - Setting next_dagrun for example_task_group_decorator to 2026-05-08 00:00:00+00:00, run_after=2026-05-09 00:00:00+00:00
[2026-05-09T19:03:07.946+0000] {processor.py:183} INFO - Processing /home/airflow/.local/lib/python3.12/site-packages/airflow/example_dags/example_task_group_decorator.py took 0.105 seconds
[2026-05-09T19:03:38.037+0000] {processor.py:161} INFO - Started process (PID=1403) to work on /home/airflow/.local/lib/python3.12/site-packages/airflow/example_dags/example_task_group_decorator.py
[2026-05-09T19:03:38.038+0000] {processor.py:830} INFO - Processing file /home/airflow/.local/lib/python3.12/site-packages/airflow/example_dags/example_task_group_decorator.py for tasks to queue
[2026-05-09T19:03:38.040+0000] {logging_mixin.py:188} INFO - [2026-05-09T19:03:38.040+0000] {dagbag.py:545} INFO - Filling up the DagBag from /home/airflow/.local/lib/python3.12/site-packages/airflow/example_dags/example_task_group_decorator.py
[2026-05-09T19:03:38.053+0000] {processor.py:840} INFO - DAG(s) 'example_task_group_decorator' retrieved from /home/airflow/.local/lib/python3.12/site-packages/airflow/example_dags/example_task_group_decorator.py
[2026-05-09T19:03:38.202+0000] {logging_mixin.py:188} INFO - [2026-05-09T19:03:38.202+0000] {dag.py:3096} INFO - Sync 1 DAGs
[2026-05-09T19:03:38.223+0000] {logging_mixin.py:188} INFO - [2026-05-09T19:03:38.223+0000] {dag.py:3954} INFO - Setting next_dagrun for example_task_group_decorator to 2026-05-08 00:00:00+00:00, run_after=2026-05-09 00:00:00+00:00
[2026-05-09T19:03:38.245+0000] {processor.py:183} INFO - Processing /home/airflow/.local/lib/python3.12/site-packages/airflow/example_dags/example_task_group_decorator.py took 0.214 seconds
[2026-05-09T19:04:09.222+0000] {processor.py:161} INFO - Started process (PID=1462) to work on /home/airflow/.local/lib/python3.12/site-packages/airflow/example_dags/example_task_group_decorator.py
[2026-05-09T19:04:09.223+0000] {processor.py:830} INFO - Processing file /home/airflow/.local/lib/python3.12/site-packages/airflow/example_dags/example_task_group_decorator.py for tasks to queue
[2026-05-09T19:04:09.226+0000] {logging_mixin.py:188} INFO - [2026-05-09T19:04:09.225+0000] {dagbag.py:545} INFO - Filling up the DagBag from /home/airflow/.local/lib/python3.12/site-packages/airflow/example_dags/example_task_group_decorator.py
[2026-05-09T19:04:09.240+0000] {processor.py:840} INFO - DAG(s) 'example_task_group_decorator' retrieved from /home/airflow/.local/lib/python3.12/site-packages/airflow/example_dags/example_task_group_decorator.py
[2026-05-09T19:04:09.267+0000] {logging_mixin.py:188} INFO - [2026-05-09T19:04:09.267+0000] {dag.py:3096} INFO - Sync 1 DAGs
[2026-05-09T19:04:09.294+0000] {logging_mixin.py:188} INFO - [2026-05-09T19:04:09.294+0000] {dag.py:3954} INFO - Setting next_dagrun for example_task_group_decorator to 2026-05-08 00:00:00+00:00, run_after=2026-05-09 00:00:00+00:00
[2026-05-09T19:04:09.323+0000] {processor.py:183} INFO - Processing /home/airflow/.local/lib/python3.12/site-packages/airflow/example_dags/example_task_group_decorator.py took 0.106 seconds
[2026-05-09T19:04:39.785+0000] {processor.py:161} INFO - Started process (PID=1521) to work on /home/airflow/.local/lib/python3.12/site-packages/airflow/example_dags/example_task_group_decorator.py
[2026-05-09T19:04:39.786+0000] {processor.py:830} INFO - Processing file /home/airflow/.local/lib/python3.12/site-packages/airflow/example_dags/example_task_group_decorator.py for tasks to queue
[2026-05-09T19:04:39.788+0000] {logging_mixin.py:188} INFO - [2026-05-09T19:04:39.788+0000] {dagbag.py:545} INFO - Filling up the DagBag from /home/airflow/.local/lib/python3.12/site-packages/airflow/example_dags/example_task_group_decorator.py
[2026-05-09T19:04:39.800+0000] {processor.py:840} INFO - DAG(s) 'example_task_group_decorator' retrieved from /home/airflow/.local/lib/python3.12/site-packages/airflow/example_dags/example_task_group_decorator.py
[2026-05-09T19:04:39.825+0000] {logging_mixin.py:188} INFO - [2026-05-09T19:04:39.824+0000] {dag.py:3096} INFO - Sync 1 DAGs
[2026-05-09T19:04:39.846+0000] {logging_mixin.py:188} INFO - [2026-05-09T19:04:39.846+0000] {dag.py:3954} INFO - Setting next_dagrun for example_task_group_decorator to 2026-05-08 00:00:00+00:00, run_after=2026-05-09 00:00:00+00:00
[2026-05-09T19:04:39.868+0000] {processor.py:183} INFO - Processing /home/airflow/.local/lib/python3.12/site-packages/airflow/example_dags/example_task_group_decorator.py took 0.088 seconds
[2026-05-09T19:05:09.909+0000] {processor.py:161} INFO - Started process (PID=1580) to work on /home/airflow/.local/lib/python3.12/site-packages/airflow/example_dags/example_task_group_decorator.py
[2026-05-09T19:05:09.911+0000] {processor.py:830} INFO - Processing file /home/airflow/.local/lib/python3.12/site-packages/airflow/example_dags/example_task_group_decorator.py for tasks to queue
[2026-05-09T19:05:09.913+0000] {logging_mixin.py:188} INFO - [2026-05-09T19:05:09.912+0000] {dagbag.py:545} INFO - Filling up the DagBag from /home/airflow/.local/lib/python3.12/site-packages/airflow/example_dags/example_task_group_decorator.py
[2026-05-09T19:05:09.926+0000] {processor.py:840} INFO - DAG(s) 'example_task_group_decorator' retrieved from /home/airflow/.local/lib/python3.12/site-packages/airflow/example_dags/example_task_group_decorator.py
[2026-05-09T19:05:09.952+0000] {logging_mixin.py:188} INFO - [2026-05-09T19:05:09.951+0000] {dag.py:3096} INFO - Sync 1 DAGs
[2026-05-09T19:05:09.974+0000] {logging_mixin.py:188} INFO - [2026-05-09T19:05:09.974+0000] {dag.py:3954} INFO - Setting next_dagrun for example_task_group_decorator to 2026-05-08 00:00:00+00:00, run_after=2026-05-09 00:00:00+00:00
[2026-05-09T19:05:09.998+0000] {processor.py:183} INFO - Processing /home/airflow/.local/lib/python3.12/site-packages/airflow/example_dags/example_task_group_decorator.py took 0.094 seconds
[2026-05-09T19:05:40.384+0000] {processor.py:161} INFO - Started process (PID=1639) to work on /home/airflow/.local/lib/python3.12/site-packages/airflow/example_dags/example_task_group_decorator.py
[2026-05-09T19:05:40.386+0000] {processor.py:830} INFO - Processing file /home/airflow/.local/lib/python3.12/site-packages/airflow/example_dags/example_task_group_decorator.py for tasks to queue
[2026-05-09T19:05:40.388+0000] {logging_mixin.py:188} INFO - [2026-05-09T19:05:40.388+0000] {dagbag.py:545} INFO - Filling up the DagBag from /home/airflow/.local/lib/python3.12/site-packages/airflow/example_dags/example_task_group_decorator.py
[2026-05-09T19:05:40.403+0000] {processor.py:840} INFO - DAG(s) 'example_task_group_decorator' retrieved from /home/airflow/.local/lib/python3.12/site-packages/airflow/example_dags/example_task_group_decorator.py
[2026-05-09T19:05:40.431+0000] {logging_mixin.py:188} INFO - [2026-05-09T19:05:40.431+0000] {dag.py:3096} INFO - Sync 1 DAGs
[2026-05-09T19:05:40.457+0000] {logging_mixin.py:188} INFO - [2026-05-09T19:05:40.456+0000] {dag.py:3954} INFO - Setting next_dagrun for example_task_group_decorator to 2026-05-08 00:00:00+00:00, run_after=2026-05-09 00:00:00+00:00
[2026-05-09T19:05:40.488+0000] {processor.py:183} INFO - Processing /home/airflow/.local/lib/python3.12/site-packages/airflow/example_dags/example_task_group_decorator.py took 0.109 seconds
[2026-05-09T19:06:10.562+0000] {processor.py:161} INFO - Started process (PID=1698) to work on /home/airflow/.local/lib/python3.12/site-packages/airflow/example_dags/example_task_group_decorator.py
[2026-05-09T19:06:10.563+0000] {processor.py:830} INFO - Processing file /home/airflow/.local/lib/python3.12/site-packages/airflow/example_dags/example_task_group_decorator.py for tasks to queue
[2026-05-09T19:06:10.565+0000] {logging_mixin.py:188} INFO - [2026-05-09T19:06:10.565+0000] {dagbag.py:545} INFO - Filling up the DagBag from /home/airflow/.local/lib/python3.12/site-packages/airflow/example_dags/example_task_group_decorator.py
[2026-05-09T19:06:10.578+0000] {processor.py:840} INFO - DAG(s) 'example_task_group_decorator' retrieved from /home/airflow/.local/lib/python3.12/site-packages/airflow/example_dags/example_task_group_decorator.py
[2026-05-09T19:06:10.603+0000] {logging_mixin.py:188} INFO - [2026-05-09T19:06:10.603+0000] {dag.py:3096} INFO - Sync 1 DAGs
[2026-05-09T19:06:10.625+0000] {logging_mixin.py:188} INFO - [2026-05-09T19:06:10.624+0000] {dag.py:3954} INFO - Setting next_dagrun for example_task_group_decorator to 2026-05-08 00:00:00+00:00, run_after=2026-05-09 00:00:00+00:00
[2026-05-09T19:06:10.648+0000] {processor.py:183} INFO - Processing /home/airflow/.local/lib/python3.12/site-packages/airflow/example_dags/example_task_group_decorator.py took 0.090 seconds
[2026-05-09T19:06:40.907+0000] {processor.py:161} INFO - Started process (PID=1757) to work on /home/airflow/.local/lib/python3.12/site-packages/airflow/example_dags/example_task_group_decorator.py
[2026-05-09T19:06:40.908+0000] {processor.py:830} INFO - Processing file /home/airflow/.local/lib/python3.12/site-packages/airflow/example_dags/example_task_group_decorator.py for tasks to queue
[2026-05-09T19:06:40.910+0000] {logging_mixin.py:188} INFO - [2026-05-09T19:06:40.910+0000] {dagbag.py:545} INFO - Filling up the DagBag from /home/airflow/.local/lib/python3.12/site-packages/airflow/example_dags/example_task_group_decorator.py
[2026-05-09T19:06:40.923+0000] {processor.py:840} INFO - DAG(s) 'example_task_group_decorator' retrieved from /home/airflow/.local/lib/python3.12/site-packages/airflow/example_dags/example_task_group_decorator.py
[2026-05-09T19:06:40.949+0000] {logging_mixin.py:188} INFO - [2026-05-09T19:06:40.948+0000] {dag.py:3096} INFO - Sync 1 DAGs
[2026-05-09T19:06:40.972+0000] {logging_mixin.py:188} INFO - [2026-05-09T19:06:40.971+0000] {dag.py:3954} INFO - Setting next_dagrun for example_task_group_decorator to 2026-05-08 00:00:00+00:00, run_after=2026-05-09 00:00:00+00:00
[2026-05-09T19:06:41.001+0000] {processor.py:183} INFO - Processing /home/airflow/.local/lib/python3.12/site-packages/airflow/example_dags/example_task_group_decorator.py took 0.099 seconds
[2026-05-09T19:07:11.049+0000] {processor.py:161} INFO - Started process (PID=1816) to work on /home/airflow/.local/lib/python3.12/site-packages/airflow/example_dags/example_task_group_decorator.py
[2026-05-09T19:07:11.050+0000] {processor.py:830} INFO - Processing file /home/airflow/.local/lib/python3.12/site-packages/airflow/example_dags/example_task_group_decorator.py for tasks to queue
[2026-05-09T19:07:11.052+0000] {logging_mixin.py:188} INFO - [2026-05-09T19:07:11.051+0000] {dagbag.py:545} INFO - Filling up the DagBag from /home/airflow/.local/lib/python3.12/site-packages/airflow/example_dags/example_task_group_decorator.py
[2026-05-09T19:07:11.064+0000] {processor.py:840} INFO - DAG(s) 'example_task_group_decorator' retrieved from /home/airflow/.local/lib/python3.12/site-packages/airflow/example_dags/example_task_group_decorator.py
[2026-05-09T19:07:11.090+0000] {logging_mixin.py:188} INFO - [2026-05-09T19:07:11.089+0000] {dag.py:3096} INFO - Sync 1 DAGs
[2026-05-09T19:07:11.111+0000] {logging_mixin.py:188} INFO - [2026-05-09T19:07:11.111+0000] {dag.py:3954} INFO - Setting next_dagrun for example_task_group_decorator to 2026-05-08 00:00:00+00:00, run_after=2026-05-09 00:00:00+00:00
[2026-05-09T19:07:11.133+0000] {processor.py:183} INFO - Processing /home/airflow/.local/lib/python3.12/site-packages/airflow/example_dags/example_task_group_decorator.py took 0.090 seconds
[2026-05-09T19:07:41.442+0000] {processor.py:161} INFO - Started process (PID=1875) to work on /home/airflow/.local/lib/python3.12/site-packages/airflow/example_dags/example_task_group_decorator.py
[2026-05-09T19:07:41.444+0000] {processor.py:830} INFO - Processing file /home/airflow/.local/lib/python3.12/site-packages/airflow/example_dags/example_task_group_decorator.py for tasks to queue
[2026-05-09T19:07:41.446+0000] {logging_mixin.py:188} INFO - [2026-05-09T19:07:41.445+0000] {dagbag.py:545} INFO - Filling up the DagBag from /home/airflow/.local/lib/python3.12/site-packages/airflow/example_dags/example_task_group_decorator.py
[2026-05-09T19:07:41.460+0000] {processor.py:840} INFO - DAG(s) 'example_task_group_decorator' retrieved from /home/airflow/.local/lib/python3.12/site-packages/airflow/example_dags/example_task_group_decorator.py
[2026-05-09T19:07:41.486+0000] {logging_mixin.py:188} INFO - [2026-05-09T19:07:41.486+0000] {dag.py:3096} INFO - Sync 1 DAGs
[2026-05-09T19:07:41.508+0000] {logging_mixin.py:188} INFO - [2026-05-09T19:07:41.508+0000] {dag.py:3954} INFO - Setting next_dagrun for example_task_group_decorator to 2026-05-08 00:00:00+00:00, run_after=2026-05-09 00:00:00+00:00
[2026-05-09T19:07:41.534+0000] {processor.py:183} INFO - Processing /home/airflow/.local/lib/python3.12/site-packages/airflow/example_dags/example_task_group_decorator.py took 0.097 seconds
[2026-05-09T19:08:12.325+0000] {processor.py:161} INFO - Started process (PID=1934) to work on /home/airflow/.local/lib/python3.12/site-packages/airflow/example_dags/example_task_group_decorator.py
[2026-05-09T19:08:12.326+0000] {processor.py:830} INFO - Processing file /home/airflow/.local/lib/python3.12/site-packages/airflow/example_dags/example_task_group_decorator.py for tasks to queue
[2026-05-09T19:08:12.328+0000] {logging_mixin.py:188} INFO - [2026-05-09T19:08:12.328+0000] {dagbag.py:545} INFO - Filling up the DagBag from /home/airflow/.local/lib/python3.12/site-packages/airflow/example_dags/example_task_group_decorator.py
[2026-05-09T19:08:12.341+0000] {processor.py:840} INFO - DAG(s) 'example_task_group_decorator' retrieved from /home/airflow/.local/lib/python3.12/site-packages/airflow/example_dags/example_task_group_decorator.py
[2026-05-09T19:08:12.367+0000] {logging_mixin.py:188} INFO - [2026-05-09T19:08:12.367+0000] {dag.py:3096} INFO - Sync 1 DAGs
[2026-05-09T19:08:12.389+0000] {logging_mixin.py:188} INFO - [2026-05-09T19:08:12.389+0000] {dag.py:3954} INFO - Setting next_dagrun for example_task_group_decorator to 2026-05-08 00:00:00+00:00, run_after=2026-05-09 00:00:00+00:00
[2026-05-09T19:08:12.415+0000] {processor.py:183} INFO - Processing /home/airflow/.local/lib/python3.12/site-packages/airflow/example_dags/example_task_group_decorator.py took 0.095 seconds
[2026-05-09T19:08:43.402+0000] {processor.py:161} INFO - Started process (PID=1993) to work on /home/airflow/.local/lib/python3.12/site-packages/airflow/example_dags/example_task_group_decorator.py
[2026-05-09T19:08:43.403+0000] {processor.py:830} INFO - Processing file /home/airflow/.local/lib/python3.12/site-packages/airflow/example_dags/example_task_group_decorator.py for tasks to queue
[2026-05-09T19:08:43.405+0000] {logging_mixin.py:188} INFO - [2026-05-09T19:08:43.404+0000] {dagbag.py:545} INFO - Filling up the DagBag from /home/airflow/.local/lib/python3.12/site-packages/airflow/example_dags/example_task_group_decorator.py
[2026-05-09T19:08:43.419+0000] {processor.py:840} INFO - DAG(s) 'example_task_group_decorator' retrieved from /home/airflow/.local/lib/python3.12/site-packages/airflow/example_dags/example_task_group_decorator.py
[2026-05-09T19:08:43.454+0000] {logging_mixin.py:188} INFO - [2026-05-09T19:08:43.454+0000] {dag.py:3096} INFO - Sync 1 DAGs
[2026-05-09T19:08:43.480+0000] {logging_mixin.py:188} INFO - [2026-05-09T19:08:43.479+0000] {dag.py:3954} INFO - Setting next_dagrun for example_task_group_decorator to 2026-05-08 00:00:00+00:00, run_after=2026-05-09 00:00:00+00:00
[2026-05-09T19:08:43.505+0000] {processor.py:183} INFO - Processing /home/airflow/.local/lib/python3.12/site-packages/airflow/example_dags/example_task_group_decorator.py took 0.108 seconds
[2026-05-09T19:09:13.798+0000] {processor.py:161} INFO - Started process (PID=2052) to work on /home/airflow/.local/lib/python3.12/site-packages/airflow/example_dags/example_task_group_decorator.py
[2026-05-09T19:09:13.800+0000] {processor.py:830} INFO - Processing file /home/airflow/.local/lib/python3.12/site-packages/airflow/example_dags/example_task_group_decorator.py for tasks to queue
[2026-05-09T19:09:13.802+0000] {logging_mixin.py:188} INFO - [2026-05-09T19:09:13.802+0000] {dagbag.py:545} INFO - Filling up the DagBag from /home/airflow/.local/lib/python3.12/site-packages/airflow/example_dags/example_task_group_decorator.py
[2026-05-09T19:09:13.815+0000] {processor.py:840} INFO - DAG(s) 'example_task_group_decorator' retrieved from /home/airflow/.local/lib/python3.12/site-packages/airflow/example_dags/example_task_group_decorator.py
[2026-05-09T19:09:13.842+0000] {logging_mixin.py:188} INFO - [2026-05-09T19:09:13.841+0000] {dag.py:3096} INFO - Sync 1 DAGs
[2026-05-09T19:09:13.866+0000] {logging_mixin.py:188} INFO - [2026-05-09T19:09:13.866+0000] {dag.py:3954} INFO - Setting next_dagrun for example_task_group_decorator to 2026-05-08 00:00:00+00:00, run_after=2026-05-09 00:00:00+00:00
[2026-05-09T19:09:13.895+0000] {processor.py:183} INFO - Processing /home/airflow/.local/lib/python3.12/site-packages/airflow/example_dags/example_task_group_decorator.py took 0.104 seconds
[2026-05-09T19:09:43.953+0000] {processor.py:161} INFO - Started process (PID=2111) to work on /home/airflow/.local/lib/python3.12/site-packages/airflow/example_dags/example_task_group_decorator.py
[2026-05-09T19:09:43.955+0000] {processor.py:830} INFO - Processing file /home/airflow/.local/lib/python3.12/site-packages/airflow/example_dags/example_task_group_decorator.py for tasks to queue
[2026-05-09T19:09:43.958+0000] {logging_mixin.py:188} INFO - [2026-05-09T19:09:43.957+0000] {dagbag.py:545} INFO - Filling up the DagBag from /home/airflow/.local/lib/python3.12/site-packages/airflow/example_dags/example_task_group_decorator.py
[2026-05-09T19:09:43.971+0000] {processor.py:840} INFO - DAG(s) 'example_task_group_decorator' retrieved from /home/airflow/.local/lib/python3.12/site-packages/airflow/example_dags/example_task_group_decorator.py
[2026-05-09T19:09:43.999+0000] {logging_mixin.py:188} INFO - [2026-05-09T19:09:43.999+0000] {dag.py:3096} INFO - Sync 1 DAGs
[2026-05-09T19:09:44.022+0000] {logging_mixin.py:188} INFO - [2026-05-09T19:09:44.022+0000] {dag.py:3954} INFO - Setting next_dagrun for example_task_group_decorator to 2026-05-08 00:00:00+00:00, run_after=2026-05-09 00:00:00+00:00
[2026-05-09T19:09:44.046+0000] {processor.py:183} INFO - Processing /home/airflow/.local/lib/python3.12/site-packages/airflow/example_dags/example_task_group_decorator.py took 0.099 seconds
[2026-05-09T19:10:14.688+0000] {processor.py:161} INFO - Started process (PID=2170) to work on /home/airflow/.local/lib/python3.12/site-packages/airflow/example_dags/example_task_group_decorator.py
[2026-05-09T19:10:14.689+0000] {processor.py:830} INFO - Processing file /home/airflow/.local/lib/python3.12/site-packages/airflow/example_dags/example_task_group_decorator.py for tasks to queue
[2026-05-09T19:10:14.691+0000] {logging_mixin.py:188} INFO - [2026-05-09T19:10:14.691+0000] {dagbag.py:545} INFO - Filling up the DagBag from /home/airflow/.local/lib/python3.12/site-packages/airflow/example_dags/example_task_group_decorator.py
[2026-05-09T19:10:14.704+0000] {processor.py:840} INFO - DAG(s) 'example_task_group_decorator' retrieved from /home/airflow/.local/lib/python3.12/site-packages/airflow/example_dags/example_task_group_decorator.py
[2026-05-09T19:10:14.729+0000] {logging_mixin.py:188} INFO - [2026-05-09T19:10:14.728+0000] {dag.py:3096} INFO - Sync 1 DAGs
[2026-05-09T19:10:14.751+0000] {logging_mixin.py:188} INFO - [2026-05-09T19:10:14.750+0000] {dag.py:3954} INFO - Setting next_dagrun for example_task_group_decorator to 2026-05-08 00:00:00+00:00, run_after=2026-05-09 00:00:00+00:00
[2026-05-09T19:10:14.774+0000] {processor.py:183} INFO - Processing /home/airflow/.local/lib/python3.12/site-packages/airflow/example_dags/example_task_group_decorator.py took 0.091 seconds
[2026-05-09T19:10:45.086+0000] {processor.py:161} INFO - Started process (PID=2229) to work on /home/airflow/.local/lib/python3.12/site-packages/airflow/example_dags/example_task_group_decorator.py
[2026-05-09T19:10:45.087+0000] {processor.py:830} INFO - Processing file /home/airflow/.local/lib/python3.12/site-packages/airflow/example_dags/example_task_group_decorator.py for tasks to queue
[2026-05-09T19:10:45.089+0000] {logging_mixin.py:188} INFO - [2026-05-09T19:10:45.089+0000] {dagbag.py:545} INFO - Filling up the DagBag from /home/airflow/.local/lib/python3.12/site-packages/airflow/example_dags/example_task_group_decorator.py
[2026-05-09T19:10:45.101+0000] {processor.py:840} INFO - DAG(s) 'example_task_group_decorator' retrieved from /home/airflow/.local/lib/python3.12/site-packages/airflow/example_dags/example_task_group_decorator.py
[2026-05-09T19:10:45.127+0000] {logging_mixin.py:188} INFO - [2026-05-09T19:10:45.127+0000] {dag.py:3096} INFO - Sync 1 DAGs
[2026-05-09T19:10:45.151+0000] {logging_mixin.py:188} INFO - [2026-05-09T19:10:45.151+0000] {dag.py:3954} INFO - Setting next_dagrun for example_task_group_decorator to 2026-05-08 00:00:00+00:00, run_after=2026-05-09 00:00:00+00:00
[2026-05-09T19:10:45.174+0000] {processor.py:183} INFO - Processing /home/airflow/.local/lib/python3.12/site-packages/airflow/example_dags/example_task_group_decorator.py took 0.094 seconds
[2026-05-09T19:11:16.013+0000] {processor.py:161} INFO - Started process (PID=2288) to work on /home/airflow/.local/lib/python3.12/site-packages/airflow/example_dags/example_task_group_decorator.py
[2026-05-09T19:11:16.014+0000] {processor.py:830} INFO - Processing file /home/airflow/.local/lib/python3.12/site-packages/airflow/example_dags/example_task_group_decorator.py for tasks to queue
[2026-05-09T19:11:16.017+0000] {logging_mixin.py:188} INFO - [2026-05-09T19:11:16.016+0000] {dagbag.py:545} INFO - Filling up the DagBag from /home/airflow/.local/lib/python3.12/site-packages/airflow/example_dags/example_task_group_decorator.py
[2026-05-09T19:11:16.032+0000] {processor.py:840} INFO - DAG(s) 'example_task_group_decorator' retrieved from /home/airflow/.local/lib/python3.12/site-packages/airflow/example_dags/example_task_group_decorator.py
[2026-05-09T19:11:16.063+0000] {logging_mixin.py:188} INFO - [2026-05-09T19:11:16.063+0000] {dag.py:3096} INFO - Sync 1 DAGs
[2026-05-09T19:11:16.090+0000] {logging_mixin.py:188} INFO - [2026-05-09T19:11:16.090+0000] {dag.py:3954} INFO - Setting next_dagrun for example_task_group_decorator to 2026-05-08 00:00:00+00:00, run_after=2026-05-09 00:00:00+00:00
[2026-05-09T19:11:16.115+0000] {processor.py:183} INFO - Processing /home/airflow/.local/lib/python3.12/site-packages/airflow/example_dags/example_task_group_decorator.py took 0.107 seconds
[2026-05-09T19:11:46.522+0000] {processor.py:161} INFO - Started process (PID=2347) to work on /home/airflow/.local/lib/python3.12/site-packages/airflow/example_dags/example_task_group_decorator.py
[2026-05-09T19:11:46.523+0000] {processor.py:830} INFO - Processing file /home/airflow/.local/lib/python3.12/site-packages/airflow/example_dags/example_task_group_decorator.py for tasks to queue
[2026-05-09T19:11:46.525+0000] {logging_mixin.py:188} INFO - [2026-05-09T19:11:46.525+0000] {dagbag.py:545} INFO - Filling up the DagBag from /home/airflow/.local/lib/python3.12/site-packages/airflow/example_dags/example_task_group_decorator.py
[2026-05-09T19:11:46.538+0000] {processor.py:840} INFO - DAG(s) 'example_task_group_decorator' retrieved from /home/airflow/.local/lib/python3.12/site-packages/airflow/example_dags/example_task_group_decorator.py
[2026-05-09T19:11:46.562+0000] {logging_mixin.py:188} INFO - [2026-05-09T19:11:46.562+0000] {dag.py:3096} INFO - Sync 1 DAGs
[2026-05-09T19:11:46.583+0000] {logging_mixin.py:188} INFO - [2026-05-09T19:11:46.583+0000] {dag.py:3954} INFO - Setting next_dagrun for example_task_group_decorator to 2026-05-08 00:00:00+00:00, run_after=2026-05-09 00:00:00+00:00
[2026-05-09T19:11:46.607+0000] {processor.py:183} INFO - Processing /home/airflow/.local/lib/python3.12/site-packages/airflow/example_dags/example_task_group_decorator.py took 0.090 seconds
[2026-05-09T19:12:17.288+0000] {processor.py:161} INFO - Started process (PID=2406) to work on /home/airflow/.local/lib/python3.12/site-packages/airflow/example_dags/example_task_group_decorator.py
[2026-05-09T19:12:17.289+0000] {processor.py:830} INFO - Processing file /home/airflow/.local/lib/python3.12/site-packages/airflow/example_dags/example_task_group_decorator.py for tasks to queue
[2026-05-09T19:12:17.291+0000] {logging_mixin.py:188} INFO - [2026-05-09T19:12:17.291+0000] {dagbag.py:545} INFO - Filling up the DagBag from /home/airflow/.local/lib/python3.12/site-packages/airflow/example_dags/example_task_group_decorator.py
[2026-05-09T19:12:17.305+0000] {processor.py:840} INFO - DAG(s) 'example_task_group_decorator' retrieved from /home/airflow/.local/lib/python3.12/site-packages/airflow/example_dags/example_task_group_decorator.py
[2026-05-09T19:12:17.332+0000] {logging_mixin.py:188} INFO - [2026-05-09T19:12:17.331+0000] {dag.py:3096} INFO - Sync 1 DAGs
[2026-05-09T19:12:17.353+0000] {logging_mixin.py:188} INFO - [2026-05-09T19:12:17.353+0000] {dag.py:3954} INFO - Setting next_dagrun for example_task_group_decorator to 2026-05-08 00:00:00+00:00, run_after=2026-05-09 00:00:00+00:00
[2026-05-09T19:12:17.377+0000] {processor.py:183} INFO - Processing /home/airflow/.local/lib/python3.12/site-packages/airflow/example_dags/example_task_group_decorator.py took 0.095 seconds
[2026-05-09T19:12:47.918+0000] {processor.py:161} INFO - Started process (PID=2465) to work on /home/airflow/.local/lib/python3.12/site-packages/airflow/example_dags/example_task_group_decorator.py
[2026-05-09T19:12:47.920+0000] {processor.py:830} INFO - Processing file /home/airflow/.local/lib/python3.12/site-packages/airflow/example_dags/example_task_group_decorator.py for tasks to queue
[2026-05-09T19:12:47.922+0000] {logging_mixin.py:188} INFO - [2026-05-09T19:12:47.921+0000] {dagbag.py:545} INFO - Filling up the DagBag from /home/airflow/.local/lib/python3.12/site-packages/airflow/example_dags/example_task_group_decorator.py
[2026-05-09T19:12:47.934+0000] {processor.py:840} INFO - DAG(s) 'example_task_group_decorator' retrieved from /home/airflow/.local/lib/python3.12/site-packages/airflow/example_dags/example_task_group_decorator.py
[2026-05-09T19:12:47.960+0000] {logging_mixin.py:188} INFO - [2026-05-09T19:12:47.959+0000] {dag.py:3096} INFO - Sync 1 DAGs
[2026-05-09T19:12:47.982+0000] {logging_mixin.py:188} INFO - [2026-05-09T19:12:47.982+0000] {dag.py:3954} INFO - Setting next_dagrun for example_task_group_decorator to 2026-05-08 00:00:00+00:00, run_after=2026-05-09 00:00:00+00:00
[2026-05-09T19:12:48.006+0000] {processor.py:183} INFO - Processing /home/airflow/.local/lib/python3.12/site-packages/airflow/example_dags/example_task_group_decorator.py took 0.092 seconds
[2026-05-09T19:13:18.114+0000] {processor.py:161} INFO - Started process (PID=2524) to work on /home/airflow/.local/lib/python3.12/site-packages/airflow/example_dags/example_task_group_decorator.py
[2026-05-09T19:13:18.115+0000] {processor.py:830} INFO - Processing file /home/airflow/.local/lib/python3.12/site-packages/airflow/example_dags/example_task_group_decorator.py for tasks to queue
[2026-05-09T19:13:18.117+0000] {logging_mixin.py:188} INFO - [2026-05-09T19:13:18.117+0000] {dagbag.py:545} INFO - Filling up the DagBag from /home/airflow/.local/lib/python3.12/site-packages/airflow/example_dags/example_task_group_decorator.py
[2026-05-09T19:13:18.130+0000] {processor.py:840} INFO - DAG(s) 'example_task_group_decorator' retrieved from /home/airflow/.local/lib/python3.12/site-packages/airflow/example_dags/example_task_group_decorator.py
[2026-05-09T19:13:18.156+0000] {logging_mixin.py:188} INFO - [2026-05-09T19:13:18.155+0000] {dag.py:3096} INFO - Sync 1 DAGs
[2026-05-09T19:13:18.177+0000] {logging_mixin.py:188} INFO - [2026-05-09T19:13:18.177+0000] {dag.py:3954} INFO - Setting next_dagrun for example_task_group_decorator to 2026-05-08 00:00:00+00:00, run_after=2026-05-09 00:00:00+00:00
[2026-05-09T19:13:18.200+0000] {processor.py:183} INFO - Processing /home/airflow/.local/lib/python3.12/site-packages/airflow/example_dags/example_task_group_decorator.py took 0.092 seconds
[2026-05-09T19:13:48.830+0000] {processor.py:161} INFO - Started process (PID=2583) to work on /home/airflow/.local/lib/python3.12/site-packages/airflow/example_dags/example_task_group_decorator.py
[2026-05-09T19:13:48.831+0000] {processor.py:830} INFO - Processing file /home/airflow/.local/lib/python3.12/site-packages/airflow/example_dags/example_task_group_decorator.py for tasks to queue
[2026-05-09T19:13:48.833+0000] {logging_mixin.py:188} INFO - [2026-05-09T19:13:48.833+0000] {dagbag.py:545} INFO - Filling up the DagBag from /home/airflow/.local/lib/python3.12/site-packages/airflow/example_dags/example_task_group_decorator.py
[2026-05-09T19:13:48.845+0000] {processor.py:840} INFO - DAG(s) 'example_task_group_decorator' retrieved from /home/airflow/.local/lib/python3.12/site-packages/airflow/example_dags/example_task_group_decorator.py
[2026-05-09T19:13:48.870+0000] {logging_mixin.py:188} INFO - [2026-05-09T19:13:48.870+0000] {dag.py:3096} INFO - Sync 1 DAGs
[2026-05-09T19:13:48.893+0000] {logging_mixin.py:188} INFO - [2026-05-09T19:13:48.892+0000] {dag.py:3954} INFO - Setting next_dagrun for example_task_group_decorator to 2026-05-08 00:00:00+00:00, run_after=2026-05-09 00:00:00+00:00
[2026-05-09T19:13:48.916+0000] {processor.py:183} INFO - Processing /home/airflow/.local/lib/python3.12/site-packages/airflow/example_dags/example_task_group_decorator.py took 0.092 seconds
[2026-05-09T19:14:19.599+0000] {processor.py:161} INFO - Started process (PID=2642) to work on /home/airflow/.local/lib/python3.12/site-packages/airflow/example_dags/example_task_group_decorator.py
[2026-05-09T19:14:19.600+0000] {processor.py:830} INFO - Processing file /home/airflow/.local/lib/python3.12/site-packages/airflow/example_dags/example_task_group_decorator.py for tasks to queue
[2026-05-09T19:14:19.602+0000] {logging_mixin.py:188} INFO - [2026-05-09T19:14:19.601+0000] {dagbag.py:545} INFO - Filling up the DagBag from /home/airflow/.local/lib/python3.12/site-packages/airflow/example_dags/example_task_group_decorator.py
[2026-05-09T19:14:19.613+0000] {processor.py:840} INFO - DAG(s) 'example_task_group_decorator' retrieved from /home/airflow/.local/lib/python3.12/site-packages/airflow/example_dags/example_task_group_decorator.py
[2026-05-09T19:14:19.639+0000] {logging_mixin.py:188} INFO - [2026-05-09T19:14:19.638+0000] {dag.py:3096} INFO - Sync 1 DAGs
[2026-05-09T19:14:19.659+0000] {logging_mixin.py:188} INFO - [2026-05-09T19:14:19.659+0000] {dag.py:3954} INFO - Setting next_dagrun for example_task_group_decorator to 2026-05-08 00:00:00+00:00, run_after=2026-05-09 00:00:00+00:00
[2026-05-09T19:14:19.682+0000] {processor.py:183} INFO - Processing /home/airflow/.local/lib/python3.12/site-packages/airflow/example_dags/example_task_group_decorator.py took 0.089 seconds
[2026-05-09T19:14:50.226+0000] {processor.py:161} INFO - Started process (PID=2701) to work on /home/airflow/.local/lib/python3.12/site-packages/airflow/example_dags/example_task_group_decorator.py
[2026-05-09T19:14:50.227+0000] {processor.py:830} INFO - Processing file /home/airflow/.local/lib/python3.12/site-packages/airflow/example_dags/example_task_group_decorator.py for tasks to queue
[2026-05-09T19:14:50.229+0000] {logging_mixin.py:188} INFO - [2026-05-09T19:14:50.229+0000] {dagbag.py:545} INFO - Filling up the DagBag from /home/airflow/.local/lib/python3.12/site-packages/airflow/example_dags/example_task_group_decorator.py
[2026-05-09T19:14:50.242+0000] {processor.py:840} INFO - DAG(s) 'example_task_group_decorator' retrieved from /home/airflow/.local/lib/python3.12/site-packages/airflow/example_dags/example_task_group_decorator.py
[2026-05-09T19:14:50.269+0000] {logging_mixin.py:188} INFO - [2026-05-09T19:14:50.269+0000] {dag.py:3096} INFO - Sync 1 DAGs
[2026-05-09T19:14:50.290+0000] {logging_mixin.py:188} INFO - [2026-05-09T19:14:50.290+0000] {dag.py:3954} INFO - Setting next_dagrun for example_task_group_decorator to 2026-05-08 00:00:00+00:00, run_after=2026-05-09 00:00:00+00:00
[2026-05-09T19:14:50.314+0000] {processor.py:183} INFO - Processing /home/airflow/.local/lib/python3.12/site-packages/airflow/example_dags/example_task_group_decorator.py took 0.093 seconds
[2026-05-09T19:15:21.001+0000] {processor.py:161} INFO - Started process (PID=2760) to work on /home/airflow/.local/lib/python3.12/site-packages/airflow/example_dags/example_task_group_decorator.py
[2026-05-09T19:15:21.002+0000] {processor.py:830} INFO - Processing file /home/airflow/.local/lib/python3.12/site-packages/airflow/example_dags/example_task_group_decorator.py for tasks to queue
[2026-05-09T19:15:21.004+0000] {logging_mixin.py:188} INFO - [2026-05-09T19:15:21.004+0000] {dagbag.py:545} INFO - Filling up the DagBag from /home/airflow/.local/lib/python3.12/site-packages/airflow/example_dags/example_task_group_decorator.py
[2026-05-09T19:15:21.016+0000] {processor.py:840} INFO - DAG(s) 'example_task_group_decorator' retrieved from /home/airflow/.local/lib/python3.12/site-packages/airflow/example_dags/example_task_group_decorator.py
[2026-05-09T19:15:21.040+0000] {logging_mixin.py:188} INFO - [2026-05-09T19:15:21.040+0000] {dag.py:3096} INFO - Sync 1 DAGs
[2026-05-09T19:15:21.061+0000] {logging_mixin.py:188} INFO - [2026-05-09T19:15:21.061+0000] {dag.py:3954} INFO - Setting next_dagrun for example_task_group_decorator to 2026-05-08 00:00:00+00:00, run_after=2026-05-09 00:00:00+00:00
[2026-05-09T19:15:21.086+0000] {processor.py:183} INFO - Processing /home/airflow/.local/lib/python3.12/site-packages/airflow/example_dags/example_task_group_decorator.py took 0.090 seconds
[2026-05-09T19:15:52.271+0000] {processor.py:161} INFO - Started process (PID=2819) to work on /home/airflow/.local/lib/python3.12/site-packages/airflow/example_dags/example_task_group_decorator.py
[2026-05-09T19:15:52.272+0000] {processor.py:830} INFO - Processing file /home/airflow/.local/lib/python3.12/site-packages/airflow/example_dags/example_task_group_decorator.py for tasks to queue
[2026-05-09T19:15:52.274+0000] {logging_mixin.py:188} INFO - [2026-05-09T19:15:52.274+0000] {dagbag.py:545} INFO - Filling up the DagBag from /home/airflow/.local/lib/python3.12/site-packages/airflow/example_dags/example_task_group_decorator.py
[2026-05-09T19:15:52.287+0000] {processor.py:840} INFO - DAG(s) 'example_task_group_decorator' retrieved from /home/airflow/.local/lib/python3.12/site-packages/airflow/example_dags/example_task_group_decorator.py
[2026-05-09T19:15:52.313+0000] {logging_mixin.py:188} INFO - [2026-05-09T19:15:52.313+0000] {dag.py:3096} INFO - Sync 1 DAGs
[2026-05-09T19:15:52.337+0000] {logging_mixin.py:188} INFO - [2026-05-09T19:15:52.336+0000] {dag.py:3954} INFO - Setting next_dagrun for example_task_group_decorator to 2026-05-08 00:00:00+00:00, run_after=2026-05-09 00:00:00+00:00
[2026-05-09T19:15:52.360+0000] {processor.py:183} INFO - Processing /home/airflow/.local/lib/python3.12/site-packages/airflow/example_dags/example_task_group_decorator.py took 0.094 seconds
[2026-05-09T19:16:22.524+0000] {processor.py:161} INFO - Started process (PID=2878) to work on /home/airflow/.local/lib/python3.12/site-packages/airflow/example_dags/example_task_group_decorator.py
[2026-05-09T19:16:22.526+0000] {processor.py:830} INFO - Processing file /home/airflow/.local/lib/python3.12/site-packages/airflow/example_dags/example_task_group_decorator.py for tasks to queue
[2026-05-09T19:16:22.528+0000] {logging_mixin.py:188} INFO - [2026-05-09T19:16:22.527+0000] {dagbag.py:545} INFO - Filling up the DagBag from /home/airflow/.local/lib/python3.12/site-packages/airflow/example_dags/example_task_group_decorator.py
[2026-05-09T19:16:22.541+0000] {processor.py:840} INFO - DAG(s) 'example_task_group_decorator' retrieved from /home/airflow/.local/lib/python3.12/site-packages/airflow/example_dags/example_task_group_decorator.py
[2026-05-09T19:16:22.567+0000] {logging_mixin.py:188} INFO - [2026-05-09T19:16:22.567+0000] {dag.py:3096} INFO - Sync 1 DAGs
[2026-05-09T19:16:22.589+0000] {logging_mixin.py:188} INFO - [2026-05-09T19:16:22.589+0000] {dag.py:3954} INFO - Setting next_dagrun for example_task_group_decorator to 2026-05-08 00:00:00+00:00, run_after=2026-05-09 00:00:00+00:00
[2026-05-09T19:16:22.613+0000] {processor.py:183} INFO - Processing /home/airflow/.local/lib/python3.12/site-packages/airflow/example_dags/example_task_group_decorator.py took 0.094 seconds
[2026-05-09T19:16:53.391+0000] {processor.py:161} INFO - Started process (PID=2937) to work on /home/airflow/.local/lib/python3.12/site-packages/airflow/example_dags/example_task_group_decorator.py
[2026-05-09T19:16:53.392+0000] {processor.py:830} INFO - Processing file /home/airflow/.local/lib/python3.12/site-packages/airflow/example_dags/example_task_group_decorator.py for tasks to queue
[2026-05-09T19:16:53.394+0000] {logging_mixin.py:188} INFO - [2026-05-09T19:16:53.394+0000] {dagbag.py:545} INFO - Filling up the DagBag from /home/airflow/.local/lib/python3.12/site-packages/airflow/example_dags/example_task_group_decorator.py
[2026-05-09T19:16:53.407+0000] {processor.py:840} INFO - DAG(s) 'example_task_group_decorator' retrieved from /home/airflow/.local/lib/python3.12/site-packages/airflow/example_dags/example_task_group_decorator.py
[2026-05-09T19:16:53.432+0000] {logging_mixin.py:188} INFO - [2026-05-09T19:16:53.432+0000] {dag.py:3096} INFO - Sync 1 DAGs
[2026-05-09T19:16:53.453+0000] {logging_mixin.py:188} INFO - [2026-05-09T19:16:53.453+0000] {dag.py:3954} INFO - Setting next_dagrun for example_task_group_decorator to 2026-05-08 00:00:00+00:00, run_after=2026-05-09 00:00:00+00:00
[2026-05-09T19:16:53.476+0000] {processor.py:183} INFO - Processing /home/airflow/.local/lib/python3.12/site-packages/airflow/example_dags/example_task_group_decorator.py took 0.091 seconds
[2026-05-09T19:17:23.937+0000] {processor.py:161} INFO - Started process (PID=2996) to work on /home/airflow/.local/lib/python3.12/site-packages/airflow/example_dags/example_task_group_decorator.py
[2026-05-09T19:17:23.938+0000] {processor.py:830} INFO - Processing file /home/airflow/.local/lib/python3.12/site-packages/airflow/example_dags/example_task_group_decorator.py for tasks to queue
[2026-05-09T19:17:23.940+0000] {logging_mixin.py:188} INFO - [2026-05-09T19:17:23.940+0000] {dagbag.py:545} INFO - Filling up the DagBag from /home/airflow/.local/lib/python3.12/site-packages/airflow/example_dags/example_task_group_decorator.py
[2026-05-09T19:17:23.952+0000] {processor.py:840} INFO - DAG(s) 'example_task_group_decorator' retrieved from /home/airflow/.local/lib/python3.12/site-packages/airflow/example_dags/example_task_group_decorator.py
[2026-05-09T19:17:23.977+0000] {logging_mixin.py:188} INFO - [2026-05-09T19:17:23.977+0000] {dag.py:3096} INFO - Sync 1 DAGs
[2026-05-09T19:17:23.998+0000] {logging_mixin.py:188} INFO - [2026-05-09T19:17:23.998+0000] {dag.py:3954} INFO - Setting next_dagrun for example_task_group_decorator to 2026-05-08 00:00:00+00:00, run_after=2026-05-09 00:00:00+00:00
[2026-05-09T19:17:24.020+0000] {processor.py:183} INFO - Processing /home/airflow/.local/lib/python3.12/site-packages/airflow/example_dags/example_task_group_decorator.py took 0.088 seconds
[2026-05-09T19:17:54.576+0000] {processor.py:161} INFO - Started process (PID=3055) to work on /home/airflow/.local/lib/python3.12/site-packages/airflow/example_dags/example_task_group_decorator.py
[2026-05-09T19:17:54.577+0000] {processor.py:830} INFO - Processing file /home/airflow/.local/lib/python3.12/site-packages/airflow/example_dags/example_task_group_decorator.py for tasks to queue
[2026-05-09T19:17:54.579+0000] {logging_mixin.py:188} INFO - [2026-05-09T19:17:54.579+0000] {dagbag.py:545} INFO - Filling up the DagBag from /home/airflow/.local/lib/python3.12/site-packages/airflow/example_dags/example_task_group_decorator.py
[2026-05-09T19:17:54.591+0000] {processor.py:840} INFO - DAG(s) 'example_task_group_decorator' retrieved from /home/airflow/.local/lib/python3.12/site-packages/airflow/example_dags/example_task_group_decorator.py
[2026-05-09T19:17:54.616+0000] {logging_mixin.py:188} INFO - [2026-05-09T19:17:54.615+0000] {dag.py:3096} INFO - Sync 1 DAGs
[2026-05-09T19:17:54.638+0000] {logging_mixin.py:188} INFO - [2026-05-09T19:17:54.638+0000] {dag.py:3954} INFO - Setting next_dagrun for example_task_group_decorator to 2026-05-08 00:00:00+00:00, run_after=2026-05-09 00:00:00+00:00
[2026-05-09T19:17:54.662+0000] {processor.py:183} INFO - Processing /home/airflow/.local/lib/python3.12/site-packages/airflow/example_dags/example_task_group_decorator.py took 0.091 seconds
[2026-05-09T19:18:24.748+0000] {processor.py:161} INFO - Started process (PID=3114) to work on /home/airflow/.local/lib/python3.12/site-packages/airflow/example_dags/example_task_group_decorator.py
[2026-05-09T19:18:24.749+0000] {processor.py:830} INFO - Processing file /home/airflow/.local/lib/python3.12/site-packages/airflow/example_dags/example_task_group_decorator.py for tasks to queue
[2026-05-09T19:18:24.751+0000] {logging_mixin.py:188} INFO - [2026-05-09T19:18:24.751+0000] {dagbag.py:545} INFO - Filling up the DagBag from /home/airflow/.local/lib/python3.12/site-packages/airflow/example_dags/example_task_group_decorator.py
[2026-05-09T19:18:24.764+0000] {processor.py:840} INFO - DAG(s) 'example_task_group_decorator' retrieved from /home/airflow/.local/lib/python3.12/site-packages/airflow/example_dags/example_task_group_decorator.py
[2026-05-09T19:18:24.791+0000] {logging_mixin.py:188} INFO - [2026-05-09T19:18:24.791+0000] {dag.py:3096} INFO - Sync 1 DAGs
[2026-05-09T19:18:24.812+0000] {logging_mixin.py:188} INFO - [2026-05-09T19:18:24.812+0000] {dag.py:3954} INFO - Setting next_dagrun for example_task_group_decorator to 2026-05-08 00:00:00+00:00, run_after=2026-05-09 00:00:00+00:00
[2026-05-09T19:18:24.835+0000] {processor.py:183} INFO - Processing /home/airflow/.local/lib/python3.12/site-packages/airflow/example_dags/example_task_group_decorator.py took 0.093 seconds
[2026-05-09T19:18:55.253+0000] {processor.py:161} INFO - Started process (PID=3173) to work on /home/airflow/.local/lib/python3.12/site-packages/airflow/example_dags/example_task_group_decorator.py
[2026-05-09T19:18:55.254+0000] {processor.py:830} INFO - Processing file /home/airflow/.local/lib/python3.12/site-packages/airflow/example_dags/example_task_group_decorator.py for tasks to queue
[2026-05-09T19:18:55.256+0000] {logging_mixin.py:188} INFO - [2026-05-09T19:18:55.256+0000] {dagbag.py:545} INFO - Filling up the DagBag from /home/airflow/.local/lib/python3.12/site-packages/airflow/example_dags/example_task_group_decorator.py
[2026-05-09T19:18:55.268+0000] {processor.py:840} INFO - DAG(s) 'example_task_group_decorator' retrieved from /home/airflow/.local/lib/python3.12/site-packages/airflow/example_dags/example_task_group_decorator.py
[2026-05-09T19:18:55.293+0000] {logging_mixin.py:188} INFO - [2026-05-09T19:18:55.293+0000] {dag.py:3096} INFO - Sync 1 DAGs
[2026-05-09T19:18:55.314+0000] {logging_mixin.py:188} INFO - [2026-05-09T19:18:55.314+0000] {dag.py:3954} INFO - Setting next_dagrun for example_task_group_decorator to 2026-05-08 00:00:00+00:00, run_after=2026-05-09 00:00:00+00:00
[2026-05-09T19:18:55.336+0000] {processor.py:183} INFO - Processing /home/airflow/.local/lib/python3.12/site-packages/airflow/example_dags/example_task_group_decorator.py took 0.089 seconds
[2026-05-09T19:19:25.544+0000] {processor.py:161} INFO - Started process (PID=3232) to work on /home/airflow/.local/lib/python3.12/site-packages/airflow/example_dags/example_task_group_decorator.py
[2026-05-09T19:19:25.546+0000] {processor.py:830} INFO - Processing file /home/airflow/.local/lib/python3.12/site-packages/airflow/example_dags/example_task_group_decorator.py for tasks to queue
[2026-05-09T19:19:25.548+0000] {logging_mixin.py:188} INFO - [2026-05-09T19:19:25.548+0000] {dagbag.py:545} INFO - Filling up the DagBag from /home/airflow/.local/lib/python3.12/site-packages/airflow/example_dags/example_task_group_decorator.py
[2026-05-09T19:19:25.560+0000] {processor.py:840} INFO - DAG(s) 'example_task_group_decorator' retrieved from /home/airflow/.local/lib/python3.12/site-packages/airflow/example_dags/example_task_group_decorator.py
[2026-05-09T19:19:25.586+0000] {logging_mixin.py:188} INFO - [2026-05-09T19:19:25.586+0000] {dag.py:3096} INFO - Sync 1 DAGs
[2026-05-09T19:19:25.607+0000] {logging_mixin.py:188} INFO - [2026-05-09T19:19:25.607+0000] {dag.py:3954} INFO - Setting next_dagrun for example_task_group_decorator to 2026-05-08 00:00:00+00:00, run_after=2026-05-09 00:00:00+00:00
[2026-05-09T19:19:25.917+0000] {processor.py:183} INFO - Processing /home/airflow/.local/lib/python3.12/site-packages/airflow/example_dags/example_task_group_decorator.py took 0.092 seconds
[2026-05-09T19:19:56.050+0000] {processor.py:161} INFO - Started process (PID=3291) to work on /home/airflow/.local/lib/python3.12/site-packages/airflow/example_dags/example_task_group_decorator.py
[2026-05-09T19:19:56.051+0000] {processor.py:830} INFO - Processing file /home/airflow/.local/lib/python3.12/site-packages/airflow/example_dags/example_task_group_decorator.py for tasks to queue
[2026-05-09T19:19:56.054+0000] {logging_mixin.py:188} INFO - [2026-05-09T19:19:56.054+0000] {dagbag.py:545} INFO - Filling up the DagBag from /home/airflow/.local/lib/python3.12/site-packages/airflow/example_dags/example_task_group_decorator.py
[2026-05-09T19:19:56.066+0000] {processor.py:840} INFO - DAG(s) 'example_task_group_decorator' retrieved from /home/airflow/.local/lib/python3.12/site-packages/airflow/example_dags/example_task_group_decorator.py
[2026-05-09T19:19:56.091+0000] {logging_mixin.py:188} INFO - [2026-05-09T19:19:56.090+0000] {dag.py:3096} INFO - Sync 1 DAGs
[2026-05-09T19:19:56.112+0000] {logging_mixin.py:188} INFO - [2026-05-09T19:19:56.112+0000] {dag.py:3954} INFO - Setting next_dagrun for example_task_group_decorator to 2026-05-08 00:00:00+00:00, run_after=2026-05-09 00:00:00+00:00
[2026-05-09T19:19:56.134+0000] {processor.py:183} INFO - Processing /home/airflow/.local/lib/python3.12/site-packages/airflow/example_dags/example_task_group_decorator.py took 0.089 seconds
[2026-05-09T19:20:26.239+0000] {processor.py:161} INFO - Started process (PID=3350) to work on /home/airflow/.local/lib/python3.12/site-packages/airflow/example_dags/example_task_group_decorator.py
[2026-05-09T19:20:26.240+0000] {processor.py:830} INFO - Processing file /home/airflow/.local/lib/python3.12/site-packages/airflow/example_dags/example_task_group_decorator.py for tasks to queue
[2026-05-09T19:20:26.242+0000] {logging_mixin.py:188} INFO - [2026-05-09T19:20:26.242+0000] {dagbag.py:545} INFO - Filling up the DagBag from /home/airflow/.local/lib/python3.12/site-packages/airflow/example_dags/example_task_group_decorator.py
[2026-05-09T19:20:26.254+0000] {processor.py:840} INFO - DAG(s) 'example_task_group_decorator' retrieved from /home/airflow/.local/lib/python3.12/site-packages/airflow/example_dags/example_task_group_decorator.py
[2026-05-09T19:20:26.279+0000] {logging_mixin.py:188} INFO - [2026-05-09T19:20:26.279+0000] {dag.py:3096} INFO - Sync 1 DAGs
[2026-05-09T19:20:26.302+0000] {logging_mixin.py:188} INFO - [2026-05-09T19:20:26.301+0000] {dag.py:3954} INFO - Setting next_dagrun for example_task_group_decorator to 2026-05-08 00:00:00+00:00, run_after=2026-05-09 00:00:00+00:00
[2026-05-09T19:20:26.323+0000] {processor.py:183} INFO - Processing /home/airflow/.local/lib/python3.12/site-packages/airflow/example_dags/example_task_group_decorator.py took 0.090 seconds
[2026-05-09T19:20:56.457+0000] {processor.py:161} INFO - Started process (PID=3409) to work on /home/airflow/.local/lib/python3.12/site-packages/airflow/example_dags/example_task_group_decorator.py
[2026-05-09T19:20:56.458+0000] {processor.py:830} INFO - Processing file /home/airflow/.local/lib/python3.12/site-packages/airflow/example_dags/example_task_group_decorator.py for tasks to queue
[2026-05-09T19:20:56.461+0000] {logging_mixin.py:188} INFO - [2026-05-09T19:20:56.461+0000] {dagbag.py:545} INFO - Filling up the DagBag from /home/airflow/.local/lib/python3.12/site-packages/airflow/example_dags/example_task_group_decorator.py
[2026-05-09T19:20:56.473+0000] {processor.py:840} INFO - DAG(s) 'example_task_group_decorator' retrieved from /home/airflow/.local/lib/python3.12/site-packages/airflow/example_dags/example_task_group_decorator.py
[2026-05-09T19:20:56.497+0000] {logging_mixin.py:188} INFO - [2026-05-09T19:20:56.497+0000] {dag.py:3096} INFO - Sync 1 DAGs
[2026-05-09T19:20:56.520+0000] {logging_mixin.py:188} INFO - [2026-05-09T19:20:56.520+0000] {dag.py:3954} INFO - Setting next_dagrun for example_task_group_decorator to 2026-05-08 00:00:00+00:00, run_after=2026-05-09 00:00:00+00:00
[2026-05-09T19:20:56.543+0000] {processor.py:183} INFO - Processing /home/airflow/.local/lib/python3.12/site-packages/airflow/example_dags/example_task_group_decorator.py took 0.092 seconds
[2026-05-09T19:21:26.832+0000] {processor.py:161} INFO - Started process (PID=3468) to work on /home/airflow/.local/lib/python3.12/site-packages/airflow/example_dags/example_task_group_decorator.py
[2026-05-09T19:21:26.833+0000] {processor.py:830} INFO - Processing file /home/airflow/.local/lib/python3.12/site-packages/airflow/example_dags/example_task_group_decorator.py for tasks to queue
[2026-05-09T19:21:26.836+0000] {logging_mixin.py:188} INFO - [2026-05-09T19:21:26.836+0000] {dagbag.py:545} INFO - Filling up the DagBag from /home/airflow/.local/lib/python3.12/site-packages/airflow/example_dags/example_task_group_decorator.py
[2026-05-09T19:21:26.847+0000] {processor.py:840} INFO - DAG(s) 'example_task_group_decorator' retrieved from /home/airflow/.local/lib/python3.12/site-packages/airflow/example_dags/example_task_group_decorator.py
[2026-05-09T19:21:26.871+0000] {logging_mixin.py:188} INFO - [2026-05-09T19:21:26.871+0000] {dag.py:3096} INFO - Sync 1 DAGs
[2026-05-09T19:21:26.894+0000] {logging_mixin.py:188} INFO - [2026-05-09T19:21:26.894+0000] {dag.py:3954} INFO - Setting next_dagrun for example_task_group_decorator to 2026-05-08 00:00:00+00:00, run_after=2026-05-09 00:00:00+00:00
[2026-05-09T19:21:26.917+0000] {processor.py:183} INFO - Processing /home/airflow/.local/lib/python3.12/site-packages/airflow/example_dags/example_task_group_decorator.py took 0.090 seconds
[2026-05-09T19:21:57.255+0000] {processor.py:161} INFO - Started process (PID=3527) to work on /home/airflow/.local/lib/python3.12/site-packages/airflow/example_dags/example_task_group_decorator.py
[2026-05-09T19:21:57.256+0000] {processor.py:830} INFO - Processing file /home/airflow/.local/lib/python3.12/site-packages/airflow/example_dags/example_task_group_decorator.py for tasks to queue
[2026-05-09T19:21:57.258+0000] {logging_mixin.py:188} INFO - [2026-05-09T19:21:57.258+0000] {dagbag.py:545} INFO - Filling up the DagBag from /home/airflow/.local/lib/python3.12/site-packages/airflow/example_dags/example_task_group_decorator.py
[2026-05-09T19:21:57.270+0000] {processor.py:840} INFO - DAG(s) 'example_task_group_decorator' retrieved from /home/airflow/.local/lib/python3.12/site-packages/airflow/example_dags/example_task_group_decorator.py
[2026-05-09T19:21:57.294+0000] {logging_mixin.py:188} INFO - [2026-05-09T19:21:57.294+0000] {dag.py:3096} INFO - Sync 1 DAGs
[2026-05-09T19:21:57.315+0000] {logging_mixin.py:188} INFO - [2026-05-09T19:21:57.315+0000] {dag.py:3954} INFO - Setting next_dagrun for example_task_group_decorator to 2026-05-08 00:00:00+00:00, run_after=2026-05-09 00:00:00+00:00
[2026-05-09T19:21:57.339+0000] {processor.py:183} INFO - Processing /home/airflow/.local/lib/python3.12/site-packages/airflow/example_dags/example_task_group_decorator.py took 0.089 seconds
[2026-05-09T19:22:27.439+0000] {processor.py:161} INFO - Started process (PID=3586) to work on /home/airflow/.local/lib/python3.12/site-packages/airflow/example_dags/example_task_group_decorator.py
[2026-05-09T19:22:27.441+0000] {processor.py:830} INFO - Processing file /home/airflow/.local/lib/python3.12/site-packages/airflow/example_dags/example_task_group_decorator.py for tasks to queue
[2026-05-09T19:22:27.443+0000] {logging_mixin.py:188} INFO - [2026-05-09T19:22:27.443+0000] {dagbag.py:545} INFO - Filling up the DagBag from /home/airflow/.local/lib/python3.12/site-packages/airflow/example_dags/example_task_group_decorator.py
[2026-05-09T19:22:27.455+0000] {processor.py:840} INFO - DAG(s) 'example_task_group_decorator' retrieved from /home/airflow/.local/lib/python3.12/site-packages/airflow/example_dags/example_task_group_decorator.py
[2026-05-09T19:22:27.481+0000] {logging_mixin.py:188} INFO - [2026-05-09T19:22:27.481+0000] {dag.py:3096} INFO - Sync 1 DAGs
[2026-05-09T19:22:27.502+0000] {logging_mixin.py:188} INFO - [2026-05-09T19:22:27.502+0000] {dag.py:3954} INFO - Setting next_dagrun for example_task_group_decorator to 2026-05-08 00:00:00+00:00, run_after=2026-05-09 00:00:00+00:00
[2026-05-09T19:22:27.525+0000] {processor.py:183} INFO - Processing /home/airflow/.local/lib/python3.12/site-packages/airflow/example_dags/example_task_group_decorator.py took 0.091 seconds
[2026-05-09T19:22:57.812+0000] {processor.py:161} INFO - Started process (PID=3645) to work on /home/airflow/.local/lib/python3.12/site-packages/airflow/example_dags/example_task_group_decorator.py
[2026-05-09T19:22:57.813+0000] {processor.py:830} INFO - Processing file /home/airflow/.local/lib/python3.12/site-packages/airflow/example_dags/example_task_group_decorator.py for tasks to queue
[2026-05-09T19:22:57.815+0000] {logging_mixin.py:188} INFO - [2026-05-09T19:22:57.815+0000] {dagbag.py:545} INFO - Filling up the DagBag from /home/airflow/.local/lib/python3.12/site-packages/airflow/example_dags/example_task_group_decorator.py
[2026-05-09T19:22:57.827+0000] {processor.py:840} INFO - DAG(s) 'example_task_group_decorator' retrieved from /home/airflow/.local/lib/python3.12/site-packages/airflow/example_dags/example_task_group_decorator.py
[2026-05-09T19:22:57.855+0000] {logging_mixin.py:188} INFO - [2026-05-09T19:22:57.854+0000] {dag.py:3096} INFO - Sync 1 DAGs
[2026-05-09T19:22:57.877+0000] {logging_mixin.py:188} INFO - [2026-05-09T19:22:57.877+0000] {dag.py:3954} INFO - Setting next_dagrun for example_task_group_decorator to 2026-05-08 00:00:00+00:00, run_after=2026-05-09 00:00:00+00:00
[2026-05-09T19:22:57.903+0000] {processor.py:183} INFO - Processing /home/airflow/.local/lib/python3.12/site-packages/airflow/example_dags/example_task_group_decorator.py took 0.097 seconds
[2026-05-09T19:23:28.196+0000] {processor.py:161} INFO - Started process (PID=3704) to work on /home/airflow/.local/lib/python3.12/site-packages/airflow/example_dags/example_task_group_decorator.py
[2026-05-09T19:23:28.197+0000] {processor.py:830} INFO - Processing file /home/airflow/.local/lib/python3.12/site-packages/airflow/example_dags/example_task_group_decorator.py for tasks to queue
[2026-05-09T19:23:28.199+0000] {logging_mixin.py:188} INFO - [2026-05-09T19:23:28.199+0000] {dagbag.py:545} INFO - Filling up the DagBag from /home/airflow/.local/lib/python3.12/site-packages/airflow/example_dags/example_task_group_decorator.py
[2026-05-09T19:23:28.212+0000] {processor.py:840} INFO - DAG(s) 'example_task_group_decorator' retrieved from /home/airflow/.local/lib/python3.12/site-packages/airflow/example_dags/example_task_group_decorator.py
[2026-05-09T19:23:28.237+0000] {logging_mixin.py:188} INFO - [2026-05-09T19:23:28.236+0000] {dag.py:3096} INFO - Sync 1 DAGs
[2026-05-09T19:23:28.257+0000] {logging_mixin.py:188} INFO - [2026-05-09T19:23:28.257+0000] {dag.py:3954} INFO - Setting next_dagrun for example_task_group_decorator to 2026-05-08 00:00:00+00:00, run_after=2026-05-09 00:00:00+00:00
[2026-05-09T19:23:28.279+0000] {processor.py:183} INFO - Processing /home/airflow/.local/lib/python3.12/site-packages/airflow/example_dags/example_task_group_decorator.py took 0.089 seconds
[2026-05-09T19:23:58.587+0000] {processor.py:161} INFO - Started process (PID=3763) to work on /home/airflow/.local/lib/python3.12/site-packages/airflow/example_dags/example_task_group_decorator.py
[2026-05-09T19:23:58.588+0000] {processor.py:830} INFO - Processing file /home/airflow/.local/lib/python3.12/site-packages/airflow/example_dags/example_task_group_decorator.py for tasks to queue
[2026-05-09T19:23:58.590+0000] {logging_mixin.py:188} INFO - [2026-05-09T19:23:58.590+0000] {dagbag.py:545} INFO - Filling up the DagBag from /home/airflow/.local/lib/python3.12/site-packages/airflow/example_dags/example_task_group_decorator.py
[2026-05-09T19:23:58.604+0000] {processor.py:840} INFO - DAG(s) 'example_task_group_decorator' retrieved from /home/airflow/.local/lib/python3.12/site-packages/airflow/example_dags/example_task_group_decorator.py
[2026-05-09T19:23:58.629+0000] {logging_mixin.py:188} INFO - [2026-05-09T19:23:58.628+0000] {dag.py:3096} INFO - Sync 1 DAGs
[2026-05-09T19:23:58.650+0000] {logging_mixin.py:188} INFO - [2026-05-09T19:23:58.649+0000] {dag.py:3954} INFO - Setting next_dagrun for example_task_group_decorator to 2026-05-08 00:00:00+00:00, run_after=2026-05-09 00:00:00+00:00
[2026-05-09T19:23:58.673+0000] {processor.py:183} INFO - Processing /home/airflow/.local/lib/python3.12/site-packages/airflow/example_dags/example_task_group_decorator.py took 0.091 seconds
[2026-05-09T19:24:29.067+0000] {processor.py:161} INFO - Started process (PID=3822) to work on /home/airflow/.local/lib/python3.12/site-packages/airflow/example_dags/example_task_group_decorator.py
[2026-05-09T19:24:29.068+0000] {processor.py:830} INFO - Processing file /home/airflow/.local/lib/python3.12/site-packages/airflow/example_dags/example_task_group_decorator.py for tasks to queue
[2026-05-09T19:24:29.071+0000] {logging_mixin.py:188} INFO - [2026-05-09T19:24:29.070+0000] {dagbag.py:545} INFO - Filling up the DagBag from /home/airflow/.local/lib/python3.12/site-packages/airflow/example_dags/example_task_group_decorator.py
[2026-05-09T19:24:29.083+0000] {processor.py:840} INFO - DAG(s) 'example_task_group_decorator' retrieved from /home/airflow/.local/lib/python3.12/site-packages/airflow/example_dags/example_task_group_decorator.py
[2026-05-09T19:24:29.109+0000] {logging_mixin.py:188} INFO - [2026-05-09T19:24:29.108+0000] {dag.py:3096} INFO - Sync 1 DAGs
[2026-05-09T19:24:29.130+0000] {logging_mixin.py:188} INFO - [2026-05-09T19:24:29.130+0000] {dag.py:3954} INFO - Setting next_dagrun for example_task_group_decorator to 2026-05-08 00:00:00+00:00, run_after=2026-05-09 00:00:00+00:00
[2026-05-09T19:24:29.154+0000] {processor.py:183} INFO - Processing /home/airflow/.local/lib/python3.12/site-packages/airflow/example_dags/example_task_group_decorator.py took 0.091 seconds
[2026-05-09T19:24:59.388+0000] {processor.py:161} INFO - Started process (PID=3881) to work on /home/airflow/.local/lib/python3.12/site-packages/airflow/example_dags/example_task_group_decorator.py
[2026-05-09T19:24:59.390+0000] {processor.py:830} INFO - Processing file /home/airflow/.local/lib/python3.12/site-packages/airflow/example_dags/example_task_group_decorator.py for tasks to queue
[2026-05-09T19:24:59.392+0000] {logging_mixin.py:188} INFO - [2026-05-09T19:24:59.392+0000] {dagbag.py:545} INFO - Filling up the DagBag from /home/airflow/.local/lib/python3.12/site-packages/airflow/example_dags/example_task_group_decorator.py
[2026-05-09T19:24:59.404+0000] {processor.py:840} INFO - DAG(s) 'example_task_group_decorator' retrieved from /home/airflow/.local/lib/python3.12/site-packages/airflow/example_dags/example_task_group_decorator.py
[2026-05-09T19:24:59.430+0000] {logging_mixin.py:188} INFO - [2026-05-09T19:24:59.430+0000] {dag.py:3096} INFO - Sync 1 DAGs
[2026-05-09T19:24:59.451+0000] {logging_mixin.py:188} INFO - [2026-05-09T19:24:59.451+0000] {dag.py:3954} INFO - Setting next_dagrun for example_task_group_decorator to 2026-05-08 00:00:00+00:00, run_after=2026-05-09 00:00:00+00:00
[2026-05-09T19:24:59.472+0000] {processor.py:183} INFO - Processing /home/airflow/.local/lib/python3.12/site-packages/airflow/example_dags/example_task_group_decorator.py took 0.088 seconds
[2026-05-09T19:25:29.763+0000] {processor.py:161} INFO - Started process (PID=3940) to work on /home/airflow/.local/lib/python3.12/site-packages/airflow/example_dags/example_task_group_decorator.py
[2026-05-09T19:25:29.764+0000] {processor.py:830} INFO - Processing file /home/airflow/.local/lib/python3.12/site-packages/airflow/example_dags/example_task_group_decorator.py for tasks to queue
[2026-05-09T19:25:29.767+0000] {logging_mixin.py:188} INFO - [2026-05-09T19:25:29.766+0000] {dagbag.py:545} INFO - Filling up the DagBag from /home/airflow/.local/lib/python3.12/site-packages/airflow/example_dags/example_task_group_decorator.py
[2026-05-09T19:25:29.780+0000] {processor.py:840} INFO - DAG(s) 'example_task_group_decorator' retrieved from /home/airflow/.local/lib/python3.12/site-packages/airflow/example_dags/example_task_group_decorator.py
[2026-05-09T19:25:29.808+0000] {logging_mixin.py:188} INFO - [2026-05-09T19:25:29.807+0000] {dag.py:3096} INFO - Sync 1 DAGs
[2026-05-09T19:25:29.832+0000] {logging_mixin.py:188} INFO - [2026-05-09T19:25:29.832+0000] {dag.py:3954} INFO - Setting next_dagrun for example_task_group_decorator to 2026-05-08 00:00:00+00:00, run_after=2026-05-09 00:00:00+00:00
[2026-05-09T19:25:29.857+0000] {processor.py:183} INFO - Processing /home/airflow/.local/lib/python3.12/site-packages/airflow/example_dags/example_task_group_decorator.py took 0.099 seconds
[2026-05-09T19:26:00.224+0000] {processor.py:161} INFO - Started process (PID=3999) to work on /home/airflow/.local/lib/python3.12/site-packages/airflow/example_dags/example_task_group_decorator.py
[2026-05-09T19:26:00.225+0000] {processor.py:830} INFO - Processing file /home/airflow/.local/lib/python3.12/site-packages/airflow/example_dags/example_task_group_decorator.py for tasks to queue
[2026-05-09T19:26:00.227+0000] {logging_mixin.py:188} INFO - [2026-05-09T19:26:00.227+0000] {dagbag.py:545} INFO - Filling up the DagBag from /home/airflow/.local/lib/python3.12/site-packages/airflow/example_dags/example_task_group_decorator.py
[2026-05-09T19:26:00.240+0000] {processor.py:840} INFO - DAG(s) 'example_task_group_decorator' retrieved from /home/airflow/.local/lib/python3.12/site-packages/airflow/example_dags/example_task_group_decorator.py
[2026-05-09T19:26:00.267+0000] {logging_mixin.py:188} INFO - [2026-05-09T19:26:00.266+0000] {dag.py:3096} INFO - Sync 1 DAGs
[2026-05-09T19:26:00.289+0000] {logging_mixin.py:188} INFO - [2026-05-09T19:26:00.289+0000] {dag.py:3954} INFO - Setting next_dagrun for example_task_group_decorator to 2026-05-08 00:00:00+00:00, run_after=2026-05-09 00:00:00+00:00
[2026-05-09T19:26:00.310+0000] {processor.py:183} INFO - Processing /home/airflow/.local/lib/python3.12/site-packages/airflow/example_dags/example_task_group_decorator.py took 0.091 seconds
[2026-05-09T19:26:30.425+0000] {processor.py:161} INFO - Started process (PID=4058) to work on /home/airflow/.local/lib/python3.12/site-packages/airflow/example_dags/example_task_group_decorator.py
[2026-05-09T19:26:30.427+0000] {processor.py:830} INFO - Processing file /home/airflow/.local/lib/python3.12/site-packages/airflow/example_dags/example_task_group_decorator.py for tasks to queue
[2026-05-09T19:26:30.429+0000] {logging_mixin.py:188} INFO - [2026-05-09T19:26:30.428+0000] {dagbag.py:545} INFO - Filling up the DagBag from /home/airflow/.local/lib/python3.12/site-packages/airflow/example_dags/example_task_group_decorator.py
[2026-05-09T19:26:30.441+0000] {processor.py:840} INFO - DAG(s) 'example_task_group_decorator' retrieved from /home/airflow/.local/lib/python3.12/site-packages/airflow/example_dags/example_task_group_decorator.py
[2026-05-09T19:26:30.466+0000] {logging_mixin.py:188} INFO - [2026-05-09T19:26:30.466+0000] {dag.py:3096} INFO - Sync 1 DAGs
[2026-05-09T19:26:30.486+0000] {logging_mixin.py:188} INFO - [2026-05-09T19:26:30.486+0000] {dag.py:3954} INFO - Setting next_dagrun for example_task_group_decorator to 2026-05-08 00:00:00+00:00, run_after=2026-05-09 00:00:00+00:00
[2026-05-09T19:26:30.508+0000] {processor.py:183} INFO - Processing /home/airflow/.local/lib/python3.12/site-packages/airflow/example_dags/example_task_group_decorator.py took 0.088 seconds
[2026-05-09T19:27:00.855+0000] {processor.py:161} INFO - Started process (PID=4117) to work on /home/airflow/.local/lib/python3.12/site-packages/airflow/example_dags/example_task_group_decorator.py
[2026-05-09T19:27:00.856+0000] {processor.py:830} INFO - Processing file /home/airflow/.local/lib/python3.12/site-packages/airflow/example_dags/example_task_group_decorator.py for tasks to queue
[2026-05-09T19:27:00.858+0000] {logging_mixin.py:188} INFO - [2026-05-09T19:27:00.858+0000] {dagbag.py:545} INFO - Filling up the DagBag from /home/airflow/.local/lib/python3.12/site-packages/airflow/example_dags/example_task_group_decorator.py
[2026-05-09T19:27:00.870+0000] {processor.py:840} INFO - DAG(s) 'example_task_group_decorator' retrieved from /home/airflow/.local/lib/python3.12/site-packages/airflow/example_dags/example_task_group_decorator.py
[2026-05-09T19:27:00.895+0000] {logging_mixin.py:188} INFO - [2026-05-09T19:27:00.895+0000] {dag.py:3096} INFO - Sync 1 DAGs
[2026-05-09T19:27:00.916+0000] {logging_mixin.py:188} INFO - [2026-05-09T19:27:00.916+0000] {dag.py:3954} INFO - Setting next_dagrun for example_task_group_decorator to 2026-05-08 00:00:00+00:00, run_after=2026-05-09 00:00:00+00:00
[2026-05-09T19:27:00.942+0000] {processor.py:183} INFO - Processing /home/airflow/.local/lib/python3.12/site-packages/airflow/example_dags/example_task_group_decorator.py took 0.093 seconds
[2026-05-09T19:27:31.116+0000] {processor.py:161} INFO - Started process (PID=4176) to work on /home/airflow/.local/lib/python3.12/site-packages/airflow/example_dags/example_task_group_decorator.py
[2026-05-09T19:27:31.117+0000] {processor.py:830} INFO - Processing file /home/airflow/.local/lib/python3.12/site-packages/airflow/example_dags/example_task_group_decorator.py for tasks to queue
[2026-05-09T19:27:31.119+0000] {logging_mixin.py:188} INFO - [2026-05-09T19:27:31.119+0000] {dagbag.py:545} INFO - Filling up the DagBag from /home/airflow/.local/lib/python3.12/site-packages/airflow/example_dags/example_task_group_decorator.py
[2026-05-09T19:27:31.132+0000] {processor.py:840} INFO - DAG(s) 'example_task_group_decorator' retrieved from /home/airflow/.local/lib/python3.12/site-packages/airflow/example_dags/example_task_group_decorator.py
[2026-05-09T19:27:31.158+0000] {logging_mixin.py:188} INFO - [2026-05-09T19:27:31.157+0000] {dag.py:3096} INFO - Sync 1 DAGs
[2026-05-09T19:27:31.178+0000] {logging_mixin.py:188} INFO - [2026-05-09T19:27:31.178+0000] {dag.py:3954} INFO - Setting next_dagrun for example_task_group_decorator to 2026-05-08 00:00:00+00:00, run_after=2026-05-09 00:00:00+00:00
[2026-05-09T19:27:31.201+0000] {processor.py:183} INFO - Processing /home/airflow/.local/lib/python3.12/site-packages/airflow/example_dags/example_task_group_decorator.py took 0.091 seconds
[2026-05-09T19:28:01.979+0000] {processor.py:161} INFO - Started process (PID=4233) to work on /home/airflow/.local/lib/python3.12/site-packages/airflow/example_dags/example_task_group_decorator.py
[2026-05-09T19:28:01.981+0000] {processor.py:830} INFO - Processing file /home/airflow/.local/lib/python3.12/site-packages/airflow/example_dags/example_task_group_decorator.py for tasks to queue
[2026-05-09T19:28:01.984+0000] {logging_mixin.py:188} INFO - [2026-05-09T19:28:01.984+0000] {dagbag.py:545} INFO - Filling up the DagBag from /home/airflow/.local/lib/python3.12/site-packages/airflow/example_dags/example_task_group_decorator.py
[2026-05-09T19:28:02.026+0000] {processor.py:840} INFO - DAG(s) 'example_task_group_decorator' retrieved from /home/airflow/.local/lib/python3.12/site-packages/airflow/example_dags/example_task_group_decorator.py
[2026-05-09T19:28:02.070+0000] {logging_mixin.py:188} INFO - [2026-05-09T19:28:02.070+0000] {dag.py:3096} INFO - Sync 1 DAGs
[2026-05-09T19:28:02.094+0000] {logging_mixin.py:188} INFO - [2026-05-09T19:28:02.094+0000] {dag.py:3954} INFO - Setting next_dagrun for example_task_group_decorator to 2026-05-08 00:00:00+00:00, run_after=2026-05-09 00:00:00+00:00
[2026-05-09T19:28:02.126+0000] {processor.py:183} INFO - Processing /home/airflow/.local/lib/python3.12/site-packages/airflow/example_dags/example_task_group_decorator.py took 0.154 seconds
[2026-05-09T19:28:32.193+0000] {processor.py:161} INFO - Started process (PID=4292) to work on /home/airflow/.local/lib/python3.12/site-packages/airflow/example_dags/example_task_group_decorator.py
[2026-05-09T19:28:32.194+0000] {processor.py:830} INFO - Processing file /home/airflow/.local/lib/python3.12/site-packages/airflow/example_dags/example_task_group_decorator.py for tasks to queue
[2026-05-09T19:28:32.196+0000] {logging_mixin.py:188} INFO - [2026-05-09T19:28:32.196+0000] {dagbag.py:545} INFO - Filling up the DagBag from /home/airflow/.local/lib/python3.12/site-packages/airflow/example_dags/example_task_group_decorator.py
[2026-05-09T19:28:32.209+0000] {processor.py:840} INFO - DAG(s) 'example_task_group_decorator' retrieved from /home/airflow/.local/lib/python3.12/site-packages/airflow/example_dags/example_task_group_decorator.py
[2026-05-09T19:28:32.233+0000] {logging_mixin.py:188} INFO - [2026-05-09T19:28:32.233+0000] {dag.py:3096} INFO - Sync 1 DAGs
[2026-05-09T19:28:32.255+0000] {logging_mixin.py:188} INFO - [2026-05-09T19:28:32.255+0000] {dag.py:3954} INFO - Setting next_dagrun for example_task_group_decorator to 2026-05-08 00:00:00+00:00, run_after=2026-05-09 00:00:00+00:00
[2026-05-09T19:28:32.277+0000] {processor.py:183} INFO - Processing /home/airflow/.local/lib/python3.12/site-packages/airflow/example_dags/example_task_group_decorator.py took 0.090 seconds
[2026-05-09T19:29:02.692+0000] {processor.py:161} INFO - Started process (PID=4351) to work on /home/airflow/.local/lib/python3.12/site-packages/airflow/example_dags/example_task_group_decorator.py
[2026-05-09T19:29:02.693+0000] {processor.py:830} INFO - Processing file /home/airflow/.local/lib/python3.12/site-packages/airflow/example_dags/example_task_group_decorator.py for tasks to queue
[2026-05-09T19:29:02.695+0000] {logging_mixin.py:188} INFO - [2026-05-09T19:29:02.695+0000] {dagbag.py:545} INFO - Filling up the DagBag from /home/airflow/.local/lib/python3.12/site-packages/airflow/example_dags/example_task_group_decorator.py
[2026-05-09T19:29:02.707+0000] {processor.py:840} INFO - DAG(s) 'example_task_group_decorator' retrieved from /home/airflow/.local/lib/python3.12/site-packages/airflow/example_dags/example_task_group_decorator.py
[2026-05-09T19:29:02.732+0000] {logging_mixin.py:188} INFO - [2026-05-09T19:29:02.732+0000] {dag.py:3096} INFO - Sync 1 DAGs
[2026-05-09T19:29:02.752+0000] {logging_mixin.py:188} INFO - [2026-05-09T19:29:02.752+0000] {dag.py:3954} INFO - Setting next_dagrun for example_task_group_decorator to 2026-05-08 00:00:00+00:00, run_after=2026-05-09 00:00:00+00:00
[2026-05-09T19:29:02.773+0000] {processor.py:183} INFO - Processing /home/airflow/.local/lib/python3.12/site-packages/airflow/example_dags/example_task_group_decorator.py took 0.086 seconds
[2026-05-09T19:29:33.530+0000] {processor.py:161} INFO - Started process (PID=4410) to work on /home/airflow/.local/lib/python3.12/site-packages/airflow/example_dags/example_task_group_decorator.py
[2026-05-09T19:29:33.532+0000] {processor.py:830} INFO - Processing file /home/airflow/.local/lib/python3.12/site-packages/airflow/example_dags/example_task_group_decorator.py for tasks to queue
[2026-05-09T19:29:33.534+0000] {logging_mixin.py:188} INFO - [2026-05-09T19:29:33.534+0000] {dagbag.py:545} INFO - Filling up the DagBag from /home/airflow/.local/lib/python3.12/site-packages/airflow/example_dags/example_task_group_decorator.py
[2026-05-09T19:29:33.546+0000] {processor.py:840} INFO - DAG(s) 'example_task_group_decorator' retrieved from /home/airflow/.local/lib/python3.12/site-packages/airflow/example_dags/example_task_group_decorator.py
[2026-05-09T19:29:33.571+0000] {logging_mixin.py:188} INFO - [2026-05-09T19:29:33.571+0000] {dag.py:3096} INFO - Sync 1 DAGs
[2026-05-09T19:29:33.593+0000] {logging_mixin.py:188} INFO - [2026-05-09T19:29:33.593+0000] {dag.py:3954} INFO - Setting next_dagrun for example_task_group_decorator to 2026-05-08 00:00:00+00:00, run_after=2026-05-09 00:00:00+00:00
[2026-05-09T19:29:33.616+0000] {processor.py:183} INFO - Processing /home/airflow/.local/lib/python3.12/site-packages/airflow/example_dags/example_task_group_decorator.py took 0.090 seconds
[2026-05-09T19:30:04.281+0000] {processor.py:161} INFO - Started process (PID=4469) to work on /home/airflow/.local/lib/python3.12/site-packages/airflow/example_dags/example_task_group_decorator.py
[2026-05-09T19:30:04.282+0000] {processor.py:830} INFO - Processing file /home/airflow/.local/lib/python3.12/site-packages/airflow/example_dags/example_task_group_decorator.py for tasks to queue
[2026-05-09T19:30:04.284+0000] {logging_mixin.py:188} INFO - [2026-05-09T19:30:04.284+0000] {dagbag.py:545} INFO - Filling up the DagBag from /home/airflow/.local/lib/python3.12/site-packages/airflow/example_dags/example_task_group_decorator.py
[2026-05-09T19:30:04.297+0000] {processor.py:840} INFO - DAG(s) 'example_task_group_decorator' retrieved from /home/airflow/.local/lib/python3.12/site-packages/airflow/example_dags/example_task_group_decorator.py
[2026-05-09T19:30:04.321+0000] {logging_mixin.py:188} INFO - [2026-05-09T19:30:04.321+0000] {dag.py:3096} INFO - Sync 1 DAGs
[2026-05-09T19:30:04.343+0000] {logging_mixin.py:188} INFO - [2026-05-09T19:30:04.343+0000] {dag.py:3954} INFO - Setting next_dagrun for example_task_group_decorator to 2026-05-08 00:00:00+00:00, run_after=2026-05-09 00:00:00+00:00
[2026-05-09T19:30:04.364+0000] {processor.py:183} INFO - Processing /home/airflow/.local/lib/python3.12/site-packages/airflow/example_dags/example_task_group_decorator.py took 0.089 seconds
[2026-05-09T19:30:34.589+0000] {processor.py:161} INFO - Started process (PID=4528) to work on /home/airflow/.local/lib/python3.12/site-packages/airflow/example_dags/example_task_group_decorator.py
[2026-05-09T19:30:34.590+0000] {processor.py:830} INFO - Processing file /home/airflow/.local/lib/python3.12/site-packages/airflow/example_dags/example_task_group_decorator.py for tasks to queue
[2026-05-09T19:30:34.592+0000] {logging_mixin.py:188} INFO - [2026-05-09T19:30:34.592+0000] {dagbag.py:545} INFO - Filling up the DagBag from /home/airflow/.local/lib/python3.12/site-packages/airflow/example_dags/example_task_group_decorator.py
[2026-05-09T19:30:34.606+0000] {processor.py:840} INFO - DAG(s) 'example_task_group_decorator' retrieved from /home/airflow/.local/lib/python3.12/site-packages/airflow/example_dags/example_task_group_decorator.py
[2026-05-09T19:30:34.633+0000] {logging_mixin.py:188} INFO - [2026-05-09T19:30:34.632+0000] {dag.py:3096} INFO - Sync 1 DAGs
[2026-05-09T19:30:34.655+0000] {logging_mixin.py:188} INFO - [2026-05-09T19:30:34.655+0000] {dag.py:3954} INFO - Setting next_dagrun for example_task_group_decorator to 2026-05-08 00:00:00+00:00, run_after=2026-05-09 00:00:00+00:00
[2026-05-09T19:30:34.679+0000] {processor.py:183} INFO - Processing /home/airflow/.local/lib/python3.12/site-packages/airflow/example_dags/example_task_group_decorator.py took 0.096 seconds
[2026-05-09T19:31:04.807+0000] {processor.py:161} INFO - Started process (PID=4587) to work on /home/airflow/.local/lib/python3.12/site-packages/airflow/example_dags/example_task_group_decorator.py
[2026-05-09T19:31:04.808+0000] {processor.py:830} INFO - Processing file /home/airflow/.local/lib/python3.12/site-packages/airflow/example_dags/example_task_group_decorator.py for tasks to queue
[2026-05-09T19:31:04.810+0000] {logging_mixin.py:188} INFO - [2026-05-09T19:31:04.810+0000] {dagbag.py:545} INFO - Filling up the DagBag from /home/airflow/.local/lib/python3.12/site-packages/airflow/example_dags/example_task_group_decorator.py
[2026-05-09T19:31:04.823+0000] {processor.py:840} INFO - DAG(s) 'example_task_group_decorator' retrieved from /home/airflow/.local/lib/python3.12/site-packages/airflow/example_dags/example_task_group_decorator.py
[2026-05-09T19:31:04.847+0000] {logging_mixin.py:188} INFO - [2026-05-09T19:31:04.847+0000] {dag.py:3096} INFO - Sync 1 DAGs
[2026-05-09T19:31:04.868+0000] {logging_mixin.py:188} INFO - [2026-05-09T19:31:04.868+0000] {dag.py:3954} INFO - Setting next_dagrun for example_task_group_decorator to 2026-05-08 00:00:00+00:00, run_after=2026-05-09 00:00:00+00:00
[2026-05-09T19:31:04.892+0000] {processor.py:183} INFO - Processing /home/airflow/.local/lib/python3.12/site-packages/airflow/example_dags/example_task_group_decorator.py took 0.090 seconds
[2026-05-09T19:31:35.034+0000] {processor.py:161} INFO - Started process (PID=4646) to work on /home/airflow/.local/lib/python3.12/site-packages/airflow/example_dags/example_task_group_decorator.py
[2026-05-09T19:31:35.035+0000] {processor.py:830} INFO - Processing file /home/airflow/.local/lib/python3.12/site-packages/airflow/example_dags/example_task_group_decorator.py for tasks to queue
[2026-05-09T19:31:35.037+0000] {logging_mixin.py:188} INFO - [2026-05-09T19:31:35.037+0000] {dagbag.py:545} INFO - Filling up the DagBag from /home/airflow/.local/lib/python3.12/site-packages/airflow/example_dags/example_task_group_decorator.py
[2026-05-09T19:31:35.050+0000] {processor.py:840} INFO - DAG(s) 'example_task_group_decorator' retrieved from /home/airflow/.local/lib/python3.12/site-packages/airflow/example_dags/example_task_group_decorator.py
[2026-05-09T19:31:35.075+0000] {logging_mixin.py:188} INFO - [2026-05-09T19:31:35.075+0000] {dag.py:3096} INFO - Sync 1 DAGs
[2026-05-09T19:31:35.105+0000] {logging_mixin.py:188} INFO - [2026-05-09T19:31:35.104+0000] {dag.py:3954} INFO - Setting next_dagrun for example_task_group_decorator to 2026-05-08 00:00:00+00:00, run_after=2026-05-09 00:00:00+00:00
[2026-05-09T19:31:35.133+0000] {processor.py:183} INFO - Processing /home/airflow/.local/lib/python3.12/site-packages/airflow/example_dags/example_task_group_decorator.py took 0.104 seconds
[2026-05-09T19:32:05.204+0000] {processor.py:161} INFO - Started process (PID=4705) to work on /home/airflow/.local/lib/python3.12/site-packages/airflow/example_dags/example_task_group_decorator.py
[2026-05-09T19:32:05.205+0000] {processor.py:830} INFO - Processing file /home/airflow/.local/lib/python3.12/site-packages/airflow/example_dags/example_task_group_decorator.py for tasks to queue
[2026-05-09T19:32:05.208+0000] {logging_mixin.py:188} INFO - [2026-05-09T19:32:05.207+0000] {dagbag.py:545} INFO - Filling up the DagBag from /home/airflow/.local/lib/python3.12/site-packages/airflow/example_dags/example_task_group_decorator.py
[2026-05-09T19:32:05.221+0000] {processor.py:840} INFO - DAG(s) 'example_task_group_decorator' retrieved from /home/airflow/.local/lib/python3.12/site-packages/airflow/example_dags/example_task_group_decorator.py
[2026-05-09T19:32:05.246+0000] {logging_mixin.py:188} INFO - [2026-05-09T19:32:05.246+0000] {dag.py:3096} INFO - Sync 1 DAGs
[2026-05-09T19:32:05.266+0000] {logging_mixin.py:188} INFO - [2026-05-09T19:32:05.266+0000] {dag.py:3954} INFO - Setting next_dagrun for example_task_group_decorator to 2026-05-08 00:00:00+00:00, run_after=2026-05-09 00:00:00+00:00
[2026-05-09T19:32:05.288+0000] {processor.py:183} INFO - Processing /home/airflow/.local/lib/python3.12/site-packages/airflow/example_dags/example_task_group_decorator.py took 0.090 seconds
[2026-05-09T19:32:35.921+0000] {processor.py:161} INFO - Started process (PID=4765) to work on /home/airflow/.local/lib/python3.12/site-packages/airflow/example_dags/example_task_group_decorator.py
[2026-05-09T19:32:35.922+0000] {processor.py:830} INFO - Processing file /home/airflow/.local/lib/python3.12/site-packages/airflow/example_dags/example_task_group_decorator.py for tasks to queue
[2026-05-09T19:32:35.924+0000] {logging_mixin.py:188} INFO - [2026-05-09T19:32:35.924+0000] {dagbag.py:545} INFO - Filling up the DagBag from /home/airflow/.local/lib/python3.12/site-packages/airflow/example_dags/example_task_group_decorator.py
[2026-05-09T19:32:35.937+0000] {processor.py:840} INFO - DAG(s) 'example_task_group_decorator' retrieved from /home/airflow/.local/lib/python3.12/site-packages/airflow/example_dags/example_task_group_decorator.py
[2026-05-09T19:32:35.961+0000] {logging_mixin.py:188} INFO - [2026-05-09T19:32:35.961+0000] {dag.py:3096} INFO - Sync 1 DAGs
[2026-05-09T19:32:35.985+0000] {logging_mixin.py:188} INFO - [2026-05-09T19:32:35.984+0000] {dag.py:3954} INFO - Setting next_dagrun for example_task_group_decorator to 2026-05-08 00:00:00+00:00, run_after=2026-05-09 00:00:00+00:00
[2026-05-09T19:32:36.008+0000] {processor.py:183} INFO - Processing /home/airflow/.local/lib/python3.12/site-packages/airflow/example_dags/example_task_group_decorator.py took 0.094 seconds
[2026-05-09T19:33:06.636+0000] {processor.py:161} INFO - Started process (PID=4824) to work on /home/airflow/.local/lib/python3.12/site-packages/airflow/example_dags/example_task_group_decorator.py
[2026-05-09T19:33:06.637+0000] {processor.py:830} INFO - Processing file /home/airflow/.local/lib/python3.12/site-packages/airflow/example_dags/example_task_group_decorator.py for tasks to queue
[2026-05-09T19:33:06.639+0000] {logging_mixin.py:188} INFO - [2026-05-09T19:33:06.639+0000] {dagbag.py:545} INFO - Filling up the DagBag from /home/airflow/.local/lib/python3.12/site-packages/airflow/example_dags/example_task_group_decorator.py
[2026-05-09T19:33:06.652+0000] {processor.py:840} INFO - DAG(s) 'example_task_group_decorator' retrieved from /home/airflow/.local/lib/python3.12/site-packages/airflow/example_dags/example_task_group_decorator.py
[2026-05-09T19:33:06.676+0000] {logging_mixin.py:188} INFO - [2026-05-09T19:33:06.676+0000] {dag.py:3096} INFO - Sync 1 DAGs
[2026-05-09T19:33:06.697+0000] {logging_mixin.py:188} INFO - [2026-05-09T19:33:06.697+0000] {dag.py:3954} INFO - Setting next_dagrun for example_task_group_decorator to 2026-05-08 00:00:00+00:00, run_after=2026-05-09 00:00:00+00:00
[2026-05-09T19:33:06.721+0000] {processor.py:183} INFO - Processing /home/airflow/.local/lib/python3.12/site-packages/airflow/example_dags/example_task_group_decorator.py took 0.090 seconds
[2026-05-09T19:33:36.828+0000] {processor.py:161} INFO - Started process (PID=4883) to work on /home/airflow/.local/lib/python3.12/site-packages/airflow/example_dags/example_task_group_decorator.py
[2026-05-09T19:33:36.829+0000] {processor.py:830} INFO - Processing file /home/airflow/.local/lib/python3.12/site-packages/airflow/example_dags/example_task_group_decorator.py for tasks to queue
[2026-05-09T19:33:36.832+0000] {logging_mixin.py:188} INFO - [2026-05-09T19:33:36.832+0000] {dagbag.py:545} INFO - Filling up the DagBag from /home/airflow/.local/lib/python3.12/site-packages/airflow/example_dags/example_task_group_decorator.py
[2026-05-09T19:33:36.847+0000] {processor.py:840} INFO - DAG(s) 'example_task_group_decorator' retrieved from /home/airflow/.local/lib/python3.12/site-packages/airflow/example_dags/example_task_group_decorator.py
[2026-05-09T19:33:36.875+0000] {logging_mixin.py:188} INFO - [2026-05-09T19:33:36.875+0000] {dag.py:3096} INFO - Sync 1 DAGs
[2026-05-09T19:33:36.900+0000] {logging_mixin.py:188} INFO - [2026-05-09T19:33:36.900+0000] {dag.py:3954} INFO - Setting next_dagrun for example_task_group_decorator to 2026-05-08 00:00:00+00:00, run_after=2026-05-09 00:00:00+00:00
[2026-05-09T19:33:36.924+0000] {processor.py:183} INFO - Processing /home/airflow/.local/lib/python3.12/site-packages/airflow/example_dags/example_task_group_decorator.py took 0.101 seconds
[2026-05-09T19:34:07.327+0000] {processor.py:161} INFO - Started process (PID=4942) to work on /home/airflow/.local/lib/python3.12/site-packages/airflow/example_dags/example_task_group_decorator.py
[2026-05-09T19:34:07.328+0000] {processor.py:830} INFO - Processing file /home/airflow/.local/lib/python3.12/site-packages/airflow/example_dags/example_task_group_decorator.py for tasks to queue
[2026-05-09T19:34:07.331+0000] {logging_mixin.py:188} INFO - [2026-05-09T19:34:07.330+0000] {dagbag.py:545} INFO - Filling up the DagBag from /home/airflow/.local/lib/python3.12/site-packages/airflow/example_dags/example_task_group_decorator.py
[2026-05-09T19:34:07.345+0000] {processor.py:840} INFO - DAG(s) 'example_task_group_decorator' retrieved from /home/airflow/.local/lib/python3.12/site-packages/airflow/example_dags/example_task_group_decorator.py
[2026-05-09T19:34:07.371+0000] {logging_mixin.py:188} INFO - [2026-05-09T19:34:07.371+0000] {dag.py:3096} INFO - Sync 1 DAGs
[2026-05-09T19:34:07.392+0000] {logging_mixin.py:188} INFO - [2026-05-09T19:34:07.392+0000] {dag.py:3954} INFO - Setting next_dagrun for example_task_group_decorator to 2026-05-08 00:00:00+00:00, run_after=2026-05-09 00:00:00+00:00
[2026-05-09T19:34:07.418+0000] {processor.py:183} INFO - Processing /home/airflow/.local/lib/python3.12/site-packages/airflow/example_dags/example_task_group_decorator.py took 0.097 seconds
[2026-05-09T19:34:37.925+0000] {processor.py:161} INFO - Started process (PID=5001) to work on /home/airflow/.local/lib/python3.12/site-packages/airflow/example_dags/example_task_group_decorator.py
[2026-05-09T19:34:37.925+0000] {processor.py:830} INFO - Processing file /home/airflow/.local/lib/python3.12/site-packages/airflow/example_dags/example_task_group_decorator.py for tasks to queue
[2026-05-09T19:34:37.927+0000] {logging_mixin.py:188} INFO - [2026-05-09T19:34:37.927+0000] {dagbag.py:545} INFO - Filling up the DagBag from /home/airflow/.local/lib/python3.12/site-packages/airflow/example_dags/example_task_group_decorator.py
[2026-05-09T19:34:37.939+0000] {processor.py:840} INFO - DAG(s) 'example_task_group_decorator' retrieved from /home/airflow/.local/lib/python3.12/site-packages/airflow/example_dags/example_task_group_decorator.py
[2026-05-09T19:34:37.965+0000] {logging_mixin.py:188} INFO - [2026-05-09T19:34:37.964+0000] {dag.py:3096} INFO - Sync 1 DAGs
[2026-05-09T19:34:37.991+0000] {logging_mixin.py:188} INFO - [2026-05-09T19:34:37.991+0000] {dag.py:3954} INFO - Setting next_dagrun for example_task_group_decorator to 2026-05-08 00:00:00+00:00, run_after=2026-05-09 00:00:00+00:00
[2026-05-09T19:34:38.013+0000] {processor.py:183} INFO - Processing /home/airflow/.local/lib/python3.12/site-packages/airflow/example_dags/example_task_group_decorator.py took 0.093 seconds
[2026-05-09T19:35:08.442+0000] {processor.py:161} INFO - Started process (PID=5060) to work on /home/airflow/.local/lib/python3.12/site-packages/airflow/example_dags/example_task_group_decorator.py
[2026-05-09T19:35:08.443+0000] {processor.py:830} INFO - Processing file /home/airflow/.local/lib/python3.12/site-packages/airflow/example_dags/example_task_group_decorator.py for tasks to queue
[2026-05-09T19:35:08.446+0000] {logging_mixin.py:188} INFO - [2026-05-09T19:35:08.445+0000] {dagbag.py:545} INFO - Filling up the DagBag from /home/airflow/.local/lib/python3.12/site-packages/airflow/example_dags/example_task_group_decorator.py
[2026-05-09T19:35:08.460+0000] {processor.py:840} INFO - DAG(s) 'example_task_group_decorator' retrieved from /home/airflow/.local/lib/python3.12/site-packages/airflow/example_dags/example_task_group_decorator.py
[2026-05-09T19:35:08.488+0000] {logging_mixin.py:188} INFO - [2026-05-09T19:35:08.488+0000] {dag.py:3096} INFO - Sync 1 DAGs
[2026-05-09T19:35:08.514+0000] {logging_mixin.py:188} INFO - [2026-05-09T19:35:08.514+0000] {dag.py:3954} INFO - Setting next_dagrun for example_task_group_decorator to 2026-05-08 00:00:00+00:00, run_after=2026-05-09 00:00:00+00:00
[2026-05-09T19:35:08.539+0000] {processor.py:183} INFO - Processing /home/airflow/.local/lib/python3.12/site-packages/airflow/example_dags/example_task_group_decorator.py took 0.103 seconds
[2026-05-09T19:35:38.813+0000] {processor.py:161} INFO - Started process (PID=5119) to work on /home/airflow/.local/lib/python3.12/site-packages/airflow/example_dags/example_task_group_decorator.py
[2026-05-09T19:35:38.814+0000] {processor.py:830} INFO - Processing file /home/airflow/.local/lib/python3.12/site-packages/airflow/example_dags/example_task_group_decorator.py for tasks to queue
[2026-05-09T19:35:38.816+0000] {logging_mixin.py:188} INFO - [2026-05-09T19:35:38.816+0000] {dagbag.py:545} INFO - Filling up the DagBag from /home/airflow/.local/lib/python3.12/site-packages/airflow/example_dags/example_task_group_decorator.py
[2026-05-09T19:35:38.829+0000] {processor.py:840} INFO - DAG(s) 'example_task_group_decorator' retrieved from /home/airflow/.local/lib/python3.12/site-packages/airflow/example_dags/example_task_group_decorator.py
[2026-05-09T19:35:38.856+0000] {logging_mixin.py:188} INFO - [2026-05-09T19:35:38.855+0000] {dag.py:3096} INFO - Sync 1 DAGs
[2026-05-09T19:35:38.877+0000] {logging_mixin.py:188} INFO - [2026-05-09T19:35:38.876+0000] {dag.py:3954} INFO - Setting next_dagrun for example_task_group_decorator to 2026-05-08 00:00:00+00:00, run_after=2026-05-09 00:00:00+00:00
[2026-05-09T19:35:38.898+0000] {processor.py:183} INFO - Processing /home/airflow/.local/lib/python3.12/site-packages/airflow/example_dags/example_task_group_decorator.py took 0.091 seconds
[2026-05-09T19:36:09.016+0000] {processor.py:161} INFO - Started process (PID=5178) to work on /home/airflow/.local/lib/python3.12/site-packages/airflow/example_dags/example_task_group_decorator.py
[2026-05-09T19:36:09.018+0000] {processor.py:830} INFO - Processing file /home/airflow/.local/lib/python3.12/site-packages/airflow/example_dags/example_task_group_decorator.py for tasks to queue
[2026-05-09T19:36:09.021+0000] {logging_mixin.py:188} INFO - [2026-05-09T19:36:09.020+0000] {dagbag.py:545} INFO - Filling up the DagBag from /home/airflow/.local/lib/python3.12/site-packages/airflow/example_dags/example_task_group_decorator.py
[2026-05-09T19:36:09.042+0000] {processor.py:840} INFO - DAG(s) 'example_task_group_decorator' retrieved from /home/airflow/.local/lib/python3.12/site-packages/airflow/example_dags/example_task_group_decorator.py
[2026-05-09T19:36:09.069+0000] {logging_mixin.py:188} INFO - [2026-05-09T19:36:09.069+0000] {dag.py:3096} INFO - Sync 1 DAGs
[2026-05-09T19:36:09.094+0000] {logging_mixin.py:188} INFO - [2026-05-09T19:36:09.093+0000] {dag.py:3954} INFO - Setting next_dagrun for example_task_group_decorator to 2026-05-08 00:00:00+00:00, run_after=2026-05-09 00:00:00+00:00
[2026-05-09T19:36:09.122+0000] {processor.py:183} INFO - Processing /home/airflow/.local/lib/python3.12/site-packages/airflow/example_dags/example_task_group_decorator.py took 0.112 seconds
[2026-05-09T19:36:39.718+0000] {processor.py:161} INFO - Started process (PID=5237) to work on /home/airflow/.local/lib/python3.12/site-packages/airflow/example_dags/example_task_group_decorator.py
[2026-05-09T19:36:39.719+0000] {processor.py:830} INFO - Processing file /home/airflow/.local/lib/python3.12/site-packages/airflow/example_dags/example_task_group_decorator.py for tasks to queue
[2026-05-09T19:36:39.722+0000] {logging_mixin.py:188} INFO - [2026-05-09T19:36:39.722+0000] {dagbag.py:545} INFO - Filling up the DagBag from /home/airflow/.local/lib/python3.12/site-packages/airflow/example_dags/example_task_group_decorator.py
[2026-05-09T19:36:39.736+0000] {processor.py:840} INFO - DAG(s) 'example_task_group_decorator' retrieved from /home/airflow/.local/lib/python3.12/site-packages/airflow/example_dags/example_task_group_decorator.py
[2026-05-09T19:36:39.764+0000] {logging_mixin.py:188} INFO - [2026-05-09T19:36:39.763+0000] {dag.py:3096} INFO - Sync 1 DAGs
[2026-05-09T19:36:39.784+0000] {logging_mixin.py:188} INFO - [2026-05-09T19:36:39.784+0000] {dag.py:3954} INFO - Setting next_dagrun for example_task_group_decorator to 2026-05-08 00:00:00+00:00, run_after=2026-05-09 00:00:00+00:00
[2026-05-09T19:36:39.810+0000] {processor.py:183} INFO - Processing /home/airflow/.local/lib/python3.12/site-packages/airflow/example_dags/example_task_group_decorator.py took 0.098 seconds
[2026-05-09T19:37:09.974+0000] {processor.py:161} INFO - Started process (PID=5296) to work on /home/airflow/.local/lib/python3.12/site-packages/airflow/example_dags/example_task_group_decorator.py
[2026-05-09T19:37:09.975+0000] {processor.py:830} INFO - Processing file /home/airflow/.local/lib/python3.12/site-packages/airflow/example_dags/example_task_group_decorator.py for tasks to queue
[2026-05-09T19:37:09.977+0000] {logging_mixin.py:188} INFO - [2026-05-09T19:37:09.976+0000] {dagbag.py:545} INFO - Filling up the DagBag from /home/airflow/.local/lib/python3.12/site-packages/airflow/example_dags/example_task_group_decorator.py
[2026-05-09T19:37:09.989+0000] {processor.py:840} INFO - DAG(s) 'example_task_group_decorator' retrieved from /home/airflow/.local/lib/python3.12/site-packages/airflow/example_dags/example_task_group_decorator.py
[2026-05-09T19:37:10.014+0000] {logging_mixin.py:188} INFO - [2026-05-09T19:37:10.013+0000] {dag.py:3096} INFO - Sync 1 DAGs
[2026-05-09T19:37:10.034+0000] {logging_mixin.py:188} INFO - [2026-05-09T19:37:10.034+0000] {dag.py:3954} INFO - Setting next_dagrun for example_task_group_decorator to 2026-05-08 00:00:00+00:00, run_after=2026-05-09 00:00:00+00:00
[2026-05-09T19:37:10.056+0000] {processor.py:183} INFO - Processing /home/airflow/.local/lib/python3.12/site-packages/airflow/example_dags/example_task_group_decorator.py took 0.088 seconds
[2026-05-09T19:37:40.709+0000] {processor.py:161} INFO - Started process (PID=5355) to work on /home/airflow/.local/lib/python3.12/site-packages/airflow/example_dags/example_task_group_decorator.py
[2026-05-09T19:37:40.710+0000] {processor.py:830} INFO - Processing file /home/airflow/.local/lib/python3.12/site-packages/airflow/example_dags/example_task_group_decorator.py for tasks to queue
[2026-05-09T19:37:40.712+0000] {logging_mixin.py:188} INFO - [2026-05-09T19:37:40.712+0000] {dagbag.py:545} INFO - Filling up the DagBag from /home/airflow/.local/lib/python3.12/site-packages/airflow/example_dags/example_task_group_decorator.py
[2026-05-09T19:37:40.725+0000] {processor.py:840} INFO - DAG(s) 'example_task_group_decorator' retrieved from /home/airflow/.local/lib/python3.12/site-packages/airflow/example_dags/example_task_group_decorator.py
[2026-05-09T19:37:40.750+0000] {logging_mixin.py:188} INFO - [2026-05-09T19:37:40.749+0000] {dag.py:3096} INFO - Sync 1 DAGs
[2026-05-09T19:37:40.773+0000] {logging_mixin.py:188} INFO - [2026-05-09T19:37:40.772+0000] {dag.py:3954} INFO - Setting next_dagrun for example_task_group_decorator to 2026-05-08 00:00:00+00:00, run_after=2026-05-09 00:00:00+00:00
[2026-05-09T19:37:40.797+0000] {processor.py:183} INFO - Processing /home/airflow/.local/lib/python3.12/site-packages/airflow/example_dags/example_task_group_decorator.py took 0.093 seconds
[2026-05-09T19:38:10.842+0000] {processor.py:161} INFO - Started process (PID=5414) to work on /home/airflow/.local/lib/python3.12/site-packages/airflow/example_dags/example_task_group_decorator.py
[2026-05-09T19:38:10.843+0000] {processor.py:830} INFO - Processing file /home/airflow/.local/lib/python3.12/site-packages/airflow/example_dags/example_task_group_decorator.py for tasks to queue
[2026-05-09T19:38:10.845+0000] {logging_mixin.py:188} INFO - [2026-05-09T19:38:10.844+0000] {dagbag.py:545} INFO - Filling up the DagBag from /home/airflow/.local/lib/python3.12/site-packages/airflow/example_dags/example_task_group_decorator.py
[2026-05-09T19:38:10.859+0000] {processor.py:840} INFO - DAG(s) 'example_task_group_decorator' retrieved from /home/airflow/.local/lib/python3.12/site-packages/airflow/example_dags/example_task_group_decorator.py
[2026-05-09T19:38:10.884+0000] {logging_mixin.py:188} INFO - [2026-05-09T19:38:10.884+0000] {dag.py:3096} INFO - Sync 1 DAGs
[2026-05-09T19:38:10.906+0000] {logging_mixin.py:188} INFO - [2026-05-09T19:38:10.905+0000] {dag.py:3954} INFO - Setting next_dagrun for example_task_group_decorator to 2026-05-08 00:00:00+00:00, run_after=2026-05-09 00:00:00+00:00
[2026-05-09T19:38:10.929+0000] {processor.py:183} INFO - Processing /home/airflow/.local/lib/python3.12/site-packages/airflow/example_dags/example_task_group_decorator.py took 0.093 seconds
[2026-05-09T19:38:41.032+0000] {processor.py:161} INFO - Started process (PID=5473) to work on /home/airflow/.local/lib/python3.12/site-packages/airflow/example_dags/example_task_group_decorator.py
[2026-05-09T19:38:41.033+0000] {processor.py:830} INFO - Processing file /home/airflow/.local/lib/python3.12/site-packages/airflow/example_dags/example_task_group_decorator.py for tasks to queue
[2026-05-09T19:38:41.035+0000] {logging_mixin.py:188} INFO - [2026-05-09T19:38:41.035+0000] {dagbag.py:545} INFO - Filling up the DagBag from /home/airflow/.local/lib/python3.12/site-packages/airflow/example_dags/example_task_group_decorator.py
[2026-05-09T19:38:41.049+0000] {processor.py:840} INFO - DAG(s) 'example_task_group_decorator' retrieved from /home/airflow/.local/lib/python3.12/site-packages/airflow/example_dags/example_task_group_decorator.py
[2026-05-09T19:38:41.077+0000] {logging_mixin.py:188} INFO - [2026-05-09T19:38:41.077+0000] {dag.py:3096} INFO - Sync 1 DAGs
[2026-05-09T19:38:41.104+0000] {logging_mixin.py:188} INFO - [2026-05-09T19:38:41.104+0000] {dag.py:3954} INFO - Setting next_dagrun for example_task_group_decorator to 2026-05-08 00:00:00+00:00, run_after=2026-05-09 00:00:00+00:00
[2026-05-09T19:38:41.131+0000] {processor.py:183} INFO - Processing /home/airflow/.local/lib/python3.12/site-packages/airflow/example_dags/example_task_group_decorator.py took 0.105 seconds
[2026-05-09T19:39:11.929+0000] {processor.py:161} INFO - Started process (PID=5532) to work on /home/airflow/.local/lib/python3.12/site-packages/airflow/example_dags/example_task_group_decorator.py
[2026-05-09T19:39:11.932+0000] {processor.py:830} INFO - Processing file /home/airflow/.local/lib/python3.12/site-packages/airflow/example_dags/example_task_group_decorator.py for tasks to queue
[2026-05-09T19:39:11.936+0000] {logging_mixin.py:188} INFO - [2026-05-09T19:39:11.935+0000] {dagbag.py:545} INFO - Filling up the DagBag from /home/airflow/.local/lib/python3.12/site-packages/airflow/example_dags/example_task_group_decorator.py
[2026-05-09T19:39:11.953+0000] {processor.py:840} INFO - DAG(s) 'example_task_group_decorator' retrieved from /home/airflow/.local/lib/python3.12/site-packages/airflow/example_dags/example_task_group_decorator.py
[2026-05-09T19:39:11.981+0000] {logging_mixin.py:188} INFO - [2026-05-09T19:39:11.980+0000] {dag.py:3096} INFO - Sync 1 DAGs
[2026-05-09T19:39:12.005+0000] {logging_mixin.py:188} INFO - [2026-05-09T19:39:12.005+0000] {dag.py:3954} INFO - Setting next_dagrun for example_task_group_decorator to 2026-05-08 00:00:00+00:00, run_after=2026-05-09 00:00:00+00:00
[2026-05-09T19:39:12.030+0000] {processor.py:183} INFO - Processing /home/airflow/.local/lib/python3.12/site-packages/airflow/example_dags/example_task_group_decorator.py took 0.108 seconds
[2026-05-09T19:39:42.566+0000] {processor.py:161} INFO - Started process (PID=5591) to work on /home/airflow/.local/lib/python3.12/site-packages/airflow/example_dags/example_task_group_decorator.py
[2026-05-09T19:39:42.567+0000] {processor.py:830} INFO - Processing file /home/airflow/.local/lib/python3.12/site-packages/airflow/example_dags/example_task_group_decorator.py for tasks to queue
[2026-05-09T19:39:42.569+0000] {logging_mixin.py:188} INFO - [2026-05-09T19:39:42.569+0000] {dagbag.py:545} INFO - Filling up the DagBag from /home/airflow/.local/lib/python3.12/site-packages/airflow/example_dags/example_task_group_decorator.py
[2026-05-09T19:39:42.581+0000] {processor.py:840} INFO - DAG(s) 'example_task_group_decorator' retrieved from /home/airflow/.local/lib/python3.12/site-packages/airflow/example_dags/example_task_group_decorator.py
[2026-05-09T19:39:42.607+0000] {logging_mixin.py:188} INFO - [2026-05-09T19:39:42.606+0000] {dag.py:3096} INFO - Sync 1 DAGs
[2026-05-09T19:39:42.628+0000] {logging_mixin.py:188} INFO - [2026-05-09T19:39:42.628+0000] {dag.py:3954} INFO - Setting next_dagrun for example_task_group_decorator to 2026-05-08 00:00:00+00:00, run_after=2026-05-09 00:00:00+00:00
[2026-05-09T19:39:42.651+0000] {processor.py:183} INFO - Processing /home/airflow/.local/lib/python3.12/site-packages/airflow/example_dags/example_task_group_decorator.py took 0.091 seconds
[2026-05-09T19:40:13.378+0000] {processor.py:161} INFO - Started process (PID=5650) to work on /home/airflow/.local/lib/python3.12/site-packages/airflow/example_dags/example_task_group_decorator.py
[2026-05-09T19:40:13.379+0000] {processor.py:830} INFO - Processing file /home/airflow/.local/lib/python3.12/site-packages/airflow/example_dags/example_task_group_decorator.py for tasks to queue
[2026-05-09T19:40:13.381+0000] {logging_mixin.py:188} INFO - [2026-05-09T19:40:13.381+0000] {dagbag.py:545} INFO - Filling up the DagBag from /home/airflow/.local/lib/python3.12/site-packages/airflow/example_dags/example_task_group_decorator.py
[2026-05-09T19:40:13.393+0000] {processor.py:840} INFO - DAG(s) 'example_task_group_decorator' retrieved from /home/airflow/.local/lib/python3.12/site-packages/airflow/example_dags/example_task_group_decorator.py
[2026-05-09T19:40:13.418+0000] {logging_mixin.py:188} INFO - [2026-05-09T19:40:13.418+0000] {dag.py:3096} INFO - Sync 1 DAGs
[2026-05-09T19:40:13.438+0000] {logging_mixin.py:188} INFO - [2026-05-09T19:40:13.438+0000] {dag.py:3954} INFO - Setting next_dagrun for example_task_group_decorator to 2026-05-08 00:00:00+00:00, run_after=2026-05-09 00:00:00+00:00
[2026-05-09T19:40:13.461+0000] {processor.py:183} INFO - Processing /home/airflow/.local/lib/python3.12/site-packages/airflow/example_dags/example_task_group_decorator.py took 0.089 seconds
[2026-05-09T19:40:43.771+0000] {processor.py:161} INFO - Started process (PID=5709) to work on /home/airflow/.local/lib/python3.12/site-packages/airflow/example_dags/example_task_group_decorator.py
[2026-05-09T19:40:43.772+0000] {processor.py:830} INFO - Processing file /home/airflow/.local/lib/python3.12/site-packages/airflow/example_dags/example_task_group_decorator.py for tasks to queue
[2026-05-09T19:40:43.774+0000] {logging_mixin.py:188} INFO - [2026-05-09T19:40:43.773+0000] {dagbag.py:545} INFO - Filling up the DagBag from /home/airflow/.local/lib/python3.12/site-packages/airflow/example_dags/example_task_group_decorator.py
[2026-05-09T19:40:43.786+0000] {processor.py:840} INFO - DAG(s) 'example_task_group_decorator' retrieved from /home/airflow/.local/lib/python3.12/site-packages/airflow/example_dags/example_task_group_decorator.py
[2026-05-09T19:40:43.812+0000] {logging_mixin.py:188} INFO - [2026-05-09T19:40:43.812+0000] {dag.py:3096} INFO - Sync 1 DAGs
[2026-05-09T19:40:43.838+0000] {logging_mixin.py:188} INFO - [2026-05-09T19:40:43.838+0000] {dag.py:3954} INFO - Setting next_dagrun for example_task_group_decorator to 2026-05-08 00:00:00+00:00, run_after=2026-05-09 00:00:00+00:00
[2026-05-09T19:40:43.869+0000] {processor.py:183} INFO - Processing /home/airflow/.local/lib/python3.12/site-packages/airflow/example_dags/example_task_group_decorator.py took 0.103 seconds
[2026-05-09T19:41:13.964+0000] {processor.py:161} INFO - Started process (PID=5767) to work on /home/airflow/.local/lib/python3.12/site-packages/airflow/example_dags/example_task_group_decorator.py
[2026-05-09T19:41:13.965+0000] {processor.py:830} INFO - Processing file /home/airflow/.local/lib/python3.12/site-packages/airflow/example_dags/example_task_group_decorator.py for tasks to queue
[2026-05-09T19:41:13.967+0000] {logging_mixin.py:188} INFO - [2026-05-09T19:41:13.967+0000] {dagbag.py:545} INFO - Filling up the DagBag from /home/airflow/.local/lib/python3.12/site-packages/airflow/example_dags/example_task_group_decorator.py
[2026-05-09T19:41:13.979+0000] {processor.py:840} INFO - DAG(s) 'example_task_group_decorator' retrieved from /home/airflow/.local/lib/python3.12/site-packages/airflow/example_dags/example_task_group_decorator.py
[2026-05-09T19:41:14.004+0000] {logging_mixin.py:188} INFO - [2026-05-09T19:41:14.004+0000] {dag.py:3096} INFO - Sync 1 DAGs
[2026-05-09T19:41:14.136+0000] {logging_mixin.py:188} INFO - [2026-05-09T19:41:14.136+0000] {dag.py:3954} INFO - Setting next_dagrun for example_task_group_decorator to 2026-05-08 00:00:00+00:00, run_after=2026-05-09 00:00:00+00:00
[2026-05-09T19:41:14.157+0000] {processor.py:183} INFO - Processing /home/airflow/.local/lib/python3.12/site-packages/airflow/example_dags/example_task_group_decorator.py took 0.199 seconds
[2026-05-09T19:41:45.027+0000] {processor.py:161} INFO - Started process (PID=5827) to work on /home/airflow/.local/lib/python3.12/site-packages/airflow/example_dags/example_task_group_decorator.py
[2026-05-09T19:41:45.028+0000] {processor.py:830} INFO - Processing file /home/airflow/.local/lib/python3.12/site-packages/airflow/example_dags/example_task_group_decorator.py for tasks to queue
[2026-05-09T19:41:45.031+0000] {logging_mixin.py:188} INFO - [2026-05-09T19:41:45.030+0000] {dagbag.py:545} INFO - Filling up the DagBag from /home/airflow/.local/lib/python3.12/site-packages/airflow/example_dags/example_task_group_decorator.py
[2026-05-09T19:41:45.047+0000] {processor.py:840} INFO - DAG(s) 'example_task_group_decorator' retrieved from /home/airflow/.local/lib/python3.12/site-packages/airflow/example_dags/example_task_group_decorator.py
[2026-05-09T19:41:45.073+0000] {logging_mixin.py:188} INFO - [2026-05-09T19:41:45.073+0000] {dag.py:3096} INFO - Sync 1 DAGs
[2026-05-09T19:41:45.097+0000] {logging_mixin.py:188} INFO - [2026-05-09T19:41:45.097+0000] {dag.py:3954} INFO - Setting next_dagrun for example_task_group_decorator to 2026-05-08 00:00:00+00:00, run_after=2026-05-09 00:00:00+00:00
[2026-05-09T19:41:45.236+0000] {processor.py:183} INFO - Processing /home/airflow/.local/lib/python3.12/site-packages/airflow/example_dags/example_task_group_decorator.py took 0.215 seconds
[2026-05-09T19:42:15.696+0000] {processor.py:161} INFO - Started process (PID=5886) to work on /home/airflow/.local/lib/python3.12/site-packages/airflow/example_dags/example_task_group_decorator.py
[2026-05-09T19:42:15.697+0000] {processor.py:830} INFO - Processing file /home/airflow/.local/lib/python3.12/site-packages/airflow/example_dags/example_task_group_decorator.py for tasks to queue
[2026-05-09T19:42:15.699+0000] {logging_mixin.py:188} INFO - [2026-05-09T19:42:15.699+0000] {dagbag.py:545} INFO - Filling up the DagBag from /home/airflow/.local/lib/python3.12/site-packages/airflow/example_dags/example_task_group_decorator.py
[2026-05-09T19:42:15.711+0000] {processor.py:840} INFO - DAG(s) 'example_task_group_decorator' retrieved from /home/airflow/.local/lib/python3.12/site-packages/airflow/example_dags/example_task_group_decorator.py
[2026-05-09T19:42:15.737+0000] {logging_mixin.py:188} INFO - [2026-05-09T19:42:15.737+0000] {dag.py:3096} INFO - Sync 1 DAGs
[2026-05-09T19:42:15.760+0000] {logging_mixin.py:188} INFO - [2026-05-09T19:42:15.760+0000] {dag.py:3954} INFO - Setting next_dagrun for example_task_group_decorator to 2026-05-08 00:00:00+00:00, run_after=2026-05-09 00:00:00+00:00
[2026-05-09T19:42:15.891+0000] {processor.py:183} INFO - Processing /home/airflow/.local/lib/python3.12/site-packages/airflow/example_dags/example_task_group_decorator.py took 0.201 seconds
[2026-05-09T19:42:46.593+0000] {processor.py:161} INFO - Started process (PID=5945) to work on /home/airflow/.local/lib/python3.12/site-packages/airflow/example_dags/example_task_group_decorator.py
[2026-05-09T19:42:46.594+0000] {processor.py:830} INFO - Processing file /home/airflow/.local/lib/python3.12/site-packages/airflow/example_dags/example_task_group_decorator.py for tasks to queue
[2026-05-09T19:42:46.596+0000] {logging_mixin.py:188} INFO - [2026-05-09T19:42:46.596+0000] {dagbag.py:545} INFO - Filling up the DagBag from /home/airflow/.local/lib/python3.12/site-packages/airflow/example_dags/example_task_group_decorator.py
[2026-05-09T19:42:46.610+0000] {processor.py:840} INFO - DAG(s) 'example_task_group_decorator' retrieved from /home/airflow/.local/lib/python3.12/site-packages/airflow/example_dags/example_task_group_decorator.py
[2026-05-09T19:42:46.640+0000] {logging_mixin.py:188} INFO - [2026-05-09T19:42:46.640+0000] {dag.py:3096} INFO - Sync 1 DAGs
[2026-05-09T19:42:46.665+0000] {logging_mixin.py:188} INFO - [2026-05-09T19:42:46.664+0000] {dag.py:3954} INFO - Setting next_dagrun for example_task_group_decorator to 2026-05-08 00:00:00+00:00, run_after=2026-05-09 00:00:00+00:00
[2026-05-09T19:42:46.694+0000] {processor.py:183} INFO - Processing /home/airflow/.local/lib/python3.12/site-packages/airflow/example_dags/example_task_group_decorator.py took 0.108 seconds
[2026-05-09T19:43:17.062+0000] {processor.py:161} INFO - Started process (PID=5998) to work on /home/airflow/.local/lib/python3.12/site-packages/airflow/example_dags/example_task_group_decorator.py
[2026-05-09T19:43:17.064+0000] {processor.py:830} INFO - Processing file /home/airflow/.local/lib/python3.12/site-packages/airflow/example_dags/example_task_group_decorator.py for tasks to queue
[2026-05-09T19:43:17.066+0000] {logging_mixin.py:188} INFO - [2026-05-09T19:43:17.066+0000] {dagbag.py:545} INFO - Filling up the DagBag from /home/airflow/.local/lib/python3.12/site-packages/airflow/example_dags/example_task_group_decorator.py
[2026-05-09T19:43:17.085+0000] {processor.py:840} INFO - DAG(s) 'example_task_group_decorator' retrieved from /home/airflow/.local/lib/python3.12/site-packages/airflow/example_dags/example_task_group_decorator.py
[2026-05-09T19:43:17.118+0000] {logging_mixin.py:188} INFO - [2026-05-09T19:43:17.118+0000] {dag.py:3096} INFO - Sync 1 DAGs
[2026-05-09T19:43:17.141+0000] {logging_mixin.py:188} INFO - [2026-05-09T19:43:17.140+0000] {dag.py:3954} INFO - Setting next_dagrun for example_task_group_decorator to 2026-05-08 00:00:00+00:00, run_after=2026-05-09 00:00:00+00:00
[2026-05-09T19:43:17.166+0000] {processor.py:183} INFO - Processing /home/airflow/.local/lib/python3.12/site-packages/airflow/example_dags/example_task_group_decorator.py took 0.112 seconds
[2026-05-09T19:43:47.907+0000] {processor.py:161} INFO - Started process (PID=6058) to work on /home/airflow/.local/lib/python3.12/site-packages/airflow/example_dags/example_task_group_decorator.py
[2026-05-09T19:43:47.909+0000] {processor.py:830} INFO - Processing file /home/airflow/.local/lib/python3.12/site-packages/airflow/example_dags/example_task_group_decorator.py for tasks to queue
[2026-05-09T19:43:47.912+0000] {logging_mixin.py:188} INFO - [2026-05-09T19:43:47.911+0000] {dagbag.py:545} INFO - Filling up the DagBag from /home/airflow/.local/lib/python3.12/site-packages/airflow/example_dags/example_task_group_decorator.py
[2026-05-09T19:43:47.927+0000] {processor.py:840} INFO - DAG(s) 'example_task_group_decorator' retrieved from /home/airflow/.local/lib/python3.12/site-packages/airflow/example_dags/example_task_group_decorator.py
[2026-05-09T19:43:47.968+0000] {logging_mixin.py:188} INFO - [2026-05-09T19:43:47.968+0000] {dag.py:3096} INFO - Sync 1 DAGs
[2026-05-09T19:43:48.006+0000] {logging_mixin.py:188} INFO - [2026-05-09T19:43:48.005+0000] {dag.py:3954} INFO - Setting next_dagrun for example_task_group_decorator to 2026-05-08 00:00:00+00:00, run_after=2026-05-09 00:00:00+00:00
[2026-05-09T19:43:48.057+0000] {processor.py:183} INFO - Processing /home/airflow/.local/lib/python3.12/site-packages/airflow/example_dags/example_task_group_decorator.py took 0.157 seconds
[2026-05-09T19:44:18.246+0000] {processor.py:161} INFO - Started process (PID=6117) to work on /home/airflow/.local/lib/python3.12/site-packages/airflow/example_dags/example_task_group_decorator.py
[2026-05-09T19:44:18.247+0000] {processor.py:830} INFO - Processing file /home/airflow/.local/lib/python3.12/site-packages/airflow/example_dags/example_task_group_decorator.py for tasks to queue
[2026-05-09T19:44:18.250+0000] {logging_mixin.py:188} INFO - [2026-05-09T19:44:18.249+0000] {dagbag.py:545} INFO - Filling up the DagBag from /home/airflow/.local/lib/python3.12/site-packages/airflow/example_dags/example_task_group_decorator.py
[2026-05-09T19:44:18.262+0000] {processor.py:840} INFO - DAG(s) 'example_task_group_decorator' retrieved from /home/airflow/.local/lib/python3.12/site-packages/airflow/example_dags/example_task_group_decorator.py
[2026-05-09T19:44:18.286+0000] {logging_mixin.py:188} INFO - [2026-05-09T19:44:18.286+0000] {dag.py:3096} INFO - Sync 1 DAGs
[2026-05-09T19:44:18.307+0000] {logging_mixin.py:188} INFO - [2026-05-09T19:44:18.307+0000] {dag.py:3954} INFO - Setting next_dagrun for example_task_group_decorator to 2026-05-08 00:00:00+00:00, run_after=2026-05-09 00:00:00+00:00
[2026-05-09T19:44:18.328+0000] {processor.py:183} INFO - Processing /home/airflow/.local/lib/python3.12/site-packages/airflow/example_dags/example_task_group_decorator.py took 0.088 seconds
[2026-05-09T19:44:48.421+0000] {processor.py:161} INFO - Started process (PID=6176) to work on /home/airflow/.local/lib/python3.12/site-packages/airflow/example_dags/example_task_group_decorator.py
[2026-05-09T19:44:48.422+0000] {processor.py:830} INFO - Processing file /home/airflow/.local/lib/python3.12/site-packages/airflow/example_dags/example_task_group_decorator.py for tasks to queue
[2026-05-09T19:44:48.425+0000] {logging_mixin.py:188} INFO - [2026-05-09T19:44:48.425+0000] {dagbag.py:545} INFO - Filling up the DagBag from /home/airflow/.local/lib/python3.12/site-packages/airflow/example_dags/example_task_group_decorator.py
[2026-05-09T19:44:48.437+0000] {processor.py:840} INFO - DAG(s) 'example_task_group_decorator' retrieved from /home/airflow/.local/lib/python3.12/site-packages/airflow/example_dags/example_task_group_decorator.py
[2026-05-09T19:44:48.462+0000] {logging_mixin.py:188} INFO - [2026-05-09T19:44:48.461+0000] {dag.py:3096} INFO - Sync 1 DAGs
[2026-05-09T19:44:48.482+0000] {logging_mixin.py:188} INFO - [2026-05-09T19:44:48.482+0000] {dag.py:3954} INFO - Setting next_dagrun for example_task_group_decorator to 2026-05-08 00:00:00+00:00, run_after=2026-05-09 00:00:00+00:00
[2026-05-09T19:44:48.504+0000] {processor.py:183} INFO - Processing /home/airflow/.local/lib/python3.12/site-packages/airflow/example_dags/example_task_group_decorator.py took 0.089 seconds
[2026-05-09T19:45:19.365+0000] {processor.py:161} INFO - Started process (PID=6236) to work on /home/airflow/.local/lib/python3.12/site-packages/airflow/example_dags/example_task_group_decorator.py
[2026-05-09T19:45:19.366+0000] {processor.py:830} INFO - Processing file /home/airflow/.local/lib/python3.12/site-packages/airflow/example_dags/example_task_group_decorator.py for tasks to queue
[2026-05-09T19:45:19.368+0000] {logging_mixin.py:188} INFO - [2026-05-09T19:45:19.367+0000] {dagbag.py:545} INFO - Filling up the DagBag from /home/airflow/.local/lib/python3.12/site-packages/airflow/example_dags/example_task_group_decorator.py
[2026-05-09T19:45:19.380+0000] {processor.py:840} INFO - DAG(s) 'example_task_group_decorator' retrieved from /home/airflow/.local/lib/python3.12/site-packages/airflow/example_dags/example_task_group_decorator.py
[2026-05-09T19:45:19.405+0000] {logging_mixin.py:188} INFO - [2026-05-09T19:45:19.405+0000] {dag.py:3096} INFO - Sync 1 DAGs
[2026-05-09T19:45:19.425+0000] {logging_mixin.py:188} INFO - [2026-05-09T19:45:19.425+0000] {dag.py:3954} INFO - Setting next_dagrun for example_task_group_decorator to 2026-05-08 00:00:00+00:00, run_after=2026-05-09 00:00:00+00:00
[2026-05-09T19:45:19.449+0000] {processor.py:183} INFO - Processing /home/airflow/.local/lib/python3.12/site-packages/airflow/example_dags/example_task_group_decorator.py took 0.089 seconds
[2026-05-09T19:45:50.114+0000] {processor.py:161} INFO - Started process (PID=6295) to work on /home/airflow/.local/lib/python3.12/site-packages/airflow/example_dags/example_task_group_decorator.py
[2026-05-09T19:45:50.115+0000] {processor.py:830} INFO - Processing file /home/airflow/.local/lib/python3.12/site-packages/airflow/example_dags/example_task_group_decorator.py for tasks to queue
[2026-05-09T19:45:50.117+0000] {logging_mixin.py:188} INFO - [2026-05-09T19:45:50.117+0000] {dagbag.py:545} INFO - Filling up the DagBag from /home/airflow/.local/lib/python3.12/site-packages/airflow/example_dags/example_task_group_decorator.py
[2026-05-09T19:45:50.130+0000] {processor.py:840} INFO - DAG(s) 'example_task_group_decorator' retrieved from /home/airflow/.local/lib/python3.12/site-packages/airflow/example_dags/example_task_group_decorator.py
[2026-05-09T19:45:50.157+0000] {logging_mixin.py:188} INFO - [2026-05-09T19:45:50.157+0000] {dag.py:3096} INFO - Sync 1 DAGs
[2026-05-09T19:45:50.180+0000] {logging_mixin.py:188} INFO - [2026-05-09T19:45:50.180+0000] {dag.py:3954} INFO - Setting next_dagrun for example_task_group_decorator to 2026-05-08 00:00:00+00:00, run_after=2026-05-09 00:00:00+00:00
[2026-05-09T19:45:50.206+0000] {processor.py:183} INFO - Processing /home/airflow/.local/lib/python3.12/site-packages/airflow/example_dags/example_task_group_decorator.py took 0.097 seconds
[2026-05-09T19:46:20.719+0000] {processor.py:161} INFO - Started process (PID=6354) to work on /home/airflow/.local/lib/python3.12/site-packages/airflow/example_dags/example_task_group_decorator.py
[2026-05-09T19:46:20.720+0000] {processor.py:830} INFO - Processing file /home/airflow/.local/lib/python3.12/site-packages/airflow/example_dags/example_task_group_decorator.py for tasks to queue
[2026-05-09T19:46:20.722+0000] {logging_mixin.py:188} INFO - [2026-05-09T19:46:20.722+0000] {dagbag.py:545} INFO - Filling up the DagBag from /home/airflow/.local/lib/python3.12/site-packages/airflow/example_dags/example_task_group_decorator.py
[2026-05-09T19:46:20.735+0000] {processor.py:840} INFO - DAG(s) 'example_task_group_decorator' retrieved from /home/airflow/.local/lib/python3.12/site-packages/airflow/example_dags/example_task_group_decorator.py
[2026-05-09T19:46:20.761+0000] {logging_mixin.py:188} INFO - [2026-05-09T19:46:20.761+0000] {dag.py:3096} INFO - Sync 1 DAGs
[2026-05-09T19:46:20.782+0000] {logging_mixin.py:188} INFO - [2026-05-09T19:46:20.782+0000] {dag.py:3954} INFO - Setting next_dagrun for example_task_group_decorator to 2026-05-08 00:00:00+00:00, run_after=2026-05-09 00:00:00+00:00
[2026-05-09T19:46:20.806+0000] {processor.py:183} INFO - Processing /home/airflow/.local/lib/python3.12/site-packages/airflow/example_dags/example_task_group_decorator.py took 0.092 seconds
[2026-05-09T19:46:51.142+0000] {processor.py:161} INFO - Started process (PID=6413) to work on /home/airflow/.local/lib/python3.12/site-packages/airflow/example_dags/example_task_group_decorator.py
[2026-05-09T19:46:51.143+0000] {processor.py:830} INFO - Processing file /home/airflow/.local/lib/python3.12/site-packages/airflow/example_dags/example_task_group_decorator.py for tasks to queue
[2026-05-09T19:46:51.146+0000] {logging_mixin.py:188} INFO - [2026-05-09T19:46:51.145+0000] {dagbag.py:545} INFO - Filling up the DagBag from /home/airflow/.local/lib/python3.12/site-packages/airflow/example_dags/example_task_group_decorator.py
[2026-05-09T19:46:51.158+0000] {processor.py:840} INFO - DAG(s) 'example_task_group_decorator' retrieved from /home/airflow/.local/lib/python3.12/site-packages/airflow/example_dags/example_task_group_decorator.py
[2026-05-09T19:46:51.184+0000] {logging_mixin.py:188} INFO - [2026-05-09T19:46:51.184+0000] {dag.py:3096} INFO - Sync 1 DAGs
[2026-05-09T19:46:51.208+0000] {logging_mixin.py:188} INFO - [2026-05-09T19:46:51.207+0000] {dag.py:3954} INFO - Setting next_dagrun for example_task_group_decorator to 2026-05-08 00:00:00+00:00, run_after=2026-05-09 00:00:00+00:00
[2026-05-09T19:46:51.234+0000] {processor.py:183} INFO - Processing /home/airflow/.local/lib/python3.12/site-packages/airflow/example_dags/example_task_group_decorator.py took 0.098 seconds
[2026-05-09T19:47:21.773+0000] {processor.py:161} INFO - Started process (PID=6472) to work on /home/airflow/.local/lib/python3.12/site-packages/airflow/example_dags/example_task_group_decorator.py
[2026-05-09T19:47:21.774+0000] {processor.py:830} INFO - Processing file /home/airflow/.local/lib/python3.12/site-packages/airflow/example_dags/example_task_group_decorator.py for tasks to queue
[2026-05-09T19:47:21.776+0000] {logging_mixin.py:188} INFO - [2026-05-09T19:47:21.776+0000] {dagbag.py:545} INFO - Filling up the DagBag from /home/airflow/.local/lib/python3.12/site-packages/airflow/example_dags/example_task_group_decorator.py
[2026-05-09T19:47:21.789+0000] {processor.py:840} INFO - DAG(s) 'example_task_group_decorator' retrieved from /home/airflow/.local/lib/python3.12/site-packages/airflow/example_dags/example_task_group_decorator.py
[2026-05-09T19:47:21.817+0000] {logging_mixin.py:188} INFO - [2026-05-09T19:47:21.816+0000] {dag.py:3096} INFO - Sync 1 DAGs
[2026-05-09T19:47:21.839+0000] {logging_mixin.py:188} INFO - [2026-05-09T19:47:21.839+0000] {dag.py:3954} INFO - Setting next_dagrun for example_task_group_decorator to 2026-05-08 00:00:00+00:00, run_after=2026-05-09 00:00:00+00:00
[2026-05-09T19:47:21.865+0000] {processor.py:183} INFO - Processing /home/airflow/.local/lib/python3.12/site-packages/airflow/example_dags/example_task_group_decorator.py took 0.097 seconds
[2026-05-09T19:47:52.240+0000] {processor.py:161} INFO - Started process (PID=6531) to work on /home/airflow/.local/lib/python3.12/site-packages/airflow/example_dags/example_task_group_decorator.py
[2026-05-09T19:47:52.241+0000] {processor.py:830} INFO - Processing file /home/airflow/.local/lib/python3.12/site-packages/airflow/example_dags/example_task_group_decorator.py for tasks to queue
[2026-05-09T19:47:52.243+0000] {logging_mixin.py:188} INFO - [2026-05-09T19:47:52.243+0000] {dagbag.py:545} INFO - Filling up the DagBag from /home/airflow/.local/lib/python3.12/site-packages/airflow/example_dags/example_task_group_decorator.py
[2026-05-09T19:47:52.256+0000] {processor.py:840} INFO - DAG(s) 'example_task_group_decorator' retrieved from /home/airflow/.local/lib/python3.12/site-packages/airflow/example_dags/example_task_group_decorator.py
[2026-05-09T19:47:52.281+0000] {logging_mixin.py:188} INFO - [2026-05-09T19:47:52.281+0000] {dag.py:3096} INFO - Sync 1 DAGs
[2026-05-09T19:47:52.306+0000] {logging_mixin.py:188} INFO - [2026-05-09T19:47:52.306+0000] {dag.py:3954} INFO - Setting next_dagrun for example_task_group_decorator to 2026-05-08 00:00:00+00:00, run_after=2026-05-09 00:00:00+00:00
[2026-05-09T19:47:52.330+0000] {processor.py:183} INFO - Processing /home/airflow/.local/lib/python3.12/site-packages/airflow/example_dags/example_task_group_decorator.py took 0.096 seconds
[2026-05-09T19:48:22.728+0000] {processor.py:161} INFO - Started process (PID=6590) to work on /home/airflow/.local/lib/python3.12/site-packages/airflow/example_dags/example_task_group_decorator.py
[2026-05-09T19:48:22.731+0000] {processor.py:830} INFO - Processing file /home/airflow/.local/lib/python3.12/site-packages/airflow/example_dags/example_task_group_decorator.py for tasks to queue
[2026-05-09T19:48:22.736+0000] {logging_mixin.py:188} INFO - [2026-05-09T19:48:22.735+0000] {dagbag.py:545} INFO - Filling up the DagBag from /home/airflow/.local/lib/python3.12/site-packages/airflow/example_dags/example_task_group_decorator.py
[2026-05-09T19:48:22.754+0000] {processor.py:840} INFO - DAG(s) 'example_task_group_decorator' retrieved from /home/airflow/.local/lib/python3.12/site-packages/airflow/example_dags/example_task_group_decorator.py
[2026-05-09T19:48:22.779+0000] {logging_mixin.py:188} INFO - [2026-05-09T19:48:22.779+0000] {dag.py:3096} INFO - Sync 1 DAGs
[2026-05-09T19:48:22.802+0000] {logging_mixin.py:188} INFO - [2026-05-09T19:48:22.802+0000] {dag.py:3954} INFO - Setting next_dagrun for example_task_group_decorator to 2026-05-08 00:00:00+00:00, run_after=2026-05-09 00:00:00+00:00
[2026-05-09T19:48:22.829+0000] {processor.py:183} INFO - Processing /home/airflow/.local/lib/python3.12/site-packages/airflow/example_dags/example_task_group_decorator.py took 0.111 seconds
[2026-05-09T19:48:53.458+0000] {processor.py:161} INFO - Started process (PID=6649) to work on /home/airflow/.local/lib/python3.12/site-packages/airflow/example_dags/example_task_group_decorator.py
[2026-05-09T19:48:53.459+0000] {processor.py:830} INFO - Processing file /home/airflow/.local/lib/python3.12/site-packages/airflow/example_dags/example_task_group_decorator.py for tasks to queue
[2026-05-09T19:48:53.462+0000] {logging_mixin.py:188} INFO - [2026-05-09T19:48:53.462+0000] {dagbag.py:545} INFO - Filling up the DagBag from /home/airflow/.local/lib/python3.12/site-packages/airflow/example_dags/example_task_group_decorator.py
[2026-05-09T19:48:53.478+0000] {processor.py:840} INFO - DAG(s) 'example_task_group_decorator' retrieved from /home/airflow/.local/lib/python3.12/site-packages/airflow/example_dags/example_task_group_decorator.py
[2026-05-09T19:48:53.508+0000] {logging_mixin.py:188} INFO - [2026-05-09T19:48:53.508+0000] {dag.py:3096} INFO - Sync 1 DAGs
[2026-05-09T19:48:53.529+0000] {logging_mixin.py:188} INFO - [2026-05-09T19:48:53.529+0000] {dag.py:3954} INFO - Setting next_dagrun for example_task_group_decorator to 2026-05-08 00:00:00+00:00, run_after=2026-05-09 00:00:00+00:00
[2026-05-09T19:48:53.554+0000] {processor.py:183} INFO - Processing /home/airflow/.local/lib/python3.12/site-packages/airflow/example_dags/example_task_group_decorator.py took 0.103 seconds
[2026-05-09T19:49:23.704+0000] {processor.py:161} INFO - Started process (PID=6709) to work on /home/airflow/.local/lib/python3.12/site-packages/airflow/example_dags/example_task_group_decorator.py
[2026-05-09T19:49:23.706+0000] {processor.py:830} INFO - Processing file /home/airflow/.local/lib/python3.12/site-packages/airflow/example_dags/example_task_group_decorator.py for tasks to queue
[2026-05-09T19:49:23.710+0000] {logging_mixin.py:188} INFO - [2026-05-09T19:49:23.709+0000] {dagbag.py:545} INFO - Filling up the DagBag from /home/airflow/.local/lib/python3.12/site-packages/airflow/example_dags/example_task_group_decorator.py
[2026-05-09T19:49:23.746+0000] {processor.py:840} INFO - DAG(s) 'example_task_group_decorator' retrieved from /home/airflow/.local/lib/python3.12/site-packages/airflow/example_dags/example_task_group_decorator.py
[2026-05-09T19:49:23.785+0000] {logging_mixin.py:188} INFO - [2026-05-09T19:49:23.785+0000] {dag.py:3096} INFO - Sync 1 DAGs
[2026-05-09T19:49:23.823+0000] {logging_mixin.py:188} INFO - [2026-05-09T19:49:23.823+0000] {dag.py:3954} INFO - Setting next_dagrun for example_task_group_decorator to 2026-05-08 00:00:00+00:00, run_after=2026-05-09 00:00:00+00:00
[2026-05-09T19:49:23.859+0000] {processor.py:183} INFO - Processing /home/airflow/.local/lib/python3.12/site-packages/airflow/example_dags/example_task_group_decorator.py took 0.164 seconds
[2026-05-09T19:49:54.722+0000] {processor.py:161} INFO - Started process (PID=6768) to work on /home/airflow/.local/lib/python3.12/site-packages/airflow/example_dags/example_task_group_decorator.py
[2026-05-09T19:49:54.723+0000] {processor.py:830} INFO - Processing file /home/airflow/.local/lib/python3.12/site-packages/airflow/example_dags/example_task_group_decorator.py for tasks to queue
[2026-05-09T19:49:54.725+0000] {logging_mixin.py:188} INFO - [2026-05-09T19:49:54.725+0000] {dagbag.py:545} INFO - Filling up the DagBag from /home/airflow/.local/lib/python3.12/site-packages/airflow/example_dags/example_task_group_decorator.py
[2026-05-09T19:49:54.738+0000] {processor.py:840} INFO - DAG(s) 'example_task_group_decorator' retrieved from /home/airflow/.local/lib/python3.12/site-packages/airflow/example_dags/example_task_group_decorator.py
[2026-05-09T19:49:54.764+0000] {logging_mixin.py:188} INFO - [2026-05-09T19:49:54.763+0000] {dag.py:3096} INFO - Sync 1 DAGs
[2026-05-09T19:49:54.785+0000] {logging_mixin.py:188} INFO - [2026-05-09T19:49:54.785+0000] {dag.py:3954} INFO - Setting next_dagrun for example_task_group_decorator to 2026-05-08 00:00:00+00:00, run_after=2026-05-09 00:00:00+00:00
[2026-05-09T19:49:54.808+0000] {processor.py:183} INFO - Processing /home/airflow/.local/lib/python3.12/site-packages/airflow/example_dags/example_task_group_decorator.py took 0.091 seconds
[2026-05-09T19:50:25.188+0000] {processor.py:161} INFO - Started process (PID=6828) to work on /home/airflow/.local/lib/python3.12/site-packages/airflow/example_dags/example_task_group_decorator.py
[2026-05-09T19:50:25.190+0000] {processor.py:830} INFO - Processing file /home/airflow/.local/lib/python3.12/site-packages/airflow/example_dags/example_task_group_decorator.py for tasks to queue
[2026-05-09T19:50:25.193+0000] {logging_mixin.py:188} INFO - [2026-05-09T19:50:25.192+0000] {dagbag.py:545} INFO - Filling up the DagBag from /home/airflow/.local/lib/python3.12/site-packages/airflow/example_dags/example_task_group_decorator.py
[2026-05-09T19:50:25.213+0000] {processor.py:840} INFO - DAG(s) 'example_task_group_decorator' retrieved from /home/airflow/.local/lib/python3.12/site-packages/airflow/example_dags/example_task_group_decorator.py
[2026-05-09T19:50:25.248+0000] {logging_mixin.py:188} INFO - [2026-05-09T19:50:25.248+0000] {dag.py:3096} INFO - Sync 1 DAGs
[2026-05-09T19:50:25.277+0000] {logging_mixin.py:188} INFO - [2026-05-09T19:50:25.277+0000] {dag.py:3954} INFO - Setting next_dagrun for example_task_group_decorator to 2026-05-08 00:00:00+00:00, run_after=2026-05-09 00:00:00+00:00
[2026-05-09T19:50:25.311+0000] {processor.py:183} INFO - Processing /home/airflow/.local/lib/python3.12/site-packages/airflow/example_dags/example_task_group_decorator.py took 0.130 seconds
[2026-05-09T19:50:55.742+0000] {processor.py:161} INFO - Started process (PID=6887) to work on /home/airflow/.local/lib/python3.12/site-packages/airflow/example_dags/example_task_group_decorator.py
[2026-05-09T19:50:55.743+0000] {processor.py:830} INFO - Processing file /home/airflow/.local/lib/python3.12/site-packages/airflow/example_dags/example_task_group_decorator.py for tasks to queue
[2026-05-09T19:50:55.745+0000] {logging_mixin.py:188} INFO - [2026-05-09T19:50:55.745+0000] {dagbag.py:545} INFO - Filling up the DagBag from /home/airflow/.local/lib/python3.12/site-packages/airflow/example_dags/example_task_group_decorator.py
[2026-05-09T19:50:55.762+0000] {processor.py:840} INFO - DAG(s) 'example_task_group_decorator' retrieved from /home/airflow/.local/lib/python3.12/site-packages/airflow/example_dags/example_task_group_decorator.py
[2026-05-09T19:50:55.788+0000] {logging_mixin.py:188} INFO - [2026-05-09T19:50:55.788+0000] {dag.py:3096} INFO - Sync 1 DAGs
[2026-05-09T19:50:55.811+0000] {logging_mixin.py:188} INFO - [2026-05-09T19:50:55.810+0000] {dag.py:3954} INFO - Setting next_dagrun for example_task_group_decorator to 2026-05-08 00:00:00+00:00, run_after=2026-05-09 00:00:00+00:00
[2026-05-09T19:50:55.839+0000] {processor.py:183} INFO - Processing /home/airflow/.local/lib/python3.12/site-packages/airflow/example_dags/example_task_group_decorator.py took 0.103 seconds
[2026-05-09T19:51:25.925+0000] {processor.py:161} INFO - Started process (PID=6946) to work on /home/airflow/.local/lib/python3.12/site-packages/airflow/example_dags/example_task_group_decorator.py
[2026-05-09T19:51:25.927+0000] {processor.py:830} INFO - Processing file /home/airflow/.local/lib/python3.12/site-packages/airflow/example_dags/example_task_group_decorator.py for tasks to queue
[2026-05-09T19:51:25.929+0000] {logging_mixin.py:188} INFO - [2026-05-09T19:51:25.928+0000] {dagbag.py:545} INFO - Filling up the DagBag from /home/airflow/.local/lib/python3.12/site-packages/airflow/example_dags/example_task_group_decorator.py
[2026-05-09T19:51:25.949+0000] {processor.py:840} INFO - DAG(s) 'example_task_group_decorator' retrieved from /home/airflow/.local/lib/python3.12/site-packages/airflow/example_dags/example_task_group_decorator.py
[2026-05-09T19:51:25.981+0000] {logging_mixin.py:188} INFO - [2026-05-09T19:51:25.981+0000] {dag.py:3096} INFO - Sync 1 DAGs
[2026-05-09T19:51:26.006+0000] {logging_mixin.py:188} INFO - [2026-05-09T19:51:26.006+0000] {dag.py:3954} INFO - Setting next_dagrun for example_task_group_decorator to 2026-05-08 00:00:00+00:00, run_after=2026-05-09 00:00:00+00:00
[2026-05-09T19:51:26.035+0000] {processor.py:183} INFO - Processing /home/airflow/.local/lib/python3.12/site-packages/airflow/example_dags/example_task_group_decorator.py took 0.117 seconds
[2026-05-09T19:51:56.184+0000] {processor.py:161} INFO - Started process (PID=7005) to work on /home/airflow/.local/lib/python3.12/site-packages/airflow/example_dags/example_task_group_decorator.py
[2026-05-09T19:51:56.185+0000] {processor.py:830} INFO - Processing file /home/airflow/.local/lib/python3.12/site-packages/airflow/example_dags/example_task_group_decorator.py for tasks to queue
[2026-05-09T19:51:56.187+0000] {logging_mixin.py:188} INFO - [2026-05-09T19:51:56.187+0000] {dagbag.py:545} INFO - Filling up the DagBag from /home/airflow/.local/lib/python3.12/site-packages/airflow/example_dags/example_task_group_decorator.py
[2026-05-09T19:51:56.200+0000] {processor.py:840} INFO - DAG(s) 'example_task_group_decorator' retrieved from /home/airflow/.local/lib/python3.12/site-packages/airflow/example_dags/example_task_group_decorator.py
[2026-05-09T19:51:56.225+0000] {logging_mixin.py:188} INFO - [2026-05-09T19:51:56.225+0000] {dag.py:3096} INFO - Sync 1 DAGs
[2026-05-09T19:51:56.249+0000] {logging_mixin.py:188} INFO - [2026-05-09T19:51:56.248+0000] {dag.py:3954} INFO - Setting next_dagrun for example_task_group_decorator to 2026-05-08 00:00:00+00:00, run_after=2026-05-09 00:00:00+00:00
[2026-05-09T19:51:56.273+0000] {processor.py:183} INFO - Processing /home/airflow/.local/lib/python3.12/site-packages/airflow/example_dags/example_task_group_decorator.py took 0.094 seconds
[2026-05-09T19:52:26.586+0000] {processor.py:161} INFO - Started process (PID=7064) to work on /home/airflow/.local/lib/python3.12/site-packages/airflow/example_dags/example_task_group_decorator.py
[2026-05-09T19:52:26.587+0000] {processor.py:830} INFO - Processing file /home/airflow/.local/lib/python3.12/site-packages/airflow/example_dags/example_task_group_decorator.py for tasks to queue
[2026-05-09T19:52:26.589+0000] {logging_mixin.py:188} INFO - [2026-05-09T19:52:26.589+0000] {dagbag.py:545} INFO - Filling up the DagBag from /home/airflow/.local/lib/python3.12/site-packages/airflow/example_dags/example_task_group_decorator.py
[2026-05-09T19:52:26.602+0000] {processor.py:840} INFO - DAG(s) 'example_task_group_decorator' retrieved from /home/airflow/.local/lib/python3.12/site-packages/airflow/example_dags/example_task_group_decorator.py
[2026-05-09T19:52:26.629+0000] {logging_mixin.py:188} INFO - [2026-05-09T19:52:26.628+0000] {dag.py:3096} INFO - Sync 1 DAGs
[2026-05-09T19:52:26.650+0000] {logging_mixin.py:188} INFO - [2026-05-09T19:52:26.649+0000] {dag.py:3954} INFO - Setting next_dagrun for example_task_group_decorator to 2026-05-08 00:00:00+00:00, run_after=2026-05-09 00:00:00+00:00
[2026-05-09T19:52:26.672+0000] {processor.py:183} INFO - Processing /home/airflow/.local/lib/python3.12/site-packages/airflow/example_dags/example_task_group_decorator.py took 0.091 seconds
[2026-05-09T19:52:57.344+0000] {processor.py:161} INFO - Started process (PID=7123) to work on /home/airflow/.local/lib/python3.12/site-packages/airflow/example_dags/example_task_group_decorator.py
[2026-05-09T19:52:57.345+0000] {processor.py:830} INFO - Processing file /home/airflow/.local/lib/python3.12/site-packages/airflow/example_dags/example_task_group_decorator.py for tasks to queue
[2026-05-09T19:52:57.346+0000] {logging_mixin.py:188} INFO - [2026-05-09T19:52:57.346+0000] {dagbag.py:545} INFO - Filling up the DagBag from /home/airflow/.local/lib/python3.12/site-packages/airflow/example_dags/example_task_group_decorator.py
[2026-05-09T19:52:57.359+0000] {processor.py:840} INFO - DAG(s) 'example_task_group_decorator' retrieved from /home/airflow/.local/lib/python3.12/site-packages/airflow/example_dags/example_task_group_decorator.py
[2026-05-09T19:52:57.383+0000] {logging_mixin.py:188} INFO - [2026-05-09T19:52:57.383+0000] {dag.py:3096} INFO - Sync 1 DAGs
[2026-05-09T19:52:57.405+0000] {logging_mixin.py:188} INFO - [2026-05-09T19:52:57.404+0000] {dag.py:3954} INFO - Setting next_dagrun for example_task_group_decorator to 2026-05-08 00:00:00+00:00, run_after=2026-05-09 00:00:00+00:00
[2026-05-09T19:52:57.429+0000] {processor.py:183} INFO - Processing /home/airflow/.local/lib/python3.12/site-packages/airflow/example_dags/example_task_group_decorator.py took 0.091 seconds
[2026-05-09T19:53:28.350+0000] {processor.py:161} INFO - Started process (PID=7182) to work on /home/airflow/.local/lib/python3.12/site-packages/airflow/example_dags/example_task_group_decorator.py
[2026-05-09T19:53:28.351+0000] {processor.py:830} INFO - Processing file /home/airflow/.local/lib/python3.12/site-packages/airflow/example_dags/example_task_group_decorator.py for tasks to queue
[2026-05-09T19:53:28.353+0000] {logging_mixin.py:188} INFO - [2026-05-09T19:53:28.353+0000] {dagbag.py:545} INFO - Filling up the DagBag from /home/airflow/.local/lib/python3.12/site-packages/airflow/example_dags/example_task_group_decorator.py
[2026-05-09T19:53:28.366+0000] {processor.py:840} INFO - DAG(s) 'example_task_group_decorator' retrieved from /home/airflow/.local/lib/python3.12/site-packages/airflow/example_dags/example_task_group_decorator.py
[2026-05-09T19:53:28.392+0000] {logging_mixin.py:188} INFO - [2026-05-09T19:53:28.392+0000] {dag.py:3096} INFO - Sync 1 DAGs
[2026-05-09T19:53:28.415+0000] {logging_mixin.py:188} INFO - [2026-05-09T19:53:28.415+0000] {dag.py:3954} INFO - Setting next_dagrun for example_task_group_decorator to 2026-05-08 00:00:00+00:00, run_after=2026-05-09 00:00:00+00:00
[2026-05-09T19:53:28.438+0000] {processor.py:183} INFO - Processing /home/airflow/.local/lib/python3.12/site-packages/airflow/example_dags/example_task_group_decorator.py took 0.093 seconds
[2026-05-09T19:53:58.687+0000] {processor.py:161} INFO - Started process (PID=7241) to work on /home/airflow/.local/lib/python3.12/site-packages/airflow/example_dags/example_task_group_decorator.py
[2026-05-09T19:53:58.689+0000] {processor.py:830} INFO - Processing file /home/airflow/.local/lib/python3.12/site-packages/airflow/example_dags/example_task_group_decorator.py for tasks to queue
[2026-05-09T19:53:58.691+0000] {logging_mixin.py:188} INFO - [2026-05-09T19:53:58.690+0000] {dagbag.py:545} INFO - Filling up the DagBag from /home/airflow/.local/lib/python3.12/site-packages/airflow/example_dags/example_task_group_decorator.py
[2026-05-09T19:53:58.704+0000] {processor.py:840} INFO - DAG(s) 'example_task_group_decorator' retrieved from /home/airflow/.local/lib/python3.12/site-packages/airflow/example_dags/example_task_group_decorator.py
[2026-05-09T19:53:58.733+0000] {logging_mixin.py:188} INFO - [2026-05-09T19:53:58.733+0000] {dag.py:3096} INFO - Sync 1 DAGs
[2026-05-09T19:53:58.756+0000] {logging_mixin.py:188} INFO - [2026-05-09T19:53:58.756+0000] {dag.py:3954} INFO - Setting next_dagrun for example_task_group_decorator to 2026-05-08 00:00:00+00:00, run_after=2026-05-09 00:00:00+00:00
[2026-05-09T19:53:58.784+0000] {processor.py:183} INFO - Processing /home/airflow/.local/lib/python3.12/site-packages/airflow/example_dags/example_task_group_decorator.py took 0.102 seconds
[2026-05-09T19:54:29.507+0000] {processor.py:161} INFO - Started process (PID=7300) to work on /home/airflow/.local/lib/python3.12/site-packages/airflow/example_dags/example_task_group_decorator.py
[2026-05-09T19:54:29.508+0000] {processor.py:830} INFO - Processing file /home/airflow/.local/lib/python3.12/site-packages/airflow/example_dags/example_task_group_decorator.py for tasks to queue
[2026-05-09T19:54:29.510+0000] {logging_mixin.py:188} INFO - [2026-05-09T19:54:29.510+0000] {dagbag.py:545} INFO - Filling up the DagBag from /home/airflow/.local/lib/python3.12/site-packages/airflow/example_dags/example_task_group_decorator.py
[2026-05-09T19:54:29.523+0000] {processor.py:840} INFO - DAG(s) 'example_task_group_decorator' retrieved from /home/airflow/.local/lib/python3.12/site-packages/airflow/example_dags/example_task_group_decorator.py
[2026-05-09T19:54:29.551+0000] {logging_mixin.py:188} INFO - [2026-05-09T19:54:29.550+0000] {dag.py:3096} INFO - Sync 1 DAGs
[2026-05-09T19:54:29.572+0000] {logging_mixin.py:188} INFO - [2026-05-09T19:54:29.572+0000] {dag.py:3954} INFO - Setting next_dagrun for example_task_group_decorator to 2026-05-08 00:00:00+00:00, run_after=2026-05-09 00:00:00+00:00
[2026-05-09T19:54:29.597+0000] {processor.py:183} INFO - Processing /home/airflow/.local/lib/python3.12/site-packages/airflow/example_dags/example_task_group_decorator.py took 0.095 seconds
[2026-05-09T19:55:00.370+0000] {processor.py:161} INFO - Started process (PID=7359) to work on /home/airflow/.local/lib/python3.12/site-packages/airflow/example_dags/example_task_group_decorator.py
[2026-05-09T19:55:00.371+0000] {processor.py:830} INFO - Processing file /home/airflow/.local/lib/python3.12/site-packages/airflow/example_dags/example_task_group_decorator.py for tasks to queue
[2026-05-09T19:55:00.373+0000] {logging_mixin.py:188} INFO - [2026-05-09T19:55:00.373+0000] {dagbag.py:545} INFO - Filling up the DagBag from /home/airflow/.local/lib/python3.12/site-packages/airflow/example_dags/example_task_group_decorator.py
[2026-05-09T19:55:00.388+0000] {processor.py:840} INFO - DAG(s) 'example_task_group_decorator' retrieved from /home/airflow/.local/lib/python3.12/site-packages/airflow/example_dags/example_task_group_decorator.py
[2026-05-09T19:55:00.416+0000] {logging_mixin.py:188} INFO - [2026-05-09T19:55:00.416+0000] {dag.py:3096} INFO - Sync 1 DAGs
[2026-05-09T19:55:00.439+0000] {logging_mixin.py:188} INFO - [2026-05-09T19:55:00.439+0000] {dag.py:3954} INFO - Setting next_dagrun for example_task_group_decorator to 2026-05-08 00:00:00+00:00, run_after=2026-05-09 00:00:00+00:00
[2026-05-09T19:55:00.464+0000] {processor.py:183} INFO - Processing /home/airflow/.local/lib/python3.12/site-packages/airflow/example_dags/example_task_group_decorator.py took 0.101 seconds
[2026-05-09T19:55:30.825+0000] {processor.py:161} INFO - Started process (PID=7418) to work on /home/airflow/.local/lib/python3.12/site-packages/airflow/example_dags/example_task_group_decorator.py
[2026-05-09T19:55:30.826+0000] {processor.py:830} INFO - Processing file /home/airflow/.local/lib/python3.12/site-packages/airflow/example_dags/example_task_group_decorator.py for tasks to queue
[2026-05-09T19:55:30.828+0000] {logging_mixin.py:188} INFO - [2026-05-09T19:55:30.828+0000] {dagbag.py:545} INFO - Filling up the DagBag from /home/airflow/.local/lib/python3.12/site-packages/airflow/example_dags/example_task_group_decorator.py
[2026-05-09T19:55:30.841+0000] {processor.py:840} INFO - DAG(s) 'example_task_group_decorator' retrieved from /home/airflow/.local/lib/python3.12/site-packages/airflow/example_dags/example_task_group_decorator.py
[2026-05-09T19:55:30.866+0000] {logging_mixin.py:188} INFO - [2026-05-09T19:55:30.866+0000] {dag.py:3096} INFO - Sync 1 DAGs
[2026-05-09T19:55:30.887+0000] {logging_mixin.py:188} INFO - [2026-05-09T19:55:30.887+0000] {dag.py:3954} INFO - Setting next_dagrun for example_task_group_decorator to 2026-05-08 00:00:00+00:00, run_after=2026-05-09 00:00:00+00:00
[2026-05-09T19:55:30.911+0000] {processor.py:183} INFO - Processing /home/airflow/.local/lib/python3.12/site-packages/airflow/example_dags/example_task_group_decorator.py took 0.091 seconds
[2026-05-09T19:56:00.959+0000] {processor.py:161} INFO - Started process (PID=7478) to work on /home/airflow/.local/lib/python3.12/site-packages/airflow/example_dags/example_task_group_decorator.py
[2026-05-09T19:56:00.960+0000] {processor.py:830} INFO - Processing file /home/airflow/.local/lib/python3.12/site-packages/airflow/example_dags/example_task_group_decorator.py for tasks to queue
[2026-05-09T19:56:00.962+0000] {logging_mixin.py:188} INFO - [2026-05-09T19:56:00.962+0000] {dagbag.py:545} INFO - Filling up the DagBag from /home/airflow/.local/lib/python3.12/site-packages/airflow/example_dags/example_task_group_decorator.py
[2026-05-09T19:56:00.976+0000] {processor.py:840} INFO - DAG(s) 'example_task_group_decorator' retrieved from /home/airflow/.local/lib/python3.12/site-packages/airflow/example_dags/example_task_group_decorator.py
[2026-05-09T19:56:01.003+0000] {logging_mixin.py:188} INFO - [2026-05-09T19:56:01.002+0000] {dag.py:3096} INFO - Sync 1 DAGs
[2026-05-09T19:56:01.024+0000] {logging_mixin.py:188} INFO - [2026-05-09T19:56:01.024+0000] {dag.py:3954} INFO - Setting next_dagrun for example_task_group_decorator to 2026-05-08 00:00:00+00:00, run_after=2026-05-09 00:00:00+00:00
[2026-05-09T19:56:01.049+0000] {processor.py:183} INFO - Processing /home/airflow/.local/lib/python3.12/site-packages/airflow/example_dags/example_task_group_decorator.py took 0.095 seconds
[2026-05-09T19:56:31.304+0000] {processor.py:161} INFO - Started process (PID=7537) to work on /home/airflow/.local/lib/python3.12/site-packages/airflow/example_dags/example_task_group_decorator.py
[2026-05-09T19:56:31.306+0000] {processor.py:830} INFO - Processing file /home/airflow/.local/lib/python3.12/site-packages/airflow/example_dags/example_task_group_decorator.py for tasks to queue
[2026-05-09T19:56:31.308+0000] {logging_mixin.py:188} INFO - [2026-05-09T19:56:31.308+0000] {dagbag.py:545} INFO - Filling up the DagBag from /home/airflow/.local/lib/python3.12/site-packages/airflow/example_dags/example_task_group_decorator.py
[2026-05-09T19:56:31.322+0000] {processor.py:840} INFO - DAG(s) 'example_task_group_decorator' retrieved from /home/airflow/.local/lib/python3.12/site-packages/airflow/example_dags/example_task_group_decorator.py
[2026-05-09T19:56:31.349+0000] {logging_mixin.py:188} INFO - [2026-05-09T19:56:31.349+0000] {dag.py:3096} INFO - Sync 1 DAGs
[2026-05-09T19:56:31.372+0000] {logging_mixin.py:188} INFO - [2026-05-09T19:56:31.372+0000] {dag.py:3954} INFO - Setting next_dagrun for example_task_group_decorator to 2026-05-08 00:00:00+00:00, run_after=2026-05-09 00:00:00+00:00
[2026-05-09T19:56:31.398+0000] {processor.py:183} INFO - Processing /home/airflow/.local/lib/python3.12/site-packages/airflow/example_dags/example_task_group_decorator.py took 0.099 seconds
[2026-05-09T19:57:01.786+0000] {processor.py:161} INFO - Started process (PID=7596) to work on /home/airflow/.local/lib/python3.12/site-packages/airflow/example_dags/example_task_group_decorator.py
[2026-05-09T19:57:01.788+0000] {processor.py:830} INFO - Processing file /home/airflow/.local/lib/python3.12/site-packages/airflow/example_dags/example_task_group_decorator.py for tasks to queue
[2026-05-09T19:57:01.790+0000] {logging_mixin.py:188} INFO - [2026-05-09T19:57:01.789+0000] {dagbag.py:545} INFO - Filling up the DagBag from /home/airflow/.local/lib/python3.12/site-packages/airflow/example_dags/example_task_group_decorator.py
[2026-05-09T19:57:01.805+0000] {processor.py:840} INFO - DAG(s) 'example_task_group_decorator' retrieved from /home/airflow/.local/lib/python3.12/site-packages/airflow/example_dags/example_task_group_decorator.py
[2026-05-09T19:57:01.834+0000] {logging_mixin.py:188} INFO - [2026-05-09T19:57:01.834+0000] {dag.py:3096} INFO - Sync 1 DAGs
[2026-05-09T19:57:01.861+0000] {logging_mixin.py:188} INFO - [2026-05-09T19:57:01.860+0000] {dag.py:3954} INFO - Setting next_dagrun for example_task_group_decorator to 2026-05-08 00:00:00+00:00, run_after=2026-05-09 00:00:00+00:00
[2026-05-09T19:57:01.887+0000] {processor.py:183} INFO - Processing /home/airflow/.local/lib/python3.12/site-packages/airflow/example_dags/example_task_group_decorator.py took 0.108 seconds
