[2026-05-09T18:42:20.906+0000] {processor.py:161} INFO - Started process (PID=113) to work on /home/airflow/.local/lib/python3.12/site-packages/airflow/example_dags/example_local_kubernetes_executor.py
[2026-05-09T18:42:20.907+0000] {processor.py:830} INFO - Processing file /home/airflow/.local/lib/python3.12/site-packages/airflow/example_dags/example_local_kubernetes_executor.py for tasks to queue
[2026-05-09T18:42:20.909+0000] {logging_mixin.py:188} INFO - [2026-05-09T18:42:20.909+0000] {dagbag.py:545} INFO - Filling up the DagBag from /home/airflow/.local/lib/python3.12/site-packages/airflow/example_dags/example_local_kubernetes_executor.py
[2026-05-09T18:42:20.919+0000] {processor.py:840} INFO - DAG(s) 'example_local_kubernetes_executor' retrieved from /home/airflow/.local/lib/python3.12/site-packages/airflow/example_dags/example_local_kubernetes_executor.py
[2026-05-09T18:42:21.045+0000] {logging_mixin.py:188} INFO - [2026-05-09T18:42:21.045+0000] {dag.py:3096} INFO - Sync 1 DAGs
[2026-05-09T18:42:21.057+0000] {logging_mixin.py:188} INFO - [2026-05-09T18:42:21.057+0000] {dag.py:3954} INFO - Setting next_dagrun for example_local_kubernetes_executor to None, run_after=None
[2026-05-09T18:42:21.085+0000] {processor.py:183} INFO - Processing /home/airflow/.local/lib/python3.12/site-packages/airflow/example_dags/example_local_kubernetes_executor.py took 0.185 seconds
[2026-05-09T18:42:51.256+0000] {processor.py:161} INFO - Started process (PID=171) to work on /home/airflow/.local/lib/python3.12/site-packages/airflow/example_dags/example_local_kubernetes_executor.py
[2026-05-09T18:42:51.258+0000] {processor.py:830} INFO - Processing file /home/airflow/.local/lib/python3.12/site-packages/airflow/example_dags/example_local_kubernetes_executor.py for tasks to queue
[2026-05-09T18:42:51.260+0000] {logging_mixin.py:188} INFO - [2026-05-09T18:42:51.259+0000] {dagbag.py:545} INFO - Filling up the DagBag from /home/airflow/.local/lib/python3.12/site-packages/airflow/example_dags/example_local_kubernetes_executor.py
[2026-05-09T18:42:51.268+0000] {processor.py:840} INFO - DAG(s) 'example_local_kubernetes_executor' retrieved from /home/airflow/.local/lib/python3.12/site-packages/airflow/example_dags/example_local_kubernetes_executor.py
[2026-05-09T18:42:51.315+0000] {logging_mixin.py:188} INFO - [2026-05-09T18:42:51.315+0000] {dag.py:3096} INFO - Sync 1 DAGs
[2026-05-09T18:42:51.331+0000] {logging_mixin.py:188} INFO - [2026-05-09T18:42:51.331+0000] {dag.py:3954} INFO - Setting next_dagrun for example_local_kubernetes_executor to None, run_after=None
[2026-05-09T18:42:51.361+0000] {processor.py:183} INFO - Processing /home/airflow/.local/lib/python3.12/site-packages/airflow/example_dags/example_local_kubernetes_executor.py took 0.110 seconds
[2026-05-09T18:43:24.141+0000] {processor.py:161} INFO - Started process (PID=229) to work on /home/airflow/.local/lib/python3.12/site-packages/airflow/example_dags/example_local_kubernetes_executor.py
[2026-05-09T18:43:24.143+0000] {processor.py:830} INFO - Processing file /home/airflow/.local/lib/python3.12/site-packages/airflow/example_dags/example_local_kubernetes_executor.py for tasks to queue
[2026-05-09T18:43:24.145+0000] {logging_mixin.py:188} INFO - [2026-05-09T18:43:24.145+0000] {dagbag.py:545} INFO - Filling up the DagBag from /home/airflow/.local/lib/python3.12/site-packages/airflow/example_dags/example_local_kubernetes_executor.py
[2026-05-09T18:43:24.152+0000] {processor.py:840} INFO - DAG(s) 'example_local_kubernetes_executor' retrieved from /home/airflow/.local/lib/python3.12/site-packages/airflow/example_dags/example_local_kubernetes_executor.py
[2026-05-09T18:43:24.190+0000] {logging_mixin.py:188} INFO - [2026-05-09T18:43:24.189+0000] {dag.py:3096} INFO - Sync 1 DAGs
[2026-05-09T18:43:24.204+0000] {logging_mixin.py:188} INFO - [2026-05-09T18:43:24.204+0000] {dag.py:3954} INFO - Setting next_dagrun for example_local_kubernetes_executor to None, run_after=None
[2026-05-09T18:43:24.233+0000] {processor.py:183} INFO - Processing /home/airflow/.local/lib/python3.12/site-packages/airflow/example_dags/example_local_kubernetes_executor.py took 0.098 seconds
[2026-05-09T18:43:57.183+0000] {processor.py:161} INFO - Started process (PID=287) to work on /home/airflow/.local/lib/python3.12/site-packages/airflow/example_dags/example_local_kubernetes_executor.py
[2026-05-09T18:43:57.184+0000] {processor.py:830} INFO - Processing file /home/airflow/.local/lib/python3.12/site-packages/airflow/example_dags/example_local_kubernetes_executor.py for tasks to queue
[2026-05-09T18:43:57.187+0000] {logging_mixin.py:188} INFO - [2026-05-09T18:43:57.186+0000] {dagbag.py:545} INFO - Filling up the DagBag from /home/airflow/.local/lib/python3.12/site-packages/airflow/example_dags/example_local_kubernetes_executor.py
[2026-05-09T18:43:57.195+0000] {processor.py:840} INFO - DAG(s) 'example_local_kubernetes_executor' retrieved from /home/airflow/.local/lib/python3.12/site-packages/airflow/example_dags/example_local_kubernetes_executor.py
[2026-05-09T18:43:57.236+0000] {logging_mixin.py:188} INFO - [2026-05-09T18:43:57.236+0000] {dag.py:3096} INFO - Sync 1 DAGs
[2026-05-09T18:43:57.251+0000] {logging_mixin.py:188} INFO - [2026-05-09T18:43:57.250+0000] {dag.py:3954} INFO - Setting next_dagrun for example_local_kubernetes_executor to None, run_after=None
[2026-05-09T18:43:57.281+0000] {processor.py:183} INFO - Processing /home/airflow/.local/lib/python3.12/site-packages/airflow/example_dags/example_local_kubernetes_executor.py took 0.104 seconds
[2026-05-09T18:44:27.868+0000] {processor.py:161} INFO - Started process (PID=345) to work on /home/airflow/.local/lib/python3.12/site-packages/airflow/example_dags/example_local_kubernetes_executor.py
[2026-05-09T18:44:27.870+0000] {processor.py:830} INFO - Processing file /home/airflow/.local/lib/python3.12/site-packages/airflow/example_dags/example_local_kubernetes_executor.py for tasks to queue
[2026-05-09T18:44:27.874+0000] {logging_mixin.py:188} INFO - [2026-05-09T18:44:27.873+0000] {dagbag.py:545} INFO - Filling up the DagBag from /home/airflow/.local/lib/python3.12/site-packages/airflow/example_dags/example_local_kubernetes_executor.py
[2026-05-09T18:44:27.882+0000] {processor.py:840} INFO - DAG(s) 'example_local_kubernetes_executor' retrieved from /home/airflow/.local/lib/python3.12/site-packages/airflow/example_dags/example_local_kubernetes_executor.py
[2026-05-09T18:44:27.919+0000] {logging_mixin.py:188} INFO - [2026-05-09T18:44:27.919+0000] {dag.py:3096} INFO - Sync 1 DAGs
[2026-05-09T18:44:27.935+0000] {logging_mixin.py:188} INFO - [2026-05-09T18:44:27.934+0000] {dag.py:3954} INFO - Setting next_dagrun for example_local_kubernetes_executor to None, run_after=None
[2026-05-09T18:44:27.961+0000] {processor.py:183} INFO - Processing /home/airflow/.local/lib/python3.12/site-packages/airflow/example_dags/example_local_kubernetes_executor.py took 0.105 seconds
[2026-05-09T18:44:58.510+0000] {processor.py:161} INFO - Started process (PID=403) to work on /home/airflow/.local/lib/python3.12/site-packages/airflow/example_dags/example_local_kubernetes_executor.py
[2026-05-09T18:44:58.512+0000] {processor.py:830} INFO - Processing file /home/airflow/.local/lib/python3.12/site-packages/airflow/example_dags/example_local_kubernetes_executor.py for tasks to queue
[2026-05-09T18:44:58.515+0000] {logging_mixin.py:188} INFO - [2026-05-09T18:44:58.515+0000] {dagbag.py:545} INFO - Filling up the DagBag from /home/airflow/.local/lib/python3.12/site-packages/airflow/example_dags/example_local_kubernetes_executor.py
[2026-05-09T18:44:58.526+0000] {processor.py:840} INFO - DAG(s) 'example_local_kubernetes_executor' retrieved from /home/airflow/.local/lib/python3.12/site-packages/airflow/example_dags/example_local_kubernetes_executor.py
[2026-05-09T18:44:58.570+0000] {logging_mixin.py:188} INFO - [2026-05-09T18:44:58.570+0000] {dag.py:3096} INFO - Sync 1 DAGs
[2026-05-09T18:44:58.585+0000] {logging_mixin.py:188} INFO - [2026-05-09T18:44:58.585+0000] {dag.py:3954} INFO - Setting next_dagrun for example_local_kubernetes_executor to None, run_after=None
[2026-05-09T18:44:58.614+0000] {processor.py:183} INFO - Processing /home/airflow/.local/lib/python3.12/site-packages/airflow/example_dags/example_local_kubernetes_executor.py took 0.110 seconds
[2026-05-09T18:45:29.332+0000] {processor.py:161} INFO - Started process (PID=461) to work on /home/airflow/.local/lib/python3.12/site-packages/airflow/example_dags/example_local_kubernetes_executor.py
[2026-05-09T18:45:29.333+0000] {processor.py:830} INFO - Processing file /home/airflow/.local/lib/python3.12/site-packages/airflow/example_dags/example_local_kubernetes_executor.py for tasks to queue
[2026-05-09T18:45:29.335+0000] {logging_mixin.py:188} INFO - [2026-05-09T18:45:29.335+0000] {dagbag.py:545} INFO - Filling up the DagBag from /home/airflow/.local/lib/python3.12/site-packages/airflow/example_dags/example_local_kubernetes_executor.py
[2026-05-09T18:45:29.342+0000] {processor.py:840} INFO - DAG(s) 'example_local_kubernetes_executor' retrieved from /home/airflow/.local/lib/python3.12/site-packages/airflow/example_dags/example_local_kubernetes_executor.py
[2026-05-09T18:45:29.378+0000] {logging_mixin.py:188} INFO - [2026-05-09T18:45:29.378+0000] {dag.py:3096} INFO - Sync 1 DAGs
[2026-05-09T18:45:29.392+0000] {logging_mixin.py:188} INFO - [2026-05-09T18:45:29.392+0000] {dag.py:3954} INFO - Setting next_dagrun for example_local_kubernetes_executor to None, run_after=None
[2026-05-09T18:45:29.418+0000] {processor.py:183} INFO - Processing /home/airflow/.local/lib/python3.12/site-packages/airflow/example_dags/example_local_kubernetes_executor.py took 0.091 seconds
[2026-05-09T18:46:00.119+0000] {processor.py:161} INFO - Started process (PID=519) to work on /home/airflow/.local/lib/python3.12/site-packages/airflow/example_dags/example_local_kubernetes_executor.py
[2026-05-09T18:46:00.120+0000] {processor.py:830} INFO - Processing file /home/airflow/.local/lib/python3.12/site-packages/airflow/example_dags/example_local_kubernetes_executor.py for tasks to queue
[2026-05-09T18:46:00.122+0000] {logging_mixin.py:188} INFO - [2026-05-09T18:46:00.121+0000] {dagbag.py:545} INFO - Filling up the DagBag from /home/airflow/.local/lib/python3.12/site-packages/airflow/example_dags/example_local_kubernetes_executor.py
[2026-05-09T18:46:00.129+0000] {processor.py:840} INFO - DAG(s) 'example_local_kubernetes_executor' retrieved from /home/airflow/.local/lib/python3.12/site-packages/airflow/example_dags/example_local_kubernetes_executor.py
[2026-05-09T18:46:00.169+0000] {logging_mixin.py:188} INFO - [2026-05-09T18:46:00.169+0000] {dag.py:3096} INFO - Sync 1 DAGs
[2026-05-09T18:46:00.183+0000] {logging_mixin.py:188} INFO - [2026-05-09T18:46:00.183+0000] {dag.py:3954} INFO - Setting next_dagrun for example_local_kubernetes_executor to None, run_after=None
[2026-05-09T18:46:00.211+0000] {processor.py:183} INFO - Processing /home/airflow/.local/lib/python3.12/site-packages/airflow/example_dags/example_local_kubernetes_executor.py took 0.098 seconds
[2026-05-09T18:46:31.701+0000] {processor.py:161} INFO - Started process (PID=577) to work on /home/airflow/.local/lib/python3.12/site-packages/airflow/example_dags/example_local_kubernetes_executor.py
[2026-05-09T18:46:31.702+0000] {processor.py:830} INFO - Processing file /home/airflow/.local/lib/python3.12/site-packages/airflow/example_dags/example_local_kubernetes_executor.py for tasks to queue
[2026-05-09T18:46:31.704+0000] {logging_mixin.py:188} INFO - [2026-05-09T18:46:31.703+0000] {dagbag.py:545} INFO - Filling up the DagBag from /home/airflow/.local/lib/python3.12/site-packages/airflow/example_dags/example_local_kubernetes_executor.py
[2026-05-09T18:46:31.711+0000] {processor.py:840} INFO - DAG(s) 'example_local_kubernetes_executor' retrieved from /home/airflow/.local/lib/python3.12/site-packages/airflow/example_dags/example_local_kubernetes_executor.py
[2026-05-09T18:46:31.750+0000] {logging_mixin.py:188} INFO - [2026-05-09T18:46:31.749+0000] {dag.py:3096} INFO - Sync 1 DAGs
[2026-05-09T18:46:31.763+0000] {logging_mixin.py:188} INFO - [2026-05-09T18:46:31.763+0000] {dag.py:3954} INFO - Setting next_dagrun for example_local_kubernetes_executor to None, run_after=None
[2026-05-09T18:46:31.789+0000] {processor.py:183} INFO - Processing /home/airflow/.local/lib/python3.12/site-packages/airflow/example_dags/example_local_kubernetes_executor.py took 0.094 seconds
[2026-05-09T18:51:09.896+0000] {processor.py:161} INFO - Started process (PID=126) to work on /home/airflow/.local/lib/python3.12/site-packages/airflow/example_dags/example_local_kubernetes_executor.py
[2026-05-09T18:51:09.898+0000] {processor.py:830} INFO - Processing file /home/airflow/.local/lib/python3.12/site-packages/airflow/example_dags/example_local_kubernetes_executor.py for tasks to queue
[2026-05-09T18:51:09.900+0000] {logging_mixin.py:188} INFO - [2026-05-09T18:51:09.900+0000] {dagbag.py:545} INFO - Filling up the DagBag from /home/airflow/.local/lib/python3.12/site-packages/airflow/example_dags/example_local_kubernetes_executor.py
[2026-05-09T18:51:09.908+0000] {processor.py:840} INFO - DAG(s) 'example_local_kubernetes_executor' retrieved from /home/airflow/.local/lib/python3.12/site-packages/airflow/example_dags/example_local_kubernetes_executor.py
[2026-05-09T18:51:10.068+0000] {logging_mixin.py:188} INFO - [2026-05-09T18:51:10.067+0000] {dag.py:3096} INFO - Sync 1 DAGs
[2026-05-09T18:51:10.083+0000] {logging_mixin.py:188} INFO - [2026-05-09T18:51:10.082+0000] {dag.py:3954} INFO - Setting next_dagrun for example_local_kubernetes_executor to None, run_after=None
[2026-05-09T18:51:10.119+0000] {processor.py:183} INFO - Processing /home/airflow/.local/lib/python3.12/site-packages/airflow/example_dags/example_local_kubernetes_executor.py took 0.229 seconds
[2026-05-09T18:51:54.386+0000] {processor.py:161} INFO - Started process (PID=101) to work on /home/airflow/.local/lib/python3.12/site-packages/airflow/example_dags/example_local_kubernetes_executor.py
[2026-05-09T18:51:54.387+0000] {processor.py:830} INFO - Processing file /home/airflow/.local/lib/python3.12/site-packages/airflow/example_dags/example_local_kubernetes_executor.py for tasks to queue
[2026-05-09T18:51:54.389+0000] {logging_mixin.py:188} INFO - [2026-05-09T18:51:54.389+0000] {dagbag.py:545} INFO - Filling up the DagBag from /home/airflow/.local/lib/python3.12/site-packages/airflow/example_dags/example_local_kubernetes_executor.py
[2026-05-09T18:51:54.397+0000] {processor.py:840} INFO - DAG(s) 'example_local_kubernetes_executor' retrieved from /home/airflow/.local/lib/python3.12/site-packages/airflow/example_dags/example_local_kubernetes_executor.py
[2026-05-09T18:51:54.431+0000] {logging_mixin.py:188} INFO - [2026-05-09T18:51:54.431+0000] {dag.py:3096} INFO - Sync 1 DAGs
[2026-05-09T18:51:54.445+0000] {logging_mixin.py:188} INFO - [2026-05-09T18:51:54.444+0000] {dag.py:3954} INFO - Setting next_dagrun for example_local_kubernetes_executor to None, run_after=None
[2026-05-09T18:51:54.470+0000] {processor.py:183} INFO - Processing /home/airflow/.local/lib/python3.12/site-packages/airflow/example_dags/example_local_kubernetes_executor.py took 0.089 seconds
[2026-05-09T18:52:24.816+0000] {processor.py:161} INFO - Started process (PID=159) to work on /home/airflow/.local/lib/python3.12/site-packages/airflow/example_dags/example_local_kubernetes_executor.py
[2026-05-09T18:52:24.817+0000] {processor.py:830} INFO - Processing file /home/airflow/.local/lib/python3.12/site-packages/airflow/example_dags/example_local_kubernetes_executor.py for tasks to queue
[2026-05-09T18:52:24.819+0000] {logging_mixin.py:188} INFO - [2026-05-09T18:52:24.819+0000] {dagbag.py:545} INFO - Filling up the DagBag from /home/airflow/.local/lib/python3.12/site-packages/airflow/example_dags/example_local_kubernetes_executor.py
[2026-05-09T18:52:24.827+0000] {processor.py:840} INFO - DAG(s) 'example_local_kubernetes_executor' retrieved from /home/airflow/.local/lib/python3.12/site-packages/airflow/example_dags/example_local_kubernetes_executor.py
[2026-05-09T18:52:24.859+0000] {logging_mixin.py:188} INFO - [2026-05-09T18:52:24.859+0000] {dag.py:3096} INFO - Sync 1 DAGs
[2026-05-09T18:52:24.872+0000] {logging_mixin.py:188} INFO - [2026-05-09T18:52:24.871+0000] {dag.py:3954} INFO - Setting next_dagrun for example_local_kubernetes_executor to None, run_after=None
[2026-05-09T18:52:24.899+0000] {processor.py:183} INFO - Processing /home/airflow/.local/lib/python3.12/site-packages/airflow/example_dags/example_local_kubernetes_executor.py took 0.089 seconds
[2026-05-09T18:53:01.267+0000] {processor.py:161} INFO - Started process (PID=217) to work on /home/airflow/.local/lib/python3.12/site-packages/airflow/example_dags/example_local_kubernetes_executor.py
[2026-05-09T18:53:01.268+0000] {processor.py:830} INFO - Processing file /home/airflow/.local/lib/python3.12/site-packages/airflow/example_dags/example_local_kubernetes_executor.py for tasks to queue
[2026-05-09T18:53:01.270+0000] {logging_mixin.py:188} INFO - [2026-05-09T18:53:01.270+0000] {dagbag.py:545} INFO - Filling up the DagBag from /home/airflow/.local/lib/python3.12/site-packages/airflow/example_dags/example_local_kubernetes_executor.py
[2026-05-09T18:53:01.278+0000] {processor.py:840} INFO - DAG(s) 'example_local_kubernetes_executor' retrieved from /home/airflow/.local/lib/python3.12/site-packages/airflow/example_dags/example_local_kubernetes_executor.py
[2026-05-09T18:53:01.314+0000] {logging_mixin.py:188} INFO - [2026-05-09T18:53:01.314+0000] {dag.py:3096} INFO - Sync 1 DAGs
[2026-05-09T18:53:01.329+0000] {logging_mixin.py:188} INFO - [2026-05-09T18:53:01.328+0000] {dag.py:3954} INFO - Setting next_dagrun for example_local_kubernetes_executor to None, run_after=None
[2026-05-09T18:53:01.355+0000] {processor.py:183} INFO - Processing /home/airflow/.local/lib/python3.12/site-packages/airflow/example_dags/example_local_kubernetes_executor.py took 0.093 seconds
[2026-05-09T18:53:31.536+0000] {processor.py:161} INFO - Started process (PID=275) to work on /home/airflow/.local/lib/python3.12/site-packages/airflow/example_dags/example_local_kubernetes_executor.py
[2026-05-09T18:53:31.537+0000] {processor.py:830} INFO - Processing file /home/airflow/.local/lib/python3.12/site-packages/airflow/example_dags/example_local_kubernetes_executor.py for tasks to queue
[2026-05-09T18:53:31.539+0000] {logging_mixin.py:188} INFO - [2026-05-09T18:53:31.539+0000] {dagbag.py:545} INFO - Filling up the DagBag from /home/airflow/.local/lib/python3.12/site-packages/airflow/example_dags/example_local_kubernetes_executor.py
[2026-05-09T18:53:31.547+0000] {processor.py:840} INFO - DAG(s) 'example_local_kubernetes_executor' retrieved from /home/airflow/.local/lib/python3.12/site-packages/airflow/example_dags/example_local_kubernetes_executor.py
[2026-05-09T18:53:31.582+0000] {logging_mixin.py:188} INFO - [2026-05-09T18:53:31.581+0000] {dag.py:3096} INFO - Sync 1 DAGs
[2026-05-09T18:53:31.597+0000] {logging_mixin.py:188} INFO - [2026-05-09T18:53:31.597+0000] {dag.py:3954} INFO - Setting next_dagrun for example_local_kubernetes_executor to None, run_after=None
[2026-05-09T18:53:31.628+0000] {processor.py:183} INFO - Processing /home/airflow/.local/lib/python3.12/site-packages/airflow/example_dags/example_local_kubernetes_executor.py took 0.098 seconds
[2026-05-09T18:54:03.417+0000] {processor.py:161} INFO - Started process (PID=333) to work on /home/airflow/.local/lib/python3.12/site-packages/airflow/example_dags/example_local_kubernetes_executor.py
[2026-05-09T18:54:03.419+0000] {processor.py:830} INFO - Processing file /home/airflow/.local/lib/python3.12/site-packages/airflow/example_dags/example_local_kubernetes_executor.py for tasks to queue
[2026-05-09T18:54:03.421+0000] {logging_mixin.py:188} INFO - [2026-05-09T18:54:03.421+0000] {dagbag.py:545} INFO - Filling up the DagBag from /home/airflow/.local/lib/python3.12/site-packages/airflow/example_dags/example_local_kubernetes_executor.py
[2026-05-09T18:54:03.429+0000] {processor.py:840} INFO - DAG(s) 'example_local_kubernetes_executor' retrieved from /home/airflow/.local/lib/python3.12/site-packages/airflow/example_dags/example_local_kubernetes_executor.py
[2026-05-09T18:54:03.477+0000] {logging_mixin.py:188} INFO - [2026-05-09T18:54:03.477+0000] {dag.py:3096} INFO - Sync 1 DAGs
[2026-05-09T18:54:03.503+0000] {logging_mixin.py:188} INFO - [2026-05-09T18:54:03.502+0000] {dag.py:3954} INFO - Setting next_dagrun for example_local_kubernetes_executor to None, run_after=None
[2026-05-09T18:54:03.560+0000] {processor.py:183} INFO - Processing /home/airflow/.local/lib/python3.12/site-packages/airflow/example_dags/example_local_kubernetes_executor.py took 0.148 seconds
[2026-05-09T18:54:34.001+0000] {processor.py:161} INFO - Started process (PID=391) to work on /home/airflow/.local/lib/python3.12/site-packages/airflow/example_dags/example_local_kubernetes_executor.py
[2026-05-09T18:54:34.002+0000] {processor.py:830} INFO - Processing file /home/airflow/.local/lib/python3.12/site-packages/airflow/example_dags/example_local_kubernetes_executor.py for tasks to queue
[2026-05-09T18:54:34.004+0000] {logging_mixin.py:188} INFO - [2026-05-09T18:54:34.003+0000] {dagbag.py:545} INFO - Filling up the DagBag from /home/airflow/.local/lib/python3.12/site-packages/airflow/example_dags/example_local_kubernetes_executor.py
[2026-05-09T18:54:34.010+0000] {processor.py:840} INFO - DAG(s) 'example_local_kubernetes_executor' retrieved from /home/airflow/.local/lib/python3.12/site-packages/airflow/example_dags/example_local_kubernetes_executor.py
[2026-05-09T18:54:34.044+0000] {logging_mixin.py:188} INFO - [2026-05-09T18:54:34.044+0000] {dag.py:3096} INFO - Sync 1 DAGs
[2026-05-09T18:54:34.056+0000] {logging_mixin.py:188} INFO - [2026-05-09T18:54:34.056+0000] {dag.py:3954} INFO - Setting next_dagrun for example_local_kubernetes_executor to None, run_after=None
[2026-05-09T18:54:34.079+0000] {processor.py:183} INFO - Processing /home/airflow/.local/lib/python3.12/site-packages/airflow/example_dags/example_local_kubernetes_executor.py took 0.084 seconds
[2026-05-09T18:55:04.227+0000] {processor.py:161} INFO - Started process (PID=449) to work on /home/airflow/.local/lib/python3.12/site-packages/airflow/example_dags/example_local_kubernetes_executor.py
[2026-05-09T18:55:04.228+0000] {processor.py:830} INFO - Processing file /home/airflow/.local/lib/python3.12/site-packages/airflow/example_dags/example_local_kubernetes_executor.py for tasks to queue
[2026-05-09T18:55:04.230+0000] {logging_mixin.py:188} INFO - [2026-05-09T18:55:04.229+0000] {dagbag.py:545} INFO - Filling up the DagBag from /home/airflow/.local/lib/python3.12/site-packages/airflow/example_dags/example_local_kubernetes_executor.py
[2026-05-09T18:55:04.236+0000] {processor.py:840} INFO - DAG(s) 'example_local_kubernetes_executor' retrieved from /home/airflow/.local/lib/python3.12/site-packages/airflow/example_dags/example_local_kubernetes_executor.py
[2026-05-09T18:55:04.269+0000] {logging_mixin.py:188} INFO - [2026-05-09T18:55:04.269+0000] {dag.py:3096} INFO - Sync 1 DAGs
[2026-05-09T18:55:04.282+0000] {logging_mixin.py:188} INFO - [2026-05-09T18:55:04.282+0000] {dag.py:3954} INFO - Setting next_dagrun for example_local_kubernetes_executor to None, run_after=None
[2026-05-09T18:55:04.304+0000] {processor.py:183} INFO - Processing /home/airflow/.local/lib/python3.12/site-packages/airflow/example_dags/example_local_kubernetes_executor.py took 0.082 seconds
[2026-05-09T18:55:34.660+0000] {processor.py:161} INFO - Started process (PID=507) to work on /home/airflow/.local/lib/python3.12/site-packages/airflow/example_dags/example_local_kubernetes_executor.py
[2026-05-09T18:55:34.661+0000] {processor.py:830} INFO - Processing file /home/airflow/.local/lib/python3.12/site-packages/airflow/example_dags/example_local_kubernetes_executor.py for tasks to queue
[2026-05-09T18:55:34.663+0000] {logging_mixin.py:188} INFO - [2026-05-09T18:55:34.663+0000] {dagbag.py:545} INFO - Filling up the DagBag from /home/airflow/.local/lib/python3.12/site-packages/airflow/example_dags/example_local_kubernetes_executor.py
[2026-05-09T18:55:34.669+0000] {processor.py:840} INFO - DAG(s) 'example_local_kubernetes_executor' retrieved from /home/airflow/.local/lib/python3.12/site-packages/airflow/example_dags/example_local_kubernetes_executor.py
[2026-05-09T18:55:34.703+0000] {logging_mixin.py:188} INFO - [2026-05-09T18:55:34.703+0000] {dag.py:3096} INFO - Sync 1 DAGs
[2026-05-09T18:55:34.715+0000] {logging_mixin.py:188} INFO - [2026-05-09T18:55:34.714+0000] {dag.py:3954} INFO - Setting next_dagrun for example_local_kubernetes_executor to None, run_after=None
[2026-05-09T18:55:34.737+0000] {processor.py:183} INFO - Processing /home/airflow/.local/lib/python3.12/site-packages/airflow/example_dags/example_local_kubernetes_executor.py took 0.083 seconds
[2026-05-09T18:56:05.528+0000] {processor.py:161} INFO - Started process (PID=565) to work on /home/airflow/.local/lib/python3.12/site-packages/airflow/example_dags/example_local_kubernetes_executor.py
[2026-05-09T18:56:05.530+0000] {processor.py:830} INFO - Processing file /home/airflow/.local/lib/python3.12/site-packages/airflow/example_dags/example_local_kubernetes_executor.py for tasks to queue
[2026-05-09T18:56:05.532+0000] {logging_mixin.py:188} INFO - [2026-05-09T18:56:05.532+0000] {dagbag.py:545} INFO - Filling up the DagBag from /home/airflow/.local/lib/python3.12/site-packages/airflow/example_dags/example_local_kubernetes_executor.py
[2026-05-09T18:56:05.540+0000] {processor.py:840} INFO - DAG(s) 'example_local_kubernetes_executor' retrieved from /home/airflow/.local/lib/python3.12/site-packages/airflow/example_dags/example_local_kubernetes_executor.py
[2026-05-09T18:56:05.578+0000] {logging_mixin.py:188} INFO - [2026-05-09T18:56:05.578+0000] {dag.py:3096} INFO - Sync 1 DAGs
[2026-05-09T18:56:05.592+0000] {logging_mixin.py:188} INFO - [2026-05-09T18:56:05.592+0000] {dag.py:3954} INFO - Setting next_dagrun for example_local_kubernetes_executor to None, run_after=None
[2026-05-09T18:56:05.619+0000] {processor.py:183} INFO - Processing /home/airflow/.local/lib/python3.12/site-packages/airflow/example_dags/example_local_kubernetes_executor.py took 0.097 seconds
[2026-05-09T18:56:35.780+0000] {processor.py:161} INFO - Started process (PID=623) to work on /home/airflow/.local/lib/python3.12/site-packages/airflow/example_dags/example_local_kubernetes_executor.py
[2026-05-09T18:56:35.781+0000] {processor.py:830} INFO - Processing file /home/airflow/.local/lib/python3.12/site-packages/airflow/example_dags/example_local_kubernetes_executor.py for tasks to queue
[2026-05-09T18:56:35.783+0000] {logging_mixin.py:188} INFO - [2026-05-09T18:56:35.783+0000] {dagbag.py:545} INFO - Filling up the DagBag from /home/airflow/.local/lib/python3.12/site-packages/airflow/example_dags/example_local_kubernetes_executor.py
[2026-05-09T18:56:35.790+0000] {processor.py:840} INFO - DAG(s) 'example_local_kubernetes_executor' retrieved from /home/airflow/.local/lib/python3.12/site-packages/airflow/example_dags/example_local_kubernetes_executor.py
[2026-05-09T18:56:35.824+0000] {logging_mixin.py:188} INFO - [2026-05-09T18:56:35.824+0000] {dag.py:3096} INFO - Sync 1 DAGs
[2026-05-09T18:56:35.837+0000] {logging_mixin.py:188} INFO - [2026-05-09T18:56:35.836+0000] {dag.py:3954} INFO - Setting next_dagrun for example_local_kubernetes_executor to None, run_after=None
[2026-05-09T18:56:35.862+0000] {processor.py:183} INFO - Processing /home/airflow/.local/lib/python3.12/site-packages/airflow/example_dags/example_local_kubernetes_executor.py took 0.087 seconds
[2026-05-09T18:57:06.386+0000] {processor.py:161} INFO - Started process (PID=682) to work on /home/airflow/.local/lib/python3.12/site-packages/airflow/example_dags/example_local_kubernetes_executor.py
[2026-05-09T18:57:06.387+0000] {processor.py:830} INFO - Processing file /home/airflow/.local/lib/python3.12/site-packages/airflow/example_dags/example_local_kubernetes_executor.py for tasks to queue
[2026-05-09T18:57:06.390+0000] {logging_mixin.py:188} INFO - [2026-05-09T18:57:06.389+0000] {dagbag.py:545} INFO - Filling up the DagBag from /home/airflow/.local/lib/python3.12/site-packages/airflow/example_dags/example_local_kubernetes_executor.py
[2026-05-09T18:57:06.398+0000] {processor.py:840} INFO - DAG(s) 'example_local_kubernetes_executor' retrieved from /home/airflow/.local/lib/python3.12/site-packages/airflow/example_dags/example_local_kubernetes_executor.py
[2026-05-09T18:57:06.437+0000] {logging_mixin.py:188} INFO - [2026-05-09T18:57:06.437+0000] {dag.py:3096} INFO - Sync 1 DAGs
[2026-05-09T18:57:06.451+0000] {logging_mixin.py:188} INFO - [2026-05-09T18:57:06.451+0000] {dag.py:3954} INFO - Setting next_dagrun for example_local_kubernetes_executor to None, run_after=None
[2026-05-09T18:57:06.480+0000] {processor.py:183} INFO - Processing /home/airflow/.local/lib/python3.12/site-packages/airflow/example_dags/example_local_kubernetes_executor.py took 0.099 seconds
[2026-05-09T18:57:36.991+0000] {processor.py:161} INFO - Started process (PID=741) to work on /home/airflow/.local/lib/python3.12/site-packages/airflow/example_dags/example_local_kubernetes_executor.py
[2026-05-09T18:57:36.992+0000] {processor.py:830} INFO - Processing file /home/airflow/.local/lib/python3.12/site-packages/airflow/example_dags/example_local_kubernetes_executor.py for tasks to queue
[2026-05-09T18:57:36.995+0000] {logging_mixin.py:188} INFO - [2026-05-09T18:57:36.994+0000] {dagbag.py:545} INFO - Filling up the DagBag from /home/airflow/.local/lib/python3.12/site-packages/airflow/example_dags/example_local_kubernetes_executor.py
[2026-05-09T18:57:37.002+0000] {processor.py:840} INFO - DAG(s) 'example_local_kubernetes_executor' retrieved from /home/airflow/.local/lib/python3.12/site-packages/airflow/example_dags/example_local_kubernetes_executor.py
[2026-05-09T18:57:37.039+0000] {logging_mixin.py:188} INFO - [2026-05-09T18:57:37.038+0000] {dag.py:3096} INFO - Sync 1 DAGs
[2026-05-09T18:57:37.052+0000] {logging_mixin.py:188} INFO - [2026-05-09T18:57:37.051+0000] {dag.py:3954} INFO - Setting next_dagrun for example_local_kubernetes_executor to None, run_after=None
[2026-05-09T18:57:37.078+0000] {processor.py:183} INFO - Processing /home/airflow/.local/lib/python3.12/site-packages/airflow/example_dags/example_local_kubernetes_executor.py took 0.092 seconds
[2026-05-09T18:58:08.116+0000] {processor.py:161} INFO - Started process (PID=801) to work on /home/airflow/.local/lib/python3.12/site-packages/airflow/example_dags/example_local_kubernetes_executor.py
[2026-05-09T18:58:08.118+0000] {processor.py:830} INFO - Processing file /home/airflow/.local/lib/python3.12/site-packages/airflow/example_dags/example_local_kubernetes_executor.py for tasks to queue
[2026-05-09T18:58:08.121+0000] {logging_mixin.py:188} INFO - [2026-05-09T18:58:08.120+0000] {dagbag.py:545} INFO - Filling up the DagBag from /home/airflow/.local/lib/python3.12/site-packages/airflow/example_dags/example_local_kubernetes_executor.py
[2026-05-09T18:58:08.129+0000] {processor.py:840} INFO - DAG(s) 'example_local_kubernetes_executor' retrieved from /home/airflow/.local/lib/python3.12/site-packages/airflow/example_dags/example_local_kubernetes_executor.py
[2026-05-09T18:58:08.172+0000] {logging_mixin.py:188} INFO - [2026-05-09T18:58:08.172+0000] {dag.py:3096} INFO - Sync 1 DAGs
[2026-05-09T18:58:08.189+0000] {logging_mixin.py:188} INFO - [2026-05-09T18:58:08.189+0000] {dag.py:3954} INFO - Setting next_dagrun for example_local_kubernetes_executor to None, run_after=None
[2026-05-09T18:58:08.222+0000] {processor.py:183} INFO - Processing /home/airflow/.local/lib/python3.12/site-packages/airflow/example_dags/example_local_kubernetes_executor.py took 0.112 seconds
[2026-05-09T18:58:38.677+0000] {processor.py:161} INFO - Started process (PID=860) to work on /home/airflow/.local/lib/python3.12/site-packages/airflow/example_dags/example_local_kubernetes_executor.py
[2026-05-09T18:58:38.678+0000] {processor.py:830} INFO - Processing file /home/airflow/.local/lib/python3.12/site-packages/airflow/example_dags/example_local_kubernetes_executor.py for tasks to queue
[2026-05-09T18:58:38.681+0000] {logging_mixin.py:188} INFO - [2026-05-09T18:58:38.680+0000] {dagbag.py:545} INFO - Filling up the DagBag from /home/airflow/.local/lib/python3.12/site-packages/airflow/example_dags/example_local_kubernetes_executor.py
[2026-05-09T18:58:38.688+0000] {processor.py:840} INFO - DAG(s) 'example_local_kubernetes_executor' retrieved from /home/airflow/.local/lib/python3.12/site-packages/airflow/example_dags/example_local_kubernetes_executor.py
[2026-05-09T18:58:38.723+0000] {logging_mixin.py:188} INFO - [2026-05-09T18:58:38.723+0000] {dag.py:3096} INFO - Sync 1 DAGs
[2026-05-09T18:58:38.737+0000] {logging_mixin.py:188} INFO - [2026-05-09T18:58:38.736+0000] {dag.py:3954} INFO - Setting next_dagrun for example_local_kubernetes_executor to None, run_after=None
[2026-05-09T18:58:38.759+0000] {processor.py:183} INFO - Processing /home/airflow/.local/lib/python3.12/site-packages/airflow/example_dags/example_local_kubernetes_executor.py took 0.087 seconds
[2026-05-09T18:59:09.196+0000] {processor.py:161} INFO - Started process (PID=919) to work on /home/airflow/.local/lib/python3.12/site-packages/airflow/example_dags/example_local_kubernetes_executor.py
[2026-05-09T18:59:09.197+0000] {processor.py:830} INFO - Processing file /home/airflow/.local/lib/python3.12/site-packages/airflow/example_dags/example_local_kubernetes_executor.py for tasks to queue
[2026-05-09T18:59:09.199+0000] {logging_mixin.py:188} INFO - [2026-05-09T18:59:09.199+0000] {dagbag.py:545} INFO - Filling up the DagBag from /home/airflow/.local/lib/python3.12/site-packages/airflow/example_dags/example_local_kubernetes_executor.py
[2026-05-09T18:59:09.207+0000] {processor.py:840} INFO - DAG(s) 'example_local_kubernetes_executor' retrieved from /home/airflow/.local/lib/python3.12/site-packages/airflow/example_dags/example_local_kubernetes_executor.py
[2026-05-09T18:59:09.251+0000] {logging_mixin.py:188} INFO - [2026-05-09T18:59:09.251+0000] {dag.py:3096} INFO - Sync 1 DAGs
[2026-05-09T18:59:09.264+0000] {logging_mixin.py:188} INFO - [2026-05-09T18:59:09.264+0000] {dag.py:3954} INFO - Setting next_dagrun for example_local_kubernetes_executor to None, run_after=None
[2026-05-09T18:59:09.289+0000] {processor.py:183} INFO - Processing /home/airflow/.local/lib/python3.12/site-packages/airflow/example_dags/example_local_kubernetes_executor.py took 0.099 seconds
[2026-05-09T18:59:40.080+0000] {processor.py:161} INFO - Started process (PID=978) to work on /home/airflow/.local/lib/python3.12/site-packages/airflow/example_dags/example_local_kubernetes_executor.py
[2026-05-09T18:59:40.082+0000] {processor.py:830} INFO - Processing file /home/airflow/.local/lib/python3.12/site-packages/airflow/example_dags/example_local_kubernetes_executor.py for tasks to queue
[2026-05-09T18:59:40.084+0000] {logging_mixin.py:188} INFO - [2026-05-09T18:59:40.083+0000] {dagbag.py:545} INFO - Filling up the DagBag from /home/airflow/.local/lib/python3.12/site-packages/airflow/example_dags/example_local_kubernetes_executor.py
[2026-05-09T18:59:40.091+0000] {processor.py:840} INFO - DAG(s) 'example_local_kubernetes_executor' retrieved from /home/airflow/.local/lib/python3.12/site-packages/airflow/example_dags/example_local_kubernetes_executor.py
[2026-05-09T18:59:40.127+0000] {logging_mixin.py:188} INFO - [2026-05-09T18:59:40.127+0000] {dag.py:3096} INFO - Sync 1 DAGs
[2026-05-09T18:59:40.141+0000] {logging_mixin.py:188} INFO - [2026-05-09T18:59:40.140+0000] {dag.py:3954} INFO - Setting next_dagrun for example_local_kubernetes_executor to None, run_after=None
[2026-05-09T18:59:40.166+0000] {processor.py:183} INFO - Processing /home/airflow/.local/lib/python3.12/site-packages/airflow/example_dags/example_local_kubernetes_executor.py took 0.091 seconds
[2026-05-09T19:00:11.194+0000] {processor.py:161} INFO - Started process (PID=1037) to work on /home/airflow/.local/lib/python3.12/site-packages/airflow/example_dags/example_local_kubernetes_executor.py
[2026-05-09T19:00:11.195+0000] {processor.py:830} INFO - Processing file /home/airflow/.local/lib/python3.12/site-packages/airflow/example_dags/example_local_kubernetes_executor.py for tasks to queue
[2026-05-09T19:00:11.198+0000] {logging_mixin.py:188} INFO - [2026-05-09T19:00:11.198+0000] {dagbag.py:545} INFO - Filling up the DagBag from /home/airflow/.local/lib/python3.12/site-packages/airflow/example_dags/example_local_kubernetes_executor.py
[2026-05-09T19:00:11.205+0000] {processor.py:840} INFO - DAG(s) 'example_local_kubernetes_executor' retrieved from /home/airflow/.local/lib/python3.12/site-packages/airflow/example_dags/example_local_kubernetes_executor.py
[2026-05-09T19:00:11.244+0000] {logging_mixin.py:188} INFO - [2026-05-09T19:00:11.243+0000] {dag.py:3096} INFO - Sync 1 DAGs
[2026-05-09T19:00:11.258+0000] {logging_mixin.py:188} INFO - [2026-05-09T19:00:11.257+0000] {dag.py:3954} INFO - Setting next_dagrun for example_local_kubernetes_executor to None, run_after=None
[2026-05-09T19:00:11.285+0000] {processor.py:183} INFO - Processing /home/airflow/.local/lib/python3.12/site-packages/airflow/example_dags/example_local_kubernetes_executor.py took 0.097 seconds
[2026-05-09T19:00:41.839+0000] {processor.py:161} INFO - Started process (PID=1096) to work on /home/airflow/.local/lib/python3.12/site-packages/airflow/example_dags/example_local_kubernetes_executor.py
[2026-05-09T19:00:41.841+0000] {processor.py:830} INFO - Processing file /home/airflow/.local/lib/python3.12/site-packages/airflow/example_dags/example_local_kubernetes_executor.py for tasks to queue
[2026-05-09T19:00:41.843+0000] {logging_mixin.py:188} INFO - [2026-05-09T19:00:41.843+0000] {dagbag.py:545} INFO - Filling up the DagBag from /home/airflow/.local/lib/python3.12/site-packages/airflow/example_dags/example_local_kubernetes_executor.py
[2026-05-09T19:00:41.850+0000] {processor.py:840} INFO - DAG(s) 'example_local_kubernetes_executor' retrieved from /home/airflow/.local/lib/python3.12/site-packages/airflow/example_dags/example_local_kubernetes_executor.py
[2026-05-09T19:00:41.887+0000] {logging_mixin.py:188} INFO - [2026-05-09T19:00:41.887+0000] {dag.py:3096} INFO - Sync 1 DAGs
[2026-05-09T19:00:41.900+0000] {logging_mixin.py:188} INFO - [2026-05-09T19:00:41.900+0000] {dag.py:3954} INFO - Setting next_dagrun for example_local_kubernetes_executor to None, run_after=None
[2026-05-09T19:00:41.925+0000] {processor.py:183} INFO - Processing /home/airflow/.local/lib/python3.12/site-packages/airflow/example_dags/example_local_kubernetes_executor.py took 0.091 seconds
[2026-05-09T19:01:12.731+0000] {processor.py:161} INFO - Started process (PID=1155) to work on /home/airflow/.local/lib/python3.12/site-packages/airflow/example_dags/example_local_kubernetes_executor.py
[2026-05-09T19:01:12.732+0000] {processor.py:830} INFO - Processing file /home/airflow/.local/lib/python3.12/site-packages/airflow/example_dags/example_local_kubernetes_executor.py for tasks to queue
[2026-05-09T19:01:12.734+0000] {logging_mixin.py:188} INFO - [2026-05-09T19:01:12.734+0000] {dagbag.py:545} INFO - Filling up the DagBag from /home/airflow/.local/lib/python3.12/site-packages/airflow/example_dags/example_local_kubernetes_executor.py
[2026-05-09T19:01:12.742+0000] {processor.py:840} INFO - DAG(s) 'example_local_kubernetes_executor' retrieved from /home/airflow/.local/lib/python3.12/site-packages/airflow/example_dags/example_local_kubernetes_executor.py
[2026-05-09T19:01:12.781+0000] {logging_mixin.py:188} INFO - [2026-05-09T19:01:12.780+0000] {dag.py:3096} INFO - Sync 1 DAGs
[2026-05-09T19:01:12.795+0000] {logging_mixin.py:188} INFO - [2026-05-09T19:01:12.795+0000] {dag.py:3954} INFO - Setting next_dagrun for example_local_kubernetes_executor to None, run_after=None
[2026-05-09T19:01:12.829+0000] {processor.py:183} INFO - Processing /home/airflow/.local/lib/python3.12/site-packages/airflow/example_dags/example_local_kubernetes_executor.py took 0.103 seconds
[2026-05-09T19:01:44.313+0000] {processor.py:161} INFO - Started process (PID=1214) to work on /home/airflow/.local/lib/python3.12/site-packages/airflow/example_dags/example_local_kubernetes_executor.py
[2026-05-09T19:01:44.315+0000] {processor.py:830} INFO - Processing file /home/airflow/.local/lib/python3.12/site-packages/airflow/example_dags/example_local_kubernetes_executor.py for tasks to queue
[2026-05-09T19:01:44.318+0000] {logging_mixin.py:188} INFO - [2026-05-09T19:01:44.317+0000] {dagbag.py:545} INFO - Filling up the DagBag from /home/airflow/.local/lib/python3.12/site-packages/airflow/example_dags/example_local_kubernetes_executor.py
[2026-05-09T19:01:44.325+0000] {processor.py:840} INFO - DAG(s) 'example_local_kubernetes_executor' retrieved from /home/airflow/.local/lib/python3.12/site-packages/airflow/example_dags/example_local_kubernetes_executor.py
[2026-05-09T19:01:44.366+0000] {logging_mixin.py:188} INFO - [2026-05-09T19:01:44.366+0000] {dag.py:3096} INFO - Sync 1 DAGs
[2026-05-09T19:01:44.384+0000] {logging_mixin.py:188} INFO - [2026-05-09T19:01:44.384+0000] {dag.py:3954} INFO - Setting next_dagrun for example_local_kubernetes_executor to None, run_after=None
[2026-05-09T19:01:44.418+0000] {processor.py:183} INFO - Processing /home/airflow/.local/lib/python3.12/site-packages/airflow/example_dags/example_local_kubernetes_executor.py took 0.110 seconds
[2026-05-09T19:02:14.745+0000] {processor.py:161} INFO - Started process (PID=1273) to work on /home/airflow/.local/lib/python3.12/site-packages/airflow/example_dags/example_local_kubernetes_executor.py
[2026-05-09T19:02:14.746+0000] {processor.py:830} INFO - Processing file /home/airflow/.local/lib/python3.12/site-packages/airflow/example_dags/example_local_kubernetes_executor.py for tasks to queue
[2026-05-09T19:02:14.749+0000] {logging_mixin.py:188} INFO - [2026-05-09T19:02:14.748+0000] {dagbag.py:545} INFO - Filling up the DagBag from /home/airflow/.local/lib/python3.12/site-packages/airflow/example_dags/example_local_kubernetes_executor.py
[2026-05-09T19:02:14.756+0000] {processor.py:840} INFO - DAG(s) 'example_local_kubernetes_executor' retrieved from /home/airflow/.local/lib/python3.12/site-packages/airflow/example_dags/example_local_kubernetes_executor.py
[2026-05-09T19:02:14.790+0000] {logging_mixin.py:188} INFO - [2026-05-09T19:02:14.790+0000] {dag.py:3096} INFO - Sync 1 DAGs
[2026-05-09T19:02:14.804+0000] {logging_mixin.py:188} INFO - [2026-05-09T19:02:14.804+0000] {dag.py:3954} INFO - Setting next_dagrun for example_local_kubernetes_executor to None, run_after=None
[2026-05-09T19:02:14.827+0000] {processor.py:183} INFO - Processing /home/airflow/.local/lib/python3.12/site-packages/airflow/example_dags/example_local_kubernetes_executor.py took 0.087 seconds
[2026-05-09T19:02:45.427+0000] {processor.py:161} INFO - Started process (PID=1332) to work on /home/airflow/.local/lib/python3.12/site-packages/airflow/example_dags/example_local_kubernetes_executor.py
[2026-05-09T19:02:45.428+0000] {processor.py:830} INFO - Processing file /home/airflow/.local/lib/python3.12/site-packages/airflow/example_dags/example_local_kubernetes_executor.py for tasks to queue
[2026-05-09T19:02:45.431+0000] {logging_mixin.py:188} INFO - [2026-05-09T19:02:45.430+0000] {dagbag.py:545} INFO - Filling up the DagBag from /home/airflow/.local/lib/python3.12/site-packages/airflow/example_dags/example_local_kubernetes_executor.py
[2026-05-09T19:02:45.438+0000] {processor.py:840} INFO - DAG(s) 'example_local_kubernetes_executor' retrieved from /home/airflow/.local/lib/python3.12/site-packages/airflow/example_dags/example_local_kubernetes_executor.py
[2026-05-09T19:02:45.472+0000] {logging_mixin.py:188} INFO - [2026-05-09T19:02:45.472+0000] {dag.py:3096} INFO - Sync 1 DAGs
[2026-05-09T19:02:45.612+0000] {logging_mixin.py:188} INFO - [2026-05-09T19:02:45.612+0000] {dag.py:3954} INFO - Setting next_dagrun for example_local_kubernetes_executor to None, run_after=None
[2026-05-09T19:02:45.636+0000] {processor.py:183} INFO - Processing /home/airflow/.local/lib/python3.12/site-packages/airflow/example_dags/example_local_kubernetes_executor.py took 0.214 seconds
[2026-05-09T19:03:15.753+0000] {processor.py:161} INFO - Started process (PID=1391) to work on /home/airflow/.local/lib/python3.12/site-packages/airflow/example_dags/example_local_kubernetes_executor.py
[2026-05-09T19:03:15.754+0000] {processor.py:830} INFO - Processing file /home/airflow/.local/lib/python3.12/site-packages/airflow/example_dags/example_local_kubernetes_executor.py for tasks to queue
[2026-05-09T19:03:15.756+0000] {logging_mixin.py:188} INFO - [2026-05-09T19:03:15.756+0000] {dagbag.py:545} INFO - Filling up the DagBag from /home/airflow/.local/lib/python3.12/site-packages/airflow/example_dags/example_local_kubernetes_executor.py
[2026-05-09T19:03:15.763+0000] {processor.py:840} INFO - DAG(s) 'example_local_kubernetes_executor' retrieved from /home/airflow/.local/lib/python3.12/site-packages/airflow/example_dags/example_local_kubernetes_executor.py
[2026-05-09T19:03:15.796+0000] {logging_mixin.py:188} INFO - [2026-05-09T19:03:15.796+0000] {dag.py:3096} INFO - Sync 1 DAGs
[2026-05-09T19:03:15.929+0000] {logging_mixin.py:188} INFO - [2026-05-09T19:03:15.929+0000] {dag.py:3954} INFO - Setting next_dagrun for example_local_kubernetes_executor to None, run_after=None
[2026-05-09T19:03:15.949+0000] {processor.py:183} INFO - Processing /home/airflow/.local/lib/python3.12/site-packages/airflow/example_dags/example_local_kubernetes_executor.py took 0.201 seconds
[2026-05-09T19:03:46.566+0000] {processor.py:161} INFO - Started process (PID=1450) to work on /home/airflow/.local/lib/python3.12/site-packages/airflow/example_dags/example_local_kubernetes_executor.py
[2026-05-09T19:03:46.568+0000] {processor.py:830} INFO - Processing file /home/airflow/.local/lib/python3.12/site-packages/airflow/example_dags/example_local_kubernetes_executor.py for tasks to queue
[2026-05-09T19:03:46.570+0000] {logging_mixin.py:188} INFO - [2026-05-09T19:03:46.569+0000] {dagbag.py:545} INFO - Filling up the DagBag from /home/airflow/.local/lib/python3.12/site-packages/airflow/example_dags/example_local_kubernetes_executor.py
[2026-05-09T19:03:46.577+0000] {processor.py:840} INFO - DAG(s) 'example_local_kubernetes_executor' retrieved from /home/airflow/.local/lib/python3.12/site-packages/airflow/example_dags/example_local_kubernetes_executor.py
[2026-05-09T19:03:46.611+0000] {logging_mixin.py:188} INFO - [2026-05-09T19:03:46.611+0000] {dag.py:3096} INFO - Sync 1 DAGs
[2026-05-09T19:03:46.627+0000] {logging_mixin.py:188} INFO - [2026-05-09T19:03:46.626+0000] {dag.py:3954} INFO - Setting next_dagrun for example_local_kubernetes_executor to None, run_after=None
[2026-05-09T19:03:46.654+0000] {processor.py:183} INFO - Processing /home/airflow/.local/lib/python3.12/site-packages/airflow/example_dags/example_local_kubernetes_executor.py took 0.093 seconds
[2026-05-09T19:04:17.163+0000] {processor.py:161} INFO - Started process (PID=1509) to work on /home/airflow/.local/lib/python3.12/site-packages/airflow/example_dags/example_local_kubernetes_executor.py
[2026-05-09T19:04:17.165+0000] {processor.py:830} INFO - Processing file /home/airflow/.local/lib/python3.12/site-packages/airflow/example_dags/example_local_kubernetes_executor.py for tasks to queue
[2026-05-09T19:04:17.167+0000] {logging_mixin.py:188} INFO - [2026-05-09T19:04:17.167+0000] {dagbag.py:545} INFO - Filling up the DagBag from /home/airflow/.local/lib/python3.12/site-packages/airflow/example_dags/example_local_kubernetes_executor.py
[2026-05-09T19:04:17.175+0000] {processor.py:840} INFO - DAG(s) 'example_local_kubernetes_executor' retrieved from /home/airflow/.local/lib/python3.12/site-packages/airflow/example_dags/example_local_kubernetes_executor.py
[2026-05-09T19:04:17.219+0000] {logging_mixin.py:188} INFO - [2026-05-09T19:04:17.219+0000] {dag.py:3096} INFO - Sync 1 DAGs
[2026-05-09T19:04:17.237+0000] {logging_mixin.py:188} INFO - [2026-05-09T19:04:17.237+0000] {dag.py:3954} INFO - Setting next_dagrun for example_local_kubernetes_executor to None, run_after=None
[2026-05-09T19:04:17.265+0000] {processor.py:183} INFO - Processing /home/airflow/.local/lib/python3.12/site-packages/airflow/example_dags/example_local_kubernetes_executor.py took 0.107 seconds
[2026-05-09T19:04:47.569+0000] {processor.py:161} INFO - Started process (PID=1568) to work on /home/airflow/.local/lib/python3.12/site-packages/airflow/example_dags/example_local_kubernetes_executor.py
[2026-05-09T19:04:47.570+0000] {processor.py:830} INFO - Processing file /home/airflow/.local/lib/python3.12/site-packages/airflow/example_dags/example_local_kubernetes_executor.py for tasks to queue
[2026-05-09T19:04:47.572+0000] {logging_mixin.py:188} INFO - [2026-05-09T19:04:47.572+0000] {dagbag.py:545} INFO - Filling up the DagBag from /home/airflow/.local/lib/python3.12/site-packages/airflow/example_dags/example_local_kubernetes_executor.py
[2026-05-09T19:04:47.579+0000] {processor.py:840} INFO - DAG(s) 'example_local_kubernetes_executor' retrieved from /home/airflow/.local/lib/python3.12/site-packages/airflow/example_dags/example_local_kubernetes_executor.py
[2026-05-09T19:04:47.615+0000] {logging_mixin.py:188} INFO - [2026-05-09T19:04:47.614+0000] {dag.py:3096} INFO - Sync 1 DAGs
[2026-05-09T19:04:47.629+0000] {logging_mixin.py:188} INFO - [2026-05-09T19:04:47.628+0000] {dag.py:3954} INFO - Setting next_dagrun for example_local_kubernetes_executor to None, run_after=None
[2026-05-09T19:04:47.653+0000] {processor.py:183} INFO - Processing /home/airflow/.local/lib/python3.12/site-packages/airflow/example_dags/example_local_kubernetes_executor.py took 0.090 seconds
[2026-05-09T19:05:18.028+0000] {processor.py:161} INFO - Started process (PID=1627) to work on /home/airflow/.local/lib/python3.12/site-packages/airflow/example_dags/example_local_kubernetes_executor.py
[2026-05-09T19:05:18.029+0000] {processor.py:830} INFO - Processing file /home/airflow/.local/lib/python3.12/site-packages/airflow/example_dags/example_local_kubernetes_executor.py for tasks to queue
[2026-05-09T19:05:18.031+0000] {logging_mixin.py:188} INFO - [2026-05-09T19:05:18.031+0000] {dagbag.py:545} INFO - Filling up the DagBag from /home/airflow/.local/lib/python3.12/site-packages/airflow/example_dags/example_local_kubernetes_executor.py
[2026-05-09T19:05:18.039+0000] {processor.py:840} INFO - DAG(s) 'example_local_kubernetes_executor' retrieved from /home/airflow/.local/lib/python3.12/site-packages/airflow/example_dags/example_local_kubernetes_executor.py
[2026-05-09T19:05:18.077+0000] {logging_mixin.py:188} INFO - [2026-05-09T19:05:18.077+0000] {dag.py:3096} INFO - Sync 1 DAGs
[2026-05-09T19:05:18.093+0000] {logging_mixin.py:188} INFO - [2026-05-09T19:05:18.093+0000] {dag.py:3954} INFO - Setting next_dagrun for example_local_kubernetes_executor to None, run_after=None
[2026-05-09T19:05:18.124+0000] {processor.py:183} INFO - Processing /home/airflow/.local/lib/python3.12/site-packages/airflow/example_dags/example_local_kubernetes_executor.py took 0.102 seconds
[2026-05-09T19:05:48.686+0000] {processor.py:161} INFO - Started process (PID=1686) to work on /home/airflow/.local/lib/python3.12/site-packages/airflow/example_dags/example_local_kubernetes_executor.py
[2026-05-09T19:05:48.688+0000] {processor.py:830} INFO - Processing file /home/airflow/.local/lib/python3.12/site-packages/airflow/example_dags/example_local_kubernetes_executor.py for tasks to queue
[2026-05-09T19:05:48.691+0000] {logging_mixin.py:188} INFO - [2026-05-09T19:05:48.690+0000] {dagbag.py:545} INFO - Filling up the DagBag from /home/airflow/.local/lib/python3.12/site-packages/airflow/example_dags/example_local_kubernetes_executor.py
[2026-05-09T19:05:48.700+0000] {processor.py:840} INFO - DAG(s) 'example_local_kubernetes_executor' retrieved from /home/airflow/.local/lib/python3.12/site-packages/airflow/example_dags/example_local_kubernetes_executor.py
[2026-05-09T19:05:48.740+0000] {logging_mixin.py:188} INFO - [2026-05-09T19:05:48.740+0000] {dag.py:3096} INFO - Sync 1 DAGs
[2026-05-09T19:05:48.762+0000] {logging_mixin.py:188} INFO - [2026-05-09T19:05:48.761+0000] {dag.py:3954} INFO - Setting next_dagrun for example_local_kubernetes_executor to None, run_after=None
[2026-05-09T19:05:48.791+0000] {processor.py:183} INFO - Processing /home/airflow/.local/lib/python3.12/site-packages/airflow/example_dags/example_local_kubernetes_executor.py took 0.111 seconds
[2026-05-09T19:06:19.242+0000] {processor.py:161} INFO - Started process (PID=1745) to work on /home/airflow/.local/lib/python3.12/site-packages/airflow/example_dags/example_local_kubernetes_executor.py
[2026-05-09T19:06:19.244+0000] {processor.py:830} INFO - Processing file /home/airflow/.local/lib/python3.12/site-packages/airflow/example_dags/example_local_kubernetes_executor.py for tasks to queue
[2026-05-09T19:06:19.248+0000] {logging_mixin.py:188} INFO - [2026-05-09T19:06:19.247+0000] {dagbag.py:545} INFO - Filling up the DagBag from /home/airflow/.local/lib/python3.12/site-packages/airflow/example_dags/example_local_kubernetes_executor.py
[2026-05-09T19:06:19.259+0000] {processor.py:840} INFO - DAG(s) 'example_local_kubernetes_executor' retrieved from /home/airflow/.local/lib/python3.12/site-packages/airflow/example_dags/example_local_kubernetes_executor.py
[2026-05-09T19:06:19.316+0000] {logging_mixin.py:188} INFO - [2026-05-09T19:06:19.316+0000] {dag.py:3096} INFO - Sync 1 DAGs
[2026-05-09T19:06:19.335+0000] {logging_mixin.py:188} INFO - [2026-05-09T19:06:19.335+0000] {dag.py:3954} INFO - Setting next_dagrun for example_local_kubernetes_executor to None, run_after=None
[2026-05-09T19:06:19.367+0000] {processor.py:183} INFO - Processing /home/airflow/.local/lib/python3.12/site-packages/airflow/example_dags/example_local_kubernetes_executor.py took 0.132 seconds
[2026-05-09T19:06:49.626+0000] {processor.py:161} INFO - Started process (PID=1804) to work on /home/airflow/.local/lib/python3.12/site-packages/airflow/example_dags/example_local_kubernetes_executor.py
[2026-05-09T19:06:49.627+0000] {processor.py:830} INFO - Processing file /home/airflow/.local/lib/python3.12/site-packages/airflow/example_dags/example_local_kubernetes_executor.py for tasks to queue
[2026-05-09T19:06:49.629+0000] {logging_mixin.py:188} INFO - [2026-05-09T19:06:49.629+0000] {dagbag.py:545} INFO - Filling up the DagBag from /home/airflow/.local/lib/python3.12/site-packages/airflow/example_dags/example_local_kubernetes_executor.py
[2026-05-09T19:06:49.636+0000] {processor.py:840} INFO - DAG(s) 'example_local_kubernetes_executor' retrieved from /home/airflow/.local/lib/python3.12/site-packages/airflow/example_dags/example_local_kubernetes_executor.py
[2026-05-09T19:06:49.672+0000] {logging_mixin.py:188} INFO - [2026-05-09T19:06:49.672+0000] {dag.py:3096} INFO - Sync 1 DAGs
[2026-05-09T19:06:49.686+0000] {logging_mixin.py:188} INFO - [2026-05-09T19:06:49.686+0000] {dag.py:3954} INFO - Setting next_dagrun for example_local_kubernetes_executor to None, run_after=None
[2026-05-09T19:06:49.710+0000] {processor.py:183} INFO - Processing /home/airflow/.local/lib/python3.12/site-packages/airflow/example_dags/example_local_kubernetes_executor.py took 0.088 seconds
[2026-05-09T19:07:20.098+0000] {processor.py:161} INFO - Started process (PID=1863) to work on /home/airflow/.local/lib/python3.12/site-packages/airflow/example_dags/example_local_kubernetes_executor.py
[2026-05-09T19:07:20.099+0000] {processor.py:830} INFO - Processing file /home/airflow/.local/lib/python3.12/site-packages/airflow/example_dags/example_local_kubernetes_executor.py for tasks to queue
[2026-05-09T19:07:20.102+0000] {logging_mixin.py:188} INFO - [2026-05-09T19:07:20.101+0000] {dagbag.py:545} INFO - Filling up the DagBag from /home/airflow/.local/lib/python3.12/site-packages/airflow/example_dags/example_local_kubernetes_executor.py
[2026-05-09T19:07:20.112+0000] {processor.py:840} INFO - DAG(s) 'example_local_kubernetes_executor' retrieved from /home/airflow/.local/lib/python3.12/site-packages/airflow/example_dags/example_local_kubernetes_executor.py
[2026-05-09T19:07:20.151+0000] {logging_mixin.py:188} INFO - [2026-05-09T19:07:20.151+0000] {dag.py:3096} INFO - Sync 1 DAGs
[2026-05-09T19:07:20.169+0000] {logging_mixin.py:188} INFO - [2026-05-09T19:07:20.169+0000] {dag.py:3954} INFO - Setting next_dagrun for example_local_kubernetes_executor to None, run_after=None
[2026-05-09T19:07:20.198+0000] {processor.py:183} INFO - Processing /home/airflow/.local/lib/python3.12/site-packages/airflow/example_dags/example_local_kubernetes_executor.py took 0.106 seconds
[2026-05-09T19:07:50.547+0000] {processor.py:161} INFO - Started process (PID=1922) to work on /home/airflow/.local/lib/python3.12/site-packages/airflow/example_dags/example_local_kubernetes_executor.py
[2026-05-09T19:07:50.548+0000] {processor.py:830} INFO - Processing file /home/airflow/.local/lib/python3.12/site-packages/airflow/example_dags/example_local_kubernetes_executor.py for tasks to queue
[2026-05-09T19:07:50.550+0000] {logging_mixin.py:188} INFO - [2026-05-09T19:07:50.550+0000] {dagbag.py:545} INFO - Filling up the DagBag from /home/airflow/.local/lib/python3.12/site-packages/airflow/example_dags/example_local_kubernetes_executor.py
[2026-05-09T19:07:50.556+0000] {processor.py:840} INFO - DAG(s) 'example_local_kubernetes_executor' retrieved from /home/airflow/.local/lib/python3.12/site-packages/airflow/example_dags/example_local_kubernetes_executor.py
[2026-05-09T19:07:50.596+0000] {logging_mixin.py:188} INFO - [2026-05-09T19:07:50.596+0000] {dag.py:3096} INFO - Sync 1 DAGs
[2026-05-09T19:07:50.611+0000] {logging_mixin.py:188} INFO - [2026-05-09T19:07:50.610+0000] {dag.py:3954} INFO - Setting next_dagrun for example_local_kubernetes_executor to None, run_after=None
[2026-05-09T19:07:50.634+0000] {processor.py:183} INFO - Processing /home/airflow/.local/lib/python3.12/site-packages/airflow/example_dags/example_local_kubernetes_executor.py took 0.092 seconds
[2026-05-09T19:08:21.015+0000] {processor.py:161} INFO - Started process (PID=1981) to work on /home/airflow/.local/lib/python3.12/site-packages/airflow/example_dags/example_local_kubernetes_executor.py
[2026-05-09T19:08:21.017+0000] {processor.py:830} INFO - Processing file /home/airflow/.local/lib/python3.12/site-packages/airflow/example_dags/example_local_kubernetes_executor.py for tasks to queue
[2026-05-09T19:08:21.018+0000] {logging_mixin.py:188} INFO - [2026-05-09T19:08:21.018+0000] {dagbag.py:545} INFO - Filling up the DagBag from /home/airflow/.local/lib/python3.12/site-packages/airflow/example_dags/example_local_kubernetes_executor.py
[2026-05-09T19:08:21.025+0000] {processor.py:840} INFO - DAG(s) 'example_local_kubernetes_executor' retrieved from /home/airflow/.local/lib/python3.12/site-packages/airflow/example_dags/example_local_kubernetes_executor.py
[2026-05-09T19:08:21.059+0000] {logging_mixin.py:188} INFO - [2026-05-09T19:08:21.058+0000] {dag.py:3096} INFO - Sync 1 DAGs
[2026-05-09T19:08:21.073+0000] {logging_mixin.py:188} INFO - [2026-05-09T19:08:21.073+0000] {dag.py:3954} INFO - Setting next_dagrun for example_local_kubernetes_executor to None, run_after=None
[2026-05-09T19:08:21.099+0000] {processor.py:183} INFO - Processing /home/airflow/.local/lib/python3.12/site-packages/airflow/example_dags/example_local_kubernetes_executor.py took 0.089 seconds
[2026-05-09T19:08:51.365+0000] {processor.py:161} INFO - Started process (PID=2040) to work on /home/airflow/.local/lib/python3.12/site-packages/airflow/example_dags/example_local_kubernetes_executor.py
[2026-05-09T19:08:51.366+0000] {processor.py:830} INFO - Processing file /home/airflow/.local/lib/python3.12/site-packages/airflow/example_dags/example_local_kubernetes_executor.py for tasks to queue
[2026-05-09T19:08:51.368+0000] {logging_mixin.py:188} INFO - [2026-05-09T19:08:51.368+0000] {dagbag.py:545} INFO - Filling up the DagBag from /home/airflow/.local/lib/python3.12/site-packages/airflow/example_dags/example_local_kubernetes_executor.py
[2026-05-09T19:08:51.375+0000] {processor.py:840} INFO - DAG(s) 'example_local_kubernetes_executor' retrieved from /home/airflow/.local/lib/python3.12/site-packages/airflow/example_dags/example_local_kubernetes_executor.py
[2026-05-09T19:08:51.408+0000] {logging_mixin.py:188} INFO - [2026-05-09T19:08:51.407+0000] {dag.py:3096} INFO - Sync 1 DAGs
[2026-05-09T19:08:51.423+0000] {logging_mixin.py:188} INFO - [2026-05-09T19:08:51.422+0000] {dag.py:3954} INFO - Setting next_dagrun for example_local_kubernetes_executor to None, run_after=None
[2026-05-09T19:08:51.448+0000] {processor.py:183} INFO - Processing /home/airflow/.local/lib/python3.12/site-packages/airflow/example_dags/example_local_kubernetes_executor.py took 0.089 seconds
[2026-05-09T19:09:21.494+0000] {processor.py:161} INFO - Started process (PID=2099) to work on /home/airflow/.local/lib/python3.12/site-packages/airflow/example_dags/example_local_kubernetes_executor.py
[2026-05-09T19:09:21.495+0000] {processor.py:830} INFO - Processing file /home/airflow/.local/lib/python3.12/site-packages/airflow/example_dags/example_local_kubernetes_executor.py for tasks to queue
[2026-05-09T19:09:21.497+0000] {logging_mixin.py:188} INFO - [2026-05-09T19:09:21.497+0000] {dagbag.py:545} INFO - Filling up the DagBag from /home/airflow/.local/lib/python3.12/site-packages/airflow/example_dags/example_local_kubernetes_executor.py
[2026-05-09T19:09:21.504+0000] {processor.py:840} INFO - DAG(s) 'example_local_kubernetes_executor' retrieved from /home/airflow/.local/lib/python3.12/site-packages/airflow/example_dags/example_local_kubernetes_executor.py
[2026-05-09T19:09:21.539+0000] {logging_mixin.py:188} INFO - [2026-05-09T19:09:21.538+0000] {dag.py:3096} INFO - Sync 1 DAGs
[2026-05-09T19:09:21.551+0000] {logging_mixin.py:188} INFO - [2026-05-09T19:09:21.551+0000] {dag.py:3954} INFO - Setting next_dagrun for example_local_kubernetes_executor to None, run_after=None
[2026-05-09T19:09:21.573+0000] {processor.py:183} INFO - Processing /home/airflow/.local/lib/python3.12/site-packages/airflow/example_dags/example_local_kubernetes_executor.py took 0.085 seconds
[2026-05-09T19:09:52.280+0000] {processor.py:161} INFO - Started process (PID=2158) to work on /home/airflow/.local/lib/python3.12/site-packages/airflow/example_dags/example_local_kubernetes_executor.py
[2026-05-09T19:09:52.282+0000] {processor.py:830} INFO - Processing file /home/airflow/.local/lib/python3.12/site-packages/airflow/example_dags/example_local_kubernetes_executor.py for tasks to queue
[2026-05-09T19:09:52.284+0000] {logging_mixin.py:188} INFO - [2026-05-09T19:09:52.284+0000] {dagbag.py:545} INFO - Filling up the DagBag from /home/airflow/.local/lib/python3.12/site-packages/airflow/example_dags/example_local_kubernetes_executor.py
[2026-05-09T19:09:52.291+0000] {processor.py:840} INFO - DAG(s) 'example_local_kubernetes_executor' retrieved from /home/airflow/.local/lib/python3.12/site-packages/airflow/example_dags/example_local_kubernetes_executor.py
[2026-05-09T19:09:52.330+0000] {logging_mixin.py:188} INFO - [2026-05-09T19:09:52.330+0000] {dag.py:3096} INFO - Sync 1 DAGs
[2026-05-09T19:09:52.348+0000] {logging_mixin.py:188} INFO - [2026-05-09T19:09:52.347+0000] {dag.py:3954} INFO - Setting next_dagrun for example_local_kubernetes_executor to None, run_after=None
[2026-05-09T19:09:52.375+0000] {processor.py:183} INFO - Processing /home/airflow/.local/lib/python3.12/site-packages/airflow/example_dags/example_local_kubernetes_executor.py took 0.101 seconds
[2026-05-09T19:10:22.714+0000] {processor.py:161} INFO - Started process (PID=2217) to work on /home/airflow/.local/lib/python3.12/site-packages/airflow/example_dags/example_local_kubernetes_executor.py
[2026-05-09T19:10:22.715+0000] {processor.py:830} INFO - Processing file /home/airflow/.local/lib/python3.12/site-packages/airflow/example_dags/example_local_kubernetes_executor.py for tasks to queue
[2026-05-09T19:10:22.718+0000] {logging_mixin.py:188} INFO - [2026-05-09T19:10:22.717+0000] {dagbag.py:545} INFO - Filling up the DagBag from /home/airflow/.local/lib/python3.12/site-packages/airflow/example_dags/example_local_kubernetes_executor.py
[2026-05-09T19:10:22.727+0000] {processor.py:840} INFO - DAG(s) 'example_local_kubernetes_executor' retrieved from /home/airflow/.local/lib/python3.12/site-packages/airflow/example_dags/example_local_kubernetes_executor.py
[2026-05-09T19:10:22.763+0000] {logging_mixin.py:188} INFO - [2026-05-09T19:10:22.762+0000] {dag.py:3096} INFO - Sync 1 DAGs
[2026-05-09T19:10:22.777+0000] {logging_mixin.py:188} INFO - [2026-05-09T19:10:22.776+0000] {dag.py:3954} INFO - Setting next_dagrun for example_local_kubernetes_executor to None, run_after=None
[2026-05-09T19:10:22.800+0000] {processor.py:183} INFO - Processing /home/airflow/.local/lib/python3.12/site-packages/airflow/example_dags/example_local_kubernetes_executor.py took 0.093 seconds
[2026-05-09T19:10:53.087+0000] {processor.py:161} INFO - Started process (PID=2270) to work on /home/airflow/.local/lib/python3.12/site-packages/airflow/example_dags/example_local_kubernetes_executor.py
[2026-05-09T19:10:53.088+0000] {processor.py:830} INFO - Processing file /home/airflow/.local/lib/python3.12/site-packages/airflow/example_dags/example_local_kubernetes_executor.py for tasks to queue
[2026-05-09T19:10:53.092+0000] {logging_mixin.py:188} INFO - [2026-05-09T19:10:53.091+0000] {dagbag.py:545} INFO - Filling up the DagBag from /home/airflow/.local/lib/python3.12/site-packages/airflow/example_dags/example_local_kubernetes_executor.py
[2026-05-09T19:10:53.100+0000] {processor.py:840} INFO - DAG(s) 'example_local_kubernetes_executor' retrieved from /home/airflow/.local/lib/python3.12/site-packages/airflow/example_dags/example_local_kubernetes_executor.py
[2026-05-09T19:10:53.139+0000] {logging_mixin.py:188} INFO - [2026-05-09T19:10:53.138+0000] {dag.py:3096} INFO - Sync 1 DAGs
[2026-05-09T19:10:53.153+0000] {logging_mixin.py:188} INFO - [2026-05-09T19:10:53.153+0000] {dag.py:3954} INFO - Setting next_dagrun for example_local_kubernetes_executor to None, run_after=None
[2026-05-09T19:10:53.178+0000] {processor.py:183} INFO - Processing /home/airflow/.local/lib/python3.12/site-packages/airflow/example_dags/example_local_kubernetes_executor.py took 0.101 seconds
[2026-05-09T19:11:23.752+0000] {processor.py:161} INFO - Started process (PID=2329) to work on /home/airflow/.local/lib/python3.12/site-packages/airflow/example_dags/example_local_kubernetes_executor.py
[2026-05-09T19:11:23.753+0000] {processor.py:830} INFO - Processing file /home/airflow/.local/lib/python3.12/site-packages/airflow/example_dags/example_local_kubernetes_executor.py for tasks to queue
[2026-05-09T19:11:23.756+0000] {logging_mixin.py:188} INFO - [2026-05-09T19:11:23.755+0000] {dagbag.py:545} INFO - Filling up the DagBag from /home/airflow/.local/lib/python3.12/site-packages/airflow/example_dags/example_local_kubernetes_executor.py
[2026-05-09T19:11:23.763+0000] {processor.py:840} INFO - DAG(s) 'example_local_kubernetes_executor' retrieved from /home/airflow/.local/lib/python3.12/site-packages/airflow/example_dags/example_local_kubernetes_executor.py
[2026-05-09T19:11:23.797+0000] {logging_mixin.py:188} INFO - [2026-05-09T19:11:23.797+0000] {dag.py:3096} INFO - Sync 1 DAGs
[2026-05-09T19:11:23.812+0000] {logging_mixin.py:188} INFO - [2026-05-09T19:11:23.812+0000] {dag.py:3954} INFO - Setting next_dagrun for example_local_kubernetes_executor to None, run_after=None
[2026-05-09T19:11:23.836+0000] {processor.py:183} INFO - Processing /home/airflow/.local/lib/python3.12/site-packages/airflow/example_dags/example_local_kubernetes_executor.py took 0.089 seconds
[2026-05-09T19:11:54.813+0000] {processor.py:161} INFO - Started process (PID=2394) to work on /home/airflow/.local/lib/python3.12/site-packages/airflow/example_dags/example_local_kubernetes_executor.py
[2026-05-09T19:11:54.814+0000] {processor.py:830} INFO - Processing file /home/airflow/.local/lib/python3.12/site-packages/airflow/example_dags/example_local_kubernetes_executor.py for tasks to queue
[2026-05-09T19:11:54.816+0000] {logging_mixin.py:188} INFO - [2026-05-09T19:11:54.816+0000] {dagbag.py:545} INFO - Filling up the DagBag from /home/airflow/.local/lib/python3.12/site-packages/airflow/example_dags/example_local_kubernetes_executor.py
[2026-05-09T19:11:54.823+0000] {processor.py:840} INFO - DAG(s) 'example_local_kubernetes_executor' retrieved from /home/airflow/.local/lib/python3.12/site-packages/airflow/example_dags/example_local_kubernetes_executor.py
[2026-05-09T19:11:54.858+0000] {logging_mixin.py:188} INFO - [2026-05-09T19:11:54.857+0000] {dag.py:3096} INFO - Sync 1 DAGs
[2026-05-09T19:11:54.873+0000] {logging_mixin.py:188} INFO - [2026-05-09T19:11:54.873+0000] {dag.py:3954} INFO - Setting next_dagrun for example_local_kubernetes_executor to None, run_after=None
[2026-05-09T19:11:54.895+0000] {processor.py:183} INFO - Processing /home/airflow/.local/lib/python3.12/site-packages/airflow/example_dags/example_local_kubernetes_executor.py took 0.087 seconds
[2026-05-09T19:12:25.249+0000] {processor.py:161} INFO - Started process (PID=2447) to work on /home/airflow/.local/lib/python3.12/site-packages/airflow/example_dags/example_local_kubernetes_executor.py
[2026-05-09T19:12:25.250+0000] {processor.py:830} INFO - Processing file /home/airflow/.local/lib/python3.12/site-packages/airflow/example_dags/example_local_kubernetes_executor.py for tasks to queue
[2026-05-09T19:12:25.252+0000] {logging_mixin.py:188} INFO - [2026-05-09T19:12:25.252+0000] {dagbag.py:545} INFO - Filling up the DagBag from /home/airflow/.local/lib/python3.12/site-packages/airflow/example_dags/example_local_kubernetes_executor.py
[2026-05-09T19:12:25.259+0000] {processor.py:840} INFO - DAG(s) 'example_local_kubernetes_executor' retrieved from /home/airflow/.local/lib/python3.12/site-packages/airflow/example_dags/example_local_kubernetes_executor.py
[2026-05-09T19:12:25.295+0000] {logging_mixin.py:188} INFO - [2026-05-09T19:12:25.295+0000] {dag.py:3096} INFO - Sync 1 DAGs
[2026-05-09T19:12:25.310+0000] {logging_mixin.py:188} INFO - [2026-05-09T19:12:25.309+0000] {dag.py:3954} INFO - Setting next_dagrun for example_local_kubernetes_executor to None, run_after=None
[2026-05-09T19:12:25.333+0000] {processor.py:183} INFO - Processing /home/airflow/.local/lib/python3.12/site-packages/airflow/example_dags/example_local_kubernetes_executor.py took 0.089 seconds
[2026-05-09T19:12:55.663+0000] {processor.py:161} INFO - Started process (PID=2506) to work on /home/airflow/.local/lib/python3.12/site-packages/airflow/example_dags/example_local_kubernetes_executor.py
[2026-05-09T19:12:55.664+0000] {processor.py:830} INFO - Processing file /home/airflow/.local/lib/python3.12/site-packages/airflow/example_dags/example_local_kubernetes_executor.py for tasks to queue
[2026-05-09T19:12:55.667+0000] {logging_mixin.py:188} INFO - [2026-05-09T19:12:55.667+0000] {dagbag.py:545} INFO - Filling up the DagBag from /home/airflow/.local/lib/python3.12/site-packages/airflow/example_dags/example_local_kubernetes_executor.py
[2026-05-09T19:12:55.675+0000] {processor.py:840} INFO - DAG(s) 'example_local_kubernetes_executor' retrieved from /home/airflow/.local/lib/python3.12/site-packages/airflow/example_dags/example_local_kubernetes_executor.py
[2026-05-09T19:12:55.710+0000] {logging_mixin.py:188} INFO - [2026-05-09T19:12:55.709+0000] {dag.py:3096} INFO - Sync 1 DAGs
[2026-05-09T19:12:55.723+0000] {logging_mixin.py:188} INFO - [2026-05-09T19:12:55.723+0000] {dag.py:3954} INFO - Setting next_dagrun for example_local_kubernetes_executor to None, run_after=None
[2026-05-09T19:12:55.751+0000] {processor.py:183} INFO - Processing /home/airflow/.local/lib/python3.12/site-packages/airflow/example_dags/example_local_kubernetes_executor.py took 0.093 seconds
[2026-05-09T19:13:26.018+0000] {processor.py:161} INFO - Started process (PID=2565) to work on /home/airflow/.local/lib/python3.12/site-packages/airflow/example_dags/example_local_kubernetes_executor.py
[2026-05-09T19:13:26.019+0000] {processor.py:830} INFO - Processing file /home/airflow/.local/lib/python3.12/site-packages/airflow/example_dags/example_local_kubernetes_executor.py for tasks to queue
[2026-05-09T19:13:26.021+0000] {logging_mixin.py:188} INFO - [2026-05-09T19:13:26.020+0000] {dagbag.py:545} INFO - Filling up the DagBag from /home/airflow/.local/lib/python3.12/site-packages/airflow/example_dags/example_local_kubernetes_executor.py
[2026-05-09T19:13:26.028+0000] {processor.py:840} INFO - DAG(s) 'example_local_kubernetes_executor' retrieved from /home/airflow/.local/lib/python3.12/site-packages/airflow/example_dags/example_local_kubernetes_executor.py
[2026-05-09T19:13:26.062+0000] {logging_mixin.py:188} INFO - [2026-05-09T19:13:26.062+0000] {dag.py:3096} INFO - Sync 1 DAGs
[2026-05-09T19:13:26.075+0000] {logging_mixin.py:188} INFO - [2026-05-09T19:13:26.074+0000] {dag.py:3954} INFO - Setting next_dagrun for example_local_kubernetes_executor to None, run_after=None
[2026-05-09T19:13:26.098+0000] {processor.py:183} INFO - Processing /home/airflow/.local/lib/python3.12/site-packages/airflow/example_dags/example_local_kubernetes_executor.py took 0.085 seconds
[2026-05-09T19:13:56.730+0000] {processor.py:161} INFO - Started process (PID=2624) to work on /home/airflow/.local/lib/python3.12/site-packages/airflow/example_dags/example_local_kubernetes_executor.py
[2026-05-09T19:13:56.732+0000] {processor.py:830} INFO - Processing file /home/airflow/.local/lib/python3.12/site-packages/airflow/example_dags/example_local_kubernetes_executor.py for tasks to queue
[2026-05-09T19:13:56.734+0000] {logging_mixin.py:188} INFO - [2026-05-09T19:13:56.733+0000] {dagbag.py:545} INFO - Filling up the DagBag from /home/airflow/.local/lib/python3.12/site-packages/airflow/example_dags/example_local_kubernetes_executor.py
[2026-05-09T19:13:56.741+0000] {processor.py:840} INFO - DAG(s) 'example_local_kubernetes_executor' retrieved from /home/airflow/.local/lib/python3.12/site-packages/airflow/example_dags/example_local_kubernetes_executor.py
[2026-05-09T19:13:56.782+0000] {logging_mixin.py:188} INFO - [2026-05-09T19:13:56.781+0000] {dag.py:3096} INFO - Sync 1 DAGs
[2026-05-09T19:13:56.797+0000] {logging_mixin.py:188} INFO - [2026-05-09T19:13:56.796+0000] {dag.py:3954} INFO - Setting next_dagrun for example_local_kubernetes_executor to None, run_after=None
[2026-05-09T19:13:56.825+0000] {processor.py:183} INFO - Processing /home/airflow/.local/lib/python3.12/site-packages/airflow/example_dags/example_local_kubernetes_executor.py took 0.100 seconds
[2026-05-09T19:14:27.252+0000] {processor.py:161} INFO - Started process (PID=2683) to work on /home/airflow/.local/lib/python3.12/site-packages/airflow/example_dags/example_local_kubernetes_executor.py
[2026-05-09T19:14:27.254+0000] {processor.py:830} INFO - Processing file /home/airflow/.local/lib/python3.12/site-packages/airflow/example_dags/example_local_kubernetes_executor.py for tasks to queue
[2026-05-09T19:14:27.256+0000] {logging_mixin.py:188} INFO - [2026-05-09T19:14:27.255+0000] {dagbag.py:545} INFO - Filling up the DagBag from /home/airflow/.local/lib/python3.12/site-packages/airflow/example_dags/example_local_kubernetes_executor.py
[2026-05-09T19:14:27.264+0000] {processor.py:840} INFO - DAG(s) 'example_local_kubernetes_executor' retrieved from /home/airflow/.local/lib/python3.12/site-packages/airflow/example_dags/example_local_kubernetes_executor.py
[2026-05-09T19:14:27.301+0000] {logging_mixin.py:188} INFO - [2026-05-09T19:14:27.300+0000] {dag.py:3096} INFO - Sync 1 DAGs
[2026-05-09T19:14:27.316+0000] {logging_mixin.py:188} INFO - [2026-05-09T19:14:27.316+0000] {dag.py:3954} INFO - Setting next_dagrun for example_local_kubernetes_executor to None, run_after=None
[2026-05-09T19:14:27.344+0000] {processor.py:183} INFO - Processing /home/airflow/.local/lib/python3.12/site-packages/airflow/example_dags/example_local_kubernetes_executor.py took 0.097 seconds
[2026-05-09T19:14:57.847+0000] {processor.py:161} INFO - Started process (PID=2742) to work on /home/airflow/.local/lib/python3.12/site-packages/airflow/example_dags/example_local_kubernetes_executor.py
[2026-05-09T19:14:57.848+0000] {processor.py:830} INFO - Processing file /home/airflow/.local/lib/python3.12/site-packages/airflow/example_dags/example_local_kubernetes_executor.py for tasks to queue
[2026-05-09T19:14:57.849+0000] {logging_mixin.py:188} INFO - [2026-05-09T19:14:57.849+0000] {dagbag.py:545} INFO - Filling up the DagBag from /home/airflow/.local/lib/python3.12/site-packages/airflow/example_dags/example_local_kubernetes_executor.py
[2026-05-09T19:14:57.856+0000] {processor.py:840} INFO - DAG(s) 'example_local_kubernetes_executor' retrieved from /home/airflow/.local/lib/python3.12/site-packages/airflow/example_dags/example_local_kubernetes_executor.py
[2026-05-09T19:14:57.890+0000] {logging_mixin.py:188} INFO - [2026-05-09T19:14:57.890+0000] {dag.py:3096} INFO - Sync 1 DAGs
[2026-05-09T19:14:57.902+0000] {logging_mixin.py:188} INFO - [2026-05-09T19:14:57.902+0000] {dag.py:3954} INFO - Setting next_dagrun for example_local_kubernetes_executor to None, run_after=None
[2026-05-09T19:14:57.925+0000] {processor.py:183} INFO - Processing /home/airflow/.local/lib/python3.12/site-packages/airflow/example_dags/example_local_kubernetes_executor.py took 0.084 seconds
[2026-05-09T19:15:28.750+0000] {processor.py:161} INFO - Started process (PID=2801) to work on /home/airflow/.local/lib/python3.12/site-packages/airflow/example_dags/example_local_kubernetes_executor.py
[2026-05-09T19:15:28.751+0000] {processor.py:830} INFO - Processing file /home/airflow/.local/lib/python3.12/site-packages/airflow/example_dags/example_local_kubernetes_executor.py for tasks to queue
[2026-05-09T19:15:28.753+0000] {logging_mixin.py:188} INFO - [2026-05-09T19:15:28.753+0000] {dagbag.py:545} INFO - Filling up the DagBag from /home/airflow/.local/lib/python3.12/site-packages/airflow/example_dags/example_local_kubernetes_executor.py
[2026-05-09T19:15:28.761+0000] {processor.py:840} INFO - DAG(s) 'example_local_kubernetes_executor' retrieved from /home/airflow/.local/lib/python3.12/site-packages/airflow/example_dags/example_local_kubernetes_executor.py
[2026-05-09T19:15:28.801+0000] {logging_mixin.py:188} INFO - [2026-05-09T19:15:28.801+0000] {dag.py:3096} INFO - Sync 1 DAGs
[2026-05-09T19:15:28.814+0000] {logging_mixin.py:188} INFO - [2026-05-09T19:15:28.814+0000] {dag.py:3954} INFO - Setting next_dagrun for example_local_kubernetes_executor to None, run_after=None
[2026-05-09T19:15:28.838+0000] {processor.py:183} INFO - Processing /home/airflow/.local/lib/python3.12/site-packages/airflow/example_dags/example_local_kubernetes_executor.py took 0.094 seconds
[2026-05-09T19:15:59.104+0000] {processor.py:161} INFO - Started process (PID=2861) to work on /home/airflow/.local/lib/python3.12/site-packages/airflow/example_dags/example_local_kubernetes_executor.py
[2026-05-09T19:15:59.105+0000] {processor.py:830} INFO - Processing file /home/airflow/.local/lib/python3.12/site-packages/airflow/example_dags/example_local_kubernetes_executor.py for tasks to queue
[2026-05-09T19:15:59.107+0000] {logging_mixin.py:188} INFO - [2026-05-09T19:15:59.107+0000] {dagbag.py:545} INFO - Filling up the DagBag from /home/airflow/.local/lib/python3.12/site-packages/airflow/example_dags/example_local_kubernetes_executor.py
[2026-05-09T19:15:59.114+0000] {processor.py:840} INFO - DAG(s) 'example_local_kubernetes_executor' retrieved from /home/airflow/.local/lib/python3.12/site-packages/airflow/example_dags/example_local_kubernetes_executor.py
[2026-05-09T19:15:59.150+0000] {logging_mixin.py:188} INFO - [2026-05-09T19:15:59.150+0000] {dag.py:3096} INFO - Sync 1 DAGs
[2026-05-09T19:15:59.163+0000] {logging_mixin.py:188} INFO - [2026-05-09T19:15:59.163+0000] {dag.py:3954} INFO - Setting next_dagrun for example_local_kubernetes_executor to None, run_after=None
[2026-05-09T19:15:59.188+0000] {processor.py:183} INFO - Processing /home/airflow/.local/lib/python3.12/site-packages/airflow/example_dags/example_local_kubernetes_executor.py took 0.090 seconds
[2026-05-09T19:16:29.484+0000] {processor.py:161} INFO - Started process (PID=2919) to work on /home/airflow/.local/lib/python3.12/site-packages/airflow/example_dags/example_local_kubernetes_executor.py
[2026-05-09T19:16:29.485+0000] {processor.py:830} INFO - Processing file /home/airflow/.local/lib/python3.12/site-packages/airflow/example_dags/example_local_kubernetes_executor.py for tasks to queue
[2026-05-09T19:16:29.488+0000] {logging_mixin.py:188} INFO - [2026-05-09T19:16:29.487+0000] {dagbag.py:545} INFO - Filling up the DagBag from /home/airflow/.local/lib/python3.12/site-packages/airflow/example_dags/example_local_kubernetes_executor.py
[2026-05-09T19:16:29.494+0000] {processor.py:840} INFO - DAG(s) 'example_local_kubernetes_executor' retrieved from /home/airflow/.local/lib/python3.12/site-packages/airflow/example_dags/example_local_kubernetes_executor.py
[2026-05-09T19:16:29.528+0000] {logging_mixin.py:188} INFO - [2026-05-09T19:16:29.528+0000] {dag.py:3096} INFO - Sync 1 DAGs
[2026-05-09T19:16:29.540+0000] {logging_mixin.py:188} INFO - [2026-05-09T19:16:29.540+0000] {dag.py:3954} INFO - Setting next_dagrun for example_local_kubernetes_executor to None, run_after=None
[2026-05-09T19:16:29.562+0000] {processor.py:183} INFO - Processing /home/airflow/.local/lib/python3.12/site-packages/airflow/example_dags/example_local_kubernetes_executor.py took 0.083 seconds
[2026-05-09T19:17:00.093+0000] {processor.py:161} INFO - Started process (PID=2978) to work on /home/airflow/.local/lib/python3.12/site-packages/airflow/example_dags/example_local_kubernetes_executor.py
[2026-05-09T19:17:00.094+0000] {processor.py:830} INFO - Processing file /home/airflow/.local/lib/python3.12/site-packages/airflow/example_dags/example_local_kubernetes_executor.py for tasks to queue
[2026-05-09T19:17:00.096+0000] {logging_mixin.py:188} INFO - [2026-05-09T19:17:00.095+0000] {dagbag.py:545} INFO - Filling up the DagBag from /home/airflow/.local/lib/python3.12/site-packages/airflow/example_dags/example_local_kubernetes_executor.py
[2026-05-09T19:17:00.102+0000] {processor.py:840} INFO - DAG(s) 'example_local_kubernetes_executor' retrieved from /home/airflow/.local/lib/python3.12/site-packages/airflow/example_dags/example_local_kubernetes_executor.py
[2026-05-09T19:17:00.137+0000] {logging_mixin.py:188} INFO - [2026-05-09T19:17:00.137+0000] {dag.py:3096} INFO - Sync 1 DAGs
[2026-05-09T19:17:00.150+0000] {logging_mixin.py:188} INFO - [2026-05-09T19:17:00.150+0000] {dag.py:3954} INFO - Setting next_dagrun for example_local_kubernetes_executor to None, run_after=None
[2026-05-09T19:17:00.173+0000] {processor.py:183} INFO - Processing /home/airflow/.local/lib/python3.12/site-packages/airflow/example_dags/example_local_kubernetes_executor.py took 0.085 seconds
[2026-05-09T19:17:31.003+0000] {processor.py:161} INFO - Started process (PID=3037) to work on /home/airflow/.local/lib/python3.12/site-packages/airflow/example_dags/example_local_kubernetes_executor.py
[2026-05-09T19:17:31.004+0000] {processor.py:830} INFO - Processing file /home/airflow/.local/lib/python3.12/site-packages/airflow/example_dags/example_local_kubernetes_executor.py for tasks to queue
[2026-05-09T19:17:31.006+0000] {logging_mixin.py:188} INFO - [2026-05-09T19:17:31.006+0000] {dagbag.py:545} INFO - Filling up the DagBag from /home/airflow/.local/lib/python3.12/site-packages/airflow/example_dags/example_local_kubernetes_executor.py
[2026-05-09T19:17:31.013+0000] {processor.py:840} INFO - DAG(s) 'example_local_kubernetes_executor' retrieved from /home/airflow/.local/lib/python3.12/site-packages/airflow/example_dags/example_local_kubernetes_executor.py
[2026-05-09T19:17:31.049+0000] {logging_mixin.py:188} INFO - [2026-05-09T19:17:31.049+0000] {dag.py:3096} INFO - Sync 1 DAGs
[2026-05-09T19:17:31.065+0000] {logging_mixin.py:188} INFO - [2026-05-09T19:17:31.064+0000] {dag.py:3954} INFO - Setting next_dagrun for example_local_kubernetes_executor to None, run_after=None
[2026-05-09T19:17:31.088+0000] {processor.py:183} INFO - Processing /home/airflow/.local/lib/python3.12/site-packages/airflow/example_dags/example_local_kubernetes_executor.py took 0.091 seconds
[2026-05-09T19:18:01.340+0000] {processor.py:161} INFO - Started process (PID=3096) to work on /home/airflow/.local/lib/python3.12/site-packages/airflow/example_dags/example_local_kubernetes_executor.py
[2026-05-09T19:18:01.341+0000] {processor.py:830} INFO - Processing file /home/airflow/.local/lib/python3.12/site-packages/airflow/example_dags/example_local_kubernetes_executor.py for tasks to queue
[2026-05-09T19:18:01.343+0000] {logging_mixin.py:188} INFO - [2026-05-09T19:18:01.342+0000] {dagbag.py:545} INFO - Filling up the DagBag from /home/airflow/.local/lib/python3.12/site-packages/airflow/example_dags/example_local_kubernetes_executor.py
[2026-05-09T19:18:01.350+0000] {processor.py:840} INFO - DAG(s) 'example_local_kubernetes_executor' retrieved from /home/airflow/.local/lib/python3.12/site-packages/airflow/example_dags/example_local_kubernetes_executor.py
[2026-05-09T19:18:01.386+0000] {logging_mixin.py:188} INFO - [2026-05-09T19:18:01.386+0000] {dag.py:3096} INFO - Sync 1 DAGs
[2026-05-09T19:18:01.398+0000] {logging_mixin.py:188} INFO - [2026-05-09T19:18:01.398+0000] {dag.py:3954} INFO - Setting next_dagrun for example_local_kubernetes_executor to None, run_after=None
[2026-05-09T19:18:01.419+0000] {processor.py:183} INFO - Processing /home/airflow/.local/lib/python3.12/site-packages/airflow/example_dags/example_local_kubernetes_executor.py took 0.084 seconds
[2026-05-09T19:18:31.735+0000] {processor.py:161} INFO - Started process (PID=3155) to work on /home/airflow/.local/lib/python3.12/site-packages/airflow/example_dags/example_local_kubernetes_executor.py
[2026-05-09T19:18:31.737+0000] {processor.py:830} INFO - Processing file /home/airflow/.local/lib/python3.12/site-packages/airflow/example_dags/example_local_kubernetes_executor.py for tasks to queue
[2026-05-09T19:18:31.739+0000] {logging_mixin.py:188} INFO - [2026-05-09T19:18:31.738+0000] {dagbag.py:545} INFO - Filling up the DagBag from /home/airflow/.local/lib/python3.12/site-packages/airflow/example_dags/example_local_kubernetes_executor.py
[2026-05-09T19:18:31.746+0000] {processor.py:840} INFO - DAG(s) 'example_local_kubernetes_executor' retrieved from /home/airflow/.local/lib/python3.12/site-packages/airflow/example_dags/example_local_kubernetes_executor.py
[2026-05-09T19:18:31.785+0000] {logging_mixin.py:188} INFO - [2026-05-09T19:18:31.784+0000] {dag.py:3096} INFO - Sync 1 DAGs
[2026-05-09T19:18:31.799+0000] {logging_mixin.py:188} INFO - [2026-05-09T19:18:31.798+0000] {dag.py:3954} INFO - Setting next_dagrun for example_local_kubernetes_executor to None, run_after=None
[2026-05-09T19:18:31.825+0000] {processor.py:183} INFO - Processing /home/airflow/.local/lib/python3.12/site-packages/airflow/example_dags/example_local_kubernetes_executor.py took 0.095 seconds
[2026-05-09T19:19:02.499+0000] {processor.py:161} INFO - Started process (PID=3214) to work on /home/airflow/.local/lib/python3.12/site-packages/airflow/example_dags/example_local_kubernetes_executor.py
[2026-05-09T19:19:02.500+0000] {processor.py:830} INFO - Processing file /home/airflow/.local/lib/python3.12/site-packages/airflow/example_dags/example_local_kubernetes_executor.py for tasks to queue
[2026-05-09T19:19:02.502+0000] {logging_mixin.py:188} INFO - [2026-05-09T19:19:02.501+0000] {dagbag.py:545} INFO - Filling up the DagBag from /home/airflow/.local/lib/python3.12/site-packages/airflow/example_dags/example_local_kubernetes_executor.py
[2026-05-09T19:19:02.508+0000] {processor.py:840} INFO - DAG(s) 'example_local_kubernetes_executor' retrieved from /home/airflow/.local/lib/python3.12/site-packages/airflow/example_dags/example_local_kubernetes_executor.py
[2026-05-09T19:19:02.543+0000] {logging_mixin.py:188} INFO - [2026-05-09T19:19:02.542+0000] {dag.py:3096} INFO - Sync 1 DAGs
[2026-05-09T19:19:02.556+0000] {logging_mixin.py:188} INFO - [2026-05-09T19:19:02.555+0000] {dag.py:3954} INFO - Setting next_dagrun for example_local_kubernetes_executor to None, run_after=None
[2026-05-09T19:19:02.579+0000] {processor.py:183} INFO - Processing /home/airflow/.local/lib/python3.12/site-packages/airflow/example_dags/example_local_kubernetes_executor.py took 0.086 seconds
[2026-05-09T19:19:32.969+0000] {processor.py:161} INFO - Started process (PID=3273) to work on /home/airflow/.local/lib/python3.12/site-packages/airflow/example_dags/example_local_kubernetes_executor.py
[2026-05-09T19:19:32.970+0000] {processor.py:830} INFO - Processing file /home/airflow/.local/lib/python3.12/site-packages/airflow/example_dags/example_local_kubernetes_executor.py for tasks to queue
[2026-05-09T19:19:32.972+0000] {logging_mixin.py:188} INFO - [2026-05-09T19:19:32.972+0000] {dagbag.py:545} INFO - Filling up the DagBag from /home/airflow/.local/lib/python3.12/site-packages/airflow/example_dags/example_local_kubernetes_executor.py
[2026-05-09T19:19:32.979+0000] {processor.py:840} INFO - DAG(s) 'example_local_kubernetes_executor' retrieved from /home/airflow/.local/lib/python3.12/site-packages/airflow/example_dags/example_local_kubernetes_executor.py
[2026-05-09T19:19:33.013+0000] {logging_mixin.py:188} INFO - [2026-05-09T19:19:33.012+0000] {dag.py:3096} INFO - Sync 1 DAGs
[2026-05-09T19:19:33.027+0000] {logging_mixin.py:188} INFO - [2026-05-09T19:19:33.027+0000] {dag.py:3954} INFO - Setting next_dagrun for example_local_kubernetes_executor to None, run_after=None
[2026-05-09T19:19:33.054+0000] {processor.py:183} INFO - Processing /home/airflow/.local/lib/python3.12/site-packages/airflow/example_dags/example_local_kubernetes_executor.py took 0.090 seconds
[2026-05-09T19:20:03.499+0000] {processor.py:161} INFO - Started process (PID=3332) to work on /home/airflow/.local/lib/python3.12/site-packages/airflow/example_dags/example_local_kubernetes_executor.py
[2026-05-09T19:20:03.500+0000] {processor.py:830} INFO - Processing file /home/airflow/.local/lib/python3.12/site-packages/airflow/example_dags/example_local_kubernetes_executor.py for tasks to queue
[2026-05-09T19:20:03.503+0000] {logging_mixin.py:188} INFO - [2026-05-09T19:20:03.502+0000] {dagbag.py:545} INFO - Filling up the DagBag from /home/airflow/.local/lib/python3.12/site-packages/airflow/example_dags/example_local_kubernetes_executor.py
[2026-05-09T19:20:03.512+0000] {processor.py:840} INFO - DAG(s) 'example_local_kubernetes_executor' retrieved from /home/airflow/.local/lib/python3.12/site-packages/airflow/example_dags/example_local_kubernetes_executor.py
[2026-05-09T19:20:03.548+0000] {logging_mixin.py:188} INFO - [2026-05-09T19:20:03.548+0000] {dag.py:3096} INFO - Sync 1 DAGs
[2026-05-09T19:20:03.562+0000] {logging_mixin.py:188} INFO - [2026-05-09T19:20:03.562+0000] {dag.py:3954} INFO - Setting next_dagrun for example_local_kubernetes_executor to None, run_after=None
[2026-05-09T19:20:03.591+0000] {processor.py:183} INFO - Processing /home/airflow/.local/lib/python3.12/site-packages/airflow/example_dags/example_local_kubernetes_executor.py took 0.097 seconds
[2026-05-09T19:20:34.480+0000] {processor.py:161} INFO - Started process (PID=3391) to work on /home/airflow/.local/lib/python3.12/site-packages/airflow/example_dags/example_local_kubernetes_executor.py
[2026-05-09T19:20:34.482+0000] {processor.py:830} INFO - Processing file /home/airflow/.local/lib/python3.12/site-packages/airflow/example_dags/example_local_kubernetes_executor.py for tasks to queue
[2026-05-09T19:20:34.484+0000] {logging_mixin.py:188} INFO - [2026-05-09T19:20:34.484+0000] {dagbag.py:545} INFO - Filling up the DagBag from /home/airflow/.local/lib/python3.12/site-packages/airflow/example_dags/example_local_kubernetes_executor.py
[2026-05-09T19:20:34.490+0000] {processor.py:840} INFO - DAG(s) 'example_local_kubernetes_executor' retrieved from /home/airflow/.local/lib/python3.12/site-packages/airflow/example_dags/example_local_kubernetes_executor.py
[2026-05-09T19:20:34.524+0000] {logging_mixin.py:188} INFO - [2026-05-09T19:20:34.524+0000] {dag.py:3096} INFO - Sync 1 DAGs
[2026-05-09T19:20:34.537+0000] {logging_mixin.py:188} INFO - [2026-05-09T19:20:34.536+0000] {dag.py:3954} INFO - Setting next_dagrun for example_local_kubernetes_executor to None, run_after=None
[2026-05-09T19:20:34.560+0000] {processor.py:183} INFO - Processing /home/airflow/.local/lib/python3.12/site-packages/airflow/example_dags/example_local_kubernetes_executor.py took 0.085 seconds
[2026-05-09T19:21:05.122+0000] {processor.py:161} INFO - Started process (PID=3450) to work on /home/airflow/.local/lib/python3.12/site-packages/airflow/example_dags/example_local_kubernetes_executor.py
[2026-05-09T19:21:05.123+0000] {processor.py:830} INFO - Processing file /home/airflow/.local/lib/python3.12/site-packages/airflow/example_dags/example_local_kubernetes_executor.py for tasks to queue
[2026-05-09T19:21:05.126+0000] {logging_mixin.py:188} INFO - [2026-05-09T19:21:05.125+0000] {dagbag.py:545} INFO - Filling up the DagBag from /home/airflow/.local/lib/python3.12/site-packages/airflow/example_dags/example_local_kubernetes_executor.py
[2026-05-09T19:21:05.132+0000] {processor.py:840} INFO - DAG(s) 'example_local_kubernetes_executor' retrieved from /home/airflow/.local/lib/python3.12/site-packages/airflow/example_dags/example_local_kubernetes_executor.py
[2026-05-09T19:21:05.167+0000] {logging_mixin.py:188} INFO - [2026-05-09T19:21:05.166+0000] {dag.py:3096} INFO - Sync 1 DAGs
[2026-05-09T19:21:05.179+0000] {logging_mixin.py:188} INFO - [2026-05-09T19:21:05.179+0000] {dag.py:3954} INFO - Setting next_dagrun for example_local_kubernetes_executor to None, run_after=None
[2026-05-09T19:21:05.204+0000] {processor.py:183} INFO - Processing /home/airflow/.local/lib/python3.12/site-packages/airflow/example_dags/example_local_kubernetes_executor.py took 0.087 seconds
[2026-05-09T19:21:35.519+0000] {processor.py:161} INFO - Started process (PID=3509) to work on /home/airflow/.local/lib/python3.12/site-packages/airflow/example_dags/example_local_kubernetes_executor.py
[2026-05-09T19:21:35.520+0000] {processor.py:830} INFO - Processing file /home/airflow/.local/lib/python3.12/site-packages/airflow/example_dags/example_local_kubernetes_executor.py for tasks to queue
[2026-05-09T19:21:35.522+0000] {logging_mixin.py:188} INFO - [2026-05-09T19:21:35.522+0000] {dagbag.py:545} INFO - Filling up the DagBag from /home/airflow/.local/lib/python3.12/site-packages/airflow/example_dags/example_local_kubernetes_executor.py
[2026-05-09T19:21:35.529+0000] {processor.py:840} INFO - DAG(s) 'example_local_kubernetes_executor' retrieved from /home/airflow/.local/lib/python3.12/site-packages/airflow/example_dags/example_local_kubernetes_executor.py
[2026-05-09T19:21:35.566+0000] {logging_mixin.py:188} INFO - [2026-05-09T19:21:35.565+0000] {dag.py:3096} INFO - Sync 1 DAGs
[2026-05-09T19:21:35.579+0000] {logging_mixin.py:188} INFO - [2026-05-09T19:21:35.579+0000] {dag.py:3954} INFO - Setting next_dagrun for example_local_kubernetes_executor to None, run_after=None
[2026-05-09T19:21:35.601+0000] {processor.py:183} INFO - Processing /home/airflow/.local/lib/python3.12/site-packages/airflow/example_dags/example_local_kubernetes_executor.py took 0.088 seconds
[2026-05-09T19:22:06.216+0000] {processor.py:161} INFO - Started process (PID=3568) to work on /home/airflow/.local/lib/python3.12/site-packages/airflow/example_dags/example_local_kubernetes_executor.py
[2026-05-09T19:22:06.217+0000] {processor.py:830} INFO - Processing file /home/airflow/.local/lib/python3.12/site-packages/airflow/example_dags/example_local_kubernetes_executor.py for tasks to queue
[2026-05-09T19:22:06.219+0000] {logging_mixin.py:188} INFO - [2026-05-09T19:22:06.219+0000] {dagbag.py:545} INFO - Filling up the DagBag from /home/airflow/.local/lib/python3.12/site-packages/airflow/example_dags/example_local_kubernetes_executor.py
[2026-05-09T19:22:06.226+0000] {processor.py:840} INFO - DAG(s) 'example_local_kubernetes_executor' retrieved from /home/airflow/.local/lib/python3.12/site-packages/airflow/example_dags/example_local_kubernetes_executor.py
[2026-05-09T19:22:06.260+0000] {logging_mixin.py:188} INFO - [2026-05-09T19:22:06.260+0000] {dag.py:3096} INFO - Sync 1 DAGs
[2026-05-09T19:22:06.273+0000] {logging_mixin.py:188} INFO - [2026-05-09T19:22:06.273+0000] {dag.py:3954} INFO - Setting next_dagrun for example_local_kubernetes_executor to None, run_after=None
[2026-05-09T19:22:06.294+0000] {processor.py:183} INFO - Processing /home/airflow/.local/lib/python3.12/site-packages/airflow/example_dags/example_local_kubernetes_executor.py took 0.083 seconds
[2026-05-09T19:22:37.136+0000] {processor.py:161} INFO - Started process (PID=3627) to work on /home/airflow/.local/lib/python3.12/site-packages/airflow/example_dags/example_local_kubernetes_executor.py
[2026-05-09T19:22:37.137+0000] {processor.py:830} INFO - Processing file /home/airflow/.local/lib/python3.12/site-packages/airflow/example_dags/example_local_kubernetes_executor.py for tasks to queue
[2026-05-09T19:22:37.139+0000] {logging_mixin.py:188} INFO - [2026-05-09T19:22:37.139+0000] {dagbag.py:545} INFO - Filling up the DagBag from /home/airflow/.local/lib/python3.12/site-packages/airflow/example_dags/example_local_kubernetes_executor.py
[2026-05-09T19:22:37.146+0000] {processor.py:840} INFO - DAG(s) 'example_local_kubernetes_executor' retrieved from /home/airflow/.local/lib/python3.12/site-packages/airflow/example_dags/example_local_kubernetes_executor.py
[2026-05-09T19:22:37.181+0000] {logging_mixin.py:188} INFO - [2026-05-09T19:22:37.181+0000] {dag.py:3096} INFO - Sync 1 DAGs
[2026-05-09T19:22:37.195+0000] {logging_mixin.py:188} INFO - [2026-05-09T19:22:37.195+0000] {dag.py:3954} INFO - Setting next_dagrun for example_local_kubernetes_executor to None, run_after=None
[2026-05-09T19:22:37.219+0000] {processor.py:183} INFO - Processing /home/airflow/.local/lib/python3.12/site-packages/airflow/example_dags/example_local_kubernetes_executor.py took 0.089 seconds
[2026-05-09T19:23:07.469+0000] {processor.py:161} INFO - Started process (PID=3686) to work on /home/airflow/.local/lib/python3.12/site-packages/airflow/example_dags/example_local_kubernetes_executor.py
[2026-05-09T19:23:07.470+0000] {processor.py:830} INFO - Processing file /home/airflow/.local/lib/python3.12/site-packages/airflow/example_dags/example_local_kubernetes_executor.py for tasks to queue
[2026-05-09T19:23:07.473+0000] {logging_mixin.py:188} INFO - [2026-05-09T19:23:07.472+0000] {dagbag.py:545} INFO - Filling up the DagBag from /home/airflow/.local/lib/python3.12/site-packages/airflow/example_dags/example_local_kubernetes_executor.py
[2026-05-09T19:23:07.482+0000] {processor.py:840} INFO - DAG(s) 'example_local_kubernetes_executor' retrieved from /home/airflow/.local/lib/python3.12/site-packages/airflow/example_dags/example_local_kubernetes_executor.py
[2026-05-09T19:23:07.523+0000] {logging_mixin.py:188} INFO - [2026-05-09T19:23:07.523+0000] {dag.py:3096} INFO - Sync 1 DAGs
[2026-05-09T19:23:07.536+0000] {logging_mixin.py:188} INFO - [2026-05-09T19:23:07.536+0000] {dag.py:3954} INFO - Setting next_dagrun for example_local_kubernetes_executor to None, run_after=None
[2026-05-09T19:23:07.560+0000] {processor.py:183} INFO - Processing /home/airflow/.local/lib/python3.12/site-packages/airflow/example_dags/example_local_kubernetes_executor.py took 0.098 seconds
[2026-05-09T19:23:37.939+0000] {processor.py:161} INFO - Started process (PID=3745) to work on /home/airflow/.local/lib/python3.12/site-packages/airflow/example_dags/example_local_kubernetes_executor.py
[2026-05-09T19:23:37.940+0000] {processor.py:830} INFO - Processing file /home/airflow/.local/lib/python3.12/site-packages/airflow/example_dags/example_local_kubernetes_executor.py for tasks to queue
[2026-05-09T19:23:37.943+0000] {logging_mixin.py:188} INFO - [2026-05-09T19:23:37.942+0000] {dagbag.py:545} INFO - Filling up the DagBag from /home/airflow/.local/lib/python3.12/site-packages/airflow/example_dags/example_local_kubernetes_executor.py
[2026-05-09T19:23:37.949+0000] {processor.py:840} INFO - DAG(s) 'example_local_kubernetes_executor' retrieved from /home/airflow/.local/lib/python3.12/site-packages/airflow/example_dags/example_local_kubernetes_executor.py
[2026-05-09T19:23:37.984+0000] {logging_mixin.py:188} INFO - [2026-05-09T19:23:37.984+0000] {dag.py:3096} INFO - Sync 1 DAGs
[2026-05-09T19:23:37.997+0000] {logging_mixin.py:188} INFO - [2026-05-09T19:23:37.997+0000] {dag.py:3954} INFO - Setting next_dagrun for example_local_kubernetes_executor to None, run_after=None
[2026-05-09T19:23:38.020+0000] {processor.py:183} INFO - Processing /home/airflow/.local/lib/python3.12/site-packages/airflow/example_dags/example_local_kubernetes_executor.py took 0.086 seconds
[2026-05-09T19:24:08.946+0000] {processor.py:161} INFO - Started process (PID=3804) to work on /home/airflow/.local/lib/python3.12/site-packages/airflow/example_dags/example_local_kubernetes_executor.py
[2026-05-09T19:24:08.948+0000] {processor.py:830} INFO - Processing file /home/airflow/.local/lib/python3.12/site-packages/airflow/example_dags/example_local_kubernetes_executor.py for tasks to queue
[2026-05-09T19:24:08.950+0000] {logging_mixin.py:188} INFO - [2026-05-09T19:24:08.950+0000] {dagbag.py:545} INFO - Filling up the DagBag from /home/airflow/.local/lib/python3.12/site-packages/airflow/example_dags/example_local_kubernetes_executor.py
[2026-05-09T19:24:08.960+0000] {processor.py:840} INFO - DAG(s) 'example_local_kubernetes_executor' retrieved from /home/airflow/.local/lib/python3.12/site-packages/airflow/example_dags/example_local_kubernetes_executor.py
[2026-05-09T19:24:08.999+0000] {logging_mixin.py:188} INFO - [2026-05-09T19:24:08.998+0000] {dag.py:3096} INFO - Sync 1 DAGs
[2026-05-09T19:24:09.015+0000] {logging_mixin.py:188} INFO - [2026-05-09T19:24:09.014+0000] {dag.py:3954} INFO - Setting next_dagrun for example_local_kubernetes_executor to None, run_after=None
[2026-05-09T19:24:09.041+0000] {processor.py:183} INFO - Processing /home/airflow/.local/lib/python3.12/site-packages/airflow/example_dags/example_local_kubernetes_executor.py took 0.101 seconds
[2026-05-09T19:24:39.683+0000] {processor.py:161} INFO - Started process (PID=3863) to work on /home/airflow/.local/lib/python3.12/site-packages/airflow/example_dags/example_local_kubernetes_executor.py
[2026-05-09T19:24:39.684+0000] {processor.py:830} INFO - Processing file /home/airflow/.local/lib/python3.12/site-packages/airflow/example_dags/example_local_kubernetes_executor.py for tasks to queue
[2026-05-09T19:24:39.686+0000] {logging_mixin.py:188} INFO - [2026-05-09T19:24:39.686+0000] {dagbag.py:545} INFO - Filling up the DagBag from /home/airflow/.local/lib/python3.12/site-packages/airflow/example_dags/example_local_kubernetes_executor.py
[2026-05-09T19:24:39.695+0000] {processor.py:840} INFO - DAG(s) 'example_local_kubernetes_executor' retrieved from /home/airflow/.local/lib/python3.12/site-packages/airflow/example_dags/example_local_kubernetes_executor.py
[2026-05-09T19:24:39.737+0000] {logging_mixin.py:188} INFO - [2026-05-09T19:24:39.737+0000] {dag.py:3096} INFO - Sync 1 DAGs
[2026-05-09T19:24:39.751+0000] {logging_mixin.py:188} INFO - [2026-05-09T19:24:39.751+0000] {dag.py:3954} INFO - Setting next_dagrun for example_local_kubernetes_executor to None, run_after=None
[2026-05-09T19:24:39.779+0000] {processor.py:183} INFO - Processing /home/airflow/.local/lib/python3.12/site-packages/airflow/example_dags/example_local_kubernetes_executor.py took 0.101 seconds
[2026-05-09T19:25:10.092+0000] {processor.py:161} INFO - Started process (PID=3922) to work on /home/airflow/.local/lib/python3.12/site-packages/airflow/example_dags/example_local_kubernetes_executor.py
[2026-05-09T19:25:10.094+0000] {processor.py:830} INFO - Processing file /home/airflow/.local/lib/python3.12/site-packages/airflow/example_dags/example_local_kubernetes_executor.py for tasks to queue
[2026-05-09T19:25:10.096+0000] {logging_mixin.py:188} INFO - [2026-05-09T19:25:10.096+0000] {dagbag.py:545} INFO - Filling up the DagBag from /home/airflow/.local/lib/python3.12/site-packages/airflow/example_dags/example_local_kubernetes_executor.py
[2026-05-09T19:25:10.103+0000] {processor.py:840} INFO - DAG(s) 'example_local_kubernetes_executor' retrieved from /home/airflow/.local/lib/python3.12/site-packages/airflow/example_dags/example_local_kubernetes_executor.py
[2026-05-09T19:25:10.137+0000] {logging_mixin.py:188} INFO - [2026-05-09T19:25:10.137+0000] {dag.py:3096} INFO - Sync 1 DAGs
[2026-05-09T19:25:10.152+0000] {logging_mixin.py:188} INFO - [2026-05-09T19:25:10.151+0000] {dag.py:3954} INFO - Setting next_dagrun for example_local_kubernetes_executor to None, run_after=None
[2026-05-09T19:25:10.177+0000] {processor.py:183} INFO - Processing /home/airflow/.local/lib/python3.12/site-packages/airflow/example_dags/example_local_kubernetes_executor.py took 0.092 seconds
[2026-05-09T19:25:41.024+0000] {processor.py:161} INFO - Started process (PID=3981) to work on /home/airflow/.local/lib/python3.12/site-packages/airflow/example_dags/example_local_kubernetes_executor.py
[2026-05-09T19:25:41.026+0000] {processor.py:830} INFO - Processing file /home/airflow/.local/lib/python3.12/site-packages/airflow/example_dags/example_local_kubernetes_executor.py for tasks to queue
[2026-05-09T19:25:41.030+0000] {logging_mixin.py:188} INFO - [2026-05-09T19:25:41.029+0000] {dagbag.py:545} INFO - Filling up the DagBag from /home/airflow/.local/lib/python3.12/site-packages/airflow/example_dags/example_local_kubernetes_executor.py
[2026-05-09T19:25:41.041+0000] {processor.py:840} INFO - DAG(s) 'example_local_kubernetes_executor' retrieved from /home/airflow/.local/lib/python3.12/site-packages/airflow/example_dags/example_local_kubernetes_executor.py
[2026-05-09T19:25:41.092+0000] {logging_mixin.py:188} INFO - [2026-05-09T19:25:41.091+0000] {dag.py:3096} INFO - Sync 1 DAGs
[2026-05-09T19:25:41.106+0000] {logging_mixin.py:188} INFO - [2026-05-09T19:25:41.105+0000] {dag.py:3954} INFO - Setting next_dagrun for example_local_kubernetes_executor to None, run_after=None
[2026-05-09T19:25:41.128+0000] {processor.py:183} INFO - Processing /home/airflow/.local/lib/python3.12/site-packages/airflow/example_dags/example_local_kubernetes_executor.py took 0.113 seconds
[2026-05-09T19:26:11.236+0000] {processor.py:161} INFO - Started process (PID=4040) to work on /home/airflow/.local/lib/python3.12/site-packages/airflow/example_dags/example_local_kubernetes_executor.py
[2026-05-09T19:26:11.237+0000] {processor.py:830} INFO - Processing file /home/airflow/.local/lib/python3.12/site-packages/airflow/example_dags/example_local_kubernetes_executor.py for tasks to queue
[2026-05-09T19:26:11.239+0000] {logging_mixin.py:188} INFO - [2026-05-09T19:26:11.238+0000] {dagbag.py:545} INFO - Filling up the DagBag from /home/airflow/.local/lib/python3.12/site-packages/airflow/example_dags/example_local_kubernetes_executor.py
[2026-05-09T19:26:11.245+0000] {processor.py:840} INFO - DAG(s) 'example_local_kubernetes_executor' retrieved from /home/airflow/.local/lib/python3.12/site-packages/airflow/example_dags/example_local_kubernetes_executor.py
[2026-05-09T19:26:11.278+0000] {logging_mixin.py:188} INFO - [2026-05-09T19:26:11.278+0000] {dag.py:3096} INFO - Sync 1 DAGs
[2026-05-09T19:26:11.290+0000] {logging_mixin.py:188} INFO - [2026-05-09T19:26:11.290+0000] {dag.py:3954} INFO - Setting next_dagrun for example_local_kubernetes_executor to None, run_after=None
[2026-05-09T19:26:11.312+0000] {processor.py:183} INFO - Processing /home/airflow/.local/lib/python3.12/site-packages/airflow/example_dags/example_local_kubernetes_executor.py took 0.081 seconds
[2026-05-09T19:26:42.048+0000] {processor.py:161} INFO - Started process (PID=4099) to work on /home/airflow/.local/lib/python3.12/site-packages/airflow/example_dags/example_local_kubernetes_executor.py
[2026-05-09T19:26:42.049+0000] {processor.py:830} INFO - Processing file /home/airflow/.local/lib/python3.12/site-packages/airflow/example_dags/example_local_kubernetes_executor.py for tasks to queue
[2026-05-09T19:26:42.051+0000] {logging_mixin.py:188} INFO - [2026-05-09T19:26:42.051+0000] {dagbag.py:545} INFO - Filling up the DagBag from /home/airflow/.local/lib/python3.12/site-packages/airflow/example_dags/example_local_kubernetes_executor.py
[2026-05-09T19:26:42.058+0000] {processor.py:840} INFO - DAG(s) 'example_local_kubernetes_executor' retrieved from /home/airflow/.local/lib/python3.12/site-packages/airflow/example_dags/example_local_kubernetes_executor.py
[2026-05-09T19:26:42.093+0000] {logging_mixin.py:188} INFO - [2026-05-09T19:26:42.093+0000] {dag.py:3096} INFO - Sync 1 DAGs
[2026-05-09T19:26:42.106+0000] {logging_mixin.py:188} INFO - [2026-05-09T19:26:42.105+0000] {dag.py:3954} INFO - Setting next_dagrun for example_local_kubernetes_executor to None, run_after=None
[2026-05-09T19:26:42.131+0000] {processor.py:183} INFO - Processing /home/airflow/.local/lib/python3.12/site-packages/airflow/example_dags/example_local_kubernetes_executor.py took 0.089 seconds
[2026-05-09T19:27:12.308+0000] {processor.py:161} INFO - Started process (PID=4158) to work on /home/airflow/.local/lib/python3.12/site-packages/airflow/example_dags/example_local_kubernetes_executor.py
[2026-05-09T19:27:12.310+0000] {processor.py:830} INFO - Processing file /home/airflow/.local/lib/python3.12/site-packages/airflow/example_dags/example_local_kubernetes_executor.py for tasks to queue
[2026-05-09T19:27:12.312+0000] {logging_mixin.py:188} INFO - [2026-05-09T19:27:12.311+0000] {dagbag.py:545} INFO - Filling up the DagBag from /home/airflow/.local/lib/python3.12/site-packages/airflow/example_dags/example_local_kubernetes_executor.py
[2026-05-09T19:27:12.318+0000] {processor.py:840} INFO - DAG(s) 'example_local_kubernetes_executor' retrieved from /home/airflow/.local/lib/python3.12/site-packages/airflow/example_dags/example_local_kubernetes_executor.py
[2026-05-09T19:27:12.355+0000] {logging_mixin.py:188} INFO - [2026-05-09T19:27:12.355+0000] {dag.py:3096} INFO - Sync 1 DAGs
[2026-05-09T19:27:12.367+0000] {logging_mixin.py:188} INFO - [2026-05-09T19:27:12.367+0000] {dag.py:3954} INFO - Setting next_dagrun for example_local_kubernetes_executor to None, run_after=None
[2026-05-09T19:27:12.389+0000] {processor.py:183} INFO - Processing /home/airflow/.local/lib/python3.12/site-packages/airflow/example_dags/example_local_kubernetes_executor.py took 0.086 seconds
[2026-05-09T19:27:43.310+0000] {processor.py:161} INFO - Started process (PID=4217) to work on /home/airflow/.local/lib/python3.12/site-packages/airflow/example_dags/example_local_kubernetes_executor.py
[2026-05-09T19:27:43.310+0000] {processor.py:830} INFO - Processing file /home/airflow/.local/lib/python3.12/site-packages/airflow/example_dags/example_local_kubernetes_executor.py for tasks to queue
[2026-05-09T19:27:43.312+0000] {logging_mixin.py:188} INFO - [2026-05-09T19:27:43.312+0000] {dagbag.py:545} INFO - Filling up the DagBag from /home/airflow/.local/lib/python3.12/site-packages/airflow/example_dags/example_local_kubernetes_executor.py
[2026-05-09T19:27:43.319+0000] {processor.py:840} INFO - DAG(s) 'example_local_kubernetes_executor' retrieved from /home/airflow/.local/lib/python3.12/site-packages/airflow/example_dags/example_local_kubernetes_executor.py
[2026-05-09T19:27:43.355+0000] {logging_mixin.py:188} INFO - [2026-05-09T19:27:43.355+0000] {dag.py:3096} INFO - Sync 1 DAGs
[2026-05-09T19:27:43.369+0000] {logging_mixin.py:188} INFO - [2026-05-09T19:27:43.369+0000] {dag.py:3954} INFO - Setting next_dagrun for example_local_kubernetes_executor to None, run_after=None
[2026-05-09T19:27:43.391+0000] {processor.py:183} INFO - Processing /home/airflow/.local/lib/python3.12/site-packages/airflow/example_dags/example_local_kubernetes_executor.py took 0.087 seconds
[2026-05-09T19:28:13.543+0000] {processor.py:161} INFO - Started process (PID=4276) to work on /home/airflow/.local/lib/python3.12/site-packages/airflow/example_dags/example_local_kubernetes_executor.py
[2026-05-09T19:28:13.544+0000] {processor.py:830} INFO - Processing file /home/airflow/.local/lib/python3.12/site-packages/airflow/example_dags/example_local_kubernetes_executor.py for tasks to queue
[2026-05-09T19:28:13.546+0000] {logging_mixin.py:188} INFO - [2026-05-09T19:28:13.546+0000] {dagbag.py:545} INFO - Filling up the DagBag from /home/airflow/.local/lib/python3.12/site-packages/airflow/example_dags/example_local_kubernetes_executor.py
[2026-05-09T19:28:13.553+0000] {processor.py:840} INFO - DAG(s) 'example_local_kubernetes_executor' retrieved from /home/airflow/.local/lib/python3.12/site-packages/airflow/example_dags/example_local_kubernetes_executor.py
[2026-05-09T19:28:13.587+0000] {logging_mixin.py:188} INFO - [2026-05-09T19:28:13.587+0000] {dag.py:3096} INFO - Sync 1 DAGs
[2026-05-09T19:28:13.601+0000] {logging_mixin.py:188} INFO - [2026-05-09T19:28:13.601+0000] {dag.py:3954} INFO - Setting next_dagrun for example_local_kubernetes_executor to None, run_after=None
[2026-05-09T19:28:13.623+0000] {processor.py:183} INFO - Processing /home/airflow/.local/lib/python3.12/site-packages/airflow/example_dags/example_local_kubernetes_executor.py took 0.086 seconds
[2026-05-09T19:28:44.034+0000] {processor.py:161} INFO - Started process (PID=4335) to work on /home/airflow/.local/lib/python3.12/site-packages/airflow/example_dags/example_local_kubernetes_executor.py
[2026-05-09T19:28:44.035+0000] {processor.py:830} INFO - Processing file /home/airflow/.local/lib/python3.12/site-packages/airflow/example_dags/example_local_kubernetes_executor.py for tasks to queue
[2026-05-09T19:28:44.037+0000] {logging_mixin.py:188} INFO - [2026-05-09T19:28:44.037+0000] {dagbag.py:545} INFO - Filling up the DagBag from /home/airflow/.local/lib/python3.12/site-packages/airflow/example_dags/example_local_kubernetes_executor.py
[2026-05-09T19:28:44.045+0000] {processor.py:840} INFO - DAG(s) 'example_local_kubernetes_executor' retrieved from /home/airflow/.local/lib/python3.12/site-packages/airflow/example_dags/example_local_kubernetes_executor.py
[2026-05-09T19:28:44.078+0000] {logging_mixin.py:188} INFO - [2026-05-09T19:28:44.078+0000] {dag.py:3096} INFO - Sync 1 DAGs
[2026-05-09T19:28:44.090+0000] {logging_mixin.py:188} INFO - [2026-05-09T19:28:44.090+0000] {dag.py:3954} INFO - Setting next_dagrun for example_local_kubernetes_executor to None, run_after=None
[2026-05-09T19:28:44.115+0000] {processor.py:183} INFO - Processing /home/airflow/.local/lib/python3.12/site-packages/airflow/example_dags/example_local_kubernetes_executor.py took 0.086 seconds
[2026-05-09T19:29:14.892+0000] {processor.py:161} INFO - Started process (PID=4394) to work on /home/airflow/.local/lib/python3.12/site-packages/airflow/example_dags/example_local_kubernetes_executor.py
[2026-05-09T19:29:14.894+0000] {processor.py:830} INFO - Processing file /home/airflow/.local/lib/python3.12/site-packages/airflow/example_dags/example_local_kubernetes_executor.py for tasks to queue
[2026-05-09T19:29:14.895+0000] {logging_mixin.py:188} INFO - [2026-05-09T19:29:14.895+0000] {dagbag.py:545} INFO - Filling up the DagBag from /home/airflow/.local/lib/python3.12/site-packages/airflow/example_dags/example_local_kubernetes_executor.py
[2026-05-09T19:29:14.902+0000] {processor.py:840} INFO - DAG(s) 'example_local_kubernetes_executor' retrieved from /home/airflow/.local/lib/python3.12/site-packages/airflow/example_dags/example_local_kubernetes_executor.py
[2026-05-09T19:29:14.940+0000] {logging_mixin.py:188} INFO - [2026-05-09T19:29:14.940+0000] {dag.py:3096} INFO - Sync 1 DAGs
[2026-05-09T19:29:14.952+0000] {logging_mixin.py:188} INFO - [2026-05-09T19:29:14.952+0000] {dag.py:3954} INFO - Setting next_dagrun for example_local_kubernetes_executor to None, run_after=None
[2026-05-09T19:29:14.976+0000] {processor.py:183} INFO - Processing /home/airflow/.local/lib/python3.12/site-packages/airflow/example_dags/example_local_kubernetes_executor.py took 0.088 seconds
[2026-05-09T19:29:45.656+0000] {processor.py:161} INFO - Started process (PID=4453) to work on /home/airflow/.local/lib/python3.12/site-packages/airflow/example_dags/example_local_kubernetes_executor.py
[2026-05-09T19:29:45.657+0000] {processor.py:830} INFO - Processing file /home/airflow/.local/lib/python3.12/site-packages/airflow/example_dags/example_local_kubernetes_executor.py for tasks to queue
[2026-05-09T19:29:45.659+0000] {logging_mixin.py:188} INFO - [2026-05-09T19:29:45.659+0000] {dagbag.py:545} INFO - Filling up the DagBag from /home/airflow/.local/lib/python3.12/site-packages/airflow/example_dags/example_local_kubernetes_executor.py
[2026-05-09T19:29:45.666+0000] {processor.py:840} INFO - DAG(s) 'example_local_kubernetes_executor' retrieved from /home/airflow/.local/lib/python3.12/site-packages/airflow/example_dags/example_local_kubernetes_executor.py
[2026-05-09T19:29:45.702+0000] {logging_mixin.py:188} INFO - [2026-05-09T19:29:45.702+0000] {dag.py:3096} INFO - Sync 1 DAGs
[2026-05-09T19:29:45.714+0000] {logging_mixin.py:188} INFO - [2026-05-09T19:29:45.714+0000] {dag.py:3954} INFO - Setting next_dagrun for example_local_kubernetes_executor to None, run_after=None
[2026-05-09T19:29:45.737+0000] {processor.py:183} INFO - Processing /home/airflow/.local/lib/python3.12/site-packages/airflow/example_dags/example_local_kubernetes_executor.py took 0.086 seconds
[2026-05-09T19:30:16.862+0000] {processor.py:161} INFO - Started process (PID=4512) to work on /home/airflow/.local/lib/python3.12/site-packages/airflow/example_dags/example_local_kubernetes_executor.py
[2026-05-09T19:30:16.863+0000] {processor.py:830} INFO - Processing file /home/airflow/.local/lib/python3.12/site-packages/airflow/example_dags/example_local_kubernetes_executor.py for tasks to queue
[2026-05-09T19:30:16.865+0000] {logging_mixin.py:188} INFO - [2026-05-09T19:30:16.865+0000] {dagbag.py:545} INFO - Filling up the DagBag from /home/airflow/.local/lib/python3.12/site-packages/airflow/example_dags/example_local_kubernetes_executor.py
[2026-05-09T19:30:16.872+0000] {processor.py:840} INFO - DAG(s) 'example_local_kubernetes_executor' retrieved from /home/airflow/.local/lib/python3.12/site-packages/airflow/example_dags/example_local_kubernetes_executor.py
[2026-05-09T19:30:16.909+0000] {logging_mixin.py:188} INFO - [2026-05-09T19:30:16.909+0000] {dag.py:3096} INFO - Sync 1 DAGs
[2026-05-09T19:30:16.923+0000] {logging_mixin.py:188} INFO - [2026-05-09T19:30:16.922+0000] {dag.py:3954} INFO - Setting next_dagrun for example_local_kubernetes_executor to None, run_after=None
[2026-05-09T19:30:16.950+0000] {processor.py:183} INFO - Processing /home/airflow/.local/lib/python3.12/site-packages/airflow/example_dags/example_local_kubernetes_executor.py took 0.094 seconds
[2026-05-09T19:30:47.172+0000] {processor.py:161} INFO - Started process (PID=4571) to work on /home/airflow/.local/lib/python3.12/site-packages/airflow/example_dags/example_local_kubernetes_executor.py
[2026-05-09T19:30:47.174+0000] {processor.py:830} INFO - Processing file /home/airflow/.local/lib/python3.12/site-packages/airflow/example_dags/example_local_kubernetes_executor.py for tasks to queue
[2026-05-09T19:30:47.176+0000] {logging_mixin.py:188} INFO - [2026-05-09T19:30:47.176+0000] {dagbag.py:545} INFO - Filling up the DagBag from /home/airflow/.local/lib/python3.12/site-packages/airflow/example_dags/example_local_kubernetes_executor.py
[2026-05-09T19:30:47.183+0000] {processor.py:840} INFO - DAG(s) 'example_local_kubernetes_executor' retrieved from /home/airflow/.local/lib/python3.12/site-packages/airflow/example_dags/example_local_kubernetes_executor.py
[2026-05-09T19:30:47.218+0000] {logging_mixin.py:188} INFO - [2026-05-09T19:30:47.218+0000] {dag.py:3096} INFO - Sync 1 DAGs
[2026-05-09T19:30:47.230+0000] {logging_mixin.py:188} INFO - [2026-05-09T19:30:47.230+0000] {dag.py:3954} INFO - Setting next_dagrun for example_local_kubernetes_executor to None, run_after=None
[2026-05-09T19:30:47.254+0000] {processor.py:183} INFO - Processing /home/airflow/.local/lib/python3.12/site-packages/airflow/example_dags/example_local_kubernetes_executor.py took 0.087 seconds
[2026-05-09T19:31:18.323+0000] {processor.py:161} INFO - Started process (PID=4630) to work on /home/airflow/.local/lib/python3.12/site-packages/airflow/example_dags/example_local_kubernetes_executor.py
[2026-05-09T19:31:18.325+0000] {processor.py:830} INFO - Processing file /home/airflow/.local/lib/python3.12/site-packages/airflow/example_dags/example_local_kubernetes_executor.py for tasks to queue
[2026-05-09T19:31:18.326+0000] {logging_mixin.py:188} INFO - [2026-05-09T19:31:18.326+0000] {dagbag.py:545} INFO - Filling up the DagBag from /home/airflow/.local/lib/python3.12/site-packages/airflow/example_dags/example_local_kubernetes_executor.py
[2026-05-09T19:31:18.333+0000] {processor.py:840} INFO - DAG(s) 'example_local_kubernetes_executor' retrieved from /home/airflow/.local/lib/python3.12/site-packages/airflow/example_dags/example_local_kubernetes_executor.py
[2026-05-09T19:31:18.371+0000] {logging_mixin.py:188} INFO - [2026-05-09T19:31:18.371+0000] {dag.py:3096} INFO - Sync 1 DAGs
[2026-05-09T19:31:18.385+0000] {logging_mixin.py:188} INFO - [2026-05-09T19:31:18.384+0000] {dag.py:3954} INFO - Setting next_dagrun for example_local_kubernetes_executor to None, run_after=None
[2026-05-09T19:31:18.410+0000] {processor.py:183} INFO - Processing /home/airflow/.local/lib/python3.12/site-packages/airflow/example_dags/example_local_kubernetes_executor.py took 0.091 seconds
[2026-05-09T19:31:49.324+0000] {processor.py:161} INFO - Started process (PID=4689) to work on /home/airflow/.local/lib/python3.12/site-packages/airflow/example_dags/example_local_kubernetes_executor.py
[2026-05-09T19:31:49.325+0000] {processor.py:830} INFO - Processing file /home/airflow/.local/lib/python3.12/site-packages/airflow/example_dags/example_local_kubernetes_executor.py for tasks to queue
[2026-05-09T19:31:49.328+0000] {logging_mixin.py:188} INFO - [2026-05-09T19:31:49.327+0000] {dagbag.py:545} INFO - Filling up the DagBag from /home/airflow/.local/lib/python3.12/site-packages/airflow/example_dags/example_local_kubernetes_executor.py
[2026-05-09T19:31:49.336+0000] {processor.py:840} INFO - DAG(s) 'example_local_kubernetes_executor' retrieved from /home/airflow/.local/lib/python3.12/site-packages/airflow/example_dags/example_local_kubernetes_executor.py
[2026-05-09T19:31:49.383+0000] {logging_mixin.py:188} INFO - [2026-05-09T19:31:49.383+0000] {dag.py:3096} INFO - Sync 1 DAGs
[2026-05-09T19:31:49.395+0000] {logging_mixin.py:188} INFO - [2026-05-09T19:31:49.395+0000] {dag.py:3954} INFO - Setting next_dagrun for example_local_kubernetes_executor to None, run_after=None
[2026-05-09T19:31:49.419+0000] {processor.py:183} INFO - Processing /home/airflow/.local/lib/python3.12/site-packages/airflow/example_dags/example_local_kubernetes_executor.py took 0.101 seconds
[2026-05-09T19:32:20.290+0000] {processor.py:161} INFO - Started process (PID=4748) to work on /home/airflow/.local/lib/python3.12/site-packages/airflow/example_dags/example_local_kubernetes_executor.py
[2026-05-09T19:32:20.291+0000] {processor.py:830} INFO - Processing file /home/airflow/.local/lib/python3.12/site-packages/airflow/example_dags/example_local_kubernetes_executor.py for tasks to queue
[2026-05-09T19:32:20.293+0000] {logging_mixin.py:188} INFO - [2026-05-09T19:32:20.293+0000] {dagbag.py:545} INFO - Filling up the DagBag from /home/airflow/.local/lib/python3.12/site-packages/airflow/example_dags/example_local_kubernetes_executor.py
[2026-05-09T19:32:20.301+0000] {processor.py:840} INFO - DAG(s) 'example_local_kubernetes_executor' retrieved from /home/airflow/.local/lib/python3.12/site-packages/airflow/example_dags/example_local_kubernetes_executor.py
[2026-05-09T19:32:20.345+0000] {logging_mixin.py:188} INFO - [2026-05-09T19:32:20.344+0000] {dag.py:3096} INFO - Sync 1 DAGs
[2026-05-09T19:32:20.360+0000] {logging_mixin.py:188} INFO - [2026-05-09T19:32:20.360+0000] {dag.py:3954} INFO - Setting next_dagrun for example_local_kubernetes_executor to None, run_after=None
[2026-05-09T19:32:20.386+0000] {processor.py:183} INFO - Processing /home/airflow/.local/lib/python3.12/site-packages/airflow/example_dags/example_local_kubernetes_executor.py took 0.102 seconds
[2026-05-09T19:32:51.077+0000] {processor.py:161} INFO - Started process (PID=4808) to work on /home/airflow/.local/lib/python3.12/site-packages/airflow/example_dags/example_local_kubernetes_executor.py
[2026-05-09T19:32:51.078+0000] {processor.py:830} INFO - Processing file /home/airflow/.local/lib/python3.12/site-packages/airflow/example_dags/example_local_kubernetes_executor.py for tasks to queue
[2026-05-09T19:32:51.081+0000] {logging_mixin.py:188} INFO - [2026-05-09T19:32:51.080+0000] {dagbag.py:545} INFO - Filling up the DagBag from /home/airflow/.local/lib/python3.12/site-packages/airflow/example_dags/example_local_kubernetes_executor.py
[2026-05-09T19:32:51.088+0000] {processor.py:840} INFO - DAG(s) 'example_local_kubernetes_executor' retrieved from /home/airflow/.local/lib/python3.12/site-packages/airflow/example_dags/example_local_kubernetes_executor.py
[2026-05-09T19:32:51.122+0000] {logging_mixin.py:188} INFO - [2026-05-09T19:32:51.122+0000] {dag.py:3096} INFO - Sync 1 DAGs
[2026-05-09T19:32:51.135+0000] {logging_mixin.py:188} INFO - [2026-05-09T19:32:51.135+0000] {dag.py:3954} INFO - Setting next_dagrun for example_local_kubernetes_executor to None, run_after=None
[2026-05-09T19:32:51.159+0000] {processor.py:183} INFO - Processing /home/airflow/.local/lib/python3.12/site-packages/airflow/example_dags/example_local_kubernetes_executor.py took 0.087 seconds
[2026-05-09T19:33:23.157+0000] {processor.py:161} INFO - Started process (PID=4867) to work on /home/airflow/.local/lib/python3.12/site-packages/airflow/example_dags/example_local_kubernetes_executor.py
[2026-05-09T19:33:23.160+0000] {processor.py:830} INFO - Processing file /home/airflow/.local/lib/python3.12/site-packages/airflow/example_dags/example_local_kubernetes_executor.py for tasks to queue
[2026-05-09T19:33:23.164+0000] {logging_mixin.py:188} INFO - [2026-05-09T19:33:23.163+0000] {dagbag.py:545} INFO - Filling up the DagBag from /home/airflow/.local/lib/python3.12/site-packages/airflow/example_dags/example_local_kubernetes_executor.py
[2026-05-09T19:33:23.176+0000] {processor.py:840} INFO - DAG(s) 'example_local_kubernetes_executor' retrieved from /home/airflow/.local/lib/python3.12/site-packages/airflow/example_dags/example_local_kubernetes_executor.py
[2026-05-09T19:33:23.232+0000] {logging_mixin.py:188} INFO - [2026-05-09T19:33:23.231+0000] {dag.py:3096} INFO - Sync 1 DAGs
[2026-05-09T19:33:23.251+0000] {logging_mixin.py:188} INFO - [2026-05-09T19:33:23.250+0000] {dag.py:3954} INFO - Setting next_dagrun for example_local_kubernetes_executor to None, run_after=None
[2026-05-09T19:33:23.287+0000] {processor.py:183} INFO - Processing /home/airflow/.local/lib/python3.12/site-packages/airflow/example_dags/example_local_kubernetes_executor.py took 0.139 seconds
[2026-05-09T19:33:53.583+0000] {processor.py:161} INFO - Started process (PID=4926) to work on /home/airflow/.local/lib/python3.12/site-packages/airflow/example_dags/example_local_kubernetes_executor.py
[2026-05-09T19:33:53.585+0000] {processor.py:830} INFO - Processing file /home/airflow/.local/lib/python3.12/site-packages/airflow/example_dags/example_local_kubernetes_executor.py for tasks to queue
[2026-05-09T19:33:53.587+0000] {logging_mixin.py:188} INFO - [2026-05-09T19:33:53.586+0000] {dagbag.py:545} INFO - Filling up the DagBag from /home/airflow/.local/lib/python3.12/site-packages/airflow/example_dags/example_local_kubernetes_executor.py
[2026-05-09T19:33:53.596+0000] {processor.py:840} INFO - DAG(s) 'example_local_kubernetes_executor' retrieved from /home/airflow/.local/lib/python3.12/site-packages/airflow/example_dags/example_local_kubernetes_executor.py
[2026-05-09T19:33:53.638+0000] {logging_mixin.py:188} INFO - [2026-05-09T19:33:53.638+0000] {dag.py:3096} INFO - Sync 1 DAGs
[2026-05-09T19:33:53.654+0000] {logging_mixin.py:188} INFO - [2026-05-09T19:33:53.653+0000] {dag.py:3954} INFO - Setting next_dagrun for example_local_kubernetes_executor to None, run_after=None
[2026-05-09T19:33:53.686+0000] {processor.py:183} INFO - Processing /home/airflow/.local/lib/python3.12/site-packages/airflow/example_dags/example_local_kubernetes_executor.py took 0.109 seconds
[2026-05-09T19:34:24.305+0000] {processor.py:161} INFO - Started process (PID=4985) to work on /home/airflow/.local/lib/python3.12/site-packages/airflow/example_dags/example_local_kubernetes_executor.py
[2026-05-09T19:34:24.306+0000] {processor.py:830} INFO - Processing file /home/airflow/.local/lib/python3.12/site-packages/airflow/example_dags/example_local_kubernetes_executor.py for tasks to queue
[2026-05-09T19:34:24.309+0000] {logging_mixin.py:188} INFO - [2026-05-09T19:34:24.308+0000] {dagbag.py:545} INFO - Filling up the DagBag from /home/airflow/.local/lib/python3.12/site-packages/airflow/example_dags/example_local_kubernetes_executor.py
[2026-05-09T19:34:24.316+0000] {processor.py:840} INFO - DAG(s) 'example_local_kubernetes_executor' retrieved from /home/airflow/.local/lib/python3.12/site-packages/airflow/example_dags/example_local_kubernetes_executor.py
[2026-05-09T19:34:24.351+0000] {logging_mixin.py:188} INFO - [2026-05-09T19:34:24.350+0000] {dag.py:3096} INFO - Sync 1 DAGs
[2026-05-09T19:34:24.367+0000] {logging_mixin.py:188} INFO - [2026-05-09T19:34:24.367+0000] {dag.py:3954} INFO - Setting next_dagrun for example_local_kubernetes_executor to None, run_after=None
[2026-05-09T19:34:24.401+0000] {processor.py:183} INFO - Processing /home/airflow/.local/lib/python3.12/site-packages/airflow/example_dags/example_local_kubernetes_executor.py took 0.101 seconds
[2026-05-09T19:34:54.677+0000] {processor.py:161} INFO - Started process (PID=5046) to work on /home/airflow/.local/lib/python3.12/site-packages/airflow/example_dags/example_local_kubernetes_executor.py
[2026-05-09T19:34:54.679+0000] {processor.py:830} INFO - Processing file /home/airflow/.local/lib/python3.12/site-packages/airflow/example_dags/example_local_kubernetes_executor.py for tasks to queue
[2026-05-09T19:34:54.682+0000] {logging_mixin.py:188} INFO - [2026-05-09T19:34:54.681+0000] {dagbag.py:545} INFO - Filling up the DagBag from /home/airflow/.local/lib/python3.12/site-packages/airflow/example_dags/example_local_kubernetes_executor.py
[2026-05-09T19:34:54.691+0000] {processor.py:840} INFO - DAG(s) 'example_local_kubernetes_executor' retrieved from /home/airflow/.local/lib/python3.12/site-packages/airflow/example_dags/example_local_kubernetes_executor.py
[2026-05-09T19:34:54.739+0000] {logging_mixin.py:188} INFO - [2026-05-09T19:34:54.739+0000] {dag.py:3096} INFO - Sync 1 DAGs
[2026-05-09T19:34:54.761+0000] {logging_mixin.py:188} INFO - [2026-05-09T19:34:54.760+0000] {dag.py:3954} INFO - Setting next_dagrun for example_local_kubernetes_executor to None, run_after=None
[2026-05-09T19:34:54.797+0000] {processor.py:183} INFO - Processing /home/airflow/.local/lib/python3.12/site-packages/airflow/example_dags/example_local_kubernetes_executor.py took 0.127 seconds
[2026-05-09T19:35:26.144+0000] {processor.py:161} INFO - Started process (PID=5104) to work on /home/airflow/.local/lib/python3.12/site-packages/airflow/example_dags/example_local_kubernetes_executor.py
[2026-05-09T19:35:26.146+0000] {processor.py:830} INFO - Processing file /home/airflow/.local/lib/python3.12/site-packages/airflow/example_dags/example_local_kubernetes_executor.py for tasks to queue
[2026-05-09T19:35:26.150+0000] {logging_mixin.py:188} INFO - [2026-05-09T19:35:26.149+0000] {dagbag.py:545} INFO - Filling up the DagBag from /home/airflow/.local/lib/python3.12/site-packages/airflow/example_dags/example_local_kubernetes_executor.py
[2026-05-09T19:35:26.161+0000] {processor.py:840} INFO - DAG(s) 'example_local_kubernetes_executor' retrieved from /home/airflow/.local/lib/python3.12/site-packages/airflow/example_dags/example_local_kubernetes_executor.py
[2026-05-09T19:35:26.221+0000] {logging_mixin.py:188} INFO - [2026-05-09T19:35:26.221+0000] {dag.py:3096} INFO - Sync 1 DAGs
[2026-05-09T19:35:26.242+0000] {logging_mixin.py:188} INFO - [2026-05-09T19:35:26.242+0000] {dag.py:3954} INFO - Setting next_dagrun for example_local_kubernetes_executor to None, run_after=None
[2026-05-09T19:35:26.284+0000] {processor.py:183} INFO - Processing /home/airflow/.local/lib/python3.12/site-packages/airflow/example_dags/example_local_kubernetes_executor.py took 0.147 seconds
[2026-05-09T19:35:56.476+0000] {processor.py:161} INFO - Started process (PID=5163) to work on /home/airflow/.local/lib/python3.12/site-packages/airflow/example_dags/example_local_kubernetes_executor.py
[2026-05-09T19:35:56.477+0000] {processor.py:830} INFO - Processing file /home/airflow/.local/lib/python3.12/site-packages/airflow/example_dags/example_local_kubernetes_executor.py for tasks to queue
[2026-05-09T19:35:56.479+0000] {logging_mixin.py:188} INFO - [2026-05-09T19:35:56.479+0000] {dagbag.py:545} INFO - Filling up the DagBag from /home/airflow/.local/lib/python3.12/site-packages/airflow/example_dags/example_local_kubernetes_executor.py
[2026-05-09T19:35:56.487+0000] {processor.py:840} INFO - DAG(s) 'example_local_kubernetes_executor' retrieved from /home/airflow/.local/lib/python3.12/site-packages/airflow/example_dags/example_local_kubernetes_executor.py
[2026-05-09T19:35:56.524+0000] {logging_mixin.py:188} INFO - [2026-05-09T19:35:56.524+0000] {dag.py:3096} INFO - Sync 1 DAGs
[2026-05-09T19:35:56.537+0000] {logging_mixin.py:188} INFO - [2026-05-09T19:35:56.537+0000] {dag.py:3954} INFO - Setting next_dagrun for example_local_kubernetes_executor to None, run_after=None
[2026-05-09T19:35:56.562+0000] {processor.py:183} INFO - Processing /home/airflow/.local/lib/python3.12/site-packages/airflow/example_dags/example_local_kubernetes_executor.py took 0.094 seconds
[2026-05-09T19:36:27.198+0000] {processor.py:161} INFO - Started process (PID=5222) to work on /home/airflow/.local/lib/python3.12/site-packages/airflow/example_dags/example_local_kubernetes_executor.py
[2026-05-09T19:36:27.199+0000] {processor.py:830} INFO - Processing file /home/airflow/.local/lib/python3.12/site-packages/airflow/example_dags/example_local_kubernetes_executor.py for tasks to queue
[2026-05-09T19:36:27.201+0000] {logging_mixin.py:188} INFO - [2026-05-09T19:36:27.201+0000] {dagbag.py:545} INFO - Filling up the DagBag from /home/airflow/.local/lib/python3.12/site-packages/airflow/example_dags/example_local_kubernetes_executor.py
[2026-05-09T19:36:27.209+0000] {processor.py:840} INFO - DAG(s) 'example_local_kubernetes_executor' retrieved from /home/airflow/.local/lib/python3.12/site-packages/airflow/example_dags/example_local_kubernetes_executor.py
[2026-05-09T19:36:27.253+0000] {logging_mixin.py:188} INFO - [2026-05-09T19:36:27.253+0000] {dag.py:3096} INFO - Sync 1 DAGs
[2026-05-09T19:36:27.273+0000] {logging_mixin.py:188} INFO - [2026-05-09T19:36:27.272+0000] {dag.py:3954} INFO - Setting next_dagrun for example_local_kubernetes_executor to None, run_after=None
[2026-05-09T19:36:27.304+0000] {processor.py:183} INFO - Processing /home/airflow/.local/lib/python3.12/site-packages/airflow/example_dags/example_local_kubernetes_executor.py took 0.112 seconds
[2026-05-09T19:36:58.455+0000] {processor.py:161} INFO - Started process (PID=5281) to work on /home/airflow/.local/lib/python3.12/site-packages/airflow/example_dags/example_local_kubernetes_executor.py
[2026-05-09T19:36:58.457+0000] {processor.py:830} INFO - Processing file /home/airflow/.local/lib/python3.12/site-packages/airflow/example_dags/example_local_kubernetes_executor.py for tasks to queue
[2026-05-09T19:36:58.459+0000] {logging_mixin.py:188} INFO - [2026-05-09T19:36:58.459+0000] {dagbag.py:545} INFO - Filling up the DagBag from /home/airflow/.local/lib/python3.12/site-packages/airflow/example_dags/example_local_kubernetes_executor.py
[2026-05-09T19:36:58.469+0000] {processor.py:840} INFO - DAG(s) 'example_local_kubernetes_executor' retrieved from /home/airflow/.local/lib/python3.12/site-packages/airflow/example_dags/example_local_kubernetes_executor.py
[2026-05-09T19:36:58.513+0000] {logging_mixin.py:188} INFO - [2026-05-09T19:36:58.513+0000] {dag.py:3096} INFO - Sync 1 DAGs
[2026-05-09T19:36:58.531+0000] {logging_mixin.py:188} INFO - [2026-05-09T19:36:58.531+0000] {dag.py:3954} INFO - Setting next_dagrun for example_local_kubernetes_executor to None, run_after=None
[2026-05-09T19:36:58.562+0000] {processor.py:183} INFO - Processing /home/airflow/.local/lib/python3.12/site-packages/airflow/example_dags/example_local_kubernetes_executor.py took 0.113 seconds
[2026-05-09T19:37:29.224+0000] {processor.py:161} INFO - Started process (PID=5340) to work on /home/airflow/.local/lib/python3.12/site-packages/airflow/example_dags/example_local_kubernetes_executor.py
[2026-05-09T19:37:29.225+0000] {processor.py:830} INFO - Processing file /home/airflow/.local/lib/python3.12/site-packages/airflow/example_dags/example_local_kubernetes_executor.py for tasks to queue
[2026-05-09T19:37:29.227+0000] {logging_mixin.py:188} INFO - [2026-05-09T19:37:29.227+0000] {dagbag.py:545} INFO - Filling up the DagBag from /home/airflow/.local/lib/python3.12/site-packages/airflow/example_dags/example_local_kubernetes_executor.py
[2026-05-09T19:37:29.234+0000] {processor.py:840} INFO - DAG(s) 'example_local_kubernetes_executor' retrieved from /home/airflow/.local/lib/python3.12/site-packages/airflow/example_dags/example_local_kubernetes_executor.py
[2026-05-09T19:37:29.269+0000] {logging_mixin.py:188} INFO - [2026-05-09T19:37:29.269+0000] {dag.py:3096} INFO - Sync 1 DAGs
[2026-05-09T19:37:29.282+0000] {logging_mixin.py:188} INFO - [2026-05-09T19:37:29.282+0000] {dag.py:3954} INFO - Setting next_dagrun for example_local_kubernetes_executor to None, run_after=None
[2026-05-09T19:37:29.306+0000] {processor.py:183} INFO - Processing /home/airflow/.local/lib/python3.12/site-packages/airflow/example_dags/example_local_kubernetes_executor.py took 0.088 seconds
[2026-05-09T19:38:00.241+0000] {processor.py:161} INFO - Started process (PID=5399) to work on /home/airflow/.local/lib/python3.12/site-packages/airflow/example_dags/example_local_kubernetes_executor.py
[2026-05-09T19:38:00.242+0000] {processor.py:830} INFO - Processing file /home/airflow/.local/lib/python3.12/site-packages/airflow/example_dags/example_local_kubernetes_executor.py for tasks to queue
[2026-05-09T19:38:00.244+0000] {logging_mixin.py:188} INFO - [2026-05-09T19:38:00.244+0000] {dagbag.py:545} INFO - Filling up the DagBag from /home/airflow/.local/lib/python3.12/site-packages/airflow/example_dags/example_local_kubernetes_executor.py
[2026-05-09T19:38:00.250+0000] {processor.py:840} INFO - DAG(s) 'example_local_kubernetes_executor' retrieved from /home/airflow/.local/lib/python3.12/site-packages/airflow/example_dags/example_local_kubernetes_executor.py
[2026-05-09T19:38:00.283+0000] {logging_mixin.py:188} INFO - [2026-05-09T19:38:00.283+0000] {dag.py:3096} INFO - Sync 1 DAGs
[2026-05-09T19:38:00.296+0000] {logging_mixin.py:188} INFO - [2026-05-09T19:38:00.296+0000] {dag.py:3954} INFO - Setting next_dagrun for example_local_kubernetes_executor to None, run_after=None
[2026-05-09T19:38:00.320+0000] {processor.py:183} INFO - Processing /home/airflow/.local/lib/python3.12/site-packages/airflow/example_dags/example_local_kubernetes_executor.py took 0.084 seconds
[2026-05-09T19:38:30.532+0000] {processor.py:161} INFO - Started process (PID=5458) to work on /home/airflow/.local/lib/python3.12/site-packages/airflow/example_dags/example_local_kubernetes_executor.py
[2026-05-09T19:38:30.533+0000] {processor.py:830} INFO - Processing file /home/airflow/.local/lib/python3.12/site-packages/airflow/example_dags/example_local_kubernetes_executor.py for tasks to queue
[2026-05-09T19:38:30.535+0000] {logging_mixin.py:188} INFO - [2026-05-09T19:38:30.535+0000] {dagbag.py:545} INFO - Filling up the DagBag from /home/airflow/.local/lib/python3.12/site-packages/airflow/example_dags/example_local_kubernetes_executor.py
[2026-05-09T19:38:30.542+0000] {processor.py:840} INFO - DAG(s) 'example_local_kubernetes_executor' retrieved from /home/airflow/.local/lib/python3.12/site-packages/airflow/example_dags/example_local_kubernetes_executor.py
[2026-05-09T19:38:30.577+0000] {logging_mixin.py:188} INFO - [2026-05-09T19:38:30.577+0000] {dag.py:3096} INFO - Sync 1 DAGs
[2026-05-09T19:38:30.590+0000] {logging_mixin.py:188} INFO - [2026-05-09T19:38:30.590+0000] {dag.py:3954} INFO - Setting next_dagrun for example_local_kubernetes_executor to None, run_after=None
[2026-05-09T19:38:30.615+0000] {processor.py:183} INFO - Processing /home/airflow/.local/lib/python3.12/site-packages/airflow/example_dags/example_local_kubernetes_executor.py took 0.088 seconds
[2026-05-09T19:39:01.353+0000] {processor.py:161} INFO - Started process (PID=5517) to work on /home/airflow/.local/lib/python3.12/site-packages/airflow/example_dags/example_local_kubernetes_executor.py
[2026-05-09T19:39:01.354+0000] {processor.py:830} INFO - Processing file /home/airflow/.local/lib/python3.12/site-packages/airflow/example_dags/example_local_kubernetes_executor.py for tasks to queue
[2026-05-09T19:39:01.356+0000] {logging_mixin.py:188} INFO - [2026-05-09T19:39:01.356+0000] {dagbag.py:545} INFO - Filling up the DagBag from /home/airflow/.local/lib/python3.12/site-packages/airflow/example_dags/example_local_kubernetes_executor.py
[2026-05-09T19:39:01.362+0000] {processor.py:840} INFO - DAG(s) 'example_local_kubernetes_executor' retrieved from /home/airflow/.local/lib/python3.12/site-packages/airflow/example_dags/example_local_kubernetes_executor.py
[2026-05-09T19:39:01.397+0000] {logging_mixin.py:188} INFO - [2026-05-09T19:39:01.396+0000] {dag.py:3096} INFO - Sync 1 DAGs
[2026-05-09T19:39:01.409+0000] {logging_mixin.py:188} INFO - [2026-05-09T19:39:01.409+0000] {dag.py:3954} INFO - Setting next_dagrun for example_local_kubernetes_executor to None, run_after=None
[2026-05-09T19:39:01.434+0000] {processor.py:183} INFO - Processing /home/airflow/.local/lib/python3.12/site-packages/airflow/example_dags/example_local_kubernetes_executor.py took 0.086 seconds
[2026-05-09T19:39:32.072+0000] {processor.py:161} INFO - Started process (PID=5576) to work on /home/airflow/.local/lib/python3.12/site-packages/airflow/example_dags/example_local_kubernetes_executor.py
[2026-05-09T19:39:32.074+0000] {processor.py:830} INFO - Processing file /home/airflow/.local/lib/python3.12/site-packages/airflow/example_dags/example_local_kubernetes_executor.py for tasks to queue
[2026-05-09T19:39:32.076+0000] {logging_mixin.py:188} INFO - [2026-05-09T19:39:32.075+0000] {dagbag.py:545} INFO - Filling up the DagBag from /home/airflow/.local/lib/python3.12/site-packages/airflow/example_dags/example_local_kubernetes_executor.py
[2026-05-09T19:39:32.083+0000] {processor.py:840} INFO - DAG(s) 'example_local_kubernetes_executor' retrieved from /home/airflow/.local/lib/python3.12/site-packages/airflow/example_dags/example_local_kubernetes_executor.py
[2026-05-09T19:39:32.119+0000] {logging_mixin.py:188} INFO - [2026-05-09T19:39:32.118+0000] {dag.py:3096} INFO - Sync 1 DAGs
[2026-05-09T19:39:32.131+0000] {logging_mixin.py:188} INFO - [2026-05-09T19:39:32.131+0000] {dag.py:3954} INFO - Setting next_dagrun for example_local_kubernetes_executor to None, run_after=None
[2026-05-09T19:39:32.156+0000] {processor.py:183} INFO - Processing /home/airflow/.local/lib/python3.12/site-packages/airflow/example_dags/example_local_kubernetes_executor.py took 0.089 seconds
[2026-05-09T19:40:03.889+0000] {processor.py:161} INFO - Started process (PID=5635) to work on /home/airflow/.local/lib/python3.12/site-packages/airflow/example_dags/example_local_kubernetes_executor.py
[2026-05-09T19:40:03.890+0000] {processor.py:830} INFO - Processing file /home/airflow/.local/lib/python3.12/site-packages/airflow/example_dags/example_local_kubernetes_executor.py for tasks to queue
[2026-05-09T19:40:03.892+0000] {logging_mixin.py:188} INFO - [2026-05-09T19:40:03.892+0000] {dagbag.py:545} INFO - Filling up the DagBag from /home/airflow/.local/lib/python3.12/site-packages/airflow/example_dags/example_local_kubernetes_executor.py
[2026-05-09T19:40:03.899+0000] {processor.py:840} INFO - DAG(s) 'example_local_kubernetes_executor' retrieved from /home/airflow/.local/lib/python3.12/site-packages/airflow/example_dags/example_local_kubernetes_executor.py
[2026-05-09T19:40:03.936+0000] {logging_mixin.py:188} INFO - [2026-05-09T19:40:03.936+0000] {dag.py:3096} INFO - Sync 1 DAGs
[2026-05-09T19:40:03.950+0000] {logging_mixin.py:188} INFO - [2026-05-09T19:40:03.950+0000] {dag.py:3954} INFO - Setting next_dagrun for example_local_kubernetes_executor to None, run_after=None
[2026-05-09T19:40:03.978+0000] {processor.py:183} INFO - Processing /home/airflow/.local/lib/python3.12/site-packages/airflow/example_dags/example_local_kubernetes_executor.py took 0.094 seconds
[2026-05-09T19:40:35.009+0000] {processor.py:161} INFO - Started process (PID=5694) to work on /home/airflow/.local/lib/python3.12/site-packages/airflow/example_dags/example_local_kubernetes_executor.py
[2026-05-09T19:40:35.010+0000] {processor.py:830} INFO - Processing file /home/airflow/.local/lib/python3.12/site-packages/airflow/example_dags/example_local_kubernetes_executor.py for tasks to queue
[2026-05-09T19:40:35.013+0000] {logging_mixin.py:188} INFO - [2026-05-09T19:40:35.012+0000] {dagbag.py:545} INFO - Filling up the DagBag from /home/airflow/.local/lib/python3.12/site-packages/airflow/example_dags/example_local_kubernetes_executor.py
[2026-05-09T19:40:35.020+0000] {processor.py:840} INFO - DAG(s) 'example_local_kubernetes_executor' retrieved from /home/airflow/.local/lib/python3.12/site-packages/airflow/example_dags/example_local_kubernetes_executor.py
[2026-05-09T19:40:35.055+0000] {logging_mixin.py:188} INFO - [2026-05-09T19:40:35.055+0000] {dag.py:3096} INFO - Sync 1 DAGs
[2026-05-09T19:40:35.068+0000] {logging_mixin.py:188} INFO - [2026-05-09T19:40:35.067+0000] {dag.py:3954} INFO - Setting next_dagrun for example_local_kubernetes_executor to None, run_after=None
[2026-05-09T19:40:35.090+0000] {processor.py:183} INFO - Processing /home/airflow/.local/lib/python3.12/site-packages/airflow/example_dags/example_local_kubernetes_executor.py took 0.089 seconds
[2026-05-09T19:41:05.139+0000] {processor.py:161} INFO - Started process (PID=5752) to work on /home/airflow/.local/lib/python3.12/site-packages/airflow/example_dags/example_local_kubernetes_executor.py
[2026-05-09T19:41:05.141+0000] {processor.py:830} INFO - Processing file /home/airflow/.local/lib/python3.12/site-packages/airflow/example_dags/example_local_kubernetes_executor.py for tasks to queue
[2026-05-09T19:41:05.142+0000] {logging_mixin.py:188} INFO - [2026-05-09T19:41:05.142+0000] {dagbag.py:545} INFO - Filling up the DagBag from /home/airflow/.local/lib/python3.12/site-packages/airflow/example_dags/example_local_kubernetes_executor.py
[2026-05-09T19:41:05.150+0000] {processor.py:840} INFO - DAG(s) 'example_local_kubernetes_executor' retrieved from /home/airflow/.local/lib/python3.12/site-packages/airflow/example_dags/example_local_kubernetes_executor.py
[2026-05-09T19:41:05.190+0000] {logging_mixin.py:188} INFO - [2026-05-09T19:41:05.189+0000] {dag.py:3096} INFO - Sync 1 DAGs
[2026-05-09T19:41:05.207+0000] {logging_mixin.py:188} INFO - [2026-05-09T19:41:05.206+0000] {dag.py:3954} INFO - Setting next_dagrun for example_local_kubernetes_executor to None, run_after=None
[2026-05-09T19:41:05.357+0000] {processor.py:183} INFO - Processing /home/airflow/.local/lib/python3.12/site-packages/airflow/example_dags/example_local_kubernetes_executor.py took 0.223 seconds
[2026-05-09T19:41:35.516+0000] {processor.py:161} INFO - Started process (PID=5812) to work on /home/airflow/.local/lib/python3.12/site-packages/airflow/example_dags/example_local_kubernetes_executor.py
[2026-05-09T19:41:35.517+0000] {processor.py:830} INFO - Processing file /home/airflow/.local/lib/python3.12/site-packages/airflow/example_dags/example_local_kubernetes_executor.py for tasks to queue
[2026-05-09T19:41:35.520+0000] {logging_mixin.py:188} INFO - [2026-05-09T19:41:35.519+0000] {dagbag.py:545} INFO - Filling up the DagBag from /home/airflow/.local/lib/python3.12/site-packages/airflow/example_dags/example_local_kubernetes_executor.py
[2026-05-09T19:41:35.526+0000] {processor.py:840} INFO - DAG(s) 'example_local_kubernetes_executor' retrieved from /home/airflow/.local/lib/python3.12/site-packages/airflow/example_dags/example_local_kubernetes_executor.py
[2026-05-09T19:41:35.561+0000] {logging_mixin.py:188} INFO - [2026-05-09T19:41:35.560+0000] {dag.py:3096} INFO - Sync 1 DAGs
[2026-05-09T19:41:35.574+0000] {logging_mixin.py:188} INFO - [2026-05-09T19:41:35.574+0000] {dag.py:3954} INFO - Setting next_dagrun for example_local_kubernetes_executor to None, run_after=None
[2026-05-09T19:41:35.600+0000] {processor.py:183} INFO - Processing /home/airflow/.local/lib/python3.12/site-packages/airflow/example_dags/example_local_kubernetes_executor.py took 0.089 seconds
[2026-05-09T19:42:06.148+0000] {processor.py:161} INFO - Started process (PID=5871) to work on /home/airflow/.local/lib/python3.12/site-packages/airflow/example_dags/example_local_kubernetes_executor.py
[2026-05-09T19:42:06.150+0000] {processor.py:830} INFO - Processing file /home/airflow/.local/lib/python3.12/site-packages/airflow/example_dags/example_local_kubernetes_executor.py for tasks to queue
[2026-05-09T19:42:06.152+0000] {logging_mixin.py:188} INFO - [2026-05-09T19:42:06.152+0000] {dagbag.py:545} INFO - Filling up the DagBag from /home/airflow/.local/lib/python3.12/site-packages/airflow/example_dags/example_local_kubernetes_executor.py
[2026-05-09T19:42:06.160+0000] {processor.py:840} INFO - DAG(s) 'example_local_kubernetes_executor' retrieved from /home/airflow/.local/lib/python3.12/site-packages/airflow/example_dags/example_local_kubernetes_executor.py
[2026-05-09T19:42:06.200+0000] {logging_mixin.py:188} INFO - [2026-05-09T19:42:06.199+0000] {dag.py:3096} INFO - Sync 1 DAGs
[2026-05-09T19:42:06.215+0000] {logging_mixin.py:188} INFO - [2026-05-09T19:42:06.215+0000] {dag.py:3954} INFO - Setting next_dagrun for example_local_kubernetes_executor to None, run_after=None
[2026-05-09T19:42:06.243+0000] {processor.py:183} INFO - Processing /home/airflow/.local/lib/python3.12/site-packages/airflow/example_dags/example_local_kubernetes_executor.py took 0.100 seconds
[2026-05-09T19:42:39.017+0000] {processor.py:161} INFO - Started process (PID=5930) to work on /home/airflow/.local/lib/python3.12/site-packages/airflow/example_dags/example_local_kubernetes_executor.py
[2026-05-09T19:42:39.019+0000] {processor.py:830} INFO - Processing file /home/airflow/.local/lib/python3.12/site-packages/airflow/example_dags/example_local_kubernetes_executor.py for tasks to queue
[2026-05-09T19:42:39.021+0000] {logging_mixin.py:188} INFO - [2026-05-09T19:42:39.020+0000] {dagbag.py:545} INFO - Filling up the DagBag from /home/airflow/.local/lib/python3.12/site-packages/airflow/example_dags/example_local_kubernetes_executor.py
[2026-05-09T19:42:39.029+0000] {processor.py:840} INFO - DAG(s) 'example_local_kubernetes_executor' retrieved from /home/airflow/.local/lib/python3.12/site-packages/airflow/example_dags/example_local_kubernetes_executor.py
[2026-05-09T19:42:39.076+0000] {logging_mixin.py:188} INFO - [2026-05-09T19:42:39.075+0000] {dag.py:3096} INFO - Sync 1 DAGs
[2026-05-09T19:42:39.092+0000] {logging_mixin.py:188} INFO - [2026-05-09T19:42:39.091+0000] {dag.py:3954} INFO - Setting next_dagrun for example_local_kubernetes_executor to None, run_after=None
[2026-05-09T19:42:39.127+0000] {processor.py:183} INFO - Processing /home/airflow/.local/lib/python3.12/site-packages/airflow/example_dags/example_local_kubernetes_executor.py took 0.116 seconds
[2026-05-09T19:43:09.565+0000] {processor.py:161} INFO - Started process (PID=5989) to work on /home/airflow/.local/lib/python3.12/site-packages/airflow/example_dags/example_local_kubernetes_executor.py
[2026-05-09T19:43:09.566+0000] {processor.py:830} INFO - Processing file /home/airflow/.local/lib/python3.12/site-packages/airflow/example_dags/example_local_kubernetes_executor.py for tasks to queue
[2026-05-09T19:43:09.568+0000] {logging_mixin.py:188} INFO - [2026-05-09T19:43:09.568+0000] {dagbag.py:545} INFO - Filling up the DagBag from /home/airflow/.local/lib/python3.12/site-packages/airflow/example_dags/example_local_kubernetes_executor.py
[2026-05-09T19:43:09.577+0000] {processor.py:840} INFO - DAG(s) 'example_local_kubernetes_executor' retrieved from /home/airflow/.local/lib/python3.12/site-packages/airflow/example_dags/example_local_kubernetes_executor.py
[2026-05-09T19:43:09.612+0000] {logging_mixin.py:188} INFO - [2026-05-09T19:43:09.612+0000] {dag.py:3096} INFO - Sync 1 DAGs
[2026-05-09T19:43:09.624+0000] {logging_mixin.py:188} INFO - [2026-05-09T19:43:09.624+0000] {dag.py:3954} INFO - Setting next_dagrun for example_local_kubernetes_executor to None, run_after=None
[2026-05-09T19:43:09.653+0000] {processor.py:183} INFO - Processing /home/airflow/.local/lib/python3.12/site-packages/airflow/example_dags/example_local_kubernetes_executor.py took 0.095 seconds
[2026-05-09T19:43:40.274+0000] {processor.py:161} INFO - Started process (PID=6049) to work on /home/airflow/.local/lib/python3.12/site-packages/airflow/example_dags/example_local_kubernetes_executor.py
[2026-05-09T19:43:40.276+0000] {processor.py:830} INFO - Processing file /home/airflow/.local/lib/python3.12/site-packages/airflow/example_dags/example_local_kubernetes_executor.py for tasks to queue
[2026-05-09T19:43:40.278+0000] {logging_mixin.py:188} INFO - [2026-05-09T19:43:40.277+0000] {dagbag.py:545} INFO - Filling up the DagBag from /home/airflow/.local/lib/python3.12/site-packages/airflow/example_dags/example_local_kubernetes_executor.py
[2026-05-09T19:43:40.285+0000] {processor.py:840} INFO - DAG(s) 'example_local_kubernetes_executor' retrieved from /home/airflow/.local/lib/python3.12/site-packages/airflow/example_dags/example_local_kubernetes_executor.py
[2026-05-09T19:43:40.323+0000] {logging_mixin.py:188} INFO - [2026-05-09T19:43:40.322+0000] {dag.py:3096} INFO - Sync 1 DAGs
[2026-05-09T19:43:40.336+0000] {logging_mixin.py:188} INFO - [2026-05-09T19:43:40.335+0000] {dag.py:3954} INFO - Setting next_dagrun for example_local_kubernetes_executor to None, run_after=None
[2026-05-09T19:43:40.360+0000] {processor.py:183} INFO - Processing /home/airflow/.local/lib/python3.12/site-packages/airflow/example_dags/example_local_kubernetes_executor.py took 0.092 seconds
[2026-05-09T19:44:10.661+0000] {processor.py:161} INFO - Started process (PID=6108) to work on /home/airflow/.local/lib/python3.12/site-packages/airflow/example_dags/example_local_kubernetes_executor.py
[2026-05-09T19:44:10.662+0000] {processor.py:830} INFO - Processing file /home/airflow/.local/lib/python3.12/site-packages/airflow/example_dags/example_local_kubernetes_executor.py for tasks to queue
[2026-05-09T19:44:10.665+0000] {logging_mixin.py:188} INFO - [2026-05-09T19:44:10.664+0000] {dagbag.py:545} INFO - Filling up the DagBag from /home/airflow/.local/lib/python3.12/site-packages/airflow/example_dags/example_local_kubernetes_executor.py
[2026-05-09T19:44:10.671+0000] {processor.py:840} INFO - DAG(s) 'example_local_kubernetes_executor' retrieved from /home/airflow/.local/lib/python3.12/site-packages/airflow/example_dags/example_local_kubernetes_executor.py
[2026-05-09T19:44:10.706+0000] {logging_mixin.py:188} INFO - [2026-05-09T19:44:10.706+0000] {dag.py:3096} INFO - Sync 1 DAGs
[2026-05-09T19:44:10.720+0000] {logging_mixin.py:188} INFO - [2026-05-09T19:44:10.719+0000] {dag.py:3954} INFO - Setting next_dagrun for example_local_kubernetes_executor to None, run_after=None
[2026-05-09T19:44:10.743+0000] {processor.py:183} INFO - Processing /home/airflow/.local/lib/python3.12/site-packages/airflow/example_dags/example_local_kubernetes_executor.py took 0.087 seconds
[2026-05-09T19:44:41.842+0000] {processor.py:161} INFO - Started process (PID=6167) to work on /home/airflow/.local/lib/python3.12/site-packages/airflow/example_dags/example_local_kubernetes_executor.py
[2026-05-09T19:44:41.844+0000] {processor.py:830} INFO - Processing file /home/airflow/.local/lib/python3.12/site-packages/airflow/example_dags/example_local_kubernetes_executor.py for tasks to queue
[2026-05-09T19:44:41.845+0000] {logging_mixin.py:188} INFO - [2026-05-09T19:44:41.845+0000] {dagbag.py:545} INFO - Filling up the DagBag from /home/airflow/.local/lib/python3.12/site-packages/airflow/example_dags/example_local_kubernetes_executor.py
[2026-05-09T19:44:41.852+0000] {processor.py:840} INFO - DAG(s) 'example_local_kubernetes_executor' retrieved from /home/airflow/.local/lib/python3.12/site-packages/airflow/example_dags/example_local_kubernetes_executor.py
[2026-05-09T19:44:41.886+0000] {logging_mixin.py:188} INFO - [2026-05-09T19:44:41.885+0000] {dag.py:3096} INFO - Sync 1 DAGs
[2026-05-09T19:44:41.898+0000] {logging_mixin.py:188} INFO - [2026-05-09T19:44:41.898+0000] {dag.py:3954} INFO - Setting next_dagrun for example_local_kubernetes_executor to None, run_after=None
[2026-05-09T19:44:41.920+0000] {processor.py:183} INFO - Processing /home/airflow/.local/lib/python3.12/site-packages/airflow/example_dags/example_local_kubernetes_executor.py took 0.084 seconds
[2026-05-09T19:45:12.877+0000] {processor.py:161} INFO - Started process (PID=6227) to work on /home/airflow/.local/lib/python3.12/site-packages/airflow/example_dags/example_local_kubernetes_executor.py
[2026-05-09T19:45:12.878+0000] {processor.py:830} INFO - Processing file /home/airflow/.local/lib/python3.12/site-packages/airflow/example_dags/example_local_kubernetes_executor.py for tasks to queue
[2026-05-09T19:45:12.881+0000] {logging_mixin.py:188} INFO - [2026-05-09T19:45:12.881+0000] {dagbag.py:545} INFO - Filling up the DagBag from /home/airflow/.local/lib/python3.12/site-packages/airflow/example_dags/example_local_kubernetes_executor.py
[2026-05-09T19:45:12.889+0000] {processor.py:840} INFO - DAG(s) 'example_local_kubernetes_executor' retrieved from /home/airflow/.local/lib/python3.12/site-packages/airflow/example_dags/example_local_kubernetes_executor.py
[2026-05-09T19:45:12.932+0000] {logging_mixin.py:188} INFO - [2026-05-09T19:45:12.932+0000] {dag.py:3096} INFO - Sync 1 DAGs
[2026-05-09T19:45:12.949+0000] {logging_mixin.py:188} INFO - [2026-05-09T19:45:12.948+0000] {dag.py:3954} INFO - Setting next_dagrun for example_local_kubernetes_executor to None, run_after=None
[2026-05-09T19:45:12.981+0000] {processor.py:183} INFO - Processing /home/airflow/.local/lib/python3.12/site-packages/airflow/example_dags/example_local_kubernetes_executor.py took 0.112 seconds
[2026-05-09T19:45:43.621+0000] {processor.py:161} INFO - Started process (PID=6286) to work on /home/airflow/.local/lib/python3.12/site-packages/airflow/example_dags/example_local_kubernetes_executor.py
[2026-05-09T19:45:43.623+0000] {processor.py:830} INFO - Processing file /home/airflow/.local/lib/python3.12/site-packages/airflow/example_dags/example_local_kubernetes_executor.py for tasks to queue
[2026-05-09T19:45:43.625+0000] {logging_mixin.py:188} INFO - [2026-05-09T19:45:43.625+0000] {dagbag.py:545} INFO - Filling up the DagBag from /home/airflow/.local/lib/python3.12/site-packages/airflow/example_dags/example_local_kubernetes_executor.py
[2026-05-09T19:45:43.634+0000] {processor.py:840} INFO - DAG(s) 'example_local_kubernetes_executor' retrieved from /home/airflow/.local/lib/python3.12/site-packages/airflow/example_dags/example_local_kubernetes_executor.py
[2026-05-09T19:45:43.671+0000] {logging_mixin.py:188} INFO - [2026-05-09T19:45:43.671+0000] {dag.py:3096} INFO - Sync 1 DAGs
[2026-05-09T19:45:43.683+0000] {logging_mixin.py:188} INFO - [2026-05-09T19:45:43.683+0000] {dag.py:3954} INFO - Setting next_dagrun for example_local_kubernetes_executor to None, run_after=None
[2026-05-09T19:45:43.707+0000] {processor.py:183} INFO - Processing /home/airflow/.local/lib/python3.12/site-packages/airflow/example_dags/example_local_kubernetes_executor.py took 0.092 seconds
[2026-05-09T19:46:14.261+0000] {processor.py:161} INFO - Started process (PID=6345) to work on /home/airflow/.local/lib/python3.12/site-packages/airflow/example_dags/example_local_kubernetes_executor.py
[2026-05-09T19:46:14.262+0000] {processor.py:830} INFO - Processing file /home/airflow/.local/lib/python3.12/site-packages/airflow/example_dags/example_local_kubernetes_executor.py for tasks to queue
[2026-05-09T19:46:14.264+0000] {logging_mixin.py:188} INFO - [2026-05-09T19:46:14.264+0000] {dagbag.py:545} INFO - Filling up the DagBag from /home/airflow/.local/lib/python3.12/site-packages/airflow/example_dags/example_local_kubernetes_executor.py
[2026-05-09T19:46:14.272+0000] {processor.py:840} INFO - DAG(s) 'example_local_kubernetes_executor' retrieved from /home/airflow/.local/lib/python3.12/site-packages/airflow/example_dags/example_local_kubernetes_executor.py
[2026-05-09T19:46:14.310+0000] {logging_mixin.py:188} INFO - [2026-05-09T19:46:14.310+0000] {dag.py:3096} INFO - Sync 1 DAGs
[2026-05-09T19:46:14.325+0000] {logging_mixin.py:188} INFO - [2026-05-09T19:46:14.324+0000] {dag.py:3954} INFO - Setting next_dagrun for example_local_kubernetes_executor to None, run_after=None
[2026-05-09T19:46:14.352+0000] {processor.py:183} INFO - Processing /home/airflow/.local/lib/python3.12/site-packages/airflow/example_dags/example_local_kubernetes_executor.py took 0.096 seconds
[2026-05-09T19:46:44.679+0000] {processor.py:161} INFO - Started process (PID=6404) to work on /home/airflow/.local/lib/python3.12/site-packages/airflow/example_dags/example_local_kubernetes_executor.py
[2026-05-09T19:46:44.680+0000] {processor.py:830} INFO - Processing file /home/airflow/.local/lib/python3.12/site-packages/airflow/example_dags/example_local_kubernetes_executor.py for tasks to queue
[2026-05-09T19:46:44.682+0000] {logging_mixin.py:188} INFO - [2026-05-09T19:46:44.681+0000] {dagbag.py:545} INFO - Filling up the DagBag from /home/airflow/.local/lib/python3.12/site-packages/airflow/example_dags/example_local_kubernetes_executor.py
[2026-05-09T19:46:44.689+0000] {processor.py:840} INFO - DAG(s) 'example_local_kubernetes_executor' retrieved from /home/airflow/.local/lib/python3.12/site-packages/airflow/example_dags/example_local_kubernetes_executor.py
[2026-05-09T19:46:44.726+0000] {logging_mixin.py:188} INFO - [2026-05-09T19:46:44.725+0000] {dag.py:3096} INFO - Sync 1 DAGs
[2026-05-09T19:46:44.740+0000] {logging_mixin.py:188} INFO - [2026-05-09T19:46:44.740+0000] {dag.py:3954} INFO - Setting next_dagrun for example_local_kubernetes_executor to None, run_after=None
[2026-05-09T19:46:44.766+0000] {processor.py:183} INFO - Processing /home/airflow/.local/lib/python3.12/site-packages/airflow/example_dags/example_local_kubernetes_executor.py took 0.093 seconds
[2026-05-09T19:47:15.310+0000] {processor.py:161} INFO - Started process (PID=6463) to work on /home/airflow/.local/lib/python3.12/site-packages/airflow/example_dags/example_local_kubernetes_executor.py
[2026-05-09T19:47:15.312+0000] {processor.py:830} INFO - Processing file /home/airflow/.local/lib/python3.12/site-packages/airflow/example_dags/example_local_kubernetes_executor.py for tasks to queue
[2026-05-09T19:47:15.314+0000] {logging_mixin.py:188} INFO - [2026-05-09T19:47:15.314+0000] {dagbag.py:545} INFO - Filling up the DagBag from /home/airflow/.local/lib/python3.12/site-packages/airflow/example_dags/example_local_kubernetes_executor.py
[2026-05-09T19:47:15.321+0000] {processor.py:840} INFO - DAG(s) 'example_local_kubernetes_executor' retrieved from /home/airflow/.local/lib/python3.12/site-packages/airflow/example_dags/example_local_kubernetes_executor.py
[2026-05-09T19:47:15.355+0000] {logging_mixin.py:188} INFO - [2026-05-09T19:47:15.355+0000] {dag.py:3096} INFO - Sync 1 DAGs
[2026-05-09T19:47:15.369+0000] {logging_mixin.py:188} INFO - [2026-05-09T19:47:15.369+0000] {dag.py:3954} INFO - Setting next_dagrun for example_local_kubernetes_executor to None, run_after=None
[2026-05-09T19:47:15.392+0000] {processor.py:183} INFO - Processing /home/airflow/.local/lib/python3.12/site-packages/airflow/example_dags/example_local_kubernetes_executor.py took 0.087 seconds
[2026-05-09T19:47:45.759+0000] {processor.py:161} INFO - Started process (PID=6522) to work on /home/airflow/.local/lib/python3.12/site-packages/airflow/example_dags/example_local_kubernetes_executor.py
[2026-05-09T19:47:45.761+0000] {processor.py:830} INFO - Processing file /home/airflow/.local/lib/python3.12/site-packages/airflow/example_dags/example_local_kubernetes_executor.py for tasks to queue
[2026-05-09T19:47:45.763+0000] {logging_mixin.py:188} INFO - [2026-05-09T19:47:45.763+0000] {dagbag.py:545} INFO - Filling up the DagBag from /home/airflow/.local/lib/python3.12/site-packages/airflow/example_dags/example_local_kubernetes_executor.py
[2026-05-09T19:47:45.770+0000] {processor.py:840} INFO - DAG(s) 'example_local_kubernetes_executor' retrieved from /home/airflow/.local/lib/python3.12/site-packages/airflow/example_dags/example_local_kubernetes_executor.py
[2026-05-09T19:47:45.813+0000] {logging_mixin.py:188} INFO - [2026-05-09T19:47:45.812+0000] {dag.py:3096} INFO - Sync 1 DAGs
[2026-05-09T19:47:45.827+0000] {logging_mixin.py:188} INFO - [2026-05-09T19:47:45.827+0000] {dag.py:3954} INFO - Setting next_dagrun for example_local_kubernetes_executor to None, run_after=None
[2026-05-09T19:47:45.859+0000] {processor.py:183} INFO - Processing /home/airflow/.local/lib/python3.12/site-packages/airflow/example_dags/example_local_kubernetes_executor.py took 0.105 seconds
[2026-05-09T19:48:16.173+0000] {processor.py:161} INFO - Started process (PID=6581) to work on /home/airflow/.local/lib/python3.12/site-packages/airflow/example_dags/example_local_kubernetes_executor.py
[2026-05-09T19:48:16.175+0000] {processor.py:830} INFO - Processing file /home/airflow/.local/lib/python3.12/site-packages/airflow/example_dags/example_local_kubernetes_executor.py for tasks to queue
[2026-05-09T19:48:16.177+0000] {logging_mixin.py:188} INFO - [2026-05-09T19:48:16.176+0000] {dagbag.py:545} INFO - Filling up the DagBag from /home/airflow/.local/lib/python3.12/site-packages/airflow/example_dags/example_local_kubernetes_executor.py
[2026-05-09T19:48:16.184+0000] {processor.py:840} INFO - DAG(s) 'example_local_kubernetes_executor' retrieved from /home/airflow/.local/lib/python3.12/site-packages/airflow/example_dags/example_local_kubernetes_executor.py
[2026-05-09T19:48:16.224+0000] {logging_mixin.py:188} INFO - [2026-05-09T19:48:16.224+0000] {dag.py:3096} INFO - Sync 1 DAGs
[2026-05-09T19:48:16.238+0000] {logging_mixin.py:188} INFO - [2026-05-09T19:48:16.237+0000] {dag.py:3954} INFO - Setting next_dagrun for example_local_kubernetes_executor to None, run_after=None
[2026-05-09T19:48:16.262+0000] {processor.py:183} INFO - Processing /home/airflow/.local/lib/python3.12/site-packages/airflow/example_dags/example_local_kubernetes_executor.py took 0.094 seconds
[2026-05-09T19:48:46.978+0000] {processor.py:161} INFO - Started process (PID=6640) to work on /home/airflow/.local/lib/python3.12/site-packages/airflow/example_dags/example_local_kubernetes_executor.py
[2026-05-09T19:48:46.980+0000] {processor.py:830} INFO - Processing file /home/airflow/.local/lib/python3.12/site-packages/airflow/example_dags/example_local_kubernetes_executor.py for tasks to queue
[2026-05-09T19:48:46.982+0000] {logging_mixin.py:188} INFO - [2026-05-09T19:48:46.981+0000] {dagbag.py:545} INFO - Filling up the DagBag from /home/airflow/.local/lib/python3.12/site-packages/airflow/example_dags/example_local_kubernetes_executor.py
[2026-05-09T19:48:46.988+0000] {processor.py:840} INFO - DAG(s) 'example_local_kubernetes_executor' retrieved from /home/airflow/.local/lib/python3.12/site-packages/airflow/example_dags/example_local_kubernetes_executor.py
[2026-05-09T19:48:47.025+0000] {logging_mixin.py:188} INFO - [2026-05-09T19:48:47.025+0000] {dag.py:3096} INFO - Sync 1 DAGs
[2026-05-09T19:48:47.038+0000] {logging_mixin.py:188} INFO - [2026-05-09T19:48:47.038+0000] {dag.py:3954} INFO - Setting next_dagrun for example_local_kubernetes_executor to None, run_after=None
[2026-05-09T19:48:47.063+0000] {processor.py:183} INFO - Processing /home/airflow/.local/lib/python3.12/site-packages/airflow/example_dags/example_local_kubernetes_executor.py took 0.090 seconds
[2026-05-09T19:49:18.920+0000] {processor.py:161} INFO - Started process (PID=6700) to work on /home/airflow/.local/lib/python3.12/site-packages/airflow/example_dags/example_local_kubernetes_executor.py
[2026-05-09T19:49:18.921+0000] {processor.py:830} INFO - Processing file /home/airflow/.local/lib/python3.12/site-packages/airflow/example_dags/example_local_kubernetes_executor.py for tasks to queue
[2026-05-09T19:49:18.923+0000] {logging_mixin.py:188} INFO - [2026-05-09T19:49:18.923+0000] {dagbag.py:545} INFO - Filling up the DagBag from /home/airflow/.local/lib/python3.12/site-packages/airflow/example_dags/example_local_kubernetes_executor.py
[2026-05-09T19:49:18.931+0000] {processor.py:840} INFO - DAG(s) 'example_local_kubernetes_executor' retrieved from /home/airflow/.local/lib/python3.12/site-packages/airflow/example_dags/example_local_kubernetes_executor.py
[2026-05-09T19:49:18.973+0000] {logging_mixin.py:188} INFO - [2026-05-09T19:49:18.973+0000] {dag.py:3096} INFO - Sync 1 DAGs
[2026-05-09T19:49:18.987+0000] {logging_mixin.py:188} INFO - [2026-05-09T19:49:18.986+0000] {dag.py:3954} INFO - Setting next_dagrun for example_local_kubernetes_executor to None, run_after=None
[2026-05-09T19:49:19.014+0000] {processor.py:183} INFO - Processing /home/airflow/.local/lib/python3.12/site-packages/airflow/example_dags/example_local_kubernetes_executor.py took 0.100 seconds
[2026-05-09T19:49:49.167+0000] {processor.py:161} INFO - Started process (PID=6759) to work on /home/airflow/.local/lib/python3.12/site-packages/airflow/example_dags/example_local_kubernetes_executor.py
[2026-05-09T19:49:49.168+0000] {processor.py:830} INFO - Processing file /home/airflow/.local/lib/python3.12/site-packages/airflow/example_dags/example_local_kubernetes_executor.py for tasks to queue
[2026-05-09T19:49:49.170+0000] {logging_mixin.py:188} INFO - [2026-05-09T19:49:49.169+0000] {dagbag.py:545} INFO - Filling up the DagBag from /home/airflow/.local/lib/python3.12/site-packages/airflow/example_dags/example_local_kubernetes_executor.py
[2026-05-09T19:49:49.177+0000] {processor.py:840} INFO - DAG(s) 'example_local_kubernetes_executor' retrieved from /home/airflow/.local/lib/python3.12/site-packages/airflow/example_dags/example_local_kubernetes_executor.py
[2026-05-09T19:49:49.212+0000] {logging_mixin.py:188} INFO - [2026-05-09T19:49:49.212+0000] {dag.py:3096} INFO - Sync 1 DAGs
[2026-05-09T19:49:49.224+0000] {logging_mixin.py:188} INFO - [2026-05-09T19:49:49.224+0000] {dag.py:3954} INFO - Setting next_dagrun for example_local_kubernetes_executor to None, run_after=None
[2026-05-09T19:49:49.250+0000] {processor.py:183} INFO - Processing /home/airflow/.local/lib/python3.12/site-packages/airflow/example_dags/example_local_kubernetes_executor.py took 0.090 seconds
[2026-05-09T19:50:19.661+0000] {processor.py:161} INFO - Started process (PID=6819) to work on /home/airflow/.local/lib/python3.12/site-packages/airflow/example_dags/example_local_kubernetes_executor.py
[2026-05-09T19:50:19.662+0000] {processor.py:830} INFO - Processing file /home/airflow/.local/lib/python3.12/site-packages/airflow/example_dags/example_local_kubernetes_executor.py for tasks to queue
[2026-05-09T19:50:19.664+0000] {logging_mixin.py:188} INFO - [2026-05-09T19:50:19.664+0000] {dagbag.py:545} INFO - Filling up the DagBag from /home/airflow/.local/lib/python3.12/site-packages/airflow/example_dags/example_local_kubernetes_executor.py
[2026-05-09T19:50:19.672+0000] {processor.py:840} INFO - DAG(s) 'example_local_kubernetes_executor' retrieved from /home/airflow/.local/lib/python3.12/site-packages/airflow/example_dags/example_local_kubernetes_executor.py
[2026-05-09T19:50:19.708+0000] {logging_mixin.py:188} INFO - [2026-05-09T19:50:19.708+0000] {dag.py:3096} INFO - Sync 1 DAGs
[2026-05-09T19:50:19.721+0000] {logging_mixin.py:188} INFO - [2026-05-09T19:50:19.721+0000] {dag.py:3954} INFO - Setting next_dagrun for example_local_kubernetes_executor to None, run_after=None
[2026-05-09T19:50:19.743+0000] {processor.py:183} INFO - Processing /home/airflow/.local/lib/python3.12/site-packages/airflow/example_dags/example_local_kubernetes_executor.py took 0.088 seconds
[2026-05-09T19:50:51.173+0000] {processor.py:161} INFO - Started process (PID=6878) to work on /home/airflow/.local/lib/python3.12/site-packages/airflow/example_dags/example_local_kubernetes_executor.py
[2026-05-09T19:50:51.174+0000] {processor.py:830} INFO - Processing file /home/airflow/.local/lib/python3.12/site-packages/airflow/example_dags/example_local_kubernetes_executor.py for tasks to queue
[2026-05-09T19:50:51.176+0000] {logging_mixin.py:188} INFO - [2026-05-09T19:50:51.176+0000] {dagbag.py:545} INFO - Filling up the DagBag from /home/airflow/.local/lib/python3.12/site-packages/airflow/example_dags/example_local_kubernetes_executor.py
[2026-05-09T19:50:51.184+0000] {processor.py:840} INFO - DAG(s) 'example_local_kubernetes_executor' retrieved from /home/airflow/.local/lib/python3.12/site-packages/airflow/example_dags/example_local_kubernetes_executor.py
[2026-05-09T19:50:51.222+0000] {logging_mixin.py:188} INFO - [2026-05-09T19:50:51.221+0000] {dag.py:3096} INFO - Sync 1 DAGs
[2026-05-09T19:50:51.238+0000] {logging_mixin.py:188} INFO - [2026-05-09T19:50:51.237+0000] {dag.py:3954} INFO - Setting next_dagrun for example_local_kubernetes_executor to None, run_after=None
[2026-05-09T19:50:51.266+0000] {processor.py:183} INFO - Processing /home/airflow/.local/lib/python3.12/site-packages/airflow/example_dags/example_local_kubernetes_executor.py took 0.100 seconds
[2026-05-09T19:51:22.363+0000] {processor.py:161} INFO - Started process (PID=6937) to work on /home/airflow/.local/lib/python3.12/site-packages/airflow/example_dags/example_local_kubernetes_executor.py
[2026-05-09T19:51:22.364+0000] {processor.py:830} INFO - Processing file /home/airflow/.local/lib/python3.12/site-packages/airflow/example_dags/example_local_kubernetes_executor.py for tasks to queue
[2026-05-09T19:51:22.366+0000] {logging_mixin.py:188} INFO - [2026-05-09T19:51:22.366+0000] {dagbag.py:545} INFO - Filling up the DagBag from /home/airflow/.local/lib/python3.12/site-packages/airflow/example_dags/example_local_kubernetes_executor.py
[2026-05-09T19:51:22.375+0000] {processor.py:840} INFO - DAG(s) 'example_local_kubernetes_executor' retrieved from /home/airflow/.local/lib/python3.12/site-packages/airflow/example_dags/example_local_kubernetes_executor.py
[2026-05-09T19:51:22.418+0000] {logging_mixin.py:188} INFO - [2026-05-09T19:51:22.418+0000] {dag.py:3096} INFO - Sync 1 DAGs
[2026-05-09T19:51:22.435+0000] {logging_mixin.py:188} INFO - [2026-05-09T19:51:22.434+0000] {dag.py:3954} INFO - Setting next_dagrun for example_local_kubernetes_executor to None, run_after=None
[2026-05-09T19:51:22.467+0000] {processor.py:183} INFO - Processing /home/airflow/.local/lib/python3.12/site-packages/airflow/example_dags/example_local_kubernetes_executor.py took 0.110 seconds
[2026-05-09T19:51:52.680+0000] {processor.py:161} INFO - Started process (PID=6996) to work on /home/airflow/.local/lib/python3.12/site-packages/airflow/example_dags/example_local_kubernetes_executor.py
[2026-05-09T19:51:52.682+0000] {processor.py:830} INFO - Processing file /home/airflow/.local/lib/python3.12/site-packages/airflow/example_dags/example_local_kubernetes_executor.py for tasks to queue
[2026-05-09T19:51:52.684+0000] {logging_mixin.py:188} INFO - [2026-05-09T19:51:52.684+0000] {dagbag.py:545} INFO - Filling up the DagBag from /home/airflow/.local/lib/python3.12/site-packages/airflow/example_dags/example_local_kubernetes_executor.py
[2026-05-09T19:51:52.693+0000] {processor.py:840} INFO - DAG(s) 'example_local_kubernetes_executor' retrieved from /home/airflow/.local/lib/python3.12/site-packages/airflow/example_dags/example_local_kubernetes_executor.py
[2026-05-09T19:51:52.728+0000] {logging_mixin.py:188} INFO - [2026-05-09T19:51:52.728+0000] {dag.py:3096} INFO - Sync 1 DAGs
[2026-05-09T19:51:52.742+0000] {logging_mixin.py:188} INFO - [2026-05-09T19:51:52.741+0000] {dag.py:3954} INFO - Setting next_dagrun for example_local_kubernetes_executor to None, run_after=None
[2026-05-09T19:51:52.765+0000] {processor.py:183} INFO - Processing /home/airflow/.local/lib/python3.12/site-packages/airflow/example_dags/example_local_kubernetes_executor.py took 0.091 seconds
[2026-05-09T19:52:23.189+0000] {processor.py:161} INFO - Started process (PID=7056) to work on /home/airflow/.local/lib/python3.12/site-packages/airflow/example_dags/example_local_kubernetes_executor.py
[2026-05-09T19:52:23.190+0000] {processor.py:830} INFO - Processing file /home/airflow/.local/lib/python3.12/site-packages/airflow/example_dags/example_local_kubernetes_executor.py for tasks to queue
[2026-05-09T19:52:23.192+0000] {logging_mixin.py:188} INFO - [2026-05-09T19:52:23.192+0000] {dagbag.py:545} INFO - Filling up the DagBag from /home/airflow/.local/lib/python3.12/site-packages/airflow/example_dags/example_local_kubernetes_executor.py
[2026-05-09T19:52:23.200+0000] {processor.py:840} INFO - DAG(s) 'example_local_kubernetes_executor' retrieved from /home/airflow/.local/lib/python3.12/site-packages/airflow/example_dags/example_local_kubernetes_executor.py
[2026-05-09T19:52:23.235+0000] {logging_mixin.py:188} INFO - [2026-05-09T19:52:23.235+0000] {dag.py:3096} INFO - Sync 1 DAGs
[2026-05-09T19:52:23.247+0000] {logging_mixin.py:188} INFO - [2026-05-09T19:52:23.247+0000] {dag.py:3954} INFO - Setting next_dagrun for example_local_kubernetes_executor to None, run_after=None
[2026-05-09T19:52:23.271+0000] {processor.py:183} INFO - Processing /home/airflow/.local/lib/python3.12/site-packages/airflow/example_dags/example_local_kubernetes_executor.py took 0.089 seconds
[2026-05-09T19:52:54.823+0000] {processor.py:161} INFO - Started process (PID=7114) to work on /home/airflow/.local/lib/python3.12/site-packages/airflow/example_dags/example_local_kubernetes_executor.py
[2026-05-09T19:52:54.824+0000] {processor.py:830} INFO - Processing file /home/airflow/.local/lib/python3.12/site-packages/airflow/example_dags/example_local_kubernetes_executor.py for tasks to queue
[2026-05-09T19:52:54.827+0000] {logging_mixin.py:188} INFO - [2026-05-09T19:52:54.826+0000] {dagbag.py:545} INFO - Filling up the DagBag from /home/airflow/.local/lib/python3.12/site-packages/airflow/example_dags/example_local_kubernetes_executor.py
[2026-05-09T19:52:54.834+0000] {processor.py:840} INFO - DAG(s) 'example_local_kubernetes_executor' retrieved from /home/airflow/.local/lib/python3.12/site-packages/airflow/example_dags/example_local_kubernetes_executor.py
[2026-05-09T19:52:54.875+0000] {logging_mixin.py:188} INFO - [2026-05-09T19:52:54.874+0000] {dag.py:3096} INFO - Sync 1 DAGs
[2026-05-09T19:52:54.888+0000] {logging_mixin.py:188} INFO - [2026-05-09T19:52:54.888+0000] {dag.py:3954} INFO - Setting next_dagrun for example_local_kubernetes_executor to None, run_after=None
[2026-05-09T19:52:54.918+0000] {processor.py:183} INFO - Processing /home/airflow/.local/lib/python3.12/site-packages/airflow/example_dags/example_local_kubernetes_executor.py took 0.101 seconds
[2026-05-09T19:53:25.820+0000] {processor.py:161} INFO - Started process (PID=7173) to work on /home/airflow/.local/lib/python3.12/site-packages/airflow/example_dags/example_local_kubernetes_executor.py
[2026-05-09T19:53:25.822+0000] {processor.py:830} INFO - Processing file /home/airflow/.local/lib/python3.12/site-packages/airflow/example_dags/example_local_kubernetes_executor.py for tasks to queue
[2026-05-09T19:53:25.824+0000] {logging_mixin.py:188} INFO - [2026-05-09T19:53:25.824+0000] {dagbag.py:545} INFO - Filling up the DagBag from /home/airflow/.local/lib/python3.12/site-packages/airflow/example_dags/example_local_kubernetes_executor.py
[2026-05-09T19:53:25.831+0000] {processor.py:840} INFO - DAG(s) 'example_local_kubernetes_executor' retrieved from /home/airflow/.local/lib/python3.12/site-packages/airflow/example_dags/example_local_kubernetes_executor.py
[2026-05-09T19:53:25.871+0000] {logging_mixin.py:188} INFO - [2026-05-09T19:53:25.871+0000] {dag.py:3096} INFO - Sync 1 DAGs
[2026-05-09T19:53:25.890+0000] {logging_mixin.py:188} INFO - [2026-05-09T19:53:25.889+0000] {dag.py:3954} INFO - Setting next_dagrun for example_local_kubernetes_executor to None, run_after=None
[2026-05-09T19:53:25.920+0000] {processor.py:183} INFO - Processing /home/airflow/.local/lib/python3.12/site-packages/airflow/example_dags/example_local_kubernetes_executor.py took 0.106 seconds
[2026-05-09T19:53:56.243+0000] {processor.py:161} INFO - Started process (PID=7232) to work on /home/airflow/.local/lib/python3.12/site-packages/airflow/example_dags/example_local_kubernetes_executor.py
[2026-05-09T19:53:56.244+0000] {processor.py:830} INFO - Processing file /home/airflow/.local/lib/python3.12/site-packages/airflow/example_dags/example_local_kubernetes_executor.py for tasks to queue
[2026-05-09T19:53:56.246+0000] {logging_mixin.py:188} INFO - [2026-05-09T19:53:56.246+0000] {dagbag.py:545} INFO - Filling up the DagBag from /home/airflow/.local/lib/python3.12/site-packages/airflow/example_dags/example_local_kubernetes_executor.py
[2026-05-09T19:53:56.253+0000] {processor.py:840} INFO - DAG(s) 'example_local_kubernetes_executor' retrieved from /home/airflow/.local/lib/python3.12/site-packages/airflow/example_dags/example_local_kubernetes_executor.py
[2026-05-09T19:53:56.287+0000] {logging_mixin.py:188} INFO - [2026-05-09T19:53:56.286+0000] {dag.py:3096} INFO - Sync 1 DAGs
[2026-05-09T19:53:56.301+0000] {logging_mixin.py:188} INFO - [2026-05-09T19:53:56.300+0000] {dag.py:3954} INFO - Setting next_dagrun for example_local_kubernetes_executor to None, run_after=None
[2026-05-09T19:53:56.325+0000] {processor.py:183} INFO - Processing /home/airflow/.local/lib/python3.12/site-packages/airflow/example_dags/example_local_kubernetes_executor.py took 0.088 seconds
[2026-05-09T19:54:26.991+0000] {processor.py:161} INFO - Started process (PID=7291) to work on /home/airflow/.local/lib/python3.12/site-packages/airflow/example_dags/example_local_kubernetes_executor.py
[2026-05-09T19:54:26.993+0000] {processor.py:830} INFO - Processing file /home/airflow/.local/lib/python3.12/site-packages/airflow/example_dags/example_local_kubernetes_executor.py for tasks to queue
[2026-05-09T19:54:26.994+0000] {logging_mixin.py:188} INFO - [2026-05-09T19:54:26.994+0000] {dagbag.py:545} INFO - Filling up the DagBag from /home/airflow/.local/lib/python3.12/site-packages/airflow/example_dags/example_local_kubernetes_executor.py
[2026-05-09T19:54:27.001+0000] {processor.py:840} INFO - DAG(s) 'example_local_kubernetes_executor' retrieved from /home/airflow/.local/lib/python3.12/site-packages/airflow/example_dags/example_local_kubernetes_executor.py
[2026-05-09T19:54:27.034+0000] {logging_mixin.py:188} INFO - [2026-05-09T19:54:27.034+0000] {dag.py:3096} INFO - Sync 1 DAGs
[2026-05-09T19:54:27.046+0000] {logging_mixin.py:188} INFO - [2026-05-09T19:54:27.046+0000] {dag.py:3954} INFO - Setting next_dagrun for example_local_kubernetes_executor to None, run_after=None
[2026-05-09T19:54:27.069+0000] {processor.py:183} INFO - Processing /home/airflow/.local/lib/python3.12/site-packages/airflow/example_dags/example_local_kubernetes_executor.py took 0.083 seconds
