[2026-05-09T18:42:16.443+0000] {processor.py:161} INFO - Started process (PID=82) to work on /home/airflow/.local/lib/python3.12/site-packages/airflow/example_dags/tutorial_taskflow_api_virtualenv.py
[2026-05-09T18:42:16.444+0000] {processor.py:830} INFO - Processing file /home/airflow/.local/lib/python3.12/site-packages/airflow/example_dags/tutorial_taskflow_api_virtualenv.py for tasks to queue
[2026-05-09T18:42:16.446+0000] {logging_mixin.py:188} INFO - [2026-05-09T18:42:16.446+0000] {dagbag.py:545} INFO - Filling up the DagBag from /home/airflow/.local/lib/python3.12/site-packages/airflow/example_dags/tutorial_taskflow_api_virtualenv.py
[2026-05-09T18:42:16.467+0000] {processor.py:840} INFO - DAG(s) 'tutorial_taskflow_api_virtualenv' retrieved from /home/airflow/.local/lib/python3.12/site-packages/airflow/example_dags/tutorial_taskflow_api_virtualenv.py
[2026-05-09T18:42:16.586+0000] {logging_mixin.py:188} INFO - [2026-05-09T18:42:16.586+0000] {dag.py:3096} INFO - Sync 1 DAGs
[2026-05-09T18:42:16.597+0000] {logging_mixin.py:188} INFO - [2026-05-09T18:42:16.597+0000] {dag.py:3954} INFO - Setting next_dagrun for tutorial_taskflow_api_virtualenv to None, run_after=None
[2026-05-09T18:42:16.624+0000] {processor.py:183} INFO - Processing /home/airflow/.local/lib/python3.12/site-packages/airflow/example_dags/tutorial_taskflow_api_virtualenv.py took 0.187 seconds
[2026-05-09T18:42:46.793+0000] {processor.py:161} INFO - Started process (PID=134) to work on /home/airflow/.local/lib/python3.12/site-packages/airflow/example_dags/tutorial_taskflow_api_virtualenv.py
[2026-05-09T18:42:46.795+0000] {processor.py:830} INFO - Processing file /home/airflow/.local/lib/python3.12/site-packages/airflow/example_dags/tutorial_taskflow_api_virtualenv.py for tasks to queue
[2026-05-09T18:42:46.798+0000] {logging_mixin.py:188} INFO - [2026-05-09T18:42:46.797+0000] {dagbag.py:545} INFO - Filling up the DagBag from /home/airflow/.local/lib/python3.12/site-packages/airflow/example_dags/tutorial_taskflow_api_virtualenv.py
[2026-05-09T18:42:46.832+0000] {processor.py:840} INFO - DAG(s) 'tutorial_taskflow_api_virtualenv' retrieved from /home/airflow/.local/lib/python3.12/site-packages/airflow/example_dags/tutorial_taskflow_api_virtualenv.py
[2026-05-09T18:42:46.867+0000] {logging_mixin.py:188} INFO - [2026-05-09T18:42:46.867+0000] {dag.py:3096} INFO - Sync 1 DAGs
[2026-05-09T18:42:46.901+0000] {logging_mixin.py:188} INFO - [2026-05-09T18:42:46.900+0000] {dag.py:3954} INFO - Setting next_dagrun for tutorial_taskflow_api_virtualenv to None, run_after=None
[2026-05-09T18:42:46.963+0000] {processor.py:183} INFO - Processing /home/airflow/.local/lib/python3.12/site-packages/airflow/example_dags/tutorial_taskflow_api_virtualenv.py took 0.185 seconds
[2026-05-09T18:43:21.155+0000] {processor.py:161} INFO - Started process (PID=198) to work on /home/airflow/.local/lib/python3.12/site-packages/airflow/example_dags/tutorial_taskflow_api_virtualenv.py
[2026-05-09T18:43:21.157+0000] {processor.py:830} INFO - Processing file /home/airflow/.local/lib/python3.12/site-packages/airflow/example_dags/tutorial_taskflow_api_virtualenv.py for tasks to queue
[2026-05-09T18:43:21.159+0000] {logging_mixin.py:188} INFO - [2026-05-09T18:43:21.159+0000] {dagbag.py:545} INFO - Filling up the DagBag from /home/airflow/.local/lib/python3.12/site-packages/airflow/example_dags/tutorial_taskflow_api_virtualenv.py
[2026-05-09T18:43:21.181+0000] {processor.py:840} INFO - DAG(s) 'tutorial_taskflow_api_virtualenv' retrieved from /home/airflow/.local/lib/python3.12/site-packages/airflow/example_dags/tutorial_taskflow_api_virtualenv.py
[2026-05-09T18:43:21.207+0000] {logging_mixin.py:188} INFO - [2026-05-09T18:43:21.207+0000] {dag.py:3096} INFO - Sync 1 DAGs
[2026-05-09T18:43:21.225+0000] {logging_mixin.py:188} INFO - [2026-05-09T18:43:21.225+0000] {dag.py:3954} INFO - Setting next_dagrun for tutorial_taskflow_api_virtualenv to None, run_after=None
[2026-05-09T18:43:21.258+0000] {processor.py:183} INFO - Processing /home/airflow/.local/lib/python3.12/site-packages/airflow/example_dags/tutorial_taskflow_api_virtualenv.py took 0.108 seconds
[2026-05-09T18:43:53.844+0000] {processor.py:161} INFO - Started process (PID=256) to work on /home/airflow/.local/lib/python3.12/site-packages/airflow/example_dags/tutorial_taskflow_api_virtualenv.py
[2026-05-09T18:43:53.963+0000] {processor.py:830} INFO - Processing file /home/airflow/.local/lib/python3.12/site-packages/airflow/example_dags/tutorial_taskflow_api_virtualenv.py for tasks to queue
[2026-05-09T18:43:53.965+0000] {logging_mixin.py:188} INFO - [2026-05-09T18:43:53.965+0000] {dagbag.py:545} INFO - Filling up the DagBag from /home/airflow/.local/lib/python3.12/site-packages/airflow/example_dags/tutorial_taskflow_api_virtualenv.py
[2026-05-09T18:43:53.976+0000] {processor.py:840} INFO - DAG(s) 'tutorial_taskflow_api_virtualenv' retrieved from /home/airflow/.local/lib/python3.12/site-packages/airflow/example_dags/tutorial_taskflow_api_virtualenv.py
[2026-05-09T18:43:53.997+0000] {logging_mixin.py:188} INFO - [2026-05-09T18:43:53.997+0000] {dag.py:3096} INFO - Sync 1 DAGs
[2026-05-09T18:43:54.019+0000] {logging_mixin.py:188} INFO - [2026-05-09T18:43:54.019+0000] {dag.py:3954} INFO - Setting next_dagrun for tutorial_taskflow_api_virtualenv to None, run_after=None
[2026-05-09T18:43:54.274+0000] {processor.py:183} INFO - Processing /home/airflow/.local/lib/python3.12/site-packages/airflow/example_dags/tutorial_taskflow_api_virtualenv.py took 0.435 seconds
[2026-05-09T18:44:24.320+0000] {processor.py:161} INFO - Started process (PID=314) to work on /home/airflow/.local/lib/python3.12/site-packages/airflow/example_dags/tutorial_taskflow_api_virtualenv.py
[2026-05-09T18:44:24.321+0000] {processor.py:830} INFO - Processing file /home/airflow/.local/lib/python3.12/site-packages/airflow/example_dags/tutorial_taskflow_api_virtualenv.py for tasks to queue
[2026-05-09T18:44:24.324+0000] {logging_mixin.py:188} INFO - [2026-05-09T18:44:24.323+0000] {dagbag.py:545} INFO - Filling up the DagBag from /home/airflow/.local/lib/python3.12/site-packages/airflow/example_dags/tutorial_taskflow_api_virtualenv.py
[2026-05-09T18:44:24.333+0000] {processor.py:840} INFO - DAG(s) 'tutorial_taskflow_api_virtualenv' retrieved from /home/airflow/.local/lib/python3.12/site-packages/airflow/example_dags/tutorial_taskflow_api_virtualenv.py
[2026-05-09T18:44:24.353+0000] {logging_mixin.py:188} INFO - [2026-05-09T18:44:24.353+0000] {dag.py:3096} INFO - Sync 1 DAGs
[2026-05-09T18:44:24.366+0000] {logging_mixin.py:188} INFO - [2026-05-09T18:44:24.366+0000] {dag.py:3954} INFO - Setting next_dagrun for tutorial_taskflow_api_virtualenv to None, run_after=None
[2026-05-09T18:44:24.392+0000] {processor.py:183} INFO - Processing /home/airflow/.local/lib/python3.12/site-packages/airflow/example_dags/tutorial_taskflow_api_virtualenv.py took 0.078 seconds
[2026-05-09T18:44:55.319+0000] {processor.py:161} INFO - Started process (PID=372) to work on /home/airflow/.local/lib/python3.12/site-packages/airflow/example_dags/tutorial_taskflow_api_virtualenv.py
[2026-05-09T18:44:55.320+0000] {processor.py:830} INFO - Processing file /home/airflow/.local/lib/python3.12/site-packages/airflow/example_dags/tutorial_taskflow_api_virtualenv.py for tasks to queue
[2026-05-09T18:44:55.322+0000] {logging_mixin.py:188} INFO - [2026-05-09T18:44:55.322+0000] {dagbag.py:545} INFO - Filling up the DagBag from /home/airflow/.local/lib/python3.12/site-packages/airflow/example_dags/tutorial_taskflow_api_virtualenv.py
[2026-05-09T18:44:55.334+0000] {processor.py:840} INFO - DAG(s) 'tutorial_taskflow_api_virtualenv' retrieved from /home/airflow/.local/lib/python3.12/site-packages/airflow/example_dags/tutorial_taskflow_api_virtualenv.py
[2026-05-09T18:44:55.362+0000] {logging_mixin.py:188} INFO - [2026-05-09T18:44:55.361+0000] {dag.py:3096} INFO - Sync 1 DAGs
[2026-05-09T18:44:55.383+0000] {logging_mixin.py:188} INFO - [2026-05-09T18:44:55.382+0000] {dag.py:3954} INFO - Setting next_dagrun for tutorial_taskflow_api_virtualenv to None, run_after=None
[2026-05-09T18:44:55.420+0000] {processor.py:183} INFO - Processing /home/airflow/.local/lib/python3.12/site-packages/airflow/example_dags/tutorial_taskflow_api_virtualenv.py took 0.107 seconds
[2026-05-09T18:45:26.250+0000] {processor.py:161} INFO - Started process (PID=430) to work on /home/airflow/.local/lib/python3.12/site-packages/airflow/example_dags/tutorial_taskflow_api_virtualenv.py
[2026-05-09T18:45:26.252+0000] {processor.py:830} INFO - Processing file /home/airflow/.local/lib/python3.12/site-packages/airflow/example_dags/tutorial_taskflow_api_virtualenv.py for tasks to queue
[2026-05-09T18:45:26.254+0000] {logging_mixin.py:188} INFO - [2026-05-09T18:45:26.253+0000] {dagbag.py:545} INFO - Filling up the DagBag from /home/airflow/.local/lib/python3.12/site-packages/airflow/example_dags/tutorial_taskflow_api_virtualenv.py
[2026-05-09T18:45:26.263+0000] {processor.py:840} INFO - DAG(s) 'tutorial_taskflow_api_virtualenv' retrieved from /home/airflow/.local/lib/python3.12/site-packages/airflow/example_dags/tutorial_taskflow_api_virtualenv.py
[2026-05-09T18:45:26.284+0000] {logging_mixin.py:188} INFO - [2026-05-09T18:45:26.284+0000] {dag.py:3096} INFO - Sync 1 DAGs
[2026-05-09T18:45:26.297+0000] {logging_mixin.py:188} INFO - [2026-05-09T18:45:26.297+0000] {dag.py:3954} INFO - Setting next_dagrun for tutorial_taskflow_api_virtualenv to None, run_after=None
[2026-05-09T18:45:26.320+0000] {processor.py:183} INFO - Processing /home/airflow/.local/lib/python3.12/site-packages/airflow/example_dags/tutorial_taskflow_api_virtualenv.py took 0.075 seconds
[2026-05-09T18:45:56.732+0000] {processor.py:161} INFO - Started process (PID=488) to work on /home/airflow/.local/lib/python3.12/site-packages/airflow/example_dags/tutorial_taskflow_api_virtualenv.py
[2026-05-09T18:45:56.733+0000] {processor.py:830} INFO - Processing file /home/airflow/.local/lib/python3.12/site-packages/airflow/example_dags/tutorial_taskflow_api_virtualenv.py for tasks to queue
[2026-05-09T18:45:56.736+0000] {logging_mixin.py:188} INFO - [2026-05-09T18:45:56.736+0000] {dagbag.py:545} INFO - Filling up the DagBag from /home/airflow/.local/lib/python3.12/site-packages/airflow/example_dags/tutorial_taskflow_api_virtualenv.py
[2026-05-09T18:45:56.745+0000] {processor.py:840} INFO - DAG(s) 'tutorial_taskflow_api_virtualenv' retrieved from /home/airflow/.local/lib/python3.12/site-packages/airflow/example_dags/tutorial_taskflow_api_virtualenv.py
[2026-05-09T18:45:56.767+0000] {logging_mixin.py:188} INFO - [2026-05-09T18:45:56.767+0000] {dag.py:3096} INFO - Sync 1 DAGs
[2026-05-09T18:45:56.780+0000] {logging_mixin.py:188} INFO - [2026-05-09T18:45:56.779+0000] {dag.py:3954} INFO - Setting next_dagrun for tutorial_taskflow_api_virtualenv to None, run_after=None
[2026-05-09T18:45:56.803+0000] {processor.py:183} INFO - Processing /home/airflow/.local/lib/python3.12/site-packages/airflow/example_dags/tutorial_taskflow_api_virtualenv.py took 0.076 seconds
[2026-05-09T18:46:27.256+0000] {processor.py:161} INFO - Started process (PID=546) to work on /home/airflow/.local/lib/python3.12/site-packages/airflow/example_dags/tutorial_taskflow_api_virtualenv.py
[2026-05-09T18:46:27.257+0000] {processor.py:830} INFO - Processing file /home/airflow/.local/lib/python3.12/site-packages/airflow/example_dags/tutorial_taskflow_api_virtualenv.py for tasks to queue
[2026-05-09T18:46:27.259+0000] {logging_mixin.py:188} INFO - [2026-05-09T18:46:27.258+0000] {dagbag.py:545} INFO - Filling up the DagBag from /home/airflow/.local/lib/python3.12/site-packages/airflow/example_dags/tutorial_taskflow_api_virtualenv.py
[2026-05-09T18:46:27.267+0000] {processor.py:840} INFO - DAG(s) 'tutorial_taskflow_api_virtualenv' retrieved from /home/airflow/.local/lib/python3.12/site-packages/airflow/example_dags/tutorial_taskflow_api_virtualenv.py
[2026-05-09T18:46:27.286+0000] {logging_mixin.py:188} INFO - [2026-05-09T18:46:27.286+0000] {dag.py:3096} INFO - Sync 1 DAGs
[2026-05-09T18:46:27.298+0000] {logging_mixin.py:188} INFO - [2026-05-09T18:46:27.298+0000] {dag.py:3954} INFO - Setting next_dagrun for tutorial_taskflow_api_virtualenv to None, run_after=None
[2026-05-09T18:46:27.320+0000] {processor.py:183} INFO - Processing /home/airflow/.local/lib/python3.12/site-packages/airflow/example_dags/tutorial_taskflow_api_virtualenv.py took 0.069 seconds
[2026-05-09T18:51:04.381+0000] {processor.py:161} INFO - Started process (PID=95) to work on /home/airflow/.local/lib/python3.12/site-packages/airflow/example_dags/tutorial_taskflow_api_virtualenv.py
[2026-05-09T18:51:04.499+0000] {processor.py:830} INFO - Processing file /home/airflow/.local/lib/python3.12/site-packages/airflow/example_dags/tutorial_taskflow_api_virtualenv.py for tasks to queue
[2026-05-09T18:51:04.501+0000] {logging_mixin.py:188} INFO - [2026-05-09T18:51:04.500+0000] {dagbag.py:545} INFO - Filling up the DagBag from /home/airflow/.local/lib/python3.12/site-packages/airflow/example_dags/tutorial_taskflow_api_virtualenv.py
[2026-05-09T18:51:04.516+0000] {processor.py:840} INFO - DAG(s) 'tutorial_taskflow_api_virtualenv' retrieved from /home/airflow/.local/lib/python3.12/site-packages/airflow/example_dags/tutorial_taskflow_api_virtualenv.py
[2026-05-09T18:51:04.645+0000] {logging_mixin.py:188} INFO - [2026-05-09T18:51:04.645+0000] {dag.py:3096} INFO - Sync 1 DAGs
[2026-05-09T18:51:04.658+0000] {logging_mixin.py:188} INFO - [2026-05-09T18:51:04.657+0000] {dag.py:3954} INFO - Setting next_dagrun for tutorial_taskflow_api_virtualenv to None, run_after=None
[2026-05-09T18:51:05.042+0000] {processor.py:183} INFO - Processing /home/airflow/.local/lib/python3.12/site-packages/airflow/example_dags/tutorial_taskflow_api_virtualenv.py took 0.667 seconds
[2026-05-09T18:51:51.783+0000] {processor.py:161} INFO - Started process (PID=64) to work on /home/airflow/.local/lib/python3.12/site-packages/airflow/example_dags/tutorial_taskflow_api_virtualenv.py
[2026-05-09T18:51:51.785+0000] {processor.py:830} INFO - Processing file /home/airflow/.local/lib/python3.12/site-packages/airflow/example_dags/tutorial_taskflow_api_virtualenv.py for tasks to queue
[2026-05-09T18:51:51.787+0000] {logging_mixin.py:188} INFO - [2026-05-09T18:51:51.787+0000] {dagbag.py:545} INFO - Filling up the DagBag from /home/airflow/.local/lib/python3.12/site-packages/airflow/example_dags/tutorial_taskflow_api_virtualenv.py
[2026-05-09T18:51:51.799+0000] {processor.py:840} INFO - DAG(s) 'tutorial_taskflow_api_virtualenv' retrieved from /home/airflow/.local/lib/python3.12/site-packages/airflow/example_dags/tutorial_taskflow_api_virtualenv.py
[2026-05-09T18:51:51.921+0000] {logging_mixin.py:188} INFO - [2026-05-09T18:51:51.921+0000] {dag.py:3096} INFO - Sync 1 DAGs
[2026-05-09T18:51:51.933+0000] {logging_mixin.py:188} INFO - [2026-05-09T18:51:51.932+0000] {dag.py:3954} INFO - Setting next_dagrun for tutorial_taskflow_api_virtualenv to None, run_after=None
[2026-05-09T18:51:51.961+0000] {processor.py:183} INFO - Processing /home/airflow/.local/lib/python3.12/site-packages/airflow/example_dags/tutorial_taskflow_api_virtualenv.py took 0.184 seconds
[2026-05-09T18:52:22.385+0000] {processor.py:161} INFO - Started process (PID=122) to work on /home/airflow/.local/lib/python3.12/site-packages/airflow/example_dags/tutorial_taskflow_api_virtualenv.py
[2026-05-09T18:52:22.386+0000] {processor.py:830} INFO - Processing file /home/airflow/.local/lib/python3.12/site-packages/airflow/example_dags/tutorial_taskflow_api_virtualenv.py for tasks to queue
[2026-05-09T18:52:22.388+0000] {logging_mixin.py:188} INFO - [2026-05-09T18:52:22.388+0000] {dagbag.py:545} INFO - Filling up the DagBag from /home/airflow/.local/lib/python3.12/site-packages/airflow/example_dags/tutorial_taskflow_api_virtualenv.py
[2026-05-09T18:52:22.400+0000] {processor.py:840} INFO - DAG(s) 'tutorial_taskflow_api_virtualenv' retrieved from /home/airflow/.local/lib/python3.12/site-packages/airflow/example_dags/tutorial_taskflow_api_virtualenv.py
[2026-05-09T18:52:22.426+0000] {logging_mixin.py:188} INFO - [2026-05-09T18:52:22.425+0000] {dag.py:3096} INFO - Sync 1 DAGs
[2026-05-09T18:52:22.439+0000] {logging_mixin.py:188} INFO - [2026-05-09T18:52:22.438+0000] {dag.py:3954} INFO - Setting next_dagrun for tutorial_taskflow_api_virtualenv to None, run_after=None
[2026-05-09T18:52:22.462+0000] {processor.py:183} INFO - Processing /home/airflow/.local/lib/python3.12/site-packages/airflow/example_dags/tutorial_taskflow_api_virtualenv.py took 0.084 seconds
[2026-05-09T18:52:58.919+0000] {processor.py:161} INFO - Started process (PID=186) to work on /home/airflow/.local/lib/python3.12/site-packages/airflow/example_dags/tutorial_taskflow_api_virtualenv.py
[2026-05-09T18:52:58.921+0000] {processor.py:830} INFO - Processing file /home/airflow/.local/lib/python3.12/site-packages/airflow/example_dags/tutorial_taskflow_api_virtualenv.py for tasks to queue
[2026-05-09T18:52:58.925+0000] {logging_mixin.py:188} INFO - [2026-05-09T18:52:58.925+0000] {dagbag.py:545} INFO - Filling up the DagBag from /home/airflow/.local/lib/python3.12/site-packages/airflow/example_dags/tutorial_taskflow_api_virtualenv.py
[2026-05-09T18:52:58.940+0000] {processor.py:840} INFO - DAG(s) 'tutorial_taskflow_api_virtualenv' retrieved from /home/airflow/.local/lib/python3.12/site-packages/airflow/example_dags/tutorial_taskflow_api_virtualenv.py
[2026-05-09T18:52:58.994+0000] {logging_mixin.py:188} INFO - [2026-05-09T18:52:58.993+0000] {dag.py:3096} INFO - Sync 1 DAGs
[2026-05-09T18:52:59.011+0000] {logging_mixin.py:188} INFO - [2026-05-09T18:52:59.010+0000] {dag.py:3954} INFO - Setting next_dagrun for tutorial_taskflow_api_virtualenv to None, run_after=None
[2026-05-09T18:52:59.037+0000] {processor.py:183} INFO - Processing /home/airflow/.local/lib/python3.12/site-packages/airflow/example_dags/tutorial_taskflow_api_virtualenv.py took 0.130 seconds
[2026-05-09T18:53:29.164+0000] {processor.py:161} INFO - Started process (PID=244) to work on /home/airflow/.local/lib/python3.12/site-packages/airflow/example_dags/tutorial_taskflow_api_virtualenv.py
[2026-05-09T18:53:29.165+0000] {processor.py:830} INFO - Processing file /home/airflow/.local/lib/python3.12/site-packages/airflow/example_dags/tutorial_taskflow_api_virtualenv.py for tasks to queue
[2026-05-09T18:53:29.167+0000] {logging_mixin.py:188} INFO - [2026-05-09T18:53:29.167+0000] {dagbag.py:545} INFO - Filling up the DagBag from /home/airflow/.local/lib/python3.12/site-packages/airflow/example_dags/tutorial_taskflow_api_virtualenv.py
[2026-05-09T18:53:29.177+0000] {processor.py:840} INFO - DAG(s) 'tutorial_taskflow_api_virtualenv' retrieved from /home/airflow/.local/lib/python3.12/site-packages/airflow/example_dags/tutorial_taskflow_api_virtualenv.py
[2026-05-09T18:53:29.203+0000] {logging_mixin.py:188} INFO - [2026-05-09T18:53:29.203+0000] {dag.py:3096} INFO - Sync 1 DAGs
[2026-05-09T18:53:29.217+0000] {logging_mixin.py:188} INFO - [2026-05-09T18:53:29.217+0000] {dag.py:3954} INFO - Setting next_dagrun for tutorial_taskflow_api_virtualenv to None, run_after=None
[2026-05-09T18:53:29.245+0000] {processor.py:183} INFO - Processing /home/airflow/.local/lib/python3.12/site-packages/airflow/example_dags/tutorial_taskflow_api_virtualenv.py took 0.087 seconds
[2026-05-09T18:54:00.180+0000] {processor.py:161} INFO - Started process (PID=302) to work on /home/airflow/.local/lib/python3.12/site-packages/airflow/example_dags/tutorial_taskflow_api_virtualenv.py
[2026-05-09T18:54:00.181+0000] {processor.py:830} INFO - Processing file /home/airflow/.local/lib/python3.12/site-packages/airflow/example_dags/tutorial_taskflow_api_virtualenv.py for tasks to queue
[2026-05-09T18:54:00.183+0000] {logging_mixin.py:188} INFO - [2026-05-09T18:54:00.183+0000] {dagbag.py:545} INFO - Filling up the DagBag from /home/airflow/.local/lib/python3.12/site-packages/airflow/example_dags/tutorial_taskflow_api_virtualenv.py
[2026-05-09T18:54:00.192+0000] {processor.py:840} INFO - DAG(s) 'tutorial_taskflow_api_virtualenv' retrieved from /home/airflow/.local/lib/python3.12/site-packages/airflow/example_dags/tutorial_taskflow_api_virtualenv.py
[2026-05-09T18:54:00.213+0000] {logging_mixin.py:188} INFO - [2026-05-09T18:54:00.213+0000] {dag.py:3096} INFO - Sync 1 DAGs
[2026-05-09T18:54:00.230+0000] {logging_mixin.py:188} INFO - [2026-05-09T18:54:00.230+0000] {dag.py:3954} INFO - Setting next_dagrun for tutorial_taskflow_api_virtualenv to None, run_after=None
[2026-05-09T18:54:00.285+0000] {processor.py:183} INFO - Processing /home/airflow/.local/lib/python3.12/site-packages/airflow/example_dags/tutorial_taskflow_api_virtualenv.py took 0.110 seconds
[2026-05-09T18:54:30.710+0000] {processor.py:161} INFO - Started process (PID=360) to work on /home/airflow/.local/lib/python3.12/site-packages/airflow/example_dags/tutorial_taskflow_api_virtualenv.py
[2026-05-09T18:54:30.712+0000] {processor.py:830} INFO - Processing file /home/airflow/.local/lib/python3.12/site-packages/airflow/example_dags/tutorial_taskflow_api_virtualenv.py for tasks to queue
[2026-05-09T18:54:30.714+0000] {logging_mixin.py:188} INFO - [2026-05-09T18:54:30.713+0000] {dagbag.py:545} INFO - Filling up the DagBag from /home/airflow/.local/lib/python3.12/site-packages/airflow/example_dags/tutorial_taskflow_api_virtualenv.py
[2026-05-09T18:54:30.723+0000] {processor.py:840} INFO - DAG(s) 'tutorial_taskflow_api_virtualenv' retrieved from /home/airflow/.local/lib/python3.12/site-packages/airflow/example_dags/tutorial_taskflow_api_virtualenv.py
[2026-05-09T18:54:30.742+0000] {logging_mixin.py:188} INFO - [2026-05-09T18:54:30.742+0000] {dag.py:3096} INFO - Sync 1 DAGs
[2026-05-09T18:54:30.754+0000] {logging_mixin.py:188} INFO - [2026-05-09T18:54:30.754+0000] {dag.py:3954} INFO - Setting next_dagrun for tutorial_taskflow_api_virtualenv to None, run_after=None
[2026-05-09T18:54:30.776+0000] {processor.py:183} INFO - Processing /home/airflow/.local/lib/python3.12/site-packages/airflow/example_dags/tutorial_taskflow_api_virtualenv.py took 0.071 seconds
[2026-05-09T18:55:00.986+0000] {processor.py:161} INFO - Started process (PID=418) to work on /home/airflow/.local/lib/python3.12/site-packages/airflow/example_dags/tutorial_taskflow_api_virtualenv.py
[2026-05-09T18:55:00.987+0000] {processor.py:830} INFO - Processing file /home/airflow/.local/lib/python3.12/site-packages/airflow/example_dags/tutorial_taskflow_api_virtualenv.py for tasks to queue
[2026-05-09T18:55:00.990+0000] {logging_mixin.py:188} INFO - [2026-05-09T18:55:00.989+0000] {dagbag.py:545} INFO - Filling up the DagBag from /home/airflow/.local/lib/python3.12/site-packages/airflow/example_dags/tutorial_taskflow_api_virtualenv.py
[2026-05-09T18:55:01.001+0000] {processor.py:840} INFO - DAG(s) 'tutorial_taskflow_api_virtualenv' retrieved from /home/airflow/.local/lib/python3.12/site-packages/airflow/example_dags/tutorial_taskflow_api_virtualenv.py
[2026-05-09T18:55:01.024+0000] {logging_mixin.py:188} INFO - [2026-05-09T18:55:01.024+0000] {dag.py:3096} INFO - Sync 1 DAGs
[2026-05-09T18:55:01.037+0000] {logging_mixin.py:188} INFO - [2026-05-09T18:55:01.037+0000] {dag.py:3954} INFO - Setting next_dagrun for tutorial_taskflow_api_virtualenv to None, run_after=None
[2026-05-09T18:55:01.064+0000] {processor.py:183} INFO - Processing /home/airflow/.local/lib/python3.12/site-packages/airflow/example_dags/tutorial_taskflow_api_virtualenv.py took 0.084 seconds
[2026-05-09T18:55:31.203+0000] {processor.py:161} INFO - Started process (PID=476) to work on /home/airflow/.local/lib/python3.12/site-packages/airflow/example_dags/tutorial_taskflow_api_virtualenv.py
[2026-05-09T18:55:31.204+0000] {processor.py:830} INFO - Processing file /home/airflow/.local/lib/python3.12/site-packages/airflow/example_dags/tutorial_taskflow_api_virtualenv.py for tasks to queue
[2026-05-09T18:55:31.206+0000] {logging_mixin.py:188} INFO - [2026-05-09T18:55:31.205+0000] {dagbag.py:545} INFO - Filling up the DagBag from /home/airflow/.local/lib/python3.12/site-packages/airflow/example_dags/tutorial_taskflow_api_virtualenv.py
[2026-05-09T18:55:31.214+0000] {processor.py:840} INFO - DAG(s) 'tutorial_taskflow_api_virtualenv' retrieved from /home/airflow/.local/lib/python3.12/site-packages/airflow/example_dags/tutorial_taskflow_api_virtualenv.py
[2026-05-09T18:55:31.235+0000] {logging_mixin.py:188} INFO - [2026-05-09T18:55:31.234+0000] {dag.py:3096} INFO - Sync 1 DAGs
[2026-05-09T18:55:31.247+0000] {logging_mixin.py:188} INFO - [2026-05-09T18:55:31.247+0000] {dag.py:3954} INFO - Setting next_dagrun for tutorial_taskflow_api_virtualenv to None, run_after=None
[2026-05-09T18:55:31.272+0000] {processor.py:183} INFO - Processing /home/airflow/.local/lib/python3.12/site-packages/airflow/example_dags/tutorial_taskflow_api_virtualenv.py took 0.073 seconds
[2026-05-09T18:56:01.505+0000] {processor.py:161} INFO - Started process (PID=534) to work on /home/airflow/.local/lib/python3.12/site-packages/airflow/example_dags/tutorial_taskflow_api_virtualenv.py
[2026-05-09T18:56:01.506+0000] {processor.py:830} INFO - Processing file /home/airflow/.local/lib/python3.12/site-packages/airflow/example_dags/tutorial_taskflow_api_virtualenv.py for tasks to queue
[2026-05-09T18:56:01.508+0000] {logging_mixin.py:188} INFO - [2026-05-09T18:56:01.508+0000] {dagbag.py:545} INFO - Filling up the DagBag from /home/airflow/.local/lib/python3.12/site-packages/airflow/example_dags/tutorial_taskflow_api_virtualenv.py
[2026-05-09T18:56:01.516+0000] {processor.py:840} INFO - DAG(s) 'tutorial_taskflow_api_virtualenv' retrieved from /home/airflow/.local/lib/python3.12/site-packages/airflow/example_dags/tutorial_taskflow_api_virtualenv.py
[2026-05-09T18:56:01.535+0000] {logging_mixin.py:188} INFO - [2026-05-09T18:56:01.535+0000] {dag.py:3096} INFO - Sync 1 DAGs
[2026-05-09T18:56:01.547+0000] {logging_mixin.py:188} INFO - [2026-05-09T18:56:01.547+0000] {dag.py:3954} INFO - Setting next_dagrun for tutorial_taskflow_api_virtualenv to None, run_after=None
[2026-05-09T18:56:01.570+0000] {processor.py:183} INFO - Processing /home/airflow/.local/lib/python3.12/site-packages/airflow/example_dags/tutorial_taskflow_api_virtualenv.py took 0.070 seconds
[2026-05-09T18:56:31.639+0000] {processor.py:161} INFO - Started process (PID=592) to work on /home/airflow/.local/lib/python3.12/site-packages/airflow/example_dags/tutorial_taskflow_api_virtualenv.py
[2026-05-09T18:56:31.640+0000] {processor.py:830} INFO - Processing file /home/airflow/.local/lib/python3.12/site-packages/airflow/example_dags/tutorial_taskflow_api_virtualenv.py for tasks to queue
[2026-05-09T18:56:31.642+0000] {logging_mixin.py:188} INFO - [2026-05-09T18:56:31.642+0000] {dagbag.py:545} INFO - Filling up the DagBag from /home/airflow/.local/lib/python3.12/site-packages/airflow/example_dags/tutorial_taskflow_api_virtualenv.py
[2026-05-09T18:56:31.651+0000] {processor.py:840} INFO - DAG(s) 'tutorial_taskflow_api_virtualenv' retrieved from /home/airflow/.local/lib/python3.12/site-packages/airflow/example_dags/tutorial_taskflow_api_virtualenv.py
[2026-05-09T18:56:31.670+0000] {logging_mixin.py:188} INFO - [2026-05-09T18:56:31.670+0000] {dag.py:3096} INFO - Sync 1 DAGs
[2026-05-09T18:56:31.684+0000] {logging_mixin.py:188} INFO - [2026-05-09T18:56:31.684+0000] {dag.py:3954} INFO - Setting next_dagrun for tutorial_taskflow_api_virtualenv to None, run_after=None
[2026-05-09T18:56:31.714+0000] {processor.py:183} INFO - Processing /home/airflow/.local/lib/python3.12/site-packages/airflow/example_dags/tutorial_taskflow_api_virtualenv.py took 0.080 seconds
[2026-05-09T18:57:02.241+0000] {processor.py:161} INFO - Started process (PID=651) to work on /home/airflow/.local/lib/python3.12/site-packages/airflow/example_dags/tutorial_taskflow_api_virtualenv.py
[2026-05-09T18:57:02.242+0000] {processor.py:830} INFO - Processing file /home/airflow/.local/lib/python3.12/site-packages/airflow/example_dags/tutorial_taskflow_api_virtualenv.py for tasks to queue
[2026-05-09T18:57:02.244+0000] {logging_mixin.py:188} INFO - [2026-05-09T18:57:02.244+0000] {dagbag.py:545} INFO - Filling up the DagBag from /home/airflow/.local/lib/python3.12/site-packages/airflow/example_dags/tutorial_taskflow_api_virtualenv.py
[2026-05-09T18:57:02.254+0000] {processor.py:840} INFO - DAG(s) 'tutorial_taskflow_api_virtualenv' retrieved from /home/airflow/.local/lib/python3.12/site-packages/airflow/example_dags/tutorial_taskflow_api_virtualenv.py
[2026-05-09T18:57:02.277+0000] {logging_mixin.py:188} INFO - [2026-05-09T18:57:02.276+0000] {dag.py:3096} INFO - Sync 1 DAGs
[2026-05-09T18:57:02.289+0000] {logging_mixin.py:188} INFO - [2026-05-09T18:57:02.288+0000] {dag.py:3954} INFO - Setting next_dagrun for tutorial_taskflow_api_virtualenv to None, run_after=None
[2026-05-09T18:57:02.315+0000] {processor.py:183} INFO - Processing /home/airflow/.local/lib/python3.12/site-packages/airflow/example_dags/tutorial_taskflow_api_virtualenv.py took 0.079 seconds
[2026-05-09T18:57:32.960+0000] {processor.py:161} INFO - Started process (PID=710) to work on /home/airflow/.local/lib/python3.12/site-packages/airflow/example_dags/tutorial_taskflow_api_virtualenv.py
[2026-05-09T18:57:32.961+0000] {processor.py:830} INFO - Processing file /home/airflow/.local/lib/python3.12/site-packages/airflow/example_dags/tutorial_taskflow_api_virtualenv.py for tasks to queue
[2026-05-09T18:57:32.963+0000] {logging_mixin.py:188} INFO - [2026-05-09T18:57:32.963+0000] {dagbag.py:545} INFO - Filling up the DagBag from /home/airflow/.local/lib/python3.12/site-packages/airflow/example_dags/tutorial_taskflow_api_virtualenv.py
[2026-05-09T18:57:32.972+0000] {processor.py:840} INFO - DAG(s) 'tutorial_taskflow_api_virtualenv' retrieved from /home/airflow/.local/lib/python3.12/site-packages/airflow/example_dags/tutorial_taskflow_api_virtualenv.py
[2026-05-09T18:57:32.994+0000] {logging_mixin.py:188} INFO - [2026-05-09T18:57:32.993+0000] {dag.py:3096} INFO - Sync 1 DAGs
[2026-05-09T18:57:33.009+0000] {logging_mixin.py:188} INFO - [2026-05-09T18:57:33.009+0000] {dag.py:3954} INFO - Setting next_dagrun for tutorial_taskflow_api_virtualenv to None, run_after=None
[2026-05-09T18:57:33.037+0000] {processor.py:183} INFO - Processing /home/airflow/.local/lib/python3.12/site-packages/airflow/example_dags/tutorial_taskflow_api_virtualenv.py took 0.081 seconds
[2026-05-09T18:58:03.468+0000] {processor.py:161} INFO - Started process (PID=770) to work on /home/airflow/.local/lib/python3.12/site-packages/airflow/example_dags/tutorial_taskflow_api_virtualenv.py
[2026-05-09T18:58:03.469+0000] {processor.py:830} INFO - Processing file /home/airflow/.local/lib/python3.12/site-packages/airflow/example_dags/tutorial_taskflow_api_virtualenv.py for tasks to queue
[2026-05-09T18:58:03.471+0000] {logging_mixin.py:188} INFO - [2026-05-09T18:58:03.471+0000] {dagbag.py:545} INFO - Filling up the DagBag from /home/airflow/.local/lib/python3.12/site-packages/airflow/example_dags/tutorial_taskflow_api_virtualenv.py
[2026-05-09T18:58:03.480+0000] {processor.py:840} INFO - DAG(s) 'tutorial_taskflow_api_virtualenv' retrieved from /home/airflow/.local/lib/python3.12/site-packages/airflow/example_dags/tutorial_taskflow_api_virtualenv.py
[2026-05-09T18:58:03.503+0000] {logging_mixin.py:188} INFO - [2026-05-09T18:58:03.503+0000] {dag.py:3096} INFO - Sync 1 DAGs
[2026-05-09T18:58:03.516+0000] {logging_mixin.py:188} INFO - [2026-05-09T18:58:03.515+0000] {dag.py:3954} INFO - Setting next_dagrun for tutorial_taskflow_api_virtualenv to None, run_after=None
[2026-05-09T18:58:03.542+0000] {processor.py:183} INFO - Processing /home/airflow/.local/lib/python3.12/site-packages/airflow/example_dags/tutorial_taskflow_api_virtualenv.py took 0.081 seconds
[2026-05-09T18:58:34.563+0000] {processor.py:161} INFO - Started process (PID=829) to work on /home/airflow/.local/lib/python3.12/site-packages/airflow/example_dags/tutorial_taskflow_api_virtualenv.py
[2026-05-09T18:58:34.564+0000] {processor.py:830} INFO - Processing file /home/airflow/.local/lib/python3.12/site-packages/airflow/example_dags/tutorial_taskflow_api_virtualenv.py for tasks to queue
[2026-05-09T18:58:34.566+0000] {logging_mixin.py:188} INFO - [2026-05-09T18:58:34.566+0000] {dagbag.py:545} INFO - Filling up the DagBag from /home/airflow/.local/lib/python3.12/site-packages/airflow/example_dags/tutorial_taskflow_api_virtualenv.py
[2026-05-09T18:58:34.577+0000] {processor.py:840} INFO - DAG(s) 'tutorial_taskflow_api_virtualenv' retrieved from /home/airflow/.local/lib/python3.12/site-packages/airflow/example_dags/tutorial_taskflow_api_virtualenv.py
[2026-05-09T18:58:34.601+0000] {logging_mixin.py:188} INFO - [2026-05-09T18:58:34.601+0000] {dag.py:3096} INFO - Sync 1 DAGs
[2026-05-09T18:58:34.615+0000] {logging_mixin.py:188} INFO - [2026-05-09T18:58:34.615+0000] {dag.py:3954} INFO - Setting next_dagrun for tutorial_taskflow_api_virtualenv to None, run_after=None
[2026-05-09T18:58:34.639+0000] {processor.py:183} INFO - Processing /home/airflow/.local/lib/python3.12/site-packages/airflow/example_dags/tutorial_taskflow_api_virtualenv.py took 0.083 seconds
[2026-05-09T18:59:04.745+0000] {processor.py:161} INFO - Started process (PID=882) to work on /home/airflow/.local/lib/python3.12/site-packages/airflow/example_dags/tutorial_taskflow_api_virtualenv.py
[2026-05-09T18:59:04.747+0000] {processor.py:830} INFO - Processing file /home/airflow/.local/lib/python3.12/site-packages/airflow/example_dags/tutorial_taskflow_api_virtualenv.py for tasks to queue
[2026-05-09T18:59:04.749+0000] {logging_mixin.py:188} INFO - [2026-05-09T18:59:04.749+0000] {dagbag.py:545} INFO - Filling up the DagBag from /home/airflow/.local/lib/python3.12/site-packages/airflow/example_dags/tutorial_taskflow_api_virtualenv.py
[2026-05-09T18:59:04.758+0000] {processor.py:840} INFO - DAG(s) 'tutorial_taskflow_api_virtualenv' retrieved from /home/airflow/.local/lib/python3.12/site-packages/airflow/example_dags/tutorial_taskflow_api_virtualenv.py
[2026-05-09T18:59:04.779+0000] {logging_mixin.py:188} INFO - [2026-05-09T18:59:04.779+0000] {dag.py:3096} INFO - Sync 1 DAGs
[2026-05-09T18:59:04.792+0000] {logging_mixin.py:188} INFO - [2026-05-09T18:59:04.791+0000] {dag.py:3954} INFO - Setting next_dagrun for tutorial_taskflow_api_virtualenv to None, run_after=None
[2026-05-09T18:59:04.819+0000] {processor.py:183} INFO - Processing /home/airflow/.local/lib/python3.12/site-packages/airflow/example_dags/tutorial_taskflow_api_virtualenv.py took 0.079 seconds
[2026-05-09T18:59:35.057+0000] {processor.py:161} INFO - Started process (PID=941) to work on /home/airflow/.local/lib/python3.12/site-packages/airflow/example_dags/tutorial_taskflow_api_virtualenv.py
[2026-05-09T18:59:35.058+0000] {processor.py:830} INFO - Processing file /home/airflow/.local/lib/python3.12/site-packages/airflow/example_dags/tutorial_taskflow_api_virtualenv.py for tasks to queue
[2026-05-09T18:59:35.060+0000] {logging_mixin.py:188} INFO - [2026-05-09T18:59:35.060+0000] {dagbag.py:545} INFO - Filling up the DagBag from /home/airflow/.local/lib/python3.12/site-packages/airflow/example_dags/tutorial_taskflow_api_virtualenv.py
[2026-05-09T18:59:35.070+0000] {processor.py:840} INFO - DAG(s) 'tutorial_taskflow_api_virtualenv' retrieved from /home/airflow/.local/lib/python3.12/site-packages/airflow/example_dags/tutorial_taskflow_api_virtualenv.py
[2026-05-09T18:59:35.090+0000] {logging_mixin.py:188} INFO - [2026-05-09T18:59:35.090+0000] {dag.py:3096} INFO - Sync 1 DAGs
[2026-05-09T18:59:35.103+0000] {logging_mixin.py:188} INFO - [2026-05-09T18:59:35.103+0000] {dag.py:3954} INFO - Setting next_dagrun for tutorial_taskflow_api_virtualenv to None, run_after=None
[2026-05-09T18:59:35.132+0000] {processor.py:183} INFO - Processing /home/airflow/.local/lib/python3.12/site-packages/airflow/example_dags/tutorial_taskflow_api_virtualenv.py took 0.080 seconds
[2026-05-09T19:00:05.917+0000] {processor.py:161} INFO - Started process (PID=1000) to work on /home/airflow/.local/lib/python3.12/site-packages/airflow/example_dags/tutorial_taskflow_api_virtualenv.py
[2026-05-09T19:00:05.918+0000] {processor.py:830} INFO - Processing file /home/airflow/.local/lib/python3.12/site-packages/airflow/example_dags/tutorial_taskflow_api_virtualenv.py for tasks to queue
[2026-05-09T19:00:05.920+0000] {logging_mixin.py:188} INFO - [2026-05-09T19:00:05.920+0000] {dagbag.py:545} INFO - Filling up the DagBag from /home/airflow/.local/lib/python3.12/site-packages/airflow/example_dags/tutorial_taskflow_api_virtualenv.py
[2026-05-09T19:00:05.929+0000] {processor.py:840} INFO - DAG(s) 'tutorial_taskflow_api_virtualenv' retrieved from /home/airflow/.local/lib/python3.12/site-packages/airflow/example_dags/tutorial_taskflow_api_virtualenv.py
[2026-05-09T19:00:05.951+0000] {logging_mixin.py:188} INFO - [2026-05-09T19:00:05.951+0000] {dag.py:3096} INFO - Sync 1 DAGs
[2026-05-09T19:00:05.965+0000] {logging_mixin.py:188} INFO - [2026-05-09T19:00:05.965+0000] {dag.py:3954} INFO - Setting next_dagrun for tutorial_taskflow_api_virtualenv to None, run_after=None
[2026-05-09T19:00:05.991+0000] {processor.py:183} INFO - Processing /home/airflow/.local/lib/python3.12/site-packages/airflow/example_dags/tutorial_taskflow_api_virtualenv.py took 0.079 seconds
[2026-05-09T19:00:36.704+0000] {processor.py:161} INFO - Started process (PID=1059) to work on /home/airflow/.local/lib/python3.12/site-packages/airflow/example_dags/tutorial_taskflow_api_virtualenv.py
[2026-05-09T19:00:36.706+0000] {processor.py:830} INFO - Processing file /home/airflow/.local/lib/python3.12/site-packages/airflow/example_dags/tutorial_taskflow_api_virtualenv.py for tasks to queue
[2026-05-09T19:00:36.708+0000] {logging_mixin.py:188} INFO - [2026-05-09T19:00:36.707+0000] {dagbag.py:545} INFO - Filling up the DagBag from /home/airflow/.local/lib/python3.12/site-packages/airflow/example_dags/tutorial_taskflow_api_virtualenv.py
[2026-05-09T19:00:36.717+0000] {processor.py:840} INFO - DAG(s) 'tutorial_taskflow_api_virtualenv' retrieved from /home/airflow/.local/lib/python3.12/site-packages/airflow/example_dags/tutorial_taskflow_api_virtualenv.py
[2026-05-09T19:00:36.746+0000] {logging_mixin.py:188} INFO - [2026-05-09T19:00:36.746+0000] {dag.py:3096} INFO - Sync 1 DAGs
[2026-05-09T19:00:36.761+0000] {logging_mixin.py:188} INFO - [2026-05-09T19:00:36.760+0000] {dag.py:3954} INFO - Setting next_dagrun for tutorial_taskflow_api_virtualenv to None, run_after=None
[2026-05-09T19:00:36.789+0000] {processor.py:183} INFO - Processing /home/airflow/.local/lib/python3.12/site-packages/airflow/example_dags/tutorial_taskflow_api_virtualenv.py took 0.090 seconds
[2026-05-09T19:01:07.249+0000] {processor.py:161} INFO - Started process (PID=1118) to work on /home/airflow/.local/lib/python3.12/site-packages/airflow/example_dags/tutorial_taskflow_api_virtualenv.py
[2026-05-09T19:01:07.250+0000] {processor.py:830} INFO - Processing file /home/airflow/.local/lib/python3.12/site-packages/airflow/example_dags/tutorial_taskflow_api_virtualenv.py for tasks to queue
[2026-05-09T19:01:07.252+0000] {logging_mixin.py:188} INFO - [2026-05-09T19:01:07.252+0000] {dagbag.py:545} INFO - Filling up the DagBag from /home/airflow/.local/lib/python3.12/site-packages/airflow/example_dags/tutorial_taskflow_api_virtualenv.py
[2026-05-09T19:01:07.262+0000] {processor.py:840} INFO - DAG(s) 'tutorial_taskflow_api_virtualenv' retrieved from /home/airflow/.local/lib/python3.12/site-packages/airflow/example_dags/tutorial_taskflow_api_virtualenv.py
[2026-05-09T19:01:07.283+0000] {logging_mixin.py:188} INFO - [2026-05-09T19:01:07.282+0000] {dag.py:3096} INFO - Sync 1 DAGs
[2026-05-09T19:01:07.295+0000] {logging_mixin.py:188} INFO - [2026-05-09T19:01:07.294+0000] {dag.py:3954} INFO - Setting next_dagrun for tutorial_taskflow_api_virtualenv to None, run_after=None
[2026-05-09T19:01:07.321+0000] {processor.py:183} INFO - Processing /home/airflow/.local/lib/python3.12/site-packages/airflow/example_dags/tutorial_taskflow_api_virtualenv.py took 0.078 seconds
[2026-05-09T19:01:38.246+0000] {processor.py:161} INFO - Started process (PID=1177) to work on /home/airflow/.local/lib/python3.12/site-packages/airflow/example_dags/tutorial_taskflow_api_virtualenv.py
[2026-05-09T19:01:38.248+0000] {processor.py:830} INFO - Processing file /home/airflow/.local/lib/python3.12/site-packages/airflow/example_dags/tutorial_taskflow_api_virtualenv.py for tasks to queue
[2026-05-09T19:01:38.250+0000] {logging_mixin.py:188} INFO - [2026-05-09T19:01:38.250+0000] {dagbag.py:545} INFO - Filling up the DagBag from /home/airflow/.local/lib/python3.12/site-packages/airflow/example_dags/tutorial_taskflow_api_virtualenv.py
[2026-05-09T19:01:38.263+0000] {processor.py:840} INFO - DAG(s) 'tutorial_taskflow_api_virtualenv' retrieved from /home/airflow/.local/lib/python3.12/site-packages/airflow/example_dags/tutorial_taskflow_api_virtualenv.py
[2026-05-09T19:01:38.293+0000] {logging_mixin.py:188} INFO - [2026-05-09T19:01:38.292+0000] {dag.py:3096} INFO - Sync 1 DAGs
[2026-05-09T19:01:38.310+0000] {logging_mixin.py:188} INFO - [2026-05-09T19:01:38.309+0000] {dag.py:3954} INFO - Setting next_dagrun for tutorial_taskflow_api_virtualenv to None, run_after=None
[2026-05-09T19:01:38.351+0000] {processor.py:183} INFO - Processing /home/airflow/.local/lib/python3.12/site-packages/airflow/example_dags/tutorial_taskflow_api_virtualenv.py took 0.111 seconds
[2026-05-09T19:02:08.820+0000] {processor.py:161} INFO - Started process (PID=1236) to work on /home/airflow/.local/lib/python3.12/site-packages/airflow/example_dags/tutorial_taskflow_api_virtualenv.py
[2026-05-09T19:02:08.821+0000] {processor.py:830} INFO - Processing file /home/airflow/.local/lib/python3.12/site-packages/airflow/example_dags/tutorial_taskflow_api_virtualenv.py for tasks to queue
[2026-05-09T19:02:08.823+0000] {logging_mixin.py:188} INFO - [2026-05-09T19:02:08.823+0000] {dagbag.py:545} INFO - Filling up the DagBag from /home/airflow/.local/lib/python3.12/site-packages/airflow/example_dags/tutorial_taskflow_api_virtualenv.py
[2026-05-09T19:02:08.833+0000] {processor.py:840} INFO - DAG(s) 'tutorial_taskflow_api_virtualenv' retrieved from /home/airflow/.local/lib/python3.12/site-packages/airflow/example_dags/tutorial_taskflow_api_virtualenv.py
[2026-05-09T19:02:08.852+0000] {logging_mixin.py:188} INFO - [2026-05-09T19:02:08.852+0000] {dag.py:3096} INFO - Sync 1 DAGs
[2026-05-09T19:02:08.865+0000] {logging_mixin.py:188} INFO - [2026-05-09T19:02:08.865+0000] {dag.py:3954} INFO - Setting next_dagrun for tutorial_taskflow_api_virtualenv to None, run_after=None
[2026-05-09T19:02:08.888+0000] {processor.py:183} INFO - Processing /home/airflow/.local/lib/python3.12/site-packages/airflow/example_dags/tutorial_taskflow_api_virtualenv.py took 0.073 seconds
[2026-05-09T19:02:39.375+0000] {processor.py:161} INFO - Started process (PID=1295) to work on /home/airflow/.local/lib/python3.12/site-packages/airflow/example_dags/tutorial_taskflow_api_virtualenv.py
[2026-05-09T19:02:39.376+0000] {processor.py:830} INFO - Processing file /home/airflow/.local/lib/python3.12/site-packages/airflow/example_dags/tutorial_taskflow_api_virtualenv.py for tasks to queue
[2026-05-09T19:02:39.379+0000] {logging_mixin.py:188} INFO - [2026-05-09T19:02:39.379+0000] {dagbag.py:545} INFO - Filling up the DagBag from /home/airflow/.local/lib/python3.12/site-packages/airflow/example_dags/tutorial_taskflow_api_virtualenv.py
[2026-05-09T19:02:39.391+0000] {processor.py:840} INFO - DAG(s) 'tutorial_taskflow_api_virtualenv' retrieved from /home/airflow/.local/lib/python3.12/site-packages/airflow/example_dags/tutorial_taskflow_api_virtualenv.py
[2026-05-09T19:02:39.414+0000] {logging_mixin.py:188} INFO - [2026-05-09T19:02:39.414+0000] {dag.py:3096} INFO - Sync 1 DAGs
[2026-05-09T19:02:39.427+0000] {logging_mixin.py:188} INFO - [2026-05-09T19:02:39.427+0000] {dag.py:3954} INFO - Setting next_dagrun for tutorial_taskflow_api_virtualenv to None, run_after=None
[2026-05-09T19:02:39.454+0000] {processor.py:183} INFO - Processing /home/airflow/.local/lib/python3.12/site-packages/airflow/example_dags/tutorial_taskflow_api_virtualenv.py took 0.086 seconds
[2026-05-09T19:03:09.538+0000] {processor.py:161} INFO - Started process (PID=1354) to work on /home/airflow/.local/lib/python3.12/site-packages/airflow/example_dags/tutorial_taskflow_api_virtualenv.py
[2026-05-09T19:03:09.539+0000] {processor.py:830} INFO - Processing file /home/airflow/.local/lib/python3.12/site-packages/airflow/example_dags/tutorial_taskflow_api_virtualenv.py for tasks to queue
[2026-05-09T19:03:09.541+0000] {logging_mixin.py:188} INFO - [2026-05-09T19:03:09.541+0000] {dagbag.py:545} INFO - Filling up the DagBag from /home/airflow/.local/lib/python3.12/site-packages/airflow/example_dags/tutorial_taskflow_api_virtualenv.py
[2026-05-09T19:03:09.551+0000] {processor.py:840} INFO - DAG(s) 'tutorial_taskflow_api_virtualenv' retrieved from /home/airflow/.local/lib/python3.12/site-packages/airflow/example_dags/tutorial_taskflow_api_virtualenv.py
[2026-05-09T19:03:09.572+0000] {logging_mixin.py:188} INFO - [2026-05-09T19:03:09.572+0000] {dag.py:3096} INFO - Sync 1 DAGs
[2026-05-09T19:03:09.585+0000] {logging_mixin.py:188} INFO - [2026-05-09T19:03:09.584+0000] {dag.py:3954} INFO - Setting next_dagrun for tutorial_taskflow_api_virtualenv to None, run_after=None
[2026-05-09T19:03:09.639+0000] {processor.py:183} INFO - Processing /home/airflow/.local/lib/python3.12/site-packages/airflow/example_dags/tutorial_taskflow_api_virtualenv.py took 0.106 seconds
[2026-05-09T19:03:40.440+0000] {processor.py:161} INFO - Started process (PID=1413) to work on /home/airflow/.local/lib/python3.12/site-packages/airflow/example_dags/tutorial_taskflow_api_virtualenv.py
[2026-05-09T19:03:40.441+0000] {processor.py:830} INFO - Processing file /home/airflow/.local/lib/python3.12/site-packages/airflow/example_dags/tutorial_taskflow_api_virtualenv.py for tasks to queue
[2026-05-09T19:03:40.443+0000] {logging_mixin.py:188} INFO - [2026-05-09T19:03:40.443+0000] {dagbag.py:545} INFO - Filling up the DagBag from /home/airflow/.local/lib/python3.12/site-packages/airflow/example_dags/tutorial_taskflow_api_virtualenv.py
[2026-05-09T19:03:40.453+0000] {processor.py:840} INFO - DAG(s) 'tutorial_taskflow_api_virtualenv' retrieved from /home/airflow/.local/lib/python3.12/site-packages/airflow/example_dags/tutorial_taskflow_api_virtualenv.py
[2026-05-09T19:03:40.475+0000] {logging_mixin.py:188} INFO - [2026-05-09T19:03:40.475+0000] {dag.py:3096} INFO - Sync 1 DAGs
[2026-05-09T19:03:40.488+0000] {logging_mixin.py:188} INFO - [2026-05-09T19:03:40.488+0000] {dag.py:3954} INFO - Setting next_dagrun for tutorial_taskflow_api_virtualenv to None, run_after=None
[2026-05-09T19:03:40.515+0000] {processor.py:183} INFO - Processing /home/airflow/.local/lib/python3.12/site-packages/airflow/example_dags/tutorial_taskflow_api_virtualenv.py took 0.081 seconds
[2026-05-09T19:04:10.966+0000] {processor.py:161} INFO - Started process (PID=1472) to work on /home/airflow/.local/lib/python3.12/site-packages/airflow/example_dags/tutorial_taskflow_api_virtualenv.py
[2026-05-09T19:04:10.967+0000] {processor.py:830} INFO - Processing file /home/airflow/.local/lib/python3.12/site-packages/airflow/example_dags/tutorial_taskflow_api_virtualenv.py for tasks to queue
[2026-05-09T19:04:10.970+0000] {logging_mixin.py:188} INFO - [2026-05-09T19:04:10.969+0000] {dagbag.py:545} INFO - Filling up the DagBag from /home/airflow/.local/lib/python3.12/site-packages/airflow/example_dags/tutorial_taskflow_api_virtualenv.py
[2026-05-09T19:04:10.978+0000] {processor.py:840} INFO - DAG(s) 'tutorial_taskflow_api_virtualenv' retrieved from /home/airflow/.local/lib/python3.12/site-packages/airflow/example_dags/tutorial_taskflow_api_virtualenv.py
[2026-05-09T19:04:11.002+0000] {logging_mixin.py:188} INFO - [2026-05-09T19:04:11.001+0000] {dag.py:3096} INFO - Sync 1 DAGs
[2026-05-09T19:04:11.015+0000] {logging_mixin.py:188} INFO - [2026-05-09T19:04:11.014+0000] {dag.py:3954} INFO - Setting next_dagrun for tutorial_taskflow_api_virtualenv to None, run_after=None
[2026-05-09T19:04:11.036+0000] {processor.py:183} INFO - Processing /home/airflow/.local/lib/python3.12/site-packages/airflow/example_dags/tutorial_taskflow_api_virtualenv.py took 0.075 seconds
[2026-05-09T19:04:41.520+0000] {processor.py:161} INFO - Started process (PID=1531) to work on /home/airflow/.local/lib/python3.12/site-packages/airflow/example_dags/tutorial_taskflow_api_virtualenv.py
[2026-05-09T19:04:41.521+0000] {processor.py:830} INFO - Processing file /home/airflow/.local/lib/python3.12/site-packages/airflow/example_dags/tutorial_taskflow_api_virtualenv.py for tasks to queue
[2026-05-09T19:04:41.523+0000] {logging_mixin.py:188} INFO - [2026-05-09T19:04:41.523+0000] {dagbag.py:545} INFO - Filling up the DagBag from /home/airflow/.local/lib/python3.12/site-packages/airflow/example_dags/tutorial_taskflow_api_virtualenv.py
[2026-05-09T19:04:41.534+0000] {processor.py:840} INFO - DAG(s) 'tutorial_taskflow_api_virtualenv' retrieved from /home/airflow/.local/lib/python3.12/site-packages/airflow/example_dags/tutorial_taskflow_api_virtualenv.py
[2026-05-09T19:04:41.557+0000] {logging_mixin.py:188} INFO - [2026-05-09T19:04:41.557+0000] {dag.py:3096} INFO - Sync 1 DAGs
[2026-05-09T19:04:41.573+0000] {logging_mixin.py:188} INFO - [2026-05-09T19:04:41.572+0000] {dag.py:3954} INFO - Setting next_dagrun for tutorial_taskflow_api_virtualenv to None, run_after=None
[2026-05-09T19:04:41.599+0000] {processor.py:183} INFO - Processing /home/airflow/.local/lib/python3.12/site-packages/airflow/example_dags/tutorial_taskflow_api_virtualenv.py took 0.085 seconds
[2026-05-09T19:05:11.802+0000] {processor.py:161} INFO - Started process (PID=1590) to work on /home/airflow/.local/lib/python3.12/site-packages/airflow/example_dags/tutorial_taskflow_api_virtualenv.py
[2026-05-09T19:05:11.803+0000] {processor.py:830} INFO - Processing file /home/airflow/.local/lib/python3.12/site-packages/airflow/example_dags/tutorial_taskflow_api_virtualenv.py for tasks to queue
[2026-05-09T19:05:11.806+0000] {logging_mixin.py:188} INFO - [2026-05-09T19:05:11.805+0000] {dagbag.py:545} INFO - Filling up the DagBag from /home/airflow/.local/lib/python3.12/site-packages/airflow/example_dags/tutorial_taskflow_api_virtualenv.py
[2026-05-09T19:05:11.817+0000] {processor.py:840} INFO - DAG(s) 'tutorial_taskflow_api_virtualenv' retrieved from /home/airflow/.local/lib/python3.12/site-packages/airflow/example_dags/tutorial_taskflow_api_virtualenv.py
[2026-05-09T19:05:11.841+0000] {logging_mixin.py:188} INFO - [2026-05-09T19:05:11.841+0000] {dag.py:3096} INFO - Sync 1 DAGs
[2026-05-09T19:05:11.855+0000] {logging_mixin.py:188} INFO - [2026-05-09T19:05:11.855+0000] {dag.py:3954} INFO - Setting next_dagrun for tutorial_taskflow_api_virtualenv to None, run_after=None
[2026-05-09T19:05:11.882+0000] {processor.py:183} INFO - Processing /home/airflow/.local/lib/python3.12/site-packages/airflow/example_dags/tutorial_taskflow_api_virtualenv.py took 0.085 seconds
[2026-05-09T19:05:42.142+0000] {processor.py:161} INFO - Started process (PID=1649) to work on /home/airflow/.local/lib/python3.12/site-packages/airflow/example_dags/tutorial_taskflow_api_virtualenv.py
[2026-05-09T19:05:42.144+0000] {processor.py:830} INFO - Processing file /home/airflow/.local/lib/python3.12/site-packages/airflow/example_dags/tutorial_taskflow_api_virtualenv.py for tasks to queue
[2026-05-09T19:05:42.146+0000] {logging_mixin.py:188} INFO - [2026-05-09T19:05:42.146+0000] {dagbag.py:545} INFO - Filling up the DagBag from /home/airflow/.local/lib/python3.12/site-packages/airflow/example_dags/tutorial_taskflow_api_virtualenv.py
[2026-05-09T19:05:42.155+0000] {processor.py:840} INFO - DAG(s) 'tutorial_taskflow_api_virtualenv' retrieved from /home/airflow/.local/lib/python3.12/site-packages/airflow/example_dags/tutorial_taskflow_api_virtualenv.py
[2026-05-09T19:05:42.175+0000] {logging_mixin.py:188} INFO - [2026-05-09T19:05:42.175+0000] {dag.py:3096} INFO - Sync 1 DAGs
[2026-05-09T19:05:42.187+0000] {logging_mixin.py:188} INFO - [2026-05-09T19:05:42.187+0000] {dag.py:3954} INFO - Setting next_dagrun for tutorial_taskflow_api_virtualenv to None, run_after=None
[2026-05-09T19:05:42.209+0000] {processor.py:183} INFO - Processing /home/airflow/.local/lib/python3.12/site-packages/airflow/example_dags/tutorial_taskflow_api_virtualenv.py took 0.073 seconds
[2026-05-09T19:06:12.265+0000] {processor.py:161} INFO - Started process (PID=1708) to work on /home/airflow/.local/lib/python3.12/site-packages/airflow/example_dags/tutorial_taskflow_api_virtualenv.py
[2026-05-09T19:06:12.266+0000] {processor.py:830} INFO - Processing file /home/airflow/.local/lib/python3.12/site-packages/airflow/example_dags/tutorial_taskflow_api_virtualenv.py for tasks to queue
[2026-05-09T19:06:12.269+0000] {logging_mixin.py:188} INFO - [2026-05-09T19:06:12.268+0000] {dagbag.py:545} INFO - Filling up the DagBag from /home/airflow/.local/lib/python3.12/site-packages/airflow/example_dags/tutorial_taskflow_api_virtualenv.py
[2026-05-09T19:06:12.279+0000] {processor.py:840} INFO - DAG(s) 'tutorial_taskflow_api_virtualenv' retrieved from /home/airflow/.local/lib/python3.12/site-packages/airflow/example_dags/tutorial_taskflow_api_virtualenv.py
[2026-05-09T19:06:12.300+0000] {logging_mixin.py:188} INFO - [2026-05-09T19:06:12.300+0000] {dag.py:3096} INFO - Sync 1 DAGs
[2026-05-09T19:06:12.314+0000] {logging_mixin.py:188} INFO - [2026-05-09T19:06:12.313+0000] {dag.py:3954} INFO - Setting next_dagrun for tutorial_taskflow_api_virtualenv to None, run_after=None
[2026-05-09T19:06:12.340+0000] {processor.py:183} INFO - Processing /home/airflow/.local/lib/python3.12/site-packages/airflow/example_dags/tutorial_taskflow_api_virtualenv.py took 0.081 seconds
[2026-05-09T19:06:42.666+0000] {processor.py:161} INFO - Started process (PID=1767) to work on /home/airflow/.local/lib/python3.12/site-packages/airflow/example_dags/tutorial_taskflow_api_virtualenv.py
[2026-05-09T19:06:42.667+0000] {processor.py:830} INFO - Processing file /home/airflow/.local/lib/python3.12/site-packages/airflow/example_dags/tutorial_taskflow_api_virtualenv.py for tasks to queue
[2026-05-09T19:06:42.669+0000] {logging_mixin.py:188} INFO - [2026-05-09T19:06:42.669+0000] {dagbag.py:545} INFO - Filling up the DagBag from /home/airflow/.local/lib/python3.12/site-packages/airflow/example_dags/tutorial_taskflow_api_virtualenv.py
[2026-05-09T19:06:42.680+0000] {processor.py:840} INFO - DAG(s) 'tutorial_taskflow_api_virtualenv' retrieved from /home/airflow/.local/lib/python3.12/site-packages/airflow/example_dags/tutorial_taskflow_api_virtualenv.py
[2026-05-09T19:06:42.703+0000] {logging_mixin.py:188} INFO - [2026-05-09T19:06:42.703+0000] {dag.py:3096} INFO - Sync 1 DAGs
[2026-05-09T19:06:42.717+0000] {logging_mixin.py:188} INFO - [2026-05-09T19:06:42.716+0000] {dag.py:3954} INFO - Setting next_dagrun for tutorial_taskflow_api_virtualenv to None, run_after=None
[2026-05-09T19:06:42.743+0000] {processor.py:183} INFO - Processing /home/airflow/.local/lib/python3.12/site-packages/airflow/example_dags/tutorial_taskflow_api_virtualenv.py took 0.083 seconds
[2026-05-09T19:07:13.820+0000] {processor.py:161} INFO - Started process (PID=1826) to work on /home/airflow/.local/lib/python3.12/site-packages/airflow/example_dags/tutorial_taskflow_api_virtualenv.py
[2026-05-09T19:07:13.821+0000] {processor.py:830} INFO - Processing file /home/airflow/.local/lib/python3.12/site-packages/airflow/example_dags/tutorial_taskflow_api_virtualenv.py for tasks to queue
[2026-05-09T19:07:13.823+0000] {logging_mixin.py:188} INFO - [2026-05-09T19:07:13.823+0000] {dagbag.py:545} INFO - Filling up the DagBag from /home/airflow/.local/lib/python3.12/site-packages/airflow/example_dags/tutorial_taskflow_api_virtualenv.py
[2026-05-09T19:07:13.833+0000] {processor.py:840} INFO - DAG(s) 'tutorial_taskflow_api_virtualenv' retrieved from /home/airflow/.local/lib/python3.12/site-packages/airflow/example_dags/tutorial_taskflow_api_virtualenv.py
[2026-05-09T19:07:13.854+0000] {logging_mixin.py:188} INFO - [2026-05-09T19:07:13.854+0000] {dag.py:3096} INFO - Sync 1 DAGs
[2026-05-09T19:07:13.867+0000] {logging_mixin.py:188} INFO - [2026-05-09T19:07:13.867+0000] {dag.py:3954} INFO - Setting next_dagrun for tutorial_taskflow_api_virtualenv to None, run_after=None
[2026-05-09T19:07:13.893+0000] {processor.py:183} INFO - Processing /home/airflow/.local/lib/python3.12/site-packages/airflow/example_dags/tutorial_taskflow_api_virtualenv.py took 0.079 seconds
[2026-05-09T19:07:44.180+0000] {processor.py:161} INFO - Started process (PID=1885) to work on /home/airflow/.local/lib/python3.12/site-packages/airflow/example_dags/tutorial_taskflow_api_virtualenv.py
[2026-05-09T19:07:44.181+0000] {processor.py:830} INFO - Processing file /home/airflow/.local/lib/python3.12/site-packages/airflow/example_dags/tutorial_taskflow_api_virtualenv.py for tasks to queue
[2026-05-09T19:07:44.183+0000] {logging_mixin.py:188} INFO - [2026-05-09T19:07:44.183+0000] {dagbag.py:545} INFO - Filling up the DagBag from /home/airflow/.local/lib/python3.12/site-packages/airflow/example_dags/tutorial_taskflow_api_virtualenv.py
[2026-05-09T19:07:44.193+0000] {processor.py:840} INFO - DAG(s) 'tutorial_taskflow_api_virtualenv' retrieved from /home/airflow/.local/lib/python3.12/site-packages/airflow/example_dags/tutorial_taskflow_api_virtualenv.py
[2026-05-09T19:07:44.213+0000] {logging_mixin.py:188} INFO - [2026-05-09T19:07:44.213+0000] {dag.py:3096} INFO - Sync 1 DAGs
[2026-05-09T19:07:44.226+0000] {logging_mixin.py:188} INFO - [2026-05-09T19:07:44.226+0000] {dag.py:3954} INFO - Setting next_dagrun for tutorial_taskflow_api_virtualenv to None, run_after=None
[2026-05-09T19:07:44.251+0000] {processor.py:183} INFO - Processing /home/airflow/.local/lib/python3.12/site-packages/airflow/example_dags/tutorial_taskflow_api_virtualenv.py took 0.076 seconds
[2026-05-09T19:08:14.897+0000] {processor.py:161} INFO - Started process (PID=1944) to work on /home/airflow/.local/lib/python3.12/site-packages/airflow/example_dags/tutorial_taskflow_api_virtualenv.py
[2026-05-09T19:08:14.898+0000] {processor.py:830} INFO - Processing file /home/airflow/.local/lib/python3.12/site-packages/airflow/example_dags/tutorial_taskflow_api_virtualenv.py for tasks to queue
[2026-05-09T19:08:14.901+0000] {logging_mixin.py:188} INFO - [2026-05-09T19:08:14.901+0000] {dagbag.py:545} INFO - Filling up the DagBag from /home/airflow/.local/lib/python3.12/site-packages/airflow/example_dags/tutorial_taskflow_api_virtualenv.py
[2026-05-09T19:08:14.911+0000] {processor.py:840} INFO - DAG(s) 'tutorial_taskflow_api_virtualenv' retrieved from /home/airflow/.local/lib/python3.12/site-packages/airflow/example_dags/tutorial_taskflow_api_virtualenv.py
[2026-05-09T19:08:14.937+0000] {logging_mixin.py:188} INFO - [2026-05-09T19:08:14.937+0000] {dag.py:3096} INFO - Sync 1 DAGs
[2026-05-09T19:08:14.952+0000] {logging_mixin.py:188} INFO - [2026-05-09T19:08:14.952+0000] {dag.py:3954} INFO - Setting next_dagrun for tutorial_taskflow_api_virtualenv to None, run_after=None
[2026-05-09T19:08:14.977+0000] {processor.py:183} INFO - Processing /home/airflow/.local/lib/python3.12/site-packages/airflow/example_dags/tutorial_taskflow_api_virtualenv.py took 0.085 seconds
[2026-05-09T19:08:45.119+0000] {processor.py:161} INFO - Started process (PID=2003) to work on /home/airflow/.local/lib/python3.12/site-packages/airflow/example_dags/tutorial_taskflow_api_virtualenv.py
[2026-05-09T19:08:45.120+0000] {processor.py:830} INFO - Processing file /home/airflow/.local/lib/python3.12/site-packages/airflow/example_dags/tutorial_taskflow_api_virtualenv.py for tasks to queue
[2026-05-09T19:08:45.123+0000] {logging_mixin.py:188} INFO - [2026-05-09T19:08:45.122+0000] {dagbag.py:545} INFO - Filling up the DagBag from /home/airflow/.local/lib/python3.12/site-packages/airflow/example_dags/tutorial_taskflow_api_virtualenv.py
[2026-05-09T19:08:45.133+0000] {processor.py:840} INFO - DAG(s) 'tutorial_taskflow_api_virtualenv' retrieved from /home/airflow/.local/lib/python3.12/site-packages/airflow/example_dags/tutorial_taskflow_api_virtualenv.py
[2026-05-09T19:08:45.158+0000] {logging_mixin.py:188} INFO - [2026-05-09T19:08:45.158+0000] {dag.py:3096} INFO - Sync 1 DAGs
[2026-05-09T19:08:45.171+0000] {logging_mixin.py:188} INFO - [2026-05-09T19:08:45.171+0000] {dag.py:3954} INFO - Setting next_dagrun for tutorial_taskflow_api_virtualenv to None, run_after=None
[2026-05-09T19:08:45.196+0000] {processor.py:183} INFO - Processing /home/airflow/.local/lib/python3.12/site-packages/airflow/example_dags/tutorial_taskflow_api_virtualenv.py took 0.082 seconds
[2026-05-09T19:09:15.462+0000] {processor.py:161} INFO - Started process (PID=2062) to work on /home/airflow/.local/lib/python3.12/site-packages/airflow/example_dags/tutorial_taskflow_api_virtualenv.py
[2026-05-09T19:09:15.463+0000] {processor.py:830} INFO - Processing file /home/airflow/.local/lib/python3.12/site-packages/airflow/example_dags/tutorial_taskflow_api_virtualenv.py for tasks to queue
[2026-05-09T19:09:15.465+0000] {logging_mixin.py:188} INFO - [2026-05-09T19:09:15.465+0000] {dagbag.py:545} INFO - Filling up the DagBag from /home/airflow/.local/lib/python3.12/site-packages/airflow/example_dags/tutorial_taskflow_api_virtualenv.py
[2026-05-09T19:09:15.474+0000] {processor.py:840} INFO - DAG(s) 'tutorial_taskflow_api_virtualenv' retrieved from /home/airflow/.local/lib/python3.12/site-packages/airflow/example_dags/tutorial_taskflow_api_virtualenv.py
[2026-05-09T19:09:15.497+0000] {logging_mixin.py:188} INFO - [2026-05-09T19:09:15.497+0000] {dag.py:3096} INFO - Sync 1 DAGs
[2026-05-09T19:09:15.515+0000] {logging_mixin.py:188} INFO - [2026-05-09T19:09:15.515+0000] {dag.py:3954} INFO - Setting next_dagrun for tutorial_taskflow_api_virtualenv to None, run_after=None
[2026-05-09T19:09:15.542+0000] {processor.py:183} INFO - Processing /home/airflow/.local/lib/python3.12/site-packages/airflow/example_dags/tutorial_taskflow_api_virtualenv.py took 0.085 seconds
[2026-05-09T19:09:45.645+0000] {processor.py:161} INFO - Started process (PID=2121) to work on /home/airflow/.local/lib/python3.12/site-packages/airflow/example_dags/tutorial_taskflow_api_virtualenv.py
[2026-05-09T19:09:45.646+0000] {processor.py:830} INFO - Processing file /home/airflow/.local/lib/python3.12/site-packages/airflow/example_dags/tutorial_taskflow_api_virtualenv.py for tasks to queue
[2026-05-09T19:09:45.648+0000] {logging_mixin.py:188} INFO - [2026-05-09T19:09:45.647+0000] {dagbag.py:545} INFO - Filling up the DagBag from /home/airflow/.local/lib/python3.12/site-packages/airflow/example_dags/tutorial_taskflow_api_virtualenv.py
[2026-05-09T19:09:45.658+0000] {processor.py:840} INFO - DAG(s) 'tutorial_taskflow_api_virtualenv' retrieved from /home/airflow/.local/lib/python3.12/site-packages/airflow/example_dags/tutorial_taskflow_api_virtualenv.py
[2026-05-09T19:09:45.678+0000] {logging_mixin.py:188} INFO - [2026-05-09T19:09:45.678+0000] {dag.py:3096} INFO - Sync 1 DAGs
[2026-05-09T19:09:45.691+0000] {logging_mixin.py:188} INFO - [2026-05-09T19:09:45.691+0000] {dag.py:3954} INFO - Setting next_dagrun for tutorial_taskflow_api_virtualenv to None, run_after=None
[2026-05-09T19:09:45.719+0000] {processor.py:183} INFO - Processing /home/airflow/.local/lib/python3.12/site-packages/airflow/example_dags/tutorial_taskflow_api_virtualenv.py took 0.079 seconds
[2026-05-09T19:10:16.217+0000] {processor.py:161} INFO - Started process (PID=2179) to work on /home/airflow/.local/lib/python3.12/site-packages/airflow/example_dags/tutorial_taskflow_api_virtualenv.py
[2026-05-09T19:10:16.218+0000] {processor.py:830} INFO - Processing file /home/airflow/.local/lib/python3.12/site-packages/airflow/example_dags/tutorial_taskflow_api_virtualenv.py for tasks to queue
[2026-05-09T19:10:16.220+0000] {logging_mixin.py:188} INFO - [2026-05-09T19:10:16.220+0000] {dagbag.py:545} INFO - Filling up the DagBag from /home/airflow/.local/lib/python3.12/site-packages/airflow/example_dags/tutorial_taskflow_api_virtualenv.py
[2026-05-09T19:10:16.230+0000] {processor.py:840} INFO - DAG(s) 'tutorial_taskflow_api_virtualenv' retrieved from /home/airflow/.local/lib/python3.12/site-packages/airflow/example_dags/tutorial_taskflow_api_virtualenv.py
[2026-05-09T19:10:16.251+0000] {logging_mixin.py:188} INFO - [2026-05-09T19:10:16.251+0000] {dag.py:3096} INFO - Sync 1 DAGs
[2026-05-09T19:10:16.265+0000] {logging_mixin.py:188} INFO - [2026-05-09T19:10:16.265+0000] {dag.py:3954} INFO - Setting next_dagrun for tutorial_taskflow_api_virtualenv to None, run_after=None
[2026-05-09T19:10:16.289+0000] {processor.py:183} INFO - Processing /home/airflow/.local/lib/python3.12/site-packages/airflow/example_dags/tutorial_taskflow_api_virtualenv.py took 0.077 seconds
[2026-05-09T19:10:46.626+0000] {processor.py:161} INFO - Started process (PID=2238) to work on /home/airflow/.local/lib/python3.12/site-packages/airflow/example_dags/tutorial_taskflow_api_virtualenv.py
[2026-05-09T19:10:46.627+0000] {processor.py:830} INFO - Processing file /home/airflow/.local/lib/python3.12/site-packages/airflow/example_dags/tutorial_taskflow_api_virtualenv.py for tasks to queue
[2026-05-09T19:10:46.629+0000] {logging_mixin.py:188} INFO - [2026-05-09T19:10:46.629+0000] {dagbag.py:545} INFO - Filling up the DagBag from /home/airflow/.local/lib/python3.12/site-packages/airflow/example_dags/tutorial_taskflow_api_virtualenv.py
[2026-05-09T19:10:46.638+0000] {processor.py:840} INFO - DAG(s) 'tutorial_taskflow_api_virtualenv' retrieved from /home/airflow/.local/lib/python3.12/site-packages/airflow/example_dags/tutorial_taskflow_api_virtualenv.py
[2026-05-09T19:10:46.658+0000] {logging_mixin.py:188} INFO - [2026-05-09T19:10:46.658+0000] {dag.py:3096} INFO - Sync 1 DAGs
[2026-05-09T19:10:46.671+0000] {logging_mixin.py:188} INFO - [2026-05-09T19:10:46.671+0000] {dag.py:3954} INFO - Setting next_dagrun for tutorial_taskflow_api_virtualenv to None, run_after=None
[2026-05-09T19:10:46.695+0000] {processor.py:183} INFO - Processing /home/airflow/.local/lib/python3.12/site-packages/airflow/example_dags/tutorial_taskflow_api_virtualenv.py took 0.075 seconds
[2026-05-09T19:11:17.683+0000] {processor.py:161} INFO - Started process (PID=2298) to work on /home/airflow/.local/lib/python3.12/site-packages/airflow/example_dags/tutorial_taskflow_api_virtualenv.py
[2026-05-09T19:11:17.684+0000] {processor.py:830} INFO - Processing file /home/airflow/.local/lib/python3.12/site-packages/airflow/example_dags/tutorial_taskflow_api_virtualenv.py for tasks to queue
[2026-05-09T19:11:17.686+0000] {logging_mixin.py:188} INFO - [2026-05-09T19:11:17.686+0000] {dagbag.py:545} INFO - Filling up the DagBag from /home/airflow/.local/lib/python3.12/site-packages/airflow/example_dags/tutorial_taskflow_api_virtualenv.py
[2026-05-09T19:11:17.696+0000] {processor.py:840} INFO - DAG(s) 'tutorial_taskflow_api_virtualenv' retrieved from /home/airflow/.local/lib/python3.12/site-packages/airflow/example_dags/tutorial_taskflow_api_virtualenv.py
[2026-05-09T19:11:17.717+0000] {logging_mixin.py:188} INFO - [2026-05-09T19:11:17.717+0000] {dag.py:3096} INFO - Sync 1 DAGs
[2026-05-09T19:11:17.729+0000] {logging_mixin.py:188} INFO - [2026-05-09T19:11:17.729+0000] {dag.py:3954} INFO - Setting next_dagrun for tutorial_taskflow_api_virtualenv to None, run_after=None
[2026-05-09T19:11:17.755+0000] {processor.py:183} INFO - Processing /home/airflow/.local/lib/python3.12/site-packages/airflow/example_dags/tutorial_taskflow_api_virtualenv.py took 0.077 seconds
[2026-05-09T19:11:48.108+0000] {processor.py:161} INFO - Started process (PID=2357) to work on /home/airflow/.local/lib/python3.12/site-packages/airflow/example_dags/tutorial_taskflow_api_virtualenv.py
[2026-05-09T19:11:48.109+0000] {processor.py:830} INFO - Processing file /home/airflow/.local/lib/python3.12/site-packages/airflow/example_dags/tutorial_taskflow_api_virtualenv.py for tasks to queue
[2026-05-09T19:11:48.111+0000] {logging_mixin.py:188} INFO - [2026-05-09T19:11:48.111+0000] {dagbag.py:545} INFO - Filling up the DagBag from /home/airflow/.local/lib/python3.12/site-packages/airflow/example_dags/tutorial_taskflow_api_virtualenv.py
[2026-05-09T19:11:48.122+0000] {processor.py:840} INFO - DAG(s) 'tutorial_taskflow_api_virtualenv' retrieved from /home/airflow/.local/lib/python3.12/site-packages/airflow/example_dags/tutorial_taskflow_api_virtualenv.py
[2026-05-09T19:11:48.145+0000] {logging_mixin.py:188} INFO - [2026-05-09T19:11:48.145+0000] {dag.py:3096} INFO - Sync 1 DAGs
[2026-05-09T19:11:48.160+0000] {logging_mixin.py:188} INFO - [2026-05-09T19:11:48.160+0000] {dag.py:3954} INFO - Setting next_dagrun for tutorial_taskflow_api_virtualenv to None, run_after=None
[2026-05-09T19:11:48.193+0000] {processor.py:183} INFO - Processing /home/airflow/.local/lib/python3.12/site-packages/airflow/example_dags/tutorial_taskflow_api_virtualenv.py took 0.092 seconds
[2026-05-09T19:12:19.079+0000] {processor.py:161} INFO - Started process (PID=2416) to work on /home/airflow/.local/lib/python3.12/site-packages/airflow/example_dags/tutorial_taskflow_api_virtualenv.py
[2026-05-09T19:12:19.080+0000] {processor.py:830} INFO - Processing file /home/airflow/.local/lib/python3.12/site-packages/airflow/example_dags/tutorial_taskflow_api_virtualenv.py for tasks to queue
[2026-05-09T19:12:19.082+0000] {logging_mixin.py:188} INFO - [2026-05-09T19:12:19.081+0000] {dagbag.py:545} INFO - Filling up the DagBag from /home/airflow/.local/lib/python3.12/site-packages/airflow/example_dags/tutorial_taskflow_api_virtualenv.py
[2026-05-09T19:12:19.091+0000] {processor.py:840} INFO - DAG(s) 'tutorial_taskflow_api_virtualenv' retrieved from /home/airflow/.local/lib/python3.12/site-packages/airflow/example_dags/tutorial_taskflow_api_virtualenv.py
[2026-05-09T19:12:19.111+0000] {logging_mixin.py:188} INFO - [2026-05-09T19:12:19.111+0000] {dag.py:3096} INFO - Sync 1 DAGs
[2026-05-09T19:12:19.125+0000] {logging_mixin.py:188} INFO - [2026-05-09T19:12:19.125+0000] {dag.py:3954} INFO - Setting next_dagrun for tutorial_taskflow_api_virtualenv to None, run_after=None
[2026-05-09T19:12:19.148+0000] {processor.py:183} INFO - Processing /home/airflow/.local/lib/python3.12/site-packages/airflow/example_dags/tutorial_taskflow_api_virtualenv.py took 0.074 seconds
[2026-05-09T19:12:49.511+0000] {processor.py:161} INFO - Started process (PID=2475) to work on /home/airflow/.local/lib/python3.12/site-packages/airflow/example_dags/tutorial_taskflow_api_virtualenv.py
[2026-05-09T19:12:49.512+0000] {processor.py:830} INFO - Processing file /home/airflow/.local/lib/python3.12/site-packages/airflow/example_dags/tutorial_taskflow_api_virtualenv.py for tasks to queue
[2026-05-09T19:12:49.514+0000] {logging_mixin.py:188} INFO - [2026-05-09T19:12:49.514+0000] {dagbag.py:545} INFO - Filling up the DagBag from /home/airflow/.local/lib/python3.12/site-packages/airflow/example_dags/tutorial_taskflow_api_virtualenv.py
[2026-05-09T19:12:49.523+0000] {processor.py:840} INFO - DAG(s) 'tutorial_taskflow_api_virtualenv' retrieved from /home/airflow/.local/lib/python3.12/site-packages/airflow/example_dags/tutorial_taskflow_api_virtualenv.py
[2026-05-09T19:12:49.544+0000] {logging_mixin.py:188} INFO - [2026-05-09T19:12:49.544+0000] {dag.py:3096} INFO - Sync 1 DAGs
[2026-05-09T19:12:49.557+0000] {logging_mixin.py:188} INFO - [2026-05-09T19:12:49.557+0000] {dag.py:3954} INFO - Setting next_dagrun for tutorial_taskflow_api_virtualenv to None, run_after=None
[2026-05-09T19:12:49.580+0000] {processor.py:183} INFO - Processing /home/airflow/.local/lib/python3.12/site-packages/airflow/example_dags/tutorial_taskflow_api_virtualenv.py took 0.076 seconds
[2026-05-09T19:13:19.849+0000] {processor.py:161} INFO - Started process (PID=2534) to work on /home/airflow/.local/lib/python3.12/site-packages/airflow/example_dags/tutorial_taskflow_api_virtualenv.py
[2026-05-09T19:13:19.850+0000] {processor.py:830} INFO - Processing file /home/airflow/.local/lib/python3.12/site-packages/airflow/example_dags/tutorial_taskflow_api_virtualenv.py for tasks to queue
[2026-05-09T19:13:19.852+0000] {logging_mixin.py:188} INFO - [2026-05-09T19:13:19.852+0000] {dagbag.py:545} INFO - Filling up the DagBag from /home/airflow/.local/lib/python3.12/site-packages/airflow/example_dags/tutorial_taskflow_api_virtualenv.py
[2026-05-09T19:13:19.861+0000] {processor.py:840} INFO - DAG(s) 'tutorial_taskflow_api_virtualenv' retrieved from /home/airflow/.local/lib/python3.12/site-packages/airflow/example_dags/tutorial_taskflow_api_virtualenv.py
[2026-05-09T19:13:19.885+0000] {logging_mixin.py:188} INFO - [2026-05-09T19:13:19.885+0000] {dag.py:3096} INFO - Sync 1 DAGs
[2026-05-09T19:13:19.899+0000] {logging_mixin.py:188} INFO - [2026-05-09T19:13:19.899+0000] {dag.py:3954} INFO - Setting next_dagrun for tutorial_taskflow_api_virtualenv to None, run_after=None
[2026-05-09T19:13:19.925+0000] {processor.py:183} INFO - Processing /home/airflow/.local/lib/python3.12/site-packages/airflow/example_dags/tutorial_taskflow_api_virtualenv.py took 0.082 seconds
[2026-05-09T19:13:50.557+0000] {processor.py:161} INFO - Started process (PID=2593) to work on /home/airflow/.local/lib/python3.12/site-packages/airflow/example_dags/tutorial_taskflow_api_virtualenv.py
[2026-05-09T19:13:50.558+0000] {processor.py:830} INFO - Processing file /home/airflow/.local/lib/python3.12/site-packages/airflow/example_dags/tutorial_taskflow_api_virtualenv.py for tasks to queue
[2026-05-09T19:13:50.560+0000] {logging_mixin.py:188} INFO - [2026-05-09T19:13:50.559+0000] {dagbag.py:545} INFO - Filling up the DagBag from /home/airflow/.local/lib/python3.12/site-packages/airflow/example_dags/tutorial_taskflow_api_virtualenv.py
[2026-05-09T19:13:50.569+0000] {processor.py:840} INFO - DAG(s) 'tutorial_taskflow_api_virtualenv' retrieved from /home/airflow/.local/lib/python3.12/site-packages/airflow/example_dags/tutorial_taskflow_api_virtualenv.py
[2026-05-09T19:13:50.590+0000] {logging_mixin.py:188} INFO - [2026-05-09T19:13:50.590+0000] {dag.py:3096} INFO - Sync 1 DAGs
[2026-05-09T19:13:50.604+0000] {logging_mixin.py:188} INFO - [2026-05-09T19:13:50.604+0000] {dag.py:3954} INFO - Setting next_dagrun for tutorial_taskflow_api_virtualenv to None, run_after=None
[2026-05-09T19:13:50.646+0000] {processor.py:183} INFO - Processing /home/airflow/.local/lib/python3.12/site-packages/airflow/example_dags/tutorial_taskflow_api_virtualenv.py took 0.094 seconds
[2026-05-09T19:14:21.293+0000] {processor.py:161} INFO - Started process (PID=2652) to work on /home/airflow/.local/lib/python3.12/site-packages/airflow/example_dags/tutorial_taskflow_api_virtualenv.py
[2026-05-09T19:14:21.294+0000] {processor.py:830} INFO - Processing file /home/airflow/.local/lib/python3.12/site-packages/airflow/example_dags/tutorial_taskflow_api_virtualenv.py for tasks to queue
[2026-05-09T19:14:21.296+0000] {logging_mixin.py:188} INFO - [2026-05-09T19:14:21.296+0000] {dagbag.py:545} INFO - Filling up the DagBag from /home/airflow/.local/lib/python3.12/site-packages/airflow/example_dags/tutorial_taskflow_api_virtualenv.py
[2026-05-09T19:14:21.307+0000] {processor.py:840} INFO - DAG(s) 'tutorial_taskflow_api_virtualenv' retrieved from /home/airflow/.local/lib/python3.12/site-packages/airflow/example_dags/tutorial_taskflow_api_virtualenv.py
[2026-05-09T19:14:21.330+0000] {logging_mixin.py:188} INFO - [2026-05-09T19:14:21.330+0000] {dag.py:3096} INFO - Sync 1 DAGs
[2026-05-09T19:14:21.344+0000] {logging_mixin.py:188} INFO - [2026-05-09T19:14:21.343+0000] {dag.py:3954} INFO - Setting next_dagrun for tutorial_taskflow_api_virtualenv to None, run_after=None
[2026-05-09T19:14:21.366+0000] {processor.py:183} INFO - Processing /home/airflow/.local/lib/python3.12/site-packages/airflow/example_dags/tutorial_taskflow_api_virtualenv.py took 0.079 seconds
[2026-05-09T19:14:51.784+0000] {processor.py:161} INFO - Started process (PID=2711) to work on /home/airflow/.local/lib/python3.12/site-packages/airflow/example_dags/tutorial_taskflow_api_virtualenv.py
[2026-05-09T19:14:51.785+0000] {processor.py:830} INFO - Processing file /home/airflow/.local/lib/python3.12/site-packages/airflow/example_dags/tutorial_taskflow_api_virtualenv.py for tasks to queue
[2026-05-09T19:14:51.788+0000] {logging_mixin.py:188} INFO - [2026-05-09T19:14:51.788+0000] {dagbag.py:545} INFO - Filling up the DagBag from /home/airflow/.local/lib/python3.12/site-packages/airflow/example_dags/tutorial_taskflow_api_virtualenv.py
[2026-05-09T19:14:51.799+0000] {processor.py:840} INFO - DAG(s) 'tutorial_taskflow_api_virtualenv' retrieved from /home/airflow/.local/lib/python3.12/site-packages/airflow/example_dags/tutorial_taskflow_api_virtualenv.py
[2026-05-09T19:14:51.820+0000] {logging_mixin.py:188} INFO - [2026-05-09T19:14:51.820+0000] {dag.py:3096} INFO - Sync 1 DAGs
[2026-05-09T19:14:51.833+0000] {logging_mixin.py:188} INFO - [2026-05-09T19:14:51.833+0000] {dag.py:3954} INFO - Setting next_dagrun for tutorial_taskflow_api_virtualenv to None, run_after=None
[2026-05-09T19:14:51.858+0000] {processor.py:183} INFO - Processing /home/airflow/.local/lib/python3.12/site-packages/airflow/example_dags/tutorial_taskflow_api_virtualenv.py took 0.079 seconds
[2026-05-09T19:15:22.743+0000] {processor.py:161} INFO - Started process (PID=2770) to work on /home/airflow/.local/lib/python3.12/site-packages/airflow/example_dags/tutorial_taskflow_api_virtualenv.py
[2026-05-09T19:15:22.744+0000] {processor.py:830} INFO - Processing file /home/airflow/.local/lib/python3.12/site-packages/airflow/example_dags/tutorial_taskflow_api_virtualenv.py for tasks to queue
[2026-05-09T19:15:22.746+0000] {logging_mixin.py:188} INFO - [2026-05-09T19:15:22.746+0000] {dagbag.py:545} INFO - Filling up the DagBag from /home/airflow/.local/lib/python3.12/site-packages/airflow/example_dags/tutorial_taskflow_api_virtualenv.py
[2026-05-09T19:15:22.756+0000] {processor.py:840} INFO - DAG(s) 'tutorial_taskflow_api_virtualenv' retrieved from /home/airflow/.local/lib/python3.12/site-packages/airflow/example_dags/tutorial_taskflow_api_virtualenv.py
[2026-05-09T19:15:22.777+0000] {logging_mixin.py:188} INFO - [2026-05-09T19:15:22.776+0000] {dag.py:3096} INFO - Sync 1 DAGs
[2026-05-09T19:15:22.790+0000] {logging_mixin.py:188} INFO - [2026-05-09T19:15:22.790+0000] {dag.py:3954} INFO - Setting next_dagrun for tutorial_taskflow_api_virtualenv to None, run_after=None
[2026-05-09T19:15:22.813+0000] {processor.py:183} INFO - Processing /home/airflow/.local/lib/python3.12/site-packages/airflow/example_dags/tutorial_taskflow_api_virtualenv.py took 0.076 seconds
[2026-05-09T19:15:53.011+0000] {processor.py:161} INFO - Started process (PID=2829) to work on /home/airflow/.local/lib/python3.12/site-packages/airflow/example_dags/tutorial_taskflow_api_virtualenv.py
[2026-05-09T19:15:53.013+0000] {processor.py:830} INFO - Processing file /home/airflow/.local/lib/python3.12/site-packages/airflow/example_dags/tutorial_taskflow_api_virtualenv.py for tasks to queue
[2026-05-09T19:15:53.016+0000] {logging_mixin.py:188} INFO - [2026-05-09T19:15:53.015+0000] {dagbag.py:545} INFO - Filling up the DagBag from /home/airflow/.local/lib/python3.12/site-packages/airflow/example_dags/tutorial_taskflow_api_virtualenv.py
[2026-05-09T19:15:53.030+0000] {processor.py:840} INFO - DAG(s) 'tutorial_taskflow_api_virtualenv' retrieved from /home/airflow/.local/lib/python3.12/site-packages/airflow/example_dags/tutorial_taskflow_api_virtualenv.py
[2026-05-09T19:15:53.055+0000] {logging_mixin.py:188} INFO - [2026-05-09T19:15:53.055+0000] {dag.py:3096} INFO - Sync 1 DAGs
[2026-05-09T19:15:53.074+0000] {logging_mixin.py:188} INFO - [2026-05-09T19:15:53.074+0000] {dag.py:3954} INFO - Setting next_dagrun for tutorial_taskflow_api_virtualenv to None, run_after=None
[2026-05-09T19:15:53.099+0000] {processor.py:183} INFO - Processing /home/airflow/.local/lib/python3.12/site-packages/airflow/example_dags/tutorial_taskflow_api_virtualenv.py took 0.093 seconds
[2026-05-09T19:16:23.306+0000] {processor.py:161} INFO - Started process (PID=2888) to work on /home/airflow/.local/lib/python3.12/site-packages/airflow/example_dags/tutorial_taskflow_api_virtualenv.py
[2026-05-09T19:16:23.307+0000] {processor.py:830} INFO - Processing file /home/airflow/.local/lib/python3.12/site-packages/airflow/example_dags/tutorial_taskflow_api_virtualenv.py for tasks to queue
[2026-05-09T19:16:23.309+0000] {logging_mixin.py:188} INFO - [2026-05-09T19:16:23.309+0000] {dagbag.py:545} INFO - Filling up the DagBag from /home/airflow/.local/lib/python3.12/site-packages/airflow/example_dags/tutorial_taskflow_api_virtualenv.py
[2026-05-09T19:16:23.319+0000] {processor.py:840} INFO - DAG(s) 'tutorial_taskflow_api_virtualenv' retrieved from /home/airflow/.local/lib/python3.12/site-packages/airflow/example_dags/tutorial_taskflow_api_virtualenv.py
[2026-05-09T19:16:23.342+0000] {logging_mixin.py:188} INFO - [2026-05-09T19:16:23.342+0000] {dag.py:3096} INFO - Sync 1 DAGs
[2026-05-09T19:16:23.354+0000] {logging_mixin.py:188} INFO - [2026-05-09T19:16:23.354+0000] {dag.py:3954} INFO - Setting next_dagrun for tutorial_taskflow_api_virtualenv to None, run_after=None
[2026-05-09T19:16:23.375+0000] {processor.py:183} INFO - Processing /home/airflow/.local/lib/python3.12/site-packages/airflow/example_dags/tutorial_taskflow_api_virtualenv.py took 0.074 seconds
[2026-05-09T19:16:54.162+0000] {processor.py:161} INFO - Started process (PID=2947) to work on /home/airflow/.local/lib/python3.12/site-packages/airflow/example_dags/tutorial_taskflow_api_virtualenv.py
[2026-05-09T19:16:54.164+0000] {processor.py:830} INFO - Processing file /home/airflow/.local/lib/python3.12/site-packages/airflow/example_dags/tutorial_taskflow_api_virtualenv.py for tasks to queue
[2026-05-09T19:16:54.166+0000] {logging_mixin.py:188} INFO - [2026-05-09T19:16:54.165+0000] {dagbag.py:545} INFO - Filling up the DagBag from /home/airflow/.local/lib/python3.12/site-packages/airflow/example_dags/tutorial_taskflow_api_virtualenv.py
[2026-05-09T19:16:54.176+0000] {processor.py:840} INFO - DAG(s) 'tutorial_taskflow_api_virtualenv' retrieved from /home/airflow/.local/lib/python3.12/site-packages/airflow/example_dags/tutorial_taskflow_api_virtualenv.py
[2026-05-09T19:16:54.197+0000] {logging_mixin.py:188} INFO - [2026-05-09T19:16:54.197+0000] {dag.py:3096} INFO - Sync 1 DAGs
[2026-05-09T19:16:54.209+0000] {logging_mixin.py:188} INFO - [2026-05-09T19:16:54.209+0000] {dag.py:3954} INFO - Setting next_dagrun for tutorial_taskflow_api_virtualenv to None, run_after=None
[2026-05-09T19:16:54.231+0000] {processor.py:183} INFO - Processing /home/airflow/.local/lib/python3.12/site-packages/airflow/example_dags/tutorial_taskflow_api_virtualenv.py took 0.074 seconds
[2026-05-09T19:17:24.763+0000] {processor.py:161} INFO - Started process (PID=3006) to work on /home/airflow/.local/lib/python3.12/site-packages/airflow/example_dags/tutorial_taskflow_api_virtualenv.py
[2026-05-09T19:17:24.764+0000] {processor.py:830} INFO - Processing file /home/airflow/.local/lib/python3.12/site-packages/airflow/example_dags/tutorial_taskflow_api_virtualenv.py for tasks to queue
[2026-05-09T19:17:24.767+0000] {logging_mixin.py:188} INFO - [2026-05-09T19:17:24.766+0000] {dagbag.py:545} INFO - Filling up the DagBag from /home/airflow/.local/lib/python3.12/site-packages/airflow/example_dags/tutorial_taskflow_api_virtualenv.py
[2026-05-09T19:17:24.777+0000] {processor.py:840} INFO - DAG(s) 'tutorial_taskflow_api_virtualenv' retrieved from /home/airflow/.local/lib/python3.12/site-packages/airflow/example_dags/tutorial_taskflow_api_virtualenv.py
[2026-05-09T19:17:24.800+0000] {logging_mixin.py:188} INFO - [2026-05-09T19:17:24.800+0000] {dag.py:3096} INFO - Sync 1 DAGs
[2026-05-09T19:17:24.814+0000] {logging_mixin.py:188} INFO - [2026-05-09T19:17:24.814+0000] {dag.py:3954} INFO - Setting next_dagrun for tutorial_taskflow_api_virtualenv to None, run_after=None
[2026-05-09T19:17:24.843+0000] {processor.py:183} INFO - Processing /home/airflow/.local/lib/python3.12/site-packages/airflow/example_dags/tutorial_taskflow_api_virtualenv.py took 0.085 seconds
[2026-05-09T19:17:55.355+0000] {processor.py:161} INFO - Started process (PID=3065) to work on /home/airflow/.local/lib/python3.12/site-packages/airflow/example_dags/tutorial_taskflow_api_virtualenv.py
[2026-05-09T19:17:55.356+0000] {processor.py:830} INFO - Processing file /home/airflow/.local/lib/python3.12/site-packages/airflow/example_dags/tutorial_taskflow_api_virtualenv.py for tasks to queue
[2026-05-09T19:17:55.358+0000] {logging_mixin.py:188} INFO - [2026-05-09T19:17:55.358+0000] {dagbag.py:545} INFO - Filling up the DagBag from /home/airflow/.local/lib/python3.12/site-packages/airflow/example_dags/tutorial_taskflow_api_virtualenv.py
[2026-05-09T19:17:55.368+0000] {processor.py:840} INFO - DAG(s) 'tutorial_taskflow_api_virtualenv' retrieved from /home/airflow/.local/lib/python3.12/site-packages/airflow/example_dags/tutorial_taskflow_api_virtualenv.py
[2026-05-09T19:17:55.389+0000] {logging_mixin.py:188} INFO - [2026-05-09T19:17:55.389+0000] {dag.py:3096} INFO - Sync 1 DAGs
[2026-05-09T19:17:55.401+0000] {logging_mixin.py:188} INFO - [2026-05-09T19:17:55.401+0000] {dag.py:3954} INFO - Setting next_dagrun for tutorial_taskflow_api_virtualenv to None, run_after=None
[2026-05-09T19:17:55.426+0000] {processor.py:183} INFO - Processing /home/airflow/.local/lib/python3.12/site-packages/airflow/example_dags/tutorial_taskflow_api_virtualenv.py took 0.076 seconds
[2026-05-09T19:18:25.581+0000] {processor.py:161} INFO - Started process (PID=3124) to work on /home/airflow/.local/lib/python3.12/site-packages/airflow/example_dags/tutorial_taskflow_api_virtualenv.py
[2026-05-09T19:18:25.582+0000] {processor.py:830} INFO - Processing file /home/airflow/.local/lib/python3.12/site-packages/airflow/example_dags/tutorial_taskflow_api_virtualenv.py for tasks to queue
[2026-05-09T19:18:25.584+0000] {logging_mixin.py:188} INFO - [2026-05-09T19:18:25.584+0000] {dagbag.py:545} INFO - Filling up the DagBag from /home/airflow/.local/lib/python3.12/site-packages/airflow/example_dags/tutorial_taskflow_api_virtualenv.py
[2026-05-09T19:18:25.593+0000] {processor.py:840} INFO - DAG(s) 'tutorial_taskflow_api_virtualenv' retrieved from /home/airflow/.local/lib/python3.12/site-packages/airflow/example_dags/tutorial_taskflow_api_virtualenv.py
[2026-05-09T19:18:25.613+0000] {logging_mixin.py:188} INFO - [2026-05-09T19:18:25.613+0000] {dag.py:3096} INFO - Sync 1 DAGs
[2026-05-09T19:18:25.626+0000] {logging_mixin.py:188} INFO - [2026-05-09T19:18:25.626+0000] {dag.py:3954} INFO - Setting next_dagrun for tutorial_taskflow_api_virtualenv to None, run_after=None
[2026-05-09T19:18:25.650+0000] {processor.py:183} INFO - Processing /home/airflow/.local/lib/python3.12/site-packages/airflow/example_dags/tutorial_taskflow_api_virtualenv.py took 0.074 seconds
[2026-05-09T19:18:56.445+0000] {processor.py:161} INFO - Started process (PID=3183) to work on /home/airflow/.local/lib/python3.12/site-packages/airflow/example_dags/tutorial_taskflow_api_virtualenv.py
[2026-05-09T19:18:56.447+0000] {processor.py:830} INFO - Processing file /home/airflow/.local/lib/python3.12/site-packages/airflow/example_dags/tutorial_taskflow_api_virtualenv.py for tasks to queue
[2026-05-09T19:18:56.449+0000] {logging_mixin.py:188} INFO - [2026-05-09T19:18:56.449+0000] {dagbag.py:545} INFO - Filling up the DagBag from /home/airflow/.local/lib/python3.12/site-packages/airflow/example_dags/tutorial_taskflow_api_virtualenv.py
[2026-05-09T19:18:56.458+0000] {processor.py:840} INFO - DAG(s) 'tutorial_taskflow_api_virtualenv' retrieved from /home/airflow/.local/lib/python3.12/site-packages/airflow/example_dags/tutorial_taskflow_api_virtualenv.py
[2026-05-09T19:18:56.479+0000] {logging_mixin.py:188} INFO - [2026-05-09T19:18:56.479+0000] {dag.py:3096} INFO - Sync 1 DAGs
[2026-05-09T19:18:56.492+0000] {logging_mixin.py:188} INFO - [2026-05-09T19:18:56.491+0000] {dag.py:3954} INFO - Setting next_dagrun for tutorial_taskflow_api_virtualenv to None, run_after=None
[2026-05-09T19:18:56.515+0000] {processor.py:183} INFO - Processing /home/airflow/.local/lib/python3.12/site-packages/airflow/example_dags/tutorial_taskflow_api_virtualenv.py took 0.074 seconds
[2026-05-09T19:19:27.979+0000] {processor.py:161} INFO - Started process (PID=3242) to work on /home/airflow/.local/lib/python3.12/site-packages/airflow/example_dags/tutorial_taskflow_api_virtualenv.py
[2026-05-09T19:19:27.980+0000] {processor.py:830} INFO - Processing file /home/airflow/.local/lib/python3.12/site-packages/airflow/example_dags/tutorial_taskflow_api_virtualenv.py for tasks to queue
[2026-05-09T19:19:27.982+0000] {logging_mixin.py:188} INFO - [2026-05-09T19:19:27.981+0000] {dagbag.py:545} INFO - Filling up the DagBag from /home/airflow/.local/lib/python3.12/site-packages/airflow/example_dags/tutorial_taskflow_api_virtualenv.py
[2026-05-09T19:19:27.992+0000] {processor.py:840} INFO - DAG(s) 'tutorial_taskflow_api_virtualenv' retrieved from /home/airflow/.local/lib/python3.12/site-packages/airflow/example_dags/tutorial_taskflow_api_virtualenv.py
[2026-05-09T19:19:28.014+0000] {logging_mixin.py:188} INFO - [2026-05-09T19:19:28.014+0000] {dag.py:3096} INFO - Sync 1 DAGs
[2026-05-09T19:19:28.027+0000] {logging_mixin.py:188} INFO - [2026-05-09T19:19:28.026+0000] {dag.py:3954} INFO - Setting next_dagrun for tutorial_taskflow_api_virtualenv to None, run_after=None
[2026-05-09T19:19:28.049+0000] {processor.py:183} INFO - Processing /home/airflow/.local/lib/python3.12/site-packages/airflow/example_dags/tutorial_taskflow_api_virtualenv.py took 0.075 seconds
[2026-05-09T19:19:58.526+0000] {processor.py:161} INFO - Started process (PID=3301) to work on /home/airflow/.local/lib/python3.12/site-packages/airflow/example_dags/tutorial_taskflow_api_virtualenv.py
[2026-05-09T19:19:58.528+0000] {processor.py:830} INFO - Processing file /home/airflow/.local/lib/python3.12/site-packages/airflow/example_dags/tutorial_taskflow_api_virtualenv.py for tasks to queue
[2026-05-09T19:19:58.530+0000] {logging_mixin.py:188} INFO - [2026-05-09T19:19:58.529+0000] {dagbag.py:545} INFO - Filling up the DagBag from /home/airflow/.local/lib/python3.12/site-packages/airflow/example_dags/tutorial_taskflow_api_virtualenv.py
[2026-05-09T19:19:58.540+0000] {processor.py:840} INFO - DAG(s) 'tutorial_taskflow_api_virtualenv' retrieved from /home/airflow/.local/lib/python3.12/site-packages/airflow/example_dags/tutorial_taskflow_api_virtualenv.py
[2026-05-09T19:19:58.562+0000] {logging_mixin.py:188} INFO - [2026-05-09T19:19:58.561+0000] {dag.py:3096} INFO - Sync 1 DAGs
[2026-05-09T19:19:58.575+0000] {logging_mixin.py:188} INFO - [2026-05-09T19:19:58.574+0000] {dag.py:3954} INFO - Setting next_dagrun for tutorial_taskflow_api_virtualenv to None, run_after=None
[2026-05-09T19:19:58.598+0000] {processor.py:183} INFO - Processing /home/airflow/.local/lib/python3.12/site-packages/airflow/example_dags/tutorial_taskflow_api_virtualenv.py took 0.077 seconds
[2026-05-09T19:20:29.609+0000] {processor.py:161} INFO - Started process (PID=3360) to work on /home/airflow/.local/lib/python3.12/site-packages/airflow/example_dags/tutorial_taskflow_api_virtualenv.py
[2026-05-09T19:20:29.610+0000] {processor.py:830} INFO - Processing file /home/airflow/.local/lib/python3.12/site-packages/airflow/example_dags/tutorial_taskflow_api_virtualenv.py for tasks to queue
[2026-05-09T19:20:29.613+0000] {logging_mixin.py:188} INFO - [2026-05-09T19:20:29.612+0000] {dagbag.py:545} INFO - Filling up the DagBag from /home/airflow/.local/lib/python3.12/site-packages/airflow/example_dags/tutorial_taskflow_api_virtualenv.py
[2026-05-09T19:20:29.622+0000] {processor.py:840} INFO - DAG(s) 'tutorial_taskflow_api_virtualenv' retrieved from /home/airflow/.local/lib/python3.12/site-packages/airflow/example_dags/tutorial_taskflow_api_virtualenv.py
[2026-05-09T19:20:29.643+0000] {logging_mixin.py:188} INFO - [2026-05-09T19:20:29.643+0000] {dag.py:3096} INFO - Sync 1 DAGs
[2026-05-09T19:20:29.655+0000] {logging_mixin.py:188} INFO - [2026-05-09T19:20:29.655+0000] {dag.py:3954} INFO - Setting next_dagrun for tutorial_taskflow_api_virtualenv to None, run_after=None
[2026-05-09T19:20:29.681+0000] {processor.py:183} INFO - Processing /home/airflow/.local/lib/python3.12/site-packages/airflow/example_dags/tutorial_taskflow_api_virtualenv.py took 0.077 seconds
[2026-05-09T19:21:00.019+0000] {processor.py:161} INFO - Started process (PID=3419) to work on /home/airflow/.local/lib/python3.12/site-packages/airflow/example_dags/tutorial_taskflow_api_virtualenv.py
[2026-05-09T19:21:00.020+0000] {processor.py:830} INFO - Processing file /home/airflow/.local/lib/python3.12/site-packages/airflow/example_dags/tutorial_taskflow_api_virtualenv.py for tasks to queue
[2026-05-09T19:21:00.022+0000] {logging_mixin.py:188} INFO - [2026-05-09T19:21:00.022+0000] {dagbag.py:545} INFO - Filling up the DagBag from /home/airflow/.local/lib/python3.12/site-packages/airflow/example_dags/tutorial_taskflow_api_virtualenv.py
[2026-05-09T19:21:00.032+0000] {processor.py:840} INFO - DAG(s) 'tutorial_taskflow_api_virtualenv' retrieved from /home/airflow/.local/lib/python3.12/site-packages/airflow/example_dags/tutorial_taskflow_api_virtualenv.py
[2026-05-09T19:21:00.055+0000] {logging_mixin.py:188} INFO - [2026-05-09T19:21:00.055+0000] {dag.py:3096} INFO - Sync 1 DAGs
[2026-05-09T19:21:00.070+0000] {logging_mixin.py:188} INFO - [2026-05-09T19:21:00.069+0000] {dag.py:3954} INFO - Setting next_dagrun for tutorial_taskflow_api_virtualenv to None, run_after=None
[2026-05-09T19:21:00.092+0000] {processor.py:183} INFO - Processing /home/airflow/.local/lib/python3.12/site-packages/airflow/example_dags/tutorial_taskflow_api_virtualenv.py took 0.078 seconds
[2026-05-09T19:21:31.298+0000] {processor.py:161} INFO - Started process (PID=3478) to work on /home/airflow/.local/lib/python3.12/site-packages/airflow/example_dags/tutorial_taskflow_api_virtualenv.py
[2026-05-09T19:21:31.299+0000] {processor.py:830} INFO - Processing file /home/airflow/.local/lib/python3.12/site-packages/airflow/example_dags/tutorial_taskflow_api_virtualenv.py for tasks to queue
[2026-05-09T19:21:31.301+0000] {logging_mixin.py:188} INFO - [2026-05-09T19:21:31.301+0000] {dagbag.py:545} INFO - Filling up the DagBag from /home/airflow/.local/lib/python3.12/site-packages/airflow/example_dags/tutorial_taskflow_api_virtualenv.py
[2026-05-09T19:21:31.311+0000] {processor.py:840} INFO - DAG(s) 'tutorial_taskflow_api_virtualenv' retrieved from /home/airflow/.local/lib/python3.12/site-packages/airflow/example_dags/tutorial_taskflow_api_virtualenv.py
[2026-05-09T19:21:31.334+0000] {logging_mixin.py:188} INFO - [2026-05-09T19:21:31.334+0000] {dag.py:3096} INFO - Sync 1 DAGs
[2026-05-09T19:21:31.347+0000] {logging_mixin.py:188} INFO - [2026-05-09T19:21:31.347+0000] {dag.py:3954} INFO - Setting next_dagrun for tutorial_taskflow_api_virtualenv to None, run_after=None
[2026-05-09T19:21:31.370+0000] {processor.py:183} INFO - Processing /home/airflow/.local/lib/python3.12/site-packages/airflow/example_dags/tutorial_taskflow_api_virtualenv.py took 0.078 seconds
[2026-05-09T19:22:01.950+0000] {processor.py:161} INFO - Started process (PID=3537) to work on /home/airflow/.local/lib/python3.12/site-packages/airflow/example_dags/tutorial_taskflow_api_virtualenv.py
[2026-05-09T19:22:01.951+0000] {processor.py:830} INFO - Processing file /home/airflow/.local/lib/python3.12/site-packages/airflow/example_dags/tutorial_taskflow_api_virtualenv.py for tasks to queue
[2026-05-09T19:22:01.954+0000] {logging_mixin.py:188} INFO - [2026-05-09T19:22:01.954+0000] {dagbag.py:545} INFO - Filling up the DagBag from /home/airflow/.local/lib/python3.12/site-packages/airflow/example_dags/tutorial_taskflow_api_virtualenv.py
[2026-05-09T19:22:01.964+0000] {processor.py:840} INFO - DAG(s) 'tutorial_taskflow_api_virtualenv' retrieved from /home/airflow/.local/lib/python3.12/site-packages/airflow/example_dags/tutorial_taskflow_api_virtualenv.py
[2026-05-09T19:22:01.986+0000] {logging_mixin.py:188} INFO - [2026-05-09T19:22:01.985+0000] {dag.py:3096} INFO - Sync 1 DAGs
[2026-05-09T19:22:01.999+0000] {logging_mixin.py:188} INFO - [2026-05-09T19:22:01.998+0000] {dag.py:3954} INFO - Setting next_dagrun for tutorial_taskflow_api_virtualenv to None, run_after=None
[2026-05-09T19:22:02.025+0000] {processor.py:183} INFO - Processing /home/airflow/.local/lib/python3.12/site-packages/airflow/example_dags/tutorial_taskflow_api_virtualenv.py took 0.080 seconds
[2026-05-09T19:22:33.059+0000] {processor.py:161} INFO - Started process (PID=3596) to work on /home/airflow/.local/lib/python3.12/site-packages/airflow/example_dags/tutorial_taskflow_api_virtualenv.py
[2026-05-09T19:22:33.060+0000] {processor.py:830} INFO - Processing file /home/airflow/.local/lib/python3.12/site-packages/airflow/example_dags/tutorial_taskflow_api_virtualenv.py for tasks to queue
[2026-05-09T19:22:33.063+0000] {logging_mixin.py:188} INFO - [2026-05-09T19:22:33.062+0000] {dagbag.py:545} INFO - Filling up the DagBag from /home/airflow/.local/lib/python3.12/site-packages/airflow/example_dags/tutorial_taskflow_api_virtualenv.py
[2026-05-09T19:22:33.073+0000] {processor.py:840} INFO - DAG(s) 'tutorial_taskflow_api_virtualenv' retrieved from /home/airflow/.local/lib/python3.12/site-packages/airflow/example_dags/tutorial_taskflow_api_virtualenv.py
[2026-05-09T19:22:33.095+0000] {logging_mixin.py:188} INFO - [2026-05-09T19:22:33.095+0000] {dag.py:3096} INFO - Sync 1 DAGs
[2026-05-09T19:22:33.109+0000] {logging_mixin.py:188} INFO - [2026-05-09T19:22:33.109+0000] {dag.py:3954} INFO - Setting next_dagrun for tutorial_taskflow_api_virtualenv to None, run_after=None
[2026-05-09T19:22:33.135+0000] {processor.py:183} INFO - Processing /home/airflow/.local/lib/python3.12/site-packages/airflow/example_dags/tutorial_taskflow_api_virtualenv.py took 0.082 seconds
[2026-05-09T19:23:03.470+0000] {processor.py:161} INFO - Started process (PID=3655) to work on /home/airflow/.local/lib/python3.12/site-packages/airflow/example_dags/tutorial_taskflow_api_virtualenv.py
[2026-05-09T19:23:03.471+0000] {processor.py:830} INFO - Processing file /home/airflow/.local/lib/python3.12/site-packages/airflow/example_dags/tutorial_taskflow_api_virtualenv.py for tasks to queue
[2026-05-09T19:23:03.473+0000] {logging_mixin.py:188} INFO - [2026-05-09T19:23:03.472+0000] {dagbag.py:545} INFO - Filling up the DagBag from /home/airflow/.local/lib/python3.12/site-packages/airflow/example_dags/tutorial_taskflow_api_virtualenv.py
[2026-05-09T19:23:03.484+0000] {processor.py:840} INFO - DAG(s) 'tutorial_taskflow_api_virtualenv' retrieved from /home/airflow/.local/lib/python3.12/site-packages/airflow/example_dags/tutorial_taskflow_api_virtualenv.py
[2026-05-09T19:23:03.510+0000] {logging_mixin.py:188} INFO - [2026-05-09T19:23:03.509+0000] {dag.py:3096} INFO - Sync 1 DAGs
[2026-05-09T19:23:03.524+0000] {logging_mixin.py:188} INFO - [2026-05-09T19:23:03.524+0000] {dag.py:3954} INFO - Setting next_dagrun for tutorial_taskflow_api_virtualenv to None, run_after=None
[2026-05-09T19:23:03.548+0000] {processor.py:183} INFO - Processing /home/airflow/.local/lib/python3.12/site-packages/airflow/example_dags/tutorial_taskflow_api_virtualenv.py took 0.084 seconds
[2026-05-09T19:23:33.839+0000] {processor.py:161} INFO - Started process (PID=3714) to work on /home/airflow/.local/lib/python3.12/site-packages/airflow/example_dags/tutorial_taskflow_api_virtualenv.py
[2026-05-09T19:23:33.840+0000] {processor.py:830} INFO - Processing file /home/airflow/.local/lib/python3.12/site-packages/airflow/example_dags/tutorial_taskflow_api_virtualenv.py for tasks to queue
[2026-05-09T19:23:33.843+0000] {logging_mixin.py:188} INFO - [2026-05-09T19:23:33.842+0000] {dagbag.py:545} INFO - Filling up the DagBag from /home/airflow/.local/lib/python3.12/site-packages/airflow/example_dags/tutorial_taskflow_api_virtualenv.py
[2026-05-09T19:23:33.856+0000] {processor.py:840} INFO - DAG(s) 'tutorial_taskflow_api_virtualenv' retrieved from /home/airflow/.local/lib/python3.12/site-packages/airflow/example_dags/tutorial_taskflow_api_virtualenv.py
[2026-05-09T19:23:33.880+0000] {logging_mixin.py:188} INFO - [2026-05-09T19:23:33.880+0000] {dag.py:3096} INFO - Sync 1 DAGs
[2026-05-09T19:23:33.894+0000] {logging_mixin.py:188} INFO - [2026-05-09T19:23:33.894+0000] {dag.py:3954} INFO - Setting next_dagrun for tutorial_taskflow_api_virtualenv to None, run_after=None
[2026-05-09T19:23:33.920+0000] {processor.py:183} INFO - Processing /home/airflow/.local/lib/python3.12/site-packages/airflow/example_dags/tutorial_taskflow_api_virtualenv.py took 0.087 seconds
[2026-05-09T19:24:05.333+0000] {processor.py:161} INFO - Started process (PID=3773) to work on /home/airflow/.local/lib/python3.12/site-packages/airflow/example_dags/tutorial_taskflow_api_virtualenv.py
[2026-05-09T19:24:05.334+0000] {processor.py:830} INFO - Processing file /home/airflow/.local/lib/python3.12/site-packages/airflow/example_dags/tutorial_taskflow_api_virtualenv.py for tasks to queue
[2026-05-09T19:24:05.336+0000] {logging_mixin.py:188} INFO - [2026-05-09T19:24:05.336+0000] {dagbag.py:545} INFO - Filling up the DagBag from /home/airflow/.local/lib/python3.12/site-packages/airflow/example_dags/tutorial_taskflow_api_virtualenv.py
[2026-05-09T19:24:05.348+0000] {processor.py:840} INFO - DAG(s) 'tutorial_taskflow_api_virtualenv' retrieved from /home/airflow/.local/lib/python3.12/site-packages/airflow/example_dags/tutorial_taskflow_api_virtualenv.py
[2026-05-09T19:24:05.370+0000] {logging_mixin.py:188} INFO - [2026-05-09T19:24:05.370+0000] {dag.py:3096} INFO - Sync 1 DAGs
[2026-05-09T19:24:05.384+0000] {logging_mixin.py:188} INFO - [2026-05-09T19:24:05.384+0000] {dag.py:3954} INFO - Setting next_dagrun for tutorial_taskflow_api_virtualenv to None, run_after=None
[2026-05-09T19:24:05.409+0000] {processor.py:183} INFO - Processing /home/airflow/.local/lib/python3.12/site-packages/airflow/example_dags/tutorial_taskflow_api_virtualenv.py took 0.082 seconds
[2026-05-09T19:24:35.551+0000] {processor.py:161} INFO - Started process (PID=3832) to work on /home/airflow/.local/lib/python3.12/site-packages/airflow/example_dags/tutorial_taskflow_api_virtualenv.py
[2026-05-09T19:24:35.552+0000] {processor.py:830} INFO - Processing file /home/airflow/.local/lib/python3.12/site-packages/airflow/example_dags/tutorial_taskflow_api_virtualenv.py for tasks to queue
[2026-05-09T19:24:35.554+0000] {logging_mixin.py:188} INFO - [2026-05-09T19:24:35.554+0000] {dagbag.py:545} INFO - Filling up the DagBag from /home/airflow/.local/lib/python3.12/site-packages/airflow/example_dags/tutorial_taskflow_api_virtualenv.py
[2026-05-09T19:24:35.564+0000] {processor.py:840} INFO - DAG(s) 'tutorial_taskflow_api_virtualenv' retrieved from /home/airflow/.local/lib/python3.12/site-packages/airflow/example_dags/tutorial_taskflow_api_virtualenv.py
[2026-05-09T19:24:35.585+0000] {logging_mixin.py:188} INFO - [2026-05-09T19:24:35.585+0000] {dag.py:3096} INFO - Sync 1 DAGs
[2026-05-09T19:24:35.598+0000] {logging_mixin.py:188} INFO - [2026-05-09T19:24:35.597+0000] {dag.py:3954} INFO - Setting next_dagrun for tutorial_taskflow_api_virtualenv to None, run_after=None
[2026-05-09T19:24:35.620+0000] {processor.py:183} INFO - Processing /home/airflow/.local/lib/python3.12/site-packages/airflow/example_dags/tutorial_taskflow_api_virtualenv.py took 0.075 seconds
[2026-05-09T19:25:06.872+0000] {processor.py:161} INFO - Started process (PID=3891) to work on /home/airflow/.local/lib/python3.12/site-packages/airflow/example_dags/tutorial_taskflow_api_virtualenv.py
[2026-05-09T19:25:06.873+0000] {processor.py:830} INFO - Processing file /home/airflow/.local/lib/python3.12/site-packages/airflow/example_dags/tutorial_taskflow_api_virtualenv.py for tasks to queue
[2026-05-09T19:25:06.875+0000] {logging_mixin.py:188} INFO - [2026-05-09T19:25:06.875+0000] {dagbag.py:545} INFO - Filling up the DagBag from /home/airflow/.local/lib/python3.12/site-packages/airflow/example_dags/tutorial_taskflow_api_virtualenv.py
[2026-05-09T19:25:06.886+0000] {processor.py:840} INFO - DAG(s) 'tutorial_taskflow_api_virtualenv' retrieved from /home/airflow/.local/lib/python3.12/site-packages/airflow/example_dags/tutorial_taskflow_api_virtualenv.py
[2026-05-09T19:25:06.908+0000] {logging_mixin.py:188} INFO - [2026-05-09T19:25:06.908+0000] {dag.py:3096} INFO - Sync 1 DAGs
[2026-05-09T19:25:06.921+0000] {logging_mixin.py:188} INFO - [2026-05-09T19:25:06.920+0000] {dag.py:3954} INFO - Setting next_dagrun for tutorial_taskflow_api_virtualenv to None, run_after=None
[2026-05-09T19:25:06.945+0000] {processor.py:183} INFO - Processing /home/airflow/.local/lib/python3.12/site-packages/airflow/example_dags/tutorial_taskflow_api_virtualenv.py took 0.078 seconds
[2026-05-09T19:25:37.544+0000] {processor.py:161} INFO - Started process (PID=3950) to work on /home/airflow/.local/lib/python3.12/site-packages/airflow/example_dags/tutorial_taskflow_api_virtualenv.py
[2026-05-09T19:25:37.546+0000] {processor.py:830} INFO - Processing file /home/airflow/.local/lib/python3.12/site-packages/airflow/example_dags/tutorial_taskflow_api_virtualenv.py for tasks to queue
[2026-05-09T19:25:37.549+0000] {logging_mixin.py:188} INFO - [2026-05-09T19:25:37.548+0000] {dagbag.py:545} INFO - Filling up the DagBag from /home/airflow/.local/lib/python3.12/site-packages/airflow/example_dags/tutorial_taskflow_api_virtualenv.py
[2026-05-09T19:25:37.561+0000] {processor.py:840} INFO - DAG(s) 'tutorial_taskflow_api_virtualenv' retrieved from /home/airflow/.local/lib/python3.12/site-packages/airflow/example_dags/tutorial_taskflow_api_virtualenv.py
[2026-05-09T19:25:37.588+0000] {logging_mixin.py:188} INFO - [2026-05-09T19:25:37.587+0000] {dag.py:3096} INFO - Sync 1 DAGs
[2026-05-09T19:25:37.609+0000] {logging_mixin.py:188} INFO - [2026-05-09T19:25:37.609+0000] {dag.py:3954} INFO - Setting next_dagrun for tutorial_taskflow_api_virtualenv to None, run_after=None
[2026-05-09T19:25:37.650+0000] {processor.py:183} INFO - Processing /home/airflow/.local/lib/python3.12/site-packages/airflow/example_dags/tutorial_taskflow_api_virtualenv.py took 0.112 seconds
[2026-05-09T19:26:07.850+0000] {processor.py:161} INFO - Started process (PID=4009) to work on /home/airflow/.local/lib/python3.12/site-packages/airflow/example_dags/tutorial_taskflow_api_virtualenv.py
[2026-05-09T19:26:07.851+0000] {processor.py:830} INFO - Processing file /home/airflow/.local/lib/python3.12/site-packages/airflow/example_dags/tutorial_taskflow_api_virtualenv.py for tasks to queue
[2026-05-09T19:26:07.853+0000] {logging_mixin.py:188} INFO - [2026-05-09T19:26:07.853+0000] {dagbag.py:545} INFO - Filling up the DagBag from /home/airflow/.local/lib/python3.12/site-packages/airflow/example_dags/tutorial_taskflow_api_virtualenv.py
[2026-05-09T19:26:07.862+0000] {processor.py:840} INFO - DAG(s) 'tutorial_taskflow_api_virtualenv' retrieved from /home/airflow/.local/lib/python3.12/site-packages/airflow/example_dags/tutorial_taskflow_api_virtualenv.py
[2026-05-09T19:26:07.883+0000] {logging_mixin.py:188} INFO - [2026-05-09T19:26:07.883+0000] {dag.py:3096} INFO - Sync 1 DAGs
[2026-05-09T19:26:07.896+0000] {logging_mixin.py:188} INFO - [2026-05-09T19:26:07.895+0000] {dag.py:3954} INFO - Setting next_dagrun for tutorial_taskflow_api_virtualenv to None, run_after=None
[2026-05-09T19:26:07.918+0000] {processor.py:183} INFO - Processing /home/airflow/.local/lib/python3.12/site-packages/airflow/example_dags/tutorial_taskflow_api_virtualenv.py took 0.074 seconds
[2026-05-09T19:26:38.942+0000] {processor.py:161} INFO - Started process (PID=4068) to work on /home/airflow/.local/lib/python3.12/site-packages/airflow/example_dags/tutorial_taskflow_api_virtualenv.py
[2026-05-09T19:26:38.943+0000] {processor.py:830} INFO - Processing file /home/airflow/.local/lib/python3.12/site-packages/airflow/example_dags/tutorial_taskflow_api_virtualenv.py for tasks to queue
[2026-05-09T19:26:38.945+0000] {logging_mixin.py:188} INFO - [2026-05-09T19:26:38.944+0000] {dagbag.py:545} INFO - Filling up the DagBag from /home/airflow/.local/lib/python3.12/site-packages/airflow/example_dags/tutorial_taskflow_api_virtualenv.py
[2026-05-09T19:26:38.955+0000] {processor.py:840} INFO - DAG(s) 'tutorial_taskflow_api_virtualenv' retrieved from /home/airflow/.local/lib/python3.12/site-packages/airflow/example_dags/tutorial_taskflow_api_virtualenv.py
[2026-05-09T19:26:38.977+0000] {logging_mixin.py:188} INFO - [2026-05-09T19:26:38.976+0000] {dag.py:3096} INFO - Sync 1 DAGs
[2026-05-09T19:26:38.989+0000] {logging_mixin.py:188} INFO - [2026-05-09T19:26:38.989+0000] {dag.py:3954} INFO - Setting next_dagrun for tutorial_taskflow_api_virtualenv to None, run_after=None
[2026-05-09T19:26:39.013+0000] {processor.py:183} INFO - Processing /home/airflow/.local/lib/python3.12/site-packages/airflow/example_dags/tutorial_taskflow_api_virtualenv.py took 0.077 seconds
[2026-05-09T19:27:09.277+0000] {processor.py:161} INFO - Started process (PID=4127) to work on /home/airflow/.local/lib/python3.12/site-packages/airflow/example_dags/tutorial_taskflow_api_virtualenv.py
[2026-05-09T19:27:09.279+0000] {processor.py:830} INFO - Processing file /home/airflow/.local/lib/python3.12/site-packages/airflow/example_dags/tutorial_taskflow_api_virtualenv.py for tasks to queue
[2026-05-09T19:27:09.281+0000] {logging_mixin.py:188} INFO - [2026-05-09T19:27:09.280+0000] {dagbag.py:545} INFO - Filling up the DagBag from /home/airflow/.local/lib/python3.12/site-packages/airflow/example_dags/tutorial_taskflow_api_virtualenv.py
[2026-05-09T19:27:09.290+0000] {processor.py:840} INFO - DAG(s) 'tutorial_taskflow_api_virtualenv' retrieved from /home/airflow/.local/lib/python3.12/site-packages/airflow/example_dags/tutorial_taskflow_api_virtualenv.py
[2026-05-09T19:27:09.311+0000] {logging_mixin.py:188} INFO - [2026-05-09T19:27:09.311+0000] {dag.py:3096} INFO - Sync 1 DAGs
[2026-05-09T19:27:09.323+0000] {logging_mixin.py:188} INFO - [2026-05-09T19:27:09.323+0000] {dag.py:3954} INFO - Setting next_dagrun for tutorial_taskflow_api_virtualenv to None, run_after=None
[2026-05-09T19:27:09.346+0000] {processor.py:183} INFO - Processing /home/airflow/.local/lib/python3.12/site-packages/airflow/example_dags/tutorial_taskflow_api_virtualenv.py took 0.074 seconds
[2026-05-09T19:27:40.723+0000] {processor.py:161} INFO - Started process (PID=4186) to work on /home/airflow/.local/lib/python3.12/site-packages/airflow/example_dags/tutorial_taskflow_api_virtualenv.py
[2026-05-09T19:27:40.724+0000] {processor.py:830} INFO - Processing file /home/airflow/.local/lib/python3.12/site-packages/airflow/example_dags/tutorial_taskflow_api_virtualenv.py for tasks to queue
[2026-05-09T19:27:40.726+0000] {logging_mixin.py:188} INFO - [2026-05-09T19:27:40.726+0000] {dagbag.py:545} INFO - Filling up the DagBag from /home/airflow/.local/lib/python3.12/site-packages/airflow/example_dags/tutorial_taskflow_api_virtualenv.py
[2026-05-09T19:27:40.735+0000] {processor.py:840} INFO - DAG(s) 'tutorial_taskflow_api_virtualenv' retrieved from /home/airflow/.local/lib/python3.12/site-packages/airflow/example_dags/tutorial_taskflow_api_virtualenv.py
[2026-05-09T19:27:40.756+0000] {logging_mixin.py:188} INFO - [2026-05-09T19:27:40.756+0000] {dag.py:3096} INFO - Sync 1 DAGs
[2026-05-09T19:27:40.768+0000] {logging_mixin.py:188} INFO - [2026-05-09T19:27:40.768+0000] {dag.py:3954} INFO - Setting next_dagrun for tutorial_taskflow_api_virtualenv to None, run_after=None
[2026-05-09T19:27:40.791+0000] {processor.py:183} INFO - Processing /home/airflow/.local/lib/python3.12/site-packages/airflow/example_dags/tutorial_taskflow_api_virtualenv.py took 0.074 seconds
[2026-05-09T19:28:11.239+0000] {processor.py:161} INFO - Started process (PID=4245) to work on /home/airflow/.local/lib/python3.12/site-packages/airflow/example_dags/tutorial_taskflow_api_virtualenv.py
[2026-05-09T19:28:11.240+0000] {processor.py:830} INFO - Processing file /home/airflow/.local/lib/python3.12/site-packages/airflow/example_dags/tutorial_taskflow_api_virtualenv.py for tasks to queue
[2026-05-09T19:28:11.242+0000] {logging_mixin.py:188} INFO - [2026-05-09T19:28:11.242+0000] {dagbag.py:545} INFO - Filling up the DagBag from /home/airflow/.local/lib/python3.12/site-packages/airflow/example_dags/tutorial_taskflow_api_virtualenv.py
[2026-05-09T19:28:11.251+0000] {processor.py:840} INFO - DAG(s) 'tutorial_taskflow_api_virtualenv' retrieved from /home/airflow/.local/lib/python3.12/site-packages/airflow/example_dags/tutorial_taskflow_api_virtualenv.py
[2026-05-09T19:28:11.272+0000] {logging_mixin.py:188} INFO - [2026-05-09T19:28:11.272+0000] {dag.py:3096} INFO - Sync 1 DAGs
[2026-05-09T19:28:11.286+0000] {logging_mixin.py:188} INFO - [2026-05-09T19:28:11.286+0000] {dag.py:3954} INFO - Setting next_dagrun for tutorial_taskflow_api_virtualenv to None, run_after=None
[2026-05-09T19:28:11.308+0000] {processor.py:183} INFO - Processing /home/airflow/.local/lib/python3.12/site-packages/airflow/example_dags/tutorial_taskflow_api_virtualenv.py took 0.075 seconds
[2026-05-09T19:28:41.854+0000] {processor.py:161} INFO - Started process (PID=4304) to work on /home/airflow/.local/lib/python3.12/site-packages/airflow/example_dags/tutorial_taskflow_api_virtualenv.py
[2026-05-09T19:28:41.856+0000] {processor.py:830} INFO - Processing file /home/airflow/.local/lib/python3.12/site-packages/airflow/example_dags/tutorial_taskflow_api_virtualenv.py for tasks to queue
[2026-05-09T19:28:41.858+0000] {logging_mixin.py:188} INFO - [2026-05-09T19:28:41.858+0000] {dagbag.py:545} INFO - Filling up the DagBag from /home/airflow/.local/lib/python3.12/site-packages/airflow/example_dags/tutorial_taskflow_api_virtualenv.py
[2026-05-09T19:28:41.869+0000] {processor.py:840} INFO - DAG(s) 'tutorial_taskflow_api_virtualenv' retrieved from /home/airflow/.local/lib/python3.12/site-packages/airflow/example_dags/tutorial_taskflow_api_virtualenv.py
[2026-05-09T19:28:41.892+0000] {logging_mixin.py:188} INFO - [2026-05-09T19:28:41.891+0000] {dag.py:3096} INFO - Sync 1 DAGs
[2026-05-09T19:28:41.903+0000] {logging_mixin.py:188} INFO - [2026-05-09T19:28:41.903+0000] {dag.py:3954} INFO - Setting next_dagrun for tutorial_taskflow_api_virtualenv to None, run_after=None
[2026-05-09T19:28:41.926+0000] {processor.py:183} INFO - Processing /home/airflow/.local/lib/python3.12/site-packages/airflow/example_dags/tutorial_taskflow_api_virtualenv.py took 0.078 seconds
[2026-05-09T19:29:12.710+0000] {processor.py:161} INFO - Started process (PID=4363) to work on /home/airflow/.local/lib/python3.12/site-packages/airflow/example_dags/tutorial_taskflow_api_virtualenv.py
[2026-05-09T19:29:12.712+0000] {processor.py:830} INFO - Processing file /home/airflow/.local/lib/python3.12/site-packages/airflow/example_dags/tutorial_taskflow_api_virtualenv.py for tasks to queue
[2026-05-09T19:29:12.714+0000] {logging_mixin.py:188} INFO - [2026-05-09T19:29:12.713+0000] {dagbag.py:545} INFO - Filling up the DagBag from /home/airflow/.local/lib/python3.12/site-packages/airflow/example_dags/tutorial_taskflow_api_virtualenv.py
[2026-05-09T19:29:12.723+0000] {processor.py:840} INFO - DAG(s) 'tutorial_taskflow_api_virtualenv' retrieved from /home/airflow/.local/lib/python3.12/site-packages/airflow/example_dags/tutorial_taskflow_api_virtualenv.py
[2026-05-09T19:29:12.743+0000] {logging_mixin.py:188} INFO - [2026-05-09T19:29:12.743+0000] {dag.py:3096} INFO - Sync 1 DAGs
[2026-05-09T19:29:12.755+0000] {logging_mixin.py:188} INFO - [2026-05-09T19:29:12.755+0000] {dag.py:3954} INFO - Setting next_dagrun for tutorial_taskflow_api_virtualenv to None, run_after=None
[2026-05-09T19:29:12.778+0000] {processor.py:183} INFO - Processing /home/airflow/.local/lib/python3.12/site-packages/airflow/example_dags/tutorial_taskflow_api_virtualenv.py took 0.074 seconds
[2026-05-09T19:29:43.552+0000] {processor.py:161} INFO - Started process (PID=4422) to work on /home/airflow/.local/lib/python3.12/site-packages/airflow/example_dags/tutorial_taskflow_api_virtualenv.py
[2026-05-09T19:29:43.553+0000] {processor.py:830} INFO - Processing file /home/airflow/.local/lib/python3.12/site-packages/airflow/example_dags/tutorial_taskflow_api_virtualenv.py for tasks to queue
[2026-05-09T19:29:43.556+0000] {logging_mixin.py:188} INFO - [2026-05-09T19:29:43.555+0000] {dagbag.py:545} INFO - Filling up the DagBag from /home/airflow/.local/lib/python3.12/site-packages/airflow/example_dags/tutorial_taskflow_api_virtualenv.py
[2026-05-09T19:29:43.565+0000] {processor.py:840} INFO - DAG(s) 'tutorial_taskflow_api_virtualenv' retrieved from /home/airflow/.local/lib/python3.12/site-packages/airflow/example_dags/tutorial_taskflow_api_virtualenv.py
[2026-05-09T19:29:43.586+0000] {logging_mixin.py:188} INFO - [2026-05-09T19:29:43.585+0000] {dag.py:3096} INFO - Sync 1 DAGs
[2026-05-09T19:29:43.598+0000] {logging_mixin.py:188} INFO - [2026-05-09T19:29:43.598+0000] {dag.py:3954} INFO - Setting next_dagrun for tutorial_taskflow_api_virtualenv to None, run_after=None
[2026-05-09T19:29:43.622+0000] {processor.py:183} INFO - Processing /home/airflow/.local/lib/python3.12/site-packages/airflow/example_dags/tutorial_taskflow_api_virtualenv.py took 0.076 seconds
[2026-05-09T19:30:14.489+0000] {processor.py:161} INFO - Started process (PID=4481) to work on /home/airflow/.local/lib/python3.12/site-packages/airflow/example_dags/tutorial_taskflow_api_virtualenv.py
[2026-05-09T19:30:14.491+0000] {processor.py:830} INFO - Processing file /home/airflow/.local/lib/python3.12/site-packages/airflow/example_dags/tutorial_taskflow_api_virtualenv.py for tasks to queue
[2026-05-09T19:30:14.493+0000] {logging_mixin.py:188} INFO - [2026-05-09T19:30:14.493+0000] {dagbag.py:545} INFO - Filling up the DagBag from /home/airflow/.local/lib/python3.12/site-packages/airflow/example_dags/tutorial_taskflow_api_virtualenv.py
[2026-05-09T19:30:14.504+0000] {processor.py:840} INFO - DAG(s) 'tutorial_taskflow_api_virtualenv' retrieved from /home/airflow/.local/lib/python3.12/site-packages/airflow/example_dags/tutorial_taskflow_api_virtualenv.py
[2026-05-09T19:30:14.527+0000] {logging_mixin.py:188} INFO - [2026-05-09T19:30:14.527+0000] {dag.py:3096} INFO - Sync 1 DAGs
[2026-05-09T19:30:14.543+0000] {logging_mixin.py:188} INFO - [2026-05-09T19:30:14.543+0000] {dag.py:3954} INFO - Setting next_dagrun for tutorial_taskflow_api_virtualenv to None, run_after=None
[2026-05-09T19:30:14.569+0000] {processor.py:183} INFO - Processing /home/airflow/.local/lib/python3.12/site-packages/airflow/example_dags/tutorial_taskflow_api_virtualenv.py took 0.086 seconds
[2026-05-09T19:30:45.129+0000] {processor.py:161} INFO - Started process (PID=4540) to work on /home/airflow/.local/lib/python3.12/site-packages/airflow/example_dags/tutorial_taskflow_api_virtualenv.py
[2026-05-09T19:30:45.131+0000] {processor.py:830} INFO - Processing file /home/airflow/.local/lib/python3.12/site-packages/airflow/example_dags/tutorial_taskflow_api_virtualenv.py for tasks to queue
[2026-05-09T19:30:45.133+0000] {logging_mixin.py:188} INFO - [2026-05-09T19:30:45.132+0000] {dagbag.py:545} INFO - Filling up the DagBag from /home/airflow/.local/lib/python3.12/site-packages/airflow/example_dags/tutorial_taskflow_api_virtualenv.py
[2026-05-09T19:30:45.142+0000] {processor.py:840} INFO - DAG(s) 'tutorial_taskflow_api_virtualenv' retrieved from /home/airflow/.local/lib/python3.12/site-packages/airflow/example_dags/tutorial_taskflow_api_virtualenv.py
[2026-05-09T19:30:45.161+0000] {logging_mixin.py:188} INFO - [2026-05-09T19:30:45.161+0000] {dag.py:3096} INFO - Sync 1 DAGs
[2026-05-09T19:30:45.174+0000] {logging_mixin.py:188} INFO - [2026-05-09T19:30:45.174+0000] {dag.py:3954} INFO - Setting next_dagrun for tutorial_taskflow_api_virtualenv to None, run_after=None
[2026-05-09T19:30:45.200+0000] {processor.py:183} INFO - Processing /home/airflow/.local/lib/python3.12/site-packages/airflow/example_dags/tutorial_taskflow_api_virtualenv.py took 0.076 seconds
[2026-05-09T19:31:16.023+0000] {processor.py:161} INFO - Started process (PID=4599) to work on /home/airflow/.local/lib/python3.12/site-packages/airflow/example_dags/tutorial_taskflow_api_virtualenv.py
[2026-05-09T19:31:16.024+0000] {processor.py:830} INFO - Processing file /home/airflow/.local/lib/python3.12/site-packages/airflow/example_dags/tutorial_taskflow_api_virtualenv.py for tasks to queue
[2026-05-09T19:31:16.027+0000] {logging_mixin.py:188} INFO - [2026-05-09T19:31:16.026+0000] {dagbag.py:545} INFO - Filling up the DagBag from /home/airflow/.local/lib/python3.12/site-packages/airflow/example_dags/tutorial_taskflow_api_virtualenv.py
[2026-05-09T19:31:16.035+0000] {processor.py:840} INFO - DAG(s) 'tutorial_taskflow_api_virtualenv' retrieved from /home/airflow/.local/lib/python3.12/site-packages/airflow/example_dags/tutorial_taskflow_api_virtualenv.py
[2026-05-09T19:31:16.057+0000] {logging_mixin.py:188} INFO - [2026-05-09T19:31:16.057+0000] {dag.py:3096} INFO - Sync 1 DAGs
[2026-05-09T19:31:16.069+0000] {logging_mixin.py:188} INFO - [2026-05-09T19:31:16.069+0000] {dag.py:3954} INFO - Setting next_dagrun for tutorial_taskflow_api_virtualenv to None, run_after=None
[2026-05-09T19:31:16.094+0000] {processor.py:183} INFO - Processing /home/airflow/.local/lib/python3.12/site-packages/airflow/example_dags/tutorial_taskflow_api_virtualenv.py took 0.076 seconds
[2026-05-09T19:31:46.712+0000] {processor.py:161} INFO - Started process (PID=4658) to work on /home/airflow/.local/lib/python3.12/site-packages/airflow/example_dags/tutorial_taskflow_api_virtualenv.py
[2026-05-09T19:31:46.713+0000] {processor.py:830} INFO - Processing file /home/airflow/.local/lib/python3.12/site-packages/airflow/example_dags/tutorial_taskflow_api_virtualenv.py for tasks to queue
[2026-05-09T19:31:46.716+0000] {logging_mixin.py:188} INFO - [2026-05-09T19:31:46.715+0000] {dagbag.py:545} INFO - Filling up the DagBag from /home/airflow/.local/lib/python3.12/site-packages/airflow/example_dags/tutorial_taskflow_api_virtualenv.py
[2026-05-09T19:31:46.726+0000] {processor.py:840} INFO - DAG(s) 'tutorial_taskflow_api_virtualenv' retrieved from /home/airflow/.local/lib/python3.12/site-packages/airflow/example_dags/tutorial_taskflow_api_virtualenv.py
[2026-05-09T19:31:46.748+0000] {logging_mixin.py:188} INFO - [2026-05-09T19:31:46.748+0000] {dag.py:3096} INFO - Sync 1 DAGs
[2026-05-09T19:31:46.761+0000] {logging_mixin.py:188} INFO - [2026-05-09T19:31:46.761+0000] {dag.py:3954} INFO - Setting next_dagrun for tutorial_taskflow_api_virtualenv to None, run_after=None
[2026-05-09T19:31:46.793+0000] {processor.py:183} INFO - Processing /home/airflow/.local/lib/python3.12/site-packages/airflow/example_dags/tutorial_taskflow_api_virtualenv.py took 0.087 seconds
[2026-05-09T19:32:17.688+0000] {processor.py:161} INFO - Started process (PID=4717) to work on /home/airflow/.local/lib/python3.12/site-packages/airflow/example_dags/tutorial_taskflow_api_virtualenv.py
[2026-05-09T19:32:17.690+0000] {processor.py:830} INFO - Processing file /home/airflow/.local/lib/python3.12/site-packages/airflow/example_dags/tutorial_taskflow_api_virtualenv.py for tasks to queue
[2026-05-09T19:32:17.692+0000] {logging_mixin.py:188} INFO - [2026-05-09T19:32:17.692+0000] {dagbag.py:545} INFO - Filling up the DagBag from /home/airflow/.local/lib/python3.12/site-packages/airflow/example_dags/tutorial_taskflow_api_virtualenv.py
[2026-05-09T19:32:17.706+0000] {processor.py:840} INFO - DAG(s) 'tutorial_taskflow_api_virtualenv' retrieved from /home/airflow/.local/lib/python3.12/site-packages/airflow/example_dags/tutorial_taskflow_api_virtualenv.py
[2026-05-09T19:32:17.729+0000] {logging_mixin.py:188} INFO - [2026-05-09T19:32:17.728+0000] {dag.py:3096} INFO - Sync 1 DAGs
[2026-05-09T19:32:17.741+0000] {logging_mixin.py:188} INFO - [2026-05-09T19:32:17.741+0000] {dag.py:3954} INFO - Setting next_dagrun for tutorial_taskflow_api_virtualenv to None, run_after=None
[2026-05-09T19:32:17.767+0000] {processor.py:183} INFO - Processing /home/airflow/.local/lib/python3.12/site-packages/airflow/example_dags/tutorial_taskflow_api_virtualenv.py took 0.085 seconds
[2026-05-09T19:32:49.093+0000] {processor.py:161} INFO - Started process (PID=4777) to work on /home/airflow/.local/lib/python3.12/site-packages/airflow/example_dags/tutorial_taskflow_api_virtualenv.py
[2026-05-09T19:32:49.094+0000] {processor.py:830} INFO - Processing file /home/airflow/.local/lib/python3.12/site-packages/airflow/example_dags/tutorial_taskflow_api_virtualenv.py for tasks to queue
[2026-05-09T19:32:49.096+0000] {logging_mixin.py:188} INFO - [2026-05-09T19:32:49.096+0000] {dagbag.py:545} INFO - Filling up the DagBag from /home/airflow/.local/lib/python3.12/site-packages/airflow/example_dags/tutorial_taskflow_api_virtualenv.py
[2026-05-09T19:32:49.106+0000] {processor.py:840} INFO - DAG(s) 'tutorial_taskflow_api_virtualenv' retrieved from /home/airflow/.local/lib/python3.12/site-packages/airflow/example_dags/tutorial_taskflow_api_virtualenv.py
[2026-05-09T19:32:49.127+0000] {logging_mixin.py:188} INFO - [2026-05-09T19:32:49.126+0000] {dag.py:3096} INFO - Sync 1 DAGs
[2026-05-09T19:32:49.140+0000] {logging_mixin.py:188} INFO - [2026-05-09T19:32:49.139+0000] {dag.py:3954} INFO - Setting next_dagrun for tutorial_taskflow_api_virtualenv to None, run_after=None
[2026-05-09T19:32:49.164+0000] {processor.py:183} INFO - Processing /home/airflow/.local/lib/python3.12/site-packages/airflow/example_dags/tutorial_taskflow_api_virtualenv.py took 0.077 seconds
[2026-05-09T19:33:19.966+0000] {processor.py:161} INFO - Started process (PID=4836) to work on /home/airflow/.local/lib/python3.12/site-packages/airflow/example_dags/tutorial_taskflow_api_virtualenv.py
[2026-05-09T19:33:19.969+0000] {processor.py:830} INFO - Processing file /home/airflow/.local/lib/python3.12/site-packages/airflow/example_dags/tutorial_taskflow_api_virtualenv.py for tasks to queue
[2026-05-09T19:33:19.971+0000] {logging_mixin.py:188} INFO - [2026-05-09T19:33:19.971+0000] {dagbag.py:545} INFO - Filling up the DagBag from /home/airflow/.local/lib/python3.12/site-packages/airflow/example_dags/tutorial_taskflow_api_virtualenv.py
[2026-05-09T19:33:19.988+0000] {processor.py:840} INFO - DAG(s) 'tutorial_taskflow_api_virtualenv' retrieved from /home/airflow/.local/lib/python3.12/site-packages/airflow/example_dags/tutorial_taskflow_api_virtualenv.py
[2026-05-09T19:33:20.017+0000] {logging_mixin.py:188} INFO - [2026-05-09T19:33:20.016+0000] {dag.py:3096} INFO - Sync 1 DAGs
[2026-05-09T19:33:20.043+0000] {logging_mixin.py:188} INFO - [2026-05-09T19:33:20.042+0000] {dag.py:3954} INFO - Setting next_dagrun for tutorial_taskflow_api_virtualenv to None, run_after=None
[2026-05-09T19:33:20.093+0000] {processor.py:183} INFO - Processing /home/airflow/.local/lib/python3.12/site-packages/airflow/example_dags/tutorial_taskflow_api_virtualenv.py took 0.137 seconds
[2026-05-09T19:33:50.373+0000] {processor.py:161} INFO - Started process (PID=4895) to work on /home/airflow/.local/lib/python3.12/site-packages/airflow/example_dags/tutorial_taskflow_api_virtualenv.py
[2026-05-09T19:33:50.374+0000] {processor.py:830} INFO - Processing file /home/airflow/.local/lib/python3.12/site-packages/airflow/example_dags/tutorial_taskflow_api_virtualenv.py for tasks to queue
[2026-05-09T19:33:50.376+0000] {logging_mixin.py:188} INFO - [2026-05-09T19:33:50.376+0000] {dagbag.py:545} INFO - Filling up the DagBag from /home/airflow/.local/lib/python3.12/site-packages/airflow/example_dags/tutorial_taskflow_api_virtualenv.py
[2026-05-09T19:33:50.388+0000] {processor.py:840} INFO - DAG(s) 'tutorial_taskflow_api_virtualenv' retrieved from /home/airflow/.local/lib/python3.12/site-packages/airflow/example_dags/tutorial_taskflow_api_virtualenv.py
[2026-05-09T19:33:50.410+0000] {logging_mixin.py:188} INFO - [2026-05-09T19:33:50.410+0000] {dag.py:3096} INFO - Sync 1 DAGs
[2026-05-09T19:33:50.423+0000] {logging_mixin.py:188} INFO - [2026-05-09T19:33:50.423+0000] {dag.py:3954} INFO - Setting next_dagrun for tutorial_taskflow_api_virtualenv to None, run_after=None
[2026-05-09T19:33:50.447+0000] {processor.py:183} INFO - Processing /home/airflow/.local/lib/python3.12/site-packages/airflow/example_dags/tutorial_taskflow_api_virtualenv.py took 0.081 seconds
[2026-05-09T19:34:21.034+0000] {processor.py:161} INFO - Started process (PID=4954) to work on /home/airflow/.local/lib/python3.12/site-packages/airflow/example_dags/tutorial_taskflow_api_virtualenv.py
[2026-05-09T19:34:21.035+0000] {processor.py:830} INFO - Processing file /home/airflow/.local/lib/python3.12/site-packages/airflow/example_dags/tutorial_taskflow_api_virtualenv.py for tasks to queue
[2026-05-09T19:34:21.037+0000] {logging_mixin.py:188} INFO - [2026-05-09T19:34:21.037+0000] {dagbag.py:545} INFO - Filling up the DagBag from /home/airflow/.local/lib/python3.12/site-packages/airflow/example_dags/tutorial_taskflow_api_virtualenv.py
[2026-05-09T19:34:21.047+0000] {processor.py:840} INFO - DAG(s) 'tutorial_taskflow_api_virtualenv' retrieved from /home/airflow/.local/lib/python3.12/site-packages/airflow/example_dags/tutorial_taskflow_api_virtualenv.py
[2026-05-09T19:34:21.067+0000] {logging_mixin.py:188} INFO - [2026-05-09T19:34:21.067+0000] {dag.py:3096} INFO - Sync 1 DAGs
[2026-05-09T19:34:21.079+0000] {logging_mixin.py:188} INFO - [2026-05-09T19:34:21.078+0000] {dag.py:3954} INFO - Setting next_dagrun for tutorial_taskflow_api_virtualenv to None, run_after=None
[2026-05-09T19:34:21.102+0000] {processor.py:183} INFO - Processing /home/airflow/.local/lib/python3.12/site-packages/airflow/example_dags/tutorial_taskflow_api_virtualenv.py took 0.074 seconds
[2026-05-09T19:34:51.648+0000] {processor.py:161} INFO - Started process (PID=5013) to work on /home/airflow/.local/lib/python3.12/site-packages/airflow/example_dags/tutorial_taskflow_api_virtualenv.py
[2026-05-09T19:34:51.650+0000] {processor.py:830} INFO - Processing file /home/airflow/.local/lib/python3.12/site-packages/airflow/example_dags/tutorial_taskflow_api_virtualenv.py for tasks to queue
[2026-05-09T19:34:51.652+0000] {logging_mixin.py:188} INFO - [2026-05-09T19:34:51.652+0000] {dagbag.py:545} INFO - Filling up the DagBag from /home/airflow/.local/lib/python3.12/site-packages/airflow/example_dags/tutorial_taskflow_api_virtualenv.py
[2026-05-09T19:34:51.663+0000] {processor.py:840} INFO - DAG(s) 'tutorial_taskflow_api_virtualenv' retrieved from /home/airflow/.local/lib/python3.12/site-packages/airflow/example_dags/tutorial_taskflow_api_virtualenv.py
[2026-05-09T19:34:51.687+0000] {logging_mixin.py:188} INFO - [2026-05-09T19:34:51.686+0000] {dag.py:3096} INFO - Sync 1 DAGs
[2026-05-09T19:34:51.701+0000] {logging_mixin.py:188} INFO - [2026-05-09T19:34:51.700+0000] {dag.py:3954} INFO - Setting next_dagrun for tutorial_taskflow_api_virtualenv to None, run_after=None
[2026-05-09T19:34:51.739+0000] {processor.py:183} INFO - Processing /home/airflow/.local/lib/python3.12/site-packages/airflow/example_dags/tutorial_taskflow_api_virtualenv.py took 0.097 seconds
[2026-05-09T19:35:23.177+0000] {processor.py:161} INFO - Started process (PID=5072) to work on /home/airflow/.local/lib/python3.12/site-packages/airflow/example_dags/tutorial_taskflow_api_virtualenv.py
[2026-05-09T19:35:23.178+0000] {processor.py:830} INFO - Processing file /home/airflow/.local/lib/python3.12/site-packages/airflow/example_dags/tutorial_taskflow_api_virtualenv.py for tasks to queue
[2026-05-09T19:35:23.180+0000] {logging_mixin.py:188} INFO - [2026-05-09T19:35:23.180+0000] {dagbag.py:545} INFO - Filling up the DagBag from /home/airflow/.local/lib/python3.12/site-packages/airflow/example_dags/tutorial_taskflow_api_virtualenv.py
[2026-05-09T19:35:23.189+0000] {processor.py:840} INFO - DAG(s) 'tutorial_taskflow_api_virtualenv' retrieved from /home/airflow/.local/lib/python3.12/site-packages/airflow/example_dags/tutorial_taskflow_api_virtualenv.py
[2026-05-09T19:35:23.210+0000] {logging_mixin.py:188} INFO - [2026-05-09T19:35:23.210+0000] {dag.py:3096} INFO - Sync 1 DAGs
[2026-05-09T19:35:23.223+0000] {logging_mixin.py:188} INFO - [2026-05-09T19:35:23.222+0000] {dag.py:3954} INFO - Setting next_dagrun for tutorial_taskflow_api_virtualenv to None, run_after=None
[2026-05-09T19:35:23.246+0000] {processor.py:183} INFO - Processing /home/airflow/.local/lib/python3.12/site-packages/airflow/example_dags/tutorial_taskflow_api_virtualenv.py took 0.075 seconds
[2026-05-09T19:35:53.519+0000] {processor.py:161} INFO - Started process (PID=5131) to work on /home/airflow/.local/lib/python3.12/site-packages/airflow/example_dags/tutorial_taskflow_api_virtualenv.py
[2026-05-09T19:35:53.520+0000] {processor.py:830} INFO - Processing file /home/airflow/.local/lib/python3.12/site-packages/airflow/example_dags/tutorial_taskflow_api_virtualenv.py for tasks to queue
[2026-05-09T19:35:53.523+0000] {logging_mixin.py:188} INFO - [2026-05-09T19:35:53.522+0000] {dagbag.py:545} INFO - Filling up the DagBag from /home/airflow/.local/lib/python3.12/site-packages/airflow/example_dags/tutorial_taskflow_api_virtualenv.py
[2026-05-09T19:35:53.533+0000] {processor.py:840} INFO - DAG(s) 'tutorial_taskflow_api_virtualenv' retrieved from /home/airflow/.local/lib/python3.12/site-packages/airflow/example_dags/tutorial_taskflow_api_virtualenv.py
[2026-05-09T19:35:53.556+0000] {logging_mixin.py:188} INFO - [2026-05-09T19:35:53.556+0000] {dag.py:3096} INFO - Sync 1 DAGs
[2026-05-09T19:35:53.569+0000] {logging_mixin.py:188} INFO - [2026-05-09T19:35:53.569+0000] {dag.py:3954} INFO - Setting next_dagrun for tutorial_taskflow_api_virtualenv to None, run_after=None
[2026-05-09T19:35:53.595+0000] {processor.py:183} INFO - Processing /home/airflow/.local/lib/python3.12/site-packages/airflow/example_dags/tutorial_taskflow_api_virtualenv.py took 0.081 seconds
[2026-05-09T19:36:24.333+0000] {processor.py:161} INFO - Started process (PID=5190) to work on /home/airflow/.local/lib/python3.12/site-packages/airflow/example_dags/tutorial_taskflow_api_virtualenv.py
[2026-05-09T19:36:24.334+0000] {processor.py:830} INFO - Processing file /home/airflow/.local/lib/python3.12/site-packages/airflow/example_dags/tutorial_taskflow_api_virtualenv.py for tasks to queue
[2026-05-09T19:36:24.336+0000] {logging_mixin.py:188} INFO - [2026-05-09T19:36:24.336+0000] {dagbag.py:545} INFO - Filling up the DagBag from /home/airflow/.local/lib/python3.12/site-packages/airflow/example_dags/tutorial_taskflow_api_virtualenv.py
[2026-05-09T19:36:24.348+0000] {processor.py:840} INFO - DAG(s) 'tutorial_taskflow_api_virtualenv' retrieved from /home/airflow/.local/lib/python3.12/site-packages/airflow/example_dags/tutorial_taskflow_api_virtualenv.py
[2026-05-09T19:36:24.377+0000] {logging_mixin.py:188} INFO - [2026-05-09T19:36:24.376+0000] {dag.py:3096} INFO - Sync 1 DAGs
[2026-05-09T19:36:24.395+0000] {logging_mixin.py:188} INFO - [2026-05-09T19:36:24.394+0000] {dag.py:3954} INFO - Setting next_dagrun for tutorial_taskflow_api_virtualenv to None, run_after=None
[2026-05-09T19:36:24.432+0000] {processor.py:183} INFO - Processing /home/airflow/.local/lib/python3.12/site-packages/airflow/example_dags/tutorial_taskflow_api_virtualenv.py took 0.105 seconds
[2026-05-09T19:36:55.524+0000] {processor.py:161} INFO - Started process (PID=5249) to work on /home/airflow/.local/lib/python3.12/site-packages/airflow/example_dags/tutorial_taskflow_api_virtualenv.py
[2026-05-09T19:36:55.526+0000] {processor.py:830} INFO - Processing file /home/airflow/.local/lib/python3.12/site-packages/airflow/example_dags/tutorial_taskflow_api_virtualenv.py for tasks to queue
[2026-05-09T19:36:55.528+0000] {logging_mixin.py:188} INFO - [2026-05-09T19:36:55.528+0000] {dagbag.py:545} INFO - Filling up the DagBag from /home/airflow/.local/lib/python3.12/site-packages/airflow/example_dags/tutorial_taskflow_api_virtualenv.py
[2026-05-09T19:36:55.539+0000] {processor.py:840} INFO - DAG(s) 'tutorial_taskflow_api_virtualenv' retrieved from /home/airflow/.local/lib/python3.12/site-packages/airflow/example_dags/tutorial_taskflow_api_virtualenv.py
[2026-05-09T19:36:55.561+0000] {logging_mixin.py:188} INFO - [2026-05-09T19:36:55.561+0000] {dag.py:3096} INFO - Sync 1 DAGs
[2026-05-09T19:36:55.576+0000] {logging_mixin.py:188} INFO - [2026-05-09T19:36:55.575+0000] {dag.py:3954} INFO - Setting next_dagrun for tutorial_taskflow_api_virtualenv to None, run_after=None
[2026-05-09T19:36:55.604+0000] {processor.py:183} INFO - Processing /home/airflow/.local/lib/python3.12/site-packages/airflow/example_dags/tutorial_taskflow_api_virtualenv.py took 0.088 seconds
[2026-05-09T19:37:26.065+0000] {processor.py:161} INFO - Started process (PID=5308) to work on /home/airflow/.local/lib/python3.12/site-packages/airflow/example_dags/tutorial_taskflow_api_virtualenv.py
[2026-05-09T19:37:26.066+0000] {processor.py:830} INFO - Processing file /home/airflow/.local/lib/python3.12/site-packages/airflow/example_dags/tutorial_taskflow_api_virtualenv.py for tasks to queue
[2026-05-09T19:37:26.068+0000] {logging_mixin.py:188} INFO - [2026-05-09T19:37:26.068+0000] {dagbag.py:545} INFO - Filling up the DagBag from /home/airflow/.local/lib/python3.12/site-packages/airflow/example_dags/tutorial_taskflow_api_virtualenv.py
[2026-05-09T19:37:26.078+0000] {processor.py:840} INFO - DAG(s) 'tutorial_taskflow_api_virtualenv' retrieved from /home/airflow/.local/lib/python3.12/site-packages/airflow/example_dags/tutorial_taskflow_api_virtualenv.py
[2026-05-09T19:37:26.097+0000] {logging_mixin.py:188} INFO - [2026-05-09T19:37:26.097+0000] {dag.py:3096} INFO - Sync 1 DAGs
[2026-05-09T19:37:26.109+0000] {logging_mixin.py:188} INFO - [2026-05-09T19:37:26.109+0000] {dag.py:3954} INFO - Setting next_dagrun for tutorial_taskflow_api_virtualenv to None, run_after=None
[2026-05-09T19:37:26.134+0000] {processor.py:183} INFO - Processing /home/airflow/.local/lib/python3.12/site-packages/airflow/example_dags/tutorial_taskflow_api_virtualenv.py took 0.074 seconds
[2026-05-09T19:37:56.819+0000] {processor.py:161} INFO - Started process (PID=5367) to work on /home/airflow/.local/lib/python3.12/site-packages/airflow/example_dags/tutorial_taskflow_api_virtualenv.py
[2026-05-09T19:37:56.821+0000] {processor.py:830} INFO - Processing file /home/airflow/.local/lib/python3.12/site-packages/airflow/example_dags/tutorial_taskflow_api_virtualenv.py for tasks to queue
[2026-05-09T19:37:56.823+0000] {logging_mixin.py:188} INFO - [2026-05-09T19:37:56.822+0000] {dagbag.py:545} INFO - Filling up the DagBag from /home/airflow/.local/lib/python3.12/site-packages/airflow/example_dags/tutorial_taskflow_api_virtualenv.py
[2026-05-09T19:37:56.832+0000] {processor.py:840} INFO - DAG(s) 'tutorial_taskflow_api_virtualenv' retrieved from /home/airflow/.local/lib/python3.12/site-packages/airflow/example_dags/tutorial_taskflow_api_virtualenv.py
[2026-05-09T19:37:56.854+0000] {logging_mixin.py:188} INFO - [2026-05-09T19:37:56.853+0000] {dag.py:3096} INFO - Sync 1 DAGs
[2026-05-09T19:37:56.867+0000] {logging_mixin.py:188} INFO - [2026-05-09T19:37:56.867+0000] {dag.py:3954} INFO - Setting next_dagrun for tutorial_taskflow_api_virtualenv to None, run_after=None
[2026-05-09T19:37:56.893+0000] {processor.py:183} INFO - Processing /home/airflow/.local/lib/python3.12/site-packages/airflow/example_dags/tutorial_taskflow_api_virtualenv.py took 0.079 seconds
[2026-05-09T19:38:27.510+0000] {processor.py:161} INFO - Started process (PID=5426) to work on /home/airflow/.local/lib/python3.12/site-packages/airflow/example_dags/tutorial_taskflow_api_virtualenv.py
[2026-05-09T19:38:27.511+0000] {processor.py:830} INFO - Processing file /home/airflow/.local/lib/python3.12/site-packages/airflow/example_dags/tutorial_taskflow_api_virtualenv.py for tasks to queue
[2026-05-09T19:38:27.513+0000] {logging_mixin.py:188} INFO - [2026-05-09T19:38:27.513+0000] {dagbag.py:545} INFO - Filling up the DagBag from /home/airflow/.local/lib/python3.12/site-packages/airflow/example_dags/tutorial_taskflow_api_virtualenv.py
[2026-05-09T19:38:27.522+0000] {processor.py:840} INFO - DAG(s) 'tutorial_taskflow_api_virtualenv' retrieved from /home/airflow/.local/lib/python3.12/site-packages/airflow/example_dags/tutorial_taskflow_api_virtualenv.py
[2026-05-09T19:38:27.542+0000] {logging_mixin.py:188} INFO - [2026-05-09T19:38:27.542+0000] {dag.py:3096} INFO - Sync 1 DAGs
[2026-05-09T19:38:27.556+0000] {logging_mixin.py:188} INFO - [2026-05-09T19:38:27.556+0000] {dag.py:3954} INFO - Setting next_dagrun for tutorial_taskflow_api_virtualenv to None, run_after=None
[2026-05-09T19:38:27.580+0000] {processor.py:183} INFO - Processing /home/airflow/.local/lib/python3.12/site-packages/airflow/example_dags/tutorial_taskflow_api_virtualenv.py took 0.075 seconds
[2026-05-09T19:38:58.763+0000] {processor.py:161} INFO - Started process (PID=5485) to work on /home/airflow/.local/lib/python3.12/site-packages/airflow/example_dags/tutorial_taskflow_api_virtualenv.py
[2026-05-09T19:38:58.764+0000] {processor.py:830} INFO - Processing file /home/airflow/.local/lib/python3.12/site-packages/airflow/example_dags/tutorial_taskflow_api_virtualenv.py for tasks to queue
[2026-05-09T19:38:58.766+0000] {logging_mixin.py:188} INFO - [2026-05-09T19:38:58.766+0000] {dagbag.py:545} INFO - Filling up the DagBag from /home/airflow/.local/lib/python3.12/site-packages/airflow/example_dags/tutorial_taskflow_api_virtualenv.py
[2026-05-09T19:38:58.776+0000] {processor.py:840} INFO - DAG(s) 'tutorial_taskflow_api_virtualenv' retrieved from /home/airflow/.local/lib/python3.12/site-packages/airflow/example_dags/tutorial_taskflow_api_virtualenv.py
[2026-05-09T19:38:58.797+0000] {logging_mixin.py:188} INFO - [2026-05-09T19:38:58.797+0000] {dag.py:3096} INFO - Sync 1 DAGs
[2026-05-09T19:38:58.810+0000] {logging_mixin.py:188} INFO - [2026-05-09T19:38:58.810+0000] {dag.py:3954} INFO - Setting next_dagrun for tutorial_taskflow_api_virtualenv to None, run_after=None
[2026-05-09T19:38:58.834+0000] {processor.py:183} INFO - Processing /home/airflow/.local/lib/python3.12/site-packages/airflow/example_dags/tutorial_taskflow_api_virtualenv.py took 0.076 seconds
[2026-05-09T19:39:29.709+0000] {processor.py:161} INFO - Started process (PID=5544) to work on /home/airflow/.local/lib/python3.12/site-packages/airflow/example_dags/tutorial_taskflow_api_virtualenv.py
[2026-05-09T19:39:29.710+0000] {processor.py:830} INFO - Processing file /home/airflow/.local/lib/python3.12/site-packages/airflow/example_dags/tutorial_taskflow_api_virtualenv.py for tasks to queue
[2026-05-09T19:39:29.712+0000] {logging_mixin.py:188} INFO - [2026-05-09T19:39:29.712+0000] {dagbag.py:545} INFO - Filling up the DagBag from /home/airflow/.local/lib/python3.12/site-packages/airflow/example_dags/tutorial_taskflow_api_virtualenv.py
[2026-05-09T19:39:29.722+0000] {processor.py:840} INFO - DAG(s) 'tutorial_taskflow_api_virtualenv' retrieved from /home/airflow/.local/lib/python3.12/site-packages/airflow/example_dags/tutorial_taskflow_api_virtualenv.py
[2026-05-09T19:39:29.744+0000] {logging_mixin.py:188} INFO - [2026-05-09T19:39:29.744+0000] {dag.py:3096} INFO - Sync 1 DAGs
[2026-05-09T19:39:29.757+0000] {logging_mixin.py:188} INFO - [2026-05-09T19:39:29.757+0000] {dag.py:3954} INFO - Setting next_dagrun for tutorial_taskflow_api_virtualenv to None, run_after=None
[2026-05-09T19:39:29.779+0000] {processor.py:183} INFO - Processing /home/airflow/.local/lib/python3.12/site-packages/airflow/example_dags/tutorial_taskflow_api_virtualenv.py took 0.076 seconds
[2026-05-09T19:39:59.860+0000] {processor.py:161} INFO - Started process (PID=5603) to work on /home/airflow/.local/lib/python3.12/site-packages/airflow/example_dags/tutorial_taskflow_api_virtualenv.py
[2026-05-09T19:39:59.862+0000] {processor.py:830} INFO - Processing file /home/airflow/.local/lib/python3.12/site-packages/airflow/example_dags/tutorial_taskflow_api_virtualenv.py for tasks to queue
[2026-05-09T19:39:59.864+0000] {logging_mixin.py:188} INFO - [2026-05-09T19:39:59.863+0000] {dagbag.py:545} INFO - Filling up the DagBag from /home/airflow/.local/lib/python3.12/site-packages/airflow/example_dags/tutorial_taskflow_api_virtualenv.py
[2026-05-09T19:39:59.873+0000] {processor.py:840} INFO - DAG(s) 'tutorial_taskflow_api_virtualenv' retrieved from /home/airflow/.local/lib/python3.12/site-packages/airflow/example_dags/tutorial_taskflow_api_virtualenv.py
[2026-05-09T19:39:59.894+0000] {logging_mixin.py:188} INFO - [2026-05-09T19:39:59.894+0000] {dag.py:3096} INFO - Sync 1 DAGs
[2026-05-09T19:39:59.908+0000] {logging_mixin.py:188} INFO - [2026-05-09T19:39:59.908+0000] {dag.py:3954} INFO - Setting next_dagrun for tutorial_taskflow_api_virtualenv to None, run_after=None
[2026-05-09T19:39:59.933+0000] {processor.py:183} INFO - Processing /home/airflow/.local/lib/python3.12/site-packages/airflow/example_dags/tutorial_taskflow_api_virtualenv.py took 0.078 seconds
[2026-05-09T19:40:31.406+0000] {processor.py:161} INFO - Started process (PID=5662) to work on /home/airflow/.local/lib/python3.12/site-packages/airflow/example_dags/tutorial_taskflow_api_virtualenv.py
[2026-05-09T19:40:31.407+0000] {processor.py:830} INFO - Processing file /home/airflow/.local/lib/python3.12/site-packages/airflow/example_dags/tutorial_taskflow_api_virtualenv.py for tasks to queue
[2026-05-09T19:40:31.409+0000] {logging_mixin.py:188} INFO - [2026-05-09T19:40:31.409+0000] {dagbag.py:545} INFO - Filling up the DagBag from /home/airflow/.local/lib/python3.12/site-packages/airflow/example_dags/tutorial_taskflow_api_virtualenv.py
[2026-05-09T19:40:31.418+0000] {processor.py:840} INFO - DAG(s) 'tutorial_taskflow_api_virtualenv' retrieved from /home/airflow/.local/lib/python3.12/site-packages/airflow/example_dags/tutorial_taskflow_api_virtualenv.py
[2026-05-09T19:40:31.438+0000] {logging_mixin.py:188} INFO - [2026-05-09T19:40:31.437+0000] {dag.py:3096} INFO - Sync 1 DAGs
[2026-05-09T19:40:31.450+0000] {logging_mixin.py:188} INFO - [2026-05-09T19:40:31.450+0000] {dag.py:3954} INFO - Setting next_dagrun for tutorial_taskflow_api_virtualenv to None, run_after=None
[2026-05-09T19:40:31.474+0000] {processor.py:183} INFO - Processing /home/airflow/.local/lib/python3.12/site-packages/airflow/example_dags/tutorial_taskflow_api_virtualenv.py took 0.074 seconds
[2026-05-09T19:41:02.564+0000] {processor.py:161} INFO - Started process (PID=5722) to work on /home/airflow/.local/lib/python3.12/site-packages/airflow/example_dags/tutorial_taskflow_api_virtualenv.py
[2026-05-09T19:41:02.565+0000] {processor.py:830} INFO - Processing file /home/airflow/.local/lib/python3.12/site-packages/airflow/example_dags/tutorial_taskflow_api_virtualenv.py for tasks to queue
[2026-05-09T19:41:02.567+0000] {logging_mixin.py:188} INFO - [2026-05-09T19:41:02.567+0000] {dagbag.py:545} INFO - Filling up the DagBag from /home/airflow/.local/lib/python3.12/site-packages/airflow/example_dags/tutorial_taskflow_api_virtualenv.py
[2026-05-09T19:41:02.577+0000] {processor.py:840} INFO - DAG(s) 'tutorial_taskflow_api_virtualenv' retrieved from /home/airflow/.local/lib/python3.12/site-packages/airflow/example_dags/tutorial_taskflow_api_virtualenv.py
[2026-05-09T19:41:02.599+0000] {logging_mixin.py:188} INFO - [2026-05-09T19:41:02.599+0000] {dag.py:3096} INFO - Sync 1 DAGs
[2026-05-09T19:41:02.611+0000] {logging_mixin.py:188} INFO - [2026-05-09T19:41:02.610+0000] {dag.py:3954} INFO - Setting next_dagrun for tutorial_taskflow_api_virtualenv to None, run_after=None
[2026-05-09T19:41:02.634+0000] {processor.py:183} INFO - Processing /home/airflow/.local/lib/python3.12/site-packages/airflow/example_dags/tutorial_taskflow_api_virtualenv.py took 0.075 seconds
[2026-05-09T19:41:33.235+0000] {processor.py:161} INFO - Started process (PID=5781) to work on /home/airflow/.local/lib/python3.12/site-packages/airflow/example_dags/tutorial_taskflow_api_virtualenv.py
[2026-05-09T19:41:33.237+0000] {processor.py:830} INFO - Processing file /home/airflow/.local/lib/python3.12/site-packages/airflow/example_dags/tutorial_taskflow_api_virtualenv.py for tasks to queue
[2026-05-09T19:41:33.239+0000] {logging_mixin.py:188} INFO - [2026-05-09T19:41:33.239+0000] {dagbag.py:545} INFO - Filling up the DagBag from /home/airflow/.local/lib/python3.12/site-packages/airflow/example_dags/tutorial_taskflow_api_virtualenv.py
[2026-05-09T19:41:33.252+0000] {processor.py:840} INFO - DAG(s) 'tutorial_taskflow_api_virtualenv' retrieved from /home/airflow/.local/lib/python3.12/site-packages/airflow/example_dags/tutorial_taskflow_api_virtualenv.py
[2026-05-09T19:41:33.279+0000] {logging_mixin.py:188} INFO - [2026-05-09T19:41:33.279+0000] {dag.py:3096} INFO - Sync 1 DAGs
[2026-05-09T19:41:33.298+0000] {logging_mixin.py:188} INFO - [2026-05-09T19:41:33.298+0000] {dag.py:3954} INFO - Setting next_dagrun for tutorial_taskflow_api_virtualenv to None, run_after=None
[2026-05-09T19:41:33.321+0000] {processor.py:183} INFO - Processing /home/airflow/.local/lib/python3.12/site-packages/airflow/example_dags/tutorial_taskflow_api_virtualenv.py took 0.094 seconds
[2026-05-09T19:42:03.891+0000] {processor.py:161} INFO - Started process (PID=5840) to work on /home/airflow/.local/lib/python3.12/site-packages/airflow/example_dags/tutorial_taskflow_api_virtualenv.py
[2026-05-09T19:42:03.893+0000] {processor.py:830} INFO - Processing file /home/airflow/.local/lib/python3.12/site-packages/airflow/example_dags/tutorial_taskflow_api_virtualenv.py for tasks to queue
[2026-05-09T19:42:03.895+0000] {logging_mixin.py:188} INFO - [2026-05-09T19:42:03.894+0000] {dagbag.py:545} INFO - Filling up the DagBag from /home/airflow/.local/lib/python3.12/site-packages/airflow/example_dags/tutorial_taskflow_api_virtualenv.py
[2026-05-09T19:42:03.904+0000] {processor.py:840} INFO - DAG(s) 'tutorial_taskflow_api_virtualenv' retrieved from /home/airflow/.local/lib/python3.12/site-packages/airflow/example_dags/tutorial_taskflow_api_virtualenv.py
[2026-05-09T19:42:03.924+0000] {logging_mixin.py:188} INFO - [2026-05-09T19:42:03.924+0000] {dag.py:3096} INFO - Sync 1 DAGs
[2026-05-09T19:42:03.938+0000] {logging_mixin.py:188} INFO - [2026-05-09T19:42:03.938+0000] {dag.py:3954} INFO - Setting next_dagrun for tutorial_taskflow_api_virtualenv to None, run_after=None
[2026-05-09T19:42:03.963+0000] {processor.py:183} INFO - Processing /home/airflow/.local/lib/python3.12/site-packages/airflow/example_dags/tutorial_taskflow_api_virtualenv.py took 0.077 seconds
[2026-05-09T19:42:35.616+0000] {processor.py:161} INFO - Started process (PID=5899) to work on /home/airflow/.local/lib/python3.12/site-packages/airflow/example_dags/tutorial_taskflow_api_virtualenv.py
[2026-05-09T19:42:35.618+0000] {processor.py:830} INFO - Processing file /home/airflow/.local/lib/python3.12/site-packages/airflow/example_dags/tutorial_taskflow_api_virtualenv.py for tasks to queue
[2026-05-09T19:42:35.620+0000] {logging_mixin.py:188} INFO - [2026-05-09T19:42:35.619+0000] {dagbag.py:545} INFO - Filling up the DagBag from /home/airflow/.local/lib/python3.12/site-packages/airflow/example_dags/tutorial_taskflow_api_virtualenv.py
[2026-05-09T19:42:35.631+0000] {processor.py:840} INFO - DAG(s) 'tutorial_taskflow_api_virtualenv' retrieved from /home/airflow/.local/lib/python3.12/site-packages/airflow/example_dags/tutorial_taskflow_api_virtualenv.py
[2026-05-09T19:42:35.781+0000] {logging_mixin.py:188} INFO - [2026-05-09T19:42:35.781+0000] {dag.py:3096} INFO - Sync 1 DAGs
[2026-05-09T19:42:35.793+0000] {logging_mixin.py:188} INFO - [2026-05-09T19:42:35.792+0000] {dag.py:3954} INFO - Setting next_dagrun for tutorial_taskflow_api_virtualenv to None, run_after=None
[2026-05-09T19:42:35.816+0000] {processor.py:183} INFO - Processing /home/airflow/.local/lib/python3.12/site-packages/airflow/example_dags/tutorial_taskflow_api_virtualenv.py took 0.205 seconds
[2026-05-09T19:43:06.568+0000] {processor.py:161} INFO - Started process (PID=5958) to work on /home/airflow/.local/lib/python3.12/site-packages/airflow/example_dags/tutorial_taskflow_api_virtualenv.py
[2026-05-09T19:43:06.569+0000] {processor.py:830} INFO - Processing file /home/airflow/.local/lib/python3.12/site-packages/airflow/example_dags/tutorial_taskflow_api_virtualenv.py for tasks to queue
[2026-05-09T19:43:06.571+0000] {logging_mixin.py:188} INFO - [2026-05-09T19:43:06.571+0000] {dagbag.py:545} INFO - Filling up the DagBag from /home/airflow/.local/lib/python3.12/site-packages/airflow/example_dags/tutorial_taskflow_api_virtualenv.py
[2026-05-09T19:43:06.581+0000] {processor.py:840} INFO - DAG(s) 'tutorial_taskflow_api_virtualenv' retrieved from /home/airflow/.local/lib/python3.12/site-packages/airflow/example_dags/tutorial_taskflow_api_virtualenv.py
[2026-05-09T19:43:06.602+0000] {logging_mixin.py:188} INFO - [2026-05-09T19:43:06.602+0000] {dag.py:3096} INFO - Sync 1 DAGs
[2026-05-09T19:43:06.615+0000] {logging_mixin.py:188} INFO - [2026-05-09T19:43:06.615+0000] {dag.py:3954} INFO - Setting next_dagrun for tutorial_taskflow_api_virtualenv to None, run_after=None
[2026-05-09T19:43:06.638+0000] {processor.py:183} INFO - Processing /home/airflow/.local/lib/python3.12/site-packages/airflow/example_dags/tutorial_taskflow_api_virtualenv.py took 0.076 seconds
[2026-05-09T19:43:37.059+0000] {processor.py:161} INFO - Started process (PID=6018) to work on /home/airflow/.local/lib/python3.12/site-packages/airflow/example_dags/tutorial_taskflow_api_virtualenv.py
[2026-05-09T19:43:37.060+0000] {processor.py:830} INFO - Processing file /home/airflow/.local/lib/python3.12/site-packages/airflow/example_dags/tutorial_taskflow_api_virtualenv.py for tasks to queue
[2026-05-09T19:43:37.063+0000] {logging_mixin.py:188} INFO - [2026-05-09T19:43:37.062+0000] {dagbag.py:545} INFO - Filling up the DagBag from /home/airflow/.local/lib/python3.12/site-packages/airflow/example_dags/tutorial_taskflow_api_virtualenv.py
[2026-05-09T19:43:37.072+0000] {processor.py:840} INFO - DAG(s) 'tutorial_taskflow_api_virtualenv' retrieved from /home/airflow/.local/lib/python3.12/site-packages/airflow/example_dags/tutorial_taskflow_api_virtualenv.py
[2026-05-09T19:43:37.094+0000] {logging_mixin.py:188} INFO - [2026-05-09T19:43:37.094+0000] {dag.py:3096} INFO - Sync 1 DAGs
[2026-05-09T19:43:37.108+0000] {logging_mixin.py:188} INFO - [2026-05-09T19:43:37.107+0000] {dag.py:3954} INFO - Setting next_dagrun for tutorial_taskflow_api_virtualenv to None, run_after=None
[2026-05-09T19:43:37.132+0000] {processor.py:183} INFO - Processing /home/airflow/.local/lib/python3.12/site-packages/airflow/example_dags/tutorial_taskflow_api_virtualenv.py took 0.079 seconds
[2026-05-09T19:44:07.830+0000] {processor.py:161} INFO - Started process (PID=6077) to work on /home/airflow/.local/lib/python3.12/site-packages/airflow/example_dags/tutorial_taskflow_api_virtualenv.py
[2026-05-09T19:44:07.831+0000] {processor.py:830} INFO - Processing file /home/airflow/.local/lib/python3.12/site-packages/airflow/example_dags/tutorial_taskflow_api_virtualenv.py for tasks to queue
[2026-05-09T19:44:07.834+0000] {logging_mixin.py:188} INFO - [2026-05-09T19:44:07.833+0000] {dagbag.py:545} INFO - Filling up the DagBag from /home/airflow/.local/lib/python3.12/site-packages/airflow/example_dags/tutorial_taskflow_api_virtualenv.py
[2026-05-09T19:44:07.844+0000] {processor.py:840} INFO - DAG(s) 'tutorial_taskflow_api_virtualenv' retrieved from /home/airflow/.local/lib/python3.12/site-packages/airflow/example_dags/tutorial_taskflow_api_virtualenv.py
[2026-05-09T19:44:07.866+0000] {logging_mixin.py:188} INFO - [2026-05-09T19:44:07.865+0000] {dag.py:3096} INFO - Sync 1 DAGs
[2026-05-09T19:44:07.878+0000] {logging_mixin.py:188} INFO - [2026-05-09T19:44:07.878+0000] {dag.py:3954} INFO - Setting next_dagrun for tutorial_taskflow_api_virtualenv to None, run_after=None
[2026-05-09T19:44:07.902+0000] {processor.py:183} INFO - Processing /home/airflow/.local/lib/python3.12/site-packages/airflow/example_dags/tutorial_taskflow_api_virtualenv.py took 0.077 seconds
[2026-05-09T19:44:38.732+0000] {processor.py:161} INFO - Started process (PID=6136) to work on /home/airflow/.local/lib/python3.12/site-packages/airflow/example_dags/tutorial_taskflow_api_virtualenv.py
[2026-05-09T19:44:38.733+0000] {processor.py:830} INFO - Processing file /home/airflow/.local/lib/python3.12/site-packages/airflow/example_dags/tutorial_taskflow_api_virtualenv.py for tasks to queue
[2026-05-09T19:44:38.735+0000] {logging_mixin.py:188} INFO - [2026-05-09T19:44:38.735+0000] {dagbag.py:545} INFO - Filling up the DagBag from /home/airflow/.local/lib/python3.12/site-packages/airflow/example_dags/tutorial_taskflow_api_virtualenv.py
[2026-05-09T19:44:38.745+0000] {processor.py:840} INFO - DAG(s) 'tutorial_taskflow_api_virtualenv' retrieved from /home/airflow/.local/lib/python3.12/site-packages/airflow/example_dags/tutorial_taskflow_api_virtualenv.py
[2026-05-09T19:44:38.769+0000] {logging_mixin.py:188} INFO - [2026-05-09T19:44:38.769+0000] {dag.py:3096} INFO - Sync 1 DAGs
[2026-05-09T19:44:38.790+0000] {logging_mixin.py:188} INFO - [2026-05-09T19:44:38.790+0000] {dag.py:3954} INFO - Setting next_dagrun for tutorial_taskflow_api_virtualenv to None, run_after=None
[2026-05-09T19:44:38.825+0000] {processor.py:183} INFO - Processing /home/airflow/.local/lib/python3.12/site-packages/airflow/example_dags/tutorial_taskflow_api_virtualenv.py took 0.099 seconds
[2026-05-09T19:45:09.508+0000] {processor.py:161} INFO - Started process (PID=6196) to work on /home/airflow/.local/lib/python3.12/site-packages/airflow/example_dags/tutorial_taskflow_api_virtualenv.py
[2026-05-09T19:45:09.509+0000] {processor.py:830} INFO - Processing file /home/airflow/.local/lib/python3.12/site-packages/airflow/example_dags/tutorial_taskflow_api_virtualenv.py for tasks to queue
[2026-05-09T19:45:09.512+0000] {logging_mixin.py:188} INFO - [2026-05-09T19:45:09.512+0000] {dagbag.py:545} INFO - Filling up the DagBag from /home/airflow/.local/lib/python3.12/site-packages/airflow/example_dags/tutorial_taskflow_api_virtualenv.py
[2026-05-09T19:45:09.526+0000] {processor.py:840} INFO - DAG(s) 'tutorial_taskflow_api_virtualenv' retrieved from /home/airflow/.local/lib/python3.12/site-packages/airflow/example_dags/tutorial_taskflow_api_virtualenv.py
[2026-05-09T19:45:09.553+0000] {logging_mixin.py:188} INFO - [2026-05-09T19:45:09.553+0000] {dag.py:3096} INFO - Sync 1 DAGs
[2026-05-09T19:45:09.568+0000] {logging_mixin.py:188} INFO - [2026-05-09T19:45:09.568+0000] {dag.py:3954} INFO - Setting next_dagrun for tutorial_taskflow_api_virtualenv to None, run_after=None
[2026-05-09T19:45:09.594+0000] {processor.py:183} INFO - Processing /home/airflow/.local/lib/python3.12/site-packages/airflow/example_dags/tutorial_taskflow_api_virtualenv.py took 0.092 seconds
[2026-05-09T19:45:40.373+0000] {processor.py:161} INFO - Started process (PID=6255) to work on /home/airflow/.local/lib/python3.12/site-packages/airflow/example_dags/tutorial_taskflow_api_virtualenv.py
[2026-05-09T19:45:40.375+0000] {processor.py:830} INFO - Processing file /home/airflow/.local/lib/python3.12/site-packages/airflow/example_dags/tutorial_taskflow_api_virtualenv.py for tasks to queue
[2026-05-09T19:45:40.377+0000] {logging_mixin.py:188} INFO - [2026-05-09T19:45:40.376+0000] {dagbag.py:545} INFO - Filling up the DagBag from /home/airflow/.local/lib/python3.12/site-packages/airflow/example_dags/tutorial_taskflow_api_virtualenv.py
[2026-05-09T19:45:40.387+0000] {processor.py:840} INFO - DAG(s) 'tutorial_taskflow_api_virtualenv' retrieved from /home/airflow/.local/lib/python3.12/site-packages/airflow/example_dags/tutorial_taskflow_api_virtualenv.py
[2026-05-09T19:45:40.409+0000] {logging_mixin.py:188} INFO - [2026-05-09T19:45:40.408+0000] {dag.py:3096} INFO - Sync 1 DAGs
[2026-05-09T19:45:40.422+0000] {logging_mixin.py:188} INFO - [2026-05-09T19:45:40.422+0000] {dag.py:3954} INFO - Setting next_dagrun for tutorial_taskflow_api_virtualenv to None, run_after=None
[2026-05-09T19:45:40.447+0000] {processor.py:183} INFO - Processing /home/airflow/.local/lib/python3.12/site-packages/airflow/example_dags/tutorial_taskflow_api_virtualenv.py took 0.079 seconds
[2026-05-09T19:46:11.189+0000] {processor.py:161} INFO - Started process (PID=6314) to work on /home/airflow/.local/lib/python3.12/site-packages/airflow/example_dags/tutorial_taskflow_api_virtualenv.py
[2026-05-09T19:46:11.190+0000] {processor.py:830} INFO - Processing file /home/airflow/.local/lib/python3.12/site-packages/airflow/example_dags/tutorial_taskflow_api_virtualenv.py for tasks to queue
[2026-05-09T19:46:11.192+0000] {logging_mixin.py:188} INFO - [2026-05-09T19:46:11.192+0000] {dagbag.py:545} INFO - Filling up the DagBag from /home/airflow/.local/lib/python3.12/site-packages/airflow/example_dags/tutorial_taskflow_api_virtualenv.py
[2026-05-09T19:46:11.201+0000] {processor.py:840} INFO - DAG(s) 'tutorial_taskflow_api_virtualenv' retrieved from /home/airflow/.local/lib/python3.12/site-packages/airflow/example_dags/tutorial_taskflow_api_virtualenv.py
[2026-05-09T19:46:11.220+0000] {logging_mixin.py:188} INFO - [2026-05-09T19:46:11.219+0000] {dag.py:3096} INFO - Sync 1 DAGs
[2026-05-09T19:46:11.232+0000] {logging_mixin.py:188} INFO - [2026-05-09T19:46:11.232+0000] {dag.py:3954} INFO - Setting next_dagrun for tutorial_taskflow_api_virtualenv to None, run_after=None
[2026-05-09T19:46:11.256+0000] {processor.py:183} INFO - Processing /home/airflow/.local/lib/python3.12/site-packages/airflow/example_dags/tutorial_taskflow_api_virtualenv.py took 0.074 seconds
[2026-05-09T19:46:41.624+0000] {processor.py:161} INFO - Started process (PID=6373) to work on /home/airflow/.local/lib/python3.12/site-packages/airflow/example_dags/tutorial_taskflow_api_virtualenv.py
[2026-05-09T19:46:41.626+0000] {processor.py:830} INFO - Processing file /home/airflow/.local/lib/python3.12/site-packages/airflow/example_dags/tutorial_taskflow_api_virtualenv.py for tasks to queue
[2026-05-09T19:46:41.628+0000] {logging_mixin.py:188} INFO - [2026-05-09T19:46:41.628+0000] {dagbag.py:545} INFO - Filling up the DagBag from /home/airflow/.local/lib/python3.12/site-packages/airflow/example_dags/tutorial_taskflow_api_virtualenv.py
[2026-05-09T19:46:41.640+0000] {processor.py:840} INFO - DAG(s) 'tutorial_taskflow_api_virtualenv' retrieved from /home/airflow/.local/lib/python3.12/site-packages/airflow/example_dags/tutorial_taskflow_api_virtualenv.py
[2026-05-09T19:46:41.664+0000] {logging_mixin.py:188} INFO - [2026-05-09T19:46:41.664+0000] {dag.py:3096} INFO - Sync 1 DAGs
[2026-05-09T19:46:41.679+0000] {logging_mixin.py:188} INFO - [2026-05-09T19:46:41.679+0000] {dag.py:3954} INFO - Setting next_dagrun for tutorial_taskflow_api_virtualenv to None, run_after=None
[2026-05-09T19:46:41.704+0000] {processor.py:183} INFO - Processing /home/airflow/.local/lib/python3.12/site-packages/airflow/example_dags/tutorial_taskflow_api_virtualenv.py took 0.086 seconds
[2026-05-09T19:47:12.405+0000] {processor.py:161} INFO - Started process (PID=6432) to work on /home/airflow/.local/lib/python3.12/site-packages/airflow/example_dags/tutorial_taskflow_api_virtualenv.py
[2026-05-09T19:47:12.407+0000] {processor.py:830} INFO - Processing file /home/airflow/.local/lib/python3.12/site-packages/airflow/example_dags/tutorial_taskflow_api_virtualenv.py for tasks to queue
[2026-05-09T19:47:12.409+0000] {logging_mixin.py:188} INFO - [2026-05-09T19:47:12.409+0000] {dagbag.py:545} INFO - Filling up the DagBag from /home/airflow/.local/lib/python3.12/site-packages/airflow/example_dags/tutorial_taskflow_api_virtualenv.py
[2026-05-09T19:47:12.419+0000] {processor.py:840} INFO - DAG(s) 'tutorial_taskflow_api_virtualenv' retrieved from /home/airflow/.local/lib/python3.12/site-packages/airflow/example_dags/tutorial_taskflow_api_virtualenv.py
[2026-05-09T19:47:12.440+0000] {logging_mixin.py:188} INFO - [2026-05-09T19:47:12.440+0000] {dag.py:3096} INFO - Sync 1 DAGs
[2026-05-09T19:47:12.452+0000] {logging_mixin.py:188} INFO - [2026-05-09T19:47:12.452+0000] {dag.py:3954} INFO - Setting next_dagrun for tutorial_taskflow_api_virtualenv to None, run_after=None
[2026-05-09T19:47:12.474+0000] {processor.py:183} INFO - Processing /home/airflow/.local/lib/python3.12/site-packages/airflow/example_dags/tutorial_taskflow_api_virtualenv.py took 0.074 seconds
[2026-05-09T19:47:43.550+0000] {processor.py:161} INFO - Started process (PID=6491) to work on /home/airflow/.local/lib/python3.12/site-packages/airflow/example_dags/tutorial_taskflow_api_virtualenv.py
[2026-05-09T19:47:43.551+0000] {processor.py:830} INFO - Processing file /home/airflow/.local/lib/python3.12/site-packages/airflow/example_dags/tutorial_taskflow_api_virtualenv.py for tasks to queue
[2026-05-09T19:47:43.554+0000] {logging_mixin.py:188} INFO - [2026-05-09T19:47:43.554+0000] {dagbag.py:545} INFO - Filling up the DagBag from /home/airflow/.local/lib/python3.12/site-packages/airflow/example_dags/tutorial_taskflow_api_virtualenv.py
[2026-05-09T19:47:43.566+0000] {processor.py:840} INFO - DAG(s) 'tutorial_taskflow_api_virtualenv' retrieved from /home/airflow/.local/lib/python3.12/site-packages/airflow/example_dags/tutorial_taskflow_api_virtualenv.py
[2026-05-09T19:47:43.593+0000] {logging_mixin.py:188} INFO - [2026-05-09T19:47:43.592+0000] {dag.py:3096} INFO - Sync 1 DAGs
[2026-05-09T19:47:43.610+0000] {logging_mixin.py:188} INFO - [2026-05-09T19:47:43.610+0000] {dag.py:3954} INFO - Setting next_dagrun for tutorial_taskflow_api_virtualenv to None, run_after=None
[2026-05-09T19:47:43.638+0000] {processor.py:183} INFO - Processing /home/airflow/.local/lib/python3.12/site-packages/airflow/example_dags/tutorial_taskflow_api_virtualenv.py took 0.095 seconds
[2026-05-09T19:48:14.045+0000] {processor.py:161} INFO - Started process (PID=6550) to work on /home/airflow/.local/lib/python3.12/site-packages/airflow/example_dags/tutorial_taskflow_api_virtualenv.py
[2026-05-09T19:48:14.047+0000] {processor.py:830} INFO - Processing file /home/airflow/.local/lib/python3.12/site-packages/airflow/example_dags/tutorial_taskflow_api_virtualenv.py for tasks to queue
[2026-05-09T19:48:14.049+0000] {logging_mixin.py:188} INFO - [2026-05-09T19:48:14.048+0000] {dagbag.py:545} INFO - Filling up the DagBag from /home/airflow/.local/lib/python3.12/site-packages/airflow/example_dags/tutorial_taskflow_api_virtualenv.py
[2026-05-09T19:48:14.060+0000] {processor.py:840} INFO - DAG(s) 'tutorial_taskflow_api_virtualenv' retrieved from /home/airflow/.local/lib/python3.12/site-packages/airflow/example_dags/tutorial_taskflow_api_virtualenv.py
[2026-05-09T19:48:14.084+0000] {logging_mixin.py:188} INFO - [2026-05-09T19:48:14.083+0000] {dag.py:3096} INFO - Sync 1 DAGs
[2026-05-09T19:48:14.097+0000] {logging_mixin.py:188} INFO - [2026-05-09T19:48:14.097+0000] {dag.py:3954} INFO - Setting next_dagrun for tutorial_taskflow_api_virtualenv to None, run_after=None
[2026-05-09T19:48:14.122+0000] {processor.py:183} INFO - Processing /home/airflow/.local/lib/python3.12/site-packages/airflow/example_dags/tutorial_taskflow_api_virtualenv.py took 0.083 seconds
[2026-05-09T19:48:44.859+0000] {processor.py:161} INFO - Started process (PID=6609) to work on /home/airflow/.local/lib/python3.12/site-packages/airflow/example_dags/tutorial_taskflow_api_virtualenv.py
[2026-05-09T19:48:44.860+0000] {processor.py:830} INFO - Processing file /home/airflow/.local/lib/python3.12/site-packages/airflow/example_dags/tutorial_taskflow_api_virtualenv.py for tasks to queue
[2026-05-09T19:48:44.863+0000] {logging_mixin.py:188} INFO - [2026-05-09T19:48:44.862+0000] {dagbag.py:545} INFO - Filling up the DagBag from /home/airflow/.local/lib/python3.12/site-packages/airflow/example_dags/tutorial_taskflow_api_virtualenv.py
[2026-05-09T19:48:44.877+0000] {processor.py:840} INFO - DAG(s) 'tutorial_taskflow_api_virtualenv' retrieved from /home/airflow/.local/lib/python3.12/site-packages/airflow/example_dags/tutorial_taskflow_api_virtualenv.py
[2026-05-09T19:48:44.911+0000] {logging_mixin.py:188} INFO - [2026-05-09T19:48:44.911+0000] {dag.py:3096} INFO - Sync 1 DAGs
[2026-05-09T19:48:44.933+0000] {logging_mixin.py:188} INFO - [2026-05-09T19:48:44.933+0000] {dag.py:3954} INFO - Setting next_dagrun for tutorial_taskflow_api_virtualenv to None, run_after=None
[2026-05-09T19:48:44.975+0000] {processor.py:183} INFO - Processing /home/airflow/.local/lib/python3.12/site-packages/airflow/example_dags/tutorial_taskflow_api_virtualenv.py took 0.125 seconds
[2026-05-09T19:49:15.933+0000] {processor.py:161} INFO - Started process (PID=6669) to work on /home/airflow/.local/lib/python3.12/site-packages/airflow/example_dags/tutorial_taskflow_api_virtualenv.py
[2026-05-09T19:49:15.935+0000] {processor.py:830} INFO - Processing file /home/airflow/.local/lib/python3.12/site-packages/airflow/example_dags/tutorial_taskflow_api_virtualenv.py for tasks to queue
[2026-05-09T19:49:15.937+0000] {logging_mixin.py:188} INFO - [2026-05-09T19:49:15.937+0000] {dagbag.py:545} INFO - Filling up the DagBag from /home/airflow/.local/lib/python3.12/site-packages/airflow/example_dags/tutorial_taskflow_api_virtualenv.py
[2026-05-09T19:49:15.947+0000] {processor.py:840} INFO - DAG(s) 'tutorial_taskflow_api_virtualenv' retrieved from /home/airflow/.local/lib/python3.12/site-packages/airflow/example_dags/tutorial_taskflow_api_virtualenv.py
[2026-05-09T19:49:15.972+0000] {logging_mixin.py:188} INFO - [2026-05-09T19:49:15.971+0000] {dag.py:3096} INFO - Sync 1 DAGs
[2026-05-09T19:49:15.986+0000] {logging_mixin.py:188} INFO - [2026-05-09T19:49:15.986+0000] {dag.py:3954} INFO - Setting next_dagrun for tutorial_taskflow_api_virtualenv to None, run_after=None
[2026-05-09T19:49:16.016+0000] {processor.py:183} INFO - Processing /home/airflow/.local/lib/python3.12/site-packages/airflow/example_dags/tutorial_taskflow_api_virtualenv.py took 0.089 seconds
[2026-05-09T19:49:46.637+0000] {processor.py:161} INFO - Started process (PID=6728) to work on /home/airflow/.local/lib/python3.12/site-packages/airflow/example_dags/tutorial_taskflow_api_virtualenv.py
[2026-05-09T19:49:46.638+0000] {processor.py:830} INFO - Processing file /home/airflow/.local/lib/python3.12/site-packages/airflow/example_dags/tutorial_taskflow_api_virtualenv.py for tasks to queue
[2026-05-09T19:49:46.640+0000] {logging_mixin.py:188} INFO - [2026-05-09T19:49:46.640+0000] {dagbag.py:545} INFO - Filling up the DagBag from /home/airflow/.local/lib/python3.12/site-packages/airflow/example_dags/tutorial_taskflow_api_virtualenv.py
[2026-05-09T19:49:46.651+0000] {processor.py:840} INFO - DAG(s) 'tutorial_taskflow_api_virtualenv' retrieved from /home/airflow/.local/lib/python3.12/site-packages/airflow/example_dags/tutorial_taskflow_api_virtualenv.py
[2026-05-09T19:49:46.674+0000] {logging_mixin.py:188} INFO - [2026-05-09T19:49:46.674+0000] {dag.py:3096} INFO - Sync 1 DAGs
[2026-05-09T19:49:46.688+0000] {logging_mixin.py:188} INFO - [2026-05-09T19:49:46.688+0000] {dag.py:3954} INFO - Setting next_dagrun for tutorial_taskflow_api_virtualenv to None, run_after=None
[2026-05-09T19:49:46.712+0000] {processor.py:183} INFO - Processing /home/airflow/.local/lib/python3.12/site-packages/airflow/example_dags/tutorial_taskflow_api_virtualenv.py took 0.080 seconds
[2026-05-09T19:50:17.581+0000] {processor.py:161} INFO - Started process (PID=6788) to work on /home/airflow/.local/lib/python3.12/site-packages/airflow/example_dags/tutorial_taskflow_api_virtualenv.py
[2026-05-09T19:50:17.582+0000] {processor.py:830} INFO - Processing file /home/airflow/.local/lib/python3.12/site-packages/airflow/example_dags/tutorial_taskflow_api_virtualenv.py for tasks to queue
[2026-05-09T19:50:17.584+0000] {logging_mixin.py:188} INFO - [2026-05-09T19:50:17.584+0000] {dagbag.py:545} INFO - Filling up the DagBag from /home/airflow/.local/lib/python3.12/site-packages/airflow/example_dags/tutorial_taskflow_api_virtualenv.py
[2026-05-09T19:50:17.594+0000] {processor.py:840} INFO - DAG(s) 'tutorial_taskflow_api_virtualenv' retrieved from /home/airflow/.local/lib/python3.12/site-packages/airflow/example_dags/tutorial_taskflow_api_virtualenv.py
[2026-05-09T19:50:17.616+0000] {logging_mixin.py:188} INFO - [2026-05-09T19:50:17.616+0000] {dag.py:3096} INFO - Sync 1 DAGs
[2026-05-09T19:50:17.629+0000] {logging_mixin.py:188} INFO - [2026-05-09T19:50:17.629+0000] {dag.py:3954} INFO - Setting next_dagrun for tutorial_taskflow_api_virtualenv to None, run_after=None
[2026-05-09T19:50:17.654+0000] {processor.py:183} INFO - Processing /home/airflow/.local/lib/python3.12/site-packages/airflow/example_dags/tutorial_taskflow_api_virtualenv.py took 0.078 seconds
[2026-05-09T19:50:48.574+0000] {processor.py:161} INFO - Started process (PID=6847) to work on /home/airflow/.local/lib/python3.12/site-packages/airflow/example_dags/tutorial_taskflow_api_virtualenv.py
[2026-05-09T19:50:48.576+0000] {processor.py:830} INFO - Processing file /home/airflow/.local/lib/python3.12/site-packages/airflow/example_dags/tutorial_taskflow_api_virtualenv.py for tasks to queue
[2026-05-09T19:50:48.578+0000] {logging_mixin.py:188} INFO - [2026-05-09T19:50:48.577+0000] {dagbag.py:545} INFO - Filling up the DagBag from /home/airflow/.local/lib/python3.12/site-packages/airflow/example_dags/tutorial_taskflow_api_virtualenv.py
[2026-05-09T19:50:48.589+0000] {processor.py:840} INFO - DAG(s) 'tutorial_taskflow_api_virtualenv' retrieved from /home/airflow/.local/lib/python3.12/site-packages/airflow/example_dags/tutorial_taskflow_api_virtualenv.py
[2026-05-09T19:50:48.613+0000] {logging_mixin.py:188} INFO - [2026-05-09T19:50:48.613+0000] {dag.py:3096} INFO - Sync 1 DAGs
[2026-05-09T19:50:48.628+0000] {logging_mixin.py:188} INFO - [2026-05-09T19:50:48.628+0000] {dag.py:3954} INFO - Setting next_dagrun for tutorial_taskflow_api_virtualenv to None, run_after=None
[2026-05-09T19:50:48.654+0000] {processor.py:183} INFO - Processing /home/airflow/.local/lib/python3.12/site-packages/airflow/example_dags/tutorial_taskflow_api_virtualenv.py took 0.086 seconds
[2026-05-09T19:51:19.779+0000] {processor.py:161} INFO - Started process (PID=6906) to work on /home/airflow/.local/lib/python3.12/site-packages/airflow/example_dags/tutorial_taskflow_api_virtualenv.py
[2026-05-09T19:51:19.780+0000] {processor.py:830} INFO - Processing file /home/airflow/.local/lib/python3.12/site-packages/airflow/example_dags/tutorial_taskflow_api_virtualenv.py for tasks to queue
[2026-05-09T19:51:19.782+0000] {logging_mixin.py:188} INFO - [2026-05-09T19:51:19.782+0000] {dagbag.py:545} INFO - Filling up the DagBag from /home/airflow/.local/lib/python3.12/site-packages/airflow/example_dags/tutorial_taskflow_api_virtualenv.py
[2026-05-09T19:51:19.793+0000] {processor.py:840} INFO - DAG(s) 'tutorial_taskflow_api_virtualenv' retrieved from /home/airflow/.local/lib/python3.12/site-packages/airflow/example_dags/tutorial_taskflow_api_virtualenv.py
[2026-05-09T19:51:19.815+0000] {logging_mixin.py:188} INFO - [2026-05-09T19:51:19.815+0000] {dag.py:3096} INFO - Sync 1 DAGs
[2026-05-09T19:51:19.831+0000] {logging_mixin.py:188} INFO - [2026-05-09T19:51:19.830+0000] {dag.py:3954} INFO - Setting next_dagrun for tutorial_taskflow_api_virtualenv to None, run_after=None
[2026-05-09T19:51:19.860+0000] {processor.py:183} INFO - Processing /home/airflow/.local/lib/python3.12/site-packages/airflow/example_dags/tutorial_taskflow_api_virtualenv.py took 0.087 seconds
[2026-05-09T19:51:50.185+0000] {processor.py:161} INFO - Started process (PID=6965) to work on /home/airflow/.local/lib/python3.12/site-packages/airflow/example_dags/tutorial_taskflow_api_virtualenv.py
[2026-05-09T19:51:50.187+0000] {processor.py:830} INFO - Processing file /home/airflow/.local/lib/python3.12/site-packages/airflow/example_dags/tutorial_taskflow_api_virtualenv.py for tasks to queue
[2026-05-09T19:51:50.191+0000] {logging_mixin.py:188} INFO - [2026-05-09T19:51:50.190+0000] {dagbag.py:545} INFO - Filling up the DagBag from /home/airflow/.local/lib/python3.12/site-packages/airflow/example_dags/tutorial_taskflow_api_virtualenv.py
[2026-05-09T19:51:50.204+0000] {processor.py:840} INFO - DAG(s) 'tutorial_taskflow_api_virtualenv' retrieved from /home/airflow/.local/lib/python3.12/site-packages/airflow/example_dags/tutorial_taskflow_api_virtualenv.py
[2026-05-09T19:51:50.235+0000] {logging_mixin.py:188} INFO - [2026-05-09T19:51:50.234+0000] {dag.py:3096} INFO - Sync 1 DAGs
[2026-05-09T19:51:50.255+0000] {logging_mixin.py:188} INFO - [2026-05-09T19:51:50.254+0000] {dag.py:3954} INFO - Setting next_dagrun for tutorial_taskflow_api_virtualenv to None, run_after=None
[2026-05-09T19:51:50.284+0000] {processor.py:183} INFO - Processing /home/airflow/.local/lib/python3.12/site-packages/airflow/example_dags/tutorial_taskflow_api_virtualenv.py took 0.107 seconds
[2026-05-09T19:52:21.044+0000] {processor.py:161} INFO - Started process (PID=7024) to work on /home/airflow/.local/lib/python3.12/site-packages/airflow/example_dags/tutorial_taskflow_api_virtualenv.py
[2026-05-09T19:52:21.045+0000] {processor.py:830} INFO - Processing file /home/airflow/.local/lib/python3.12/site-packages/airflow/example_dags/tutorial_taskflow_api_virtualenv.py for tasks to queue
[2026-05-09T19:52:21.048+0000] {logging_mixin.py:188} INFO - [2026-05-09T19:52:21.047+0000] {dagbag.py:545} INFO - Filling up the DagBag from /home/airflow/.local/lib/python3.12/site-packages/airflow/example_dags/tutorial_taskflow_api_virtualenv.py
[2026-05-09T19:52:21.058+0000] {processor.py:840} INFO - DAG(s) 'tutorial_taskflow_api_virtualenv' retrieved from /home/airflow/.local/lib/python3.12/site-packages/airflow/example_dags/tutorial_taskflow_api_virtualenv.py
[2026-05-09T19:52:21.080+0000] {logging_mixin.py:188} INFO - [2026-05-09T19:52:21.080+0000] {dag.py:3096} INFO - Sync 1 DAGs
[2026-05-09T19:52:21.093+0000] {logging_mixin.py:188} INFO - [2026-05-09T19:52:21.093+0000] {dag.py:3954} INFO - Setting next_dagrun for tutorial_taskflow_api_virtualenv to None, run_after=None
[2026-05-09T19:52:21.115+0000] {processor.py:183} INFO - Processing /home/airflow/.local/lib/python3.12/site-packages/airflow/example_dags/tutorial_taskflow_api_virtualenv.py took 0.077 seconds
[2026-05-09T19:52:52.243+0000] {processor.py:161} INFO - Started process (PID=7083) to work on /home/airflow/.local/lib/python3.12/site-packages/airflow/example_dags/tutorial_taskflow_api_virtualenv.py
[2026-05-09T19:52:52.245+0000] {processor.py:830} INFO - Processing file /home/airflow/.local/lib/python3.12/site-packages/airflow/example_dags/tutorial_taskflow_api_virtualenv.py for tasks to queue
[2026-05-09T19:52:52.248+0000] {logging_mixin.py:188} INFO - [2026-05-09T19:52:52.247+0000] {dagbag.py:545} INFO - Filling up the DagBag from /home/airflow/.local/lib/python3.12/site-packages/airflow/example_dags/tutorial_taskflow_api_virtualenv.py
[2026-05-09T19:52:52.262+0000] {processor.py:840} INFO - DAG(s) 'tutorial_taskflow_api_virtualenv' retrieved from /home/airflow/.local/lib/python3.12/site-packages/airflow/example_dags/tutorial_taskflow_api_virtualenv.py
[2026-05-09T19:52:52.295+0000] {logging_mixin.py:188} INFO - [2026-05-09T19:52:52.295+0000] {dag.py:3096} INFO - Sync 1 DAGs
[2026-05-09T19:52:52.314+0000] {logging_mixin.py:188} INFO - [2026-05-09T19:52:52.313+0000] {dag.py:3954} INFO - Setting next_dagrun for tutorial_taskflow_api_virtualenv to None, run_after=None
[2026-05-09T19:52:52.346+0000] {processor.py:183} INFO - Processing /home/airflow/.local/lib/python3.12/site-packages/airflow/example_dags/tutorial_taskflow_api_virtualenv.py took 0.109 seconds
[2026-05-09T19:53:23.273+0000] {processor.py:161} INFO - Started process (PID=7142) to work on /home/airflow/.local/lib/python3.12/site-packages/airflow/example_dags/tutorial_taskflow_api_virtualenv.py
[2026-05-09T19:53:23.274+0000] {processor.py:830} INFO - Processing file /home/airflow/.local/lib/python3.12/site-packages/airflow/example_dags/tutorial_taskflow_api_virtualenv.py for tasks to queue
[2026-05-09T19:53:23.277+0000] {logging_mixin.py:188} INFO - [2026-05-09T19:53:23.276+0000] {dagbag.py:545} INFO - Filling up the DagBag from /home/airflow/.local/lib/python3.12/site-packages/airflow/example_dags/tutorial_taskflow_api_virtualenv.py
[2026-05-09T19:53:23.288+0000] {processor.py:840} INFO - DAG(s) 'tutorial_taskflow_api_virtualenv' retrieved from /home/airflow/.local/lib/python3.12/site-packages/airflow/example_dags/tutorial_taskflow_api_virtualenv.py
[2026-05-09T19:53:23.312+0000] {logging_mixin.py:188} INFO - [2026-05-09T19:53:23.312+0000] {dag.py:3096} INFO - Sync 1 DAGs
[2026-05-09T19:53:23.327+0000] {logging_mixin.py:188} INFO - [2026-05-09T19:53:23.327+0000] {dag.py:3954} INFO - Setting next_dagrun for tutorial_taskflow_api_virtualenv to None, run_after=None
[2026-05-09T19:53:23.356+0000] {processor.py:183} INFO - Processing /home/airflow/.local/lib/python3.12/site-packages/airflow/example_dags/tutorial_taskflow_api_virtualenv.py took 0.089 seconds
[2026-05-09T19:53:54.171+0000] {processor.py:161} INFO - Started process (PID=7201) to work on /home/airflow/.local/lib/python3.12/site-packages/airflow/example_dags/tutorial_taskflow_api_virtualenv.py
[2026-05-09T19:53:54.173+0000] {processor.py:830} INFO - Processing file /home/airflow/.local/lib/python3.12/site-packages/airflow/example_dags/tutorial_taskflow_api_virtualenv.py for tasks to queue
[2026-05-09T19:53:54.175+0000] {logging_mixin.py:188} INFO - [2026-05-09T19:53:54.175+0000] {dagbag.py:545} INFO - Filling up the DagBag from /home/airflow/.local/lib/python3.12/site-packages/airflow/example_dags/tutorial_taskflow_api_virtualenv.py
[2026-05-09T19:53:54.186+0000] {processor.py:840} INFO - DAG(s) 'tutorial_taskflow_api_virtualenv' retrieved from /home/airflow/.local/lib/python3.12/site-packages/airflow/example_dags/tutorial_taskflow_api_virtualenv.py
[2026-05-09T19:53:54.207+0000] {logging_mixin.py:188} INFO - [2026-05-09T19:53:54.206+0000] {dag.py:3096} INFO - Sync 1 DAGs
[2026-05-09T19:53:54.220+0000] {logging_mixin.py:188} INFO - [2026-05-09T19:53:54.220+0000] {dag.py:3954} INFO - Setting next_dagrun for tutorial_taskflow_api_virtualenv to None, run_after=None
[2026-05-09T19:53:54.241+0000] {processor.py:183} INFO - Processing /home/airflow/.local/lib/python3.12/site-packages/airflow/example_dags/tutorial_taskflow_api_virtualenv.py took 0.076 seconds
[2026-05-09T19:54:24.553+0000] {processor.py:161} INFO - Started process (PID=7260) to work on /home/airflow/.local/lib/python3.12/site-packages/airflow/example_dags/tutorial_taskflow_api_virtualenv.py
[2026-05-09T19:54:24.555+0000] {processor.py:830} INFO - Processing file /home/airflow/.local/lib/python3.12/site-packages/airflow/example_dags/tutorial_taskflow_api_virtualenv.py for tasks to queue
[2026-05-09T19:54:24.558+0000] {logging_mixin.py:188} INFO - [2026-05-09T19:54:24.557+0000] {dagbag.py:545} INFO - Filling up the DagBag from /home/airflow/.local/lib/python3.12/site-packages/airflow/example_dags/tutorial_taskflow_api_virtualenv.py
[2026-05-09T19:54:24.570+0000] {processor.py:840} INFO - DAG(s) 'tutorial_taskflow_api_virtualenv' retrieved from /home/airflow/.local/lib/python3.12/site-packages/airflow/example_dags/tutorial_taskflow_api_virtualenv.py
[2026-05-09T19:54:24.596+0000] {logging_mixin.py:188} INFO - [2026-05-09T19:54:24.595+0000] {dag.py:3096} INFO - Sync 1 DAGs
[2026-05-09T19:54:24.610+0000] {logging_mixin.py:188} INFO - [2026-05-09T19:54:24.610+0000] {dag.py:3954} INFO - Setting next_dagrun for tutorial_taskflow_api_virtualenv to None, run_after=None
[2026-05-09T19:54:24.637+0000] {processor.py:183} INFO - Processing /home/airflow/.local/lib/python3.12/site-packages/airflow/example_dags/tutorial_taskflow_api_virtualenv.py took 0.090 seconds
[2026-05-09T19:54:55.294+0000] {processor.py:161} INFO - Started process (PID=7319) to work on /home/airflow/.local/lib/python3.12/site-packages/airflow/example_dags/tutorial_taskflow_api_virtualenv.py
[2026-05-09T19:54:55.295+0000] {processor.py:830} INFO - Processing file /home/airflow/.local/lib/python3.12/site-packages/airflow/example_dags/tutorial_taskflow_api_virtualenv.py for tasks to queue
[2026-05-09T19:54:55.298+0000] {logging_mixin.py:188} INFO - [2026-05-09T19:54:55.298+0000] {dagbag.py:545} INFO - Filling up the DagBag from /home/airflow/.local/lib/python3.12/site-packages/airflow/example_dags/tutorial_taskflow_api_virtualenv.py
[2026-05-09T19:54:55.310+0000] {processor.py:840} INFO - DAG(s) 'tutorial_taskflow_api_virtualenv' retrieved from /home/airflow/.local/lib/python3.12/site-packages/airflow/example_dags/tutorial_taskflow_api_virtualenv.py
[2026-05-09T19:54:55.332+0000] {logging_mixin.py:188} INFO - [2026-05-09T19:54:55.332+0000] {dag.py:3096} INFO - Sync 1 DAGs
[2026-05-09T19:54:55.344+0000] {logging_mixin.py:188} INFO - [2026-05-09T19:54:55.344+0000] {dag.py:3954} INFO - Setting next_dagrun for tutorial_taskflow_api_virtualenv to None, run_after=None
[2026-05-09T19:54:55.373+0000] {processor.py:183} INFO - Processing /home/airflow/.local/lib/python3.12/site-packages/airflow/example_dags/tutorial_taskflow_api_virtualenv.py took 0.085 seconds
[2026-05-09T19:55:26.288+0000] {processor.py:161} INFO - Started process (PID=7378) to work on /home/airflow/.local/lib/python3.12/site-packages/airflow/example_dags/tutorial_taskflow_api_virtualenv.py
[2026-05-09T19:55:26.289+0000] {processor.py:830} INFO - Processing file /home/airflow/.local/lib/python3.12/site-packages/airflow/example_dags/tutorial_taskflow_api_virtualenv.py for tasks to queue
[2026-05-09T19:55:26.291+0000] {logging_mixin.py:188} INFO - [2026-05-09T19:55:26.291+0000] {dagbag.py:545} INFO - Filling up the DagBag from /home/airflow/.local/lib/python3.12/site-packages/airflow/example_dags/tutorial_taskflow_api_virtualenv.py
[2026-05-09T19:55:26.300+0000] {processor.py:840} INFO - DAG(s) 'tutorial_taskflow_api_virtualenv' retrieved from /home/airflow/.local/lib/python3.12/site-packages/airflow/example_dags/tutorial_taskflow_api_virtualenv.py
[2026-05-09T19:55:26.320+0000] {logging_mixin.py:188} INFO - [2026-05-09T19:55:26.319+0000] {dag.py:3096} INFO - Sync 1 DAGs
[2026-05-09T19:55:26.333+0000] {logging_mixin.py:188} INFO - [2026-05-09T19:55:26.333+0000] {dag.py:3954} INFO - Setting next_dagrun for tutorial_taskflow_api_virtualenv to None, run_after=None
[2026-05-09T19:55:26.359+0000] {processor.py:183} INFO - Processing /home/airflow/.local/lib/python3.12/site-packages/airflow/example_dags/tutorial_taskflow_api_virtualenv.py took 0.076 seconds
[2026-05-09T19:55:56.976+0000] {processor.py:161} INFO - Started process (PID=7438) to work on /home/airflow/.local/lib/python3.12/site-packages/airflow/example_dags/tutorial_taskflow_api_virtualenv.py
[2026-05-09T19:55:56.977+0000] {processor.py:830} INFO - Processing file /home/airflow/.local/lib/python3.12/site-packages/airflow/example_dags/tutorial_taskflow_api_virtualenv.py for tasks to queue
[2026-05-09T19:55:56.980+0000] {logging_mixin.py:188} INFO - [2026-05-09T19:55:56.979+0000] {dagbag.py:545} INFO - Filling up the DagBag from /home/airflow/.local/lib/python3.12/site-packages/airflow/example_dags/tutorial_taskflow_api_virtualenv.py
[2026-05-09T19:55:56.991+0000] {processor.py:840} INFO - DAG(s) 'tutorial_taskflow_api_virtualenv' retrieved from /home/airflow/.local/lib/python3.12/site-packages/airflow/example_dags/tutorial_taskflow_api_virtualenv.py
[2026-05-09T19:55:57.014+0000] {logging_mixin.py:188} INFO - [2026-05-09T19:55:57.014+0000] {dag.py:3096} INFO - Sync 1 DAGs
[2026-05-09T19:55:57.029+0000] {logging_mixin.py:188} INFO - [2026-05-09T19:55:57.028+0000] {dag.py:3954} INFO - Setting next_dagrun for tutorial_taskflow_api_virtualenv to None, run_after=None
[2026-05-09T19:55:57.055+0000] {processor.py:183} INFO - Processing /home/airflow/.local/lib/python3.12/site-packages/airflow/example_dags/tutorial_taskflow_api_virtualenv.py took 0.085 seconds
[2026-05-09T19:56:27.703+0000] {processor.py:161} INFO - Started process (PID=7497) to work on /home/airflow/.local/lib/python3.12/site-packages/airflow/example_dags/tutorial_taskflow_api_virtualenv.py
[2026-05-09T19:56:27.704+0000] {processor.py:830} INFO - Processing file /home/airflow/.local/lib/python3.12/site-packages/airflow/example_dags/tutorial_taskflow_api_virtualenv.py for tasks to queue
[2026-05-09T19:56:27.707+0000] {logging_mixin.py:188} INFO - [2026-05-09T19:56:27.706+0000] {dagbag.py:545} INFO - Filling up the DagBag from /home/airflow/.local/lib/python3.12/site-packages/airflow/example_dags/tutorial_taskflow_api_virtualenv.py
[2026-05-09T19:56:27.718+0000] {processor.py:840} INFO - DAG(s) 'tutorial_taskflow_api_virtualenv' retrieved from /home/airflow/.local/lib/python3.12/site-packages/airflow/example_dags/tutorial_taskflow_api_virtualenv.py
[2026-05-09T19:56:27.741+0000] {logging_mixin.py:188} INFO - [2026-05-09T19:56:27.741+0000] {dag.py:3096} INFO - Sync 1 DAGs
[2026-05-09T19:56:27.755+0000] {logging_mixin.py:188} INFO - [2026-05-09T19:56:27.755+0000] {dag.py:3954} INFO - Setting next_dagrun for tutorial_taskflow_api_virtualenv to None, run_after=None
[2026-05-09T19:56:27.782+0000] {processor.py:183} INFO - Processing /home/airflow/.local/lib/python3.12/site-packages/airflow/example_dags/tutorial_taskflow_api_virtualenv.py took 0.085 seconds
[2026-05-09T19:56:59.205+0000] {processor.py:161} INFO - Started process (PID=7556) to work on /home/airflow/.local/lib/python3.12/site-packages/airflow/example_dags/tutorial_taskflow_api_virtualenv.py
[2026-05-09T19:56:59.207+0000] {processor.py:830} INFO - Processing file /home/airflow/.local/lib/python3.12/site-packages/airflow/example_dags/tutorial_taskflow_api_virtualenv.py for tasks to queue
[2026-05-09T19:56:59.209+0000] {logging_mixin.py:188} INFO - [2026-05-09T19:56:59.208+0000] {dagbag.py:545} INFO - Filling up the DagBag from /home/airflow/.local/lib/python3.12/site-packages/airflow/example_dags/tutorial_taskflow_api_virtualenv.py
[2026-05-09T19:56:59.219+0000] {processor.py:840} INFO - DAG(s) 'tutorial_taskflow_api_virtualenv' retrieved from /home/airflow/.local/lib/python3.12/site-packages/airflow/example_dags/tutorial_taskflow_api_virtualenv.py
[2026-05-09T19:56:59.240+0000] {logging_mixin.py:188} INFO - [2026-05-09T19:56:59.240+0000] {dag.py:3096} INFO - Sync 1 DAGs
[2026-05-09T19:56:59.253+0000] {logging_mixin.py:188} INFO - [2026-05-09T19:56:59.253+0000] {dag.py:3954} INFO - Setting next_dagrun for tutorial_taskflow_api_virtualenv to None, run_after=None
[2026-05-09T19:56:59.275+0000] {processor.py:183} INFO - Processing /home/airflow/.local/lib/python3.12/site-packages/airflow/example_dags/tutorial_taskflow_api_virtualenv.py took 0.075 seconds
