[2026-05-09T18:42:17.064+0000] {processor.py:161} INFO - Started process (PID=85) to work on /home/airflow/.local/lib/python3.12/site-packages/airflow/example_dags/tutorial_objectstorage.py
[2026-05-09T18:42:17.066+0000] {processor.py:830} INFO - Processing file /home/airflow/.local/lib/python3.12/site-packages/airflow/example_dags/tutorial_objectstorage.py for tasks to queue
[2026-05-09T18:42:17.068+0000] {logging_mixin.py:188} INFO - [2026-05-09T18:42:17.067+0000] {dagbag.py:545} INFO - Filling up the DagBag from /home/airflow/.local/lib/python3.12/site-packages/airflow/example_dags/tutorial_objectstorage.py
[2026-05-09T18:42:17.087+0000] {processor.py:840} INFO - DAG(s) 'tutorial_objectstorage' retrieved from /home/airflow/.local/lib/python3.12/site-packages/airflow/example_dags/tutorial_objectstorage.py
[2026-05-09T18:42:17.190+0000] {logging_mixin.py:188} INFO - [2026-05-09T18:42:17.190+0000] {dag.py:3096} INFO - Sync 1 DAGs
[2026-05-09T18:42:17.201+0000] {logging_mixin.py:188} INFO - [2026-05-09T18:42:17.201+0000] {dag.py:3954} INFO - Setting next_dagrun for tutorial_objectstorage to None, run_after=None
[2026-05-09T18:42:17.228+0000] {processor.py:183} INFO - Processing /home/airflow/.local/lib/python3.12/site-packages/airflow/example_dags/tutorial_objectstorage.py took 0.169 seconds
[2026-05-09T18:42:47.401+0000] {processor.py:161} INFO - Started process (PID=143) to work on /home/airflow/.local/lib/python3.12/site-packages/airflow/example_dags/tutorial_objectstorage.py
[2026-05-09T18:42:47.402+0000] {processor.py:830} INFO - Processing file /home/airflow/.local/lib/python3.12/site-packages/airflow/example_dags/tutorial_objectstorage.py for tasks to queue
[2026-05-09T18:42:47.405+0000] {logging_mixin.py:188} INFO - [2026-05-09T18:42:47.404+0000] {dagbag.py:545} INFO - Filling up the DagBag from /home/airflow/.local/lib/python3.12/site-packages/airflow/example_dags/tutorial_objectstorage.py
[2026-05-09T18:42:47.415+0000] {processor.py:840} INFO - DAG(s) 'tutorial_objectstorage' retrieved from /home/airflow/.local/lib/python3.12/site-packages/airflow/example_dags/tutorial_objectstorage.py
[2026-05-09T18:42:47.446+0000] {logging_mixin.py:188} INFO - [2026-05-09T18:42:47.446+0000] {dag.py:3096} INFO - Sync 1 DAGs
[2026-05-09T18:42:47.465+0000] {logging_mixin.py:188} INFO - [2026-05-09T18:42:47.464+0000] {dag.py:3954} INFO - Setting next_dagrun for tutorial_objectstorage to None, run_after=None
[2026-05-09T18:42:47.517+0000] {processor.py:183} INFO - Processing /home/airflow/.local/lib/python3.12/site-packages/airflow/example_dags/tutorial_objectstorage.py took 0.124 seconds
[2026-05-09T18:43:21.384+0000] {processor.py:161} INFO - Started process (PID=201) to work on /home/airflow/.local/lib/python3.12/site-packages/airflow/example_dags/tutorial_objectstorage.py
[2026-05-09T18:43:21.385+0000] {processor.py:830} INFO - Processing file /home/airflow/.local/lib/python3.12/site-packages/airflow/example_dags/tutorial_objectstorage.py for tasks to queue
[2026-05-09T18:43:21.387+0000] {logging_mixin.py:188} INFO - [2026-05-09T18:43:21.387+0000] {dagbag.py:545} INFO - Filling up the DagBag from /home/airflow/.local/lib/python3.12/site-packages/airflow/example_dags/tutorial_objectstorage.py
[2026-05-09T18:43:21.395+0000] {processor.py:840} INFO - DAG(s) 'tutorial_objectstorage' retrieved from /home/airflow/.local/lib/python3.12/site-packages/airflow/example_dags/tutorial_objectstorage.py
[2026-05-09T18:43:21.421+0000] {logging_mixin.py:188} INFO - [2026-05-09T18:43:21.421+0000] {dag.py:3096} INFO - Sync 1 DAGs
[2026-05-09T18:43:21.437+0000] {logging_mixin.py:188} INFO - [2026-05-09T18:43:21.437+0000] {dag.py:3954} INFO - Setting next_dagrun for tutorial_objectstorage to None, run_after=None
[2026-05-09T18:43:21.468+0000] {processor.py:183} INFO - Processing /home/airflow/.local/lib/python3.12/site-packages/airflow/example_dags/tutorial_objectstorage.py took 0.091 seconds
[2026-05-09T18:43:54.425+0000] {processor.py:161} INFO - Started process (PID=259) to work on /home/airflow/.local/lib/python3.12/site-packages/airflow/example_dags/tutorial_objectstorage.py
[2026-05-09T18:43:54.508+0000] {processor.py:830} INFO - Processing file /home/airflow/.local/lib/python3.12/site-packages/airflow/example_dags/tutorial_objectstorage.py for tasks to queue
[2026-05-09T18:43:54.511+0000] {logging_mixin.py:188} INFO - [2026-05-09T18:43:54.510+0000] {dagbag.py:545} INFO - Filling up the DagBag from /home/airflow/.local/lib/python3.12/site-packages/airflow/example_dags/tutorial_objectstorage.py
[2026-05-09T18:43:54.518+0000] {processor.py:840} INFO - DAG(s) 'tutorial_objectstorage' retrieved from /home/airflow/.local/lib/python3.12/site-packages/airflow/example_dags/tutorial_objectstorage.py
[2026-05-09T18:43:54.540+0000] {logging_mixin.py:188} INFO - [2026-05-09T18:43:54.539+0000] {dag.py:3096} INFO - Sync 1 DAGs
[2026-05-09T18:43:54.556+0000] {logging_mixin.py:188} INFO - [2026-05-09T18:43:54.555+0000] {dag.py:3954} INFO - Setting next_dagrun for tutorial_objectstorage to None, run_after=None
[2026-05-09T18:43:54.754+0000] {processor.py:183} INFO - Processing /home/airflow/.local/lib/python3.12/site-packages/airflow/example_dags/tutorial_objectstorage.py took 0.335 seconds
[2026-05-09T18:44:25.447+0000] {processor.py:161} INFO - Started process (PID=317) to work on /home/airflow/.local/lib/python3.12/site-packages/airflow/example_dags/tutorial_objectstorage.py
[2026-05-09T18:44:25.448+0000] {processor.py:830} INFO - Processing file /home/airflow/.local/lib/python3.12/site-packages/airflow/example_dags/tutorial_objectstorage.py for tasks to queue
[2026-05-09T18:44:25.450+0000] {logging_mixin.py:188} INFO - [2026-05-09T18:44:25.450+0000] {dagbag.py:545} INFO - Filling up the DagBag from /home/airflow/.local/lib/python3.12/site-packages/airflow/example_dags/tutorial_objectstorage.py
[2026-05-09T18:44:25.457+0000] {processor.py:840} INFO - DAG(s) 'tutorial_objectstorage' retrieved from /home/airflow/.local/lib/python3.12/site-packages/airflow/example_dags/tutorial_objectstorage.py
[2026-05-09T18:44:25.481+0000] {logging_mixin.py:188} INFO - [2026-05-09T18:44:25.480+0000] {dag.py:3096} INFO - Sync 1 DAGs
[2026-05-09T18:44:25.494+0000] {logging_mixin.py:188} INFO - [2026-05-09T18:44:25.494+0000] {dag.py:3954} INFO - Setting next_dagrun for tutorial_objectstorage to None, run_after=None
[2026-05-09T18:44:25.521+0000] {processor.py:183} INFO - Processing /home/airflow/.local/lib/python3.12/site-packages/airflow/example_dags/tutorial_objectstorage.py took 0.080 seconds
[2026-05-09T18:44:56.480+0000] {processor.py:161} INFO - Started process (PID=375) to work on /home/airflow/.local/lib/python3.12/site-packages/airflow/example_dags/tutorial_objectstorage.py
[2026-05-09T18:44:56.482+0000] {processor.py:830} INFO - Processing file /home/airflow/.local/lib/python3.12/site-packages/airflow/example_dags/tutorial_objectstorage.py for tasks to queue
[2026-05-09T18:44:56.484+0000] {logging_mixin.py:188} INFO - [2026-05-09T18:44:56.484+0000] {dagbag.py:545} INFO - Filling up the DagBag from /home/airflow/.local/lib/python3.12/site-packages/airflow/example_dags/tutorial_objectstorage.py
[2026-05-09T18:44:56.493+0000] {processor.py:840} INFO - DAG(s) 'tutorial_objectstorage' retrieved from /home/airflow/.local/lib/python3.12/site-packages/airflow/example_dags/tutorial_objectstorage.py
[2026-05-09T18:44:56.514+0000] {logging_mixin.py:188} INFO - [2026-05-09T18:44:56.514+0000] {dag.py:3096} INFO - Sync 1 DAGs
[2026-05-09T18:44:56.528+0000] {logging_mixin.py:188} INFO - [2026-05-09T18:44:56.528+0000] {dag.py:3954} INFO - Setting next_dagrun for tutorial_objectstorage to None, run_after=None
[2026-05-09T18:44:56.557+0000] {processor.py:183} INFO - Processing /home/airflow/.local/lib/python3.12/site-packages/airflow/example_dags/tutorial_objectstorage.py took 0.084 seconds
[2026-05-09T18:45:27.374+0000] {processor.py:161} INFO - Started process (PID=433) to work on /home/airflow/.local/lib/python3.12/site-packages/airflow/example_dags/tutorial_objectstorage.py
[2026-05-09T18:45:27.375+0000] {processor.py:830} INFO - Processing file /home/airflow/.local/lib/python3.12/site-packages/airflow/example_dags/tutorial_objectstorage.py for tasks to queue
[2026-05-09T18:45:27.377+0000] {logging_mixin.py:188} INFO - [2026-05-09T18:45:27.376+0000] {dagbag.py:545} INFO - Filling up the DagBag from /home/airflow/.local/lib/python3.12/site-packages/airflow/example_dags/tutorial_objectstorage.py
[2026-05-09T18:45:27.384+0000] {processor.py:840} INFO - DAG(s) 'tutorial_objectstorage' retrieved from /home/airflow/.local/lib/python3.12/site-packages/airflow/example_dags/tutorial_objectstorage.py
[2026-05-09T18:45:27.404+0000] {logging_mixin.py:188} INFO - [2026-05-09T18:45:27.403+0000] {dag.py:3096} INFO - Sync 1 DAGs
[2026-05-09T18:45:27.416+0000] {logging_mixin.py:188} INFO - [2026-05-09T18:45:27.415+0000] {dag.py:3954} INFO - Setting next_dagrun for tutorial_objectstorage to None, run_after=None
[2026-05-09T18:45:27.439+0000] {processor.py:183} INFO - Processing /home/airflow/.local/lib/python3.12/site-packages/airflow/example_dags/tutorial_objectstorage.py took 0.070 seconds
[2026-05-09T18:45:57.858+0000] {processor.py:161} INFO - Started process (PID=491) to work on /home/airflow/.local/lib/python3.12/site-packages/airflow/example_dags/tutorial_objectstorage.py
[2026-05-09T18:45:57.859+0000] {processor.py:830} INFO - Processing file /home/airflow/.local/lib/python3.12/site-packages/airflow/example_dags/tutorial_objectstorage.py for tasks to queue
[2026-05-09T18:45:57.862+0000] {logging_mixin.py:188} INFO - [2026-05-09T18:45:57.861+0000] {dagbag.py:545} INFO - Filling up the DagBag from /home/airflow/.local/lib/python3.12/site-packages/airflow/example_dags/tutorial_objectstorage.py
[2026-05-09T18:45:57.868+0000] {processor.py:840} INFO - DAG(s) 'tutorial_objectstorage' retrieved from /home/airflow/.local/lib/python3.12/site-packages/airflow/example_dags/tutorial_objectstorage.py
[2026-05-09T18:45:57.889+0000] {logging_mixin.py:188} INFO - [2026-05-09T18:45:57.889+0000] {dag.py:3096} INFO - Sync 1 DAGs
[2026-05-09T18:45:57.902+0000] {logging_mixin.py:188} INFO - [2026-05-09T18:45:57.902+0000] {dag.py:3954} INFO - Setting next_dagrun for tutorial_objectstorage to None, run_after=None
[2026-05-09T18:45:57.930+0000] {processor.py:183} INFO - Processing /home/airflow/.local/lib/python3.12/site-packages/airflow/example_dags/tutorial_objectstorage.py took 0.078 seconds
[2026-05-09T18:46:28.378+0000] {processor.py:161} INFO - Started process (PID=549) to work on /home/airflow/.local/lib/python3.12/site-packages/airflow/example_dags/tutorial_objectstorage.py
[2026-05-09T18:46:28.379+0000] {processor.py:830} INFO - Processing file /home/airflow/.local/lib/python3.12/site-packages/airflow/example_dags/tutorial_objectstorage.py for tasks to queue
[2026-05-09T18:46:28.381+0000] {logging_mixin.py:188} INFO - [2026-05-09T18:46:28.381+0000] {dagbag.py:545} INFO - Filling up the DagBag from /home/airflow/.local/lib/python3.12/site-packages/airflow/example_dags/tutorial_objectstorage.py
[2026-05-09T18:46:28.389+0000] {processor.py:840} INFO - DAG(s) 'tutorial_objectstorage' retrieved from /home/airflow/.local/lib/python3.12/site-packages/airflow/example_dags/tutorial_objectstorage.py
[2026-05-09T18:46:28.414+0000] {logging_mixin.py:188} INFO - [2026-05-09T18:46:28.414+0000] {dag.py:3096} INFO - Sync 1 DAGs
[2026-05-09T18:46:28.433+0000] {logging_mixin.py:188} INFO - [2026-05-09T18:46:28.433+0000] {dag.py:3954} INFO - Setting next_dagrun for tutorial_objectstorage to None, run_after=None
[2026-05-09T18:46:28.461+0000] {processor.py:183} INFO - Processing /home/airflow/.local/lib/python3.12/site-packages/airflow/example_dags/tutorial_objectstorage.py took 0.089 seconds
[2026-05-09T18:51:05.604+0000] {processor.py:161} INFO - Started process (PID=98) to work on /home/airflow/.local/lib/python3.12/site-packages/airflow/example_dags/tutorial_objectstorage.py
[2026-05-09T18:51:05.606+0000] {processor.py:830} INFO - Processing file /home/airflow/.local/lib/python3.12/site-packages/airflow/example_dags/tutorial_objectstorage.py for tasks to queue
[2026-05-09T18:51:05.608+0000] {logging_mixin.py:188} INFO - [2026-05-09T18:51:05.608+0000] {dagbag.py:545} INFO - Filling up the DagBag from /home/airflow/.local/lib/python3.12/site-packages/airflow/example_dags/tutorial_objectstorage.py
[2026-05-09T18:51:05.623+0000] {processor.py:840} INFO - DAG(s) 'tutorial_objectstorage' retrieved from /home/airflow/.local/lib/python3.12/site-packages/airflow/example_dags/tutorial_objectstorage.py
[2026-05-09T18:51:05.785+0000] {logging_mixin.py:188} INFO - [2026-05-09T18:51:05.785+0000] {dag.py:3096} INFO - Sync 1 DAGs
[2026-05-09T18:51:05.802+0000] {logging_mixin.py:188} INFO - [2026-05-09T18:51:05.801+0000] {dag.py:3954} INFO - Setting next_dagrun for tutorial_objectstorage to None, run_after=None
[2026-05-09T18:51:05.849+0000] {processor.py:183} INFO - Processing /home/airflow/.local/lib/python3.12/site-packages/airflow/example_dags/tutorial_objectstorage.py took 0.251 seconds
[2026-05-09T18:51:52.097+0000] {processor.py:161} INFO - Started process (PID=67) to work on /home/airflow/.local/lib/python3.12/site-packages/airflow/example_dags/tutorial_objectstorage.py
[2026-05-09T18:51:52.098+0000] {processor.py:830} INFO - Processing file /home/airflow/.local/lib/python3.12/site-packages/airflow/example_dags/tutorial_objectstorage.py for tasks to queue
[2026-05-09T18:51:52.101+0000] {logging_mixin.py:188} INFO - [2026-05-09T18:51:52.100+0000] {dagbag.py:545} INFO - Filling up the DagBag from /home/airflow/.local/lib/python3.12/site-packages/airflow/example_dags/tutorial_objectstorage.py
[2026-05-09T18:51:52.110+0000] {processor.py:840} INFO - DAG(s) 'tutorial_objectstorage' retrieved from /home/airflow/.local/lib/python3.12/site-packages/airflow/example_dags/tutorial_objectstorage.py
[2026-05-09T18:51:52.133+0000] {logging_mixin.py:188} INFO - [2026-05-09T18:51:52.133+0000] {dag.py:3096} INFO - Sync 1 DAGs
[2026-05-09T18:51:52.146+0000] {logging_mixin.py:188} INFO - [2026-05-09T18:51:52.145+0000] {dag.py:3954} INFO - Setting next_dagrun for tutorial_objectstorage to None, run_after=None
[2026-05-09T18:51:52.172+0000] {processor.py:183} INFO - Processing /home/airflow/.local/lib/python3.12/site-packages/airflow/example_dags/tutorial_objectstorage.py took 0.080 seconds
[2026-05-09T18:52:22.535+0000] {processor.py:161} INFO - Started process (PID=125) to work on /home/airflow/.local/lib/python3.12/site-packages/airflow/example_dags/tutorial_objectstorage.py
[2026-05-09T18:52:22.536+0000] {processor.py:830} INFO - Processing file /home/airflow/.local/lib/python3.12/site-packages/airflow/example_dags/tutorial_objectstorage.py for tasks to queue
[2026-05-09T18:52:22.538+0000] {logging_mixin.py:188} INFO - [2026-05-09T18:52:22.538+0000] {dagbag.py:545} INFO - Filling up the DagBag from /home/airflow/.local/lib/python3.12/site-packages/airflow/example_dags/tutorial_objectstorage.py
[2026-05-09T18:52:22.545+0000] {processor.py:840} INFO - DAG(s) 'tutorial_objectstorage' retrieved from /home/airflow/.local/lib/python3.12/site-packages/airflow/example_dags/tutorial_objectstorage.py
[2026-05-09T18:52:22.564+0000] {logging_mixin.py:188} INFO - [2026-05-09T18:52:22.563+0000] {dag.py:3096} INFO - Sync 1 DAGs
[2026-05-09T18:52:22.577+0000] {logging_mixin.py:188} INFO - [2026-05-09T18:52:22.576+0000] {dag.py:3954} INFO - Setting next_dagrun for tutorial_objectstorage to None, run_after=None
[2026-05-09T18:52:22.601+0000] {processor.py:183} INFO - Processing /home/airflow/.local/lib/python3.12/site-packages/airflow/example_dags/tutorial_objectstorage.py took 0.071 seconds
[2026-05-09T18:52:59.133+0000] {processor.py:161} INFO - Started process (PID=189) to work on /home/airflow/.local/lib/python3.12/site-packages/airflow/example_dags/tutorial_objectstorage.py
[2026-05-09T18:52:59.134+0000] {processor.py:830} INFO - Processing file /home/airflow/.local/lib/python3.12/site-packages/airflow/example_dags/tutorial_objectstorage.py for tasks to queue
[2026-05-09T18:52:59.136+0000] {logging_mixin.py:188} INFO - [2026-05-09T18:52:59.136+0000] {dagbag.py:545} INFO - Filling up the DagBag from /home/airflow/.local/lib/python3.12/site-packages/airflow/example_dags/tutorial_objectstorage.py
[2026-05-09T18:52:59.144+0000] {processor.py:840} INFO - DAG(s) 'tutorial_objectstorage' retrieved from /home/airflow/.local/lib/python3.12/site-packages/airflow/example_dags/tutorial_objectstorage.py
[2026-05-09T18:52:59.165+0000] {logging_mixin.py:188} INFO - [2026-05-09T18:52:59.165+0000] {dag.py:3096} INFO - Sync 1 DAGs
[2026-05-09T18:52:59.181+0000] {logging_mixin.py:188} INFO - [2026-05-09T18:52:59.180+0000] {dag.py:3954} INFO - Setting next_dagrun for tutorial_objectstorage to None, run_after=None
[2026-05-09T18:52:59.208+0000] {processor.py:183} INFO - Processing /home/airflow/.local/lib/python3.12/site-packages/airflow/example_dags/tutorial_objectstorage.py took 0.081 seconds
[2026-05-09T18:53:29.383+0000] {processor.py:161} INFO - Started process (PID=247) to work on /home/airflow/.local/lib/python3.12/site-packages/airflow/example_dags/tutorial_objectstorage.py
[2026-05-09T18:53:29.385+0000] {processor.py:830} INFO - Processing file /home/airflow/.local/lib/python3.12/site-packages/airflow/example_dags/tutorial_objectstorage.py for tasks to queue
[2026-05-09T18:53:29.387+0000] {logging_mixin.py:188} INFO - [2026-05-09T18:53:29.387+0000] {dagbag.py:545} INFO - Filling up the DagBag from /home/airflow/.local/lib/python3.12/site-packages/airflow/example_dags/tutorial_objectstorage.py
[2026-05-09T18:53:29.395+0000] {processor.py:840} INFO - DAG(s) 'tutorial_objectstorage' retrieved from /home/airflow/.local/lib/python3.12/site-packages/airflow/example_dags/tutorial_objectstorage.py
[2026-05-09T18:53:29.420+0000] {logging_mixin.py:188} INFO - [2026-05-09T18:53:29.419+0000] {dag.py:3096} INFO - Sync 1 DAGs
[2026-05-09T18:53:29.437+0000] {logging_mixin.py:188} INFO - [2026-05-09T18:53:29.437+0000] {dag.py:3954} INFO - Setting next_dagrun for tutorial_objectstorage to None, run_after=None
[2026-05-09T18:53:29.470+0000] {processor.py:183} INFO - Processing /home/airflow/.local/lib/python3.12/site-packages/airflow/example_dags/tutorial_objectstorage.py took 0.093 seconds
[2026-05-09T18:54:00.598+0000] {processor.py:161} INFO - Started process (PID=305) to work on /home/airflow/.local/lib/python3.12/site-packages/airflow/example_dags/tutorial_objectstorage.py
[2026-05-09T18:54:00.600+0000] {processor.py:830} INFO - Processing file /home/airflow/.local/lib/python3.12/site-packages/airflow/example_dags/tutorial_objectstorage.py for tasks to queue
[2026-05-09T18:54:00.602+0000] {logging_mixin.py:188} INFO - [2026-05-09T18:54:00.602+0000] {dagbag.py:545} INFO - Filling up the DagBag from /home/airflow/.local/lib/python3.12/site-packages/airflow/example_dags/tutorial_objectstorage.py
[2026-05-09T18:54:00.609+0000] {processor.py:840} INFO - DAG(s) 'tutorial_objectstorage' retrieved from /home/airflow/.local/lib/python3.12/site-packages/airflow/example_dags/tutorial_objectstorage.py
[2026-05-09T18:54:00.632+0000] {logging_mixin.py:188} INFO - [2026-05-09T18:54:00.632+0000] {dag.py:3096} INFO - Sync 1 DAGs
[2026-05-09T18:54:00.645+0000] {logging_mixin.py:188} INFO - [2026-05-09T18:54:00.645+0000] {dag.py:3954} INFO - Setting next_dagrun for tutorial_objectstorage to None, run_after=None
[2026-05-09T18:54:00.673+0000] {processor.py:183} INFO - Processing /home/airflow/.local/lib/python3.12/site-packages/airflow/example_dags/tutorial_objectstorage.py took 0.080 seconds
[2026-05-09T18:54:30.922+0000] {processor.py:161} INFO - Started process (PID=363) to work on /home/airflow/.local/lib/python3.12/site-packages/airflow/example_dags/tutorial_objectstorage.py
[2026-05-09T18:54:30.924+0000] {processor.py:830} INFO - Processing file /home/airflow/.local/lib/python3.12/site-packages/airflow/example_dags/tutorial_objectstorage.py for tasks to queue
[2026-05-09T18:54:30.926+0000] {logging_mixin.py:188} INFO - [2026-05-09T18:54:30.926+0000] {dagbag.py:545} INFO - Filling up the DagBag from /home/airflow/.local/lib/python3.12/site-packages/airflow/example_dags/tutorial_objectstorage.py
[2026-05-09T18:54:30.933+0000] {processor.py:840} INFO - DAG(s) 'tutorial_objectstorage' retrieved from /home/airflow/.local/lib/python3.12/site-packages/airflow/example_dags/tutorial_objectstorage.py
[2026-05-09T18:54:30.952+0000] {logging_mixin.py:188} INFO - [2026-05-09T18:54:30.951+0000] {dag.py:3096} INFO - Sync 1 DAGs
[2026-05-09T18:54:30.964+0000] {logging_mixin.py:188} INFO - [2026-05-09T18:54:30.963+0000] {dag.py:3954} INFO - Setting next_dagrun for tutorial_objectstorage to None, run_after=None
[2026-05-09T18:54:30.988+0000] {processor.py:183} INFO - Processing /home/airflow/.local/lib/python3.12/site-packages/airflow/example_dags/tutorial_objectstorage.py took 0.071 seconds
[2026-05-09T18:55:01.125+0000] {processor.py:161} INFO - Started process (PID=421) to work on /home/airflow/.local/lib/python3.12/site-packages/airflow/example_dags/tutorial_objectstorage.py
[2026-05-09T18:55:01.127+0000] {processor.py:830} INFO - Processing file /home/airflow/.local/lib/python3.12/site-packages/airflow/example_dags/tutorial_objectstorage.py for tasks to queue
[2026-05-09T18:55:01.129+0000] {logging_mixin.py:188} INFO - [2026-05-09T18:55:01.128+0000] {dagbag.py:545} INFO - Filling up the DagBag from /home/airflow/.local/lib/python3.12/site-packages/airflow/example_dags/tutorial_objectstorage.py
[2026-05-09T18:55:01.136+0000] {processor.py:840} INFO - DAG(s) 'tutorial_objectstorage' retrieved from /home/airflow/.local/lib/python3.12/site-packages/airflow/example_dags/tutorial_objectstorage.py
[2026-05-09T18:55:01.159+0000] {logging_mixin.py:188} INFO - [2026-05-09T18:55:01.158+0000] {dag.py:3096} INFO - Sync 1 DAGs
[2026-05-09T18:55:01.172+0000] {logging_mixin.py:188} INFO - [2026-05-09T18:55:01.171+0000] {dag.py:3954} INFO - Setting next_dagrun for tutorial_objectstorage to None, run_after=None
[2026-05-09T18:55:01.198+0000] {processor.py:183} INFO - Processing /home/airflow/.local/lib/python3.12/site-packages/airflow/example_dags/tutorial_objectstorage.py took 0.079 seconds
[2026-05-09T18:55:31.398+0000] {processor.py:161} INFO - Started process (PID=479) to work on /home/airflow/.local/lib/python3.12/site-packages/airflow/example_dags/tutorial_objectstorage.py
[2026-05-09T18:55:31.399+0000] {processor.py:830} INFO - Processing file /home/airflow/.local/lib/python3.12/site-packages/airflow/example_dags/tutorial_objectstorage.py for tasks to queue
[2026-05-09T18:55:31.402+0000] {logging_mixin.py:188} INFO - [2026-05-09T18:55:31.401+0000] {dagbag.py:545} INFO - Filling up the DagBag from /home/airflow/.local/lib/python3.12/site-packages/airflow/example_dags/tutorial_objectstorage.py
[2026-05-09T18:55:31.409+0000] {processor.py:840} INFO - DAG(s) 'tutorial_objectstorage' retrieved from /home/airflow/.local/lib/python3.12/site-packages/airflow/example_dags/tutorial_objectstorage.py
[2026-05-09T18:55:31.430+0000] {logging_mixin.py:188} INFO - [2026-05-09T18:55:31.430+0000] {dag.py:3096} INFO - Sync 1 DAGs
[2026-05-09T18:55:31.444+0000] {logging_mixin.py:188} INFO - [2026-05-09T18:55:31.444+0000] {dag.py:3954} INFO - Setting next_dagrun for tutorial_objectstorage to None, run_after=None
[2026-05-09T18:55:31.469+0000] {processor.py:183} INFO - Processing /home/airflow/.local/lib/python3.12/site-packages/airflow/example_dags/tutorial_objectstorage.py took 0.077 seconds
[2026-05-09T18:56:01.622+0000] {processor.py:161} INFO - Started process (PID=537) to work on /home/airflow/.local/lib/python3.12/site-packages/airflow/example_dags/tutorial_objectstorage.py
[2026-05-09T18:56:01.623+0000] {processor.py:830} INFO - Processing file /home/airflow/.local/lib/python3.12/site-packages/airflow/example_dags/tutorial_objectstorage.py for tasks to queue
[2026-05-09T18:56:01.625+0000] {logging_mixin.py:188} INFO - [2026-05-09T18:56:01.625+0000] {dagbag.py:545} INFO - Filling up the DagBag from /home/airflow/.local/lib/python3.12/site-packages/airflow/example_dags/tutorial_objectstorage.py
[2026-05-09T18:56:01.632+0000] {processor.py:840} INFO - DAG(s) 'tutorial_objectstorage' retrieved from /home/airflow/.local/lib/python3.12/site-packages/airflow/example_dags/tutorial_objectstorage.py
[2026-05-09T18:56:01.651+0000] {logging_mixin.py:188} INFO - [2026-05-09T18:56:01.651+0000] {dag.py:3096} INFO - Sync 1 DAGs
[2026-05-09T18:56:01.663+0000] {logging_mixin.py:188} INFO - [2026-05-09T18:56:01.663+0000] {dag.py:3954} INFO - Setting next_dagrun for tutorial_objectstorage to None, run_after=None
[2026-05-09T18:56:01.687+0000] {processor.py:183} INFO - Processing /home/airflow/.local/lib/python3.12/site-packages/airflow/example_dags/tutorial_objectstorage.py took 0.070 seconds
[2026-05-09T18:56:31.822+0000] {processor.py:161} INFO - Started process (PID=595) to work on /home/airflow/.local/lib/python3.12/site-packages/airflow/example_dags/tutorial_objectstorage.py
[2026-05-09T18:56:31.824+0000] {processor.py:830} INFO - Processing file /home/airflow/.local/lib/python3.12/site-packages/airflow/example_dags/tutorial_objectstorage.py for tasks to queue
[2026-05-09T18:56:31.826+0000] {logging_mixin.py:188} INFO - [2026-05-09T18:56:31.826+0000] {dagbag.py:545} INFO - Filling up the DagBag from /home/airflow/.local/lib/python3.12/site-packages/airflow/example_dags/tutorial_objectstorage.py
[2026-05-09T18:56:31.832+0000] {processor.py:840} INFO - DAG(s) 'tutorial_objectstorage' retrieved from /home/airflow/.local/lib/python3.12/site-packages/airflow/example_dags/tutorial_objectstorage.py
[2026-05-09T18:56:31.852+0000] {logging_mixin.py:188} INFO - [2026-05-09T18:56:31.852+0000] {dag.py:3096} INFO - Sync 1 DAGs
[2026-05-09T18:56:31.865+0000] {logging_mixin.py:188} INFO - [2026-05-09T18:56:31.865+0000] {dag.py:3954} INFO - Setting next_dagrun for tutorial_objectstorage to None, run_after=None
[2026-05-09T18:56:31.890+0000] {processor.py:183} INFO - Processing /home/airflow/.local/lib/python3.12/site-packages/airflow/example_dags/tutorial_objectstorage.py took 0.073 seconds
[2026-05-09T18:57:02.395+0000] {processor.py:161} INFO - Started process (PID=654) to work on /home/airflow/.local/lib/python3.12/site-packages/airflow/example_dags/tutorial_objectstorage.py
[2026-05-09T18:57:02.396+0000] {processor.py:830} INFO - Processing file /home/airflow/.local/lib/python3.12/site-packages/airflow/example_dags/tutorial_objectstorage.py for tasks to queue
[2026-05-09T18:57:02.398+0000] {logging_mixin.py:188} INFO - [2026-05-09T18:57:02.397+0000] {dagbag.py:545} INFO - Filling up the DagBag from /home/airflow/.local/lib/python3.12/site-packages/airflow/example_dags/tutorial_objectstorage.py
[2026-05-09T18:57:02.404+0000] {processor.py:840} INFO - DAG(s) 'tutorial_objectstorage' retrieved from /home/airflow/.local/lib/python3.12/site-packages/airflow/example_dags/tutorial_objectstorage.py
[2026-05-09T18:57:02.425+0000] {logging_mixin.py:188} INFO - [2026-05-09T18:57:02.424+0000] {dag.py:3096} INFO - Sync 1 DAGs
[2026-05-09T18:57:02.440+0000] {logging_mixin.py:188} INFO - [2026-05-09T18:57:02.439+0000] {dag.py:3954} INFO - Setting next_dagrun for tutorial_objectstorage to None, run_after=None
[2026-05-09T18:57:02.464+0000] {processor.py:183} INFO - Processing /home/airflow/.local/lib/python3.12/site-packages/airflow/example_dags/tutorial_objectstorage.py took 0.075 seconds
[2026-05-09T18:57:33.165+0000] {processor.py:161} INFO - Started process (PID=713) to work on /home/airflow/.local/lib/python3.12/site-packages/airflow/example_dags/tutorial_objectstorage.py
[2026-05-09T18:57:33.166+0000] {processor.py:830} INFO - Processing file /home/airflow/.local/lib/python3.12/site-packages/airflow/example_dags/tutorial_objectstorage.py for tasks to queue
[2026-05-09T18:57:33.168+0000] {logging_mixin.py:188} INFO - [2026-05-09T18:57:33.168+0000] {dagbag.py:545} INFO - Filling up the DagBag from /home/airflow/.local/lib/python3.12/site-packages/airflow/example_dags/tutorial_objectstorage.py
[2026-05-09T18:57:33.176+0000] {processor.py:840} INFO - DAG(s) 'tutorial_objectstorage' retrieved from /home/airflow/.local/lib/python3.12/site-packages/airflow/example_dags/tutorial_objectstorage.py
[2026-05-09T18:57:33.195+0000] {logging_mixin.py:188} INFO - [2026-05-09T18:57:33.195+0000] {dag.py:3096} INFO - Sync 1 DAGs
[2026-05-09T18:57:33.208+0000] {logging_mixin.py:188} INFO - [2026-05-09T18:57:33.208+0000] {dag.py:3954} INFO - Setting next_dagrun for tutorial_objectstorage to None, run_after=None
[2026-05-09T18:57:33.232+0000] {processor.py:183} INFO - Processing /home/airflow/.local/lib/python3.12/site-packages/airflow/example_dags/tutorial_objectstorage.py took 0.073 seconds
[2026-05-09T18:58:03.730+0000] {processor.py:161} INFO - Started process (PID=773) to work on /home/airflow/.local/lib/python3.12/site-packages/airflow/example_dags/tutorial_objectstorage.py
[2026-05-09T18:58:03.731+0000] {processor.py:830} INFO - Processing file /home/airflow/.local/lib/python3.12/site-packages/airflow/example_dags/tutorial_objectstorage.py for tasks to queue
[2026-05-09T18:58:03.734+0000] {logging_mixin.py:188} INFO - [2026-05-09T18:58:03.733+0000] {dagbag.py:545} INFO - Filling up the DagBag from /home/airflow/.local/lib/python3.12/site-packages/airflow/example_dags/tutorial_objectstorage.py
[2026-05-09T18:58:03.742+0000] {processor.py:840} INFO - DAG(s) 'tutorial_objectstorage' retrieved from /home/airflow/.local/lib/python3.12/site-packages/airflow/example_dags/tutorial_objectstorage.py
[2026-05-09T18:58:03.766+0000] {logging_mixin.py:188} INFO - [2026-05-09T18:58:03.766+0000] {dag.py:3096} INFO - Sync 1 DAGs
[2026-05-09T18:58:03.780+0000] {logging_mixin.py:188} INFO - [2026-05-09T18:58:03.780+0000] {dag.py:3954} INFO - Setting next_dagrun for tutorial_objectstorage to None, run_after=None
[2026-05-09T18:58:03.809+0000] {processor.py:183} INFO - Processing /home/airflow/.local/lib/python3.12/site-packages/airflow/example_dags/tutorial_objectstorage.py took 0.085 seconds
[2026-05-09T18:58:34.790+0000] {processor.py:161} INFO - Started process (PID=832) to work on /home/airflow/.local/lib/python3.12/site-packages/airflow/example_dags/tutorial_objectstorage.py
[2026-05-09T18:58:34.791+0000] {processor.py:830} INFO - Processing file /home/airflow/.local/lib/python3.12/site-packages/airflow/example_dags/tutorial_objectstorage.py for tasks to queue
[2026-05-09T18:58:34.794+0000] {logging_mixin.py:188} INFO - [2026-05-09T18:58:34.793+0000] {dagbag.py:545} INFO - Filling up the DagBag from /home/airflow/.local/lib/python3.12/site-packages/airflow/example_dags/tutorial_objectstorage.py
[2026-05-09T18:58:34.800+0000] {processor.py:840} INFO - DAG(s) 'tutorial_objectstorage' retrieved from /home/airflow/.local/lib/python3.12/site-packages/airflow/example_dags/tutorial_objectstorage.py
[2026-05-09T18:58:34.819+0000] {logging_mixin.py:188} INFO - [2026-05-09T18:58:34.819+0000] {dag.py:3096} INFO - Sync 1 DAGs
[2026-05-09T18:58:34.832+0000] {logging_mixin.py:188} INFO - [2026-05-09T18:58:34.832+0000] {dag.py:3954} INFO - Setting next_dagrun for tutorial_objectstorage to None, run_after=None
[2026-05-09T18:58:34.857+0000] {processor.py:183} INFO - Processing /home/airflow/.local/lib/python3.12/site-packages/airflow/example_dags/tutorial_objectstorage.py took 0.072 seconds
[2026-05-09T18:59:04.989+0000] {processor.py:161} INFO - Started process (PID=891) to work on /home/airflow/.local/lib/python3.12/site-packages/airflow/example_dags/tutorial_objectstorage.py
[2026-05-09T18:59:04.991+0000] {processor.py:830} INFO - Processing file /home/airflow/.local/lib/python3.12/site-packages/airflow/example_dags/tutorial_objectstorage.py for tasks to queue
[2026-05-09T18:59:04.993+0000] {logging_mixin.py:188} INFO - [2026-05-09T18:59:04.992+0000] {dagbag.py:545} INFO - Filling up the DagBag from /home/airflow/.local/lib/python3.12/site-packages/airflow/example_dags/tutorial_objectstorage.py
[2026-05-09T18:59:05.000+0000] {processor.py:840} INFO - DAG(s) 'tutorial_objectstorage' retrieved from /home/airflow/.local/lib/python3.12/site-packages/airflow/example_dags/tutorial_objectstorage.py
[2026-05-09T18:59:05.021+0000] {logging_mixin.py:188} INFO - [2026-05-09T18:59:05.021+0000] {dag.py:3096} INFO - Sync 1 DAGs
[2026-05-09T18:59:05.033+0000] {logging_mixin.py:188} INFO - [2026-05-09T18:59:05.033+0000] {dag.py:3954} INFO - Setting next_dagrun for tutorial_objectstorage to None, run_after=None
[2026-05-09T18:59:05.057+0000] {processor.py:183} INFO - Processing /home/airflow/.local/lib/python3.12/site-packages/airflow/example_dags/tutorial_objectstorage.py took 0.073 seconds
[2026-05-09T18:59:35.275+0000] {processor.py:161} INFO - Started process (PID=944) to work on /home/airflow/.local/lib/python3.12/site-packages/airflow/example_dags/tutorial_objectstorage.py
[2026-05-09T18:59:35.276+0000] {processor.py:830} INFO - Processing file /home/airflow/.local/lib/python3.12/site-packages/airflow/example_dags/tutorial_objectstorage.py for tasks to queue
[2026-05-09T18:59:35.278+0000] {logging_mixin.py:188} INFO - [2026-05-09T18:59:35.278+0000] {dagbag.py:545} INFO - Filling up the DagBag from /home/airflow/.local/lib/python3.12/site-packages/airflow/example_dags/tutorial_objectstorage.py
[2026-05-09T18:59:35.285+0000] {processor.py:840} INFO - DAG(s) 'tutorial_objectstorage' retrieved from /home/airflow/.local/lib/python3.12/site-packages/airflow/example_dags/tutorial_objectstorage.py
[2026-05-09T18:59:35.305+0000] {logging_mixin.py:188} INFO - [2026-05-09T18:59:35.305+0000] {dag.py:3096} INFO - Sync 1 DAGs
[2026-05-09T18:59:35.317+0000] {logging_mixin.py:188} INFO - [2026-05-09T18:59:35.317+0000] {dag.py:3954} INFO - Setting next_dagrun for tutorial_objectstorage to None, run_after=None
[2026-05-09T18:59:35.343+0000] {processor.py:183} INFO - Processing /home/airflow/.local/lib/python3.12/site-packages/airflow/example_dags/tutorial_objectstorage.py took 0.073 seconds
[2026-05-09T19:00:06.160+0000] {processor.py:161} INFO - Started process (PID=1003) to work on /home/airflow/.local/lib/python3.12/site-packages/airflow/example_dags/tutorial_objectstorage.py
[2026-05-09T19:00:06.161+0000] {processor.py:830} INFO - Processing file /home/airflow/.local/lib/python3.12/site-packages/airflow/example_dags/tutorial_objectstorage.py for tasks to queue
[2026-05-09T19:00:06.163+0000] {logging_mixin.py:188} INFO - [2026-05-09T19:00:06.163+0000] {dagbag.py:545} INFO - Filling up the DagBag from /home/airflow/.local/lib/python3.12/site-packages/airflow/example_dags/tutorial_objectstorage.py
[2026-05-09T19:00:06.170+0000] {processor.py:840} INFO - DAG(s) 'tutorial_objectstorage' retrieved from /home/airflow/.local/lib/python3.12/site-packages/airflow/example_dags/tutorial_objectstorage.py
[2026-05-09T19:00:06.192+0000] {logging_mixin.py:188} INFO - [2026-05-09T19:00:06.192+0000] {dag.py:3096} INFO - Sync 1 DAGs
[2026-05-09T19:00:06.207+0000] {logging_mixin.py:188} INFO - [2026-05-09T19:00:06.206+0000] {dag.py:3954} INFO - Setting next_dagrun for tutorial_objectstorage to None, run_after=None
[2026-05-09T19:00:06.259+0000] {processor.py:183} INFO - Processing /home/airflow/.local/lib/python3.12/site-packages/airflow/example_dags/tutorial_objectstorage.py took 0.105 seconds
[2026-05-09T19:00:36.931+0000] {processor.py:161} INFO - Started process (PID=1062) to work on /home/airflow/.local/lib/python3.12/site-packages/airflow/example_dags/tutorial_objectstorage.py
[2026-05-09T19:00:36.933+0000] {processor.py:830} INFO - Processing file /home/airflow/.local/lib/python3.12/site-packages/airflow/example_dags/tutorial_objectstorage.py for tasks to queue
[2026-05-09T19:00:36.935+0000] {logging_mixin.py:188} INFO - [2026-05-09T19:00:36.935+0000] {dagbag.py:545} INFO - Filling up the DagBag from /home/airflow/.local/lib/python3.12/site-packages/airflow/example_dags/tutorial_objectstorage.py
[2026-05-09T19:00:36.942+0000] {processor.py:840} INFO - DAG(s) 'tutorial_objectstorage' retrieved from /home/airflow/.local/lib/python3.12/site-packages/airflow/example_dags/tutorial_objectstorage.py
[2026-05-09T19:00:36.962+0000] {logging_mixin.py:188} INFO - [2026-05-09T19:00:36.962+0000] {dag.py:3096} INFO - Sync 1 DAGs
[2026-05-09T19:00:36.973+0000] {logging_mixin.py:188} INFO - [2026-05-09T19:00:36.973+0000] {dag.py:3954} INFO - Setting next_dagrun for tutorial_objectstorage to None, run_after=None
[2026-05-09T19:00:36.999+0000] {processor.py:183} INFO - Processing /home/airflow/.local/lib/python3.12/site-packages/airflow/example_dags/tutorial_objectstorage.py took 0.073 seconds
[2026-05-09T19:01:07.485+0000] {processor.py:161} INFO - Started process (PID=1121) to work on /home/airflow/.local/lib/python3.12/site-packages/airflow/example_dags/tutorial_objectstorage.py
[2026-05-09T19:01:07.486+0000] {processor.py:830} INFO - Processing file /home/airflow/.local/lib/python3.12/site-packages/airflow/example_dags/tutorial_objectstorage.py for tasks to queue
[2026-05-09T19:01:07.488+0000] {logging_mixin.py:188} INFO - [2026-05-09T19:01:07.487+0000] {dagbag.py:545} INFO - Filling up the DagBag from /home/airflow/.local/lib/python3.12/site-packages/airflow/example_dags/tutorial_objectstorage.py
[2026-05-09T19:01:07.496+0000] {processor.py:840} INFO - DAG(s) 'tutorial_objectstorage' retrieved from /home/airflow/.local/lib/python3.12/site-packages/airflow/example_dags/tutorial_objectstorage.py
[2026-05-09T19:01:07.518+0000] {logging_mixin.py:188} INFO - [2026-05-09T19:01:07.518+0000] {dag.py:3096} INFO - Sync 1 DAGs
[2026-05-09T19:01:07.532+0000] {logging_mixin.py:188} INFO - [2026-05-09T19:01:07.531+0000] {dag.py:3954} INFO - Setting next_dagrun for tutorial_objectstorage to None, run_after=None
[2026-05-09T19:01:07.560+0000] {processor.py:183} INFO - Processing /home/airflow/.local/lib/python3.12/site-packages/airflow/example_dags/tutorial_objectstorage.py took 0.081 seconds
[2026-05-09T19:01:38.557+0000] {processor.py:161} INFO - Started process (PID=1180) to work on /home/airflow/.local/lib/python3.12/site-packages/airflow/example_dags/tutorial_objectstorage.py
[2026-05-09T19:01:38.558+0000] {processor.py:830} INFO - Processing file /home/airflow/.local/lib/python3.12/site-packages/airflow/example_dags/tutorial_objectstorage.py for tasks to queue
[2026-05-09T19:01:38.560+0000] {logging_mixin.py:188} INFO - [2026-05-09T19:01:38.560+0000] {dagbag.py:545} INFO - Filling up the DagBag from /home/airflow/.local/lib/python3.12/site-packages/airflow/example_dags/tutorial_objectstorage.py
[2026-05-09T19:01:38.568+0000] {processor.py:840} INFO - DAG(s) 'tutorial_objectstorage' retrieved from /home/airflow/.local/lib/python3.12/site-packages/airflow/example_dags/tutorial_objectstorage.py
[2026-05-09T19:01:38.590+0000] {logging_mixin.py:188} INFO - [2026-05-09T19:01:38.589+0000] {dag.py:3096} INFO - Sync 1 DAGs
[2026-05-09T19:01:38.605+0000] {logging_mixin.py:188} INFO - [2026-05-09T19:01:38.605+0000] {dag.py:3954} INFO - Setting next_dagrun for tutorial_objectstorage to None, run_after=None
[2026-05-09T19:01:38.638+0000] {processor.py:183} INFO - Processing /home/airflow/.local/lib/python3.12/site-packages/airflow/example_dags/tutorial_objectstorage.py took 0.087 seconds
[2026-05-09T19:02:09.042+0000] {processor.py:161} INFO - Started process (PID=1239) to work on /home/airflow/.local/lib/python3.12/site-packages/airflow/example_dags/tutorial_objectstorage.py
[2026-05-09T19:02:09.043+0000] {processor.py:830} INFO - Processing file /home/airflow/.local/lib/python3.12/site-packages/airflow/example_dags/tutorial_objectstorage.py for tasks to queue
[2026-05-09T19:02:09.046+0000] {logging_mixin.py:188} INFO - [2026-05-09T19:02:09.045+0000] {dagbag.py:545} INFO - Filling up the DagBag from /home/airflow/.local/lib/python3.12/site-packages/airflow/example_dags/tutorial_objectstorage.py
[2026-05-09T19:02:09.053+0000] {processor.py:840} INFO - DAG(s) 'tutorial_objectstorage' retrieved from /home/airflow/.local/lib/python3.12/site-packages/airflow/example_dags/tutorial_objectstorage.py
[2026-05-09T19:02:09.072+0000] {logging_mixin.py:188} INFO - [2026-05-09T19:02:09.072+0000] {dag.py:3096} INFO - Sync 1 DAGs
[2026-05-09T19:02:09.084+0000] {logging_mixin.py:188} INFO - [2026-05-09T19:02:09.084+0000] {dag.py:3954} INFO - Setting next_dagrun for tutorial_objectstorage to None, run_after=None
[2026-05-09T19:02:09.108+0000] {processor.py:183} INFO - Processing /home/airflow/.local/lib/python3.12/site-packages/airflow/example_dags/tutorial_objectstorage.py took 0.072 seconds
[2026-05-09T19:02:39.602+0000] {processor.py:161} INFO - Started process (PID=1298) to work on /home/airflow/.local/lib/python3.12/site-packages/airflow/example_dags/tutorial_objectstorage.py
[2026-05-09T19:02:39.603+0000] {processor.py:830} INFO - Processing file /home/airflow/.local/lib/python3.12/site-packages/airflow/example_dags/tutorial_objectstorage.py for tasks to queue
[2026-05-09T19:02:39.605+0000] {logging_mixin.py:188} INFO - [2026-05-09T19:02:39.605+0000] {dagbag.py:545} INFO - Filling up the DagBag from /home/airflow/.local/lib/python3.12/site-packages/airflow/example_dags/tutorial_objectstorage.py
[2026-05-09T19:02:39.613+0000] {processor.py:840} INFO - DAG(s) 'tutorial_objectstorage' retrieved from /home/airflow/.local/lib/python3.12/site-packages/airflow/example_dags/tutorial_objectstorage.py
[2026-05-09T19:02:39.636+0000] {logging_mixin.py:188} INFO - [2026-05-09T19:02:39.635+0000] {dag.py:3096} INFO - Sync 1 DAGs
[2026-05-09T19:02:39.649+0000] {logging_mixin.py:188} INFO - [2026-05-09T19:02:39.648+0000] {dag.py:3954} INFO - Setting next_dagrun for tutorial_objectstorage to None, run_after=None
[2026-05-09T19:02:39.676+0000] {processor.py:183} INFO - Processing /home/airflow/.local/lib/python3.12/site-packages/airflow/example_dags/tutorial_objectstorage.py took 0.079 seconds
[2026-05-09T19:03:09.794+0000] {processor.py:161} INFO - Started process (PID=1357) to work on /home/airflow/.local/lib/python3.12/site-packages/airflow/example_dags/tutorial_objectstorage.py
[2026-05-09T19:03:09.795+0000] {processor.py:830} INFO - Processing file /home/airflow/.local/lib/python3.12/site-packages/airflow/example_dags/tutorial_objectstorage.py for tasks to queue
[2026-05-09T19:03:09.798+0000] {logging_mixin.py:188} INFO - [2026-05-09T19:03:09.797+0000] {dagbag.py:545} INFO - Filling up the DagBag from /home/airflow/.local/lib/python3.12/site-packages/airflow/example_dags/tutorial_objectstorage.py
[2026-05-09T19:03:09.804+0000] {processor.py:840} INFO - DAG(s) 'tutorial_objectstorage' retrieved from /home/airflow/.local/lib/python3.12/site-packages/airflow/example_dags/tutorial_objectstorage.py
[2026-05-09T19:03:09.824+0000] {logging_mixin.py:188} INFO - [2026-05-09T19:03:09.824+0000] {dag.py:3096} INFO - Sync 1 DAGs
[2026-05-09T19:03:09.837+0000] {logging_mixin.py:188} INFO - [2026-05-09T19:03:09.836+0000] {dag.py:3954} INFO - Setting next_dagrun for tutorial_objectstorage to None, run_after=None
[2026-05-09T19:03:09.860+0000] {processor.py:183} INFO - Processing /home/airflow/.local/lib/python3.12/site-packages/airflow/example_dags/tutorial_objectstorage.py took 0.071 seconds
[2026-05-09T19:03:40.656+0000] {processor.py:161} INFO - Started process (PID=1416) to work on /home/airflow/.local/lib/python3.12/site-packages/airflow/example_dags/tutorial_objectstorage.py
[2026-05-09T19:03:40.657+0000] {processor.py:830} INFO - Processing file /home/airflow/.local/lib/python3.12/site-packages/airflow/example_dags/tutorial_objectstorage.py for tasks to queue
[2026-05-09T19:03:40.660+0000] {logging_mixin.py:188} INFO - [2026-05-09T19:03:40.659+0000] {dagbag.py:545} INFO - Filling up the DagBag from /home/airflow/.local/lib/python3.12/site-packages/airflow/example_dags/tutorial_objectstorage.py
[2026-05-09T19:03:40.666+0000] {processor.py:840} INFO - DAG(s) 'tutorial_objectstorage' retrieved from /home/airflow/.local/lib/python3.12/site-packages/airflow/example_dags/tutorial_objectstorage.py
[2026-05-09T19:03:40.686+0000] {logging_mixin.py:188} INFO - [2026-05-09T19:03:40.686+0000] {dag.py:3096} INFO - Sync 1 DAGs
[2026-05-09T19:03:40.699+0000] {logging_mixin.py:188} INFO - [2026-05-09T19:03:40.699+0000] {dag.py:3954} INFO - Setting next_dagrun for tutorial_objectstorage to None, run_after=None
[2026-05-09T19:03:40.724+0000] {processor.py:183} INFO - Processing /home/airflow/.local/lib/python3.12/site-packages/airflow/example_dags/tutorial_objectstorage.py took 0.074 seconds
[2026-05-09T19:04:11.188+0000] {processor.py:161} INFO - Started process (PID=1475) to work on /home/airflow/.local/lib/python3.12/site-packages/airflow/example_dags/tutorial_objectstorage.py
[2026-05-09T19:04:11.189+0000] {processor.py:830} INFO - Processing file /home/airflow/.local/lib/python3.12/site-packages/airflow/example_dags/tutorial_objectstorage.py for tasks to queue
[2026-05-09T19:04:11.191+0000] {logging_mixin.py:188} INFO - [2026-05-09T19:04:11.191+0000] {dagbag.py:545} INFO - Filling up the DagBag from /home/airflow/.local/lib/python3.12/site-packages/airflow/example_dags/tutorial_objectstorage.py
[2026-05-09T19:04:11.198+0000] {processor.py:840} INFO - DAG(s) 'tutorial_objectstorage' retrieved from /home/airflow/.local/lib/python3.12/site-packages/airflow/example_dags/tutorial_objectstorage.py
[2026-05-09T19:04:11.218+0000] {logging_mixin.py:188} INFO - [2026-05-09T19:04:11.217+0000] {dag.py:3096} INFO - Sync 1 DAGs
[2026-05-09T19:04:11.230+0000] {logging_mixin.py:188} INFO - [2026-05-09T19:04:11.230+0000] {dag.py:3954} INFO - Setting next_dagrun for tutorial_objectstorage to None, run_after=None
[2026-05-09T19:04:11.253+0000] {processor.py:183} INFO - Processing /home/airflow/.local/lib/python3.12/site-packages/airflow/example_dags/tutorial_objectstorage.py took 0.070 seconds
[2026-05-09T19:04:41.771+0000] {processor.py:161} INFO - Started process (PID=1534) to work on /home/airflow/.local/lib/python3.12/site-packages/airflow/example_dags/tutorial_objectstorage.py
[2026-05-09T19:04:41.773+0000] {processor.py:830} INFO - Processing file /home/airflow/.local/lib/python3.12/site-packages/airflow/example_dags/tutorial_objectstorage.py for tasks to queue
[2026-05-09T19:04:41.775+0000] {logging_mixin.py:188} INFO - [2026-05-09T19:04:41.775+0000] {dagbag.py:545} INFO - Filling up the DagBag from /home/airflow/.local/lib/python3.12/site-packages/airflow/example_dags/tutorial_objectstorage.py
[2026-05-09T19:04:41.783+0000] {processor.py:840} INFO - DAG(s) 'tutorial_objectstorage' retrieved from /home/airflow/.local/lib/python3.12/site-packages/airflow/example_dags/tutorial_objectstorage.py
[2026-05-09T19:04:41.806+0000] {logging_mixin.py:188} INFO - [2026-05-09T19:04:41.806+0000] {dag.py:3096} INFO - Sync 1 DAGs
[2026-05-09T19:04:41.821+0000] {logging_mixin.py:188} INFO - [2026-05-09T19:04:41.820+0000] {dag.py:3954} INFO - Setting next_dagrun for tutorial_objectstorage to None, run_after=None
[2026-05-09T19:04:41.847+0000] {processor.py:183} INFO - Processing /home/airflow/.local/lib/python3.12/site-packages/airflow/example_dags/tutorial_objectstorage.py took 0.081 seconds
[2026-05-09T19:05:12.055+0000] {processor.py:161} INFO - Started process (PID=1593) to work on /home/airflow/.local/lib/python3.12/site-packages/airflow/example_dags/tutorial_objectstorage.py
[2026-05-09T19:05:12.056+0000] {processor.py:830} INFO - Processing file /home/airflow/.local/lib/python3.12/site-packages/airflow/example_dags/tutorial_objectstorage.py for tasks to queue
[2026-05-09T19:05:12.058+0000] {logging_mixin.py:188} INFO - [2026-05-09T19:05:12.058+0000] {dagbag.py:545} INFO - Filling up the DagBag from /home/airflow/.local/lib/python3.12/site-packages/airflow/example_dags/tutorial_objectstorage.py
[2026-05-09T19:05:12.066+0000] {processor.py:840} INFO - DAG(s) 'tutorial_objectstorage' retrieved from /home/airflow/.local/lib/python3.12/site-packages/airflow/example_dags/tutorial_objectstorage.py
[2026-05-09T19:05:12.089+0000] {logging_mixin.py:188} INFO - [2026-05-09T19:05:12.088+0000] {dag.py:3096} INFO - Sync 1 DAGs
[2026-05-09T19:05:12.103+0000] {logging_mixin.py:188} INFO - [2026-05-09T19:05:12.102+0000] {dag.py:3954} INFO - Setting next_dagrun for tutorial_objectstorage to None, run_after=None
[2026-05-09T19:05:12.130+0000] {processor.py:183} INFO - Processing /home/airflow/.local/lib/python3.12/site-packages/airflow/example_dags/tutorial_objectstorage.py took 0.080 seconds
[2026-05-09T19:05:42.367+0000] {processor.py:161} INFO - Started process (PID=1652) to work on /home/airflow/.local/lib/python3.12/site-packages/airflow/example_dags/tutorial_objectstorage.py
[2026-05-09T19:05:42.368+0000] {processor.py:830} INFO - Processing file /home/airflow/.local/lib/python3.12/site-packages/airflow/example_dags/tutorial_objectstorage.py for tasks to queue
[2026-05-09T19:05:42.370+0000] {logging_mixin.py:188} INFO - [2026-05-09T19:05:42.370+0000] {dagbag.py:545} INFO - Filling up the DagBag from /home/airflow/.local/lib/python3.12/site-packages/airflow/example_dags/tutorial_objectstorage.py
[2026-05-09T19:05:42.377+0000] {processor.py:840} INFO - DAG(s) 'tutorial_objectstorage' retrieved from /home/airflow/.local/lib/python3.12/site-packages/airflow/example_dags/tutorial_objectstorage.py
[2026-05-09T19:05:42.398+0000] {logging_mixin.py:188} INFO - [2026-05-09T19:05:42.398+0000] {dag.py:3096} INFO - Sync 1 DAGs
[2026-05-09T19:05:42.411+0000] {logging_mixin.py:188} INFO - [2026-05-09T19:05:42.411+0000] {dag.py:3954} INFO - Setting next_dagrun for tutorial_objectstorage to None, run_after=None
[2026-05-09T19:05:42.438+0000] {processor.py:183} INFO - Processing /home/airflow/.local/lib/python3.12/site-packages/airflow/example_dags/tutorial_objectstorage.py took 0.076 seconds
[2026-05-09T19:06:12.522+0000] {processor.py:161} INFO - Started process (PID=1711) to work on /home/airflow/.local/lib/python3.12/site-packages/airflow/example_dags/tutorial_objectstorage.py
[2026-05-09T19:06:12.523+0000] {processor.py:830} INFO - Processing file /home/airflow/.local/lib/python3.12/site-packages/airflow/example_dags/tutorial_objectstorage.py for tasks to queue
[2026-05-09T19:06:12.526+0000] {logging_mixin.py:188} INFO - [2026-05-09T19:06:12.525+0000] {dagbag.py:545} INFO - Filling up the DagBag from /home/airflow/.local/lib/python3.12/site-packages/airflow/example_dags/tutorial_objectstorage.py
[2026-05-09T19:06:12.534+0000] {processor.py:840} INFO - DAG(s) 'tutorial_objectstorage' retrieved from /home/airflow/.local/lib/python3.12/site-packages/airflow/example_dags/tutorial_objectstorage.py
[2026-05-09T19:06:12.561+0000] {logging_mixin.py:188} INFO - [2026-05-09T19:06:12.560+0000] {dag.py:3096} INFO - Sync 1 DAGs
[2026-05-09T19:06:12.579+0000] {logging_mixin.py:188} INFO - [2026-05-09T19:06:12.578+0000] {dag.py:3954} INFO - Setting next_dagrun for tutorial_objectstorage to None, run_after=None
[2026-05-09T19:06:12.608+0000] {processor.py:183} INFO - Processing /home/airflow/.local/lib/python3.12/site-packages/airflow/example_dags/tutorial_objectstorage.py took 0.093 seconds
[2026-05-09T19:06:42.933+0000] {processor.py:161} INFO - Started process (PID=1770) to work on /home/airflow/.local/lib/python3.12/site-packages/airflow/example_dags/tutorial_objectstorage.py
[2026-05-09T19:06:42.934+0000] {processor.py:830} INFO - Processing file /home/airflow/.local/lib/python3.12/site-packages/airflow/example_dags/tutorial_objectstorage.py for tasks to queue
[2026-05-09T19:06:42.936+0000] {logging_mixin.py:188} INFO - [2026-05-09T19:06:42.936+0000] {dagbag.py:545} INFO - Filling up the DagBag from /home/airflow/.local/lib/python3.12/site-packages/airflow/example_dags/tutorial_objectstorage.py
[2026-05-09T19:06:42.943+0000] {processor.py:840} INFO - DAG(s) 'tutorial_objectstorage' retrieved from /home/airflow/.local/lib/python3.12/site-packages/airflow/example_dags/tutorial_objectstorage.py
[2026-05-09T19:06:42.969+0000] {logging_mixin.py:188} INFO - [2026-05-09T19:06:42.968+0000] {dag.py:3096} INFO - Sync 1 DAGs
[2026-05-09T19:06:42.985+0000] {logging_mixin.py:188} INFO - [2026-05-09T19:06:42.984+0000] {dag.py:3954} INFO - Setting next_dagrun for tutorial_objectstorage to None, run_after=None
[2026-05-09T19:06:43.014+0000] {processor.py:183} INFO - Processing /home/airflow/.local/lib/python3.12/site-packages/airflow/example_dags/tutorial_objectstorage.py took 0.086 seconds
[2026-05-09T19:07:14.084+0000] {processor.py:161} INFO - Started process (PID=1829) to work on /home/airflow/.local/lib/python3.12/site-packages/airflow/example_dags/tutorial_objectstorage.py
[2026-05-09T19:07:14.086+0000] {processor.py:830} INFO - Processing file /home/airflow/.local/lib/python3.12/site-packages/airflow/example_dags/tutorial_objectstorage.py for tasks to queue
[2026-05-09T19:07:14.089+0000] {logging_mixin.py:188} INFO - [2026-05-09T19:07:14.088+0000] {dagbag.py:545} INFO - Filling up the DagBag from /home/airflow/.local/lib/python3.12/site-packages/airflow/example_dags/tutorial_objectstorage.py
[2026-05-09T19:07:14.096+0000] {processor.py:840} INFO - DAG(s) 'tutorial_objectstorage' retrieved from /home/airflow/.local/lib/python3.12/site-packages/airflow/example_dags/tutorial_objectstorage.py
[2026-05-09T19:07:14.120+0000] {logging_mixin.py:188} INFO - [2026-05-09T19:07:14.120+0000] {dag.py:3096} INFO - Sync 1 DAGs
[2026-05-09T19:07:14.133+0000] {logging_mixin.py:188} INFO - [2026-05-09T19:07:14.132+0000] {dag.py:3954} INFO - Setting next_dagrun for tutorial_objectstorage to None, run_after=None
[2026-05-09T19:07:14.158+0000] {processor.py:183} INFO - Processing /home/airflow/.local/lib/python3.12/site-packages/airflow/example_dags/tutorial_objectstorage.py took 0.081 seconds
[2026-05-09T19:07:44.403+0000] {processor.py:161} INFO - Started process (PID=1888) to work on /home/airflow/.local/lib/python3.12/site-packages/airflow/example_dags/tutorial_objectstorage.py
[2026-05-09T19:07:44.405+0000] {processor.py:830} INFO - Processing file /home/airflow/.local/lib/python3.12/site-packages/airflow/example_dags/tutorial_objectstorage.py for tasks to queue
[2026-05-09T19:07:44.407+0000] {logging_mixin.py:188} INFO - [2026-05-09T19:07:44.406+0000] {dagbag.py:545} INFO - Filling up the DagBag from /home/airflow/.local/lib/python3.12/site-packages/airflow/example_dags/tutorial_objectstorage.py
[2026-05-09T19:07:44.413+0000] {processor.py:840} INFO - DAG(s) 'tutorial_objectstorage' retrieved from /home/airflow/.local/lib/python3.12/site-packages/airflow/example_dags/tutorial_objectstorage.py
[2026-05-09T19:07:44.431+0000] {logging_mixin.py:188} INFO - [2026-05-09T19:07:44.431+0000] {dag.py:3096} INFO - Sync 1 DAGs
[2026-05-09T19:07:44.444+0000] {logging_mixin.py:188} INFO - [2026-05-09T19:07:44.443+0000] {dag.py:3954} INFO - Setting next_dagrun for tutorial_objectstorage to None, run_after=None
[2026-05-09T19:07:44.467+0000] {processor.py:183} INFO - Processing /home/airflow/.local/lib/python3.12/site-packages/airflow/example_dags/tutorial_objectstorage.py took 0.069 seconds
[2026-05-09T19:08:15.050+0000] {processor.py:161} INFO - Started process (PID=1947) to work on /home/airflow/.local/lib/python3.12/site-packages/airflow/example_dags/tutorial_objectstorage.py
[2026-05-09T19:08:15.052+0000] {processor.py:830} INFO - Processing file /home/airflow/.local/lib/python3.12/site-packages/airflow/example_dags/tutorial_objectstorage.py for tasks to queue
[2026-05-09T19:08:15.054+0000] {logging_mixin.py:188} INFO - [2026-05-09T19:08:15.054+0000] {dagbag.py:545} INFO - Filling up the DagBag from /home/airflow/.local/lib/python3.12/site-packages/airflow/example_dags/tutorial_objectstorage.py
[2026-05-09T19:08:15.062+0000] {processor.py:840} INFO - DAG(s) 'tutorial_objectstorage' retrieved from /home/airflow/.local/lib/python3.12/site-packages/airflow/example_dags/tutorial_objectstorage.py
[2026-05-09T19:08:15.081+0000] {logging_mixin.py:188} INFO - [2026-05-09T19:08:15.081+0000] {dag.py:3096} INFO - Sync 1 DAGs
[2026-05-09T19:08:15.095+0000] {logging_mixin.py:188} INFO - [2026-05-09T19:08:15.094+0000] {dag.py:3954} INFO - Setting next_dagrun for tutorial_objectstorage to None, run_after=None
[2026-05-09T19:08:15.119+0000] {processor.py:183} INFO - Processing /home/airflow/.local/lib/python3.12/site-packages/airflow/example_dags/tutorial_objectstorage.py took 0.075 seconds
[2026-05-09T19:08:45.327+0000] {processor.py:161} INFO - Started process (PID=2006) to work on /home/airflow/.local/lib/python3.12/site-packages/airflow/example_dags/tutorial_objectstorage.py
[2026-05-09T19:08:45.328+0000] {processor.py:830} INFO - Processing file /home/airflow/.local/lib/python3.12/site-packages/airflow/example_dags/tutorial_objectstorage.py for tasks to queue
[2026-05-09T19:08:45.331+0000] {logging_mixin.py:188} INFO - [2026-05-09T19:08:45.330+0000] {dagbag.py:545} INFO - Filling up the DagBag from /home/airflow/.local/lib/python3.12/site-packages/airflow/example_dags/tutorial_objectstorage.py
[2026-05-09T19:08:45.339+0000] {processor.py:840} INFO - DAG(s) 'tutorial_objectstorage' retrieved from /home/airflow/.local/lib/python3.12/site-packages/airflow/example_dags/tutorial_objectstorage.py
[2026-05-09T19:08:45.360+0000] {logging_mixin.py:188} INFO - [2026-05-09T19:08:45.359+0000] {dag.py:3096} INFO - Sync 1 DAGs
[2026-05-09T19:08:45.372+0000] {logging_mixin.py:188} INFO - [2026-05-09T19:08:45.372+0000] {dag.py:3954} INFO - Setting next_dagrun for tutorial_objectstorage to None, run_after=None
[2026-05-09T19:08:45.395+0000] {processor.py:183} INFO - Processing /home/airflow/.local/lib/python3.12/site-packages/airflow/example_dags/tutorial_objectstorage.py took 0.074 seconds
[2026-05-09T19:09:15.692+0000] {processor.py:161} INFO - Started process (PID=2065) to work on /home/airflow/.local/lib/python3.12/site-packages/airflow/example_dags/tutorial_objectstorage.py
[2026-05-09T19:09:15.693+0000] {processor.py:830} INFO - Processing file /home/airflow/.local/lib/python3.12/site-packages/airflow/example_dags/tutorial_objectstorage.py for tasks to queue
[2026-05-09T19:09:15.696+0000] {logging_mixin.py:188} INFO - [2026-05-09T19:09:15.695+0000] {dagbag.py:545} INFO - Filling up the DagBag from /home/airflow/.local/lib/python3.12/site-packages/airflow/example_dags/tutorial_objectstorage.py
[2026-05-09T19:09:15.703+0000] {processor.py:840} INFO - DAG(s) 'tutorial_objectstorage' retrieved from /home/airflow/.local/lib/python3.12/site-packages/airflow/example_dags/tutorial_objectstorage.py
[2026-05-09T19:09:15.727+0000] {logging_mixin.py:188} INFO - [2026-05-09T19:09:15.726+0000] {dag.py:3096} INFO - Sync 1 DAGs
[2026-05-09T19:09:15.745+0000] {logging_mixin.py:188} INFO - [2026-05-09T19:09:15.744+0000] {dag.py:3954} INFO - Setting next_dagrun for tutorial_objectstorage to None, run_after=None
[2026-05-09T19:09:15.774+0000] {processor.py:183} INFO - Processing /home/airflow/.local/lib/python3.12/site-packages/airflow/example_dags/tutorial_objectstorage.py took 0.087 seconds
[2026-05-09T19:09:45.993+0000] {processor.py:161} INFO - Started process (PID=2124) to work on /home/airflow/.local/lib/python3.12/site-packages/airflow/example_dags/tutorial_objectstorage.py
[2026-05-09T19:09:45.995+0000] {processor.py:830} INFO - Processing file /home/airflow/.local/lib/python3.12/site-packages/airflow/example_dags/tutorial_objectstorage.py for tasks to queue
[2026-05-09T19:09:45.997+0000] {logging_mixin.py:188} INFO - [2026-05-09T19:09:45.997+0000] {dagbag.py:545} INFO - Filling up the DagBag from /home/airflow/.local/lib/python3.12/site-packages/airflow/example_dags/tutorial_objectstorage.py
[2026-05-09T19:09:46.004+0000] {processor.py:840} INFO - DAG(s) 'tutorial_objectstorage' retrieved from /home/airflow/.local/lib/python3.12/site-packages/airflow/example_dags/tutorial_objectstorage.py
[2026-05-09T19:09:46.030+0000] {logging_mixin.py:188} INFO - [2026-05-09T19:09:46.030+0000] {dag.py:3096} INFO - Sync 1 DAGs
[2026-05-09T19:09:46.049+0000] {logging_mixin.py:188} INFO - [2026-05-09T19:09:46.048+0000] {dag.py:3954} INFO - Setting next_dagrun for tutorial_objectstorage to None, run_after=None
[2026-05-09T19:09:46.079+0000] {processor.py:183} INFO - Processing /home/airflow/.local/lib/python3.12/site-packages/airflow/example_dags/tutorial_objectstorage.py took 0.091 seconds
[2026-05-09T19:10:16.696+0000] {processor.py:161} INFO - Started process (PID=2183) to work on /home/airflow/.local/lib/python3.12/site-packages/airflow/example_dags/tutorial_objectstorage.py
[2026-05-09T19:10:16.697+0000] {processor.py:830} INFO - Processing file /home/airflow/.local/lib/python3.12/site-packages/airflow/example_dags/tutorial_objectstorage.py for tasks to queue
[2026-05-09T19:10:16.700+0000] {logging_mixin.py:188} INFO - [2026-05-09T19:10:16.699+0000] {dagbag.py:545} INFO - Filling up the DagBag from /home/airflow/.local/lib/python3.12/site-packages/airflow/example_dags/tutorial_objectstorage.py
[2026-05-09T19:10:16.707+0000] {processor.py:840} INFO - DAG(s) 'tutorial_objectstorage' retrieved from /home/airflow/.local/lib/python3.12/site-packages/airflow/example_dags/tutorial_objectstorage.py
[2026-05-09T19:10:16.732+0000] {logging_mixin.py:188} INFO - [2026-05-09T19:10:16.732+0000] {dag.py:3096} INFO - Sync 1 DAGs
[2026-05-09T19:10:16.747+0000] {logging_mixin.py:188} INFO - [2026-05-09T19:10:16.747+0000] {dag.py:3954} INFO - Setting next_dagrun for tutorial_objectstorage to None, run_after=None
[2026-05-09T19:10:16.784+0000] {processor.py:183} INFO - Processing /home/airflow/.local/lib/python3.12/site-packages/airflow/example_dags/tutorial_objectstorage.py took 0.093 seconds
[2026-05-09T19:10:47.081+0000] {processor.py:161} INFO - Started process (PID=2242) to work on /home/airflow/.local/lib/python3.12/site-packages/airflow/example_dags/tutorial_objectstorage.py
[2026-05-09T19:10:47.082+0000] {processor.py:830} INFO - Processing file /home/airflow/.local/lib/python3.12/site-packages/airflow/example_dags/tutorial_objectstorage.py for tasks to queue
[2026-05-09T19:10:47.085+0000] {logging_mixin.py:188} INFO - [2026-05-09T19:10:47.084+0000] {dagbag.py:545} INFO - Filling up the DagBag from /home/airflow/.local/lib/python3.12/site-packages/airflow/example_dags/tutorial_objectstorage.py
[2026-05-09T19:10:47.093+0000] {processor.py:840} INFO - DAG(s) 'tutorial_objectstorage' retrieved from /home/airflow/.local/lib/python3.12/site-packages/airflow/example_dags/tutorial_objectstorage.py
[2026-05-09T19:10:47.116+0000] {logging_mixin.py:188} INFO - [2026-05-09T19:10:47.116+0000] {dag.py:3096} INFO - Sync 1 DAGs
[2026-05-09T19:10:47.130+0000] {logging_mixin.py:188} INFO - [2026-05-09T19:10:47.130+0000] {dag.py:3954} INFO - Setting next_dagrun for tutorial_objectstorage to None, run_after=None
[2026-05-09T19:10:47.157+0000] {processor.py:183} INFO - Processing /home/airflow/.local/lib/python3.12/site-packages/airflow/example_dags/tutorial_objectstorage.py took 0.081 seconds
[2026-05-09T19:11:17.909+0000] {processor.py:161} INFO - Started process (PID=2301) to work on /home/airflow/.local/lib/python3.12/site-packages/airflow/example_dags/tutorial_objectstorage.py
[2026-05-09T19:11:17.911+0000] {processor.py:830} INFO - Processing file /home/airflow/.local/lib/python3.12/site-packages/airflow/example_dags/tutorial_objectstorage.py for tasks to queue
[2026-05-09T19:11:17.913+0000] {logging_mixin.py:188} INFO - [2026-05-09T19:11:17.913+0000] {dagbag.py:545} INFO - Filling up the DagBag from /home/airflow/.local/lib/python3.12/site-packages/airflow/example_dags/tutorial_objectstorage.py
[2026-05-09T19:11:17.922+0000] {processor.py:840} INFO - DAG(s) 'tutorial_objectstorage' retrieved from /home/airflow/.local/lib/python3.12/site-packages/airflow/example_dags/tutorial_objectstorage.py
[2026-05-09T19:11:17.945+0000] {logging_mixin.py:188} INFO - [2026-05-09T19:11:17.945+0000] {dag.py:3096} INFO - Sync 1 DAGs
[2026-05-09T19:11:17.959+0000] {logging_mixin.py:188} INFO - [2026-05-09T19:11:17.959+0000] {dag.py:3954} INFO - Setting next_dagrun for tutorial_objectstorage to None, run_after=None
[2026-05-09T19:11:17.986+0000] {processor.py:183} INFO - Processing /home/airflow/.local/lib/python3.12/site-packages/airflow/example_dags/tutorial_objectstorage.py took 0.083 seconds
[2026-05-09T19:11:48.361+0000] {processor.py:161} INFO - Started process (PID=2360) to work on /home/airflow/.local/lib/python3.12/site-packages/airflow/example_dags/tutorial_objectstorage.py
[2026-05-09T19:11:48.362+0000] {processor.py:830} INFO - Processing file /home/airflow/.local/lib/python3.12/site-packages/airflow/example_dags/tutorial_objectstorage.py for tasks to queue
[2026-05-09T19:11:48.364+0000] {logging_mixin.py:188} INFO - [2026-05-09T19:11:48.363+0000] {dagbag.py:545} INFO - Filling up the DagBag from /home/airflow/.local/lib/python3.12/site-packages/airflow/example_dags/tutorial_objectstorage.py
[2026-05-09T19:11:48.371+0000] {processor.py:840} INFO - DAG(s) 'tutorial_objectstorage' retrieved from /home/airflow/.local/lib/python3.12/site-packages/airflow/example_dags/tutorial_objectstorage.py
[2026-05-09T19:11:48.392+0000] {logging_mixin.py:188} INFO - [2026-05-09T19:11:48.391+0000] {dag.py:3096} INFO - Sync 1 DAGs
[2026-05-09T19:11:48.404+0000] {logging_mixin.py:188} INFO - [2026-05-09T19:11:48.404+0000] {dag.py:3954} INFO - Setting next_dagrun for tutorial_objectstorage to None, run_after=None
[2026-05-09T19:11:48.427+0000] {processor.py:183} INFO - Processing /home/airflow/.local/lib/python3.12/site-packages/airflow/example_dags/tutorial_objectstorage.py took 0.072 seconds
[2026-05-09T19:12:19.314+0000] {processor.py:161} INFO - Started process (PID=2419) to work on /home/airflow/.local/lib/python3.12/site-packages/airflow/example_dags/tutorial_objectstorage.py
[2026-05-09T19:12:19.315+0000] {processor.py:830} INFO - Processing file /home/airflow/.local/lib/python3.12/site-packages/airflow/example_dags/tutorial_objectstorage.py for tasks to queue
[2026-05-09T19:12:19.317+0000] {logging_mixin.py:188} INFO - [2026-05-09T19:12:19.316+0000] {dagbag.py:545} INFO - Filling up the DagBag from /home/airflow/.local/lib/python3.12/site-packages/airflow/example_dags/tutorial_objectstorage.py
[2026-05-09T19:12:19.323+0000] {processor.py:840} INFO - DAG(s) 'tutorial_objectstorage' retrieved from /home/airflow/.local/lib/python3.12/site-packages/airflow/example_dags/tutorial_objectstorage.py
[2026-05-09T19:12:19.343+0000] {logging_mixin.py:188} INFO - [2026-05-09T19:12:19.342+0000] {dag.py:3096} INFO - Sync 1 DAGs
[2026-05-09T19:12:19.354+0000] {logging_mixin.py:188} INFO - [2026-05-09T19:12:19.354+0000] {dag.py:3954} INFO - Setting next_dagrun for tutorial_objectstorage to None, run_after=None
[2026-05-09T19:12:19.377+0000] {processor.py:183} INFO - Processing /home/airflow/.local/lib/python3.12/site-packages/airflow/example_dags/tutorial_objectstorage.py took 0.069 seconds
[2026-05-09T19:12:49.927+0000] {processor.py:161} INFO - Started process (PID=2478) to work on /home/airflow/.local/lib/python3.12/site-packages/airflow/example_dags/tutorial_objectstorage.py
[2026-05-09T19:12:49.929+0000] {processor.py:830} INFO - Processing file /home/airflow/.local/lib/python3.12/site-packages/airflow/example_dags/tutorial_objectstorage.py for tasks to queue
[2026-05-09T19:12:49.931+0000] {logging_mixin.py:188} INFO - [2026-05-09T19:12:49.930+0000] {dagbag.py:545} INFO - Filling up the DagBag from /home/airflow/.local/lib/python3.12/site-packages/airflow/example_dags/tutorial_objectstorage.py
[2026-05-09T19:12:49.938+0000] {processor.py:840} INFO - DAG(s) 'tutorial_objectstorage' retrieved from /home/airflow/.local/lib/python3.12/site-packages/airflow/example_dags/tutorial_objectstorage.py
[2026-05-09T19:12:49.967+0000] {logging_mixin.py:188} INFO - [2026-05-09T19:12:49.966+0000] {dag.py:3096} INFO - Sync 1 DAGs
[2026-05-09T19:12:49.979+0000] {logging_mixin.py:188} INFO - [2026-05-09T19:12:49.979+0000] {dag.py:3954} INFO - Setting next_dagrun for tutorial_objectstorage to None, run_after=None
[2026-05-09T19:12:50.001+0000] {processor.py:183} INFO - Processing /home/airflow/.local/lib/python3.12/site-packages/airflow/example_dags/tutorial_objectstorage.py took 0.081 seconds
[2026-05-09T19:13:20.088+0000] {processor.py:161} INFO - Started process (PID=2537) to work on /home/airflow/.local/lib/python3.12/site-packages/airflow/example_dags/tutorial_objectstorage.py
[2026-05-09T19:13:20.089+0000] {processor.py:830} INFO - Processing file /home/airflow/.local/lib/python3.12/site-packages/airflow/example_dags/tutorial_objectstorage.py for tasks to queue
[2026-05-09T19:13:20.091+0000] {logging_mixin.py:188} INFO - [2026-05-09T19:13:20.091+0000] {dagbag.py:545} INFO - Filling up the DagBag from /home/airflow/.local/lib/python3.12/site-packages/airflow/example_dags/tutorial_objectstorage.py
[2026-05-09T19:13:20.099+0000] {processor.py:840} INFO - DAG(s) 'tutorial_objectstorage' retrieved from /home/airflow/.local/lib/python3.12/site-packages/airflow/example_dags/tutorial_objectstorage.py
[2026-05-09T19:13:20.121+0000] {logging_mixin.py:188} INFO - [2026-05-09T19:13:20.120+0000] {dag.py:3096} INFO - Sync 1 DAGs
[2026-05-09T19:13:20.135+0000] {logging_mixin.py:188} INFO - [2026-05-09T19:13:20.135+0000] {dag.py:3954} INFO - Setting next_dagrun for tutorial_objectstorage to None, run_after=None
[2026-05-09T19:13:20.161+0000] {processor.py:183} INFO - Processing /home/airflow/.local/lib/python3.12/site-packages/airflow/example_dags/tutorial_objectstorage.py took 0.079 seconds
[2026-05-09T19:13:50.793+0000] {processor.py:161} INFO - Started process (PID=2596) to work on /home/airflow/.local/lib/python3.12/site-packages/airflow/example_dags/tutorial_objectstorage.py
[2026-05-09T19:13:50.794+0000] {processor.py:830} INFO - Processing file /home/airflow/.local/lib/python3.12/site-packages/airflow/example_dags/tutorial_objectstorage.py for tasks to queue
[2026-05-09T19:13:50.796+0000] {logging_mixin.py:188} INFO - [2026-05-09T19:13:50.796+0000] {dagbag.py:545} INFO - Filling up the DagBag from /home/airflow/.local/lib/python3.12/site-packages/airflow/example_dags/tutorial_objectstorage.py
[2026-05-09T19:13:50.803+0000] {processor.py:840} INFO - DAG(s) 'tutorial_objectstorage' retrieved from /home/airflow/.local/lib/python3.12/site-packages/airflow/example_dags/tutorial_objectstorage.py
[2026-05-09T19:13:50.823+0000] {logging_mixin.py:188} INFO - [2026-05-09T19:13:50.823+0000] {dag.py:3096} INFO - Sync 1 DAGs
[2026-05-09T19:13:50.836+0000] {logging_mixin.py:188} INFO - [2026-05-09T19:13:50.836+0000] {dag.py:3954} INFO - Setting next_dagrun for tutorial_objectstorage to None, run_after=None
[2026-05-09T19:13:50.858+0000] {processor.py:183} INFO - Processing /home/airflow/.local/lib/python3.12/site-packages/airflow/example_dags/tutorial_objectstorage.py took 0.070 seconds
[2026-05-09T19:14:21.510+0000] {processor.py:161} INFO - Started process (PID=2655) to work on /home/airflow/.local/lib/python3.12/site-packages/airflow/example_dags/tutorial_objectstorage.py
[2026-05-09T19:14:21.511+0000] {processor.py:830} INFO - Processing file /home/airflow/.local/lib/python3.12/site-packages/airflow/example_dags/tutorial_objectstorage.py for tasks to queue
[2026-05-09T19:14:21.513+0000] {logging_mixin.py:188} INFO - [2026-05-09T19:14:21.513+0000] {dagbag.py:545} INFO - Filling up the DagBag from /home/airflow/.local/lib/python3.12/site-packages/airflow/example_dags/tutorial_objectstorage.py
[2026-05-09T19:14:21.520+0000] {processor.py:840} INFO - DAG(s) 'tutorial_objectstorage' retrieved from /home/airflow/.local/lib/python3.12/site-packages/airflow/example_dags/tutorial_objectstorage.py
[2026-05-09T19:14:21.540+0000] {logging_mixin.py:188} INFO - [2026-05-09T19:14:21.540+0000] {dag.py:3096} INFO - Sync 1 DAGs
[2026-05-09T19:14:21.553+0000] {logging_mixin.py:188} INFO - [2026-05-09T19:14:21.552+0000] {dag.py:3954} INFO - Setting next_dagrun for tutorial_objectstorage to None, run_after=None
[2026-05-09T19:14:21.576+0000] {processor.py:183} INFO - Processing /home/airflow/.local/lib/python3.12/site-packages/airflow/example_dags/tutorial_objectstorage.py took 0.071 seconds
[2026-05-09T19:14:52.008+0000] {processor.py:161} INFO - Started process (PID=2714) to work on /home/airflow/.local/lib/python3.12/site-packages/airflow/example_dags/tutorial_objectstorage.py
[2026-05-09T19:14:52.009+0000] {processor.py:830} INFO - Processing file /home/airflow/.local/lib/python3.12/site-packages/airflow/example_dags/tutorial_objectstorage.py for tasks to queue
[2026-05-09T19:14:52.011+0000] {logging_mixin.py:188} INFO - [2026-05-09T19:14:52.011+0000] {dagbag.py:545} INFO - Filling up the DagBag from /home/airflow/.local/lib/python3.12/site-packages/airflow/example_dags/tutorial_objectstorage.py
[2026-05-09T19:14:52.018+0000] {processor.py:840} INFO - DAG(s) 'tutorial_objectstorage' retrieved from /home/airflow/.local/lib/python3.12/site-packages/airflow/example_dags/tutorial_objectstorage.py
[2026-05-09T19:14:52.039+0000] {logging_mixin.py:188} INFO - [2026-05-09T19:14:52.038+0000] {dag.py:3096} INFO - Sync 1 DAGs
[2026-05-09T19:14:52.050+0000] {logging_mixin.py:188} INFO - [2026-05-09T19:14:52.050+0000] {dag.py:3954} INFO - Setting next_dagrun for tutorial_objectstorage to None, run_after=None
[2026-05-09T19:14:52.073+0000] {processor.py:183} INFO - Processing /home/airflow/.local/lib/python3.12/site-packages/airflow/example_dags/tutorial_objectstorage.py took 0.070 seconds
[2026-05-09T19:15:22.960+0000] {processor.py:161} INFO - Started process (PID=2773) to work on /home/airflow/.local/lib/python3.12/site-packages/airflow/example_dags/tutorial_objectstorage.py
[2026-05-09T19:15:22.961+0000] {processor.py:830} INFO - Processing file /home/airflow/.local/lib/python3.12/site-packages/airflow/example_dags/tutorial_objectstorage.py for tasks to queue
[2026-05-09T19:15:22.963+0000] {logging_mixin.py:188} INFO - [2026-05-09T19:15:22.963+0000] {dagbag.py:545} INFO - Filling up the DagBag from /home/airflow/.local/lib/python3.12/site-packages/airflow/example_dags/tutorial_objectstorage.py
[2026-05-09T19:15:22.970+0000] {processor.py:840} INFO - DAG(s) 'tutorial_objectstorage' retrieved from /home/airflow/.local/lib/python3.12/site-packages/airflow/example_dags/tutorial_objectstorage.py
[2026-05-09T19:15:22.989+0000] {logging_mixin.py:188} INFO - [2026-05-09T19:15:22.989+0000] {dag.py:3096} INFO - Sync 1 DAGs
[2026-05-09T19:15:23.001+0000] {logging_mixin.py:188} INFO - [2026-05-09T19:15:23.001+0000] {dag.py:3954} INFO - Setting next_dagrun for tutorial_objectstorage to None, run_after=None
[2026-05-09T19:15:23.025+0000] {processor.py:183} INFO - Processing /home/airflow/.local/lib/python3.12/site-packages/airflow/example_dags/tutorial_objectstorage.py took 0.069 seconds
[2026-05-09T19:15:53.370+0000] {processor.py:161} INFO - Started process (PID=2832) to work on /home/airflow/.local/lib/python3.12/site-packages/airflow/example_dags/tutorial_objectstorage.py
[2026-05-09T19:15:53.372+0000] {processor.py:830} INFO - Processing file /home/airflow/.local/lib/python3.12/site-packages/airflow/example_dags/tutorial_objectstorage.py for tasks to queue
[2026-05-09T19:15:53.374+0000] {logging_mixin.py:188} INFO - [2026-05-09T19:15:53.373+0000] {dagbag.py:545} INFO - Filling up the DagBag from /home/airflow/.local/lib/python3.12/site-packages/airflow/example_dags/tutorial_objectstorage.py
[2026-05-09T19:15:53.380+0000] {processor.py:840} INFO - DAG(s) 'tutorial_objectstorage' retrieved from /home/airflow/.local/lib/python3.12/site-packages/airflow/example_dags/tutorial_objectstorage.py
[2026-05-09T19:15:53.404+0000] {logging_mixin.py:188} INFO - [2026-05-09T19:15:53.404+0000] {dag.py:3096} INFO - Sync 1 DAGs
[2026-05-09T19:15:53.420+0000] {logging_mixin.py:188} INFO - [2026-05-09T19:15:53.420+0000] {dag.py:3954} INFO - Setting next_dagrun for tutorial_objectstorage to None, run_after=None
[2026-05-09T19:15:53.447+0000] {processor.py:183} INFO - Processing /home/airflow/.local/lib/python3.12/site-packages/airflow/example_dags/tutorial_objectstorage.py took 0.081 seconds
[2026-05-09T19:16:23.513+0000] {processor.py:161} INFO - Started process (PID=2891) to work on /home/airflow/.local/lib/python3.12/site-packages/airflow/example_dags/tutorial_objectstorage.py
[2026-05-09T19:16:23.514+0000] {processor.py:830} INFO - Processing file /home/airflow/.local/lib/python3.12/site-packages/airflow/example_dags/tutorial_objectstorage.py for tasks to queue
[2026-05-09T19:16:23.517+0000] {logging_mixin.py:188} INFO - [2026-05-09T19:16:23.516+0000] {dagbag.py:545} INFO - Filling up the DagBag from /home/airflow/.local/lib/python3.12/site-packages/airflow/example_dags/tutorial_objectstorage.py
[2026-05-09T19:16:23.523+0000] {processor.py:840} INFO - DAG(s) 'tutorial_objectstorage' retrieved from /home/airflow/.local/lib/python3.12/site-packages/airflow/example_dags/tutorial_objectstorage.py
[2026-05-09T19:16:23.542+0000] {logging_mixin.py:188} INFO - [2026-05-09T19:16:23.542+0000] {dag.py:3096} INFO - Sync 1 DAGs
[2026-05-09T19:16:23.554+0000] {logging_mixin.py:188} INFO - [2026-05-09T19:16:23.554+0000] {dag.py:3954} INFO - Setting next_dagrun for tutorial_objectstorage to None, run_after=None
[2026-05-09T19:16:23.576+0000] {processor.py:183} INFO - Processing /home/airflow/.local/lib/python3.12/site-packages/airflow/example_dags/tutorial_objectstorage.py took 0.068 seconds
[2026-05-09T19:16:54.298+0000] {processor.py:161} INFO - Started process (PID=2950) to work on /home/airflow/.local/lib/python3.12/site-packages/airflow/example_dags/tutorial_objectstorage.py
[2026-05-09T19:16:54.299+0000] {processor.py:830} INFO - Processing file /home/airflow/.local/lib/python3.12/site-packages/airflow/example_dags/tutorial_objectstorage.py for tasks to queue
[2026-05-09T19:16:54.301+0000] {logging_mixin.py:188} INFO - [2026-05-09T19:16:54.301+0000] {dagbag.py:545} INFO - Filling up the DagBag from /home/airflow/.local/lib/python3.12/site-packages/airflow/example_dags/tutorial_objectstorage.py
[2026-05-09T19:16:54.308+0000] {processor.py:840} INFO - DAG(s) 'tutorial_objectstorage' retrieved from /home/airflow/.local/lib/python3.12/site-packages/airflow/example_dags/tutorial_objectstorage.py
[2026-05-09T19:16:54.327+0000] {logging_mixin.py:188} INFO - [2026-05-09T19:16:54.327+0000] {dag.py:3096} INFO - Sync 1 DAGs
[2026-05-09T19:16:54.340+0000] {logging_mixin.py:188} INFO - [2026-05-09T19:16:54.340+0000] {dag.py:3954} INFO - Setting next_dagrun for tutorial_objectstorage to None, run_after=None
[2026-05-09T19:16:54.363+0000] {processor.py:183} INFO - Processing /home/airflow/.local/lib/python3.12/site-packages/airflow/example_dags/tutorial_objectstorage.py took 0.071 seconds
[2026-05-09T19:17:24.915+0000] {processor.py:161} INFO - Started process (PID=3009) to work on /home/airflow/.local/lib/python3.12/site-packages/airflow/example_dags/tutorial_objectstorage.py
[2026-05-09T19:17:24.917+0000] {processor.py:830} INFO - Processing file /home/airflow/.local/lib/python3.12/site-packages/airflow/example_dags/tutorial_objectstorage.py for tasks to queue
[2026-05-09T19:17:24.919+0000] {logging_mixin.py:188} INFO - [2026-05-09T19:17:24.918+0000] {dagbag.py:545} INFO - Filling up the DagBag from /home/airflow/.local/lib/python3.12/site-packages/airflow/example_dags/tutorial_objectstorage.py
[2026-05-09T19:17:24.926+0000] {processor.py:840} INFO - DAG(s) 'tutorial_objectstorage' retrieved from /home/airflow/.local/lib/python3.12/site-packages/airflow/example_dags/tutorial_objectstorage.py
[2026-05-09T19:17:24.946+0000] {logging_mixin.py:188} INFO - [2026-05-09T19:17:24.946+0000] {dag.py:3096} INFO - Sync 1 DAGs
[2026-05-09T19:17:24.960+0000] {logging_mixin.py:188} INFO - [2026-05-09T19:17:24.960+0000] {dag.py:3954} INFO - Setting next_dagrun for tutorial_objectstorage to None, run_after=None
[2026-05-09T19:17:24.983+0000] {processor.py:183} INFO - Processing /home/airflow/.local/lib/python3.12/site-packages/airflow/example_dags/tutorial_objectstorage.py took 0.074 seconds
[2026-05-09T19:17:55.501+0000] {processor.py:161} INFO - Started process (PID=3068) to work on /home/airflow/.local/lib/python3.12/site-packages/airflow/example_dags/tutorial_objectstorage.py
[2026-05-09T19:17:55.502+0000] {processor.py:830} INFO - Processing file /home/airflow/.local/lib/python3.12/site-packages/airflow/example_dags/tutorial_objectstorage.py for tasks to queue
[2026-05-09T19:17:55.504+0000] {logging_mixin.py:188} INFO - [2026-05-09T19:17:55.504+0000] {dagbag.py:545} INFO - Filling up the DagBag from /home/airflow/.local/lib/python3.12/site-packages/airflow/example_dags/tutorial_objectstorage.py
[2026-05-09T19:17:55.512+0000] {processor.py:840} INFO - DAG(s) 'tutorial_objectstorage' retrieved from /home/airflow/.local/lib/python3.12/site-packages/airflow/example_dags/tutorial_objectstorage.py
[2026-05-09T19:17:55.530+0000] {logging_mixin.py:188} INFO - [2026-05-09T19:17:55.530+0000] {dag.py:3096} INFO - Sync 1 DAGs
[2026-05-09T19:17:55.542+0000] {logging_mixin.py:188} INFO - [2026-05-09T19:17:55.541+0000] {dag.py:3954} INFO - Setting next_dagrun for tutorial_objectstorage to None, run_after=None
[2026-05-09T19:17:55.566+0000] {processor.py:183} INFO - Processing /home/airflow/.local/lib/python3.12/site-packages/airflow/example_dags/tutorial_objectstorage.py took 0.071 seconds
[2026-05-09T19:18:25.770+0000] {processor.py:161} INFO - Started process (PID=3127) to work on /home/airflow/.local/lib/python3.12/site-packages/airflow/example_dags/tutorial_objectstorage.py
[2026-05-09T19:18:25.771+0000] {processor.py:830} INFO - Processing file /home/airflow/.local/lib/python3.12/site-packages/airflow/example_dags/tutorial_objectstorage.py for tasks to queue
[2026-05-09T19:18:25.773+0000] {logging_mixin.py:188} INFO - [2026-05-09T19:18:25.773+0000] {dagbag.py:545} INFO - Filling up the DagBag from /home/airflow/.local/lib/python3.12/site-packages/airflow/example_dags/tutorial_objectstorage.py
[2026-05-09T19:18:25.780+0000] {processor.py:840} INFO - DAG(s) 'tutorial_objectstorage' retrieved from /home/airflow/.local/lib/python3.12/site-packages/airflow/example_dags/tutorial_objectstorage.py
[2026-05-09T19:18:25.799+0000] {logging_mixin.py:188} INFO - [2026-05-09T19:18:25.799+0000] {dag.py:3096} INFO - Sync 1 DAGs
[2026-05-09T19:18:25.812+0000] {logging_mixin.py:188} INFO - [2026-05-09T19:18:25.812+0000] {dag.py:3954} INFO - Setting next_dagrun for tutorial_objectstorage to None, run_after=None
[2026-05-09T19:18:25.834+0000] {processor.py:183} INFO - Processing /home/airflow/.local/lib/python3.12/site-packages/airflow/example_dags/tutorial_objectstorage.py took 0.069 seconds
[2026-05-09T19:18:56.651+0000] {processor.py:161} INFO - Started process (PID=3186) to work on /home/airflow/.local/lib/python3.12/site-packages/airflow/example_dags/tutorial_objectstorage.py
[2026-05-09T19:18:56.652+0000] {processor.py:830} INFO - Processing file /home/airflow/.local/lib/python3.12/site-packages/airflow/example_dags/tutorial_objectstorage.py for tasks to queue
[2026-05-09T19:18:56.655+0000] {logging_mixin.py:188} INFO - [2026-05-09T19:18:56.654+0000] {dagbag.py:545} INFO - Filling up the DagBag from /home/airflow/.local/lib/python3.12/site-packages/airflow/example_dags/tutorial_objectstorage.py
[2026-05-09T19:18:56.662+0000] {processor.py:840} INFO - DAG(s) 'tutorial_objectstorage' retrieved from /home/airflow/.local/lib/python3.12/site-packages/airflow/example_dags/tutorial_objectstorage.py
[2026-05-09T19:18:56.679+0000] {logging_mixin.py:188} INFO - [2026-05-09T19:18:56.679+0000] {dag.py:3096} INFO - Sync 1 DAGs
[2026-05-09T19:18:56.692+0000] {logging_mixin.py:188} INFO - [2026-05-09T19:18:56.692+0000] {dag.py:3954} INFO - Setting next_dagrun for tutorial_objectstorage to None, run_after=None
[2026-05-09T19:18:56.716+0000] {processor.py:183} INFO - Processing /home/airflow/.local/lib/python3.12/site-packages/airflow/example_dags/tutorial_objectstorage.py took 0.069 seconds
[2026-05-09T19:19:28.121+0000] {processor.py:161} INFO - Started process (PID=3245) to work on /home/airflow/.local/lib/python3.12/site-packages/airflow/example_dags/tutorial_objectstorage.py
[2026-05-09T19:19:28.123+0000] {processor.py:830} INFO - Processing file /home/airflow/.local/lib/python3.12/site-packages/airflow/example_dags/tutorial_objectstorage.py for tasks to queue
[2026-05-09T19:19:28.125+0000] {logging_mixin.py:188} INFO - [2026-05-09T19:19:28.125+0000] {dagbag.py:545} INFO - Filling up the DagBag from /home/airflow/.local/lib/python3.12/site-packages/airflow/example_dags/tutorial_objectstorage.py
[2026-05-09T19:19:28.132+0000] {processor.py:840} INFO - DAG(s) 'tutorial_objectstorage' retrieved from /home/airflow/.local/lib/python3.12/site-packages/airflow/example_dags/tutorial_objectstorage.py
[2026-05-09T19:19:28.151+0000] {logging_mixin.py:188} INFO - [2026-05-09T19:19:28.151+0000] {dag.py:3096} INFO - Sync 1 DAGs
[2026-05-09T19:19:28.163+0000] {logging_mixin.py:188} INFO - [2026-05-09T19:19:28.163+0000] {dag.py:3954} INFO - Setting next_dagrun for tutorial_objectstorage to None, run_after=None
[2026-05-09T19:19:28.188+0000] {processor.py:183} INFO - Processing /home/airflow/.local/lib/python3.12/site-packages/airflow/example_dags/tutorial_objectstorage.py took 0.072 seconds
[2026-05-09T19:19:58.668+0000] {processor.py:161} INFO - Started process (PID=3304) to work on /home/airflow/.local/lib/python3.12/site-packages/airflow/example_dags/tutorial_objectstorage.py
[2026-05-09T19:19:58.669+0000] {processor.py:830} INFO - Processing file /home/airflow/.local/lib/python3.12/site-packages/airflow/example_dags/tutorial_objectstorage.py for tasks to queue
[2026-05-09T19:19:58.672+0000] {logging_mixin.py:188} INFO - [2026-05-09T19:19:58.672+0000] {dagbag.py:545} INFO - Filling up the DagBag from /home/airflow/.local/lib/python3.12/site-packages/airflow/example_dags/tutorial_objectstorage.py
[2026-05-09T19:19:58.679+0000] {processor.py:840} INFO - DAG(s) 'tutorial_objectstorage' retrieved from /home/airflow/.local/lib/python3.12/site-packages/airflow/example_dags/tutorial_objectstorage.py
[2026-05-09T19:19:58.699+0000] {logging_mixin.py:188} INFO - [2026-05-09T19:19:58.699+0000] {dag.py:3096} INFO - Sync 1 DAGs
[2026-05-09T19:19:58.712+0000] {logging_mixin.py:188} INFO - [2026-05-09T19:19:58.711+0000] {dag.py:3954} INFO - Setting next_dagrun for tutorial_objectstorage to None, run_after=None
[2026-05-09T19:19:58.736+0000] {processor.py:183} INFO - Processing /home/airflow/.local/lib/python3.12/site-packages/airflow/example_dags/tutorial_objectstorage.py took 0.073 seconds
[2026-05-09T19:20:29.811+0000] {processor.py:161} INFO - Started process (PID=3363) to work on /home/airflow/.local/lib/python3.12/site-packages/airflow/example_dags/tutorial_objectstorage.py
[2026-05-09T19:20:29.812+0000] {processor.py:830} INFO - Processing file /home/airflow/.local/lib/python3.12/site-packages/airflow/example_dags/tutorial_objectstorage.py for tasks to queue
[2026-05-09T19:20:29.814+0000] {logging_mixin.py:188} INFO - [2026-05-09T19:20:29.813+0000] {dagbag.py:545} INFO - Filling up the DagBag from /home/airflow/.local/lib/python3.12/site-packages/airflow/example_dags/tutorial_objectstorage.py
[2026-05-09T19:20:29.821+0000] {processor.py:840} INFO - DAG(s) 'tutorial_objectstorage' retrieved from /home/airflow/.local/lib/python3.12/site-packages/airflow/example_dags/tutorial_objectstorage.py
[2026-05-09T19:20:29.841+0000] {logging_mixin.py:188} INFO - [2026-05-09T19:20:29.841+0000] {dag.py:3096} INFO - Sync 1 DAGs
[2026-05-09T19:20:29.854+0000] {logging_mixin.py:188} INFO - [2026-05-09T19:20:29.853+0000] {dag.py:3954} INFO - Setting next_dagrun for tutorial_objectstorage to None, run_after=None
[2026-05-09T19:20:29.876+0000] {processor.py:183} INFO - Processing /home/airflow/.local/lib/python3.12/site-packages/airflow/example_dags/tutorial_objectstorage.py took 0.070 seconds
[2026-05-09T19:21:00.242+0000] {processor.py:161} INFO - Started process (PID=3422) to work on /home/airflow/.local/lib/python3.12/site-packages/airflow/example_dags/tutorial_objectstorage.py
[2026-05-09T19:21:00.244+0000] {processor.py:830} INFO - Processing file /home/airflow/.local/lib/python3.12/site-packages/airflow/example_dags/tutorial_objectstorage.py for tasks to queue
[2026-05-09T19:21:00.246+0000] {logging_mixin.py:188} INFO - [2026-05-09T19:21:00.245+0000] {dagbag.py:545} INFO - Filling up the DagBag from /home/airflow/.local/lib/python3.12/site-packages/airflow/example_dags/tutorial_objectstorage.py
[2026-05-09T19:21:00.252+0000] {processor.py:840} INFO - DAG(s) 'tutorial_objectstorage' retrieved from /home/airflow/.local/lib/python3.12/site-packages/airflow/example_dags/tutorial_objectstorage.py
[2026-05-09T19:21:00.272+0000] {logging_mixin.py:188} INFO - [2026-05-09T19:21:00.271+0000] {dag.py:3096} INFO - Sync 1 DAGs
[2026-05-09T19:21:00.284+0000] {logging_mixin.py:188} INFO - [2026-05-09T19:21:00.284+0000] {dag.py:3954} INFO - Setting next_dagrun for tutorial_objectstorage to None, run_after=None
[2026-05-09T19:21:00.309+0000] {processor.py:183} INFO - Processing /home/airflow/.local/lib/python3.12/site-packages/airflow/example_dags/tutorial_objectstorage.py took 0.072 seconds
[2026-05-09T19:21:31.446+0000] {processor.py:161} INFO - Started process (PID=3481) to work on /home/airflow/.local/lib/python3.12/site-packages/airflow/example_dags/tutorial_objectstorage.py
[2026-05-09T19:21:31.447+0000] {processor.py:830} INFO - Processing file /home/airflow/.local/lib/python3.12/site-packages/airflow/example_dags/tutorial_objectstorage.py for tasks to queue
[2026-05-09T19:21:31.450+0000] {logging_mixin.py:188} INFO - [2026-05-09T19:21:31.449+0000] {dagbag.py:545} INFO - Filling up the DagBag from /home/airflow/.local/lib/python3.12/site-packages/airflow/example_dags/tutorial_objectstorage.py
[2026-05-09T19:21:31.456+0000] {processor.py:840} INFO - DAG(s) 'tutorial_objectstorage' retrieved from /home/airflow/.local/lib/python3.12/site-packages/airflow/example_dags/tutorial_objectstorage.py
[2026-05-09T19:21:31.475+0000] {logging_mixin.py:188} INFO - [2026-05-09T19:21:31.475+0000] {dag.py:3096} INFO - Sync 1 DAGs
[2026-05-09T19:21:31.490+0000] {logging_mixin.py:188} INFO - [2026-05-09T19:21:31.489+0000] {dag.py:3954} INFO - Setting next_dagrun for tutorial_objectstorage to None, run_after=None
[2026-05-09T19:21:31.516+0000] {processor.py:183} INFO - Processing /home/airflow/.local/lib/python3.12/site-packages/airflow/example_dags/tutorial_objectstorage.py took 0.075 seconds
[2026-05-09T19:22:02.079+0000] {processor.py:161} INFO - Started process (PID=3540) to work on /home/airflow/.local/lib/python3.12/site-packages/airflow/example_dags/tutorial_objectstorage.py
[2026-05-09T19:22:02.080+0000] {processor.py:830} INFO - Processing file /home/airflow/.local/lib/python3.12/site-packages/airflow/example_dags/tutorial_objectstorage.py for tasks to queue
[2026-05-09T19:22:02.083+0000] {logging_mixin.py:188} INFO - [2026-05-09T19:22:02.082+0000] {dagbag.py:545} INFO - Filling up the DagBag from /home/airflow/.local/lib/python3.12/site-packages/airflow/example_dags/tutorial_objectstorage.py
[2026-05-09T19:22:02.090+0000] {processor.py:840} INFO - DAG(s) 'tutorial_objectstorage' retrieved from /home/airflow/.local/lib/python3.12/site-packages/airflow/example_dags/tutorial_objectstorage.py
[2026-05-09T19:22:02.115+0000] {logging_mixin.py:188} INFO - [2026-05-09T19:22:02.115+0000] {dag.py:3096} INFO - Sync 1 DAGs
[2026-05-09T19:22:02.130+0000] {logging_mixin.py:188} INFO - [2026-05-09T19:22:02.129+0000] {dag.py:3954} INFO - Setting next_dagrun for tutorial_objectstorage to None, run_after=None
[2026-05-09T19:22:02.158+0000] {processor.py:183} INFO - Processing /home/airflow/.local/lib/python3.12/site-packages/airflow/example_dags/tutorial_objectstorage.py took 0.085 seconds
[2026-05-09T19:22:33.210+0000] {processor.py:161} INFO - Started process (PID=3599) to work on /home/airflow/.local/lib/python3.12/site-packages/airflow/example_dags/tutorial_objectstorage.py
[2026-05-09T19:22:33.211+0000] {processor.py:830} INFO - Processing file /home/airflow/.local/lib/python3.12/site-packages/airflow/example_dags/tutorial_objectstorage.py for tasks to queue
[2026-05-09T19:22:33.213+0000] {logging_mixin.py:188} INFO - [2026-05-09T19:22:33.213+0000] {dagbag.py:545} INFO - Filling up the DagBag from /home/airflow/.local/lib/python3.12/site-packages/airflow/example_dags/tutorial_objectstorage.py
[2026-05-09T19:22:33.220+0000] {processor.py:840} INFO - DAG(s) 'tutorial_objectstorage' retrieved from /home/airflow/.local/lib/python3.12/site-packages/airflow/example_dags/tutorial_objectstorage.py
[2026-05-09T19:22:33.240+0000] {logging_mixin.py:188} INFO - [2026-05-09T19:22:33.239+0000] {dag.py:3096} INFO - Sync 1 DAGs
[2026-05-09T19:22:33.255+0000] {logging_mixin.py:188} INFO - [2026-05-09T19:22:33.254+0000] {dag.py:3954} INFO - Setting next_dagrun for tutorial_objectstorage to None, run_after=None
[2026-05-09T19:22:33.280+0000] {processor.py:183} INFO - Processing /home/airflow/.local/lib/python3.12/site-packages/airflow/example_dags/tutorial_objectstorage.py took 0.075 seconds
[2026-05-09T19:23:03.698+0000] {processor.py:161} INFO - Started process (PID=3658) to work on /home/airflow/.local/lib/python3.12/site-packages/airflow/example_dags/tutorial_objectstorage.py
[2026-05-09T19:23:03.699+0000] {processor.py:830} INFO - Processing file /home/airflow/.local/lib/python3.12/site-packages/airflow/example_dags/tutorial_objectstorage.py for tasks to queue
[2026-05-09T19:23:03.702+0000] {logging_mixin.py:188} INFO - [2026-05-09T19:23:03.701+0000] {dagbag.py:545} INFO - Filling up the DagBag from /home/airflow/.local/lib/python3.12/site-packages/airflow/example_dags/tutorial_objectstorage.py
[2026-05-09T19:23:03.709+0000] {processor.py:840} INFO - DAG(s) 'tutorial_objectstorage' retrieved from /home/airflow/.local/lib/python3.12/site-packages/airflow/example_dags/tutorial_objectstorage.py
[2026-05-09T19:23:03.730+0000] {logging_mixin.py:188} INFO - [2026-05-09T19:23:03.730+0000] {dag.py:3096} INFO - Sync 1 DAGs
[2026-05-09T19:23:03.742+0000] {logging_mixin.py:188} INFO - [2026-05-09T19:23:03.742+0000] {dag.py:3954} INFO - Setting next_dagrun for tutorial_objectstorage to None, run_after=None
[2026-05-09T19:23:03.768+0000] {processor.py:183} INFO - Processing /home/airflow/.local/lib/python3.12/site-packages/airflow/example_dags/tutorial_objectstorage.py took 0.075 seconds
[2026-05-09T19:23:34.020+0000] {processor.py:161} INFO - Started process (PID=3717) to work on /home/airflow/.local/lib/python3.12/site-packages/airflow/example_dags/tutorial_objectstorage.py
[2026-05-09T19:23:34.021+0000] {processor.py:830} INFO - Processing file /home/airflow/.local/lib/python3.12/site-packages/airflow/example_dags/tutorial_objectstorage.py for tasks to queue
[2026-05-09T19:23:34.024+0000] {logging_mixin.py:188} INFO - [2026-05-09T19:23:34.023+0000] {dagbag.py:545} INFO - Filling up the DagBag from /home/airflow/.local/lib/python3.12/site-packages/airflow/example_dags/tutorial_objectstorage.py
[2026-05-09T19:23:34.032+0000] {processor.py:840} INFO - DAG(s) 'tutorial_objectstorage' retrieved from /home/airflow/.local/lib/python3.12/site-packages/airflow/example_dags/tutorial_objectstorage.py
[2026-05-09T19:23:34.056+0000] {logging_mixin.py:188} INFO - [2026-05-09T19:23:34.055+0000] {dag.py:3096} INFO - Sync 1 DAGs
[2026-05-09T19:23:34.070+0000] {logging_mixin.py:188} INFO - [2026-05-09T19:23:34.070+0000] {dag.py:3954} INFO - Setting next_dagrun for tutorial_objectstorage to None, run_after=None
[2026-05-09T19:23:34.099+0000] {processor.py:183} INFO - Processing /home/airflow/.local/lib/python3.12/site-packages/airflow/example_dags/tutorial_objectstorage.py took 0.085 seconds
[2026-05-09T19:24:05.497+0000] {processor.py:161} INFO - Started process (PID=3776) to work on /home/airflow/.local/lib/python3.12/site-packages/airflow/example_dags/tutorial_objectstorage.py
[2026-05-09T19:24:05.499+0000] {processor.py:830} INFO - Processing file /home/airflow/.local/lib/python3.12/site-packages/airflow/example_dags/tutorial_objectstorage.py for tasks to queue
[2026-05-09T19:24:05.501+0000] {logging_mixin.py:188} INFO - [2026-05-09T19:24:05.500+0000] {dagbag.py:545} INFO - Filling up the DagBag from /home/airflow/.local/lib/python3.12/site-packages/airflow/example_dags/tutorial_objectstorage.py
[2026-05-09T19:24:05.509+0000] {processor.py:840} INFO - DAG(s) 'tutorial_objectstorage' retrieved from /home/airflow/.local/lib/python3.12/site-packages/airflow/example_dags/tutorial_objectstorage.py
[2026-05-09T19:24:05.531+0000] {logging_mixin.py:188} INFO - [2026-05-09T19:24:05.530+0000] {dag.py:3096} INFO - Sync 1 DAGs
[2026-05-09T19:24:05.546+0000] {logging_mixin.py:188} INFO - [2026-05-09T19:24:05.545+0000] {dag.py:3954} INFO - Setting next_dagrun for tutorial_objectstorage to None, run_after=None
[2026-05-09T19:24:05.572+0000] {processor.py:183} INFO - Processing /home/airflow/.local/lib/python3.12/site-packages/airflow/example_dags/tutorial_objectstorage.py took 0.081 seconds
[2026-05-09T19:24:35.685+0000] {processor.py:161} INFO - Started process (PID=3835) to work on /home/airflow/.local/lib/python3.12/site-packages/airflow/example_dags/tutorial_objectstorage.py
[2026-05-09T19:24:35.686+0000] {processor.py:830} INFO - Processing file /home/airflow/.local/lib/python3.12/site-packages/airflow/example_dags/tutorial_objectstorage.py for tasks to queue
[2026-05-09T19:24:35.688+0000] {logging_mixin.py:188} INFO - [2026-05-09T19:24:35.688+0000] {dagbag.py:545} INFO - Filling up the DagBag from /home/airflow/.local/lib/python3.12/site-packages/airflow/example_dags/tutorial_objectstorage.py
[2026-05-09T19:24:35.694+0000] {processor.py:840} INFO - DAG(s) 'tutorial_objectstorage' retrieved from /home/airflow/.local/lib/python3.12/site-packages/airflow/example_dags/tutorial_objectstorage.py
[2026-05-09T19:24:35.714+0000] {logging_mixin.py:188} INFO - [2026-05-09T19:24:35.714+0000] {dag.py:3096} INFO - Sync 1 DAGs
[2026-05-09T19:24:35.728+0000] {logging_mixin.py:188} INFO - [2026-05-09T19:24:35.727+0000] {dag.py:3954} INFO - Setting next_dagrun for tutorial_objectstorage to None, run_after=None
[2026-05-09T19:24:35.751+0000] {processor.py:183} INFO - Processing /home/airflow/.local/lib/python3.12/site-packages/airflow/example_dags/tutorial_objectstorage.py took 0.072 seconds
[2026-05-09T19:25:07.014+0000] {processor.py:161} INFO - Started process (PID=3894) to work on /home/airflow/.local/lib/python3.12/site-packages/airflow/example_dags/tutorial_objectstorage.py
[2026-05-09T19:25:07.015+0000] {processor.py:830} INFO - Processing file /home/airflow/.local/lib/python3.12/site-packages/airflow/example_dags/tutorial_objectstorage.py for tasks to queue
[2026-05-09T19:25:07.017+0000] {logging_mixin.py:188} INFO - [2026-05-09T19:25:07.017+0000] {dagbag.py:545} INFO - Filling up the DagBag from /home/airflow/.local/lib/python3.12/site-packages/airflow/example_dags/tutorial_objectstorage.py
[2026-05-09T19:25:07.023+0000] {processor.py:840} INFO - DAG(s) 'tutorial_objectstorage' retrieved from /home/airflow/.local/lib/python3.12/site-packages/airflow/example_dags/tutorial_objectstorage.py
[2026-05-09T19:25:07.043+0000] {logging_mixin.py:188} INFO - [2026-05-09T19:25:07.043+0000] {dag.py:3096} INFO - Sync 1 DAGs
[2026-05-09T19:25:07.056+0000] {logging_mixin.py:188} INFO - [2026-05-09T19:25:07.056+0000] {dag.py:3954} INFO - Setting next_dagrun for tutorial_objectstorage to None, run_after=None
[2026-05-09T19:25:07.080+0000] {processor.py:183} INFO - Processing /home/airflow/.local/lib/python3.12/site-packages/airflow/example_dags/tutorial_objectstorage.py took 0.071 seconds
[2026-05-09T19:25:37.844+0000] {processor.py:161} INFO - Started process (PID=3953) to work on /home/airflow/.local/lib/python3.12/site-packages/airflow/example_dags/tutorial_objectstorage.py
[2026-05-09T19:25:37.846+0000] {processor.py:830} INFO - Processing file /home/airflow/.local/lib/python3.12/site-packages/airflow/example_dags/tutorial_objectstorage.py for tasks to queue
[2026-05-09T19:25:37.847+0000] {logging_mixin.py:188} INFO - [2026-05-09T19:25:37.847+0000] {dagbag.py:545} INFO - Filling up the DagBag from /home/airflow/.local/lib/python3.12/site-packages/airflow/example_dags/tutorial_objectstorage.py
[2026-05-09T19:25:37.857+0000] {processor.py:840} INFO - DAG(s) 'tutorial_objectstorage' retrieved from /home/airflow/.local/lib/python3.12/site-packages/airflow/example_dags/tutorial_objectstorage.py
[2026-05-09T19:25:37.881+0000] {logging_mixin.py:188} INFO - [2026-05-09T19:25:37.881+0000] {dag.py:3096} INFO - Sync 1 DAGs
[2026-05-09T19:25:37.902+0000] {logging_mixin.py:188} INFO - [2026-05-09T19:25:37.902+0000] {dag.py:3954} INFO - Setting next_dagrun for tutorial_objectstorage to None, run_after=None
[2026-05-09T19:25:37.929+0000] {processor.py:183} INFO - Processing /home/airflow/.local/lib/python3.12/site-packages/airflow/example_dags/tutorial_objectstorage.py took 0.090 seconds
[2026-05-09T19:26:07.970+0000] {processor.py:161} INFO - Started process (PID=4011) to work on /home/airflow/.local/lib/python3.12/site-packages/airflow/example_dags/tutorial_objectstorage.py
[2026-05-09T19:26:07.971+0000] {processor.py:830} INFO - Processing file /home/airflow/.local/lib/python3.12/site-packages/airflow/example_dags/tutorial_objectstorage.py for tasks to queue
[2026-05-09T19:26:07.973+0000] {logging_mixin.py:188} INFO - [2026-05-09T19:26:07.972+0000] {dagbag.py:545} INFO - Filling up the DagBag from /home/airflow/.local/lib/python3.12/site-packages/airflow/example_dags/tutorial_objectstorage.py
[2026-05-09T19:26:07.980+0000] {processor.py:840} INFO - DAG(s) 'tutorial_objectstorage' retrieved from /home/airflow/.local/lib/python3.12/site-packages/airflow/example_dags/tutorial_objectstorage.py
[2026-05-09T19:26:08.002+0000] {logging_mixin.py:188} INFO - [2026-05-09T19:26:08.001+0000] {dag.py:3096} INFO - Sync 1 DAGs
[2026-05-09T19:26:08.014+0000] {logging_mixin.py:188} INFO - [2026-05-09T19:26:08.014+0000] {dag.py:3954} INFO - Setting next_dagrun for tutorial_objectstorage to None, run_after=None
[2026-05-09T19:26:08.039+0000] {processor.py:183} INFO - Processing /home/airflow/.local/lib/python3.12/site-packages/airflow/example_dags/tutorial_objectstorage.py took 0.075 seconds
[2026-05-09T19:26:39.084+0000] {processor.py:161} INFO - Started process (PID=4071) to work on /home/airflow/.local/lib/python3.12/site-packages/airflow/example_dags/tutorial_objectstorage.py
[2026-05-09T19:26:39.085+0000] {processor.py:830} INFO - Processing file /home/airflow/.local/lib/python3.12/site-packages/airflow/example_dags/tutorial_objectstorage.py for tasks to queue
[2026-05-09T19:26:39.087+0000] {logging_mixin.py:188} INFO - [2026-05-09T19:26:39.087+0000] {dagbag.py:545} INFO - Filling up the DagBag from /home/airflow/.local/lib/python3.12/site-packages/airflow/example_dags/tutorial_objectstorage.py
[2026-05-09T19:26:39.094+0000] {processor.py:840} INFO - DAG(s) 'tutorial_objectstorage' retrieved from /home/airflow/.local/lib/python3.12/site-packages/airflow/example_dags/tutorial_objectstorage.py
[2026-05-09T19:26:39.114+0000] {logging_mixin.py:188} INFO - [2026-05-09T19:26:39.114+0000] {dag.py:3096} INFO - Sync 1 DAGs
[2026-05-09T19:26:39.127+0000] {logging_mixin.py:188} INFO - [2026-05-09T19:26:39.127+0000] {dag.py:3954} INFO - Setting next_dagrun for tutorial_objectstorage to None, run_after=None
[2026-05-09T19:26:39.152+0000] {processor.py:183} INFO - Processing /home/airflow/.local/lib/python3.12/site-packages/airflow/example_dags/tutorial_objectstorage.py took 0.073 seconds
[2026-05-09T19:27:09.480+0000] {processor.py:161} INFO - Started process (PID=4130) to work on /home/airflow/.local/lib/python3.12/site-packages/airflow/example_dags/tutorial_objectstorage.py
[2026-05-09T19:27:09.481+0000] {processor.py:830} INFO - Processing file /home/airflow/.local/lib/python3.12/site-packages/airflow/example_dags/tutorial_objectstorage.py for tasks to queue
[2026-05-09T19:27:09.483+0000] {logging_mixin.py:188} INFO - [2026-05-09T19:27:09.483+0000] {dagbag.py:545} INFO - Filling up the DagBag from /home/airflow/.local/lib/python3.12/site-packages/airflow/example_dags/tutorial_objectstorage.py
[2026-05-09T19:27:09.489+0000] {processor.py:840} INFO - DAG(s) 'tutorial_objectstorage' retrieved from /home/airflow/.local/lib/python3.12/site-packages/airflow/example_dags/tutorial_objectstorage.py
[2026-05-09T19:27:09.508+0000] {logging_mixin.py:188} INFO - [2026-05-09T19:27:09.508+0000] {dag.py:3096} INFO - Sync 1 DAGs
[2026-05-09T19:27:09.521+0000] {logging_mixin.py:188} INFO - [2026-05-09T19:27:09.520+0000] {dag.py:3954} INFO - Setting next_dagrun for tutorial_objectstorage to None, run_after=None
[2026-05-09T19:27:09.544+0000] {processor.py:183} INFO - Processing /home/airflow/.local/lib/python3.12/site-packages/airflow/example_dags/tutorial_objectstorage.py took 0.068 seconds
[2026-05-09T19:27:40.854+0000] {processor.py:161} INFO - Started process (PID=4189) to work on /home/airflow/.local/lib/python3.12/site-packages/airflow/example_dags/tutorial_objectstorage.py
[2026-05-09T19:27:40.855+0000] {processor.py:830} INFO - Processing file /home/airflow/.local/lib/python3.12/site-packages/airflow/example_dags/tutorial_objectstorage.py for tasks to queue
[2026-05-09T19:27:40.857+0000] {logging_mixin.py:188} INFO - [2026-05-09T19:27:40.857+0000] {dagbag.py:545} INFO - Filling up the DagBag from /home/airflow/.local/lib/python3.12/site-packages/airflow/example_dags/tutorial_objectstorage.py
[2026-05-09T19:27:40.864+0000] {processor.py:840} INFO - DAG(s) 'tutorial_objectstorage' retrieved from /home/airflow/.local/lib/python3.12/site-packages/airflow/example_dags/tutorial_objectstorage.py
[2026-05-09T19:27:40.883+0000] {logging_mixin.py:188} INFO - [2026-05-09T19:27:40.883+0000] {dag.py:3096} INFO - Sync 1 DAGs
[2026-05-09T19:27:40.896+0000] {logging_mixin.py:188} INFO - [2026-05-09T19:27:40.896+0000] {dag.py:3954} INFO - Setting next_dagrun for tutorial_objectstorage to None, run_after=None
[2026-05-09T19:27:40.921+0000] {processor.py:183} INFO - Processing /home/airflow/.local/lib/python3.12/site-packages/airflow/example_dags/tutorial_objectstorage.py took 0.072 seconds
[2026-05-09T19:28:11.380+0000] {processor.py:161} INFO - Started process (PID=4248) to work on /home/airflow/.local/lib/python3.12/site-packages/airflow/example_dags/tutorial_objectstorage.py
[2026-05-09T19:28:11.381+0000] {processor.py:830} INFO - Processing file /home/airflow/.local/lib/python3.12/site-packages/airflow/example_dags/tutorial_objectstorage.py for tasks to queue
[2026-05-09T19:28:11.384+0000] {logging_mixin.py:188} INFO - [2026-05-09T19:28:11.383+0000] {dagbag.py:545} INFO - Filling up the DagBag from /home/airflow/.local/lib/python3.12/site-packages/airflow/example_dags/tutorial_objectstorage.py
[2026-05-09T19:28:11.391+0000] {processor.py:840} INFO - DAG(s) 'tutorial_objectstorage' retrieved from /home/airflow/.local/lib/python3.12/site-packages/airflow/example_dags/tutorial_objectstorage.py
[2026-05-09T19:28:11.411+0000] {logging_mixin.py:188} INFO - [2026-05-09T19:28:11.411+0000] {dag.py:3096} INFO - Sync 1 DAGs
[2026-05-09T19:28:11.425+0000] {logging_mixin.py:188} INFO - [2026-05-09T19:28:11.424+0000] {dag.py:3954} INFO - Setting next_dagrun for tutorial_objectstorage to None, run_after=None
[2026-05-09T19:28:11.452+0000] {processor.py:183} INFO - Processing /home/airflow/.local/lib/python3.12/site-packages/airflow/example_dags/tutorial_objectstorage.py took 0.078 seconds
[2026-05-09T19:28:42.012+0000] {processor.py:161} INFO - Started process (PID=4307) to work on /home/airflow/.local/lib/python3.12/site-packages/airflow/example_dags/tutorial_objectstorage.py
[2026-05-09T19:28:42.013+0000] {processor.py:830} INFO - Processing file /home/airflow/.local/lib/python3.12/site-packages/airflow/example_dags/tutorial_objectstorage.py for tasks to queue
[2026-05-09T19:28:42.015+0000] {logging_mixin.py:188} INFO - [2026-05-09T19:28:42.015+0000] {dagbag.py:545} INFO - Filling up the DagBag from /home/airflow/.local/lib/python3.12/site-packages/airflow/example_dags/tutorial_objectstorage.py
[2026-05-09T19:28:42.022+0000] {processor.py:840} INFO - DAG(s) 'tutorial_objectstorage' retrieved from /home/airflow/.local/lib/python3.12/site-packages/airflow/example_dags/tutorial_objectstorage.py
[2026-05-09T19:28:42.045+0000] {logging_mixin.py:188} INFO - [2026-05-09T19:28:42.044+0000] {dag.py:3096} INFO - Sync 1 DAGs
[2026-05-09T19:28:42.058+0000] {logging_mixin.py:188} INFO - [2026-05-09T19:28:42.058+0000] {dag.py:3954} INFO - Setting next_dagrun for tutorial_objectstorage to None, run_after=None
[2026-05-09T19:28:42.084+0000] {processor.py:183} INFO - Processing /home/airflow/.local/lib/python3.12/site-packages/airflow/example_dags/tutorial_objectstorage.py took 0.078 seconds
[2026-05-09T19:29:12.913+0000] {processor.py:161} INFO - Started process (PID=4366) to work on /home/airflow/.local/lib/python3.12/site-packages/airflow/example_dags/tutorial_objectstorage.py
[2026-05-09T19:29:12.914+0000] {processor.py:830} INFO - Processing file /home/airflow/.local/lib/python3.12/site-packages/airflow/example_dags/tutorial_objectstorage.py for tasks to queue
[2026-05-09T19:29:12.916+0000] {logging_mixin.py:188} INFO - [2026-05-09T19:29:12.916+0000] {dagbag.py:545} INFO - Filling up the DagBag from /home/airflow/.local/lib/python3.12/site-packages/airflow/example_dags/tutorial_objectstorage.py
[2026-05-09T19:29:12.923+0000] {processor.py:840} INFO - DAG(s) 'tutorial_objectstorage' retrieved from /home/airflow/.local/lib/python3.12/site-packages/airflow/example_dags/tutorial_objectstorage.py
[2026-05-09T19:29:12.942+0000] {logging_mixin.py:188} INFO - [2026-05-09T19:29:12.942+0000] {dag.py:3096} INFO - Sync 1 DAGs
[2026-05-09T19:29:12.954+0000] {logging_mixin.py:188} INFO - [2026-05-09T19:29:12.954+0000] {dag.py:3954} INFO - Setting next_dagrun for tutorial_objectstorage to None, run_after=None
[2026-05-09T19:29:12.980+0000] {processor.py:183} INFO - Processing /home/airflow/.local/lib/python3.12/site-packages/airflow/example_dags/tutorial_objectstorage.py took 0.072 seconds
[2026-05-09T19:29:43.766+0000] {processor.py:161} INFO - Started process (PID=4425) to work on /home/airflow/.local/lib/python3.12/site-packages/airflow/example_dags/tutorial_objectstorage.py
[2026-05-09T19:29:43.767+0000] {processor.py:830} INFO - Processing file /home/airflow/.local/lib/python3.12/site-packages/airflow/example_dags/tutorial_objectstorage.py for tasks to queue
[2026-05-09T19:29:43.769+0000] {logging_mixin.py:188} INFO - [2026-05-09T19:29:43.768+0000] {dagbag.py:545} INFO - Filling up the DagBag from /home/airflow/.local/lib/python3.12/site-packages/airflow/example_dags/tutorial_objectstorage.py
[2026-05-09T19:29:43.775+0000] {processor.py:840} INFO - DAG(s) 'tutorial_objectstorage' retrieved from /home/airflow/.local/lib/python3.12/site-packages/airflow/example_dags/tutorial_objectstorage.py
[2026-05-09T19:29:43.795+0000] {logging_mixin.py:188} INFO - [2026-05-09T19:29:43.795+0000] {dag.py:3096} INFO - Sync 1 DAGs
[2026-05-09T19:29:43.808+0000] {logging_mixin.py:188} INFO - [2026-05-09T19:29:43.808+0000] {dag.py:3954} INFO - Setting next_dagrun for tutorial_objectstorage to None, run_after=None
[2026-05-09T19:29:43.831+0000] {processor.py:183} INFO - Processing /home/airflow/.local/lib/python3.12/site-packages/airflow/example_dags/tutorial_objectstorage.py took 0.071 seconds
[2026-05-09T19:30:14.642+0000] {processor.py:161} INFO - Started process (PID=4484) to work on /home/airflow/.local/lib/python3.12/site-packages/airflow/example_dags/tutorial_objectstorage.py
[2026-05-09T19:30:14.643+0000] {processor.py:830} INFO - Processing file /home/airflow/.local/lib/python3.12/site-packages/airflow/example_dags/tutorial_objectstorage.py for tasks to queue
[2026-05-09T19:30:14.645+0000] {logging_mixin.py:188} INFO - [2026-05-09T19:30:14.645+0000] {dagbag.py:545} INFO - Filling up the DagBag from /home/airflow/.local/lib/python3.12/site-packages/airflow/example_dags/tutorial_objectstorage.py
[2026-05-09T19:30:14.651+0000] {processor.py:840} INFO - DAG(s) 'tutorial_objectstorage' retrieved from /home/airflow/.local/lib/python3.12/site-packages/airflow/example_dags/tutorial_objectstorage.py
[2026-05-09T19:30:14.671+0000] {logging_mixin.py:188} INFO - [2026-05-09T19:30:14.671+0000] {dag.py:3096} INFO - Sync 1 DAGs
[2026-05-09T19:30:14.686+0000] {logging_mixin.py:188} INFO - [2026-05-09T19:30:14.686+0000] {dag.py:3954} INFO - Setting next_dagrun for tutorial_objectstorage to None, run_after=None
[2026-05-09T19:30:14.712+0000] {processor.py:183} INFO - Processing /home/airflow/.local/lib/python3.12/site-packages/airflow/example_dags/tutorial_objectstorage.py took 0.075 seconds
[2026-05-09T19:30:45.337+0000] {processor.py:161} INFO - Started process (PID=4543) to work on /home/airflow/.local/lib/python3.12/site-packages/airflow/example_dags/tutorial_objectstorage.py
[2026-05-09T19:30:45.339+0000] {processor.py:830} INFO - Processing file /home/airflow/.local/lib/python3.12/site-packages/airflow/example_dags/tutorial_objectstorage.py for tasks to queue
[2026-05-09T19:30:45.341+0000] {logging_mixin.py:188} INFO - [2026-05-09T19:30:45.340+0000] {dagbag.py:545} INFO - Filling up the DagBag from /home/airflow/.local/lib/python3.12/site-packages/airflow/example_dags/tutorial_objectstorage.py
[2026-05-09T19:30:45.348+0000] {processor.py:840} INFO - DAG(s) 'tutorial_objectstorage' retrieved from /home/airflow/.local/lib/python3.12/site-packages/airflow/example_dags/tutorial_objectstorage.py
[2026-05-09T19:30:45.367+0000] {logging_mixin.py:188} INFO - [2026-05-09T19:30:45.367+0000] {dag.py:3096} INFO - Sync 1 DAGs
[2026-05-09T19:30:45.379+0000] {logging_mixin.py:188} INFO - [2026-05-09T19:30:45.378+0000] {dag.py:3954} INFO - Setting next_dagrun for tutorial_objectstorage to None, run_after=None
[2026-05-09T19:30:45.402+0000] {processor.py:183} INFO - Processing /home/airflow/.local/lib/python3.12/site-packages/airflow/example_dags/tutorial_objectstorage.py took 0.070 seconds
[2026-05-09T19:31:16.253+0000] {processor.py:161} INFO - Started process (PID=4602) to work on /home/airflow/.local/lib/python3.12/site-packages/airflow/example_dags/tutorial_objectstorage.py
[2026-05-09T19:31:16.254+0000] {processor.py:830} INFO - Processing file /home/airflow/.local/lib/python3.12/site-packages/airflow/example_dags/tutorial_objectstorage.py for tasks to queue
[2026-05-09T19:31:16.257+0000] {logging_mixin.py:188} INFO - [2026-05-09T19:31:16.256+0000] {dagbag.py:545} INFO - Filling up the DagBag from /home/airflow/.local/lib/python3.12/site-packages/airflow/example_dags/tutorial_objectstorage.py
[2026-05-09T19:31:16.267+0000] {processor.py:840} INFO - DAG(s) 'tutorial_objectstorage' retrieved from /home/airflow/.local/lib/python3.12/site-packages/airflow/example_dags/tutorial_objectstorage.py
[2026-05-09T19:31:16.291+0000] {logging_mixin.py:188} INFO - [2026-05-09T19:31:16.291+0000] {dag.py:3096} INFO - Sync 1 DAGs
[2026-05-09T19:31:16.304+0000] {logging_mixin.py:188} INFO - [2026-05-09T19:31:16.304+0000] {dag.py:3954} INFO - Setting next_dagrun for tutorial_objectstorage to None, run_after=None
[2026-05-09T19:31:16.330+0000] {processor.py:183} INFO - Processing /home/airflow/.local/lib/python3.12/site-packages/airflow/example_dags/tutorial_objectstorage.py took 0.082 seconds
[2026-05-09T19:31:46.924+0000] {processor.py:161} INFO - Started process (PID=4661) to work on /home/airflow/.local/lib/python3.12/site-packages/airflow/example_dags/tutorial_objectstorage.py
[2026-05-09T19:31:46.926+0000] {processor.py:830} INFO - Processing file /home/airflow/.local/lib/python3.12/site-packages/airflow/example_dags/tutorial_objectstorage.py for tasks to queue
[2026-05-09T19:31:46.928+0000] {logging_mixin.py:188} INFO - [2026-05-09T19:31:46.928+0000] {dagbag.py:545} INFO - Filling up the DagBag from /home/airflow/.local/lib/python3.12/site-packages/airflow/example_dags/tutorial_objectstorage.py
[2026-05-09T19:31:46.935+0000] {processor.py:840} INFO - DAG(s) 'tutorial_objectstorage' retrieved from /home/airflow/.local/lib/python3.12/site-packages/airflow/example_dags/tutorial_objectstorage.py
[2026-05-09T19:31:46.956+0000] {logging_mixin.py:188} INFO - [2026-05-09T19:31:46.955+0000] {dag.py:3096} INFO - Sync 1 DAGs
[2026-05-09T19:31:46.968+0000] {logging_mixin.py:188} INFO - [2026-05-09T19:31:46.967+0000] {dag.py:3954} INFO - Setting next_dagrun for tutorial_objectstorage to None, run_after=None
[2026-05-09T19:31:47.024+0000] {processor.py:183} INFO - Processing /home/airflow/.local/lib/python3.12/site-packages/airflow/example_dags/tutorial_objectstorage.py took 0.106 seconds
[2026-05-09T19:32:17.859+0000] {processor.py:161} INFO - Started process (PID=4720) to work on /home/airflow/.local/lib/python3.12/site-packages/airflow/example_dags/tutorial_objectstorage.py
[2026-05-09T19:32:17.860+0000] {processor.py:830} INFO - Processing file /home/airflow/.local/lib/python3.12/site-packages/airflow/example_dags/tutorial_objectstorage.py for tasks to queue
[2026-05-09T19:32:17.863+0000] {logging_mixin.py:188} INFO - [2026-05-09T19:32:17.862+0000] {dagbag.py:545} INFO - Filling up the DagBag from /home/airflow/.local/lib/python3.12/site-packages/airflow/example_dags/tutorial_objectstorage.py
[2026-05-09T19:32:17.873+0000] {processor.py:840} INFO - DAG(s) 'tutorial_objectstorage' retrieved from /home/airflow/.local/lib/python3.12/site-packages/airflow/example_dags/tutorial_objectstorage.py
[2026-05-09T19:32:17.904+0000] {logging_mixin.py:188} INFO - [2026-05-09T19:32:17.903+0000] {dag.py:3096} INFO - Sync 1 DAGs
[2026-05-09T19:32:17.924+0000] {logging_mixin.py:188} INFO - [2026-05-09T19:32:17.923+0000] {dag.py:3954} INFO - Setting next_dagrun for tutorial_objectstorage to None, run_after=None
[2026-05-09T19:32:17.970+0000] {processor.py:183} INFO - Processing /home/airflow/.local/lib/python3.12/site-packages/airflow/example_dags/tutorial_objectstorage.py took 0.117 seconds
[2026-05-09T19:32:49.283+0000] {processor.py:161} INFO - Started process (PID=4780) to work on /home/airflow/.local/lib/python3.12/site-packages/airflow/example_dags/tutorial_objectstorage.py
[2026-05-09T19:32:49.284+0000] {processor.py:830} INFO - Processing file /home/airflow/.local/lib/python3.12/site-packages/airflow/example_dags/tutorial_objectstorage.py for tasks to queue
[2026-05-09T19:32:49.287+0000] {logging_mixin.py:188} INFO - [2026-05-09T19:32:49.286+0000] {dagbag.py:545} INFO - Filling up the DagBag from /home/airflow/.local/lib/python3.12/site-packages/airflow/example_dags/tutorial_objectstorage.py
[2026-05-09T19:32:49.295+0000] {processor.py:840} INFO - DAG(s) 'tutorial_objectstorage' retrieved from /home/airflow/.local/lib/python3.12/site-packages/airflow/example_dags/tutorial_objectstorage.py
[2026-05-09T19:32:49.316+0000] {logging_mixin.py:188} INFO - [2026-05-09T19:32:49.316+0000] {dag.py:3096} INFO - Sync 1 DAGs
[2026-05-09T19:32:49.330+0000] {logging_mixin.py:188} INFO - [2026-05-09T19:32:49.330+0000] {dag.py:3954} INFO - Setting next_dagrun for tutorial_objectstorage to None, run_after=None
[2026-05-09T19:32:49.352+0000] {processor.py:183} INFO - Processing /home/airflow/.local/lib/python3.12/site-packages/airflow/example_dags/tutorial_objectstorage.py took 0.075 seconds
[2026-05-09T19:33:20.296+0000] {processor.py:161} INFO - Started process (PID=4839) to work on /home/airflow/.local/lib/python3.12/site-packages/airflow/example_dags/tutorial_objectstorage.py
[2026-05-09T19:33:20.299+0000] {processor.py:830} INFO - Processing file /home/airflow/.local/lib/python3.12/site-packages/airflow/example_dags/tutorial_objectstorage.py for tasks to queue
[2026-05-09T19:33:20.304+0000] {logging_mixin.py:188} INFO - [2026-05-09T19:33:20.303+0000] {dagbag.py:545} INFO - Filling up the DagBag from /home/airflow/.local/lib/python3.12/site-packages/airflow/example_dags/tutorial_objectstorage.py
[2026-05-09T19:33:20.324+0000] {processor.py:840} INFO - DAG(s) 'tutorial_objectstorage' retrieved from /home/airflow/.local/lib/python3.12/site-packages/airflow/example_dags/tutorial_objectstorage.py
[2026-05-09T19:33:20.363+0000] {logging_mixin.py:188} INFO - [2026-05-09T19:33:20.362+0000] {dag.py:3096} INFO - Sync 1 DAGs
[2026-05-09T19:33:20.389+0000] {logging_mixin.py:188} INFO - [2026-05-09T19:33:20.388+0000] {dag.py:3954} INFO - Setting next_dagrun for tutorial_objectstorage to None, run_after=None
[2026-05-09T19:33:20.436+0000] {processor.py:183} INFO - Processing /home/airflow/.local/lib/python3.12/site-packages/airflow/example_dags/tutorial_objectstorage.py took 0.151 seconds
[2026-05-09T19:33:50.536+0000] {processor.py:161} INFO - Started process (PID=4898) to work on /home/airflow/.local/lib/python3.12/site-packages/airflow/example_dags/tutorial_objectstorage.py
[2026-05-09T19:33:50.537+0000] {processor.py:830} INFO - Processing file /home/airflow/.local/lib/python3.12/site-packages/airflow/example_dags/tutorial_objectstorage.py for tasks to queue
[2026-05-09T19:33:50.541+0000] {logging_mixin.py:188} INFO - [2026-05-09T19:33:50.540+0000] {dagbag.py:545} INFO - Filling up the DagBag from /home/airflow/.local/lib/python3.12/site-packages/airflow/example_dags/tutorial_objectstorage.py
[2026-05-09T19:33:50.551+0000] {processor.py:840} INFO - DAG(s) 'tutorial_objectstorage' retrieved from /home/airflow/.local/lib/python3.12/site-packages/airflow/example_dags/tutorial_objectstorage.py
[2026-05-09T19:33:50.578+0000] {logging_mixin.py:188} INFO - [2026-05-09T19:33:50.578+0000] {dag.py:3096} INFO - Sync 1 DAGs
[2026-05-09T19:33:50.593+0000] {logging_mixin.py:188} INFO - [2026-05-09T19:33:50.593+0000] {dag.py:3954} INFO - Setting next_dagrun for tutorial_objectstorage to None, run_after=None
[2026-05-09T19:33:50.622+0000] {processor.py:183} INFO - Processing /home/airflow/.local/lib/python3.12/site-packages/airflow/example_dags/tutorial_objectstorage.py took 0.095 seconds
[2026-05-09T19:34:21.154+0000] {processor.py:161} INFO - Started process (PID=4957) to work on /home/airflow/.local/lib/python3.12/site-packages/airflow/example_dags/tutorial_objectstorage.py
[2026-05-09T19:34:21.155+0000] {processor.py:830} INFO - Processing file /home/airflow/.local/lib/python3.12/site-packages/airflow/example_dags/tutorial_objectstorage.py for tasks to queue
[2026-05-09T19:34:21.157+0000] {logging_mixin.py:188} INFO - [2026-05-09T19:34:21.157+0000] {dagbag.py:545} INFO - Filling up the DagBag from /home/airflow/.local/lib/python3.12/site-packages/airflow/example_dags/tutorial_objectstorage.py
[2026-05-09T19:34:21.164+0000] {processor.py:840} INFO - DAG(s) 'tutorial_objectstorage' retrieved from /home/airflow/.local/lib/python3.12/site-packages/airflow/example_dags/tutorial_objectstorage.py
[2026-05-09T19:34:21.185+0000] {logging_mixin.py:188} INFO - [2026-05-09T19:34:21.184+0000] {dag.py:3096} INFO - Sync 1 DAGs
[2026-05-09T19:34:21.199+0000] {logging_mixin.py:188} INFO - [2026-05-09T19:34:21.199+0000] {dag.py:3954} INFO - Setting next_dagrun for tutorial_objectstorage to None, run_after=None
[2026-05-09T19:34:21.228+0000] {processor.py:183} INFO - Processing /home/airflow/.local/lib/python3.12/site-packages/airflow/example_dags/tutorial_objectstorage.py took 0.079 seconds
[2026-05-09T19:34:51.891+0000] {processor.py:161} INFO - Started process (PID=5016) to work on /home/airflow/.local/lib/python3.12/site-packages/airflow/example_dags/tutorial_objectstorage.py
[2026-05-09T19:34:51.893+0000] {processor.py:830} INFO - Processing file /home/airflow/.local/lib/python3.12/site-packages/airflow/example_dags/tutorial_objectstorage.py for tasks to queue
[2026-05-09T19:34:51.895+0000] {logging_mixin.py:188} INFO - [2026-05-09T19:34:51.895+0000] {dagbag.py:545} INFO - Filling up the DagBag from /home/airflow/.local/lib/python3.12/site-packages/airflow/example_dags/tutorial_objectstorage.py
[2026-05-09T19:34:51.903+0000] {processor.py:840} INFO - DAG(s) 'tutorial_objectstorage' retrieved from /home/airflow/.local/lib/python3.12/site-packages/airflow/example_dags/tutorial_objectstorage.py
[2026-05-09T19:34:51.932+0000] {logging_mixin.py:188} INFO - [2026-05-09T19:34:51.932+0000] {dag.py:3096} INFO - Sync 1 DAGs
[2026-05-09T19:34:51.955+0000] {logging_mixin.py:188} INFO - [2026-05-09T19:34:51.955+0000] {dag.py:3954} INFO - Setting next_dagrun for tutorial_objectstorage to None, run_after=None
[2026-05-09T19:34:51.986+0000] {processor.py:183} INFO - Processing /home/airflow/.local/lib/python3.12/site-packages/airflow/example_dags/tutorial_objectstorage.py took 0.101 seconds
[2026-05-09T19:35:23.391+0000] {processor.py:161} INFO - Started process (PID=5075) to work on /home/airflow/.local/lib/python3.12/site-packages/airflow/example_dags/tutorial_objectstorage.py
[2026-05-09T19:35:23.393+0000] {processor.py:830} INFO - Processing file /home/airflow/.local/lib/python3.12/site-packages/airflow/example_dags/tutorial_objectstorage.py for tasks to queue
[2026-05-09T19:35:23.395+0000] {logging_mixin.py:188} INFO - [2026-05-09T19:35:23.394+0000] {dagbag.py:545} INFO - Filling up the DagBag from /home/airflow/.local/lib/python3.12/site-packages/airflow/example_dags/tutorial_objectstorage.py
[2026-05-09T19:35:23.404+0000] {processor.py:840} INFO - DAG(s) 'tutorial_objectstorage' retrieved from /home/airflow/.local/lib/python3.12/site-packages/airflow/example_dags/tutorial_objectstorage.py
[2026-05-09T19:35:23.427+0000] {logging_mixin.py:188} INFO - [2026-05-09T19:35:23.427+0000] {dag.py:3096} INFO - Sync 1 DAGs
[2026-05-09T19:35:23.444+0000] {logging_mixin.py:188} INFO - [2026-05-09T19:35:23.444+0000] {dag.py:3954} INFO - Setting next_dagrun for tutorial_objectstorage to None, run_after=None
[2026-05-09T19:35:23.469+0000] {processor.py:183} INFO - Processing /home/airflow/.local/lib/python3.12/site-packages/airflow/example_dags/tutorial_objectstorage.py took 0.085 seconds
[2026-05-09T19:35:53.758+0000] {processor.py:161} INFO - Started process (PID=5134) to work on /home/airflow/.local/lib/python3.12/site-packages/airflow/example_dags/tutorial_objectstorage.py
[2026-05-09T19:35:53.759+0000] {processor.py:830} INFO - Processing file /home/airflow/.local/lib/python3.12/site-packages/airflow/example_dags/tutorial_objectstorage.py for tasks to queue
[2026-05-09T19:35:53.761+0000] {logging_mixin.py:188} INFO - [2026-05-09T19:35:53.761+0000] {dagbag.py:545} INFO - Filling up the DagBag from /home/airflow/.local/lib/python3.12/site-packages/airflow/example_dags/tutorial_objectstorage.py
[2026-05-09T19:35:53.768+0000] {processor.py:840} INFO - DAG(s) 'tutorial_objectstorage' retrieved from /home/airflow/.local/lib/python3.12/site-packages/airflow/example_dags/tutorial_objectstorage.py
[2026-05-09T19:35:53.788+0000] {logging_mixin.py:188} INFO - [2026-05-09T19:35:53.788+0000] {dag.py:3096} INFO - Sync 1 DAGs
[2026-05-09T19:35:53.800+0000] {logging_mixin.py:188} INFO - [2026-05-09T19:35:53.800+0000] {dag.py:3954} INFO - Setting next_dagrun for tutorial_objectstorage to None, run_after=None
[2026-05-09T19:35:53.825+0000] {processor.py:183} INFO - Processing /home/airflow/.local/lib/python3.12/site-packages/airflow/example_dags/tutorial_objectstorage.py took 0.072 seconds
[2026-05-09T19:36:24.591+0000] {processor.py:161} INFO - Started process (PID=5193) to work on /home/airflow/.local/lib/python3.12/site-packages/airflow/example_dags/tutorial_objectstorage.py
[2026-05-09T19:36:24.592+0000] {processor.py:830} INFO - Processing file /home/airflow/.local/lib/python3.12/site-packages/airflow/example_dags/tutorial_objectstorage.py for tasks to queue
[2026-05-09T19:36:24.595+0000] {logging_mixin.py:188} INFO - [2026-05-09T19:36:24.594+0000] {dagbag.py:545} INFO - Filling up the DagBag from /home/airflow/.local/lib/python3.12/site-packages/airflow/example_dags/tutorial_objectstorage.py
[2026-05-09T19:36:24.604+0000] {processor.py:840} INFO - DAG(s) 'tutorial_objectstorage' retrieved from /home/airflow/.local/lib/python3.12/site-packages/airflow/example_dags/tutorial_objectstorage.py
[2026-05-09T19:36:24.629+0000] {logging_mixin.py:188} INFO - [2026-05-09T19:36:24.628+0000] {dag.py:3096} INFO - Sync 1 DAGs
[2026-05-09T19:36:24.644+0000] {logging_mixin.py:188} INFO - [2026-05-09T19:36:24.643+0000] {dag.py:3954} INFO - Setting next_dagrun for tutorial_objectstorage to None, run_after=None
[2026-05-09T19:36:24.668+0000] {processor.py:183} INFO - Processing /home/airflow/.local/lib/python3.12/site-packages/airflow/example_dags/tutorial_objectstorage.py took 0.087 seconds
[2026-05-09T19:36:55.848+0000] {processor.py:161} INFO - Started process (PID=5252) to work on /home/airflow/.local/lib/python3.12/site-packages/airflow/example_dags/tutorial_objectstorage.py
[2026-05-09T19:36:55.849+0000] {processor.py:830} INFO - Processing file /home/airflow/.local/lib/python3.12/site-packages/airflow/example_dags/tutorial_objectstorage.py for tasks to queue
[2026-05-09T19:36:55.851+0000] {logging_mixin.py:188} INFO - [2026-05-09T19:36:55.851+0000] {dagbag.py:545} INFO - Filling up the DagBag from /home/airflow/.local/lib/python3.12/site-packages/airflow/example_dags/tutorial_objectstorage.py
[2026-05-09T19:36:55.859+0000] {processor.py:840} INFO - DAG(s) 'tutorial_objectstorage' retrieved from /home/airflow/.local/lib/python3.12/site-packages/airflow/example_dags/tutorial_objectstorage.py
[2026-05-09T19:36:55.879+0000] {logging_mixin.py:188} INFO - [2026-05-09T19:36:55.879+0000] {dag.py:3096} INFO - Sync 1 DAGs
[2026-05-09T19:36:55.893+0000] {logging_mixin.py:188} INFO - [2026-05-09T19:36:55.893+0000] {dag.py:3954} INFO - Setting next_dagrun for tutorial_objectstorage to None, run_after=None
[2026-05-09T19:36:55.918+0000] {processor.py:183} INFO - Processing /home/airflow/.local/lib/python3.12/site-packages/airflow/example_dags/tutorial_objectstorage.py took 0.075 seconds
[2026-05-09T19:37:26.253+0000] {processor.py:161} INFO - Started process (PID=5311) to work on /home/airflow/.local/lib/python3.12/site-packages/airflow/example_dags/tutorial_objectstorage.py
[2026-05-09T19:37:26.254+0000] {processor.py:830} INFO - Processing file /home/airflow/.local/lib/python3.12/site-packages/airflow/example_dags/tutorial_objectstorage.py for tasks to queue
[2026-05-09T19:37:26.256+0000] {logging_mixin.py:188} INFO - [2026-05-09T19:37:26.256+0000] {dagbag.py:545} INFO - Filling up the DagBag from /home/airflow/.local/lib/python3.12/site-packages/airflow/example_dags/tutorial_objectstorage.py
[2026-05-09T19:37:26.263+0000] {processor.py:840} INFO - DAG(s) 'tutorial_objectstorage' retrieved from /home/airflow/.local/lib/python3.12/site-packages/airflow/example_dags/tutorial_objectstorage.py
[2026-05-09T19:37:26.284+0000] {logging_mixin.py:188} INFO - [2026-05-09T19:37:26.283+0000] {dag.py:3096} INFO - Sync 1 DAGs
[2026-05-09T19:37:26.296+0000] {logging_mixin.py:188} INFO - [2026-05-09T19:37:26.296+0000] {dag.py:3954} INFO - Setting next_dagrun for tutorial_objectstorage to None, run_after=None
[2026-05-09T19:37:26.319+0000] {processor.py:183} INFO - Processing /home/airflow/.local/lib/python3.12/site-packages/airflow/example_dags/tutorial_objectstorage.py took 0.072 seconds
[2026-05-09T19:37:57.024+0000] {processor.py:161} INFO - Started process (PID=5370) to work on /home/airflow/.local/lib/python3.12/site-packages/airflow/example_dags/tutorial_objectstorage.py
[2026-05-09T19:37:57.025+0000] {processor.py:830} INFO - Processing file /home/airflow/.local/lib/python3.12/site-packages/airflow/example_dags/tutorial_objectstorage.py for tasks to queue
[2026-05-09T19:37:57.027+0000] {logging_mixin.py:188} INFO - [2026-05-09T19:37:57.027+0000] {dagbag.py:545} INFO - Filling up the DagBag from /home/airflow/.local/lib/python3.12/site-packages/airflow/example_dags/tutorial_objectstorage.py
[2026-05-09T19:37:57.035+0000] {processor.py:840} INFO - DAG(s) 'tutorial_objectstorage' retrieved from /home/airflow/.local/lib/python3.12/site-packages/airflow/example_dags/tutorial_objectstorage.py
[2026-05-09T19:37:57.056+0000] {logging_mixin.py:188} INFO - [2026-05-09T19:37:57.055+0000] {dag.py:3096} INFO - Sync 1 DAGs
[2026-05-09T19:37:57.070+0000] {logging_mixin.py:188} INFO - [2026-05-09T19:37:57.070+0000] {dag.py:3954} INFO - Setting next_dagrun for tutorial_objectstorage to None, run_after=None
[2026-05-09T19:37:57.095+0000] {processor.py:183} INFO - Processing /home/airflow/.local/lib/python3.12/site-packages/airflow/example_dags/tutorial_objectstorage.py took 0.075 seconds
[2026-05-09T19:38:27.687+0000] {processor.py:161} INFO - Started process (PID=5429) to work on /home/airflow/.local/lib/python3.12/site-packages/airflow/example_dags/tutorial_objectstorage.py
[2026-05-09T19:38:27.689+0000] {processor.py:830} INFO - Processing file /home/airflow/.local/lib/python3.12/site-packages/airflow/example_dags/tutorial_objectstorage.py for tasks to queue
[2026-05-09T19:38:27.691+0000] {logging_mixin.py:188} INFO - [2026-05-09T19:38:27.690+0000] {dagbag.py:545} INFO - Filling up the DagBag from /home/airflow/.local/lib/python3.12/site-packages/airflow/example_dags/tutorial_objectstorage.py
[2026-05-09T19:38:27.698+0000] {processor.py:840} INFO - DAG(s) 'tutorial_objectstorage' retrieved from /home/airflow/.local/lib/python3.12/site-packages/airflow/example_dags/tutorial_objectstorage.py
[2026-05-09T19:38:27.718+0000] {logging_mixin.py:188} INFO - [2026-05-09T19:38:27.718+0000] {dag.py:3096} INFO - Sync 1 DAGs
[2026-05-09T19:38:27.730+0000] {logging_mixin.py:188} INFO - [2026-05-09T19:38:27.730+0000] {dag.py:3954} INFO - Setting next_dagrun for tutorial_objectstorage to None, run_after=None
[2026-05-09T19:38:27.752+0000] {processor.py:183} INFO - Processing /home/airflow/.local/lib/python3.12/site-packages/airflow/example_dags/tutorial_objectstorage.py took 0.070 seconds
[2026-05-09T19:38:58.904+0000] {processor.py:161} INFO - Started process (PID=5488) to work on /home/airflow/.local/lib/python3.12/site-packages/airflow/example_dags/tutorial_objectstorage.py
[2026-05-09T19:38:58.905+0000] {processor.py:830} INFO - Processing file /home/airflow/.local/lib/python3.12/site-packages/airflow/example_dags/tutorial_objectstorage.py for tasks to queue
[2026-05-09T19:38:58.907+0000] {logging_mixin.py:188} INFO - [2026-05-09T19:38:58.906+0000] {dagbag.py:545} INFO - Filling up the DagBag from /home/airflow/.local/lib/python3.12/site-packages/airflow/example_dags/tutorial_objectstorage.py
[2026-05-09T19:38:58.914+0000] {processor.py:840} INFO - DAG(s) 'tutorial_objectstorage' retrieved from /home/airflow/.local/lib/python3.12/site-packages/airflow/example_dags/tutorial_objectstorage.py
[2026-05-09T19:38:58.934+0000] {logging_mixin.py:188} INFO - [2026-05-09T19:38:58.934+0000] {dag.py:3096} INFO - Sync 1 DAGs
[2026-05-09T19:38:58.947+0000] {logging_mixin.py:188} INFO - [2026-05-09T19:38:58.947+0000] {dag.py:3954} INFO - Setting next_dagrun for tutorial_objectstorage to None, run_after=None
[2026-05-09T19:38:58.972+0000] {processor.py:183} INFO - Processing /home/airflow/.local/lib/python3.12/site-packages/airflow/example_dags/tutorial_objectstorage.py took 0.074 seconds
[2026-05-09T19:39:29.929+0000] {processor.py:161} INFO - Started process (PID=5547) to work on /home/airflow/.local/lib/python3.12/site-packages/airflow/example_dags/tutorial_objectstorage.py
[2026-05-09T19:39:29.930+0000] {processor.py:830} INFO - Processing file /home/airflow/.local/lib/python3.12/site-packages/airflow/example_dags/tutorial_objectstorage.py for tasks to queue
[2026-05-09T19:39:29.933+0000] {logging_mixin.py:188} INFO - [2026-05-09T19:39:29.932+0000] {dagbag.py:545} INFO - Filling up the DagBag from /home/airflow/.local/lib/python3.12/site-packages/airflow/example_dags/tutorial_objectstorage.py
[2026-05-09T19:39:29.939+0000] {processor.py:840} INFO - DAG(s) 'tutorial_objectstorage' retrieved from /home/airflow/.local/lib/python3.12/site-packages/airflow/example_dags/tutorial_objectstorage.py
[2026-05-09T19:39:29.958+0000] {logging_mixin.py:188} INFO - [2026-05-09T19:39:29.958+0000] {dag.py:3096} INFO - Sync 1 DAGs
[2026-05-09T19:39:29.971+0000] {logging_mixin.py:188} INFO - [2026-05-09T19:39:29.970+0000] {dag.py:3954} INFO - Setting next_dagrun for tutorial_objectstorage to None, run_after=None
[2026-05-09T19:39:29.994+0000] {processor.py:183} INFO - Processing /home/airflow/.local/lib/python3.12/site-packages/airflow/example_dags/tutorial_objectstorage.py took 0.070 seconds
[2026-05-09T19:40:00.204+0000] {processor.py:161} INFO - Started process (PID=5606) to work on /home/airflow/.local/lib/python3.12/site-packages/airflow/example_dags/tutorial_objectstorage.py
[2026-05-09T19:40:00.205+0000] {processor.py:830} INFO - Processing file /home/airflow/.local/lib/python3.12/site-packages/airflow/example_dags/tutorial_objectstorage.py for tasks to queue
[2026-05-09T19:40:00.207+0000] {logging_mixin.py:188} INFO - [2026-05-09T19:40:00.207+0000] {dagbag.py:545} INFO - Filling up the DagBag from /home/airflow/.local/lib/python3.12/site-packages/airflow/example_dags/tutorial_objectstorage.py
[2026-05-09T19:40:00.214+0000] {processor.py:840} INFO - DAG(s) 'tutorial_objectstorage' retrieved from /home/airflow/.local/lib/python3.12/site-packages/airflow/example_dags/tutorial_objectstorage.py
[2026-05-09T19:40:00.235+0000] {logging_mixin.py:188} INFO - [2026-05-09T19:40:00.234+0000] {dag.py:3096} INFO - Sync 1 DAGs
[2026-05-09T19:40:00.246+0000] {logging_mixin.py:188} INFO - [2026-05-09T19:40:00.246+0000] {dag.py:3954} INFO - Setting next_dagrun for tutorial_objectstorage to None, run_after=None
[2026-05-09T19:40:00.268+0000] {processor.py:183} INFO - Processing /home/airflow/.local/lib/python3.12/site-packages/airflow/example_dags/tutorial_objectstorage.py took 0.070 seconds
[2026-05-09T19:40:31.588+0000] {processor.py:161} INFO - Started process (PID=5665) to work on /home/airflow/.local/lib/python3.12/site-packages/airflow/example_dags/tutorial_objectstorage.py
[2026-05-09T19:40:31.589+0000] {processor.py:830} INFO - Processing file /home/airflow/.local/lib/python3.12/site-packages/airflow/example_dags/tutorial_objectstorage.py for tasks to queue
[2026-05-09T19:40:31.591+0000] {logging_mixin.py:188} INFO - [2026-05-09T19:40:31.591+0000] {dagbag.py:545} INFO - Filling up the DagBag from /home/airflow/.local/lib/python3.12/site-packages/airflow/example_dags/tutorial_objectstorage.py
[2026-05-09T19:40:31.598+0000] {processor.py:840} INFO - DAG(s) 'tutorial_objectstorage' retrieved from /home/airflow/.local/lib/python3.12/site-packages/airflow/example_dags/tutorial_objectstorage.py
[2026-05-09T19:40:31.619+0000] {logging_mixin.py:188} INFO - [2026-05-09T19:40:31.618+0000] {dag.py:3096} INFO - Sync 1 DAGs
[2026-05-09T19:40:31.631+0000] {logging_mixin.py:188} INFO - [2026-05-09T19:40:31.631+0000] {dag.py:3954} INFO - Setting next_dagrun for tutorial_objectstorage to None, run_after=None
[2026-05-09T19:40:31.654+0000] {processor.py:183} INFO - Processing /home/airflow/.local/lib/python3.12/site-packages/airflow/example_dags/tutorial_objectstorage.py took 0.072 seconds
[2026-05-09T19:41:02.705+0000] {processor.py:161} INFO - Started process (PID=5725) to work on /home/airflow/.local/lib/python3.12/site-packages/airflow/example_dags/tutorial_objectstorage.py
[2026-05-09T19:41:02.706+0000] {processor.py:830} INFO - Processing file /home/airflow/.local/lib/python3.12/site-packages/airflow/example_dags/tutorial_objectstorage.py for tasks to queue
[2026-05-09T19:41:02.708+0000] {logging_mixin.py:188} INFO - [2026-05-09T19:41:02.707+0000] {dagbag.py:545} INFO - Filling up the DagBag from /home/airflow/.local/lib/python3.12/site-packages/airflow/example_dags/tutorial_objectstorage.py
[2026-05-09T19:41:02.714+0000] {processor.py:840} INFO - DAG(s) 'tutorial_objectstorage' retrieved from /home/airflow/.local/lib/python3.12/site-packages/airflow/example_dags/tutorial_objectstorage.py
[2026-05-09T19:41:02.733+0000] {logging_mixin.py:188} INFO - [2026-05-09T19:41:02.733+0000] {dag.py:3096} INFO - Sync 1 DAGs
[2026-05-09T19:41:02.746+0000] {logging_mixin.py:188} INFO - [2026-05-09T19:41:02.746+0000] {dag.py:3954} INFO - Setting next_dagrun for tutorial_objectstorage to None, run_after=None
[2026-05-09T19:41:02.771+0000] {processor.py:183} INFO - Processing /home/airflow/.local/lib/python3.12/site-packages/airflow/example_dags/tutorial_objectstorage.py took 0.072 seconds
[2026-05-09T19:41:33.406+0000] {processor.py:161} INFO - Started process (PID=5784) to work on /home/airflow/.local/lib/python3.12/site-packages/airflow/example_dags/tutorial_objectstorage.py
[2026-05-09T19:41:33.407+0000] {processor.py:830} INFO - Processing file /home/airflow/.local/lib/python3.12/site-packages/airflow/example_dags/tutorial_objectstorage.py for tasks to queue
[2026-05-09T19:41:33.409+0000] {logging_mixin.py:188} INFO - [2026-05-09T19:41:33.409+0000] {dagbag.py:545} INFO - Filling up the DagBag from /home/airflow/.local/lib/python3.12/site-packages/airflow/example_dags/tutorial_objectstorage.py
[2026-05-09T19:41:33.417+0000] {processor.py:840} INFO - DAG(s) 'tutorial_objectstorage' retrieved from /home/airflow/.local/lib/python3.12/site-packages/airflow/example_dags/tutorial_objectstorage.py
[2026-05-09T19:41:33.439+0000] {logging_mixin.py:188} INFO - [2026-05-09T19:41:33.439+0000] {dag.py:3096} INFO - Sync 1 DAGs
[2026-05-09T19:41:33.454+0000] {logging_mixin.py:188} INFO - [2026-05-09T19:41:33.454+0000] {dag.py:3954} INFO - Setting next_dagrun for tutorial_objectstorage to None, run_after=None
[2026-05-09T19:41:33.479+0000] {processor.py:183} INFO - Processing /home/airflow/.local/lib/python3.12/site-packages/airflow/example_dags/tutorial_objectstorage.py took 0.079 seconds
[2026-05-09T19:42:04.097+0000] {processor.py:161} INFO - Started process (PID=5843) to work on /home/airflow/.local/lib/python3.12/site-packages/airflow/example_dags/tutorial_objectstorage.py
[2026-05-09T19:42:04.098+0000] {processor.py:830} INFO - Processing file /home/airflow/.local/lib/python3.12/site-packages/airflow/example_dags/tutorial_objectstorage.py for tasks to queue
[2026-05-09T19:42:04.100+0000] {logging_mixin.py:188} INFO - [2026-05-09T19:42:04.100+0000] {dagbag.py:545} INFO - Filling up the DagBag from /home/airflow/.local/lib/python3.12/site-packages/airflow/example_dags/tutorial_objectstorage.py
[2026-05-09T19:42:04.109+0000] {processor.py:840} INFO - DAG(s) 'tutorial_objectstorage' retrieved from /home/airflow/.local/lib/python3.12/site-packages/airflow/example_dags/tutorial_objectstorage.py
[2026-05-09T19:42:04.133+0000] {logging_mixin.py:188} INFO - [2026-05-09T19:42:04.132+0000] {dag.py:3096} INFO - Sync 1 DAGs
[2026-05-09T19:42:04.145+0000] {logging_mixin.py:188} INFO - [2026-05-09T19:42:04.144+0000] {dag.py:3954} INFO - Setting next_dagrun for tutorial_objectstorage to None, run_after=None
[2026-05-09T19:42:04.167+0000] {processor.py:183} INFO - Processing /home/airflow/.local/lib/python3.12/site-packages/airflow/example_dags/tutorial_objectstorage.py took 0.077 seconds
[2026-05-09T19:42:36.063+0000] {processor.py:161} INFO - Started process (PID=5902) to work on /home/airflow/.local/lib/python3.12/site-packages/airflow/example_dags/tutorial_objectstorage.py
[2026-05-09T19:42:36.064+0000] {processor.py:830} INFO - Processing file /home/airflow/.local/lib/python3.12/site-packages/airflow/example_dags/tutorial_objectstorage.py for tasks to queue
[2026-05-09T19:42:36.067+0000] {logging_mixin.py:188} INFO - [2026-05-09T19:42:36.067+0000] {dagbag.py:545} INFO - Filling up the DagBag from /home/airflow/.local/lib/python3.12/site-packages/airflow/example_dags/tutorial_objectstorage.py
[2026-05-09T19:42:36.075+0000] {processor.py:840} INFO - DAG(s) 'tutorial_objectstorage' retrieved from /home/airflow/.local/lib/python3.12/site-packages/airflow/example_dags/tutorial_objectstorage.py
[2026-05-09T19:42:36.293+0000] {logging_mixin.py:188} INFO - [2026-05-09T19:42:36.292+0000] {dag.py:3096} INFO - Sync 1 DAGs
[2026-05-09T19:42:36.312+0000] {logging_mixin.py:188} INFO - [2026-05-09T19:42:36.311+0000] {dag.py:3954} INFO - Setting next_dagrun for tutorial_objectstorage to None, run_after=None
[2026-05-09T19:42:36.341+0000] {processor.py:183} INFO - Processing /home/airflow/.local/lib/python3.12/site-packages/airflow/example_dags/tutorial_objectstorage.py took 0.284 seconds
[2026-05-09T19:43:06.714+0000] {processor.py:161} INFO - Started process (PID=5961) to work on /home/airflow/.local/lib/python3.12/site-packages/airflow/example_dags/tutorial_objectstorage.py
[2026-05-09T19:43:06.715+0000] {processor.py:830} INFO - Processing file /home/airflow/.local/lib/python3.12/site-packages/airflow/example_dags/tutorial_objectstorage.py for tasks to queue
[2026-05-09T19:43:06.717+0000] {logging_mixin.py:188} INFO - [2026-05-09T19:43:06.717+0000] {dagbag.py:545} INFO - Filling up the DagBag from /home/airflow/.local/lib/python3.12/site-packages/airflow/example_dags/tutorial_objectstorage.py
[2026-05-09T19:43:06.724+0000] {processor.py:840} INFO - DAG(s) 'tutorial_objectstorage' retrieved from /home/airflow/.local/lib/python3.12/site-packages/airflow/example_dags/tutorial_objectstorage.py
[2026-05-09T19:43:06.745+0000] {logging_mixin.py:188} INFO - [2026-05-09T19:43:06.744+0000] {dag.py:3096} INFO - Sync 1 DAGs
[2026-05-09T19:43:06.758+0000] {logging_mixin.py:188} INFO - [2026-05-09T19:43:06.758+0000] {dag.py:3954} INFO - Setting next_dagrun for tutorial_objectstorage to None, run_after=None
[2026-05-09T19:43:06.783+0000] {processor.py:183} INFO - Processing /home/airflow/.local/lib/python3.12/site-packages/airflow/example_dags/tutorial_objectstorage.py took 0.074 seconds
[2026-05-09T19:43:37.245+0000] {processor.py:161} INFO - Started process (PID=6021) to work on /home/airflow/.local/lib/python3.12/site-packages/airflow/example_dags/tutorial_objectstorage.py
[2026-05-09T19:43:37.247+0000] {processor.py:830} INFO - Processing file /home/airflow/.local/lib/python3.12/site-packages/airflow/example_dags/tutorial_objectstorage.py for tasks to queue
[2026-05-09T19:43:37.250+0000] {logging_mixin.py:188} INFO - [2026-05-09T19:43:37.249+0000] {dagbag.py:545} INFO - Filling up the DagBag from /home/airflow/.local/lib/python3.12/site-packages/airflow/example_dags/tutorial_objectstorage.py
[2026-05-09T19:43:37.259+0000] {processor.py:840} INFO - DAG(s) 'tutorial_objectstorage' retrieved from /home/airflow/.local/lib/python3.12/site-packages/airflow/example_dags/tutorial_objectstorage.py
[2026-05-09T19:43:37.283+0000] {logging_mixin.py:188} INFO - [2026-05-09T19:43:37.283+0000] {dag.py:3096} INFO - Sync 1 DAGs
[2026-05-09T19:43:37.297+0000] {logging_mixin.py:188} INFO - [2026-05-09T19:43:37.297+0000] {dag.py:3954} INFO - Setting next_dagrun for tutorial_objectstorage to None, run_after=None
[2026-05-09T19:43:37.321+0000] {processor.py:183} INFO - Processing /home/airflow/.local/lib/python3.12/site-packages/airflow/example_dags/tutorial_objectstorage.py took 0.084 seconds
[2026-05-09T19:44:07.972+0000] {processor.py:161} INFO - Started process (PID=6080) to work on /home/airflow/.local/lib/python3.12/site-packages/airflow/example_dags/tutorial_objectstorage.py
[2026-05-09T19:44:07.973+0000] {processor.py:830} INFO - Processing file /home/airflow/.local/lib/python3.12/site-packages/airflow/example_dags/tutorial_objectstorage.py for tasks to queue
[2026-05-09T19:44:07.975+0000] {logging_mixin.py:188} INFO - [2026-05-09T19:44:07.974+0000] {dagbag.py:545} INFO - Filling up the DagBag from /home/airflow/.local/lib/python3.12/site-packages/airflow/example_dags/tutorial_objectstorage.py
[2026-05-09T19:44:07.981+0000] {processor.py:840} INFO - DAG(s) 'tutorial_objectstorage' retrieved from /home/airflow/.local/lib/python3.12/site-packages/airflow/example_dags/tutorial_objectstorage.py
[2026-05-09T19:44:08.000+0000] {logging_mixin.py:188} INFO - [2026-05-09T19:44:08.000+0000] {dag.py:3096} INFO - Sync 1 DAGs
[2026-05-09T19:44:08.012+0000] {logging_mixin.py:188} INFO - [2026-05-09T19:44:08.012+0000] {dag.py:3954} INFO - Setting next_dagrun for tutorial_objectstorage to None, run_after=None
[2026-05-09T19:44:08.038+0000] {processor.py:183} INFO - Processing /home/airflow/.local/lib/python3.12/site-packages/airflow/example_dags/tutorial_objectstorage.py took 0.072 seconds
[2026-05-09T19:44:38.983+0000] {processor.py:161} INFO - Started process (PID=6139) to work on /home/airflow/.local/lib/python3.12/site-packages/airflow/example_dags/tutorial_objectstorage.py
[2026-05-09T19:44:38.985+0000] {processor.py:830} INFO - Processing file /home/airflow/.local/lib/python3.12/site-packages/airflow/example_dags/tutorial_objectstorage.py for tasks to queue
[2026-05-09T19:44:38.987+0000] {logging_mixin.py:188} INFO - [2026-05-09T19:44:38.987+0000] {dagbag.py:545} INFO - Filling up the DagBag from /home/airflow/.local/lib/python3.12/site-packages/airflow/example_dags/tutorial_objectstorage.py
[2026-05-09T19:44:38.993+0000] {processor.py:840} INFO - DAG(s) 'tutorial_objectstorage' retrieved from /home/airflow/.local/lib/python3.12/site-packages/airflow/example_dags/tutorial_objectstorage.py
[2026-05-09T19:44:39.012+0000] {logging_mixin.py:188} INFO - [2026-05-09T19:44:39.012+0000] {dag.py:3096} INFO - Sync 1 DAGs
[2026-05-09T19:44:39.024+0000] {logging_mixin.py:188} INFO - [2026-05-09T19:44:39.024+0000] {dag.py:3954} INFO - Setting next_dagrun for tutorial_objectstorage to None, run_after=None
[2026-05-09T19:44:39.047+0000] {processor.py:183} INFO - Processing /home/airflow/.local/lib/python3.12/site-packages/airflow/example_dags/tutorial_objectstorage.py took 0.069 seconds
[2026-05-09T19:45:09.671+0000] {processor.py:161} INFO - Started process (PID=6199) to work on /home/airflow/.local/lib/python3.12/site-packages/airflow/example_dags/tutorial_objectstorage.py
[2026-05-09T19:45:09.672+0000] {processor.py:830} INFO - Processing file /home/airflow/.local/lib/python3.12/site-packages/airflow/example_dags/tutorial_objectstorage.py for tasks to queue
[2026-05-09T19:45:09.674+0000] {logging_mixin.py:188} INFO - [2026-05-09T19:45:09.673+0000] {dagbag.py:545} INFO - Filling up the DagBag from /home/airflow/.local/lib/python3.12/site-packages/airflow/example_dags/tutorial_objectstorage.py
[2026-05-09T19:45:09.681+0000] {processor.py:840} INFO - DAG(s) 'tutorial_objectstorage' retrieved from /home/airflow/.local/lib/python3.12/site-packages/airflow/example_dags/tutorial_objectstorage.py
[2026-05-09T19:45:09.702+0000] {logging_mixin.py:188} INFO - [2026-05-09T19:45:09.701+0000] {dag.py:3096} INFO - Sync 1 DAGs
[2026-05-09T19:45:09.716+0000] {logging_mixin.py:188} INFO - [2026-05-09T19:45:09.716+0000] {dag.py:3954} INFO - Setting next_dagrun for tutorial_objectstorage to None, run_after=None
[2026-05-09T19:45:09.743+0000] {processor.py:183} INFO - Processing /home/airflow/.local/lib/python3.12/site-packages/airflow/example_dags/tutorial_objectstorage.py took 0.079 seconds
[2026-05-09T19:45:40.523+0000] {processor.py:161} INFO - Started process (PID=6258) to work on /home/airflow/.local/lib/python3.12/site-packages/airflow/example_dags/tutorial_objectstorage.py
[2026-05-09T19:45:40.524+0000] {processor.py:830} INFO - Processing file /home/airflow/.local/lib/python3.12/site-packages/airflow/example_dags/tutorial_objectstorage.py for tasks to queue
[2026-05-09T19:45:40.526+0000] {logging_mixin.py:188} INFO - [2026-05-09T19:45:40.525+0000] {dagbag.py:545} INFO - Filling up the DagBag from /home/airflow/.local/lib/python3.12/site-packages/airflow/example_dags/tutorial_objectstorage.py
[2026-05-09T19:45:40.534+0000] {processor.py:840} INFO - DAG(s) 'tutorial_objectstorage' retrieved from /home/airflow/.local/lib/python3.12/site-packages/airflow/example_dags/tutorial_objectstorage.py
[2026-05-09T19:45:40.554+0000] {logging_mixin.py:188} INFO - [2026-05-09T19:45:40.554+0000] {dag.py:3096} INFO - Sync 1 DAGs
[2026-05-09T19:45:40.568+0000] {logging_mixin.py:188} INFO - [2026-05-09T19:45:40.568+0000] {dag.py:3954} INFO - Setting next_dagrun for tutorial_objectstorage to None, run_after=None
[2026-05-09T19:45:40.593+0000] {processor.py:183} INFO - Processing /home/airflow/.local/lib/python3.12/site-packages/airflow/example_dags/tutorial_objectstorage.py took 0.077 seconds
[2026-05-09T19:46:11.417+0000] {processor.py:161} INFO - Started process (PID=6317) to work on /home/airflow/.local/lib/python3.12/site-packages/airflow/example_dags/tutorial_objectstorage.py
[2026-05-09T19:46:11.418+0000] {processor.py:830} INFO - Processing file /home/airflow/.local/lib/python3.12/site-packages/airflow/example_dags/tutorial_objectstorage.py for tasks to queue
[2026-05-09T19:46:11.420+0000] {logging_mixin.py:188} INFO - [2026-05-09T19:46:11.420+0000] {dagbag.py:545} INFO - Filling up the DagBag from /home/airflow/.local/lib/python3.12/site-packages/airflow/example_dags/tutorial_objectstorage.py
[2026-05-09T19:46:11.429+0000] {processor.py:840} INFO - DAG(s) 'tutorial_objectstorage' retrieved from /home/airflow/.local/lib/python3.12/site-packages/airflow/example_dags/tutorial_objectstorage.py
[2026-05-09T19:46:11.452+0000] {logging_mixin.py:188} INFO - [2026-05-09T19:46:11.451+0000] {dag.py:3096} INFO - Sync 1 DAGs
[2026-05-09T19:46:11.466+0000] {logging_mixin.py:188} INFO - [2026-05-09T19:46:11.466+0000] {dag.py:3954} INFO - Setting next_dagrun for tutorial_objectstorage to None, run_after=None
[2026-05-09T19:46:11.490+0000] {processor.py:183} INFO - Processing /home/airflow/.local/lib/python3.12/site-packages/airflow/example_dags/tutorial_objectstorage.py took 0.080 seconds
[2026-05-09T19:46:41.772+0000] {processor.py:161} INFO - Started process (PID=6376) to work on /home/airflow/.local/lib/python3.12/site-packages/airflow/example_dags/tutorial_objectstorage.py
[2026-05-09T19:46:41.774+0000] {processor.py:830} INFO - Processing file /home/airflow/.local/lib/python3.12/site-packages/airflow/example_dags/tutorial_objectstorage.py for tasks to queue
[2026-05-09T19:46:41.776+0000] {logging_mixin.py:188} INFO - [2026-05-09T19:46:41.775+0000] {dagbag.py:545} INFO - Filling up the DagBag from /home/airflow/.local/lib/python3.12/site-packages/airflow/example_dags/tutorial_objectstorage.py
[2026-05-09T19:46:41.783+0000] {processor.py:840} INFO - DAG(s) 'tutorial_objectstorage' retrieved from /home/airflow/.local/lib/python3.12/site-packages/airflow/example_dags/tutorial_objectstorage.py
[2026-05-09T19:46:41.803+0000] {logging_mixin.py:188} INFO - [2026-05-09T19:46:41.803+0000] {dag.py:3096} INFO - Sync 1 DAGs
[2026-05-09T19:46:41.817+0000] {logging_mixin.py:188} INFO - [2026-05-09T19:46:41.816+0000] {dag.py:3954} INFO - Setting next_dagrun for tutorial_objectstorage to None, run_after=None
[2026-05-09T19:46:41.844+0000] {processor.py:183} INFO - Processing /home/airflow/.local/lib/python3.12/site-packages/airflow/example_dags/tutorial_objectstorage.py took 0.077 seconds
[2026-05-09T19:47:12.548+0000] {processor.py:161} INFO - Started process (PID=6435) to work on /home/airflow/.local/lib/python3.12/site-packages/airflow/example_dags/tutorial_objectstorage.py
[2026-05-09T19:47:12.549+0000] {processor.py:830} INFO - Processing file /home/airflow/.local/lib/python3.12/site-packages/airflow/example_dags/tutorial_objectstorage.py for tasks to queue
[2026-05-09T19:47:12.551+0000] {logging_mixin.py:188} INFO - [2026-05-09T19:47:12.551+0000] {dagbag.py:545} INFO - Filling up the DagBag from /home/airflow/.local/lib/python3.12/site-packages/airflow/example_dags/tutorial_objectstorage.py
[2026-05-09T19:47:12.559+0000] {processor.py:840} INFO - DAG(s) 'tutorial_objectstorage' retrieved from /home/airflow/.local/lib/python3.12/site-packages/airflow/example_dags/tutorial_objectstorage.py
[2026-05-09T19:47:12.580+0000] {logging_mixin.py:188} INFO - [2026-05-09T19:47:12.580+0000] {dag.py:3096} INFO - Sync 1 DAGs
[2026-05-09T19:47:12.594+0000] {logging_mixin.py:188} INFO - [2026-05-09T19:47:12.594+0000] {dag.py:3954} INFO - Setting next_dagrun for tutorial_objectstorage to None, run_after=None
[2026-05-09T19:47:12.619+0000] {processor.py:183} INFO - Processing /home/airflow/.local/lib/python3.12/site-packages/airflow/example_dags/tutorial_objectstorage.py took 0.077 seconds
[2026-05-09T19:47:43.781+0000] {processor.py:161} INFO - Started process (PID=6494) to work on /home/airflow/.local/lib/python3.12/site-packages/airflow/example_dags/tutorial_objectstorage.py
[2026-05-09T19:47:43.782+0000] {processor.py:830} INFO - Processing file /home/airflow/.local/lib/python3.12/site-packages/airflow/example_dags/tutorial_objectstorage.py for tasks to queue
[2026-05-09T19:47:43.784+0000] {logging_mixin.py:188} INFO - [2026-05-09T19:47:43.783+0000] {dagbag.py:545} INFO - Filling up the DagBag from /home/airflow/.local/lib/python3.12/site-packages/airflow/example_dags/tutorial_objectstorage.py
[2026-05-09T19:47:43.792+0000] {processor.py:840} INFO - DAG(s) 'tutorial_objectstorage' retrieved from /home/airflow/.local/lib/python3.12/site-packages/airflow/example_dags/tutorial_objectstorage.py
[2026-05-09T19:47:43.814+0000] {logging_mixin.py:188} INFO - [2026-05-09T19:47:43.814+0000] {dag.py:3096} INFO - Sync 1 DAGs
[2026-05-09T19:47:43.829+0000] {logging_mixin.py:188} INFO - [2026-05-09T19:47:43.829+0000] {dag.py:3954} INFO - Setting next_dagrun for tutorial_objectstorage to None, run_after=None
[2026-05-09T19:47:43.859+0000] {processor.py:183} INFO - Processing /home/airflow/.local/lib/python3.12/site-packages/airflow/example_dags/tutorial_objectstorage.py took 0.085 seconds
[2026-05-09T19:48:14.206+0000] {processor.py:161} INFO - Started process (PID=6553) to work on /home/airflow/.local/lib/python3.12/site-packages/airflow/example_dags/tutorial_objectstorage.py
[2026-05-09T19:48:14.207+0000] {processor.py:830} INFO - Processing file /home/airflow/.local/lib/python3.12/site-packages/airflow/example_dags/tutorial_objectstorage.py for tasks to queue
[2026-05-09T19:48:14.209+0000] {logging_mixin.py:188} INFO - [2026-05-09T19:48:14.208+0000] {dagbag.py:545} INFO - Filling up the DagBag from /home/airflow/.local/lib/python3.12/site-packages/airflow/example_dags/tutorial_objectstorage.py
[2026-05-09T19:48:14.216+0000] {processor.py:840} INFO - DAG(s) 'tutorial_objectstorage' retrieved from /home/airflow/.local/lib/python3.12/site-packages/airflow/example_dags/tutorial_objectstorage.py
[2026-05-09T19:48:14.239+0000] {logging_mixin.py:188} INFO - [2026-05-09T19:48:14.238+0000] {dag.py:3096} INFO - Sync 1 DAGs
[2026-05-09T19:48:14.253+0000] {logging_mixin.py:188} INFO - [2026-05-09T19:48:14.253+0000] {dag.py:3954} INFO - Setting next_dagrun for tutorial_objectstorage to None, run_after=None
[2026-05-09T19:48:14.279+0000] {processor.py:183} INFO - Processing /home/airflow/.local/lib/python3.12/site-packages/airflow/example_dags/tutorial_objectstorage.py took 0.078 seconds
[2026-05-09T19:48:45.064+0000] {processor.py:161} INFO - Started process (PID=6612) to work on /home/airflow/.local/lib/python3.12/site-packages/airflow/example_dags/tutorial_objectstorage.py
[2026-05-09T19:48:45.065+0000] {processor.py:830} INFO - Processing file /home/airflow/.local/lib/python3.12/site-packages/airflow/example_dags/tutorial_objectstorage.py for tasks to queue
[2026-05-09T19:48:45.067+0000] {logging_mixin.py:188} INFO - [2026-05-09T19:48:45.067+0000] {dagbag.py:545} INFO - Filling up the DagBag from /home/airflow/.local/lib/python3.12/site-packages/airflow/example_dags/tutorial_objectstorage.py
[2026-05-09T19:48:45.075+0000] {processor.py:840} INFO - DAG(s) 'tutorial_objectstorage' retrieved from /home/airflow/.local/lib/python3.12/site-packages/airflow/example_dags/tutorial_objectstorage.py
[2026-05-09T19:48:45.102+0000] {logging_mixin.py:188} INFO - [2026-05-09T19:48:45.102+0000] {dag.py:3096} INFO - Sync 1 DAGs
[2026-05-09T19:48:45.117+0000] {logging_mixin.py:188} INFO - [2026-05-09T19:48:45.117+0000] {dag.py:3954} INFO - Setting next_dagrun for tutorial_objectstorage to None, run_after=None
[2026-05-09T19:48:45.146+0000] {processor.py:183} INFO - Processing /home/airflow/.local/lib/python3.12/site-packages/airflow/example_dags/tutorial_objectstorage.py took 0.089 seconds
[2026-05-09T19:49:16.188+0000] {processor.py:161} INFO - Started process (PID=6672) to work on /home/airflow/.local/lib/python3.12/site-packages/airflow/example_dags/tutorial_objectstorage.py
[2026-05-09T19:49:16.189+0000] {processor.py:830} INFO - Processing file /home/airflow/.local/lib/python3.12/site-packages/airflow/example_dags/tutorial_objectstorage.py for tasks to queue
[2026-05-09T19:49:16.191+0000] {logging_mixin.py:188} INFO - [2026-05-09T19:49:16.191+0000] {dagbag.py:545} INFO - Filling up the DagBag from /home/airflow/.local/lib/python3.12/site-packages/airflow/example_dags/tutorial_objectstorage.py
[2026-05-09T19:49:16.198+0000] {processor.py:840} INFO - DAG(s) 'tutorial_objectstorage' retrieved from /home/airflow/.local/lib/python3.12/site-packages/airflow/example_dags/tutorial_objectstorage.py
[2026-05-09T19:49:16.219+0000] {logging_mixin.py:188} INFO - [2026-05-09T19:49:16.218+0000] {dag.py:3096} INFO - Sync 1 DAGs
[2026-05-09T19:49:16.232+0000] {logging_mixin.py:188} INFO - [2026-05-09T19:49:16.232+0000] {dag.py:3954} INFO - Setting next_dagrun for tutorial_objectstorage to None, run_after=None
[2026-05-09T19:49:16.253+0000] {processor.py:183} INFO - Processing /home/airflow/.local/lib/python3.12/site-packages/airflow/example_dags/tutorial_objectstorage.py took 0.071 seconds
[2026-05-09T19:49:46.788+0000] {processor.py:161} INFO - Started process (PID=6731) to work on /home/airflow/.local/lib/python3.12/site-packages/airflow/example_dags/tutorial_objectstorage.py
[2026-05-09T19:49:46.789+0000] {processor.py:830} INFO - Processing file /home/airflow/.local/lib/python3.12/site-packages/airflow/example_dags/tutorial_objectstorage.py for tasks to queue
[2026-05-09T19:49:46.791+0000] {logging_mixin.py:188} INFO - [2026-05-09T19:49:46.791+0000] {dagbag.py:545} INFO - Filling up the DagBag from /home/airflow/.local/lib/python3.12/site-packages/airflow/example_dags/tutorial_objectstorage.py
[2026-05-09T19:49:46.798+0000] {processor.py:840} INFO - DAG(s) 'tutorial_objectstorage' retrieved from /home/airflow/.local/lib/python3.12/site-packages/airflow/example_dags/tutorial_objectstorage.py
[2026-05-09T19:49:46.819+0000] {logging_mixin.py:188} INFO - [2026-05-09T19:49:46.819+0000] {dag.py:3096} INFO - Sync 1 DAGs
[2026-05-09T19:49:46.836+0000] {logging_mixin.py:188} INFO - [2026-05-09T19:49:46.836+0000] {dag.py:3954} INFO - Setting next_dagrun for tutorial_objectstorage to None, run_after=None
[2026-05-09T19:49:46.872+0000] {processor.py:183} INFO - Processing /home/airflow/.local/lib/python3.12/site-packages/airflow/example_dags/tutorial_objectstorage.py took 0.090 seconds
[2026-05-09T19:50:17.732+0000] {processor.py:161} INFO - Started process (PID=6791) to work on /home/airflow/.local/lib/python3.12/site-packages/airflow/example_dags/tutorial_objectstorage.py
[2026-05-09T19:50:17.733+0000] {processor.py:830} INFO - Processing file /home/airflow/.local/lib/python3.12/site-packages/airflow/example_dags/tutorial_objectstorage.py for tasks to queue
[2026-05-09T19:50:17.735+0000] {logging_mixin.py:188} INFO - [2026-05-09T19:50:17.735+0000] {dagbag.py:545} INFO - Filling up the DagBag from /home/airflow/.local/lib/python3.12/site-packages/airflow/example_dags/tutorial_objectstorage.py
[2026-05-09T19:50:17.742+0000] {processor.py:840} INFO - DAG(s) 'tutorial_objectstorage' retrieved from /home/airflow/.local/lib/python3.12/site-packages/airflow/example_dags/tutorial_objectstorage.py
[2026-05-09T19:50:17.762+0000] {logging_mixin.py:188} INFO - [2026-05-09T19:50:17.762+0000] {dag.py:3096} INFO - Sync 1 DAGs
[2026-05-09T19:50:17.776+0000] {logging_mixin.py:188} INFO - [2026-05-09T19:50:17.775+0000] {dag.py:3954} INFO - Setting next_dagrun for tutorial_objectstorage to None, run_after=None
[2026-05-09T19:50:17.799+0000] {processor.py:183} INFO - Processing /home/airflow/.local/lib/python3.12/site-packages/airflow/example_dags/tutorial_objectstorage.py took 0.072 seconds
[2026-05-09T19:50:48.793+0000] {processor.py:161} INFO - Started process (PID=6850) to work on /home/airflow/.local/lib/python3.12/site-packages/airflow/example_dags/tutorial_objectstorage.py
[2026-05-09T19:50:48.794+0000] {processor.py:830} INFO - Processing file /home/airflow/.local/lib/python3.12/site-packages/airflow/example_dags/tutorial_objectstorage.py for tasks to queue
[2026-05-09T19:50:48.797+0000] {logging_mixin.py:188} INFO - [2026-05-09T19:50:48.797+0000] {dagbag.py:545} INFO - Filling up the DagBag from /home/airflow/.local/lib/python3.12/site-packages/airflow/example_dags/tutorial_objectstorage.py
[2026-05-09T19:50:48.807+0000] {processor.py:840} INFO - DAG(s) 'tutorial_objectstorage' retrieved from /home/airflow/.local/lib/python3.12/site-packages/airflow/example_dags/tutorial_objectstorage.py
[2026-05-09T19:50:48.845+0000] {logging_mixin.py:188} INFO - [2026-05-09T19:50:48.844+0000] {dag.py:3096} INFO - Sync 1 DAGs
[2026-05-09T19:50:48.867+0000] {logging_mixin.py:188} INFO - [2026-05-09T19:50:48.867+0000] {dag.py:3954} INFO - Setting next_dagrun for tutorial_objectstorage to None, run_after=None
[2026-05-09T19:50:48.908+0000] {processor.py:183} INFO - Processing /home/airflow/.local/lib/python3.12/site-packages/airflow/example_dags/tutorial_objectstorage.py took 0.122 seconds
[2026-05-09T19:51:19.923+0000] {processor.py:161} INFO - Started process (PID=6909) to work on /home/airflow/.local/lib/python3.12/site-packages/airflow/example_dags/tutorial_objectstorage.py
[2026-05-09T19:51:19.924+0000] {processor.py:830} INFO - Processing file /home/airflow/.local/lib/python3.12/site-packages/airflow/example_dags/tutorial_objectstorage.py for tasks to queue
[2026-05-09T19:51:19.927+0000] {logging_mixin.py:188} INFO - [2026-05-09T19:51:19.927+0000] {dagbag.py:545} INFO - Filling up the DagBag from /home/airflow/.local/lib/python3.12/site-packages/airflow/example_dags/tutorial_objectstorage.py
[2026-05-09T19:51:19.935+0000] {processor.py:840} INFO - DAG(s) 'tutorial_objectstorage' retrieved from /home/airflow/.local/lib/python3.12/site-packages/airflow/example_dags/tutorial_objectstorage.py
[2026-05-09T19:51:19.961+0000] {logging_mixin.py:188} INFO - [2026-05-09T19:51:19.960+0000] {dag.py:3096} INFO - Sync 1 DAGs
[2026-05-09T19:51:19.977+0000] {logging_mixin.py:188} INFO - [2026-05-09T19:51:19.976+0000] {dag.py:3954} INFO - Setting next_dagrun for tutorial_objectstorage to None, run_after=None
[2026-05-09T19:51:20.006+0000] {processor.py:183} INFO - Processing /home/airflow/.local/lib/python3.12/site-packages/airflow/example_dags/tutorial_objectstorage.py took 0.089 seconds
[2026-05-09T19:51:50.399+0000] {processor.py:161} INFO - Started process (PID=6968) to work on /home/airflow/.local/lib/python3.12/site-packages/airflow/example_dags/tutorial_objectstorage.py
[2026-05-09T19:51:50.400+0000] {processor.py:830} INFO - Processing file /home/airflow/.local/lib/python3.12/site-packages/airflow/example_dags/tutorial_objectstorage.py for tasks to queue
[2026-05-09T19:51:50.402+0000] {logging_mixin.py:188} INFO - [2026-05-09T19:51:50.402+0000] {dagbag.py:545} INFO - Filling up the DagBag from /home/airflow/.local/lib/python3.12/site-packages/airflow/example_dags/tutorial_objectstorage.py
[2026-05-09T19:51:50.409+0000] {processor.py:840} INFO - DAG(s) 'tutorial_objectstorage' retrieved from /home/airflow/.local/lib/python3.12/site-packages/airflow/example_dags/tutorial_objectstorage.py
[2026-05-09T19:51:50.429+0000] {logging_mixin.py:188} INFO - [2026-05-09T19:51:50.429+0000] {dag.py:3096} INFO - Sync 1 DAGs
[2026-05-09T19:51:50.443+0000] {logging_mixin.py:188} INFO - [2026-05-09T19:51:50.443+0000] {dag.py:3954} INFO - Setting next_dagrun for tutorial_objectstorage to None, run_after=None
[2026-05-09T19:51:50.467+0000] {processor.py:183} INFO - Processing /home/airflow/.local/lib/python3.12/site-packages/airflow/example_dags/tutorial_objectstorage.py took 0.074 seconds
[2026-05-09T19:52:21.190+0000] {processor.py:161} INFO - Started process (PID=7027) to work on /home/airflow/.local/lib/python3.12/site-packages/airflow/example_dags/tutorial_objectstorage.py
[2026-05-09T19:52:21.191+0000] {processor.py:830} INFO - Processing file /home/airflow/.local/lib/python3.12/site-packages/airflow/example_dags/tutorial_objectstorage.py for tasks to queue
[2026-05-09T19:52:21.194+0000] {logging_mixin.py:188} INFO - [2026-05-09T19:52:21.193+0000] {dagbag.py:545} INFO - Filling up the DagBag from /home/airflow/.local/lib/python3.12/site-packages/airflow/example_dags/tutorial_objectstorage.py
[2026-05-09T19:52:21.200+0000] {processor.py:840} INFO - DAG(s) 'tutorial_objectstorage' retrieved from /home/airflow/.local/lib/python3.12/site-packages/airflow/example_dags/tutorial_objectstorage.py
[2026-05-09T19:52:21.220+0000] {logging_mixin.py:188} INFO - [2026-05-09T19:52:21.219+0000] {dag.py:3096} INFO - Sync 1 DAGs
[2026-05-09T19:52:21.232+0000] {logging_mixin.py:188} INFO - [2026-05-09T19:52:21.232+0000] {dag.py:3954} INFO - Setting next_dagrun for tutorial_objectstorage to None, run_after=None
[2026-05-09T19:52:21.258+0000] {processor.py:183} INFO - Processing /home/airflow/.local/lib/python3.12/site-packages/airflow/example_dags/tutorial_objectstorage.py took 0.073 seconds
[2026-05-09T19:52:52.447+0000] {processor.py:161} INFO - Started process (PID=7086) to work on /home/airflow/.local/lib/python3.12/site-packages/airflow/example_dags/tutorial_objectstorage.py
[2026-05-09T19:52:52.449+0000] {processor.py:830} INFO - Processing file /home/airflow/.local/lib/python3.12/site-packages/airflow/example_dags/tutorial_objectstorage.py for tasks to queue
[2026-05-09T19:52:52.452+0000] {logging_mixin.py:188} INFO - [2026-05-09T19:52:52.451+0000] {dagbag.py:545} INFO - Filling up the DagBag from /home/airflow/.local/lib/python3.12/site-packages/airflow/example_dags/tutorial_objectstorage.py
[2026-05-09T19:52:52.462+0000] {processor.py:840} INFO - DAG(s) 'tutorial_objectstorage' retrieved from /home/airflow/.local/lib/python3.12/site-packages/airflow/example_dags/tutorial_objectstorage.py
[2026-05-09T19:52:52.491+0000] {logging_mixin.py:188} INFO - [2026-05-09T19:52:52.491+0000] {dag.py:3096} INFO - Sync 1 DAGs
[2026-05-09T19:52:52.509+0000] {logging_mixin.py:188} INFO - [2026-05-09T19:52:52.508+0000] {dag.py:3954} INFO - Setting next_dagrun for tutorial_objectstorage to None, run_after=None
[2026-05-09T19:52:52.545+0000] {processor.py:183} INFO - Processing /home/airflow/.local/lib/python3.12/site-packages/airflow/example_dags/tutorial_objectstorage.py took 0.107 seconds
[2026-05-09T19:53:23.446+0000] {processor.py:161} INFO - Started process (PID=7145) to work on /home/airflow/.local/lib/python3.12/site-packages/airflow/example_dags/tutorial_objectstorage.py
[2026-05-09T19:53:23.447+0000] {processor.py:830} INFO - Processing file /home/airflow/.local/lib/python3.12/site-packages/airflow/example_dags/tutorial_objectstorage.py for tasks to queue
[2026-05-09T19:53:23.449+0000] {logging_mixin.py:188} INFO - [2026-05-09T19:53:23.449+0000] {dagbag.py:545} INFO - Filling up the DagBag from /home/airflow/.local/lib/python3.12/site-packages/airflow/example_dags/tutorial_objectstorage.py
[2026-05-09T19:53:23.460+0000] {processor.py:840} INFO - DAG(s) 'tutorial_objectstorage' retrieved from /home/airflow/.local/lib/python3.12/site-packages/airflow/example_dags/tutorial_objectstorage.py
[2026-05-09T19:53:23.489+0000] {logging_mixin.py:188} INFO - [2026-05-09T19:53:23.489+0000] {dag.py:3096} INFO - Sync 1 DAGs
[2026-05-09T19:53:23.514+0000] {logging_mixin.py:188} INFO - [2026-05-09T19:53:23.514+0000] {dag.py:3954} INFO - Setting next_dagrun for tutorial_objectstorage to None, run_after=None
[2026-05-09T19:53:23.546+0000] {processor.py:183} INFO - Processing /home/airflow/.local/lib/python3.12/site-packages/airflow/example_dags/tutorial_objectstorage.py took 0.105 seconds
[2026-05-09T19:53:54.312+0000] {processor.py:161} INFO - Started process (PID=7204) to work on /home/airflow/.local/lib/python3.12/site-packages/airflow/example_dags/tutorial_objectstorage.py
[2026-05-09T19:53:54.313+0000] {processor.py:830} INFO - Processing file /home/airflow/.local/lib/python3.12/site-packages/airflow/example_dags/tutorial_objectstorage.py for tasks to queue
[2026-05-09T19:53:54.315+0000] {logging_mixin.py:188} INFO - [2026-05-09T19:53:54.314+0000] {dagbag.py:545} INFO - Filling up the DagBag from /home/airflow/.local/lib/python3.12/site-packages/airflow/example_dags/tutorial_objectstorage.py
[2026-05-09T19:53:54.321+0000] {processor.py:840} INFO - DAG(s) 'tutorial_objectstorage' retrieved from /home/airflow/.local/lib/python3.12/site-packages/airflow/example_dags/tutorial_objectstorage.py
[2026-05-09T19:53:54.339+0000] {logging_mixin.py:188} INFO - [2026-05-09T19:53:54.339+0000] {dag.py:3096} INFO - Sync 1 DAGs
[2026-05-09T19:53:54.353+0000] {logging_mixin.py:188} INFO - [2026-05-09T19:53:54.353+0000] {dag.py:3954} INFO - Setting next_dagrun for tutorial_objectstorage to None, run_after=None
[2026-05-09T19:53:54.377+0000] {processor.py:183} INFO - Processing /home/airflow/.local/lib/python3.12/site-packages/airflow/example_dags/tutorial_objectstorage.py took 0.071 seconds
[2026-05-09T19:54:24.710+0000] {processor.py:161} INFO - Started process (PID=7263) to work on /home/airflow/.local/lib/python3.12/site-packages/airflow/example_dags/tutorial_objectstorage.py
[2026-05-09T19:54:24.711+0000] {processor.py:830} INFO - Processing file /home/airflow/.local/lib/python3.12/site-packages/airflow/example_dags/tutorial_objectstorage.py for tasks to queue
[2026-05-09T19:54:24.713+0000] {logging_mixin.py:188} INFO - [2026-05-09T19:54:24.712+0000] {dagbag.py:545} INFO - Filling up the DagBag from /home/airflow/.local/lib/python3.12/site-packages/airflow/example_dags/tutorial_objectstorage.py
[2026-05-09T19:54:24.719+0000] {processor.py:840} INFO - DAG(s) 'tutorial_objectstorage' retrieved from /home/airflow/.local/lib/python3.12/site-packages/airflow/example_dags/tutorial_objectstorage.py
[2026-05-09T19:54:24.740+0000] {logging_mixin.py:188} INFO - [2026-05-09T19:54:24.739+0000] {dag.py:3096} INFO - Sync 1 DAGs
[2026-05-09T19:54:24.753+0000] {logging_mixin.py:188} INFO - [2026-05-09T19:54:24.752+0000] {dag.py:3954} INFO - Setting next_dagrun for tutorial_objectstorage to None, run_after=None
[2026-05-09T19:54:24.782+0000] {processor.py:183} INFO - Processing /home/airflow/.local/lib/python3.12/site-packages/airflow/example_dags/tutorial_objectstorage.py took 0.078 seconds
