[2026-05-09T18:56:51.189+0000] {processor.py:161} INFO - Started process (PID=630) to work on /opt/airflow/dags/taxi-pipeline.py
[2026-05-09T18:56:51.193+0000] {processor.py:830} INFO - Processing file /opt/airflow/dags/taxi-pipeline.py for tasks to queue
[2026-05-09T18:56:51.208+0000] {logging_mixin.py:188} INFO - [2026-05-09T18:56:51.206+0000] {dagbag.py:545} INFO - Filling up the DagBag from /opt/airflow/dags/taxi-pipeline.py
[2026-05-09T18:56:51.284+0000] {processor.py:840} INFO - DAG(s) 'taxi_pipeline' retrieved from /opt/airflow/dags/taxi-pipeline.py
[2026-05-09T18:56:51.753+0000] {logging_mixin.py:188} INFO - [2026-05-09T18:56:51.746+0000] {override.py:1829} INFO - Created Permission View: can edit on DAG:taxi_pipeline
[2026-05-09T18:56:51.784+0000] {logging_mixin.py:188} INFO - [2026-05-09T18:56:51.784+0000] {override.py:1829} INFO - Created Permission View: can read on DAG:taxi_pipeline
[2026-05-09T18:56:51.798+0000] {logging_mixin.py:188} INFO - [2026-05-09T18:56:51.797+0000] {override.py:1829} INFO - Created Permission View: can delete on DAG:taxi_pipeline
[2026-05-09T18:56:51.799+0000] {logging_mixin.py:188} INFO - [2026-05-09T18:56:51.798+0000] {dag.py:3096} INFO - Sync 1 DAGs
[2026-05-09T18:56:51.865+0000] {logging_mixin.py:188} INFO - [2026-05-09T18:56:51.865+0000] {dag.py:3118} INFO - Creating ORM DAG for taxi_pipeline
[2026-05-09T18:56:51.901+0000] {logging_mixin.py:188} INFO - [2026-05-09T18:56:51.901+0000] {dag.py:3954} INFO - Setting next_dagrun for taxi_pipeline to 2026-04-01 00:00:00+00:00, run_after=2026-05-01 00:00:00+00:00
[2026-05-09T18:56:52.991+0000] {processor.py:183} INFO - Processing /opt/airflow/dags/taxi-pipeline.py took 1.616 seconds
[2026-05-09T18:57:23.702+0000] {processor.py:161} INFO - Started process (PID=689) to work on /opt/airflow/dags/taxi-pipeline.py
[2026-05-09T18:57:23.703+0000] {processor.py:830} INFO - Processing file /opt/airflow/dags/taxi-pipeline.py for tasks to queue
[2026-05-09T18:57:23.705+0000] {logging_mixin.py:188} INFO - [2026-05-09T18:57:23.705+0000] {dagbag.py:545} INFO - Filling up the DagBag from /opt/airflow/dags/taxi-pipeline.py
[2026-05-09T18:57:23.724+0000] {processor.py:840} INFO - DAG(s) 'taxi_pipeline' retrieved from /opt/airflow/dags/taxi-pipeline.py
[2026-05-09T18:57:23.744+0000] {logging_mixin.py:188} INFO - [2026-05-09T18:57:23.743+0000] {dag.py:3096} INFO - Sync 1 DAGs
[2026-05-09T18:57:23.770+0000] {logging_mixin.py:188} INFO - [2026-05-09T18:57:23.770+0000] {dag.py:3954} INFO - Setting next_dagrun for taxi_pipeline to 2026-04-01 00:00:00+00:00, run_after=2026-05-01 00:00:00+00:00
[2026-05-09T18:57:23.803+0000] {processor.py:183} INFO - Processing /opt/airflow/dags/taxi-pipeline.py took 0.106 seconds
[2026-05-09T18:57:55.084+0000] {processor.py:161} INFO - Started process (PID=748) to work on /opt/airflow/dags/taxi-pipeline.py
[2026-05-09T18:57:55.085+0000] {processor.py:830} INFO - Processing file /opt/airflow/dags/taxi-pipeline.py for tasks to queue
[2026-05-09T18:57:55.088+0000] {logging_mixin.py:188} INFO - [2026-05-09T18:57:55.087+0000] {dagbag.py:545} INFO - Filling up the DagBag from /opt/airflow/dags/taxi-pipeline.py
[2026-05-09T18:57:55.106+0000] {processor.py:840} INFO - DAG(s) 'taxi_pipeline' retrieved from /opt/airflow/dags/taxi-pipeline.py
[2026-05-09T18:57:55.127+0000] {logging_mixin.py:188} INFO - [2026-05-09T18:57:55.127+0000] {dag.py:3096} INFO - Sync 1 DAGs
[2026-05-09T18:57:55.151+0000] {logging_mixin.py:188} INFO - [2026-05-09T18:57:55.151+0000] {dag.py:3954} INFO - Setting next_dagrun for taxi_pipeline to 2026-04-01 00:00:00+00:00, run_after=2026-05-01 00:00:00+00:00
[2026-05-09T18:57:55.184+0000] {processor.py:183} INFO - Processing /opt/airflow/dags/taxi-pipeline.py took 0.106 seconds
[2026-05-09T18:58:26.111+0000] {processor.py:161} INFO - Started process (PID=808) to work on /opt/airflow/dags/taxi-pipeline.py
[2026-05-09T18:58:26.113+0000] {processor.py:830} INFO - Processing file /opt/airflow/dags/taxi-pipeline.py for tasks to queue
[2026-05-09T18:58:26.115+0000] {logging_mixin.py:188} INFO - [2026-05-09T18:58:26.114+0000] {dagbag.py:545} INFO - Filling up the DagBag from /opt/airflow/dags/taxi-pipeline.py
[2026-05-09T18:58:26.133+0000] {processor.py:840} INFO - DAG(s) 'taxi_pipeline' retrieved from /opt/airflow/dags/taxi-pipeline.py
[2026-05-09T18:58:26.152+0000] {logging_mixin.py:188} INFO - [2026-05-09T18:58:26.152+0000] {dag.py:3096} INFO - Sync 1 DAGs
[2026-05-09T18:58:26.174+0000] {logging_mixin.py:188} INFO - [2026-05-09T18:58:26.174+0000] {dag.py:3954} INFO - Setting next_dagrun for taxi_pipeline to 2026-04-01 00:00:00+00:00, run_after=2026-05-01 00:00:00+00:00
[2026-05-09T18:58:26.197+0000] {processor.py:183} INFO - Processing /opt/airflow/dags/taxi-pipeline.py took 0.090 seconds
[2026-05-09T18:58:56.670+0000] {processor.py:161} INFO - Started process (PID=867) to work on /opt/airflow/dags/taxi-pipeline.py
[2026-05-09T18:58:56.671+0000] {processor.py:830} INFO - Processing file /opt/airflow/dags/taxi-pipeline.py for tasks to queue
[2026-05-09T18:58:56.673+0000] {logging_mixin.py:188} INFO - [2026-05-09T18:58:56.673+0000] {dagbag.py:545} INFO - Filling up the DagBag from /opt/airflow/dags/taxi-pipeline.py
[2026-05-09T18:58:56.692+0000] {processor.py:840} INFO - DAG(s) 'taxi_pipeline' retrieved from /opt/airflow/dags/taxi-pipeline.py
[2026-05-09T18:58:56.712+0000] {logging_mixin.py:188} INFO - [2026-05-09T18:58:56.712+0000] {dag.py:3096} INFO - Sync 1 DAGs
[2026-05-09T18:58:56.735+0000] {logging_mixin.py:188} INFO - [2026-05-09T18:58:56.735+0000] {dag.py:3954} INFO - Setting next_dagrun for taxi_pipeline to 2026-04-01 00:00:00+00:00, run_after=2026-05-01 00:00:00+00:00
[2026-05-09T18:58:56.759+0000] {processor.py:183} INFO - Processing /opt/airflow/dags/taxi-pipeline.py took 0.095 seconds
[2026-05-09T18:59:27.286+0000] {processor.py:161} INFO - Started process (PID=926) to work on /opt/airflow/dags/taxi-pipeline.py
[2026-05-09T18:59:27.288+0000] {processor.py:830} INFO - Processing file /opt/airflow/dags/taxi-pipeline.py for tasks to queue
[2026-05-09T18:59:27.291+0000] {logging_mixin.py:188} INFO - [2026-05-09T18:59:27.291+0000] {dagbag.py:545} INFO - Filling up the DagBag from /opt/airflow/dags/taxi-pipeline.py
[2026-05-09T18:59:27.311+0000] {processor.py:840} INFO - DAG(s) 'taxi_pipeline' retrieved from /opt/airflow/dags/taxi-pipeline.py
[2026-05-09T18:59:27.332+0000] {logging_mixin.py:188} INFO - [2026-05-09T18:59:27.332+0000] {dag.py:3096} INFO - Sync 1 DAGs
[2026-05-09T18:59:27.357+0000] {logging_mixin.py:188} INFO - [2026-05-09T18:59:27.357+0000] {dag.py:3954} INFO - Setting next_dagrun for taxi_pipeline to 2026-04-01 00:00:00+00:00, run_after=2026-05-01 00:00:00+00:00
[2026-05-09T18:59:27.383+0000] {processor.py:183} INFO - Processing /opt/airflow/dags/taxi-pipeline.py took 0.103 seconds
[2026-05-09T18:59:58.148+0000] {processor.py:161} INFO - Started process (PID=985) to work on /opt/airflow/dags/taxi-pipeline.py
[2026-05-09T18:59:58.149+0000] {processor.py:830} INFO - Processing file /opt/airflow/dags/taxi-pipeline.py for tasks to queue
[2026-05-09T18:59:58.152+0000] {logging_mixin.py:188} INFO - [2026-05-09T18:59:58.151+0000] {dagbag.py:545} INFO - Filling up the DagBag from /opt/airflow/dags/taxi-pipeline.py
[2026-05-09T18:59:58.170+0000] {processor.py:840} INFO - DAG(s) 'taxi_pipeline' retrieved from /opt/airflow/dags/taxi-pipeline.py
[2026-05-09T18:59:58.189+0000] {logging_mixin.py:188} INFO - [2026-05-09T18:59:58.189+0000] {dag.py:3096} INFO - Sync 1 DAGs
[2026-05-09T18:59:58.211+0000] {logging_mixin.py:188} INFO - [2026-05-09T18:59:58.211+0000] {dag.py:3954} INFO - Setting next_dagrun for taxi_pipeline to 2026-04-01 00:00:00+00:00, run_after=2026-05-01 00:00:00+00:00
[2026-05-09T18:59:58.234+0000] {processor.py:183} INFO - Processing /opt/airflow/dags/taxi-pipeline.py took 0.091 seconds
[2026-05-09T19:00:28.691+0000] {processor.py:161} INFO - Started process (PID=1044) to work on /opt/airflow/dags/taxi-pipeline.py
[2026-05-09T19:00:28.692+0000] {processor.py:830} INFO - Processing file /opt/airflow/dags/taxi-pipeline.py for tasks to queue
[2026-05-09T19:00:28.695+0000] {logging_mixin.py:188} INFO - [2026-05-09T19:00:28.695+0000] {dagbag.py:545} INFO - Filling up the DagBag from /opt/airflow/dags/taxi-pipeline.py
[2026-05-09T19:00:28.713+0000] {processor.py:840} INFO - DAG(s) 'taxi_pipeline' retrieved from /opt/airflow/dags/taxi-pipeline.py
[2026-05-09T19:00:28.734+0000] {logging_mixin.py:188} INFO - [2026-05-09T19:00:28.734+0000] {dag.py:3096} INFO - Sync 1 DAGs
[2026-05-09T19:00:28.757+0000] {logging_mixin.py:188} INFO - [2026-05-09T19:00:28.757+0000] {dag.py:3954} INFO - Setting next_dagrun for taxi_pipeline to 2026-04-01 00:00:00+00:00, run_after=2026-05-01 00:00:00+00:00
[2026-05-09T19:00:28.782+0000] {processor.py:183} INFO - Processing /opt/airflow/dags/taxi-pipeline.py took 0.097 seconds
[2026-05-09T19:00:59.578+0000] {processor.py:161} INFO - Started process (PID=1103) to work on /opt/airflow/dags/taxi-pipeline.py
[2026-05-09T19:00:59.579+0000] {processor.py:830} INFO - Processing file /opt/airflow/dags/taxi-pipeline.py for tasks to queue
[2026-05-09T19:00:59.582+0000] {logging_mixin.py:188} INFO - [2026-05-09T19:00:59.581+0000] {dagbag.py:545} INFO - Filling up the DagBag from /opt/airflow/dags/taxi-pipeline.py
[2026-05-09T19:00:59.603+0000] {processor.py:840} INFO - DAG(s) 'taxi_pipeline' retrieved from /opt/airflow/dags/taxi-pipeline.py
[2026-05-09T19:00:59.627+0000] {logging_mixin.py:188} INFO - [2026-05-09T19:00:59.627+0000] {dag.py:3096} INFO - Sync 1 DAGs
[2026-05-09T19:00:59.653+0000] {logging_mixin.py:188} INFO - [2026-05-09T19:00:59.653+0000] {dag.py:3954} INFO - Setting next_dagrun for taxi_pipeline to 2026-04-01 00:00:00+00:00, run_after=2026-05-01 00:00:00+00:00
[2026-05-09T19:00:59.679+0000] {processor.py:183} INFO - Processing /opt/airflow/dags/taxi-pipeline.py took 0.106 seconds
[2026-05-09T19:01:30.385+0000] {processor.py:161} INFO - Started process (PID=1162) to work on /opt/airflow/dags/taxi-pipeline.py
[2026-05-09T19:01:30.386+0000] {processor.py:830} INFO - Processing file /opt/airflow/dags/taxi-pipeline.py for tasks to queue
[2026-05-09T19:01:30.389+0000] {logging_mixin.py:188} INFO - [2026-05-09T19:01:30.388+0000] {dagbag.py:545} INFO - Filling up the DagBag from /opt/airflow/dags/taxi-pipeline.py
[2026-05-09T19:01:30.409+0000] {processor.py:840} INFO - DAG(s) 'taxi_pipeline' retrieved from /opt/airflow/dags/taxi-pipeline.py
[2026-05-09T19:01:30.430+0000] {logging_mixin.py:188} INFO - [2026-05-09T19:01:30.430+0000] {dag.py:3096} INFO - Sync 1 DAGs
[2026-05-09T19:01:30.454+0000] {logging_mixin.py:188} INFO - [2026-05-09T19:01:30.453+0000] {dag.py:3954} INFO - Setting next_dagrun for taxi_pipeline to 2026-04-01 00:00:00+00:00, run_after=2026-05-01 00:00:00+00:00
[2026-05-09T19:01:30.479+0000] {processor.py:183} INFO - Processing /opt/airflow/dags/taxi-pipeline.py took 0.099 seconds
[2026-05-09T19:02:01.040+0000] {processor.py:161} INFO - Started process (PID=1221) to work on /opt/airflow/dags/taxi-pipeline.py
[2026-05-09T19:02:01.042+0000] {processor.py:830} INFO - Processing file /opt/airflow/dags/taxi-pipeline.py for tasks to queue
[2026-05-09T19:02:01.044+0000] {logging_mixin.py:188} INFO - [2026-05-09T19:02:01.044+0000] {dagbag.py:545} INFO - Filling up the DagBag from /opt/airflow/dags/taxi-pipeline.py
[2026-05-09T19:02:01.062+0000] {processor.py:840} INFO - DAG(s) 'taxi_pipeline' retrieved from /opt/airflow/dags/taxi-pipeline.py
[2026-05-09T19:02:01.081+0000] {logging_mixin.py:188} INFO - [2026-05-09T19:02:01.080+0000] {dag.py:3096} INFO - Sync 1 DAGs
[2026-05-09T19:02:01.102+0000] {logging_mixin.py:188} INFO - [2026-05-09T19:02:01.101+0000] {dag.py:3954} INFO - Setting next_dagrun for taxi_pipeline to 2026-04-01 00:00:00+00:00, run_after=2026-05-01 00:00:00+00:00
[2026-05-09T19:02:01.123+0000] {processor.py:183} INFO - Processing /opt/airflow/dags/taxi-pipeline.py took 0.088 seconds
[2026-05-09T19:02:31.723+0000] {processor.py:161} INFO - Started process (PID=1280) to work on /opt/airflow/dags/taxi-pipeline.py
[2026-05-09T19:02:31.724+0000] {processor.py:830} INFO - Processing file /opt/airflow/dags/taxi-pipeline.py for tasks to queue
[2026-05-09T19:02:31.727+0000] {logging_mixin.py:188} INFO - [2026-05-09T19:02:31.726+0000] {dagbag.py:545} INFO - Filling up the DagBag from /opt/airflow/dags/taxi-pipeline.py
[2026-05-09T19:02:31.747+0000] {processor.py:840} INFO - DAG(s) 'taxi_pipeline' retrieved from /opt/airflow/dags/taxi-pipeline.py
[2026-05-09T19:02:31.767+0000] {logging_mixin.py:188} INFO - [2026-05-09T19:02:31.767+0000] {dag.py:3096} INFO - Sync 1 DAGs
[2026-05-09T19:02:31.793+0000] {logging_mixin.py:188} INFO - [2026-05-09T19:02:31.793+0000] {dag.py:3954} INFO - Setting next_dagrun for taxi_pipeline to 2026-04-01 00:00:00+00:00, run_after=2026-05-01 00:00:00+00:00
[2026-05-09T19:02:31.817+0000] {processor.py:183} INFO - Processing /opt/airflow/dags/taxi-pipeline.py took 0.100 seconds
[2026-05-09T19:03:02.529+0000] {processor.py:161} INFO - Started process (PID=1339) to work on /opt/airflow/dags/taxi-pipeline.py
[2026-05-09T19:03:02.531+0000] {processor.py:830} INFO - Processing file /opt/airflow/dags/taxi-pipeline.py for tasks to queue
[2026-05-09T19:03:02.534+0000] {logging_mixin.py:188} INFO - [2026-05-09T19:03:02.534+0000] {dagbag.py:545} INFO - Filling up the DagBag from /opt/airflow/dags/taxi-pipeline.py
[2026-05-09T19:03:02.557+0000] {processor.py:840} INFO - DAG(s) 'taxi_pipeline' retrieved from /opt/airflow/dags/taxi-pipeline.py
[2026-05-09T19:03:02.581+0000] {logging_mixin.py:188} INFO - [2026-05-09T19:03:02.580+0000] {dag.py:3096} INFO - Sync 1 DAGs
[2026-05-09T19:03:02.780+0000] {logging_mixin.py:188} INFO - [2026-05-09T19:03:02.779+0000] {dag.py:3954} INFO - Setting next_dagrun for taxi_pipeline to 2026-04-01 00:00:00+00:00, run_after=2026-05-01 00:00:00+00:00
[2026-05-09T19:03:02.807+0000] {processor.py:183} INFO - Processing /opt/airflow/dags/taxi-pipeline.py took 0.287 seconds
[2026-05-09T19:03:33.451+0000] {processor.py:161} INFO - Started process (PID=1398) to work on /opt/airflow/dags/taxi-pipeline.py
[2026-05-09T19:03:33.452+0000] {processor.py:830} INFO - Processing file /opt/airflow/dags/taxi-pipeline.py for tasks to queue
[2026-05-09T19:03:33.454+0000] {logging_mixin.py:188} INFO - [2026-05-09T19:03:33.454+0000] {dagbag.py:545} INFO - Filling up the DagBag from /opt/airflow/dags/taxi-pipeline.py
[2026-05-09T19:03:33.474+0000] {processor.py:840} INFO - DAG(s) 'taxi_pipeline' retrieved from /opt/airflow/dags/taxi-pipeline.py
[2026-05-09T19:03:33.495+0000] {logging_mixin.py:188} INFO - [2026-05-09T19:03:33.494+0000] {dag.py:3096} INFO - Sync 1 DAGs
[2026-05-09T19:03:33.643+0000] {logging_mixin.py:188} INFO - [2026-05-09T19:03:33.643+0000] {dag.py:3954} INFO - Setting next_dagrun for taxi_pipeline to 2026-04-01 00:00:00+00:00, run_after=2026-05-01 00:00:00+00:00
[2026-05-09T19:03:33.666+0000] {processor.py:183} INFO - Processing /opt/airflow/dags/taxi-pipeline.py took 0.221 seconds
[2026-05-09T19:04:04.058+0000] {processor.py:161} INFO - Started process (PID=1457) to work on /opt/airflow/dags/taxi-pipeline.py
[2026-05-09T19:04:04.060+0000] {processor.py:830} INFO - Processing file /opt/airflow/dags/taxi-pipeline.py for tasks to queue
[2026-05-09T19:04:04.062+0000] {logging_mixin.py:188} INFO - [2026-05-09T19:04:04.062+0000] {dagbag.py:545} INFO - Filling up the DagBag from /opt/airflow/dags/taxi-pipeline.py
[2026-05-09T19:04:04.083+0000] {processor.py:840} INFO - DAG(s) 'taxi_pipeline' retrieved from /opt/airflow/dags/taxi-pipeline.py
[2026-05-09T19:04:04.107+0000] {logging_mixin.py:188} INFO - [2026-05-09T19:04:04.107+0000] {dag.py:3096} INFO - Sync 1 DAGs
[2026-05-09T19:04:04.133+0000] {logging_mixin.py:188} INFO - [2026-05-09T19:04:04.133+0000] {dag.py:3954} INFO - Setting next_dagrun for taxi_pipeline to 2026-04-01 00:00:00+00:00, run_after=2026-05-01 00:00:00+00:00
[2026-05-09T19:04:04.158+0000] {processor.py:183} INFO - Processing /opt/airflow/dags/taxi-pipeline.py took 0.106 seconds
[2026-05-09T19:04:34.627+0000] {processor.py:161} INFO - Started process (PID=1516) to work on /opt/airflow/dags/taxi-pipeline.py
[2026-05-09T19:04:34.628+0000] {processor.py:830} INFO - Processing file /opt/airflow/dags/taxi-pipeline.py for tasks to queue
[2026-05-09T19:04:34.631+0000] {logging_mixin.py:188} INFO - [2026-05-09T19:04:34.631+0000] {dagbag.py:545} INFO - Filling up the DagBag from /opt/airflow/dags/taxi-pipeline.py
[2026-05-09T19:04:34.651+0000] {processor.py:840} INFO - DAG(s) 'taxi_pipeline' retrieved from /opt/airflow/dags/taxi-pipeline.py
[2026-05-09T19:04:34.676+0000] {logging_mixin.py:188} INFO - [2026-05-09T19:04:34.676+0000] {dag.py:3096} INFO - Sync 1 DAGs
[2026-05-09T19:04:34.698+0000] {logging_mixin.py:188} INFO - [2026-05-09T19:04:34.698+0000] {dag.py:3954} INFO - Setting next_dagrun for taxi_pipeline to 2026-04-01 00:00:00+00:00, run_after=2026-05-01 00:00:00+00:00
[2026-05-09T19:04:34.723+0000] {processor.py:183} INFO - Processing /opt/airflow/dags/taxi-pipeline.py took 0.102 seconds
[2026-05-09T19:05:05.601+0000] {processor.py:161} INFO - Started process (PID=1575) to work on /opt/airflow/dags/taxi-pipeline.py
[2026-05-09T19:05:05.603+0000] {processor.py:830} INFO - Processing file /opt/airflow/dags/taxi-pipeline.py for tasks to queue
[2026-05-09T19:05:05.606+0000] {logging_mixin.py:188} INFO - [2026-05-09T19:05:05.606+0000] {dagbag.py:545} INFO - Filling up the DagBag from /opt/airflow/dags/taxi-pipeline.py
[2026-05-09T19:05:05.631+0000] {processor.py:840} INFO - DAG(s) 'taxi_pipeline' retrieved from /opt/airflow/dags/taxi-pipeline.py
[2026-05-09T19:05:05.653+0000] {logging_mixin.py:188} INFO - [2026-05-09T19:05:05.653+0000] {dag.py:3096} INFO - Sync 1 DAGs
[2026-05-09T19:05:05.680+0000] {logging_mixin.py:188} INFO - [2026-05-09T19:05:05.680+0000] {dag.py:3954} INFO - Setting next_dagrun for taxi_pipeline to 2026-04-01 00:00:00+00:00, run_after=2026-05-01 00:00:00+00:00
[2026-05-09T19:05:05.721+0000] {processor.py:183} INFO - Processing /opt/airflow/dags/taxi-pipeline.py took 0.128 seconds
[2026-05-09T19:05:36.063+0000] {processor.py:161} INFO - Started process (PID=1634) to work on /opt/airflow/dags/taxi-pipeline.py
[2026-05-09T19:05:36.064+0000] {processor.py:830} INFO - Processing file /opt/airflow/dags/taxi-pipeline.py for tasks to queue
[2026-05-09T19:05:36.068+0000] {logging_mixin.py:188} INFO - [2026-05-09T19:05:36.067+0000] {dagbag.py:545} INFO - Filling up the DagBag from /opt/airflow/dags/taxi-pipeline.py
[2026-05-09T19:05:36.090+0000] {processor.py:840} INFO - DAG(s) 'taxi_pipeline' retrieved from /opt/airflow/dags/taxi-pipeline.py
[2026-05-09T19:05:36.110+0000] {logging_mixin.py:188} INFO - [2026-05-09T19:05:36.110+0000] {dag.py:3096} INFO - Sync 1 DAGs
[2026-05-09T19:05:36.134+0000] {logging_mixin.py:188} INFO - [2026-05-09T19:05:36.133+0000] {dag.py:3954} INFO - Setting next_dagrun for taxi_pipeline to 2026-04-01 00:00:00+00:00, run_after=2026-05-01 00:00:00+00:00
[2026-05-09T19:05:36.157+0000] {processor.py:183} INFO - Processing /opt/airflow/dags/taxi-pipeline.py took 0.100 seconds
[2026-05-09T19:06:07.180+0000] {processor.py:161} INFO - Started process (PID=1693) to work on /opt/airflow/dags/taxi-pipeline.py
[2026-05-09T19:06:07.181+0000] {processor.py:830} INFO - Processing file /opt/airflow/dags/taxi-pipeline.py for tasks to queue
[2026-05-09T19:06:07.184+0000] {logging_mixin.py:188} INFO - [2026-05-09T19:06:07.183+0000] {dagbag.py:545} INFO - Filling up the DagBag from /opt/airflow/dags/taxi-pipeline.py
[2026-05-09T19:06:07.202+0000] {processor.py:840} INFO - DAG(s) 'taxi_pipeline' retrieved from /opt/airflow/dags/taxi-pipeline.py
[2026-05-09T19:06:07.221+0000] {logging_mixin.py:188} INFO - [2026-05-09T19:06:07.221+0000] {dag.py:3096} INFO - Sync 1 DAGs
[2026-05-09T19:06:07.244+0000] {logging_mixin.py:188} INFO - [2026-05-09T19:06:07.244+0000] {dag.py:3954} INFO - Setting next_dagrun for taxi_pipeline to 2026-04-01 00:00:00+00:00, run_after=2026-05-01 00:00:00+00:00
[2026-05-09T19:06:07.266+0000] {processor.py:183} INFO - Processing /opt/airflow/dags/taxi-pipeline.py took 0.092 seconds
[2026-05-09T19:06:37.722+0000] {processor.py:161} INFO - Started process (PID=1752) to work on /opt/airflow/dags/taxi-pipeline.py
[2026-05-09T19:06:37.723+0000] {processor.py:830} INFO - Processing file /opt/airflow/dags/taxi-pipeline.py for tasks to queue
[2026-05-09T19:06:37.726+0000] {logging_mixin.py:188} INFO - [2026-05-09T19:06:37.725+0000] {dagbag.py:545} INFO - Filling up the DagBag from /opt/airflow/dags/taxi-pipeline.py
[2026-05-09T19:06:37.745+0000] {processor.py:840} INFO - DAG(s) 'taxi_pipeline' retrieved from /opt/airflow/dags/taxi-pipeline.py
[2026-05-09T19:06:37.764+0000] {logging_mixin.py:188} INFO - [2026-05-09T19:06:37.764+0000] {dag.py:3096} INFO - Sync 1 DAGs
[2026-05-09T19:06:37.789+0000] {logging_mixin.py:188} INFO - [2026-05-09T19:06:37.788+0000] {dag.py:3954} INFO - Setting next_dagrun for taxi_pipeline to 2026-04-01 00:00:00+00:00, run_after=2026-05-01 00:00:00+00:00
[2026-05-09T19:06:37.814+0000] {processor.py:183} INFO - Processing /opt/airflow/dags/taxi-pipeline.py took 0.098 seconds
[2026-05-09T19:07:08.740+0000] {processor.py:161} INFO - Started process (PID=1811) to work on /opt/airflow/dags/taxi-pipeline.py
[2026-05-09T19:07:08.742+0000] {processor.py:830} INFO - Processing file /opt/airflow/dags/taxi-pipeline.py for tasks to queue
[2026-05-09T19:07:08.744+0000] {logging_mixin.py:188} INFO - [2026-05-09T19:07:08.744+0000] {dagbag.py:545} INFO - Filling up the DagBag from /opt/airflow/dags/taxi-pipeline.py
[2026-05-09T19:07:08.767+0000] {processor.py:840} INFO - DAG(s) 'taxi_pipeline' retrieved from /opt/airflow/dags/taxi-pipeline.py
[2026-05-09T19:07:08.789+0000] {logging_mixin.py:188} INFO - [2026-05-09T19:07:08.789+0000] {dag.py:3096} INFO - Sync 1 DAGs
[2026-05-09T19:07:08.815+0000] {logging_mixin.py:188} INFO - [2026-05-09T19:07:08.814+0000] {dag.py:3954} INFO - Setting next_dagrun for taxi_pipeline to 2026-04-01 00:00:00+00:00, run_after=2026-05-01 00:00:00+00:00
[2026-05-09T19:07:08.841+0000] {processor.py:183} INFO - Processing /opt/airflow/dags/taxi-pipeline.py took 0.106 seconds
[2026-05-09T19:07:39.184+0000] {processor.py:161} INFO - Started process (PID=1870) to work on /opt/airflow/dags/taxi-pipeline.py
[2026-05-09T19:07:39.185+0000] {processor.py:830} INFO - Processing file /opt/airflow/dags/taxi-pipeline.py for tasks to queue
[2026-05-09T19:07:39.189+0000] {logging_mixin.py:188} INFO - [2026-05-09T19:07:39.188+0000] {dagbag.py:545} INFO - Filling up the DagBag from /opt/airflow/dags/taxi-pipeline.py
[2026-05-09T19:07:39.210+0000] {processor.py:840} INFO - DAG(s) 'taxi_pipeline' retrieved from /opt/airflow/dags/taxi-pipeline.py
[2026-05-09T19:07:39.231+0000] {logging_mixin.py:188} INFO - [2026-05-09T19:07:39.231+0000] {dag.py:3096} INFO - Sync 1 DAGs
[2026-05-09T19:07:39.257+0000] {logging_mixin.py:188} INFO - [2026-05-09T19:07:39.257+0000] {dag.py:3954} INFO - Setting next_dagrun for taxi_pipeline to 2026-04-01 00:00:00+00:00, run_after=2026-05-01 00:00:00+00:00
[2026-05-09T19:07:39.284+0000] {processor.py:183} INFO - Processing /opt/airflow/dags/taxi-pipeline.py took 0.105 seconds
[2026-05-09T19:08:10.168+0000] {processor.py:161} INFO - Started process (PID=1929) to work on /opt/airflow/dags/taxi-pipeline.py
[2026-05-09T19:08:10.169+0000] {processor.py:830} INFO - Processing file /opt/airflow/dags/taxi-pipeline.py for tasks to queue
[2026-05-09T19:08:10.171+0000] {logging_mixin.py:188} INFO - [2026-05-09T19:08:10.171+0000] {dagbag.py:545} INFO - Filling up the DagBag from /opt/airflow/dags/taxi-pipeline.py
[2026-05-09T19:08:10.190+0000] {processor.py:840} INFO - DAG(s) 'taxi_pipeline' retrieved from /opt/airflow/dags/taxi-pipeline.py
[2026-05-09T19:08:10.210+0000] {logging_mixin.py:188} INFO - [2026-05-09T19:08:10.209+0000] {dag.py:3096} INFO - Sync 1 DAGs
[2026-05-09T19:08:10.232+0000] {logging_mixin.py:188} INFO - [2026-05-09T19:08:10.232+0000] {dag.py:3954} INFO - Setting next_dagrun for taxi_pipeline to 2026-04-01 00:00:00+00:00, run_after=2026-05-01 00:00:00+00:00
[2026-05-09T19:08:10.257+0000] {processor.py:183} INFO - Processing /opt/airflow/dags/taxi-pipeline.py took 0.095 seconds
[2026-05-09T19:08:41.090+0000] {processor.py:161} INFO - Started process (PID=1988) to work on /opt/airflow/dags/taxi-pipeline.py
[2026-05-09T19:08:41.092+0000] {processor.py:830} INFO - Processing file /opt/airflow/dags/taxi-pipeline.py for tasks to queue
[2026-05-09T19:08:41.095+0000] {logging_mixin.py:188} INFO - [2026-05-09T19:08:41.094+0000] {dagbag.py:545} INFO - Filling up the DagBag from /opt/airflow/dags/taxi-pipeline.py
[2026-05-09T19:08:41.121+0000] {processor.py:840} INFO - DAG(s) 'taxi_pipeline' retrieved from /opt/airflow/dags/taxi-pipeline.py
[2026-05-09T19:08:41.145+0000] {logging_mixin.py:188} INFO - [2026-05-09T19:08:41.145+0000] {dag.py:3096} INFO - Sync 1 DAGs
[2026-05-09T19:08:41.174+0000] {logging_mixin.py:188} INFO - [2026-05-09T19:08:41.174+0000] {dag.py:3954} INFO - Setting next_dagrun for taxi_pipeline to 2026-04-01 00:00:00+00:00, run_after=2026-05-01 00:00:00+00:00
[2026-05-09T19:08:41.205+0000] {processor.py:183} INFO - Processing /opt/airflow/dags/taxi-pipeline.py took 0.120 seconds
[2026-05-09T19:09:11.552+0000] {processor.py:161} INFO - Started process (PID=2047) to work on /opt/airflow/dags/taxi-pipeline.py
[2026-05-09T19:09:11.554+0000] {processor.py:830} INFO - Processing file /opt/airflow/dags/taxi-pipeline.py for tasks to queue
[2026-05-09T19:09:11.558+0000] {logging_mixin.py:188} INFO - [2026-05-09T19:09:11.558+0000] {dagbag.py:545} INFO - Filling up the DagBag from /opt/airflow/dags/taxi-pipeline.py
[2026-05-09T19:09:11.583+0000] {processor.py:840} INFO - DAG(s) 'taxi_pipeline' retrieved from /opt/airflow/dags/taxi-pipeline.py
[2026-05-09T19:09:11.618+0000] {logging_mixin.py:188} INFO - [2026-05-09T19:09:11.618+0000] {dag.py:3096} INFO - Sync 1 DAGs
[2026-05-09T19:09:11.674+0000] {logging_mixin.py:188} INFO - [2026-05-09T19:09:11.673+0000] {dag.py:3954} INFO - Setting next_dagrun for taxi_pipeline to 2026-04-01 00:00:00+00:00, run_after=2026-05-01 00:00:00+00:00
[2026-05-09T19:09:11.712+0000] {processor.py:183} INFO - Processing /opt/airflow/dags/taxi-pipeline.py took 0.172 seconds
[2026-05-09T19:09:42.699+0000] {processor.py:161} INFO - Started process (PID=2106) to work on /opt/airflow/dags/taxi-pipeline.py
[2026-05-09T19:09:42.701+0000] {processor.py:830} INFO - Processing file /opt/airflow/dags/taxi-pipeline.py for tasks to queue
[2026-05-09T19:09:42.703+0000] {logging_mixin.py:188} INFO - [2026-05-09T19:09:42.703+0000] {dagbag.py:545} INFO - Filling up the DagBag from /opt/airflow/dags/taxi-pipeline.py
[2026-05-09T19:09:42.725+0000] {processor.py:840} INFO - DAG(s) 'taxi_pipeline' retrieved from /opt/airflow/dags/taxi-pipeline.py
[2026-05-09T19:09:42.746+0000] {logging_mixin.py:188} INFO - [2026-05-09T19:09:42.746+0000] {dag.py:3096} INFO - Sync 1 DAGs
[2026-05-09T19:09:42.769+0000] {logging_mixin.py:188} INFO - [2026-05-09T19:09:42.769+0000] {dag.py:3954} INFO - Setting next_dagrun for taxi_pipeline to 2026-04-01 00:00:00+00:00, run_after=2026-05-01 00:00:00+00:00
[2026-05-09T19:09:42.796+0000] {processor.py:183} INFO - Processing /opt/airflow/dags/taxi-pipeline.py took 0.102 seconds
[2026-05-09T19:10:13.411+0000] {processor.py:161} INFO - Started process (PID=2165) to work on /opt/airflow/dags/taxi-pipeline.py
[2026-05-09T19:10:13.413+0000] {processor.py:830} INFO - Processing file /opt/airflow/dags/taxi-pipeline.py for tasks to queue
[2026-05-09T19:10:13.418+0000] {logging_mixin.py:188} INFO - [2026-05-09T19:10:13.418+0000] {dagbag.py:545} INFO - Filling up the DagBag from /opt/airflow/dags/taxi-pipeline.py
[2026-05-09T19:10:13.443+0000] {processor.py:840} INFO - DAG(s) 'taxi_pipeline' retrieved from /opt/airflow/dags/taxi-pipeline.py
[2026-05-09T19:10:13.468+0000] {logging_mixin.py:188} INFO - [2026-05-09T19:10:13.467+0000] {dag.py:3096} INFO - Sync 1 DAGs
[2026-05-09T19:10:13.492+0000] {logging_mixin.py:188} INFO - [2026-05-09T19:10:13.492+0000] {dag.py:3954} INFO - Setting next_dagrun for taxi_pipeline to 2026-04-01 00:00:00+00:00, run_after=2026-05-01 00:00:00+00:00
[2026-05-09T19:10:13.529+0000] {processor.py:183} INFO - Processing /opt/airflow/dags/taxi-pipeline.py took 0.124 seconds
[2026-05-09T19:10:43.813+0000] {processor.py:161} INFO - Started process (PID=2224) to work on /opt/airflow/dags/taxi-pipeline.py
[2026-05-09T19:10:43.814+0000] {processor.py:830} INFO - Processing file /opt/airflow/dags/taxi-pipeline.py for tasks to queue
[2026-05-09T19:10:43.817+0000] {logging_mixin.py:188} INFO - [2026-05-09T19:10:43.817+0000] {dagbag.py:545} INFO - Filling up the DagBag from /opt/airflow/dags/taxi-pipeline.py
[2026-05-09T19:10:43.836+0000] {processor.py:840} INFO - DAG(s) 'taxi_pipeline' retrieved from /opt/airflow/dags/taxi-pipeline.py
[2026-05-09T19:10:43.857+0000] {logging_mixin.py:188} INFO - [2026-05-09T19:10:43.856+0000] {dag.py:3096} INFO - Sync 1 DAGs
[2026-05-09T19:10:43.882+0000] {logging_mixin.py:188} INFO - [2026-05-09T19:10:43.882+0000] {dag.py:3954} INFO - Setting next_dagrun for taxi_pipeline to 2026-04-01 00:00:00+00:00, run_after=2026-05-01 00:00:00+00:00
[2026-05-09T19:10:43.909+0000] {processor.py:183} INFO - Processing /opt/airflow/dags/taxi-pipeline.py took 0.101 seconds
[2026-05-09T19:11:14.740+0000] {processor.py:161} INFO - Started process (PID=2283) to work on /opt/airflow/dags/taxi-pipeline.py
[2026-05-09T19:11:14.741+0000] {processor.py:830} INFO - Processing file /opt/airflow/dags/taxi-pipeline.py for tasks to queue
[2026-05-09T19:11:14.743+0000] {logging_mixin.py:188} INFO - [2026-05-09T19:11:14.743+0000] {dagbag.py:545} INFO - Filling up the DagBag from /opt/airflow/dags/taxi-pipeline.py
[2026-05-09T19:11:14.763+0000] {processor.py:840} INFO - DAG(s) 'taxi_pipeline' retrieved from /opt/airflow/dags/taxi-pipeline.py
[2026-05-09T19:11:14.783+0000] {logging_mixin.py:188} INFO - [2026-05-09T19:11:14.783+0000] {dag.py:3096} INFO - Sync 1 DAGs
[2026-05-09T19:11:14.805+0000] {logging_mixin.py:188} INFO - [2026-05-09T19:11:14.805+0000] {dag.py:3954} INFO - Setting next_dagrun for taxi_pipeline to 2026-04-01 00:00:00+00:00, run_after=2026-05-01 00:00:00+00:00
[2026-05-09T19:11:14.829+0000] {processor.py:183} INFO - Processing /opt/airflow/dags/taxi-pipeline.py took 0.095 seconds
[2026-05-09T19:11:45.205+0000] {processor.py:161} INFO - Started process (PID=2342) to work on /opt/airflow/dags/taxi-pipeline.py
[2026-05-09T19:11:45.206+0000] {processor.py:830} INFO - Processing file /opt/airflow/dags/taxi-pipeline.py for tasks to queue
[2026-05-09T19:11:45.209+0000] {logging_mixin.py:188} INFO - [2026-05-09T19:11:45.208+0000] {dagbag.py:545} INFO - Filling up the DagBag from /opt/airflow/dags/taxi-pipeline.py
[2026-05-09T19:11:45.230+0000] {processor.py:840} INFO - DAG(s) 'taxi_pipeline' retrieved from /opt/airflow/dags/taxi-pipeline.py
[2026-05-09T19:11:45.251+0000] {logging_mixin.py:188} INFO - [2026-05-09T19:11:45.251+0000] {dag.py:3096} INFO - Sync 1 DAGs
[2026-05-09T19:11:45.274+0000] {logging_mixin.py:188} INFO - [2026-05-09T19:11:45.274+0000] {dag.py:3954} INFO - Setting next_dagrun for taxi_pipeline to 2026-04-01 00:00:00+00:00, run_after=2026-05-01 00:00:00+00:00
[2026-05-09T19:11:45.327+0000] {processor.py:183} INFO - Processing /opt/airflow/dags/taxi-pipeline.py took 0.128 seconds
[2026-05-09T19:12:16.008+0000] {processor.py:161} INFO - Started process (PID=2401) to work on /opt/airflow/dags/taxi-pipeline.py
[2026-05-09T19:12:16.009+0000] {processor.py:830} INFO - Processing file /opt/airflow/dags/taxi-pipeline.py for tasks to queue
[2026-05-09T19:12:16.011+0000] {logging_mixin.py:188} INFO - [2026-05-09T19:12:16.011+0000] {dagbag.py:545} INFO - Filling up the DagBag from /opt/airflow/dags/taxi-pipeline.py
[2026-05-09T19:12:16.032+0000] {processor.py:840} INFO - DAG(s) 'taxi_pipeline' retrieved from /opt/airflow/dags/taxi-pipeline.py
[2026-05-09T19:12:16.053+0000] {logging_mixin.py:188} INFO - [2026-05-09T19:12:16.052+0000] {dag.py:3096} INFO - Sync 1 DAGs
[2026-05-09T19:12:16.078+0000] {logging_mixin.py:188} INFO - [2026-05-09T19:12:16.078+0000] {dag.py:3954} INFO - Setting next_dagrun for taxi_pipeline to 2026-04-01 00:00:00+00:00, run_after=2026-05-01 00:00:00+00:00
[2026-05-09T19:12:16.103+0000] {processor.py:183} INFO - Processing /opt/airflow/dags/taxi-pipeline.py took 0.101 seconds
[2026-05-09T19:12:46.659+0000] {processor.py:161} INFO - Started process (PID=2460) to work on /opt/airflow/dags/taxi-pipeline.py
[2026-05-09T19:12:46.660+0000] {processor.py:830} INFO - Processing file /opt/airflow/dags/taxi-pipeline.py for tasks to queue
[2026-05-09T19:12:46.663+0000] {logging_mixin.py:188} INFO - [2026-05-09T19:12:46.663+0000] {dagbag.py:545} INFO - Filling up the DagBag from /opt/airflow/dags/taxi-pipeline.py
[2026-05-09T19:12:46.683+0000] {processor.py:840} INFO - DAG(s) 'taxi_pipeline' retrieved from /opt/airflow/dags/taxi-pipeline.py
[2026-05-09T19:12:46.703+0000] {logging_mixin.py:188} INFO - [2026-05-09T19:12:46.703+0000] {dag.py:3096} INFO - Sync 1 DAGs
[2026-05-09T19:12:46.728+0000] {logging_mixin.py:188} INFO - [2026-05-09T19:12:46.727+0000] {dag.py:3954} INFO - Setting next_dagrun for taxi_pipeline to 2026-04-01 00:00:00+00:00, run_after=2026-05-01 00:00:00+00:00
[2026-05-09T19:12:46.752+0000] {processor.py:183} INFO - Processing /opt/airflow/dags/taxi-pipeline.py took 0.098 seconds
[2026-05-09T19:13:17.770+0000] {processor.py:161} INFO - Started process (PID=2519) to work on /opt/airflow/dags/taxi-pipeline.py
[2026-05-09T19:13:17.771+0000] {processor.py:830} INFO - Processing file /opt/airflow/dags/taxi-pipeline.py for tasks to queue
[2026-05-09T19:13:17.773+0000] {logging_mixin.py:188} INFO - [2026-05-09T19:13:17.773+0000] {dagbag.py:545} INFO - Filling up the DagBag from /opt/airflow/dags/taxi-pipeline.py
[2026-05-09T19:13:17.792+0000] {processor.py:840} INFO - DAG(s) 'taxi_pipeline' retrieved from /opt/airflow/dags/taxi-pipeline.py
[2026-05-09T19:13:17.813+0000] {logging_mixin.py:188} INFO - [2026-05-09T19:13:17.812+0000] {dag.py:3096} INFO - Sync 1 DAGs
[2026-05-09T19:13:17.837+0000] {logging_mixin.py:188} INFO - [2026-05-09T19:13:17.837+0000] {dag.py:3954} INFO - Setting next_dagrun for taxi_pipeline to 2026-04-01 00:00:00+00:00, run_after=2026-05-01 00:00:00+00:00
[2026-05-09T19:13:17.860+0000] {processor.py:183} INFO - Processing /opt/airflow/dags/taxi-pipeline.py took 0.095 seconds
[2026-05-09T19:13:48.477+0000] {processor.py:161} INFO - Started process (PID=2578) to work on /opt/airflow/dags/taxi-pipeline.py
[2026-05-09T19:13:48.478+0000] {processor.py:830} INFO - Processing file /opt/airflow/dags/taxi-pipeline.py for tasks to queue
[2026-05-09T19:13:48.481+0000] {logging_mixin.py:188} INFO - [2026-05-09T19:13:48.480+0000] {dagbag.py:545} INFO - Filling up the DagBag from /opt/airflow/dags/taxi-pipeline.py
[2026-05-09T19:13:48.500+0000] {processor.py:840} INFO - DAG(s) 'taxi_pipeline' retrieved from /opt/airflow/dags/taxi-pipeline.py
[2026-05-09T19:13:48.521+0000] {logging_mixin.py:188} INFO - [2026-05-09T19:13:48.521+0000] {dag.py:3096} INFO - Sync 1 DAGs
[2026-05-09T19:13:48.545+0000] {logging_mixin.py:188} INFO - [2026-05-09T19:13:48.544+0000] {dag.py:3954} INFO - Setting next_dagrun for taxi_pipeline to 2026-04-01 00:00:00+00:00, run_after=2026-05-01 00:00:00+00:00
[2026-05-09T19:13:48.570+0000] {processor.py:183} INFO - Processing /opt/airflow/dags/taxi-pipeline.py took 0.098 seconds
[2026-05-09T19:14:19.242+0000] {processor.py:161} INFO - Started process (PID=2637) to work on /opt/airflow/dags/taxi-pipeline.py
[2026-05-09T19:14:19.243+0000] {processor.py:830} INFO - Processing file /opt/airflow/dags/taxi-pipeline.py for tasks to queue
[2026-05-09T19:14:19.245+0000] {logging_mixin.py:188} INFO - [2026-05-09T19:14:19.245+0000] {dagbag.py:545} INFO - Filling up the DagBag from /opt/airflow/dags/taxi-pipeline.py
[2026-05-09T19:14:19.265+0000] {processor.py:840} INFO - DAG(s) 'taxi_pipeline' retrieved from /opt/airflow/dags/taxi-pipeline.py
[2026-05-09T19:14:19.284+0000] {logging_mixin.py:188} INFO - [2026-05-09T19:14:19.284+0000] {dag.py:3096} INFO - Sync 1 DAGs
[2026-05-09T19:14:19.307+0000] {logging_mixin.py:188} INFO - [2026-05-09T19:14:19.307+0000] {dag.py:3954} INFO - Setting next_dagrun for taxi_pipeline to 2026-04-01 00:00:00+00:00, run_after=2026-05-01 00:00:00+00:00
[2026-05-09T19:14:19.336+0000] {processor.py:183} INFO - Processing /opt/airflow/dags/taxi-pipeline.py took 0.100 seconds
[2026-05-09T19:14:49.872+0000] {processor.py:161} INFO - Started process (PID=2696) to work on /opt/airflow/dags/taxi-pipeline.py
[2026-05-09T19:14:49.873+0000] {processor.py:830} INFO - Processing file /opt/airflow/dags/taxi-pipeline.py for tasks to queue
[2026-05-09T19:14:49.875+0000] {logging_mixin.py:188} INFO - [2026-05-09T19:14:49.875+0000] {dagbag.py:545} INFO - Filling up the DagBag from /opt/airflow/dags/taxi-pipeline.py
[2026-05-09T19:14:49.896+0000] {processor.py:840} INFO - DAG(s) 'taxi_pipeline' retrieved from /opt/airflow/dags/taxi-pipeline.py
[2026-05-09T19:14:49.916+0000] {logging_mixin.py:188} INFO - [2026-05-09T19:14:49.916+0000] {dag.py:3096} INFO - Sync 1 DAGs
[2026-05-09T19:14:49.938+0000] {logging_mixin.py:188} INFO - [2026-05-09T19:14:49.938+0000] {dag.py:3954} INFO - Setting next_dagrun for taxi_pipeline to 2026-04-01 00:00:00+00:00, run_after=2026-05-01 00:00:00+00:00
[2026-05-09T19:14:49.963+0000] {processor.py:183} INFO - Processing /opt/airflow/dags/taxi-pipeline.py took 0.097 seconds
[2026-05-09T19:15:20.741+0000] {processor.py:161} INFO - Started process (PID=2755) to work on /opt/airflow/dags/taxi-pipeline.py
[2026-05-09T19:15:20.743+0000] {processor.py:830} INFO - Processing file /opt/airflow/dags/taxi-pipeline.py for tasks to queue
[2026-05-09T19:15:20.746+0000] {logging_mixin.py:188} INFO - [2026-05-09T19:15:20.745+0000] {dagbag.py:545} INFO - Filling up the DagBag from /opt/airflow/dags/taxi-pipeline.py
[2026-05-09T19:15:20.771+0000] {processor.py:840} INFO - DAG(s) 'taxi_pipeline' retrieved from /opt/airflow/dags/taxi-pipeline.py
[2026-05-09T19:15:20.798+0000] {logging_mixin.py:188} INFO - [2026-05-09T19:15:20.797+0000] {dag.py:3096} INFO - Sync 1 DAGs
[2026-05-09T19:15:20.826+0000] {logging_mixin.py:188} INFO - [2026-05-09T19:15:20.826+0000] {dag.py:3954} INFO - Setting next_dagrun for taxi_pipeline to 2026-04-01 00:00:00+00:00, run_after=2026-05-01 00:00:00+00:00
[2026-05-09T19:15:20.855+0000] {processor.py:183} INFO - Processing /opt/airflow/dags/taxi-pipeline.py took 0.122 seconds
[2026-05-09T19:15:51.904+0000] {processor.py:161} INFO - Started process (PID=2814) to work on /opt/airflow/dags/taxi-pipeline.py
[2026-05-09T19:15:51.905+0000] {processor.py:830} INFO - Processing file /opt/airflow/dags/taxi-pipeline.py for tasks to queue
[2026-05-09T19:15:51.907+0000] {logging_mixin.py:188} INFO - [2026-05-09T19:15:51.907+0000] {dagbag.py:545} INFO - Filling up the DagBag from /opt/airflow/dags/taxi-pipeline.py
[2026-05-09T19:15:51.927+0000] {processor.py:840} INFO - DAG(s) 'taxi_pipeline' retrieved from /opt/airflow/dags/taxi-pipeline.py
[2026-05-09T19:15:51.948+0000] {logging_mixin.py:188} INFO - [2026-05-09T19:15:51.948+0000] {dag.py:3096} INFO - Sync 1 DAGs
[2026-05-09T19:15:51.972+0000] {logging_mixin.py:188} INFO - [2026-05-09T19:15:51.972+0000] {dag.py:3954} INFO - Setting next_dagrun for taxi_pipeline to 2026-04-01 00:00:00+00:00, run_after=2026-05-01 00:00:00+00:00
[2026-05-09T19:15:51.997+0000] {processor.py:183} INFO - Processing /opt/airflow/dags/taxi-pipeline.py took 0.101 seconds
[2026-05-09T19:16:22.180+0000] {processor.py:161} INFO - Started process (PID=2873) to work on /opt/airflow/dags/taxi-pipeline.py
[2026-05-09T19:16:22.181+0000] {processor.py:830} INFO - Processing file /opt/airflow/dags/taxi-pipeline.py for tasks to queue
[2026-05-09T19:16:22.183+0000] {logging_mixin.py:188} INFO - [2026-05-09T19:16:22.183+0000] {dagbag.py:545} INFO - Filling up the DagBag from /opt/airflow/dags/taxi-pipeline.py
[2026-05-09T19:16:22.201+0000] {processor.py:840} INFO - DAG(s) 'taxi_pipeline' retrieved from /opt/airflow/dags/taxi-pipeline.py
[2026-05-09T19:16:22.222+0000] {logging_mixin.py:188} INFO - [2026-05-09T19:16:22.222+0000] {dag.py:3096} INFO - Sync 1 DAGs
[2026-05-09T19:16:22.245+0000] {logging_mixin.py:188} INFO - [2026-05-09T19:16:22.244+0000] {dag.py:3954} INFO - Setting next_dagrun for taxi_pipeline to 2026-04-01 00:00:00+00:00, run_after=2026-05-01 00:00:00+00:00
[2026-05-09T19:16:22.272+0000] {processor.py:183} INFO - Processing /opt/airflow/dags/taxi-pipeline.py took 0.098 seconds
[2026-05-09T19:16:53.030+0000] {processor.py:161} INFO - Started process (PID=2932) to work on /opt/airflow/dags/taxi-pipeline.py
[2026-05-09T19:16:53.031+0000] {processor.py:830} INFO - Processing file /opt/airflow/dags/taxi-pipeline.py for tasks to queue
[2026-05-09T19:16:53.033+0000] {logging_mixin.py:188} INFO - [2026-05-09T19:16:53.033+0000] {dagbag.py:545} INFO - Filling up the DagBag from /opt/airflow/dags/taxi-pipeline.py
[2026-05-09T19:16:53.052+0000] {processor.py:840} INFO - DAG(s) 'taxi_pipeline' retrieved from /opt/airflow/dags/taxi-pipeline.py
[2026-05-09T19:16:53.073+0000] {logging_mixin.py:188} INFO - [2026-05-09T19:16:53.072+0000] {dag.py:3096} INFO - Sync 1 DAGs
[2026-05-09T19:16:53.095+0000] {logging_mixin.py:188} INFO - [2026-05-09T19:16:53.095+0000] {dag.py:3954} INFO - Setting next_dagrun for taxi_pipeline to 2026-04-01 00:00:00+00:00, run_after=2026-05-01 00:00:00+00:00
[2026-05-09T19:16:53.119+0000] {processor.py:183} INFO - Processing /opt/airflow/dags/taxi-pipeline.py took 0.095 seconds
[2026-05-09T19:17:23.579+0000] {processor.py:161} INFO - Started process (PID=2991) to work on /opt/airflow/dags/taxi-pipeline.py
[2026-05-09T19:17:23.580+0000] {processor.py:830} INFO - Processing file /opt/airflow/dags/taxi-pipeline.py for tasks to queue
[2026-05-09T19:17:23.582+0000] {logging_mixin.py:188} INFO - [2026-05-09T19:17:23.582+0000] {dagbag.py:545} INFO - Filling up the DagBag from /opt/airflow/dags/taxi-pipeline.py
[2026-05-09T19:17:23.602+0000] {processor.py:840} INFO - DAG(s) 'taxi_pipeline' retrieved from /opt/airflow/dags/taxi-pipeline.py
[2026-05-09T19:17:23.622+0000] {logging_mixin.py:188} INFO - [2026-05-09T19:17:23.622+0000] {dag.py:3096} INFO - Sync 1 DAGs
[2026-05-09T19:17:23.644+0000] {logging_mixin.py:188} INFO - [2026-05-09T19:17:23.644+0000] {dag.py:3954} INFO - Setting next_dagrun for taxi_pipeline to 2026-04-01 00:00:00+00:00, run_after=2026-05-01 00:00:00+00:00
[2026-05-09T19:17:23.671+0000] {processor.py:183} INFO - Processing /opt/airflow/dags/taxi-pipeline.py took 0.098 seconds
[2026-05-09T19:17:53.732+0000] {processor.py:161} INFO - Started process (PID=3050) to work on /opt/airflow/dags/taxi-pipeline.py
[2026-05-09T19:17:53.733+0000] {processor.py:830} INFO - Processing file /opt/airflow/dags/taxi-pipeline.py for tasks to queue
[2026-05-09T19:17:53.736+0000] {logging_mixin.py:188} INFO - [2026-05-09T19:17:53.736+0000] {dagbag.py:545} INFO - Filling up the DagBag from /opt/airflow/dags/taxi-pipeline.py
[2026-05-09T19:17:53.756+0000] {processor.py:840} INFO - DAG(s) 'taxi_pipeline' retrieved from /opt/airflow/dags/taxi-pipeline.py
[2026-05-09T19:17:53.778+0000] {logging_mixin.py:188} INFO - [2026-05-09T19:17:53.778+0000] {dag.py:3096} INFO - Sync 1 DAGs
[2026-05-09T19:17:53.801+0000] {logging_mixin.py:188} INFO - [2026-05-09T19:17:53.800+0000] {dag.py:3954} INFO - Setting next_dagrun for taxi_pipeline to 2026-04-01 00:00:00+00:00, run_after=2026-05-01 00:00:00+00:00
[2026-05-09T19:17:53.825+0000] {processor.py:183} INFO - Processing /opt/airflow/dags/taxi-pipeline.py took 0.098 seconds
[2026-05-09T19:18:24.397+0000] {processor.py:161} INFO - Started process (PID=3109) to work on /opt/airflow/dags/taxi-pipeline.py
[2026-05-09T19:18:24.398+0000] {processor.py:830} INFO - Processing file /opt/airflow/dags/taxi-pipeline.py for tasks to queue
[2026-05-09T19:18:24.401+0000] {logging_mixin.py:188} INFO - [2026-05-09T19:18:24.401+0000] {dagbag.py:545} INFO - Filling up the DagBag from /opt/airflow/dags/taxi-pipeline.py
[2026-05-09T19:18:24.421+0000] {processor.py:840} INFO - DAG(s) 'taxi_pipeline' retrieved from /opt/airflow/dags/taxi-pipeline.py
[2026-05-09T19:18:24.440+0000] {logging_mixin.py:188} INFO - [2026-05-09T19:18:24.440+0000] {dag.py:3096} INFO - Sync 1 DAGs
[2026-05-09T19:18:24.463+0000] {logging_mixin.py:188} INFO - [2026-05-09T19:18:24.463+0000] {dag.py:3954} INFO - Setting next_dagrun for taxi_pipeline to 2026-04-01 00:00:00+00:00, run_after=2026-05-01 00:00:00+00:00
[2026-05-09T19:18:24.485+0000] {processor.py:183} INFO - Processing /opt/airflow/dags/taxi-pipeline.py took 0.093 seconds
[2026-05-09T19:18:54.983+0000] {processor.py:161} INFO - Started process (PID=3168) to work on /opt/airflow/dags/taxi-pipeline.py
[2026-05-09T19:18:54.984+0000] {processor.py:830} INFO - Processing file /opt/airflow/dags/taxi-pipeline.py for tasks to queue
[2026-05-09T19:18:54.987+0000] {logging_mixin.py:188} INFO - [2026-05-09T19:18:54.987+0000] {dagbag.py:545} INFO - Filling up the DagBag from /opt/airflow/dags/taxi-pipeline.py
[2026-05-09T19:18:55.005+0000] {processor.py:840} INFO - DAG(s) 'taxi_pipeline' retrieved from /opt/airflow/dags/taxi-pipeline.py
[2026-05-09T19:18:55.024+0000] {logging_mixin.py:188} INFO - [2026-05-09T19:18:55.024+0000] {dag.py:3096} INFO - Sync 1 DAGs
[2026-05-09T19:18:55.046+0000] {logging_mixin.py:188} INFO - [2026-05-09T19:18:55.046+0000] {dag.py:3954} INFO - Setting next_dagrun for taxi_pipeline to 2026-04-01 00:00:00+00:00, run_after=2026-05-01 00:00:00+00:00
[2026-05-09T19:18:55.071+0000] {processor.py:183} INFO - Processing /opt/airflow/dags/taxi-pipeline.py took 0.094 seconds
[2026-05-09T19:19:25.193+0000] {processor.py:161} INFO - Started process (PID=3227) to work on /opt/airflow/dags/taxi-pipeline.py
[2026-05-09T19:19:25.195+0000] {processor.py:830} INFO - Processing file /opt/airflow/dags/taxi-pipeline.py for tasks to queue
[2026-05-09T19:19:25.197+0000] {logging_mixin.py:188} INFO - [2026-05-09T19:19:25.197+0000] {dagbag.py:545} INFO - Filling up the DagBag from /opt/airflow/dags/taxi-pipeline.py
[2026-05-09T19:19:25.216+0000] {processor.py:840} INFO - DAG(s) 'taxi_pipeline' retrieved from /opt/airflow/dags/taxi-pipeline.py
[2026-05-09T19:19:25.236+0000] {logging_mixin.py:188} INFO - [2026-05-09T19:19:25.236+0000] {dag.py:3096} INFO - Sync 1 DAGs
[2026-05-09T19:19:25.260+0000] {logging_mixin.py:188} INFO - [2026-05-09T19:19:25.259+0000] {dag.py:3954} INFO - Setting next_dagrun for taxi_pipeline to 2026-04-01 00:00:00+00:00, run_after=2026-05-01 00:00:00+00:00
[2026-05-09T19:19:25.283+0000] {processor.py:183} INFO - Processing /opt/airflow/dags/taxi-pipeline.py took 0.095 seconds
[2026-05-09T19:19:55.705+0000] {processor.py:161} INFO - Started process (PID=3286) to work on /opt/airflow/dags/taxi-pipeline.py
[2026-05-09T19:19:55.706+0000] {processor.py:830} INFO - Processing file /opt/airflow/dags/taxi-pipeline.py for tasks to queue
[2026-05-09T19:19:55.709+0000] {logging_mixin.py:188} INFO - [2026-05-09T19:19:55.708+0000] {dagbag.py:545} INFO - Filling up the DagBag from /opt/airflow/dags/taxi-pipeline.py
[2026-05-09T19:19:55.728+0000] {processor.py:840} INFO - DAG(s) 'taxi_pipeline' retrieved from /opt/airflow/dags/taxi-pipeline.py
[2026-05-09T19:19:55.749+0000] {logging_mixin.py:188} INFO - [2026-05-09T19:19:55.749+0000] {dag.py:3096} INFO - Sync 1 DAGs
[2026-05-09T19:19:55.772+0000] {logging_mixin.py:188} INFO - [2026-05-09T19:19:55.772+0000] {dag.py:3954} INFO - Setting next_dagrun for taxi_pipeline to 2026-04-01 00:00:00+00:00, run_after=2026-05-01 00:00:00+00:00
[2026-05-09T19:19:55.795+0000] {processor.py:183} INFO - Processing /opt/airflow/dags/taxi-pipeline.py took 0.095 seconds
[2026-05-09T19:20:25.888+0000] {processor.py:161} INFO - Started process (PID=3345) to work on /opt/airflow/dags/taxi-pipeline.py
[2026-05-09T19:20:25.889+0000] {processor.py:830} INFO - Processing file /opt/airflow/dags/taxi-pipeline.py for tasks to queue
[2026-05-09T19:20:25.891+0000] {logging_mixin.py:188} INFO - [2026-05-09T19:20:25.891+0000] {dagbag.py:545} INFO - Filling up the DagBag from /opt/airflow/dags/taxi-pipeline.py
[2026-05-09T19:20:25.911+0000] {processor.py:840} INFO - DAG(s) 'taxi_pipeline' retrieved from /opt/airflow/dags/taxi-pipeline.py
[2026-05-09T19:20:25.931+0000] {logging_mixin.py:188} INFO - [2026-05-09T19:20:25.931+0000] {dag.py:3096} INFO - Sync 1 DAGs
[2026-05-09T19:20:25.954+0000] {logging_mixin.py:188} INFO - [2026-05-09T19:20:25.954+0000] {dag.py:3954} INFO - Setting next_dagrun for taxi_pipeline to 2026-04-01 00:00:00+00:00, run_after=2026-05-01 00:00:00+00:00
[2026-05-09T19:20:25.981+0000] {processor.py:183} INFO - Processing /opt/airflow/dags/taxi-pipeline.py took 0.099 seconds
[2026-05-09T19:20:56.116+0000] {processor.py:161} INFO - Started process (PID=3404) to work on /opt/airflow/dags/taxi-pipeline.py
[2026-05-09T19:20:56.117+0000] {processor.py:830} INFO - Processing file /opt/airflow/dags/taxi-pipeline.py for tasks to queue
[2026-05-09T19:20:56.119+0000] {logging_mixin.py:188} INFO - [2026-05-09T19:20:56.118+0000] {dagbag.py:545} INFO - Filling up the DagBag from /opt/airflow/dags/taxi-pipeline.py
[2026-05-09T19:20:56.138+0000] {processor.py:840} INFO - DAG(s) 'taxi_pipeline' retrieved from /opt/airflow/dags/taxi-pipeline.py
[2026-05-09T19:20:56.160+0000] {logging_mixin.py:188} INFO - [2026-05-09T19:20:56.159+0000] {dag.py:3096} INFO - Sync 1 DAGs
[2026-05-09T19:20:56.184+0000] {logging_mixin.py:188} INFO - [2026-05-09T19:20:56.183+0000] {dag.py:3954} INFO - Setting next_dagrun for taxi_pipeline to 2026-04-01 00:00:00+00:00, run_after=2026-05-01 00:00:00+00:00
[2026-05-09T19:20:56.208+0000] {processor.py:183} INFO - Processing /opt/airflow/dags/taxi-pipeline.py took 0.097 seconds
[2026-05-09T19:21:26.450+0000] {processor.py:161} INFO - Started process (PID=3463) to work on /opt/airflow/dags/taxi-pipeline.py
[2026-05-09T19:21:26.451+0000] {processor.py:830} INFO - Processing file /opt/airflow/dags/taxi-pipeline.py for tasks to queue
[2026-05-09T19:21:26.454+0000] {logging_mixin.py:188} INFO - [2026-05-09T19:21:26.454+0000] {dagbag.py:545} INFO - Filling up the DagBag from /opt/airflow/dags/taxi-pipeline.py
[2026-05-09T19:21:26.478+0000] {processor.py:840} INFO - DAG(s) 'taxi_pipeline' retrieved from /opt/airflow/dags/taxi-pipeline.py
[2026-05-09T19:21:26.502+0000] {logging_mixin.py:188} INFO - [2026-05-09T19:21:26.502+0000] {dag.py:3096} INFO - Sync 1 DAGs
[2026-05-09T19:21:26.529+0000] {logging_mixin.py:188} INFO - [2026-05-09T19:21:26.529+0000] {dag.py:3954} INFO - Setting next_dagrun for taxi_pipeline to 2026-04-01 00:00:00+00:00, run_after=2026-05-01 00:00:00+00:00
[2026-05-09T19:21:26.556+0000] {processor.py:183} INFO - Processing /opt/airflow/dags/taxi-pipeline.py took 0.114 seconds
[2026-05-09T19:21:56.894+0000] {processor.py:161} INFO - Started process (PID=3522) to work on /opt/airflow/dags/taxi-pipeline.py
[2026-05-09T19:21:56.895+0000] {processor.py:830} INFO - Processing file /opt/airflow/dags/taxi-pipeline.py for tasks to queue
[2026-05-09T19:21:56.897+0000] {logging_mixin.py:188} INFO - [2026-05-09T19:21:56.897+0000] {dagbag.py:545} INFO - Filling up the DagBag from /opt/airflow/dags/taxi-pipeline.py
[2026-05-09T19:21:56.919+0000] {processor.py:840} INFO - DAG(s) 'taxi_pipeline' retrieved from /opt/airflow/dags/taxi-pipeline.py
[2026-05-09T19:21:56.942+0000] {logging_mixin.py:188} INFO - [2026-05-09T19:21:56.942+0000] {dag.py:3096} INFO - Sync 1 DAGs
[2026-05-09T19:21:56.966+0000] {logging_mixin.py:188} INFO - [2026-05-09T19:21:56.966+0000] {dag.py:3954} INFO - Setting next_dagrun for taxi_pipeline to 2026-04-01 00:00:00+00:00, run_after=2026-05-01 00:00:00+00:00
[2026-05-09T19:21:56.993+0000] {processor.py:183} INFO - Processing /opt/airflow/dags/taxi-pipeline.py took 0.104 seconds
[2026-05-09T19:22:27.089+0000] {processor.py:161} INFO - Started process (PID=3581) to work on /opt/airflow/dags/taxi-pipeline.py
[2026-05-09T19:22:27.090+0000] {processor.py:830} INFO - Processing file /opt/airflow/dags/taxi-pipeline.py for tasks to queue
[2026-05-09T19:22:27.092+0000] {logging_mixin.py:188} INFO - [2026-05-09T19:22:27.092+0000] {dagbag.py:545} INFO - Filling up the DagBag from /opt/airflow/dags/taxi-pipeline.py
[2026-05-09T19:22:27.113+0000] {processor.py:840} INFO - DAG(s) 'taxi_pipeline' retrieved from /opt/airflow/dags/taxi-pipeline.py
[2026-05-09T19:22:27.132+0000] {logging_mixin.py:188} INFO - [2026-05-09T19:22:27.132+0000] {dag.py:3096} INFO - Sync 1 DAGs
[2026-05-09T19:22:27.154+0000] {logging_mixin.py:188} INFO - [2026-05-09T19:22:27.154+0000] {dag.py:3954} INFO - Setting next_dagrun for taxi_pipeline to 2026-04-01 00:00:00+00:00, run_after=2026-05-01 00:00:00+00:00
[2026-05-09T19:22:27.177+0000] {processor.py:183} INFO - Processing /opt/airflow/dags/taxi-pipeline.py took 0.094 seconds
[2026-05-09T19:22:57.450+0000] {processor.py:161} INFO - Started process (PID=3640) to work on /opt/airflow/dags/taxi-pipeline.py
[2026-05-09T19:22:57.451+0000] {processor.py:830} INFO - Processing file /opt/airflow/dags/taxi-pipeline.py for tasks to queue
[2026-05-09T19:22:57.454+0000] {logging_mixin.py:188} INFO - [2026-05-09T19:22:57.453+0000] {dagbag.py:545} INFO - Filling up the DagBag from /opt/airflow/dags/taxi-pipeline.py
[2026-05-09T19:22:57.474+0000] {processor.py:840} INFO - DAG(s) 'taxi_pipeline' retrieved from /opt/airflow/dags/taxi-pipeline.py
[2026-05-09T19:22:57.495+0000] {logging_mixin.py:188} INFO - [2026-05-09T19:22:57.495+0000] {dag.py:3096} INFO - Sync 1 DAGs
[2026-05-09T19:22:57.518+0000] {logging_mixin.py:188} INFO - [2026-05-09T19:22:57.517+0000] {dag.py:3954} INFO - Setting next_dagrun for taxi_pipeline to 2026-04-01 00:00:00+00:00, run_after=2026-05-01 00:00:00+00:00
[2026-05-09T19:22:57.544+0000] {processor.py:183} INFO - Processing /opt/airflow/dags/taxi-pipeline.py took 0.099 seconds
[2026-05-09T19:23:27.839+0000] {processor.py:161} INFO - Started process (PID=3699) to work on /opt/airflow/dags/taxi-pipeline.py
[2026-05-09T19:23:27.840+0000] {processor.py:830} INFO - Processing file /opt/airflow/dags/taxi-pipeline.py for tasks to queue
[2026-05-09T19:23:27.842+0000] {logging_mixin.py:188} INFO - [2026-05-09T19:23:27.842+0000] {dagbag.py:545} INFO - Filling up the DagBag from /opt/airflow/dags/taxi-pipeline.py
[2026-05-09T19:23:27.862+0000] {processor.py:840} INFO - DAG(s) 'taxi_pipeline' retrieved from /opt/airflow/dags/taxi-pipeline.py
[2026-05-09T19:23:27.883+0000] {logging_mixin.py:188} INFO - [2026-05-09T19:23:27.882+0000] {dag.py:3096} INFO - Sync 1 DAGs
[2026-05-09T19:23:27.906+0000] {logging_mixin.py:188} INFO - [2026-05-09T19:23:27.906+0000] {dag.py:3954} INFO - Setting next_dagrun for taxi_pipeline to 2026-04-01 00:00:00+00:00, run_after=2026-05-01 00:00:00+00:00
[2026-05-09T19:23:27.933+0000] {processor.py:183} INFO - Processing /opt/airflow/dags/taxi-pipeline.py took 0.100 seconds
[2026-05-09T19:23:58.251+0000] {processor.py:161} INFO - Started process (PID=3758) to work on /opt/airflow/dags/taxi-pipeline.py
[2026-05-09T19:23:58.252+0000] {processor.py:830} INFO - Processing file /opt/airflow/dags/taxi-pipeline.py for tasks to queue
[2026-05-09T19:23:58.254+0000] {logging_mixin.py:188} INFO - [2026-05-09T19:23:58.254+0000] {dagbag.py:545} INFO - Filling up the DagBag from /opt/airflow/dags/taxi-pipeline.py
[2026-05-09T19:23:58.275+0000] {processor.py:840} INFO - DAG(s) 'taxi_pipeline' retrieved from /opt/airflow/dags/taxi-pipeline.py
[2026-05-09T19:23:58.295+0000] {logging_mixin.py:188} INFO - [2026-05-09T19:23:58.295+0000] {dag.py:3096} INFO - Sync 1 DAGs
[2026-05-09T19:23:58.318+0000] {logging_mixin.py:188} INFO - [2026-05-09T19:23:58.318+0000] {dag.py:3954} INFO - Setting next_dagrun for taxi_pipeline to 2026-04-01 00:00:00+00:00, run_after=2026-05-01 00:00:00+00:00
[2026-05-09T19:23:58.341+0000] {processor.py:183} INFO - Processing /opt/airflow/dags/taxi-pipeline.py took 0.095 seconds
[2026-05-09T19:24:28.701+0000] {processor.py:161} INFO - Started process (PID=3817) to work on /opt/airflow/dags/taxi-pipeline.py
[2026-05-09T19:24:28.702+0000] {processor.py:830} INFO - Processing file /opt/airflow/dags/taxi-pipeline.py for tasks to queue
[2026-05-09T19:24:28.705+0000] {logging_mixin.py:188} INFO - [2026-05-09T19:24:28.705+0000] {dagbag.py:545} INFO - Filling up the DagBag from /opt/airflow/dags/taxi-pipeline.py
[2026-05-09T19:24:28.729+0000] {processor.py:840} INFO - DAG(s) 'taxi_pipeline' retrieved from /opt/airflow/dags/taxi-pipeline.py
[2026-05-09T19:24:28.753+0000] {logging_mixin.py:188} INFO - [2026-05-09T19:24:28.753+0000] {dag.py:3096} INFO - Sync 1 DAGs
[2026-05-09T19:24:28.780+0000] {logging_mixin.py:188} INFO - [2026-05-09T19:24:28.779+0000] {dag.py:3954} INFO - Setting next_dagrun for taxi_pipeline to 2026-04-01 00:00:00+00:00, run_after=2026-05-01 00:00:00+00:00
[2026-05-09T19:24:28.806+0000] {processor.py:183} INFO - Processing /opt/airflow/dags/taxi-pipeline.py took 0.111 seconds
[2026-05-09T19:24:59.049+0000] {processor.py:161} INFO - Started process (PID=3876) to work on /opt/airflow/dags/taxi-pipeline.py
[2026-05-09T19:24:59.050+0000] {processor.py:830} INFO - Processing file /opt/airflow/dags/taxi-pipeline.py for tasks to queue
[2026-05-09T19:24:59.052+0000] {logging_mixin.py:188} INFO - [2026-05-09T19:24:59.051+0000] {dagbag.py:545} INFO - Filling up the DagBag from /opt/airflow/dags/taxi-pipeline.py
[2026-05-09T19:24:59.071+0000] {processor.py:840} INFO - DAG(s) 'taxi_pipeline' retrieved from /opt/airflow/dags/taxi-pipeline.py
[2026-05-09T19:24:59.091+0000] {logging_mixin.py:188} INFO - [2026-05-09T19:24:59.091+0000] {dag.py:3096} INFO - Sync 1 DAGs
[2026-05-09T19:24:59.113+0000] {logging_mixin.py:188} INFO - [2026-05-09T19:24:59.113+0000] {dag.py:3954} INFO - Setting next_dagrun for taxi_pipeline to 2026-04-01 00:00:00+00:00, run_after=2026-05-01 00:00:00+00:00
[2026-05-09T19:24:59.136+0000] {processor.py:183} INFO - Processing /opt/airflow/dags/taxi-pipeline.py took 0.093 seconds
[2026-05-09T19:25:29.410+0000] {processor.py:161} INFO - Started process (PID=3935) to work on /opt/airflow/dags/taxi-pipeline.py
[2026-05-09T19:25:29.411+0000] {processor.py:830} INFO - Processing file /opt/airflow/dags/taxi-pipeline.py for tasks to queue
[2026-05-09T19:25:29.413+0000] {logging_mixin.py:188} INFO - [2026-05-09T19:25:29.412+0000] {dagbag.py:545} INFO - Filling up the DagBag from /opt/airflow/dags/taxi-pipeline.py
[2026-05-09T19:25:29.433+0000] {processor.py:840} INFO - DAG(s) 'taxi_pipeline' retrieved from /opt/airflow/dags/taxi-pipeline.py
[2026-05-09T19:25:29.454+0000] {logging_mixin.py:188} INFO - [2026-05-09T19:25:29.454+0000] {dag.py:3096} INFO - Sync 1 DAGs
[2026-05-09T19:25:29.477+0000] {logging_mixin.py:188} INFO - [2026-05-09T19:25:29.477+0000] {dag.py:3954} INFO - Setting next_dagrun for taxi_pipeline to 2026-04-01 00:00:00+00:00, run_after=2026-05-01 00:00:00+00:00
[2026-05-09T19:25:29.499+0000] {processor.py:183} INFO - Processing /opt/airflow/dags/taxi-pipeline.py took 0.095 seconds
[2026-05-09T19:25:59.825+0000] {processor.py:161} INFO - Started process (PID=3994) to work on /opt/airflow/dags/taxi-pipeline.py
[2026-05-09T19:25:59.826+0000] {processor.py:830} INFO - Processing file /opt/airflow/dags/taxi-pipeline.py for tasks to queue
[2026-05-09T19:25:59.828+0000] {logging_mixin.py:188} INFO - [2026-05-09T19:25:59.828+0000] {dagbag.py:545} INFO - Filling up the DagBag from /opt/airflow/dags/taxi-pipeline.py
[2026-05-09T19:25:59.850+0000] {processor.py:840} INFO - DAG(s) 'taxi_pipeline' retrieved from /opt/airflow/dags/taxi-pipeline.py
[2026-05-09T19:25:59.872+0000] {logging_mixin.py:188} INFO - [2026-05-09T19:25:59.872+0000] {dag.py:3096} INFO - Sync 1 DAGs
[2026-05-09T19:25:59.899+0000] {logging_mixin.py:188} INFO - [2026-05-09T19:25:59.899+0000] {dag.py:3954} INFO - Setting next_dagrun for taxi_pipeline to 2026-04-01 00:00:00+00:00, run_after=2026-05-01 00:00:00+00:00
[2026-05-09T19:25:59.924+0000] {processor.py:183} INFO - Processing /opt/airflow/dags/taxi-pipeline.py took 0.105 seconds
[2026-05-09T19:26:30.048+0000] {processor.py:161} INFO - Started process (PID=4053) to work on /opt/airflow/dags/taxi-pipeline.py
[2026-05-09T19:26:30.049+0000] {processor.py:830} INFO - Processing file /opt/airflow/dags/taxi-pipeline.py for tasks to queue
[2026-05-09T19:26:30.051+0000] {logging_mixin.py:188} INFO - [2026-05-09T19:26:30.051+0000] {dagbag.py:545} INFO - Filling up the DagBag from /opt/airflow/dags/taxi-pipeline.py
[2026-05-09T19:26:30.070+0000] {processor.py:840} INFO - DAG(s) 'taxi_pipeline' retrieved from /opt/airflow/dags/taxi-pipeline.py
[2026-05-09T19:26:30.094+0000] {logging_mixin.py:188} INFO - [2026-05-09T19:26:30.094+0000] {dag.py:3096} INFO - Sync 1 DAGs
[2026-05-09T19:26:30.121+0000] {logging_mixin.py:188} INFO - [2026-05-09T19:26:30.120+0000] {dag.py:3954} INFO - Setting next_dagrun for taxi_pipeline to 2026-04-01 00:00:00+00:00, run_after=2026-05-01 00:00:00+00:00
[2026-05-09T19:26:30.151+0000] {processor.py:183} INFO - Processing /opt/airflow/dags/taxi-pipeline.py took 0.108 seconds
[2026-05-09T19:27:00.491+0000] {processor.py:161} INFO - Started process (PID=4112) to work on /opt/airflow/dags/taxi-pipeline.py
[2026-05-09T19:27:00.492+0000] {processor.py:830} INFO - Processing file /opt/airflow/dags/taxi-pipeline.py for tasks to queue
[2026-05-09T19:27:00.495+0000] {logging_mixin.py:188} INFO - [2026-05-09T19:27:00.495+0000] {dagbag.py:545} INFO - Filling up the DagBag from /opt/airflow/dags/taxi-pipeline.py
[2026-05-09T19:27:00.517+0000] {processor.py:840} INFO - DAG(s) 'taxi_pipeline' retrieved from /opt/airflow/dags/taxi-pipeline.py
[2026-05-09T19:27:00.540+0000] {logging_mixin.py:188} INFO - [2026-05-09T19:27:00.540+0000] {dag.py:3096} INFO - Sync 1 DAGs
[2026-05-09T19:27:00.566+0000] {logging_mixin.py:188} INFO - [2026-05-09T19:27:00.566+0000] {dag.py:3954} INFO - Setting next_dagrun for taxi_pipeline to 2026-04-01 00:00:00+00:00, run_after=2026-05-01 00:00:00+00:00
[2026-05-09T19:27:00.593+0000] {processor.py:183} INFO - Processing /opt/airflow/dags/taxi-pipeline.py took 0.109 seconds
[2026-05-09T19:27:30.655+0000] {processor.py:161} INFO - Started process (PID=4170) to work on /opt/airflow/dags/taxi-pipeline.py
[2026-05-09T19:27:30.656+0000] {processor.py:830} INFO - Processing file /opt/airflow/dags/taxi-pipeline.py for tasks to queue
[2026-05-09T19:27:30.659+0000] {logging_mixin.py:188} INFO - [2026-05-09T19:27:30.658+0000] {dagbag.py:545} INFO - Filling up the DagBag from /opt/airflow/dags/taxi-pipeline.py
[2026-05-09T19:27:30.681+0000] {processor.py:840} INFO - DAG(s) 'taxi_pipeline' retrieved from /opt/airflow/dags/taxi-pipeline.py
[2026-05-09T19:27:30.700+0000] {logging_mixin.py:188} INFO - [2026-05-09T19:27:30.700+0000] {dag.py:3096} INFO - Sync 1 DAGs
[2026-05-09T19:27:30.722+0000] {logging_mixin.py:188} INFO - [2026-05-09T19:27:30.722+0000] {dag.py:3954} INFO - Setting next_dagrun for taxi_pipeline to 2026-04-01 00:00:00+00:00, run_after=2026-05-01 00:00:00+00:00
[2026-05-09T19:27:30.745+0000] {processor.py:183} INFO - Processing /opt/airflow/dags/taxi-pipeline.py took 0.096 seconds
[2026-05-09T19:28:01.607+0000] {processor.py:161} INFO - Started process (PID=4228) to work on /opt/airflow/dags/taxi-pipeline.py
[2026-05-09T19:28:01.609+0000] {processor.py:830} INFO - Processing file /opt/airflow/dags/taxi-pipeline.py for tasks to queue
[2026-05-09T19:28:01.611+0000] {logging_mixin.py:188} INFO - [2026-05-09T19:28:01.611+0000] {dagbag.py:545} INFO - Filling up the DagBag from /opt/airflow/dags/taxi-pipeline.py
[2026-05-09T19:28:01.636+0000] {processor.py:840} INFO - DAG(s) 'taxi_pipeline' retrieved from /opt/airflow/dags/taxi-pipeline.py
[2026-05-09T19:28:01.659+0000] {logging_mixin.py:188} INFO - [2026-05-09T19:28:01.658+0000] {dag.py:3096} INFO - Sync 1 DAGs
[2026-05-09T19:28:01.684+0000] {logging_mixin.py:188} INFO - [2026-05-09T19:28:01.684+0000] {dag.py:3954} INFO - Setting next_dagrun for taxi_pipeline to 2026-04-01 00:00:00+00:00, run_after=2026-05-01 00:00:00+00:00
[2026-05-09T19:28:01.709+0000] {processor.py:183} INFO - Processing /opt/airflow/dags/taxi-pipeline.py took 0.109 seconds
[2026-05-09T19:28:31.828+0000] {processor.py:161} INFO - Started process (PID=4287) to work on /opt/airflow/dags/taxi-pipeline.py
[2026-05-09T19:28:31.830+0000] {processor.py:830} INFO - Processing file /opt/airflow/dags/taxi-pipeline.py for tasks to queue
[2026-05-09T19:28:31.832+0000] {logging_mixin.py:188} INFO - [2026-05-09T19:28:31.832+0000] {dagbag.py:545} INFO - Filling up the DagBag from /opt/airflow/dags/taxi-pipeline.py
[2026-05-09T19:28:31.854+0000] {processor.py:840} INFO - DAG(s) 'taxi_pipeline' retrieved from /opt/airflow/dags/taxi-pipeline.py
[2026-05-09T19:28:31.877+0000] {logging_mixin.py:188} INFO - [2026-05-09T19:28:31.876+0000] {dag.py:3096} INFO - Sync 1 DAGs
[2026-05-09T19:28:31.903+0000] {logging_mixin.py:188} INFO - [2026-05-09T19:28:31.903+0000] {dag.py:3954} INFO - Setting next_dagrun for taxi_pipeline to 2026-04-01 00:00:00+00:00, run_after=2026-05-01 00:00:00+00:00
[2026-05-09T19:28:31.926+0000] {processor.py:183} INFO - Processing /opt/airflow/dags/taxi-pipeline.py took 0.105 seconds
[2026-05-09T19:29:02.349+0000] {processor.py:161} INFO - Started process (PID=4346) to work on /opt/airflow/dags/taxi-pipeline.py
[2026-05-09T19:29:02.350+0000] {processor.py:830} INFO - Processing file /opt/airflow/dags/taxi-pipeline.py for tasks to queue
[2026-05-09T19:29:02.352+0000] {logging_mixin.py:188} INFO - [2026-05-09T19:29:02.352+0000] {dagbag.py:545} INFO - Filling up the DagBag from /opt/airflow/dags/taxi-pipeline.py
[2026-05-09T19:29:02.373+0000] {processor.py:840} INFO - DAG(s) 'taxi_pipeline' retrieved from /opt/airflow/dags/taxi-pipeline.py
[2026-05-09T19:29:02.392+0000] {logging_mixin.py:188} INFO - [2026-05-09T19:29:02.392+0000] {dag.py:3096} INFO - Sync 1 DAGs
[2026-05-09T19:29:02.414+0000] {logging_mixin.py:188} INFO - [2026-05-09T19:29:02.414+0000] {dag.py:3954} INFO - Setting next_dagrun for taxi_pipeline to 2026-04-01 00:00:00+00:00, run_after=2026-05-01 00:00:00+00:00
[2026-05-09T19:29:02.437+0000] {processor.py:183} INFO - Processing /opt/airflow/dags/taxi-pipeline.py took 0.094 seconds
[2026-05-09T19:29:33.197+0000] {processor.py:161} INFO - Started process (PID=4405) to work on /opt/airflow/dags/taxi-pipeline.py
[2026-05-09T19:29:33.198+0000] {processor.py:830} INFO - Processing file /opt/airflow/dags/taxi-pipeline.py for tasks to queue
[2026-05-09T19:29:33.200+0000] {logging_mixin.py:188} INFO - [2026-05-09T19:29:33.199+0000] {dagbag.py:545} INFO - Filling up the DagBag from /opt/airflow/dags/taxi-pipeline.py
[2026-05-09T19:29:33.220+0000] {processor.py:840} INFO - DAG(s) 'taxi_pipeline' retrieved from /opt/airflow/dags/taxi-pipeline.py
[2026-05-09T19:29:33.240+0000] {logging_mixin.py:188} INFO - [2026-05-09T19:29:33.239+0000] {dag.py:3096} INFO - Sync 1 DAGs
[2026-05-09T19:29:33.262+0000] {logging_mixin.py:188} INFO - [2026-05-09T19:29:33.261+0000] {dag.py:3954} INFO - Setting next_dagrun for taxi_pipeline to 2026-04-01 00:00:00+00:00, run_after=2026-05-01 00:00:00+00:00
[2026-05-09T19:29:33.286+0000] {processor.py:183} INFO - Processing /opt/airflow/dags/taxi-pipeline.py took 0.095 seconds
[2026-05-09T19:30:03.955+0000] {processor.py:161} INFO - Started process (PID=4464) to work on /opt/airflow/dags/taxi-pipeline.py
[2026-05-09T19:30:03.956+0000] {processor.py:830} INFO - Processing file /opt/airflow/dags/taxi-pipeline.py for tasks to queue
[2026-05-09T19:30:03.958+0000] {logging_mixin.py:188} INFO - [2026-05-09T19:30:03.958+0000] {dagbag.py:545} INFO - Filling up the DagBag from /opt/airflow/dags/taxi-pipeline.py
[2026-05-09T19:30:03.978+0000] {processor.py:840} INFO - DAG(s) 'taxi_pipeline' retrieved from /opt/airflow/dags/taxi-pipeline.py
[2026-05-09T19:30:03.997+0000] {logging_mixin.py:188} INFO - [2026-05-09T19:30:03.996+0000] {dag.py:3096} INFO - Sync 1 DAGs
[2026-05-09T19:30:04.019+0000] {logging_mixin.py:188} INFO - [2026-05-09T19:30:04.019+0000] {dag.py:3954} INFO - Setting next_dagrun for taxi_pipeline to 2026-04-01 00:00:00+00:00, run_after=2026-05-01 00:00:00+00:00
[2026-05-09T19:30:04.043+0000] {processor.py:183} INFO - Processing /opt/airflow/dags/taxi-pipeline.py took 0.099 seconds
[2026-05-09T19:30:34.222+0000] {processor.py:161} INFO - Started process (PID=4523) to work on /opt/airflow/dags/taxi-pipeline.py
[2026-05-09T19:30:34.223+0000] {processor.py:830} INFO - Processing file /opt/airflow/dags/taxi-pipeline.py for tasks to queue
[2026-05-09T19:30:34.225+0000] {logging_mixin.py:188} INFO - [2026-05-09T19:30:34.225+0000] {dagbag.py:545} INFO - Filling up the DagBag from /opt/airflow/dags/taxi-pipeline.py
[2026-05-09T19:30:34.246+0000] {processor.py:840} INFO - DAG(s) 'taxi_pipeline' retrieved from /opt/airflow/dags/taxi-pipeline.py
[2026-05-09T19:30:34.266+0000] {logging_mixin.py:188} INFO - [2026-05-09T19:30:34.266+0000] {dag.py:3096} INFO - Sync 1 DAGs
[2026-05-09T19:30:34.289+0000] {logging_mixin.py:188} INFO - [2026-05-09T19:30:34.289+0000] {dag.py:3954} INFO - Setting next_dagrun for taxi_pipeline to 2026-04-01 00:00:00+00:00, run_after=2026-05-01 00:00:00+00:00
[2026-05-09T19:30:34.315+0000] {processor.py:183} INFO - Processing /opt/airflow/dags/taxi-pipeline.py took 0.099 seconds
[2026-05-09T19:31:04.458+0000] {processor.py:161} INFO - Started process (PID=4582) to work on /opt/airflow/dags/taxi-pipeline.py
[2026-05-09T19:31:04.459+0000] {processor.py:830} INFO - Processing file /opt/airflow/dags/taxi-pipeline.py for tasks to queue
[2026-05-09T19:31:04.461+0000] {logging_mixin.py:188} INFO - [2026-05-09T19:31:04.461+0000] {dagbag.py:545} INFO - Filling up the DagBag from /opt/airflow/dags/taxi-pipeline.py
[2026-05-09T19:31:04.481+0000] {processor.py:840} INFO - DAG(s) 'taxi_pipeline' retrieved from /opt/airflow/dags/taxi-pipeline.py
[2026-05-09T19:31:04.501+0000] {logging_mixin.py:188} INFO - [2026-05-09T19:31:04.501+0000] {dag.py:3096} INFO - Sync 1 DAGs
[2026-05-09T19:31:04.523+0000] {logging_mixin.py:188} INFO - [2026-05-09T19:31:04.523+0000] {dag.py:3954} INFO - Setting next_dagrun for taxi_pipeline to 2026-04-01 00:00:00+00:00, run_after=2026-05-01 00:00:00+00:00
[2026-05-09T19:31:04.546+0000] {processor.py:183} INFO - Processing /opt/airflow/dags/taxi-pipeline.py took 0.094 seconds
[2026-05-09T19:31:19.553+0000] {processor.py:161} INFO - Started process (PID=4635) to work on /opt/airflow/dags/taxi-pipeline.py
[2026-05-09T19:31:19.554+0000] {processor.py:830} INFO - Processing file /opt/airflow/dags/taxi-pipeline.py for tasks to queue
[2026-05-09T19:31:19.556+0000] {logging_mixin.py:188} INFO - [2026-05-09T19:31:19.556+0000] {dagbag.py:545} INFO - Filling up the DagBag from /opt/airflow/dags/taxi-pipeline.py
[2026-05-09T19:31:19.588+0000] {processor.py:840} INFO - DAG(s) 'taxi_pipeline' retrieved from /opt/airflow/dags/taxi-pipeline.py
[2026-05-09T19:31:19.697+0000] {logging_mixin.py:188} INFO - [2026-05-09T19:31:19.696+0000] {dag.py:3096} INFO - Sync 1 DAGs
[2026-05-09T19:31:19.719+0000] {logging_mixin.py:188} INFO - [2026-05-09T19:31:19.719+0000] {dag.py:3954} INFO - Setting next_dagrun for taxi_pipeline to 2026-04-01 00:00:00+00:00, run_after=2026-05-01 00:00:00+00:00
[2026-05-09T19:31:19.753+0000] {processor.py:183} INFO - Processing /opt/airflow/dags/taxi-pipeline.py took 0.206 seconds
[2026-05-09T19:31:50.606+0000] {processor.py:161} INFO - Started process (PID=4694) to work on /opt/airflow/dags/taxi-pipeline.py
[2026-05-09T19:31:50.607+0000] {processor.py:830} INFO - Processing file /opt/airflow/dags/taxi-pipeline.py for tasks to queue
[2026-05-09T19:31:50.609+0000] {logging_mixin.py:188} INFO - [2026-05-09T19:31:50.609+0000] {dagbag.py:545} INFO - Filling up the DagBag from /opt/airflow/dags/taxi-pipeline.py
[2026-05-09T19:31:50.628+0000] {processor.py:840} INFO - DAG(s) 'taxi_pipeline' retrieved from /opt/airflow/dags/taxi-pipeline.py
[2026-05-09T19:31:50.649+0000] {logging_mixin.py:188} INFO - [2026-05-09T19:31:50.649+0000] {dag.py:3096} INFO - Sync 1 DAGs
[2026-05-09T19:31:50.673+0000] {logging_mixin.py:188} INFO - [2026-05-09T19:31:50.673+0000] {dag.py:3954} INFO - Setting next_dagrun for taxi_pipeline to 2026-04-01 00:00:00+00:00, run_after=2026-05-01 00:00:00+00:00
[2026-05-09T19:31:50.698+0000] {processor.py:183} INFO - Processing /opt/airflow/dags/taxi-pipeline.py took 0.097 seconds
[2026-05-09T19:32:21.538+0000] {processor.py:161} INFO - Started process (PID=4753) to work on /opt/airflow/dags/taxi-pipeline.py
[2026-05-09T19:32:21.539+0000] {processor.py:830} INFO - Processing file /opt/airflow/dags/taxi-pipeline.py for tasks to queue
[2026-05-09T19:32:21.543+0000] {logging_mixin.py:188} INFO - [2026-05-09T19:32:21.542+0000] {dagbag.py:545} INFO - Filling up the DagBag from /opt/airflow/dags/taxi-pipeline.py
[2026-05-09T19:32:21.565+0000] {processor.py:840} INFO - DAG(s) 'taxi_pipeline' retrieved from /opt/airflow/dags/taxi-pipeline.py
[2026-05-09T19:32:21.588+0000] {logging_mixin.py:188} INFO - [2026-05-09T19:32:21.588+0000] {dag.py:3096} INFO - Sync 1 DAGs
[2026-05-09T19:32:21.617+0000] {logging_mixin.py:188} INFO - [2026-05-09T19:32:21.617+0000] {dag.py:3954} INFO - Setting next_dagrun for taxi_pipeline to 2026-04-01 00:00:00+00:00, run_after=2026-05-01 00:00:00+00:00
[2026-05-09T19:32:21.646+0000] {processor.py:183} INFO - Processing /opt/airflow/dags/taxi-pipeline.py took 0.114 seconds
[2026-05-09T19:32:52.284+0000] {processor.py:161} INFO - Started process (PID=4813) to work on /opt/airflow/dags/taxi-pipeline.py
[2026-05-09T19:32:52.285+0000] {processor.py:830} INFO - Processing file /opt/airflow/dags/taxi-pipeline.py for tasks to queue
[2026-05-09T19:32:52.288+0000] {logging_mixin.py:188} INFO - [2026-05-09T19:32:52.288+0000] {dagbag.py:545} INFO - Filling up the DagBag from /opt/airflow/dags/taxi-pipeline.py
[2026-05-09T19:32:52.309+0000] {processor.py:840} INFO - DAG(s) 'taxi_pipeline' retrieved from /opt/airflow/dags/taxi-pipeline.py
[2026-05-09T19:32:52.330+0000] {logging_mixin.py:188} INFO - [2026-05-09T19:32:52.329+0000] {dag.py:3096} INFO - Sync 1 DAGs
[2026-05-09T19:32:52.354+0000] {logging_mixin.py:188} INFO - [2026-05-09T19:32:52.354+0000] {dag.py:3954} INFO - Setting next_dagrun for taxi_pipeline to 2026-04-01 00:00:00+00:00, run_after=2026-05-01 00:00:00+00:00
[2026-05-09T19:32:52.380+0000] {processor.py:183} INFO - Processing /opt/airflow/dags/taxi-pipeline.py took 0.102 seconds
[2026-05-09T19:33:23.446+0000] {processor.py:161} INFO - Started process (PID=4872) to work on /opt/airflow/dags/taxi-pipeline.py
[2026-05-09T19:33:23.447+0000] {processor.py:830} INFO - Processing file /opt/airflow/dags/taxi-pipeline.py for tasks to queue
[2026-05-09T19:33:23.452+0000] {logging_mixin.py:188} INFO - [2026-05-09T19:33:23.451+0000] {dagbag.py:545} INFO - Filling up the DagBag from /opt/airflow/dags/taxi-pipeline.py
[2026-05-09T19:33:23.487+0000] {processor.py:840} INFO - DAG(s) 'taxi_pipeline' retrieved from /opt/airflow/dags/taxi-pipeline.py
[2026-05-09T19:33:23.514+0000] {logging_mixin.py:188} INFO - [2026-05-09T19:33:23.514+0000] {dag.py:3096} INFO - Sync 1 DAGs
[2026-05-09T19:33:23.547+0000] {logging_mixin.py:188} INFO - [2026-05-09T19:33:23.547+0000] {dag.py:3954} INFO - Setting next_dagrun for taxi_pipeline to 2026-04-01 00:00:00+00:00, run_after=2026-05-01 00:00:00+00:00
[2026-05-09T19:33:23.589+0000] {processor.py:183} INFO - Processing /opt/airflow/dags/taxi-pipeline.py took 0.150 seconds
[2026-05-09T19:33:53.811+0000] {processor.py:161} INFO - Started process (PID=4929) to work on /opt/airflow/dags/taxi-pipeline.py
[2026-05-09T19:33:53.813+0000] {processor.py:830} INFO - Processing file /opt/airflow/dags/taxi-pipeline.py for tasks to queue
[2026-05-09T19:33:53.815+0000] {logging_mixin.py:188} INFO - [2026-05-09T19:33:53.815+0000] {dagbag.py:545} INFO - Filling up the DagBag from /opt/airflow/dags/taxi-pipeline.py
[2026-05-09T19:33:53.843+0000] {processor.py:840} INFO - DAG(s) 'taxi_pipeline' retrieved from /opt/airflow/dags/taxi-pipeline.py
[2026-05-09T19:33:53.866+0000] {logging_mixin.py:188} INFO - [2026-05-09T19:33:53.866+0000] {dag.py:3096} INFO - Sync 1 DAGs
[2026-05-09T19:33:53.892+0000] {logging_mixin.py:188} INFO - [2026-05-09T19:33:53.892+0000] {dag.py:3954} INFO - Setting next_dagrun for taxi_pipeline to 2026-04-01 00:00:00+00:00, run_after=2026-05-01 00:00:00+00:00
[2026-05-09T19:33:53.919+0000] {processor.py:183} INFO - Processing /opt/airflow/dags/taxi-pipeline.py took 0.113 seconds
[2026-05-09T19:34:24.456+0000] {processor.py:161} INFO - Started process (PID=4988) to work on /opt/airflow/dags/taxi-pipeline.py
[2026-05-09T19:34:24.458+0000] {processor.py:830} INFO - Processing file /opt/airflow/dags/taxi-pipeline.py for tasks to queue
[2026-05-09T19:34:24.460+0000] {logging_mixin.py:188} INFO - [2026-05-09T19:34:24.460+0000] {dagbag.py:545} INFO - Filling up the DagBag from /opt/airflow/dags/taxi-pipeline.py
[2026-05-09T19:34:24.486+0000] {processor.py:840} INFO - DAG(s) 'taxi_pipeline' retrieved from /opt/airflow/dags/taxi-pipeline.py
[2026-05-09T19:34:24.506+0000] {logging_mixin.py:188} INFO - [2026-05-09T19:34:24.506+0000] {dag.py:3096} INFO - Sync 1 DAGs
[2026-05-09T19:34:24.530+0000] {logging_mixin.py:188} INFO - [2026-05-09T19:34:24.530+0000] {dag.py:3954} INFO - Setting next_dagrun for taxi_pipeline to 2026-04-01 00:00:00+00:00, run_after=2026-05-01 00:00:00+00:00
[2026-05-09T19:34:24.556+0000] {processor.py:183} INFO - Processing /opt/airflow/dags/taxi-pipeline.py took 0.105 seconds
[2026-05-09T19:34:54.653+0000] {processor.py:161} INFO - Started process (PID=5045) to work on /opt/airflow/dags/taxi-pipeline.py
[2026-05-09T19:34:54.654+0000] {processor.py:830} INFO - Processing file /opt/airflow/dags/taxi-pipeline.py for tasks to queue
[2026-05-09T19:34:54.657+0000] {logging_mixin.py:188} INFO - [2026-05-09T19:34:54.656+0000] {dagbag.py:545} INFO - Filling up the DagBag from /opt/airflow/dags/taxi-pipeline.py
[2026-05-09T19:34:54.683+0000] {processor.py:840} INFO - DAG(s) 'taxi_pipeline' retrieved from /opt/airflow/dags/taxi-pipeline.py
[2026-05-09T19:34:54.709+0000] {logging_mixin.py:188} INFO - [2026-05-09T19:34:54.709+0000] {dag.py:3096} INFO - Sync 1 DAGs
[2026-05-09T19:34:54.747+0000] {logging_mixin.py:188} INFO - [2026-05-09T19:34:54.746+0000] {dag.py:3954} INFO - Setting next_dagrun for taxi_pipeline to 2026-04-01 00:00:00+00:00, run_after=2026-05-01 00:00:00+00:00
[2026-05-09T19:34:54.787+0000] {processor.py:183} INFO - Processing /opt/airflow/dags/taxi-pipeline.py took 0.146 seconds
[2026-05-09T19:35:24.943+0000] {processor.py:161} INFO - Started process (PID=5092) to work on /opt/airflow/dags/taxi-pipeline.py
[2026-05-09T19:35:24.944+0000] {processor.py:830} INFO - Processing file /opt/airflow/dags/taxi-pipeline.py for tasks to queue
[2026-05-09T19:35:24.947+0000] {logging_mixin.py:188} INFO - [2026-05-09T19:35:24.946+0000] {dagbag.py:545} INFO - Filling up the DagBag from /opt/airflow/dags/taxi-pipeline.py
[2026-05-09T19:35:24.978+0000] {processor.py:840} INFO - DAG(s) 'taxi_pipeline' retrieved from /opt/airflow/dags/taxi-pipeline.py
[2026-05-09T19:35:25.006+0000] {logging_mixin.py:188} INFO - [2026-05-09T19:35:25.006+0000] {dag.py:3096} INFO - Sync 1 DAGs
[2026-05-09T19:35:25.041+0000] {logging_mixin.py:188} INFO - [2026-05-09T19:35:25.040+0000] {dag.py:3954} INFO - Setting next_dagrun for taxi_pipeline to 2026-04-01 00:00:00+00:00, run_after=2026-05-01 00:00:00+00:00
[2026-05-09T19:35:25.092+0000] {processor.py:183} INFO - Processing /opt/airflow/dags/taxi-pipeline.py took 0.155 seconds
[2026-05-09T19:35:55.479+0000] {processor.py:161} INFO - Started process (PID=5151) to work on /opt/airflow/dags/taxi-pipeline.py
[2026-05-09T19:35:55.480+0000] {processor.py:830} INFO - Processing file /opt/airflow/dags/taxi-pipeline.py for tasks to queue
[2026-05-09T19:35:55.483+0000] {logging_mixin.py:188} INFO - [2026-05-09T19:35:55.482+0000] {dagbag.py:545} INFO - Filling up the DagBag from /opt/airflow/dags/taxi-pipeline.py
[2026-05-09T19:35:55.503+0000] {processor.py:840} INFO - DAG(s) 'taxi_pipeline' retrieved from /opt/airflow/dags/taxi-pipeline.py
[2026-05-09T19:35:55.522+0000] {logging_mixin.py:188} INFO - [2026-05-09T19:35:55.522+0000] {dag.py:3096} INFO - Sync 1 DAGs
[2026-05-09T19:35:55.544+0000] {logging_mixin.py:188} INFO - [2026-05-09T19:35:55.544+0000] {dag.py:3954} INFO - Setting next_dagrun for taxi_pipeline to 2026-04-01 00:00:00+00:00, run_after=2026-05-01 00:00:00+00:00
[2026-05-09T19:35:55.568+0000] {processor.py:183} INFO - Processing /opt/airflow/dags/taxi-pipeline.py took 0.095 seconds
[2026-05-09T19:36:25.999+0000] {processor.py:161} INFO - Started process (PID=5206) to work on /opt/airflow/dags/taxi-pipeline.py
[2026-05-09T19:36:26.000+0000] {processor.py:830} INFO - Processing file /opt/airflow/dags/taxi-pipeline.py for tasks to queue
[2026-05-09T19:36:26.003+0000] {logging_mixin.py:188} INFO - [2026-05-09T19:36:26.002+0000] {dagbag.py:545} INFO - Filling up the DagBag from /opt/airflow/dags/taxi-pipeline.py
[2026-05-09T19:36:26.027+0000] {processor.py:840} INFO - DAG(s) 'taxi_pipeline' retrieved from /opt/airflow/dags/taxi-pipeline.py
[2026-05-09T19:36:26.053+0000] {logging_mixin.py:188} INFO - [2026-05-09T19:36:26.053+0000] {dag.py:3096} INFO - Sync 1 DAGs
[2026-05-09T19:36:26.086+0000] {logging_mixin.py:188} INFO - [2026-05-09T19:36:26.085+0000] {dag.py:3954} INFO - Setting next_dagrun for taxi_pipeline to 2026-04-01 00:00:00+00:00, run_after=2026-05-01 00:00:00+00:00
[2026-05-09T19:36:26.122+0000] {processor.py:183} INFO - Processing /opt/airflow/dags/taxi-pipeline.py took 0.129 seconds
[2026-05-09T19:36:57.006+0000] {processor.py:161} INFO - Started process (PID=5264) to work on /opt/airflow/dags/taxi-pipeline.py
[2026-05-09T19:36:57.008+0000] {processor.py:830} INFO - Processing file /opt/airflow/dags/taxi-pipeline.py for tasks to queue
[2026-05-09T19:36:57.012+0000] {logging_mixin.py:188} INFO - [2026-05-09T19:36:57.011+0000] {dagbag.py:545} INFO - Filling up the DagBag from /opt/airflow/dags/taxi-pipeline.py
[2026-05-09T19:36:57.052+0000] {processor.py:840} INFO - DAG(s) 'taxi_pipeline' retrieved from /opt/airflow/dags/taxi-pipeline.py
[2026-05-09T19:36:57.089+0000] {logging_mixin.py:188} INFO - [2026-05-09T19:36:57.089+0000] {dag.py:3096} INFO - Sync 1 DAGs
[2026-05-09T19:36:57.123+0000] {logging_mixin.py:188} INFO - [2026-05-09T19:36:57.123+0000] {dag.py:3954} INFO - Setting next_dagrun for taxi_pipeline to 2026-04-01 00:00:00+00:00, run_after=2026-05-01 00:00:00+00:00
[2026-05-09T19:36:57.166+0000] {processor.py:183} INFO - Processing /opt/airflow/dags/taxi-pipeline.py took 0.172 seconds
[2026-05-09T19:37:28.112+0000] {processor.py:161} INFO - Started process (PID=5323) to work on /opt/airflow/dags/taxi-pipeline.py
[2026-05-09T19:37:28.113+0000] {processor.py:830} INFO - Processing file /opt/airflow/dags/taxi-pipeline.py for tasks to queue
[2026-05-09T19:37:28.115+0000] {logging_mixin.py:188} INFO - [2026-05-09T19:37:28.114+0000] {dagbag.py:545} INFO - Filling up the DagBag from /opt/airflow/dags/taxi-pipeline.py
[2026-05-09T19:37:28.134+0000] {processor.py:840} INFO - DAG(s) 'taxi_pipeline' retrieved from /opt/airflow/dags/taxi-pipeline.py
[2026-05-09T19:37:28.153+0000] {logging_mixin.py:188} INFO - [2026-05-09T19:37:28.153+0000] {dag.py:3096} INFO - Sync 1 DAGs
[2026-05-09T19:37:28.179+0000] {logging_mixin.py:188} INFO - [2026-05-09T19:37:28.179+0000] {dag.py:3954} INFO - Setting next_dagrun for taxi_pipeline to 2026-04-01 00:00:00+00:00, run_after=2026-05-01 00:00:00+00:00
[2026-05-09T19:37:28.227+0000] {processor.py:183} INFO - Processing /opt/airflow/dags/taxi-pipeline.py took 0.120 seconds
[2026-05-09T19:37:58.851+0000] {processor.py:161} INFO - Started process (PID=5382) to work on /opt/airflow/dags/taxi-pipeline.py
[2026-05-09T19:37:58.852+0000] {processor.py:830} INFO - Processing file /opt/airflow/dags/taxi-pipeline.py for tasks to queue
[2026-05-09T19:37:58.854+0000] {logging_mixin.py:188} INFO - [2026-05-09T19:37:58.854+0000] {dagbag.py:545} INFO - Filling up the DagBag from /opt/airflow/dags/taxi-pipeline.py
[2026-05-09T19:37:58.873+0000] {processor.py:840} INFO - DAG(s) 'taxi_pipeline' retrieved from /opt/airflow/dags/taxi-pipeline.py
[2026-05-09T19:37:58.892+0000] {logging_mixin.py:188} INFO - [2026-05-09T19:37:58.892+0000] {dag.py:3096} INFO - Sync 1 DAGs
[2026-05-09T19:37:58.914+0000] {logging_mixin.py:188} INFO - [2026-05-09T19:37:58.914+0000] {dag.py:3954} INFO - Setting next_dagrun for taxi_pipeline to 2026-04-01 00:00:00+00:00, run_after=2026-05-01 00:00:00+00:00
[2026-05-09T19:37:58.937+0000] {processor.py:183} INFO - Processing /opt/airflow/dags/taxi-pipeline.py took 0.091 seconds
[2026-05-09T19:38:29.528+0000] {processor.py:161} INFO - Started process (PID=5441) to work on /opt/airflow/dags/taxi-pipeline.py
[2026-05-09T19:38:29.529+0000] {processor.py:830} INFO - Processing file /opt/airflow/dags/taxi-pipeline.py for tasks to queue
[2026-05-09T19:38:29.531+0000] {logging_mixin.py:188} INFO - [2026-05-09T19:38:29.531+0000] {dagbag.py:545} INFO - Filling up the DagBag from /opt/airflow/dags/taxi-pipeline.py
[2026-05-09T19:38:29.550+0000] {processor.py:840} INFO - DAG(s) 'taxi_pipeline' retrieved from /opt/airflow/dags/taxi-pipeline.py
[2026-05-09T19:38:29.571+0000] {logging_mixin.py:188} INFO - [2026-05-09T19:38:29.570+0000] {dag.py:3096} INFO - Sync 1 DAGs
[2026-05-09T19:38:29.594+0000] {logging_mixin.py:188} INFO - [2026-05-09T19:38:29.593+0000] {dag.py:3954} INFO - Setting next_dagrun for taxi_pipeline to 2026-04-01 00:00:00+00:00, run_after=2026-05-01 00:00:00+00:00
[2026-05-09T19:38:29.618+0000] {processor.py:183} INFO - Processing /opt/airflow/dags/taxi-pipeline.py took 0.096 seconds
[2026-05-09T19:39:00.130+0000] {processor.py:161} INFO - Started process (PID=5500) to work on /opt/airflow/dags/taxi-pipeline.py
[2026-05-09T19:39:00.132+0000] {processor.py:830} INFO - Processing file /opt/airflow/dags/taxi-pipeline.py for tasks to queue
[2026-05-09T19:39:00.134+0000] {logging_mixin.py:188} INFO - [2026-05-09T19:39:00.133+0000] {dagbag.py:545} INFO - Filling up the DagBag from /opt/airflow/dags/taxi-pipeline.py
[2026-05-09T19:39:00.152+0000] {processor.py:840} INFO - DAG(s) 'taxi_pipeline' retrieved from /opt/airflow/dags/taxi-pipeline.py
[2026-05-09T19:39:00.172+0000] {logging_mixin.py:188} INFO - [2026-05-09T19:39:00.171+0000] {dag.py:3096} INFO - Sync 1 DAGs
[2026-05-09T19:39:00.194+0000] {logging_mixin.py:188} INFO - [2026-05-09T19:39:00.194+0000] {dag.py:3954} INFO - Setting next_dagrun for taxi_pipeline to 2026-04-01 00:00:00+00:00, run_after=2026-05-01 00:00:00+00:00
[2026-05-09T19:39:00.217+0000] {processor.py:183} INFO - Processing /opt/airflow/dags/taxi-pipeline.py took 0.092 seconds
[2026-05-09T19:39:31.002+0000] {processor.py:161} INFO - Started process (PID=5559) to work on /opt/airflow/dags/taxi-pipeline.py
[2026-05-09T19:39:31.003+0000] {processor.py:830} INFO - Processing file /opt/airflow/dags/taxi-pipeline.py for tasks to queue
[2026-05-09T19:39:31.005+0000] {logging_mixin.py:188} INFO - [2026-05-09T19:39:31.005+0000] {dagbag.py:545} INFO - Filling up the DagBag from /opt/airflow/dags/taxi-pipeline.py
[2026-05-09T19:39:31.026+0000] {processor.py:840} INFO - DAG(s) 'taxi_pipeline' retrieved from /opt/airflow/dags/taxi-pipeline.py
[2026-05-09T19:39:31.048+0000] {logging_mixin.py:188} INFO - [2026-05-09T19:39:31.047+0000] {dag.py:3096} INFO - Sync 1 DAGs
[2026-05-09T19:39:31.071+0000] {logging_mixin.py:188} INFO - [2026-05-09T19:39:31.071+0000] {dag.py:3954} INFO - Setting next_dagrun for taxi_pipeline to 2026-04-01 00:00:00+00:00, run_after=2026-05-01 00:00:00+00:00
[2026-05-09T19:39:31.098+0000] {processor.py:183} INFO - Processing /opt/airflow/dags/taxi-pipeline.py took 0.102 seconds
[2026-05-09T19:40:01.535+0000] {processor.py:161} INFO - Started process (PID=5612) to work on /opt/airflow/dags/taxi-pipeline.py
[2026-05-09T19:40:01.536+0000] {processor.py:830} INFO - Processing file /opt/airflow/dags/taxi-pipeline.py for tasks to queue
[2026-05-09T19:40:01.538+0000] {logging_mixin.py:188} INFO - [2026-05-09T19:40:01.538+0000] {dagbag.py:545} INFO - Filling up the DagBag from /opt/airflow/dags/taxi-pipeline.py
[2026-05-09T19:40:01.561+0000] {processor.py:840} INFO - DAG(s) 'taxi_pipeline' retrieved from /opt/airflow/dags/taxi-pipeline.py
[2026-05-09T19:40:01.580+0000] {logging_mixin.py:188} INFO - [2026-05-09T19:40:01.580+0000] {dag.py:3096} INFO - Sync 1 DAGs
[2026-05-09T19:40:01.601+0000] {logging_mixin.py:188} INFO - [2026-05-09T19:40:01.601+0000] {dag.py:3954} INFO - Setting next_dagrun for taxi_pipeline to 2026-04-01 00:00:00+00:00, run_after=2026-05-01 00:00:00+00:00
[2026-05-09T19:40:01.627+0000] {processor.py:183} INFO - Processing /opt/airflow/dags/taxi-pipeline.py took 0.097 seconds
[2026-05-09T19:40:31.913+0000] {processor.py:161} INFO - Started process (PID=5671) to work on /opt/airflow/dags/taxi-pipeline.py
[2026-05-09T19:40:31.915+0000] {processor.py:830} INFO - Processing file /opt/airflow/dags/taxi-pipeline.py for tasks to queue
[2026-05-09T19:40:31.917+0000] {logging_mixin.py:188} INFO - [2026-05-09T19:40:31.916+0000] {dagbag.py:545} INFO - Filling up the DagBag from /opt/airflow/dags/taxi-pipeline.py
[2026-05-09T19:40:31.938+0000] {processor.py:840} INFO - DAG(s) 'taxi_pipeline' retrieved from /opt/airflow/dags/taxi-pipeline.py
[2026-05-09T19:40:31.957+0000] {logging_mixin.py:188} INFO - [2026-05-09T19:40:31.956+0000] {dag.py:3096} INFO - Sync 1 DAGs
[2026-05-09T19:40:31.980+0000] {logging_mixin.py:188} INFO - [2026-05-09T19:40:31.980+0000] {dag.py:3954} INFO - Setting next_dagrun for taxi_pipeline to 2026-04-01 00:00:00+00:00, run_after=2026-05-01 00:00:00+00:00
[2026-05-09T19:40:32.003+0000] {processor.py:183} INFO - Processing /opt/airflow/dags/taxi-pipeline.py took 0.095 seconds
[2026-05-09T19:41:02.356+0000] {processor.py:161} INFO - Started process (PID=5719) to work on /opt/airflow/dags/taxi-pipeline.py
[2026-05-09T19:41:02.357+0000] {processor.py:830} INFO - Processing file /opt/airflow/dags/taxi-pipeline.py for tasks to queue
[2026-05-09T19:41:02.358+0000] {logging_mixin.py:188} INFO - [2026-05-09T19:41:02.358+0000] {dagbag.py:545} INFO - Filling up the DagBag from /opt/airflow/dags/taxi-pipeline.py
[2026-05-09T19:41:02.377+0000] {processor.py:840} INFO - DAG(s) 'taxi_pipeline' retrieved from /opt/airflow/dags/taxi-pipeline.py
[2026-05-09T19:41:02.398+0000] {logging_mixin.py:188} INFO - [2026-05-09T19:41:02.397+0000] {dag.py:3096} INFO - Sync 1 DAGs
[2026-05-09T19:41:02.419+0000] {logging_mixin.py:188} INFO - [2026-05-09T19:41:02.419+0000] {dag.py:3954} INFO - Setting next_dagrun for taxi_pipeline to 2026-04-01 00:00:00+00:00, run_after=2026-05-01 00:00:00+00:00
[2026-05-09T19:41:02.446+0000] {processor.py:183} INFO - Processing /opt/airflow/dags/taxi-pipeline.py took 0.095 seconds
[2026-05-09T19:41:32.995+0000] {processor.py:161} INFO - Started process (PID=5778) to work on /opt/airflow/dags/taxi-pipeline.py
[2026-05-09T19:41:32.996+0000] {processor.py:830} INFO - Processing file /opt/airflow/dags/taxi-pipeline.py for tasks to queue
[2026-05-09T19:41:32.998+0000] {logging_mixin.py:188} INFO - [2026-05-09T19:41:32.998+0000] {dagbag.py:545} INFO - Filling up the DagBag from /opt/airflow/dags/taxi-pipeline.py
[2026-05-09T19:41:33.017+0000] {processor.py:840} INFO - DAG(s) 'taxi_pipeline' retrieved from /opt/airflow/dags/taxi-pipeline.py
[2026-05-09T19:41:33.039+0000] {logging_mixin.py:188} INFO - [2026-05-09T19:41:33.038+0000] {dag.py:3096} INFO - Sync 1 DAGs
[2026-05-09T19:41:33.063+0000] {logging_mixin.py:188} INFO - [2026-05-09T19:41:33.063+0000] {dag.py:3954} INFO - Setting next_dagrun for taxi_pipeline to 2026-04-01 00:00:00+00:00, run_after=2026-05-01 00:00:00+00:00
[2026-05-09T19:41:33.092+0000] {processor.py:183} INFO - Processing /opt/airflow/dags/taxi-pipeline.py took 0.102 seconds
[2026-05-09T19:42:03.632+0000] {processor.py:161} INFO - Started process (PID=5837) to work on /opt/airflow/dags/taxi-pipeline.py
[2026-05-09T19:42:03.633+0000] {processor.py:830} INFO - Processing file /opt/airflow/dags/taxi-pipeline.py for tasks to queue
[2026-05-09T19:42:03.634+0000] {logging_mixin.py:188} INFO - [2026-05-09T19:42:03.634+0000] {dagbag.py:545} INFO - Filling up the DagBag from /opt/airflow/dags/taxi-pipeline.py
[2026-05-09T19:42:03.654+0000] {processor.py:840} INFO - DAG(s) 'taxi_pipeline' retrieved from /opt/airflow/dags/taxi-pipeline.py
[2026-05-09T19:42:03.804+0000] {logging_mixin.py:188} INFO - [2026-05-09T19:42:03.803+0000] {dag.py:3096} INFO - Sync 1 DAGs
[2026-05-09T19:42:03.826+0000] {logging_mixin.py:188} INFO - [2026-05-09T19:42:03.826+0000] {dag.py:3954} INFO - Setting next_dagrun for taxi_pipeline to 2026-04-01 00:00:00+00:00, run_after=2026-05-01 00:00:00+00:00
[2026-05-09T19:42:03.851+0000] {processor.py:183} INFO - Processing /opt/airflow/dags/taxi-pipeline.py took 0.225 seconds
[2026-05-09T19:42:34.753+0000] {processor.py:161} INFO - Started process (PID=5893) to work on /opt/airflow/dags/taxi-pipeline.py
[2026-05-09T19:42:34.754+0000] {processor.py:830} INFO - Processing file /opt/airflow/dags/taxi-pipeline.py for tasks to queue
[2026-05-09T19:42:34.757+0000] {logging_mixin.py:188} INFO - [2026-05-09T19:42:34.756+0000] {dagbag.py:545} INFO - Filling up the DagBag from /opt/airflow/dags/taxi-pipeline.py
[2026-05-09T19:42:34.777+0000] {processor.py:840} INFO - DAG(s) 'taxi_pipeline' retrieved from /opt/airflow/dags/taxi-pipeline.py
[2026-05-09T19:42:34.795+0000] {logging_mixin.py:188} INFO - [2026-05-09T19:42:34.795+0000] {dag.py:3096} INFO - Sync 1 DAGs
[2026-05-09T19:42:34.944+0000] {logging_mixin.py:188} INFO - [2026-05-09T19:42:34.944+0000] {dag.py:3954} INFO - Setting next_dagrun for taxi_pipeline to 2026-04-01 00:00:00+00:00, run_after=2026-05-01 00:00:00+00:00
[2026-05-09T19:42:34.969+0000] {processor.py:183} INFO - Processing /opt/airflow/dags/taxi-pipeline.py took 0.221 seconds
[2026-05-09T19:43:05.228+0000] {processor.py:161} INFO - Started process (PID=5952) to work on /opt/airflow/dags/taxi-pipeline.py
[2026-05-09T19:43:05.229+0000] {processor.py:830} INFO - Processing file /opt/airflow/dags/taxi-pipeline.py for tasks to queue
[2026-05-09T19:43:05.232+0000] {logging_mixin.py:188} INFO - [2026-05-09T19:43:05.231+0000] {dagbag.py:545} INFO - Filling up the DagBag from /opt/airflow/dags/taxi-pipeline.py
[2026-05-09T19:43:05.252+0000] {processor.py:840} INFO - DAG(s) 'taxi_pipeline' retrieved from /opt/airflow/dags/taxi-pipeline.py
[2026-05-09T19:43:05.272+0000] {logging_mixin.py:188} INFO - [2026-05-09T19:43:05.272+0000] {dag.py:3096} INFO - Sync 1 DAGs
[2026-05-09T19:43:05.294+0000] {logging_mixin.py:188} INFO - [2026-05-09T19:43:05.293+0000] {dag.py:3954} INFO - Setting next_dagrun for taxi_pipeline to 2026-04-01 00:00:00+00:00, run_after=2026-05-01 00:00:00+00:00
[2026-05-09T19:43:05.317+0000] {processor.py:183} INFO - Processing /opt/airflow/dags/taxi-pipeline.py took 0.095 seconds
[2026-05-09T19:43:35.710+0000] {processor.py:161} INFO - Started process (PID=6012) to work on /opt/airflow/dags/taxi-pipeline.py
[2026-05-09T19:43:35.711+0000] {processor.py:830} INFO - Processing file /opt/airflow/dags/taxi-pipeline.py for tasks to queue
[2026-05-09T19:43:35.713+0000] {logging_mixin.py:188} INFO - [2026-05-09T19:43:35.713+0000] {dagbag.py:545} INFO - Filling up the DagBag from /opt/airflow/dags/taxi-pipeline.py
[2026-05-09T19:43:35.733+0000] {processor.py:840} INFO - DAG(s) 'taxi_pipeline' retrieved from /opt/airflow/dags/taxi-pipeline.py
[2026-05-09T19:43:35.753+0000] {logging_mixin.py:188} INFO - [2026-05-09T19:43:35.753+0000] {dag.py:3096} INFO - Sync 1 DAGs
[2026-05-09T19:43:35.776+0000] {logging_mixin.py:188} INFO - [2026-05-09T19:43:35.775+0000] {dag.py:3954} INFO - Setting next_dagrun for taxi_pipeline to 2026-04-01 00:00:00+00:00, run_after=2026-05-01 00:00:00+00:00
[2026-05-09T19:43:35.801+0000] {processor.py:183} INFO - Processing /opt/airflow/dags/taxi-pipeline.py took 0.097 seconds
[2026-05-09T19:44:06.485+0000] {processor.py:161} INFO - Started process (PID=6071) to work on /opt/airflow/dags/taxi-pipeline.py
[2026-05-09T19:44:06.487+0000] {processor.py:830} INFO - Processing file /opt/airflow/dags/taxi-pipeline.py for tasks to queue
[2026-05-09T19:44:06.489+0000] {logging_mixin.py:188} INFO - [2026-05-09T19:44:06.489+0000] {dagbag.py:545} INFO - Filling up the DagBag from /opt/airflow/dags/taxi-pipeline.py
[2026-05-09T19:44:06.509+0000] {processor.py:840} INFO - DAG(s) 'taxi_pipeline' retrieved from /opt/airflow/dags/taxi-pipeline.py
[2026-05-09T19:44:06.528+0000] {logging_mixin.py:188} INFO - [2026-05-09T19:44:06.528+0000] {dag.py:3096} INFO - Sync 1 DAGs
[2026-05-09T19:44:06.551+0000] {logging_mixin.py:188} INFO - [2026-05-09T19:44:06.551+0000] {dag.py:3954} INFO - Setting next_dagrun for taxi_pipeline to 2026-04-01 00:00:00+00:00, run_after=2026-05-01 00:00:00+00:00
[2026-05-09T19:44:06.579+0000] {processor.py:183} INFO - Processing /opt/airflow/dags/taxi-pipeline.py took 0.099 seconds
[2026-05-09T19:44:37.379+0000] {processor.py:161} INFO - Started process (PID=6130) to work on /opt/airflow/dags/taxi-pipeline.py
[2026-05-09T19:44:37.380+0000] {processor.py:830} INFO - Processing file /opt/airflow/dags/taxi-pipeline.py for tasks to queue
[2026-05-09T19:44:37.382+0000] {logging_mixin.py:188} INFO - [2026-05-09T19:44:37.382+0000] {dagbag.py:545} INFO - Filling up the DagBag from /opt/airflow/dags/taxi-pipeline.py
[2026-05-09T19:44:37.401+0000] {processor.py:840} INFO - DAG(s) 'taxi_pipeline' retrieved from /opt/airflow/dags/taxi-pipeline.py
[2026-05-09T19:44:37.421+0000] {logging_mixin.py:188} INFO - [2026-05-09T19:44:37.421+0000] {dag.py:3096} INFO - Sync 1 DAGs
[2026-05-09T19:44:37.443+0000] {logging_mixin.py:188} INFO - [2026-05-09T19:44:37.442+0000] {dag.py:3954} INFO - Setting next_dagrun for taxi_pipeline to 2026-04-01 00:00:00+00:00, run_after=2026-05-01 00:00:00+00:00
[2026-05-09T19:44:37.469+0000] {processor.py:183} INFO - Processing /opt/airflow/dags/taxi-pipeline.py took 0.095 seconds
[2026-05-09T19:45:07.571+0000] {processor.py:161} INFO - Started process (PID=6190) to work on /opt/airflow/dags/taxi-pipeline.py
[2026-05-09T19:45:07.572+0000] {processor.py:830} INFO - Processing file /opt/airflow/dags/taxi-pipeline.py for tasks to queue
[2026-05-09T19:45:07.574+0000] {logging_mixin.py:188} INFO - [2026-05-09T19:45:07.574+0000] {dagbag.py:545} INFO - Filling up the DagBag from /opt/airflow/dags/taxi-pipeline.py
[2026-05-09T19:45:07.600+0000] {processor.py:840} INFO - DAG(s) 'taxi_pipeline' retrieved from /opt/airflow/dags/taxi-pipeline.py
[2026-05-09T19:45:07.627+0000] {logging_mixin.py:188} INFO - [2026-05-09T19:45:07.627+0000] {dag.py:3096} INFO - Sync 1 DAGs
[2026-05-09T19:45:07.652+0000] {logging_mixin.py:188} INFO - [2026-05-09T19:45:07.651+0000] {dag.py:3954} INFO - Setting next_dagrun for taxi_pipeline to 2026-04-01 00:00:00+00:00, run_after=2026-05-01 00:00:00+00:00
[2026-05-09T19:45:08.201+0000] {processor.py:183} INFO - Processing /opt/airflow/dags/taxi-pipeline.py took 0.117 seconds
[2026-05-09T19:45:38.504+0000] {processor.py:161} INFO - Started process (PID=6249) to work on /opt/airflow/dags/taxi-pipeline.py
[2026-05-09T19:45:38.505+0000] {processor.py:830} INFO - Processing file /opt/airflow/dags/taxi-pipeline.py for tasks to queue
[2026-05-09T19:45:38.507+0000] {logging_mixin.py:188} INFO - [2026-05-09T19:45:38.507+0000] {dagbag.py:545} INFO - Filling up the DagBag from /opt/airflow/dags/taxi-pipeline.py
[2026-05-09T19:45:38.527+0000] {processor.py:840} INFO - DAG(s) 'taxi_pipeline' retrieved from /opt/airflow/dags/taxi-pipeline.py
[2026-05-09T19:45:39.056+0000] {logging_mixin.py:188} INFO - [2026-05-09T19:45:39.056+0000] {dag.py:3096} INFO - Sync 1 DAGs
[2026-05-09T19:45:39.078+0000] {logging_mixin.py:188} INFO - [2026-05-09T19:45:39.078+0000] {dag.py:3954} INFO - Setting next_dagrun for taxi_pipeline to 2026-04-01 00:00:00+00:00, run_after=2026-05-01 00:00:00+00:00
[2026-05-09T19:45:39.103+0000] {processor.py:183} INFO - Processing /opt/airflow/dags/taxi-pipeline.py took 0.095 seconds
[2026-05-09T19:46:09.328+0000] {processor.py:161} INFO - Started process (PID=6308) to work on /opt/airflow/dags/taxi-pipeline.py
[2026-05-09T19:46:09.329+0000] {processor.py:830} INFO - Processing file /opt/airflow/dags/taxi-pipeline.py for tasks to queue
[2026-05-09T19:46:09.331+0000] {logging_mixin.py:188} INFO - [2026-05-09T19:46:09.330+0000] {dagbag.py:545} INFO - Filling up the DagBag from /opt/airflow/dags/taxi-pipeline.py
[2026-05-09T19:46:09.350+0000] {processor.py:840} INFO - DAG(s) 'taxi_pipeline' retrieved from /opt/airflow/dags/taxi-pipeline.py
[2026-05-09T19:46:09.371+0000] {logging_mixin.py:188} INFO - [2026-05-09T19:46:09.371+0000] {dag.py:3096} INFO - Sync 1 DAGs
[2026-05-09T19:46:09.394+0000] {logging_mixin.py:188} INFO - [2026-05-09T19:46:09.393+0000] {dag.py:3954} INFO - Setting next_dagrun for taxi_pipeline to 2026-04-01 00:00:00+00:00, run_after=2026-05-01 00:00:00+00:00
[2026-05-09T19:46:09.937+0000] {processor.py:183} INFO - Processing /opt/airflow/dags/taxi-pipeline.py took 0.099 seconds
[2026-05-09T19:46:41.069+0000] {processor.py:161} INFO - Started process (PID=6367) to work on /opt/airflow/dags/taxi-pipeline.py
[2026-05-09T19:46:41.071+0000] {processor.py:830} INFO - Processing file /opt/airflow/dags/taxi-pipeline.py for tasks to queue
[2026-05-09T19:46:41.073+0000] {logging_mixin.py:188} INFO - [2026-05-09T19:46:41.073+0000] {dagbag.py:545} INFO - Filling up the DagBag from /opt/airflow/dags/taxi-pipeline.py
[2026-05-09T19:46:41.096+0000] {processor.py:840} INFO - DAG(s) 'taxi_pipeline' retrieved from /opt/airflow/dags/taxi-pipeline.py
[2026-05-09T19:46:41.119+0000] {logging_mixin.py:188} INFO - [2026-05-09T19:46:41.118+0000] {dag.py:3096} INFO - Sync 1 DAGs
[2026-05-09T19:46:41.150+0000] {logging_mixin.py:188} INFO - [2026-05-09T19:46:41.149+0000] {dag.py:3954} INFO - Setting next_dagrun for taxi_pipeline to 2026-04-01 00:00:00+00:00, run_after=2026-05-01 00:00:00+00:00
[2026-05-09T19:46:41.182+0000] {processor.py:183} INFO - Processing /opt/airflow/dags/taxi-pipeline.py took 0.119 seconds
[2026-05-09T19:47:11.945+0000] {processor.py:161} INFO - Started process (PID=6426) to work on /opt/airflow/dags/taxi-pipeline.py
[2026-05-09T19:47:11.947+0000] {processor.py:830} INFO - Processing file /opt/airflow/dags/taxi-pipeline.py for tasks to queue
[2026-05-09T19:47:11.950+0000] {logging_mixin.py:188} INFO - [2026-05-09T19:47:11.949+0000] {dagbag.py:545} INFO - Filling up the DagBag from /opt/airflow/dags/taxi-pipeline.py
[2026-05-09T19:47:11.972+0000] {processor.py:840} INFO - DAG(s) 'taxi_pipeline' retrieved from /opt/airflow/dags/taxi-pipeline.py
[2026-05-09T19:47:11.997+0000] {logging_mixin.py:188} INFO - [2026-05-09T19:47:11.996+0000] {dag.py:3096} INFO - Sync 1 DAGs
[2026-05-09T19:47:12.021+0000] {logging_mixin.py:188} INFO - [2026-05-09T19:47:12.021+0000] {dag.py:3954} INFO - Setting next_dagrun for taxi_pipeline to 2026-04-01 00:00:00+00:00, run_after=2026-05-01 00:00:00+00:00
[2026-05-09T19:47:12.045+0000] {processor.py:183} INFO - Processing /opt/airflow/dags/taxi-pipeline.py took 0.107 seconds
[2026-05-09T19:47:43.115+0000] {processor.py:161} INFO - Started process (PID=6485) to work on /opt/airflow/dags/taxi-pipeline.py
[2026-05-09T19:47:43.116+0000] {processor.py:830} INFO - Processing file /opt/airflow/dags/taxi-pipeline.py for tasks to queue
[2026-05-09T19:47:43.119+0000] {logging_mixin.py:188} INFO - [2026-05-09T19:47:43.118+0000] {dagbag.py:545} INFO - Filling up the DagBag from /opt/airflow/dags/taxi-pipeline.py
[2026-05-09T19:47:43.142+0000] {processor.py:840} INFO - DAG(s) 'taxi_pipeline' retrieved from /opt/airflow/dags/taxi-pipeline.py
[2026-05-09T19:47:43.168+0000] {logging_mixin.py:188} INFO - [2026-05-09T19:47:43.168+0000] {dag.py:3096} INFO - Sync 1 DAGs
[2026-05-09T19:47:43.196+0000] {logging_mixin.py:188} INFO - [2026-05-09T19:47:43.196+0000] {dag.py:3954} INFO - Setting next_dagrun for taxi_pipeline to 2026-04-01 00:00:00+00:00, run_after=2026-05-01 00:00:00+00:00
[2026-05-09T19:47:43.227+0000] {processor.py:183} INFO - Processing /opt/airflow/dags/taxi-pipeline.py took 0.118 seconds
[2026-05-09T19:48:13.586+0000] {processor.py:161} INFO - Started process (PID=6544) to work on /opt/airflow/dags/taxi-pipeline.py
[2026-05-09T19:48:13.588+0000] {processor.py:830} INFO - Processing file /opt/airflow/dags/taxi-pipeline.py for tasks to queue
[2026-05-09T19:48:13.590+0000] {logging_mixin.py:188} INFO - [2026-05-09T19:48:13.589+0000] {dagbag.py:545} INFO - Filling up the DagBag from /opt/airflow/dags/taxi-pipeline.py
[2026-05-09T19:48:13.615+0000] {processor.py:840} INFO - DAG(s) 'taxi_pipeline' retrieved from /opt/airflow/dags/taxi-pipeline.py
[2026-05-09T19:48:13.635+0000] {logging_mixin.py:188} INFO - [2026-05-09T19:48:13.634+0000] {dag.py:3096} INFO - Sync 1 DAGs
[2026-05-09T19:48:13.657+0000] {logging_mixin.py:188} INFO - [2026-05-09T19:48:13.657+0000] {dag.py:3954} INFO - Setting next_dagrun for taxi_pipeline to 2026-04-01 00:00:00+00:00, run_after=2026-05-01 00:00:00+00:00
[2026-05-09T19:48:13.680+0000] {processor.py:183} INFO - Processing /opt/airflow/dags/taxi-pipeline.py took 0.100 seconds
[2026-05-09T19:48:44.361+0000] {processor.py:161} INFO - Started process (PID=6603) to work on /opt/airflow/dags/taxi-pipeline.py
[2026-05-09T19:48:44.362+0000] {processor.py:830} INFO - Processing file /opt/airflow/dags/taxi-pipeline.py for tasks to queue
[2026-05-09T19:48:44.364+0000] {logging_mixin.py:188} INFO - [2026-05-09T19:48:44.364+0000] {dagbag.py:545} INFO - Filling up the DagBag from /opt/airflow/dags/taxi-pipeline.py
[2026-05-09T19:48:44.384+0000] {processor.py:840} INFO - DAG(s) 'taxi_pipeline' retrieved from /opt/airflow/dags/taxi-pipeline.py
[2026-05-09T19:48:44.407+0000] {logging_mixin.py:188} INFO - [2026-05-09T19:48:44.407+0000] {dag.py:3096} INFO - Sync 1 DAGs
[2026-05-09T19:48:44.437+0000] {logging_mixin.py:188} INFO - [2026-05-09T19:48:44.437+0000] {dag.py:3954} INFO - Setting next_dagrun for taxi_pipeline to 2026-04-01 00:00:00+00:00, run_after=2026-05-01 00:00:00+00:00
[2026-05-09T19:48:44.469+0000] {processor.py:183} INFO - Processing /opt/airflow/dags/taxi-pipeline.py took 0.113 seconds
[2026-05-09T19:49:15.387+0000] {processor.py:161} INFO - Started process (PID=6663) to work on /opt/airflow/dags/taxi-pipeline.py
[2026-05-09T19:49:15.389+0000] {processor.py:830} INFO - Processing file /opt/airflow/dags/taxi-pipeline.py for tasks to queue
[2026-05-09T19:49:15.395+0000] {logging_mixin.py:188} INFO - [2026-05-09T19:49:15.394+0000] {dagbag.py:545} INFO - Filling up the DagBag from /opt/airflow/dags/taxi-pipeline.py
[2026-05-09T19:49:15.424+0000] {processor.py:840} INFO - DAG(s) 'taxi_pipeline' retrieved from /opt/airflow/dags/taxi-pipeline.py
[2026-05-09T19:49:15.453+0000] {logging_mixin.py:188} INFO - [2026-05-09T19:49:15.453+0000] {dag.py:3096} INFO - Sync 1 DAGs
[2026-05-09T19:49:15.489+0000] {logging_mixin.py:188} INFO - [2026-05-09T19:49:15.488+0000] {dag.py:3954} INFO - Setting next_dagrun for taxi_pipeline to 2026-04-01 00:00:00+00:00, run_after=2026-05-01 00:00:00+00:00
[2026-05-09T19:49:15.524+0000] {processor.py:183} INFO - Processing /opt/airflow/dags/taxi-pipeline.py took 0.145 seconds
[2026-05-09T19:49:46.105+0000] {processor.py:161} INFO - Started process (PID=6722) to work on /opt/airflow/dags/taxi-pipeline.py
[2026-05-09T19:49:46.107+0000] {processor.py:830} INFO - Processing file /opt/airflow/dags/taxi-pipeline.py for tasks to queue
[2026-05-09T19:49:46.110+0000] {logging_mixin.py:188} INFO - [2026-05-09T19:49:46.109+0000] {dagbag.py:545} INFO - Filling up the DagBag from /opt/airflow/dags/taxi-pipeline.py
[2026-05-09T19:49:46.137+0000] {processor.py:840} INFO - DAG(s) 'taxi_pipeline' retrieved from /opt/airflow/dags/taxi-pipeline.py
[2026-05-09T19:49:46.156+0000] {logging_mixin.py:188} INFO - [2026-05-09T19:49:46.156+0000] {dag.py:3096} INFO - Sync 1 DAGs
[2026-05-09T19:49:46.180+0000] {logging_mixin.py:188} INFO - [2026-05-09T19:49:46.180+0000] {dag.py:3954} INFO - Setting next_dagrun for taxi_pipeline to 2026-04-01 00:00:00+00:00, run_after=2026-05-01 00:00:00+00:00
[2026-05-09T19:49:46.205+0000] {processor.py:183} INFO - Processing /opt/airflow/dags/taxi-pipeline.py took 0.107 seconds
[2026-05-09T19:50:17.142+0000] {processor.py:161} INFO - Started process (PID=6782) to work on /opt/airflow/dags/taxi-pipeline.py
[2026-05-09T19:50:17.143+0000] {processor.py:830} INFO - Processing file /opt/airflow/dags/taxi-pipeline.py for tasks to queue
[2026-05-09T19:50:17.145+0000] {logging_mixin.py:188} INFO - [2026-05-09T19:50:17.144+0000] {dagbag.py:545} INFO - Filling up the DagBag from /opt/airflow/dags/taxi-pipeline.py
[2026-05-09T19:50:17.164+0000] {processor.py:840} INFO - DAG(s) 'taxi_pipeline' retrieved from /opt/airflow/dags/taxi-pipeline.py
[2026-05-09T19:50:17.182+0000] {logging_mixin.py:188} INFO - [2026-05-09T19:50:17.182+0000] {dag.py:3096} INFO - Sync 1 DAGs
[2026-05-09T19:50:17.205+0000] {logging_mixin.py:188} INFO - [2026-05-09T19:50:17.205+0000] {dag.py:3954} INFO - Setting next_dagrun for taxi_pipeline to 2026-04-01 00:00:00+00:00, run_after=2026-05-01 00:00:00+00:00
[2026-05-09T19:50:17.232+0000] {processor.py:183} INFO - Processing /opt/airflow/dags/taxi-pipeline.py took 0.096 seconds
[2026-05-09T19:50:47.983+0000] {processor.py:161} INFO - Started process (PID=6841) to work on /opt/airflow/dags/taxi-pipeline.py
[2026-05-09T19:50:47.984+0000] {processor.py:830} INFO - Processing file /opt/airflow/dags/taxi-pipeline.py for tasks to queue
[2026-05-09T19:50:47.986+0000] {logging_mixin.py:188} INFO - [2026-05-09T19:50:47.986+0000] {dagbag.py:545} INFO - Filling up the DagBag from /opt/airflow/dags/taxi-pipeline.py
[2026-05-09T19:50:48.007+0000] {processor.py:840} INFO - DAG(s) 'taxi_pipeline' retrieved from /opt/airflow/dags/taxi-pipeline.py
[2026-05-09T19:50:48.029+0000] {logging_mixin.py:188} INFO - [2026-05-09T19:50:48.029+0000] {dag.py:3096} INFO - Sync 1 DAGs
[2026-05-09T19:50:48.054+0000] {logging_mixin.py:188} INFO - [2026-05-09T19:50:48.054+0000] {dag.py:3954} INFO - Setting next_dagrun for taxi_pipeline to 2026-04-01 00:00:00+00:00, run_after=2026-05-01 00:00:00+00:00
[2026-05-09T19:50:48.085+0000] {processor.py:183} INFO - Processing /opt/airflow/dags/taxi-pipeline.py took 0.109 seconds
[2026-05-09T19:51:19.200+0000] {processor.py:161} INFO - Started process (PID=6900) to work on /opt/airflow/dags/taxi-pipeline.py
[2026-05-09T19:51:19.201+0000] {processor.py:830} INFO - Processing file /opt/airflow/dags/taxi-pipeline.py for tasks to queue
[2026-05-09T19:51:19.203+0000] {logging_mixin.py:188} INFO - [2026-05-09T19:51:19.203+0000] {dagbag.py:545} INFO - Filling up the DagBag from /opt/airflow/dags/taxi-pipeline.py
[2026-05-09T19:51:19.221+0000] {processor.py:840} INFO - DAG(s) 'taxi_pipeline' retrieved from /opt/airflow/dags/taxi-pipeline.py
[2026-05-09T19:51:19.240+0000] {logging_mixin.py:188} INFO - [2026-05-09T19:51:19.239+0000] {dag.py:3096} INFO - Sync 1 DAGs
[2026-05-09T19:51:19.262+0000] {logging_mixin.py:188} INFO - [2026-05-09T19:51:19.262+0000] {dag.py:3954} INFO - Setting next_dagrun for taxi_pipeline to 2026-04-01 00:00:00+00:00, run_after=2026-05-01 00:00:00+00:00
[2026-05-09T19:51:19.286+0000] {processor.py:183} INFO - Processing /opt/airflow/dags/taxi-pipeline.py took 0.091 seconds
[2026-05-09T19:51:49.691+0000] {processor.py:161} INFO - Started process (PID=6959) to work on /opt/airflow/dags/taxi-pipeline.py
[2026-05-09T19:51:49.692+0000] {processor.py:830} INFO - Processing file /opt/airflow/dags/taxi-pipeline.py for tasks to queue
[2026-05-09T19:51:49.694+0000] {logging_mixin.py:188} INFO - [2026-05-09T19:51:49.693+0000] {dagbag.py:545} INFO - Filling up the DagBag from /opt/airflow/dags/taxi-pipeline.py
[2026-05-09T19:51:49.713+0000] {processor.py:840} INFO - DAG(s) 'taxi_pipeline' retrieved from /opt/airflow/dags/taxi-pipeline.py
[2026-05-09T19:51:49.732+0000] {logging_mixin.py:188} INFO - [2026-05-09T19:51:49.732+0000] {dag.py:3096} INFO - Sync 1 DAGs
[2026-05-09T19:51:49.754+0000] {logging_mixin.py:188} INFO - [2026-05-09T19:51:49.754+0000] {dag.py:3954} INFO - Setting next_dagrun for taxi_pipeline to 2026-04-01 00:00:00+00:00, run_after=2026-05-01 00:00:00+00:00
[2026-05-09T19:51:49.779+0000] {processor.py:183} INFO - Processing /opt/airflow/dags/taxi-pipeline.py took 0.094 seconds
[2026-05-09T19:52:20.586+0000] {processor.py:161} INFO - Started process (PID=7018) to work on /opt/airflow/dags/taxi-pipeline.py
[2026-05-09T19:52:20.587+0000] {processor.py:830} INFO - Processing file /opt/airflow/dags/taxi-pipeline.py for tasks to queue
[2026-05-09T19:52:20.590+0000] {logging_mixin.py:188} INFO - [2026-05-09T19:52:20.590+0000] {dagbag.py:545} INFO - Filling up the DagBag from /opt/airflow/dags/taxi-pipeline.py
[2026-05-09T19:52:20.614+0000] {processor.py:840} INFO - DAG(s) 'taxi_pipeline' retrieved from /opt/airflow/dags/taxi-pipeline.py
[2026-05-09T19:52:20.633+0000] {logging_mixin.py:188} INFO - [2026-05-09T19:52:20.633+0000] {dag.py:3096} INFO - Sync 1 DAGs
[2026-05-09T19:52:20.656+0000] {logging_mixin.py:188} INFO - [2026-05-09T19:52:20.656+0000] {dag.py:3954} INFO - Setting next_dagrun for taxi_pipeline to 2026-04-01 00:00:00+00:00, run_after=2026-05-01 00:00:00+00:00
[2026-05-09T19:52:20.679+0000] {processor.py:183} INFO - Processing /opt/airflow/dags/taxi-pipeline.py took 0.100 seconds
[2026-05-09T19:52:51.467+0000] {processor.py:161} INFO - Started process (PID=7077) to work on /opt/airflow/dags/taxi-pipeline.py
[2026-05-09T19:52:51.469+0000] {processor.py:830} INFO - Processing file /opt/airflow/dags/taxi-pipeline.py for tasks to queue
[2026-05-09T19:52:51.473+0000] {logging_mixin.py:188} INFO - [2026-05-09T19:52:51.472+0000] {dagbag.py:545} INFO - Filling up the DagBag from /opt/airflow/dags/taxi-pipeline.py
[2026-05-09T19:52:51.509+0000] {processor.py:840} INFO - DAG(s) 'taxi_pipeline' retrieved from /opt/airflow/dags/taxi-pipeline.py
[2026-05-09T19:52:51.626+0000] {logging_mixin.py:188} INFO - [2026-05-09T19:52:51.625+0000] {dag.py:3096} INFO - Sync 1 DAGs
[2026-05-09T19:52:51.695+0000] {logging_mixin.py:188} INFO - [2026-05-09T19:52:51.695+0000] {dag.py:3954} INFO - Setting next_dagrun for taxi_pipeline to 2026-04-01 00:00:00+00:00, run_after=2026-05-01 00:00:00+00:00
[2026-05-09T19:52:51.740+0000] {processor.py:183} INFO - Processing /opt/airflow/dags/taxi-pipeline.py took 0.284 seconds
[2026-05-09T19:53:22.758+0000] {processor.py:161} INFO - Started process (PID=7136) to work on /opt/airflow/dags/taxi-pipeline.py
[2026-05-09T19:53:22.759+0000] {processor.py:830} INFO - Processing file /opt/airflow/dags/taxi-pipeline.py for tasks to queue
[2026-05-09T19:53:22.761+0000] {logging_mixin.py:188} INFO - [2026-05-09T19:53:22.760+0000] {dagbag.py:545} INFO - Filling up the DagBag from /opt/airflow/dags/taxi-pipeline.py
[2026-05-09T19:53:22.780+0000] {processor.py:840} INFO - DAG(s) 'taxi_pipeline' retrieved from /opt/airflow/dags/taxi-pipeline.py
[2026-05-09T19:53:22.806+0000] {logging_mixin.py:188} INFO - [2026-05-09T19:53:22.805+0000] {dag.py:3096} INFO - Sync 1 DAGs
[2026-05-09T19:53:22.832+0000] {logging_mixin.py:188} INFO - [2026-05-09T19:53:22.831+0000] {dag.py:3954} INFO - Setting next_dagrun for taxi_pipeline to 2026-04-01 00:00:00+00:00, run_after=2026-05-01 00:00:00+00:00
[2026-05-09T19:53:22.860+0000] {processor.py:183} INFO - Processing /opt/airflow/dags/taxi-pipeline.py took 0.108 seconds
[2026-05-09T19:53:53.727+0000] {processor.py:161} INFO - Started process (PID=7195) to work on /opt/airflow/dags/taxi-pipeline.py
[2026-05-09T19:53:53.728+0000] {processor.py:830} INFO - Processing file /opt/airflow/dags/taxi-pipeline.py for tasks to queue
[2026-05-09T19:53:53.731+0000] {logging_mixin.py:188} INFO - [2026-05-09T19:53:53.730+0000] {dagbag.py:545} INFO - Filling up the DagBag from /opt/airflow/dags/taxi-pipeline.py
[2026-05-09T19:53:53.751+0000] {processor.py:840} INFO - DAG(s) 'taxi_pipeline' retrieved from /opt/airflow/dags/taxi-pipeline.py
[2026-05-09T19:53:53.770+0000] {logging_mixin.py:188} INFO - [2026-05-09T19:53:53.770+0000] {dag.py:3096} INFO - Sync 1 DAGs
[2026-05-09T19:53:53.793+0000] {logging_mixin.py:188} INFO - [2026-05-09T19:53:53.793+0000] {dag.py:3954} INFO - Setting next_dagrun for taxi_pipeline to 2026-04-01 00:00:00+00:00, run_after=2026-05-01 00:00:00+00:00
[2026-05-09T19:53:53.815+0000] {processor.py:183} INFO - Processing /opt/airflow/dags/taxi-pipeline.py took 0.094 seconds
[2026-05-09T19:54:24.086+0000] {processor.py:161} INFO - Started process (PID=7254) to work on /opt/airflow/dags/taxi-pipeline.py
[2026-05-09T19:54:24.088+0000] {processor.py:830} INFO - Processing file /opt/airflow/dags/taxi-pipeline.py for tasks to queue
[2026-05-09T19:54:24.090+0000] {logging_mixin.py:188} INFO - [2026-05-09T19:54:24.089+0000] {dagbag.py:545} INFO - Filling up the DagBag from /opt/airflow/dags/taxi-pipeline.py
[2026-05-09T19:54:24.109+0000] {processor.py:840} INFO - DAG(s) 'taxi_pipeline' retrieved from /opt/airflow/dags/taxi-pipeline.py
[2026-05-09T19:54:24.128+0000] {logging_mixin.py:188} INFO - [2026-05-09T19:54:24.128+0000] {dag.py:3096} INFO - Sync 1 DAGs
[2026-05-09T19:54:24.149+0000] {logging_mixin.py:188} INFO - [2026-05-09T19:54:24.149+0000] {dag.py:3954} INFO - Setting next_dagrun for taxi_pipeline to 2026-04-01 00:00:00+00:00, run_after=2026-05-01 00:00:00+00:00
[2026-05-09T19:54:24.176+0000] {processor.py:183} INFO - Processing /opt/airflow/dags/taxi-pipeline.py took 0.096 seconds
[2026-05-09T19:54:54.287+0000] {processor.py:161} INFO - Started process (PID=7313) to work on /opt/airflow/dags/taxi-pipeline.py
[2026-05-09T19:54:54.288+0000] {processor.py:830} INFO - Processing file /opt/airflow/dags/taxi-pipeline.py for tasks to queue
[2026-05-09T19:54:54.289+0000] {logging_mixin.py:188} INFO - [2026-05-09T19:54:54.289+0000] {dagbag.py:545} INFO - Filling up the DagBag from /opt/airflow/dags/taxi-pipeline.py
[2026-05-09T19:54:54.309+0000] {processor.py:840} INFO - DAG(s) 'taxi_pipeline' retrieved from /opt/airflow/dags/taxi-pipeline.py
[2026-05-09T19:54:54.329+0000] {logging_mixin.py:188} INFO - [2026-05-09T19:54:54.329+0000] {dag.py:3096} INFO - Sync 1 DAGs
[2026-05-09T19:54:54.351+0000] {logging_mixin.py:188} INFO - [2026-05-09T19:54:54.351+0000] {dag.py:3954} INFO - Setting next_dagrun for taxi_pipeline to 2026-04-01 00:00:00+00:00, run_after=2026-05-01 00:00:00+00:00
[2026-05-09T19:54:54.907+0000] {processor.py:183} INFO - Processing /opt/airflow/dags/taxi-pipeline.py took 0.100 seconds
[2026-05-09T19:55:25.780+0000] {processor.py:161} INFO - Started process (PID=7372) to work on /opt/airflow/dags/taxi-pipeline.py
[2026-05-09T19:55:25.781+0000] {processor.py:830} INFO - Processing file /opt/airflow/dags/taxi-pipeline.py for tasks to queue
[2026-05-09T19:55:25.783+0000] {logging_mixin.py:188} INFO - [2026-05-09T19:55:25.783+0000] {dagbag.py:545} INFO - Filling up the DagBag from /opt/airflow/dags/taxi-pipeline.py
[2026-05-09T19:55:25.804+0000] {processor.py:840} INFO - DAG(s) 'taxi_pipeline' retrieved from /opt/airflow/dags/taxi-pipeline.py
[2026-05-09T19:55:25.823+0000] {logging_mixin.py:188} INFO - [2026-05-09T19:55:25.823+0000] {dag.py:3096} INFO - Sync 1 DAGs
[2026-05-09T19:55:25.846+0000] {logging_mixin.py:188} INFO - [2026-05-09T19:55:25.846+0000] {dag.py:3954} INFO - Setting next_dagrun for taxi_pipeline to 2026-04-01 00:00:00+00:00, run_after=2026-05-01 00:00:00+00:00
[2026-05-09T19:55:25.873+0000] {processor.py:183} INFO - Processing /opt/airflow/dags/taxi-pipeline.py took 0.100 seconds
[2026-05-09T19:55:56.487+0000] {processor.py:161} INFO - Started process (PID=7432) to work on /opt/airflow/dags/taxi-pipeline.py
[2026-05-09T19:55:56.488+0000] {processor.py:830} INFO - Processing file /opt/airflow/dags/taxi-pipeline.py for tasks to queue
[2026-05-09T19:55:56.490+0000] {logging_mixin.py:188} INFO - [2026-05-09T19:55:56.490+0000] {dagbag.py:545} INFO - Filling up the DagBag from /opt/airflow/dags/taxi-pipeline.py
[2026-05-09T19:55:56.518+0000] {processor.py:840} INFO - DAG(s) 'taxi_pipeline' retrieved from /opt/airflow/dags/taxi-pipeline.py
[2026-05-09T19:55:56.544+0000] {logging_mixin.py:188} INFO - [2026-05-09T19:55:56.544+0000] {dag.py:3096} INFO - Sync 1 DAGs
[2026-05-09T19:55:56.566+0000] {logging_mixin.py:188} INFO - [2026-05-09T19:55:56.566+0000] {dag.py:3954} INFO - Setting next_dagrun for taxi_pipeline to 2026-04-01 00:00:00+00:00, run_after=2026-05-01 00:00:00+00:00
[2026-05-09T19:55:56.590+0000] {processor.py:183} INFO - Processing /opt/airflow/dags/taxi-pipeline.py took 0.109 seconds
[2026-05-09T19:56:26.722+0000] {processor.py:161} INFO - Started process (PID=7491) to work on /opt/airflow/dags/taxi-pipeline.py
[2026-05-09T19:56:26.724+0000] {processor.py:830} INFO - Processing file /opt/airflow/dags/taxi-pipeline.py for tasks to queue
[2026-05-09T19:56:26.727+0000] {logging_mixin.py:188} INFO - [2026-05-09T19:56:26.727+0000] {dagbag.py:545} INFO - Filling up the DagBag from /opt/airflow/dags/taxi-pipeline.py
[2026-05-09T19:56:26.757+0000] {processor.py:840} INFO - DAG(s) 'taxi_pipeline' retrieved from /opt/airflow/dags/taxi-pipeline.py
[2026-05-09T19:56:26.781+0000] {logging_mixin.py:188} INFO - [2026-05-09T19:56:26.781+0000] {dag.py:3096} INFO - Sync 1 DAGs
[2026-05-09T19:56:26.816+0000] {logging_mixin.py:188} INFO - [2026-05-09T19:56:26.815+0000] {dag.py:3954} INFO - Setting next_dagrun for taxi_pipeline to 2026-04-01 00:00:00+00:00, run_after=2026-05-01 00:00:00+00:00
[2026-05-09T19:56:26.738+0000] {processor.py:183} INFO - Processing /opt/airflow/dags/taxi-pipeline.py took 0.128 seconds
[2026-05-09T19:56:56.903+0000] {processor.py:161} INFO - Started process (PID=7550) to work on /opt/airflow/dags/taxi-pipeline.py
[2026-05-09T19:56:56.905+0000] {processor.py:830} INFO - Processing file /opt/airflow/dags/taxi-pipeline.py for tasks to queue
[2026-05-09T19:56:56.907+0000] {logging_mixin.py:188} INFO - [2026-05-09T19:56:56.906+0000] {dagbag.py:545} INFO - Filling up the DagBag from /opt/airflow/dags/taxi-pipeline.py
[2026-05-09T19:56:56.930+0000] {processor.py:840} INFO - DAG(s) 'taxi_pipeline' retrieved from /opt/airflow/dags/taxi-pipeline.py
[2026-05-09T19:56:56.951+0000] {logging_mixin.py:188} INFO - [2026-05-09T19:56:56.951+0000] {dag.py:3096} INFO - Sync 1 DAGs
[2026-05-09T19:56:56.975+0000] {logging_mixin.py:188} INFO - [2026-05-09T19:56:56.974+0000] {dag.py:3954} INFO - Setting next_dagrun for taxi_pipeline to 2026-04-01 00:00:00+00:00, run_after=2026-05-01 00:00:00+00:00
[2026-05-09T19:56:57.001+0000] {processor.py:183} INFO - Processing /opt/airflow/dags/taxi-pipeline.py took 0.104 seconds
